{"type":"FeatureCollection","name":"内乡县","features":[{"type":"Feature","properties":{"regionCode":"411325100","sourceCode":"411325100000","name":"城关镇","sourceName":"城关镇","parentCode":"411325","parentName":"内乡县","regionLevel":"township","regionType":"town","isManagementZone":false,"source":"ruiduobao","sourceVersion":"mixed-legacy~2018-2020","geometryRepaired":false,"match2020":true,"match2023":true},"geometry":{"type":"Polygon","coordinates":[[[111.840606,33.033544],[111.841035,33.033975],[111.840799,33.034211],[111.840437,33.034468],[111.840085,33.034776],[111.839549,33.035118],[111.839766,33.035417],[111.839933,33.035741],[111.840169,33.036352],[111.839831,33.036496],[111.839418,33.036737],[111.838304,33.037445],[111.838264,33.037506],[111.83827,33.037587],[111.837481,33.038293],[111.83739,33.03834],[111.836263,33.039367],[111.835933,33.039808],[111.835276,33.040901],[111.834973,33.041108],[111.834839,33.041238],[111.834531,33.041845],[111.833707,33.042796],[111.833329,33.043318],[111.832476,33.044791],[111.832414,33.044671],[111.832071,33.044465],[111.83128,33.044123],[111.830588,33.04397],[111.83047,33.044019],[111.830365,33.044161],[111.830073,33.044141],[111.828525,33.043558],[111.828249,33.043905],[111.827559,33.044894],[111.827495,33.045051],[111.826867,33.045991],[111.827683,33.046144],[111.828364,33.046205],[111.828109,33.046587],[111.82768,33.047351],[111.827527,33.047934],[111.827653,33.047985],[111.82739,33.048498],[111.826859,33.048415],[111.826331,33.049303],[111.826339,33.049402],[111.826854,33.049499],[111.826511,33.050429],[111.825352,33.053046],[111.825926,33.053183],[111.826886,33.053554],[111.827211,33.053631],[111.828257,33.05379],[111.828665,33.053896],[111.828828,33.053579],[111.828884,33.053347],[111.830314,33.053554],[111.830432,33.053601],[111.830448,33.053655],[111.830392,33.053802],[111.830032,33.054424],[111.829863,33.054912],[111.830142,33.055],[111.829483,33.056398],[111.829107,33.057122],[111.828871,33.05747],[111.830451,33.058219],[111.831054,33.058684],[111.832237,33.059802],[111.832395,33.060056],[111.832661,33.059968],[111.833254,33.059921],[111.833388,33.059882],[111.83367,33.059644],[111.833892,33.059601],[111.834721,33.059658],[111.835636,33.059626],[111.836094,33.059642],[111.836464,33.060022],[111.836641,33.060355],[111.836757,33.060676],[111.836754,33.060752],[111.836706,33.060822],[111.836341,33.060919],[111.83614,33.061078],[111.836126,33.061254],[111.836188,33.061427],[111.836285,33.061532],[111.836561,33.061422],[111.83691,33.061146],[111.838873,33.060539],[111.839163,33.060604],[111.839316,33.060707],[111.83949,33.060748],[111.84082,33.060723],[111.84093,33.060694],[111.840874,33.060824],[111.840836,33.061681],[111.841823,33.0618],[111.841874,33.061849],[111.84192,33.062137],[111.841885,33.06236],[111.841939,33.062816],[111.842853,33.062836],[111.842835,33.063418],[111.843175,33.06338],[111.843468,33.063306],[111.844471,33.063315],[111.844932,33.063248],[111.84498,33.062002],[111.845479,33.062036],[111.845874,33.062164],[111.847199,33.062411],[111.847816,33.062477],[111.848298,33.062654],[111.849666,33.062863],[111.851442,33.062901],[111.851654,33.062414],[111.85082,33.062306],[111.850951,33.061274],[111.851852,33.061348],[111.852314,33.059624],[111.852496,33.059053],[111.853459,33.056448],[111.853885,33.056173],[111.854301,33.056349],[111.855025,33.056594],[111.857332,33.055335],[111.857415,33.055326],[111.858008,33.055472],[111.858381,33.054701],[111.860693,33.055348],[111.860932,33.055162],[111.861202,33.054867],[111.861294,33.054631],[111.861358,33.054546],[111.86153,33.054469],[111.862289,33.054642],[111.862578,33.054319],[111.864241,33.054707],[111.864325,33.054602],[111.864673,33.05433],[111.86544,33.053599],[111.865692,33.053424],[111.8661,33.053559],[111.866435,33.053583],[111.866728,33.053523],[111.867031,33.053334],[111.866749,33.052086],[111.866824,33.051999],[111.867524,33.051578],[111.867712,33.051214],[111.868257,33.049795],[111.868766,33.049804],[111.869107,33.04899],[111.868109,33.048709],[111.868171,33.048577],[111.867913,33.048525],[111.867675,33.048397],[111.867133,33.04828],[111.867401,33.047219],[111.867361,33.047151],[111.866004,33.046834],[111.86617,33.04625],[111.865628,33.046178],[111.862839,33.045638],[111.861382,33.044683],[111.861404,33.044584],[111.86175,33.044082],[111.863531,33.041704],[111.863549,33.041521],[111.863641,33.041204],[111.86397,33.040433],[111.864147,33.040125],[111.864394,33.039462],[111.86452,33.038931],[111.864853,33.038281],[111.865108,33.037861],[111.865357,33.037085],[111.865628,33.036599],[111.865993,33.03552],[111.865092,33.035349],[111.863692,33.035214],[111.863472,33.035219],[111.862578,33.035115],[111.861747,33.035075],[111.861583,33.035104],[111.861428,33.035212],[111.861291,33.035527],[111.861087,33.035824],[111.86095,33.035959],[111.860041,33.035754],[111.859773,33.035642],[111.859148,33.035482],[111.857083,33.035185],[111.857219,33.034645],[111.856256,33.034346],[111.856216,33.034272],[111.85613,33.034209],[111.855395,33.034068],[111.854722,33.033892],[111.854669,33.0338],[111.85472,33.033571],[111.853904,33.033415],[111.853743,33.033807],[111.852088,33.033314],[111.852021,33.03335],[111.851965,33.033341],[111.851206,33.033038],[111.850803,33.032925],[111.850602,33.032824],[111.850777,33.032487],[111.849114,33.031992],[111.848309,33.031814],[111.848237,33.032437],[111.846855,33.031997],[111.846614,33.032359],[111.846482,33.032381],[111.846311,33.032338],[111.846008,33.032174],[111.84549,33.031979],[111.845697,33.031668],[111.845369,33.031504],[111.844701,33.031237],[111.844068,33.03071],[111.843637,33.031171],[111.843275,33.031488],[111.843079,33.031581],[111.842529,33.031992],[111.842022,33.032469],[111.841107,33.033017],[111.840716,33.033292],[111.84052,33.033463],[111.840606,33.033544]]]}},{"type":"Feature","properties":{"regionCode":"411325101","sourceCode":"411325101000","name":"夏馆镇","sourceName":"夏馆镇","parentCode":"411325","parentName":"内乡县","regionLevel":"township","regionType":"town","isManagementZone":false,"source":"ruiduobao","sourceVersion":"mixed-legacy~2018-2020","geometryRepaired":true,"match2020":true,"match2023":true},"geometry":{"type":"Polygon","coordinates":[[[111.794949,33.314013],[111.794992,33.314353],[111.795073,33.31462],[111.794989,33.314873],[111.794654,33.315404],[111.79441,33.315882],[111.793981,33.31577],[111.793225,33.31579],[111.792388,33.315871],[111.791682,33.315895],[111.790837,33.316034],[111.790178,33.31625],[111.789453,33.316373],[111.788954,33.316418],[111.788726,33.316427],[111.788158,33.316337],[111.787943,33.316267],[111.787632,33.31627],[111.787536,33.316303],[111.787482,33.316373],[111.787198,33.317074],[111.787047,33.317594],[111.786827,33.317677],[111.786304,33.317783],[111.785173,33.317774],[111.784303,33.317827],[111.783585,33.317762],[111.783164,33.317765],[111.782659,33.317821],[111.78167,33.318022],[111.781112,33.317987],[111.78076,33.31809],[111.779881,33.318428],[111.779543,33.31865],[111.77932,33.318715],[111.779081,33.318715],[111.778915,33.31867],[111.778529,33.318719],[111.777678,33.318731],[111.777654,33.318816],[111.777729,33.318984],[111.777783,33.319349],[111.777745,33.319786],[111.777593,33.320669],[111.77745,33.320968],[111.776922,33.32164],[111.776748,33.321739],[111.77634,33.321875],[111.775366,33.322048],[111.774945,33.322178],[111.774446,33.322252],[111.772842,33.322709],[111.772504,33.322839],[111.772177,33.323554],[111.772062,33.323673],[111.7717,33.323948],[111.770917,33.324253],[111.770495,33.324244],[111.77012,33.324121],[111.769884,33.324125],[111.768744,33.324347],[111.768704,33.324385],[111.768672,33.324674],[111.768452,33.325212],[111.768409,33.325719],[111.768293,33.325806],[111.767988,33.325927],[111.767853,33.326024],[111.767693,33.326441],[111.767561,33.326593],[111.76728,33.326826],[111.767167,33.327068],[111.76696,33.327178],[111.766612,33.327281],[111.766496,33.327371],[111.766298,33.32755],[111.766217,33.327687],[111.766209,33.327774],[111.766086,33.327922],[111.765659,33.327938],[111.765539,33.327897],[111.765405,33.327904],[111.764855,33.328083],[111.764525,33.328094],[111.76449,33.328081],[111.764388,33.327852],[111.764074,33.327496],[111.763455,33.327326],[111.762862,33.327236],[111.762621,33.327236],[111.762159,33.327308],[111.76188,33.327281],[111.76158,33.327169],[111.760869,33.327265],[111.760327,33.327458],[111.759544,33.327931],[111.759372,33.328072],[111.759107,33.32839],[111.758868,33.328789],[111.758672,33.328937],[111.758385,33.329076],[111.758152,33.329157],[111.757795,33.329222],[111.756476,33.329181],[111.755944,33.329076],[111.75533,33.329092],[111.755159,33.329154],[111.754735,33.329435],[111.753836,33.32978],[111.753587,33.330062],[111.753471,33.330649],[111.753391,33.330813],[111.753144,33.330992],[111.752967,33.331068],[111.752879,33.331071],[111.752611,33.33097],[111.752332,33.330956],[111.752197,33.330979],[111.751741,33.331149],[111.751342,33.331254],[111.750813,33.331525],[111.750046,33.331597],[111.749668,33.331723],[111.748992,33.33211],[111.748504,33.332554],[111.748214,33.332659],[111.747681,33.332931],[111.747324,33.33296],[111.747045,33.332933],[111.745854,33.333316],[111.744934,33.333542],[111.744371,33.333551],[111.74414,33.333603],[111.744038,33.333677],[111.743893,33.333986],[111.743773,33.334114],[111.743684,33.334188],[111.74347,33.334233],[111.743065,33.334255],[111.742987,33.334203],[111.742713,33.334208],[111.742378,33.334268],[111.742214,33.334248],[111.741324,33.334331],[111.740929,33.334324],[111.740482,33.334425],[111.739953,33.334661],[111.739731,33.334826],[111.7395,33.335268],[111.739425,33.335333],[111.738687,33.335364],[111.737998,33.335535],[111.737655,33.335568],[111.737255,33.335727],[111.736705,33.335689],[111.735635,33.335541],[111.735514,33.335544],[111.735042,33.335656],[111.734806,33.33575],[111.734473,33.336254],[111.734141,33.33659],[111.734023,33.33687],[111.733916,33.337296],[111.733556,33.337728],[111.733406,33.338076],[111.733561,33.338647],[111.733572,33.338797],[111.733545,33.338896],[111.733352,33.339102],[111.733164,33.339369],[111.732934,33.339797],[111.733087,33.339886],[111.733457,33.340189],[111.733578,33.340377],[111.733634,33.340675],[111.733645,33.341072],[111.733709,33.34117],[111.733816,33.341233],[111.734406,33.341361],[111.734468,33.341414],[111.734562,33.341583],[111.734621,33.341733],[111.734586,33.342026],[111.73468,33.342555],[111.734774,33.342873],[111.734954,33.343046],[111.735157,33.343171],[111.73519,33.34329],[111.735182,33.343402],[111.735018,33.343758],[111.735042,33.343859],[111.735342,33.34435],[111.735372,33.344473],[111.735356,33.344574],[111.735004,33.344948],[111.735066,33.345123],[111.735385,33.345627],[111.735418,33.346001],[111.735474,33.346221],[111.735796,33.346707],[111.735847,33.346868],[111.735975,33.347092],[111.736276,33.347393],[111.736442,33.347673],[111.736595,33.348009],[111.736625,33.348175],[111.736718,33.348271],[111.737064,33.348403],[111.737427,33.348726],[111.737671,33.348869],[111.738153,33.34925],[111.738306,33.349431],[111.73832,33.349523],[111.738255,33.349608],[111.738153,33.349911],[111.737928,33.350283],[111.73785,33.350812],[111.737665,33.351448],[111.737657,33.351755],[111.737724,33.351963],[111.737762,33.352239],[111.737759,33.352535],[111.737574,33.352974],[111.73762,33.353245],[111.737815,33.353738],[111.737882,33.354051],[111.738172,33.354659],[111.738234,33.354885],[111.738183,33.355084],[111.738599,33.355438],[111.739355,33.355505],[111.73972,33.355703],[111.74016,33.355691],[111.74027,33.355763],[111.740372,33.355987],[111.74046,33.356469],[111.742158,33.356236],[111.742705,33.356245],[111.743115,33.356106],[111.744078,33.355969],[111.744969,33.355635],[111.745342,33.355566],[111.746393,33.355868],[111.746511,33.35592],[111.746573,33.355994],[111.746425,33.356182],[111.746122,33.356691],[111.745784,33.357101],[111.745449,33.357143],[111.745307,33.357201],[111.745151,33.357334],[111.744695,33.357882],[111.744529,33.358203],[111.744478,33.358469],[111.744529,33.359892],[111.744626,33.360376],[111.744647,33.361453],[111.744789,33.36252],[111.744832,33.362742],[111.745098,33.363559],[111.745532,33.364361],[111.745698,33.364601],[111.746031,33.365916],[111.746031,33.36601],[111.746219,33.366086],[111.747174,33.366308],[111.747863,33.366648],[111.748244,33.366917],[111.748649,33.366996],[111.748794,33.367141],[111.748743,33.367965],[111.748587,33.368366],[111.748458,33.368593],[111.748426,33.368765],[111.748711,33.369587],[111.749113,33.369585],[111.7494,33.36952],[111.749537,33.36946],[111.749987,33.36913],[111.750164,33.369303],[111.750462,33.369509],[111.750529,33.36952],[111.750811,33.369399],[111.750993,33.369366],[111.751605,33.369374],[111.7522,33.369339],[111.752332,33.369374],[111.752412,33.369478],[111.752527,33.369538],[111.75275,33.369585],[111.753657,33.369491],[111.753767,33.369442],[111.753909,33.369305],[111.754115,33.369016],[111.754209,33.368823],[111.754467,33.368523],[111.754853,33.368313],[111.755188,33.36821],[111.755582,33.368167],[111.755861,33.368176],[111.756789,33.368033],[111.757516,33.367867],[111.757846,33.367748],[111.758511,33.367381],[111.758959,33.367237],[111.759453,33.367128],[111.759855,33.36689],[111.760322,33.366695],[111.760893,33.36661],[111.761424,33.366415],[111.761776,33.366366],[111.762122,33.366662],[111.76221,33.366792],[111.762511,33.367038],[111.762671,33.367085],[111.762889,33.367067],[111.762985,33.36702],[111.762999,33.367318],[111.763076,33.367627],[111.763232,33.367972],[111.763414,33.368586],[111.763455,33.369016],[111.763447,33.369366],[111.763503,33.369522],[111.764034,33.370055],[111.764249,33.370315],[111.764023,33.37079],[111.764214,33.370938],[111.764174,33.371198],[111.764619,33.371422],[111.764686,33.371496],[111.764337,33.371608],[111.764114,33.371628],[111.763449,33.371623],[111.762932,33.371529],[111.762808,33.371567],[111.762425,33.371901],[111.76214,33.372351],[111.761942,33.37245],[111.761521,33.372481],[111.760775,33.372161],[111.760491,33.372627],[111.760316,33.372829],[111.760177,33.373194],[111.759512,33.373836],[111.759241,33.37404],[111.759169,33.374166],[111.758954,33.374388],[111.758468,33.374809],[111.75816,33.374683],[111.757771,33.374663],[111.757447,33.374699],[111.756288,33.374986],[111.75614,33.3751],[111.755985,33.375131],[111.755349,33.375077],[111.755097,33.375102],[111.754453,33.375248],[111.754153,33.375427],[111.753761,33.375595],[111.75338,33.375859],[111.75293,33.376047],[111.752589,33.37613],[111.752264,33.376318],[111.752047,33.376347],[111.751843,33.376312],[111.751615,33.376215],[111.751562,33.376291],[111.751468,33.376643],[111.751353,33.376836],[111.750789,33.377452],[111.750355,33.377837],[111.750247,33.378061],[111.750113,33.378146],[111.749958,33.378345],[111.749692,33.378563],[111.749529,33.378666],[111.749242,33.378753],[111.748896,33.37878],[111.748477,33.378762],[111.748351,33.378816],[111.7483,33.378916],[111.748276,33.379096],[111.748096,33.379472],[111.747844,33.379741],[111.747646,33.379853],[111.747316,33.380112],[111.747171,33.380171],[111.746999,33.38093],[111.746932,33.381062],[111.746739,33.381149],[111.746213,33.381185],[111.745985,33.381136],[111.745704,33.380919],[111.74531,33.380903],[111.744878,33.380836],[111.744687,33.380695],[111.744623,33.380681],[111.744172,33.380717],[111.743684,33.380914],[111.743443,33.381127],[111.743258,33.381438],[111.742944,33.381669],[111.742727,33.381752],[111.742335,33.381736],[111.741646,33.382032],[111.74141,33.382191],[111.740929,33.382381],[111.740699,33.382531],[111.740366,33.382677],[111.739768,33.383179],[111.739406,33.383582],[111.739154,33.383714],[111.739017,33.383824],[111.738789,33.383927],[111.738304,33.384251],[111.737848,33.384946],[111.737628,33.385145],[111.737437,33.385257],[111.737325,33.385425],[111.737274,33.385586],[111.737252,33.385871],[111.737142,33.386122],[111.736909,33.386381],[111.736767,33.38646],[111.736509,33.386827],[111.73648,33.386921],[111.73627,33.387241],[111.736042,33.38751],[111.735922,33.387779],[111.735798,33.388227],[111.735648,33.388377],[111.735522,33.388453],[111.734994,33.389201],[111.734785,33.389373],[111.734589,33.389611],[111.734291,33.389815],[111.734267,33.389938],[111.734339,33.390177],[111.734312,33.390462],[111.734479,33.390981],[111.734503,33.391445],[111.734715,33.391841],[111.734744,33.392083],[111.734959,33.392419],[111.734827,33.392486],[111.734347,33.392574],[111.734007,33.392715],[111.73391,33.392784],[111.733406,33.39288],[111.732687,33.392858],[111.732239,33.392789],[111.731912,33.392869],[111.731799,33.392811],[111.731668,33.392672],[111.731558,33.392632],[111.73117,33.392638],[111.730917,33.392589],[111.730681,33.392775],[111.730587,33.392972],[111.730641,33.393277],[111.730742,33.39357],[111.730984,33.393951],[111.731193,33.394087],[111.731351,33.394253],[111.731544,33.394356],[111.731654,33.394475],[111.732124,33.395261],[111.732352,33.395514],[111.732491,33.395572],[111.732877,33.395628],[111.733114,33.395715],[111.733256,33.395859],[111.733438,33.396123],[111.732869,33.396891],[111.732792,33.397086],[111.732438,33.397702],[111.732148,33.398098],[111.732033,33.398199],[111.731877,33.398512],[111.731526,33.398924],[111.731279,33.399298],[111.731247,33.399392],[111.730329,33.400404],[111.730061,33.400761],[111.729844,33.400946],[111.729619,33.401329],[111.729594,33.401538],[111.729517,33.401759],[111.729385,33.401988],[111.728833,33.402498],[111.728792,33.402644],[111.728814,33.402841],[111.72897,33.403206],[111.728937,33.403604],[111.728835,33.404122],[111.728586,33.404632],[111.728465,33.405131],[111.728197,33.405552],[111.72794,33.405859],[111.727505,33.406284],[111.727282,33.406428],[111.726982,33.406705],[111.726663,33.406927],[111.72636,33.407075],[111.726054,33.407326],[111.726215,33.407487],[111.726488,33.407892],[111.726856,33.408174],[111.727097,33.408472],[111.727132,33.408662],[111.727081,33.408839],[111.727242,33.409292],[111.727239,33.409592],[111.72732,33.409809],[111.727478,33.410008],[111.727502,33.410098],[111.727497,33.410207],[111.727312,33.410563],[111.727309,33.410671],[111.727333,33.410745],[111.727559,33.411011],[111.727623,33.411188],[111.727054,33.411694],[111.726851,33.411963],[111.726668,33.412012],[111.726505,33.412148],[111.726244,33.412285],[111.726094,33.412419],[111.725872,33.412692],[111.725126,33.413301],[111.724986,33.414177],[111.725072,33.414421],[111.72526,33.414665],[111.725292,33.414978],[111.725397,33.415469],[111.725448,33.415883],[111.72544,33.416241],[111.725509,33.416664],[111.725467,33.417163],[111.725319,33.417551],[111.724504,33.418133],[111.724565,33.41833],[111.724721,33.41861],[111.724734,33.419136],[111.724683,33.419324],[111.724742,33.419886],[111.724844,33.420246],[111.724935,33.420376],[111.725909,33.421377],[111.726258,33.421594],[111.726598,33.421739],[111.727022,33.422109],[111.727315,33.422803],[111.72732,33.423517],[111.727387,33.423857],[111.727653,33.424388],[111.728015,33.424759],[111.728312,33.424979],[111.729007,33.425702],[111.729922,33.426116],[111.730042,33.426223],[111.730101,33.426358],[111.729954,33.426546],[111.72986,33.426586],[111.729152,33.426611],[111.728672,33.426776],[111.72853,33.426915],[111.728441,33.427114],[111.728438,33.427217],[111.728723,33.427571],[111.729012,33.428072],[111.729085,33.428281],[111.729144,33.428784],[111.729246,33.429127],[111.729452,33.429292],[111.729511,33.429384],[111.729694,33.429767],[111.729726,33.429984],[111.729624,33.430201],[111.729444,33.431009],[111.729345,33.431388],[111.729291,33.431488],[111.72912,33.431533],[111.728758,33.43145],[111.728559,33.431459],[111.727784,33.431869],[111.727417,33.432126],[111.726974,33.432296],[111.726773,33.432422],[111.726657,33.432529],[111.726639,33.432869],[111.726545,33.43312],[111.726529,33.433454],[111.726486,33.433554],[111.725845,33.434177],[111.725807,33.434548],[111.725861,33.435146],[111.726075,33.436133],[111.726086,33.436511],[111.726132,33.436755],[111.726269,33.436995],[111.726542,33.437221],[111.726797,33.437689],[111.726907,33.437991],[111.726902,33.438382],[111.726987,33.438785],[111.726977,33.439797],[111.726762,33.439844],[111.726148,33.440099],[111.725681,33.440162],[111.725609,33.440213],[111.725493,33.440381],[111.725193,33.440918],[111.725772,33.441516],[111.725864,33.441657],[111.725944,33.441894],[111.726041,33.442015],[111.727097,33.443015],[111.727191,33.443154],[111.727315,33.44364],[111.727459,33.443906],[111.727594,33.444058],[111.727698,33.44475],[111.728092,33.44524],[111.728527,33.446243],[111.729206,33.446543],[111.729404,33.446594],[111.729718,33.446787],[111.73001,33.447057],[111.730863,33.448067],[111.73104,33.448239],[111.731609,33.448606],[111.731955,33.448908],[111.732435,33.449219],[111.732808,33.449797],[111.733679,33.450079],[111.733891,33.450191],[111.734168,33.450401],[111.734264,33.450537],[111.734492,33.451086],[111.734975,33.451715],[111.735576,33.45316],[111.735745,33.453471],[111.735962,33.454145],[111.73608,33.454393],[111.736198,33.454434],[111.737418,33.454501],[111.737917,33.454729],[111.738019,33.454816],[111.738242,33.455156],[111.738285,33.455315],[111.738478,33.455736],[111.738612,33.455937],[111.738754,33.456076],[111.73917,33.456358],[111.739355,33.45656],[111.739916,33.456698],[111.74031,33.456906],[111.740693,33.457157],[111.741868,33.457708],[111.74179,33.458115],[111.741804,33.458372],[111.741847,33.458522],[111.742067,33.458717],[111.742622,33.459052],[111.744116,33.460925],[111.744899,33.461959],[111.745202,33.462915],[111.745519,33.463743],[111.74561,33.464172],[111.745932,33.464738],[111.746238,33.465452],[111.746213,33.466249],[111.746385,33.466396],[111.746508,33.46658],[111.746852,33.467289],[111.746964,33.467544],[111.747085,33.468054],[111.747367,33.468708],[111.747394,33.468963],[111.747337,33.469341],[111.747337,33.469645],[111.747485,33.470451],[111.747455,33.470679],[111.747493,33.470795],[111.747732,33.470988],[111.748236,33.471755],[111.74845,33.47197],[111.748898,33.472256],[111.7494,33.472921],[111.749786,33.473565],[111.749875,33.474104],[111.749875,33.474462],[111.749918,33.474704],[111.749985,33.474867],[111.74999,33.475688],[111.750097,33.476039],[111.750108,33.47625],[111.750095,33.476554],[111.749915,33.476787],[111.749875,33.477122],[111.749912,33.477259],[111.750529,33.478263],[111.750867,33.479219],[111.75139,33.479641],[111.751629,33.479876],[111.751653,33.479966],[111.751613,33.480055],[111.75128,33.480465],[111.75121,33.480592],[111.751173,33.480749],[111.751283,33.481169],[111.751921,33.481829],[111.751918,33.481964],[111.751406,33.482503],[111.751361,33.48261],[111.751377,33.482709],[111.751658,33.483194],[111.751792,33.483241],[111.752096,33.483225],[111.752238,33.483252],[111.752484,33.483496],[111.752584,33.483787],[111.752801,33.484178],[111.75294,33.484559],[111.752908,33.484816],[111.753029,33.485283],[111.753029,33.485838],[111.753793,33.485878],[111.754829,33.486028],[111.755631,33.486031],[111.75621,33.485957],[111.756535,33.4858],[111.756867,33.485751],[111.757503,33.485704],[111.759582,33.485691],[111.760228,33.485588],[111.760748,33.485442],[111.761797,33.484923],[111.762197,33.48457],[111.763122,33.483863],[111.763498,33.483393],[111.763983,33.482901],[111.764694,33.482308],[111.764992,33.482154],[111.765394,33.482011],[111.766185,33.481787],[111.766695,33.481579],[111.767151,33.481465],[111.767588,33.481129],[111.768076,33.480695],[111.768444,33.48053],[111.768883,33.480445],[111.769428,33.480411],[111.770034,33.480478],[111.771587,33.481662],[111.772491,33.482062],[111.772781,33.482024],[111.774234,33.481603],[111.77498,33.481474],[111.775865,33.481447],[111.776386,33.481521],[111.777241,33.481704],[111.778918,33.481885],[111.779728,33.482145],[111.780261,33.482398],[111.781503,33.482867],[111.782423,33.483337],[111.782705,33.483742],[111.782989,33.484438],[111.783217,33.486588],[111.784057,33.487628],[111.785049,33.489773],[111.786068,33.491453],[111.786318,33.491766],[111.786422,33.49216],[111.786369,33.493148],[111.786484,33.494459],[111.786562,33.49494],[111.78676,33.495497],[111.787195,33.496128],[111.787753,33.496665],[111.788155,33.497177],[111.788273,33.49781],[111.78863,33.498318],[111.789185,33.498785],[111.789598,33.499246],[111.789719,33.500132],[111.789617,33.501241],[111.789781,33.502274],[111.790094,33.503003],[111.790255,33.503692],[111.790258,33.504079],[111.790065,33.505566],[111.790786,33.505627],[111.791301,33.505839],[111.791822,33.506568],[111.792342,33.50721],[111.792707,33.507552],[111.793222,33.507722],[111.79379,33.508107],[111.794568,33.508704],[111.795134,33.508959],[111.796682,33.50938],[111.797352,33.509677],[111.79746,33.510106],[111.797575,33.511656],[111.797892,33.51243],[111.798983,33.513801],[111.799192,33.514145],[111.799104,33.515568],[111.799375,33.517073],[111.800005,33.51849],[111.801046,33.519904],[111.801824,33.520545],[111.802183,33.52063],[111.803522,33.520749],[111.805423,33.520565],[111.80604,33.520431],[111.807376,33.52038],[111.811292,33.521129],[111.813507,33.521804],[111.813819,33.521844],[111.814846,33.521795],[111.815825,33.522048],[111.816391,33.522001],[111.817466,33.52165],[111.818494,33.521556],[111.819317,33.521637],[111.822313,33.522931],[111.822267,33.523513],[111.822375,33.523942],[111.822951,33.525145],[111.823533,33.526949],[111.823751,33.528197],[111.824116,33.528756],[111.8251,33.529568],[111.825207,33.529867],[111.825162,33.530386],[111.82517,33.531289],[111.825953,33.532705],[111.827101,33.534292],[111.827731,33.53558],[111.828978,33.537122],[111.829713,33.538495],[111.830236,33.539611],[111.830767,33.541245],[111.830521,33.54241],[111.830577,33.542926],[111.831355,33.54361],[111.831309,33.544169],[111.830952,33.544388],[111.830282,33.544393],[111.829002,33.544918],[111.827517,33.545618],[111.826237,33.546143],[111.825725,33.546447],[111.825626,33.546878],[111.825634,33.547697],[111.825585,33.548041],[111.825435,33.548559],[111.82539,33.548948],[111.825392,33.549422],[111.825245,33.550198],[111.824995,33.550846],[111.824335,33.551926],[111.823775,33.552534],[111.822552,33.553576],[111.821122,33.554704],[111.820001,33.555831],[111.819288,33.556656],[111.819153,33.558638],[111.81907,33.560706],[111.818974,33.561566],[111.818467,33.562259],[111.817646,33.562695],[111.817499,33.563171],[111.817662,33.564333],[111.817614,33.564635],[111.817305,33.564722],[111.81664,33.564986],[111.816436,33.565288],[111.816238,33.565936],[111.816093,33.567055],[111.816203,33.567788],[111.816627,33.568948],[111.817617,33.570405],[111.818241,33.571049],[111.818295,33.571349],[111.8183,33.571952],[111.81841,33.572683],[111.81947,33.575907],[111.819269,33.576339],[111.819588,33.577456],[111.819754,33.577836],[111.820218,33.578875],[111.821152,33.579514],[111.821667,33.579726],[111.82172,33.580028],[111.821581,33.581579],[111.821795,33.582267],[111.822109,33.582824],[111.822884,33.58338],[111.824561,33.583733],[111.824593,33.584272],[111.824191,33.585351],[111.824094,33.586041],[111.824309,33.586814],[111.825092,33.587974],[111.82551,33.588874],[111.825722,33.589433],[111.82573,33.590208],[111.825567,33.591524],[111.82669,33.591506],[111.827348,33.591692],[111.828842,33.59225],[111.829727,33.592498],[111.830861,33.592682],[111.831977,33.593265],[111.83294,33.593553],[111.833495,33.593676],[111.834531,33.593797],[111.835845,33.594105],[111.836277,33.594375],[111.837242,33.595066],[111.838025,33.595376],[111.839013,33.595497],[111.839742,33.595535],[111.840297,33.59551],[111.841054,33.595356],[111.842314,33.595242],[111.843701,33.595318],[111.844433,33.595396],[111.845039,33.595329],[111.84622,33.594898],[111.847703,33.594467],[111.848156,33.59421],[111.848886,33.593993],[111.850546,33.59354],[111.851402,33.593513],[111.852791,33.593714],[111.853421,33.593625],[111.853977,33.593705],[111.855039,33.594036],[111.856731,33.594129],[111.857691,33.59442],[111.858477,33.59473],[111.859566,33.595061],[111.859969,33.595014],[111.860446,33.594842],[111.860819,33.59444],[111.861219,33.593846],[111.861567,33.593464],[111.862267,33.592972],[111.862619,33.59278],[111.863683,33.593301],[111.864088,33.593446],[111.86588,33.593412],[111.867471,33.593486],[111.868984,33.593517],[111.869614,33.593428],[111.870545,33.593126],[111.871097,33.593017],[111.872886,33.592918],[111.873441,33.592916],[111.87397,33.592742],[111.874849,33.592335],[111.876684,33.591817],[111.877438,33.591535],[111.878218,33.591194],[111.878918,33.590829],[111.880496,33.589467],[111.881072,33.589082],[111.881751,33.588868],[111.882153,33.588781],[111.882783,33.588754],[111.883186,33.588667],[111.884189,33.58809],[111.885042,33.587809],[111.885822,33.587444],[111.886474,33.58727],[111.887357,33.587158],[111.889602,33.5871],[111.890256,33.587118],[111.891546,33.587382],[111.891849,33.587337],[111.892099,33.587167],[111.892346,33.586723],[111.892445,33.586383],[111.892667,33.586171],[111.893298,33.585999],[111.893928,33.585972],[111.894786,33.585988],[111.895696,33.586213],[111.896125,33.586209],[111.896701,33.585994],[111.898005,33.585268],[111.898305,33.584991],[111.898729,33.584374],[111.899153,33.583865],[111.899579,33.58365],[111.900159,33.583563],[111.901014,33.583494],[111.901744,33.583297],[111.902246,33.58302],[111.902495,33.582828],[111.902769,33.582403],[111.90301,33.581474],[111.903053,33.580754],[111.903149,33.580354],[111.90312,33.579847],[111.902962,33.579235],[111.902983,33.578877],[111.90342,33.577228],[111.903619,33.576973],[111.904247,33.576547],[111.904673,33.576332],[111.905274,33.575905],[111.905598,33.575566],[111.906717,33.573974],[111.906862,33.573465],[111.907007,33.572748],[111.907178,33.572408],[111.907803,33.571918],[111.908476,33.571217],[111.909101,33.570727],[111.91008,33.570191],[111.910579,33.569786],[111.911126,33.569065],[111.911893,33.567645],[111.912116,33.567073],[111.912258,33.566291],[111.912325,33.565466],[111.912548,33.564979],[111.912822,33.564682],[111.91335,33.564467],[111.91386,33.56402],[111.913809,33.563643],[111.913827,33.563287],[111.913613,33.562561],[111.913441,33.561747],[111.912913,33.560817],[111.912803,33.560142],[111.912655,33.559763],[111.912585,33.559244],[111.912395,33.558725],[111.912143,33.558381],[111.911851,33.558055],[111.9111,33.557472],[111.910767,33.557154],[111.910051,33.556095],[111.909083,33.554561],[111.908806,33.553801],[111.908801,33.553196],[111.908932,33.55288],[111.909965,33.551805],[111.909691,33.55128],[111.909525,33.550551],[111.909485,33.549375],[111.90996,33.548631],[111.910236,33.546923],[111.910633,33.546404],[111.910955,33.546335],[111.911891,33.546328],[111.91283,33.54623],[111.913387,33.545935],[111.914675,33.544969],[111.916016,33.544766],[111.916493,33.544761],[111.91828,33.544464],[111.919409,33.544057],[111.921423,33.543548],[111.922982,33.543024],[111.924001,33.542808],[111.924398,33.542609],[111.924875,33.542023],[111.925597,33.541486],[111.926477,33.541041],[111.927601,33.540313],[111.928346,33.539964],[111.928775,33.539924],[111.929792,33.540058],[111.930318,33.539874],[111.930634,33.5397],[111.931854,33.539293],[111.933308,33.538573],[111.936758,33.53831],[111.938657,33.538093],[111.939029,33.537956],[111.939772,33.537277],[111.940593,33.536396],[111.941205,33.535942],[111.941846,33.535624],[111.942833,33.535325],[111.944359,33.535177],[111.944772,33.534893],[111.944697,33.534097],[111.944396,33.533742],[111.943423,33.532874],[111.942776,33.532497],[111.94132,33.532237],[111.940789,33.531973],[111.939601,33.531265],[111.938362,33.530645],[111.935647,33.529858],[111.93414,33.529219],[111.933791,33.529221],[111.933338,33.529315],[111.932962,33.529272],[111.932447,33.528895],[111.931667,33.528452],[111.930843,33.528043],[111.930476,33.527473],[111.929403,33.524678],[111.929642,33.52445],[111.93079,33.524105],[111.931297,33.523877],[111.9322,33.523331],[111.933241,33.522853],[111.93503,33.522323],[111.935669,33.522026],[111.93588,33.521733],[111.936245,33.520653],[111.936535,33.520337],[111.9376,33.519566],[111.937911,33.519188],[111.93804,33.51826],[111.93816,33.517026],[111.937962,33.513414],[111.937965,33.511227],[111.939188,33.510263],[111.941009,33.509174],[111.941803,33.508765],[111.942355,33.508425],[111.942489,33.508011],[111.942548,33.506893],[111.94286,33.506463],[111.943077,33.506251],[111.943611,33.505484],[111.944018,33.505032],[111.945005,33.50435],[111.946102,33.503366],[111.947081,33.50237],[111.946856,33.50125],[111.94651,33.500293],[111.946346,33.500167],[111.946159,33.500136],[111.945668,33.499431],[111.945518,33.499344],[111.945266,33.499302],[111.945212,33.49915],[111.945185,33.498926],[111.944694,33.498472],[111.944662,33.497591],[111.944418,33.497401],[111.944388,33.497342],[111.944388,33.497045],[111.944311,33.496797],[111.944348,33.496633],[111.94449,33.496399],[111.944598,33.495806],[111.944592,33.495689],[111.944517,33.495497],[111.944528,33.495235],[111.944456,33.49507],[111.944316,33.494904],[111.943922,33.494647],[111.943865,33.494576],[111.943769,33.494267],[111.943678,33.494124],[111.943321,33.493779],[111.943187,33.49354],[111.943195,33.493271],[111.943527,33.492057],[111.943375,33.491612],[111.943243,33.49141],[111.943281,33.490929],[111.943222,33.490404],[111.943071,33.490164],[111.943058,33.489901],[111.942683,33.489339],[111.942591,33.489138],[111.942554,33.48888],[111.942589,33.488751],[111.942801,33.488404],[111.942822,33.48831],[111.942784,33.488205],[111.942685,33.488077],[111.942412,33.487876],[111.941881,33.487344],[111.940915,33.486485],[111.940298,33.485883],[111.940003,33.486451],[111.939453,33.486427],[111.939308,33.486406],[111.939244,33.486366],[111.938906,33.485957],[111.93886,33.485807],[111.938863,33.485603],[111.93889,33.485516],[111.939056,33.485312],[111.939102,33.485196],[111.939078,33.4851],[111.938734,33.484782],[111.938034,33.484279],[111.936841,33.483691],[111.936366,33.483297],[111.936076,33.482923],[111.93565,33.482592],[111.935347,33.482022],[111.935197,33.481603],[111.934875,33.481096],[111.934545,33.480449],[111.934491,33.480266],[111.934542,33.480058],[111.934813,33.479601],[111.935068,33.478574],[111.935207,33.47816],[111.935309,33.478116],[111.935693,33.478129],[111.935931,33.478022],[111.936232,33.477785],[111.936771,33.477536],[111.937173,33.477207],[111.937248,33.477071],[111.937254,33.476863],[111.937208,33.476722],[111.937155,33.476256],[111.93705,33.476042],[111.936959,33.475583],[111.936685,33.475062],[111.937141,33.474511],[111.937281,33.474285],[111.937356,33.474064],[111.937495,33.473827],[111.937758,33.47361],[111.937865,33.473476],[111.937903,33.473046],[111.937852,33.472704],[111.937798,33.47265],[111.93767,33.472326],[111.937101,33.471229],[111.93701,33.470972],[111.936677,33.47082],[111.936634,33.47073],[111.936632,33.470636],[111.936795,33.47035],[111.93672,33.470119],[111.936752,33.469815],[111.936621,33.469737],[111.936599,33.469585],[111.936283,33.469079],[111.935988,33.468965],[111.935856,33.468866],[111.935712,33.468656],[111.935607,33.468372],[111.935516,33.468222],[111.935333,33.468018],[111.934421,33.467508],[111.933528,33.467155],[111.93307,33.467121],[111.932367,33.466958],[111.93194,33.466595],[111.931527,33.466414],[111.930819,33.466249],[111.930661,33.466273],[111.930229,33.466589],[111.930033,33.466616],[111.929848,33.466524],[111.929663,33.466345],[111.929556,33.466284],[111.929089,33.466258],[111.928947,33.466336],[111.928488,33.466349],[111.928354,33.466266],[111.928027,33.465718],[111.927759,33.465535],[111.927601,33.465488],[111.927241,33.465181],[111.927254,33.465052],[111.927539,33.464579],[111.927627,33.464291],[111.927694,33.46364],[111.927748,33.463463],[111.927719,33.462964],[111.927574,33.462615],[111.927622,33.461863],[111.927501,33.460399],[111.92767,33.460185],[111.927847,33.460131],[111.92803,33.459994],[111.928019,33.459925],[111.927871,33.459724],[111.927737,33.459469],[111.927673,33.459216],[111.9277,33.458784],[111.928065,33.458043],[111.927992,33.457587],[111.927855,33.457354],[111.927375,33.457399],[111.926863,33.457385],[111.926694,33.457298],[111.926431,33.457025],[111.926002,33.456103],[111.925726,33.455745],[111.925114,33.455143],[111.92491,33.454827],[111.924814,33.454575],[111.924275,33.454107],[111.924159,33.453897],[111.924143,33.453688],[111.924076,33.45355],[111.923867,33.453328],[111.923727,33.453236],[111.923033,33.452959],[111.92296,33.452807],[111.922936,33.452469],[111.922882,33.452281],[111.922791,33.452124],[111.922335,33.451891],[111.922013,33.451547],[111.921877,33.451233],[111.921922,33.450902],[111.9217,33.450508],[111.921705,33.450417],[111.921844,33.450117],[111.921882,33.449962],[111.921764,33.449598],[111.921659,33.449513],[111.921182,33.449351],[111.920667,33.449047],[111.920375,33.44879],[111.920444,33.448535],[111.920367,33.447724],[111.920536,33.447386],[111.92056,33.447102],[111.920088,33.446578],[111.920053,33.446496],[111.920037,33.446332],[111.920096,33.4461],[111.920098,33.445963],[111.92016,33.4458],[111.92009,33.445511],[111.920053,33.445016],[111.919962,33.444848],[111.919557,33.444376],[111.91949,33.444237],[111.919377,33.443689],[111.919363,33.443192],[111.919551,33.442883],[111.919962,33.442537],[111.920337,33.442145],[111.920629,33.44189],[111.920833,33.441608],[111.920801,33.441509],[111.920796,33.441297],[111.92082,33.440652],[111.920863,33.44039],[111.921102,33.440028],[111.921268,33.439358],[111.921464,33.439159],[111.921464,33.439065],[111.921061,33.438781],[111.920927,33.438752],[111.920096,33.438788],[111.919583,33.438767],[111.919165,33.438669],[111.918529,33.438723],[111.918135,33.438664],[111.917612,33.438481],[111.917344,33.438356],[111.916984,33.438127],[111.916848,33.437877],[111.916652,33.437619],[111.916477,33.437254],[111.916239,33.436952],[111.916019,33.436543],[111.915879,33.436623],[111.915021,33.436245],[111.914812,33.436193],[111.914635,33.436084],[111.914391,33.435855],[111.914299,33.435813],[111.913964,33.435784],[111.913886,33.43575],[111.913404,33.43539],[111.913315,33.435363],[111.912797,33.435374],[111.912639,33.435123],[111.912358,33.43479],[111.912207,33.434656],[111.912046,33.43458],[111.911934,33.43447],[111.911711,33.434015],[111.9117,33.433843],[111.911649,33.433756],[111.911054,33.433315],[111.910212,33.432531],[111.910078,33.432366],[111.909925,33.432079],[111.909707,33.431846],[111.909632,33.431676],[111.9096,33.431363],[111.90978,33.431085],[111.90975,33.43064],[111.909608,33.430295],[111.909353,33.429843],[111.909356,33.429756],[111.909549,33.429543],[111.909557,33.429324],[111.909522,33.429107],[111.909598,33.428954],[111.909504,33.428668],[111.909463,33.428314],[111.90941,33.428151],[111.909155,33.427817],[111.908822,33.427533],[111.908573,33.427267],[111.908323,33.427074],[111.907307,33.425883],[111.907114,33.425776],[111.906583,33.425635],[111.906363,33.425617],[111.904544,33.425756],[111.903321,33.425921],[111.902946,33.425928],[111.90271,33.425863],[111.901596,33.425223],[111.901387,33.424979],[111.901039,33.424672],[111.900462,33.424224],[111.899373,33.423123],[111.899132,33.422745],[111.898909,33.422489],[111.898053,33.421773],[111.897396,33.421807],[111.896967,33.421934],[111.896857,33.42167],[111.89665,33.421395],[111.895379,33.42066],[111.895175,33.420378],[111.894859,33.42011],[111.894647,33.420013],[111.89403,33.419904],[111.892836,33.419447],[111.8926,33.419499],[111.891573,33.419561],[111.890683,33.419671],[111.8902,33.419772],[111.889985,33.419776],[111.889696,33.419729],[111.889545,33.419622],[111.889366,33.419366],[111.889132,33.418894],[111.888674,33.418236],[111.888239,33.417728],[111.887984,33.41751],[111.887587,33.4173],[111.887316,33.417188],[111.886976,33.417112],[111.886654,33.416991],[111.886244,33.416933],[111.88572,33.416926],[111.88421,33.417266],[111.881941,33.417958],[111.88174,33.417985],[111.880909,33.417965],[111.880493,33.417784],[111.880335,33.417638],[111.880115,33.417528],[111.879956,33.417396],[111.878873,33.416855],[111.878548,33.416637],[111.878087,33.416472],[111.877883,33.41636],[111.877489,33.41627],[111.877172,33.416279],[111.877092,33.416248],[111.876196,33.415547],[111.875812,33.415202],[111.875533,33.41509],[111.875072,33.415135],[111.874648,33.415122],[111.874461,33.415171],[111.874335,33.41522],[111.874147,33.415381],[111.874021,33.415556],[111.873779,33.415731],[111.873334,33.415984],[111.873109,33.416053],[111.872945,33.416051],[111.872712,33.415986],[111.872682,33.415666],[111.872596,33.415406],[111.872395,33.414381],[111.872293,33.414163],[111.872063,33.413472],[111.872022,33.413308],[111.872009,33.412999],[111.871969,33.412907],[111.871631,33.412453],[111.871242,33.411665],[111.871167,33.411432],[111.870939,33.411083],[111.870537,33.410621],[111.869863,33.409668],[111.86963,33.409504],[111.868731,33.409007],[111.86845,33.408911],[111.867854,33.408553],[111.867119,33.408338],[111.86603,33.408203],[111.865725,33.408096],[111.86558,33.407982],[111.865287,33.40763],[111.864609,33.407294],[111.863276,33.407133],[111.862412,33.406923],[111.861669,33.406676],[111.86153,33.406602],[111.861251,33.406576],[111.86076,33.406587],[111.859993,33.406466],[111.859687,33.406379],[111.859518,33.406273],[111.85936,33.406226],[111.859094,33.406197],[111.858732,33.406094],[111.858255,33.406036],[111.857667,33.406047],[111.857364,33.406011],[111.857005,33.406034],[111.856715,33.40598],[111.856511,33.405881],[111.856294,33.405349],[111.856256,33.405187],[111.856326,33.404361],[111.856533,33.403815],[111.856627,33.403671],[111.856675,33.403506],[111.856645,33.403289],[111.856554,33.403123],[111.855817,33.402583],[111.855613,33.402259],[111.855581,33.402053],[111.855605,33.401976],[111.856407,33.401817],[111.856836,33.401638],[111.857115,33.401571],[111.857262,33.401459],[111.857997,33.40111],[111.85841,33.400711],[111.858582,33.400393],[111.858837,33.400136],[111.859295,33.399854],[111.859572,33.399755],[111.859818,33.39961],[111.860065,33.399289],[111.860143,33.399135],[111.860296,33.398671],[111.860288,33.398508],[111.860054,33.398015],[111.860073,33.397926],[111.860248,33.397677],[111.860333,33.397417],[111.860331,33.397319],[111.86024,33.397111],[111.860191,33.396893],[111.860242,33.396638],[111.860366,33.396416],[111.860374,33.39623],[111.860312,33.396103],[111.859912,33.395801],[111.859499,33.395422],[111.859215,33.395028],[111.859185,33.394887],[111.859244,33.394775],[111.859633,33.394296],[111.859977,33.393749],[111.860277,33.393012],[111.860328,33.392766],[111.860344,33.392426],[111.860489,33.391873],[111.860709,33.39144],[111.86083,33.391064],[111.86105,33.390567],[111.860108,33.389873],[111.859027,33.389317],[111.858485,33.389096],[111.857906,33.388755],[111.857705,33.388549],[111.857544,33.388439],[111.856289,33.387669],[111.856128,33.387438],[111.855755,33.38708],[111.855406,33.386668],[111.855363,33.386552],[111.855371,33.386419],[111.85557,33.385951],[111.855626,33.385586],[111.85576,33.385096],[111.855792,33.383817],[111.855758,33.383577],[111.85568,33.383347],[111.855323,33.382908],[111.855296,33.382809],[111.855285,33.382625],[111.85539,33.38226],[111.854797,33.382104],[111.853998,33.381808],[111.85351,33.381566],[111.8534,33.381456],[111.853274,33.381024],[111.853207,33.380607],[111.853121,33.380401],[111.853024,33.379644],[111.85289,33.379273],[111.852888,33.379194],[111.85182,33.378634],[111.851651,33.378509],[111.85149,33.378307],[111.851426,33.378097],[111.851297,33.377875],[111.850884,33.377532],[111.850683,33.376869],[111.85042,33.376392],[111.85031,33.375852],[111.850211,33.375666],[111.850093,33.375532],[111.849776,33.375299],[111.8495,33.374605],[111.849047,33.374168],[111.84884,33.37381],[111.848277,33.373263],[111.847899,33.372725],[111.847325,33.372242],[111.846633,33.371856],[111.846643,33.371283],[111.846826,33.370662],[111.846845,33.370501],[111.84681,33.370244],[111.846651,33.369838],[111.846775,33.369791],[111.846863,33.369708],[111.846989,33.369513],[111.847032,33.369354],[111.847016,33.369043],[111.846896,33.368617],[111.846775,33.368342],[111.846442,33.367775],[111.846308,33.367609],[111.846077,33.367397],[111.845461,33.367043],[111.844586,33.366156],[111.84427,33.365934],[111.844111,33.36586],[111.843562,33.365849],[111.843199,33.365911],[111.842979,33.365916],[111.842644,33.365987],[111.842427,33.365972],[111.841748,33.365212],[111.841593,33.364923],[111.841467,33.364534],[111.841107,33.363875],[111.841024,33.363658],[111.840852,33.363485],[111.840359,33.363275],[111.83993,33.363205],[111.839753,33.363221],[111.839423,33.363351],[111.839246,33.36351],[111.838978,33.36366],[111.838787,33.363873],[111.838288,33.363844],[111.837709,33.363716],[111.83754,33.363611],[111.837266,33.363248],[111.836923,33.362905],[111.83643,33.362582],[111.836113,33.362298],[111.835882,33.362022],[111.835716,33.36153],[111.835641,33.361424],[111.83548,33.361258],[111.835247,33.361106],[111.834606,33.360869],[111.834348,33.360833],[111.833589,33.360793],[111.833074,33.360817],[111.832819,33.360777],[111.832554,33.36071],[111.832218,33.360506],[111.831741,33.360356],[111.831312,33.360127],[111.831502,33.359641],[111.831537,33.359345],[111.831218,33.35866],[111.831111,33.358344],[111.830834,33.357914],[111.830848,33.357629],[111.831459,33.356668],[111.831647,33.356063],[111.831875,33.355615],[111.832009,33.355474],[111.832095,33.355288],[111.832117,33.355017],[111.831953,33.354632],[111.83187,33.354345],[111.832283,33.354237],[111.832607,33.354114],[111.832978,33.353919],[111.833281,33.3537],[111.833471,33.353386],[111.833621,33.352963],[111.833686,33.352595],[111.833801,33.35219],[111.833879,33.351385],[111.834222,33.350263],[111.834415,33.349824],[111.83445,33.349288],[111.834579,33.348623],[111.834506,33.34854],[111.833965,33.348405],[111.833868,33.348354],[111.833356,33.348291],[111.832999,33.348217],[111.832876,33.348152],[111.832851,33.347872],[111.832709,33.347523],[111.832607,33.347166],[111.832564,33.346577],[111.83272,33.346124],[111.832752,33.345806],[111.832602,33.344982],[111.832497,33.344708],[111.832495,33.344455],[111.832441,33.344301],[111.832385,33.34372],[111.832457,33.343413],[111.832897,33.34238],[111.832932,33.341984],[111.833018,33.341603],[111.833122,33.341349],[111.833128,33.341159],[111.832932,33.340639],[111.832945,33.340119],[111.832996,33.339725],[111.832983,33.339593],[111.832873,33.339351],[111.832862,33.33923],[111.832886,33.339008],[111.833045,33.338578],[111.83312,33.337778],[111.83334,33.337249],[111.833345,33.337065],[111.833297,33.336922],[111.832953,33.336386],[111.832873,33.336144],[111.832685,33.335777],[111.832471,33.335136],[111.831964,33.334246],[111.831779,33.333751],[111.831639,33.333518],[111.831121,33.332964],[111.83128,33.332745],[111.831636,33.332471],[111.831787,33.332287],[111.831712,33.332227],[111.831516,33.332207],[111.83118,33.331956],[111.831073,33.331826],[111.831011,33.331629],[111.831003,33.331559],[111.831073,33.331279],[111.831231,33.330911],[111.83128,33.330427],[111.831277,33.330026],[111.831325,33.329842],[111.831215,33.328012],[111.831132,33.32751],[111.830883,33.326936],[111.830649,33.325735],[111.830129,33.325035],[111.829756,33.324634],[111.829327,33.324092],[111.828592,33.322996],[111.828327,33.322436],[111.827254,33.321463],[111.827069,33.321234],[111.826806,33.320829],[111.826489,33.320448],[111.826095,33.319802],[111.825693,33.319302],[111.825245,33.318424],[111.825027,33.318202],[111.824126,33.317608],[111.8237,33.31729],[111.823525,33.317225],[111.822745,33.317406],[111.822383,33.317202],[111.822316,33.317263],[111.821876,33.317101],[111.821704,33.31707],[111.821026,33.316687],[111.82061,33.316566],[111.820669,33.3169],[111.820626,33.316965],[111.820122,33.31707],[111.819894,33.317296],[111.819668,33.317117],[111.819406,33.316978],[111.819186,33.31638],[111.81884,33.316496],[111.818711,33.316088],[111.818665,33.315902],[111.818708,33.315835],[111.819398,33.315297],[111.819392,33.315272],[111.818915,33.315205],[111.818319,33.315248],[111.818003,33.31529],[111.817391,33.315494],[111.817198,33.315409],[111.816552,33.315001],[111.815935,33.314474],[111.815578,33.314212],[111.814889,33.313425],[111.814781,33.31328],[111.814725,33.3131],[111.814551,33.312941],[111.814347,33.313053],[111.814165,33.313242],[111.8138,33.313741],[111.813033,33.312887],[111.812233,33.313448],[111.811812,33.313923],[111.811375,33.314546],[111.810914,33.314967],[111.810029,33.315411],[111.809583,33.315806],[111.809428,33.315853],[111.808848,33.3159],[111.807649,33.316113],[111.807419,33.316088],[111.806796,33.3156],[111.806359,33.315445],[111.806032,33.315288],[111.805437,33.315201],[111.80486,33.315225],[111.803709,33.315378],[111.80284,33.315062],[111.802516,33.314761],[111.802288,33.314414],[111.802127,33.314322],[111.801483,33.314064],[111.801252,33.313999],[111.800743,33.313952],[111.8003,33.313954],[111.79993,33.313878],[111.799734,33.313766],[111.799638,33.313744],[111.7993,33.313728],[111.799104,33.313804],[111.798758,33.313829],[111.797116,33.313145],[111.796896,33.313103],[111.796451,33.313165],[111.795789,33.313618],[111.794963,33.313968],[111.794949,33.314013]]]}},{"type":"Feature","properties":{"regionCode":"411325102","sourceCode":"411325102000","name":"师岗镇","sourceName":"师岗镇","parentCode":"411325","parentName":"内乡县","regionLevel":"township","regionType":"town","isManagementZone":false,"source":"ruiduobao","sourceVersion":"mixed-legacy~2018-2020","geometryRepaired":false,"match2020":true,"match2023":true},"geometry":{"type":"Polygon","coordinates":[[[111.785462,32.879767],[111.785213,32.880114],[111.785076,32.880369],[111.784422,32.881772],[111.78377,32.882871],[111.783257,32.88391],[111.782785,32.884531],[111.782249,32.885392],[111.781906,32.886214],[111.781806,32.886671],[111.782233,32.890065],[111.782284,32.890728],[111.782185,32.891194],[111.781836,32.892351],[111.781498,32.892282],[111.781318,32.892604],[111.781136,32.893133],[111.78102,32.894378],[111.780868,32.894725],[111.780524,32.895151],[111.77906,32.896259],[111.778537,32.897387],[111.77777,32.899378],[111.776933,32.900707],[111.776496,32.901054],[111.775871,32.901349],[111.774902,32.901599],[111.773489,32.901813],[111.772821,32.901723],[111.772676,32.901349],[111.772703,32.901058],[111.771686,32.900772],[111.771083,32.899392],[111.77067,32.898759],[111.770195,32.898126],[111.769594,32.897601],[111.769055,32.897234],[111.768173,32.896788],[111.767513,32.896581],[111.766445,32.896455],[111.765469,32.89625],[111.764809,32.896041],[111.763988,32.895464],[111.763578,32.895097],[111.758316,32.898962],[111.758324,32.898777],[111.757696,32.898644],[111.757001,32.898574],[111.756816,32.898509],[111.756956,32.898083],[111.756926,32.898027],[111.75614,32.897973],[111.755038,32.897968],[111.754123,32.897872],[111.754169,32.896991],[111.754204,32.896903],[111.753903,32.89691],[111.753801,32.896957],[111.753716,32.895815],[111.753689,32.894795],[111.752409,32.894901],[111.752315,32.893786],[111.751699,32.893572],[111.751768,32.894302],[111.751782,32.894966],[111.751165,32.894982],[111.751076,32.893378],[111.751133,32.892257],[111.750532,32.892268],[111.750151,32.892349],[111.750135,32.892955],[111.750156,32.893288],[111.750215,32.893464],[111.749298,32.893415],[111.748845,32.893277],[111.748574,32.893261],[111.748365,32.893899],[111.748322,32.894196],[111.748196,32.894493],[111.747246,32.894113],[111.746922,32.893851],[111.746613,32.893453],[111.746452,32.893369],[111.746259,32.893502],[111.74546,32.893806],[111.744854,32.893991],[111.744446,32.894198],[111.744306,32.894304],[111.743668,32.894577],[111.743346,32.894779],[111.743134,32.894867],[111.742649,32.894842],[111.742397,32.894793],[111.742295,32.89482],[111.742056,32.894989],[111.74156,32.89507],[111.741656,32.89595],[111.741643,32.896241],[111.741332,32.896486],[111.741275,32.896617],[111.741286,32.896741],[111.741249,32.896777],[111.740817,32.896883],[111.740524,32.897025],[111.740248,32.896905],[111.739741,32.897149],[111.739087,32.897608],[111.738929,32.897815],[111.738274,32.898495],[111.738108,32.898628],[111.737566,32.898356],[111.736566,32.898038],[111.736402,32.898013],[111.736389,32.898475],[111.736541,32.898637],[111.736901,32.898797],[111.737507,32.899],[111.737668,32.8992],[111.737848,32.899311],[111.737939,32.899403],[111.738178,32.900108],[111.738212,32.900304],[111.738143,32.900403],[111.738081,32.900671],[111.738054,32.900889],[111.73806,32.901362],[111.73788,32.90188],[111.737807,32.902195],[111.737764,32.902394],[111.737778,32.90261],[111.737815,32.902767],[111.738017,32.90299],[111.738108,32.903157],[111.738306,32.90367],[111.738387,32.904011],[111.738465,32.904139],[111.738553,32.904454],[111.738446,32.904465],[111.738226,32.904562],[111.737477,32.904988],[111.737107,32.905299],[111.736791,32.905654],[111.736547,32.905828],[111.73623,32.906159],[111.736099,32.906256],[111.735723,32.907039],[111.735589,32.907206],[111.735216,32.907413],[111.734948,32.907467],[111.734935,32.907573],[111.735013,32.908208],[111.735082,32.909201],[111.735262,32.909703],[111.73534,32.910095],[111.735401,32.910212],[111.735321,32.910325],[111.734573,32.910962],[111.733556,32.911462],[111.732805,32.911935],[111.732478,32.912198],[111.732312,32.912252],[111.732204,32.912345],[111.731909,32.912795],[111.73181,32.912829],[111.731654,32.912822],[111.731536,32.912925],[111.731056,32.913162],[111.730941,32.913247],[111.730871,32.913349],[111.730914,32.91361],[111.730995,32.913813],[111.730992,32.914069],[111.730901,32.914364],[111.730606,32.914853],[111.730498,32.915342],[111.730421,32.91608],[111.730504,32.916195],[111.730885,32.916461],[111.731794,32.916843],[111.731904,32.917005],[111.731898,32.917082],[111.731791,32.917273],[111.731746,32.917307],[111.731606,32.917258],[111.731284,32.917226],[111.729922,32.91733],[111.729302,32.917424],[111.728653,32.917688],[111.728503,32.917787],[111.728181,32.918041],[111.727768,32.918446],[111.726961,32.919464],[111.726931,32.919559],[111.726657,32.919987],[111.72622,32.920612],[111.725201,32.921831],[111.724589,32.92261],[111.724536,32.922727],[111.723667,32.923643],[111.72302,32.924442],[111.722881,32.924672],[111.722245,32.925365],[111.721939,32.925888],[111.721373,32.926493],[111.721231,32.926601],[111.721154,32.926766],[111.720116,32.928022],[111.719989,32.928243],[111.719839,32.928418],[111.719625,32.928796],[111.719244,32.929632],[111.718538,32.930602],[111.718361,32.930762],[111.717527,32.93137],[111.716956,32.931856],[111.716674,32.932225],[111.716438,32.932653],[111.716218,32.93324],[111.716154,32.933339],[111.715894,32.933652],[111.715392,32.934033],[111.715229,32.934197],[111.715027,32.934521],[111.714786,32.935145],[111.714207,32.935455],[111.713708,32.935768],[111.713544,32.93591],[111.713839,32.936327],[111.714357,32.937241],[111.714523,32.937592],[111.714695,32.938094],[111.716344,32.938519],[111.716967,32.938382],[111.717543,32.938323],[111.718509,32.938319],[111.71863,32.93833],[111.718766,32.938407],[111.719069,32.938702],[111.719182,32.938767],[111.719719,32.939318],[111.720555,32.939976],[111.721036,32.940417],[111.720966,32.940478],[111.720805,32.940759],[111.720698,32.941196],[111.720582,32.941461],[111.720515,32.941797],[111.720518,32.941936],[111.721049,32.9424],[111.721154,32.942445],[111.722272,32.943318],[111.721111,32.944426],[111.720824,32.944586],[111.720443,32.944867],[111.720295,32.945038],[111.72011,32.945355],[111.719971,32.945675],[111.719939,32.945837],[111.71963,32.946148],[111.719509,32.946231],[111.71889,32.946497],[111.718235,32.946929],[111.717299,32.947883],[111.716972,32.948498],[111.716519,32.949157],[111.716197,32.949357],[111.71584,32.949697],[111.715542,32.95015],[111.715534,32.950422],[111.715368,32.950762],[111.714979,32.951169],[111.71473,32.951579],[111.714531,32.951815],[111.714354,32.952128],[111.714172,32.952558],[111.714059,32.952965],[111.714075,32.953211],[111.714008,32.954176],[111.713732,32.954187],[111.713431,32.954376],[111.713171,32.95448],[111.712997,32.954624],[111.711935,32.955999],[111.711691,32.956222],[111.711541,32.956292],[111.71139,32.956488],[111.711283,32.956569],[111.711026,32.957005],[111.710722,32.957435],[111.709714,32.95753],[111.709556,32.957518],[111.708359,32.957602],[111.708003,32.957809],[111.707885,32.957842],[111.707458,32.958511],[111.706721,32.959931],[111.70653,32.960412],[111.706026,32.960268],[111.705288,32.959769],[111.704586,32.959375],[111.704403,32.959947],[111.704639,32.960156],[111.704948,32.960309],[111.704924,32.960394],[111.704768,32.960595],[111.704969,32.960782],[111.704744,32.961063],[111.704996,32.961209],[111.704784,32.961463],[111.704779,32.961603],[111.705613,32.961799],[111.705844,32.962094],[111.705978,32.962206],[111.706259,32.962638],[111.706664,32.963037],[111.70679,32.963041],[111.706927,32.962978],[111.707249,32.962748],[111.707651,32.96258],[111.707922,32.962377],[111.70826,32.962206],[111.708491,32.962017],[111.709121,32.961716],[111.709237,32.96177],[111.709355,32.961943],[111.709521,32.962017],[111.709802,32.962062],[111.710325,32.961902],[111.710484,32.961954],[111.710755,32.962127],[111.710798,32.962188],[111.710819,32.962285],[111.710747,32.962499],[111.710221,32.96334],[111.709977,32.963907],[111.709494,32.964837],[111.709196,32.965305],[111.708984,32.96571],[111.708772,32.966248],[111.708534,32.966711],[111.708204,32.967186],[111.707815,32.967513],[111.707281,32.968446],[111.707128,32.968635],[111.706973,32.968716],[111.706683,32.968804],[111.706418,32.96904],[111.706337,32.969198],[111.706235,32.969268],[111.705784,32.969385],[111.705532,32.970116],[111.705449,32.97026],[111.705385,32.970679],[111.705331,32.970744],[111.705184,32.970796],[111.705133,32.970879],[111.705146,32.970967],[111.705299,32.971102],[111.705878,32.971432],[111.705913,32.971473],[111.705862,32.971583],[111.707198,32.971775],[111.707313,32.971826],[111.707823,32.971865],[111.708131,32.971842],[111.708531,32.971889],[111.708984,32.971993],[111.709671,32.972083],[111.710545,32.972276],[111.710352,32.974117],[111.710387,32.974261],[111.710481,32.974358],[111.71061,32.974628],[111.71061,32.974731],[111.710529,32.975044],[111.710411,32.975274],[111.710283,32.97704],[111.710328,32.977285],[111.710462,32.97751],[111.710484,32.977609],[111.710425,32.977994],[111.710299,32.978401],[111.710548,32.978721],[111.711052,32.979148],[111.711004,32.979234],[111.711001,32.979607],[111.710875,32.980109],[111.710406,32.98102],[111.71036,32.9814],[111.710403,32.981688],[111.710527,32.981911],[111.710744,32.982577],[111.7108,32.982928],[111.71102,32.983734],[111.710615,32.985192],[111.710596,32.985743],[111.710714,32.986879],[111.711031,32.987018],[111.711095,32.986964],[111.711763,32.987421],[111.712082,32.987102],[111.711825,32.986872],[111.712125,32.986708],[111.712428,32.986951],[111.712536,32.98691],[111.713354,32.986235],[111.713499,32.986211],[111.713831,32.986055],[111.714027,32.986411],[111.713901,32.986447],[111.714287,32.986598],[111.714456,32.986546],[111.714649,32.98637],[111.715371,32.985914],[111.71639,32.984967],[111.716283,32.984586],[111.716363,32.984512],[111.716771,32.984636],[111.716937,32.984728],[111.717337,32.985122],[111.717567,32.985369],[111.717795,32.985707],[111.717964,32.986175],[111.718053,32.986757],[111.718155,32.986958],[111.718171,32.987205],[111.718276,32.98766],[111.718351,32.98781],[111.718404,32.988024],[111.718506,32.988193],[111.719236,32.988843],[111.719402,32.989059],[111.719611,32.989421],[111.719869,32.989716],[111.720073,32.989869],[111.72107,32.990164],[111.721744,32.990299],[111.72199,32.990384],[111.722631,32.990452],[111.722935,32.990425],[111.723179,32.990299],[111.724276,32.989945],[111.724925,32.989945],[111.725163,32.990004],[111.725308,32.990085],[111.725555,32.990308],[111.725858,32.990393],[111.725936,32.990447],[111.725995,32.990537],[111.726,32.990643],[111.725783,32.990845],[111.72578,32.990942],[111.725627,32.991126],[111.725587,32.991304],[111.725638,32.991444],[111.725858,32.991525],[111.726201,32.991585],[111.726585,32.991831],[111.726609,32.991876],[111.726588,32.991945],[111.726424,32.992017],[111.725855,32.992164],[111.725786,32.992267],[111.725815,32.992611],[111.726094,32.993084],[111.726338,32.99372],[111.726352,32.99397],[111.7278,32.993795],[111.728784,32.993363],[111.729227,32.993117],[111.729616,32.992944],[111.729831,32.992757],[111.730158,32.993072],[111.730134,32.993108],[111.729651,32.993288],[111.729656,32.99339],[111.72997,32.993912],[111.729994,32.99406],[111.730635,32.993822],[111.730815,32.993707],[111.731298,32.993302],[111.731789,32.993052],[111.732177,32.993045],[111.732741,32.992901],[111.732869,32.992897],[111.733462,32.993828],[111.733639,32.99393],[111.733856,32.993988],[111.734058,32.994002],[111.734326,32.994148],[111.734543,32.994053],[111.73475,32.993903],[111.734873,32.993531],[111.734889,32.993396],[111.734683,32.992364],[111.73457,32.992215],[111.734471,32.991972],[111.735176,32.991923],[111.736657,32.991714],[111.736815,32.99172],[111.738011,32.99148],[111.737896,32.991297],[111.737818,32.990881],[111.737695,32.990638],[111.737703,32.990564],[111.738094,32.990418],[111.73814,32.990427],[111.738344,32.990823],[111.738725,32.990686],[111.739696,32.990438],[111.739953,32.990312],[111.740487,32.990179],[111.740594,32.990278],[111.740849,32.990713],[111.7409,32.990899],[111.740999,32.991039],[111.7412,32.99085],[111.741455,32.990706],[111.741729,32.990452],[111.742418,32.990085],[111.742601,32.990076],[111.742965,32.990346],[111.742989,32.990429],[111.742906,32.990578],[111.742877,32.990764],[111.742979,32.990917],[111.743274,32.990964],[111.743325,32.990998],[111.743807,32.991891],[111.744288,32.992418],[111.744695,32.992697],[111.745001,32.993007],[111.745124,32.993203],[111.7452,32.993484],[111.745192,32.993662],[111.745023,32.993941],[111.745039,32.994029],[111.745513,32.994746],[111.745409,32.994762],[111.745401,32.994791],[111.745645,32.995183],[111.745527,32.99527],[111.745755,32.995678],[111.745728,32.995792],[111.745639,32.995891],[111.745645,32.995932],[111.745959,32.996415],[111.746455,32.997369],[111.747501,32.998885],[111.74752,32.999007],[111.747455,32.999248],[111.747281,32.999605],[111.747179,33.000071],[111.747284,33.000462],[111.747367,33.000564],[111.747729,33.000653],[111.747973,33.000838],[111.748008,33.000928],[111.747989,33.001178],[111.747901,33.001445],[111.747882,33.002521],[111.747965,33.002703],[111.748407,33.003166],[111.748654,33.003319],[111.748904,33.003405],[111.749059,33.003501],[111.749137,33.003596],[111.749129,33.003758],[111.749086,33.003861],[111.74896,33.003969],[111.747791,33.004691],[111.747643,33.004842],[111.747597,33.004905],[111.747595,33.004984],[111.747737,33.005051],[111.748453,33.005134],[111.749408,33.005062],[111.749547,33.005008],[111.74973,33.004815],[111.749899,33.004714],[111.750532,33.00454],[111.750856,33.004691],[111.751092,33.004693],[111.751809,33.004444],[111.752273,33.004235],[111.752627,33.004385],[111.75305,33.004664],[111.753241,33.004734],[111.753611,33.004943],[111.753726,33.00504],[111.753927,33.005128],[111.754086,33.005141],[111.754442,33.00499],[111.754872,33.004952],[111.755676,33.005038],[111.756304,33.005069],[111.756492,33.004939],[111.756599,33.00481],[111.756897,33.004334],[111.75731,33.0032],[111.757425,33.002957],[111.757441,33.002539],[111.757548,33.002028],[111.757688,33.001765],[111.757929,33.001616],[111.758581,33.001326],[111.759278,33.000831],[111.759678,33.000629],[111.759834,33.000514],[111.759895,33.000393],[111.759882,33.000242],[111.759989,32.999929],[111.760746,32.999473],[111.761169,32.99932],[111.761934,32.99923],[111.762618,32.999223],[111.76287,32.999286],[111.763377,32.999293],[111.764495,32.999038],[111.764619,32.999047],[111.765228,32.999335],[111.765794,32.999763],[111.766314,33.000089],[111.766467,33.0001],[111.766668,33.000177],[111.767027,33.000339],[111.767167,33.000447],[111.767365,33.000177],[111.767636,32.999947],[111.768843,32.999155],[111.769187,32.998865],[111.769447,32.998714],[111.769575,32.998593],[111.769758,32.998498],[111.769873,32.998474],[111.770439,32.998049],[111.771882,32.997383],[111.772239,32.997261],[111.772625,32.997194],[111.773282,32.996964],[111.773475,32.996852],[111.773838,32.99678],[111.77391,32.996688],[111.774731,32.996211],[111.775082,32.995794],[111.775227,32.995671],[111.775554,32.995482],[111.77582,32.995394],[111.776243,32.995311],[111.776581,32.995304],[111.776992,32.99512],[111.777493,32.994962],[111.777778,32.994944],[111.778263,32.99503],[111.778421,32.995014],[111.778934,32.994814],[111.779323,32.994496],[111.780243,32.993486],[111.780527,32.993093],[111.780594,32.992922],[111.780814,32.992548],[111.781208,32.991979],[111.781383,32.991822],[111.781565,32.99157],[111.781879,32.991342],[111.782284,32.991185],[111.782627,32.991178],[111.782863,32.991264],[111.783174,32.991248],[111.783338,32.991176],[111.783628,32.990962],[111.784896,32.990389],[111.786017,32.990276],[111.786251,32.990139],[111.786559,32.989799],[111.786691,32.989698],[111.787198,32.989516],[111.787396,32.989493],[111.787688,32.98979],[111.78779,32.98995],[111.788101,32.99076],[111.788477,32.992011],[111.788386,32.992422],[111.78834,32.992958],[111.788415,32.993511],[111.788493,32.993729],[111.788598,32.993898],[111.788611,32.994013],[111.78856,32.994206],[111.788477,32.994337],[111.788013,32.994926],[111.787632,32.995331],[111.787281,32.99563],[111.78709,32.995837],[111.786921,32.99615],[111.786932,32.996535],[111.787088,32.99689],[111.787173,32.99696],[111.787254,32.99709],[111.787423,32.997259],[111.787691,32.997414],[111.788198,32.997592],[111.78826,32.997659],[111.788474,32.997659],[111.789394,32.997837],[111.790148,32.998121],[111.790497,32.998175],[111.790773,32.997979],[111.79106,32.997709],[111.791908,32.996766],[111.792288,32.996269],[111.792715,32.995855],[111.792959,32.995718],[111.793562,32.995565],[111.793689,32.995552],[111.793933,32.995637],[111.794099,32.995635],[111.794351,32.995561],[111.795628,32.995054],[111.79606,32.994769],[111.796585,32.994274],[111.79713,32.993648],[111.797259,32.993549],[111.7975,32.993183],[111.797792,32.99287],[111.797851,32.99273],[111.798136,32.992384],[111.797961,32.992265],[111.797739,32.992002],[111.797441,32.991738],[111.797023,32.991572],[111.797124,32.991147],[111.797618,32.991342],[111.798313,32.991831],[111.799147,32.991009],[111.799458,32.990787],[111.800072,32.990177],[111.801108,32.989342],[111.802097,32.988688],[111.802792,32.988418],[111.803473,32.988532],[111.803682,32.988523],[111.803868,32.988472],[111.804337,32.988222],[111.804777,32.987903],[111.805281,32.987057],[111.805485,32.986805],[111.805844,32.986454],[111.806024,32.986089],[111.806445,32.986258],[111.807212,32.986852],[111.807526,32.986969],[111.808481,32.987471],[111.808545,32.987565],[111.808757,32.987635],[111.809178,32.987986],[111.809656,32.988094],[111.809782,32.988078],[111.810088,32.987907],[111.81031,32.987648],[111.81038,32.987516],[111.810417,32.98732],[111.810409,32.986766],[111.810498,32.986595],[111.810651,32.986449],[111.810943,32.986278],[111.811211,32.986071],[111.81192,32.985266],[111.812225,32.984987],[111.812958,32.984811],[111.81321,32.984816],[111.81392,32.985171],[111.814529,32.985423],[111.814741,32.985434],[111.815586,32.985369],[111.816321,32.985452],[111.817018,32.985457],[111.817885,32.985277],[111.81852,32.985066],[111.819368,32.984478],[111.819639,32.984202],[111.820537,32.983434],[111.821187,32.982955],[111.82175,32.982719],[111.822227,32.982606],[111.82264,32.98257],[111.822943,32.982582],[111.824032,32.982834],[111.824577,32.982919],[111.824724,32.982899],[111.824743,32.982498],[111.825121,32.98183],[111.825406,32.981551],[111.825663,32.981355],[111.827125,32.98048],[111.827216,32.98046],[111.827425,32.980489],[111.828032,32.980788],[111.828171,32.980784],[111.828281,32.980683],[111.828488,32.980262],[111.828844,32.979666],[111.82904,32.979409],[111.829311,32.979177],[111.829619,32.978991],[111.829788,32.978959],[111.830309,32.979022],[111.830668,32.979004],[111.831312,32.978667],[111.831532,32.978498],[111.831749,32.978239],[111.832141,32.97762],[111.833358,32.976536],[111.833458,32.976302],[111.833487,32.975589],[111.833611,32.975159],[111.833967,32.974661],[111.834911,32.973755],[111.835174,32.973561],[111.83596,32.97314],[111.836298,32.973064],[111.83713,32.973003],[111.837264,32.972906],[111.837535,32.972603],[111.838114,32.972105],[111.838337,32.971955],[111.838994,32.971673],[111.839592,32.971507],[111.840163,32.971394],[111.840643,32.97136],[111.841518,32.971156],[111.841907,32.972009],[111.842505,32.972891],[111.842845,32.973293],[111.843258,32.973653],[111.843661,32.973901],[111.844532,32.973669],[111.84689,32.973188],[111.847099,32.973113],[111.847046,32.972605],[111.847386,32.972504],[111.847751,32.972328],[111.847791,32.972252],[111.847201,32.971412],[111.847563,32.970841],[111.848357,32.969916],[111.849336,32.968689],[111.849642,32.968255],[111.849865,32.967841],[111.850238,32.96702],[111.850793,32.966336],[111.851023,32.966124],[111.851377,32.965904],[111.852137,32.965638],[111.852635,32.965523],[111.853773,32.965462],[111.854132,32.965404],[111.85439,32.965307],[111.854993,32.96359],[111.855272,32.962535],[111.855347,32.962024],[111.85561,32.960883],[111.855607,32.960325],[111.855548,32.959933],[111.855562,32.959389],[111.855605,32.959256],[111.855696,32.959132],[111.856028,32.95895],[111.856042,32.958752],[111.856098,32.958657],[111.856342,32.958511],[111.856243,32.95798],[111.85612,32.957593],[111.856125,32.957498],[111.855492,32.957241],[111.854746,32.957095],[111.85524,32.956771],[111.855023,32.956402],[111.854977,32.956411],[111.85502,32.955983],[111.8552,32.955079],[111.855291,32.954795],[111.8555,32.953746],[111.855669,32.953098],[111.855699,32.952835],[111.854408,32.95281],[111.854441,32.952486],[111.856173,32.952418],[111.856428,32.952371],[111.856597,32.952031],[111.856809,32.952027],[111.857614,32.951896],[111.858011,32.951923],[111.858877,32.952074],[111.858901,32.951721],[111.859714,32.951835],[111.859826,32.951025],[111.860462,32.950942],[111.860296,32.950818],[111.858813,32.949288],[111.856275,32.947482],[111.855664,32.947208],[111.854942,32.947095],[111.854111,32.946868],[111.853303,32.946359],[111.852772,32.94592],[111.849162,32.944824],[111.847719,32.944342],[111.845581,32.943775],[111.844136,32.943294],[111.843497,32.943158],[111.840348,32.943224],[111.839994,32.943066],[111.839597,32.943222],[111.830636,32.943645],[111.830306,32.941754],[111.830314,32.939949],[111.830352,32.939199],[111.83081,32.937063],[111.831231,32.937022],[111.831366,32.936626],[111.831843,32.935577],[111.831958,32.934929],[111.8321,32.93388],[111.832178,32.9317],[111.832251,32.930557],[111.832106,32.929834],[111.831851,32.929229],[111.831945,32.928936],[111.832594,32.928943],[111.832771,32.928661],[111.832755,32.928348],[111.832173,32.9282],[111.830982,32.928137],[111.829834,32.927921],[111.82926,32.927682],[111.828702,32.927196],[111.828171,32.926592],[111.827106,32.925059],[111.826436,32.924526],[111.825489,32.923924],[111.82382,32.923118],[111.822622,32.922263],[111.82209,32.921682],[111.821747,32.92043],[111.821522,32.92011],[111.821406,32.919689],[111.821294,32.919007],[111.821364,32.918383],[111.821522,32.917728],[111.820886,32.917625],[111.820157,32.91773],[111.819867,32.918329],[111.818577,32.918185],[111.815731,32.917985],[111.813993,32.917622],[111.813177,32.917287],[111.811461,32.915582],[111.810715,32.914684],[111.810637,32.914186],[111.810704,32.913563],[111.81068,32.910791],[111.810452,32.910045],[111.810404,32.908953],[111.810455,32.907262],[111.810597,32.905799],[111.810828,32.905274],[111.811,32.904675],[111.811083,32.904024],[111.811018,32.903477],[111.810358,32.902308],[111.809967,32.901538],[111.809814,32.90104],[111.809916,32.89927],[111.809763,32.898646],[111.80943,32.897826],[111.809012,32.897331],[111.807792,32.896441],[111.805834,32.895606],[111.803463,32.894896],[111.801537,32.894462],[111.800174,32.893996],[111.799608,32.893574],[111.799426,32.892953],[111.799659,32.892527],[111.800863,32.891897],[111.801303,32.891419],[111.801623,32.89077],[111.801676,32.890122],[111.801714,32.887676],[111.801824,32.886804],[111.802046,32.885455],[111.802127,32.884531],[111.801936,32.883063],[111.801542,32.881842],[111.801,32.880774],[111.800255,32.87988],[111.799273,32.879213],[111.797757,32.8784],[111.793101,32.876584],[111.7915,32.875873],[111.790435,32.875141],[111.788796,32.875141],[111.78838,32.875249],[111.787737,32.875289],[111.787399,32.875573],[111.787133,32.876341],[111.786709,32.876839],[111.78657,32.877116],[111.786457,32.878064],[111.786331,32.878553],[111.786192,32.878893],[111.785991,32.879173],[111.785462,32.879767]]]}},{"type":"Feature","properties":{"regionCode":"411325103","sourceCode":"411325103000","name":"马山口镇","sourceName":"马山口镇","parentCode":"411325","parentName":"内乡县","regionLevel":"township","regionType":"town","isManagementZone":false,"source":"ruiduobao","sourceVersion":"mixed-legacy~2018-2020","geometryRepaired":false,"match2020":true,"match2023":true},"geometry":{"type":"Polygon","coordinates":[[[111.981068,33.154134],[111.981009,33.154318],[111.980663,33.156476],[111.980365,33.157554],[111.979933,33.159413],[111.979676,33.160203],[111.97945,33.161272],[111.979284,33.161887],[111.979297,33.162132],[111.979225,33.162642],[111.979,33.163367],[111.978962,33.163722],[111.978892,33.163967],[111.978766,33.164829],[111.978758,33.165069],[111.9786,33.16603],[111.978589,33.166735],[111.978635,33.16735],[111.97863,33.167766],[111.978946,33.168581],[111.978149,33.168679],[111.977637,33.16878],[111.976352,33.169099],[111.975381,33.169227],[111.974614,33.169286],[111.974673,33.170184],[111.974724,33.170222],[111.974751,33.17092],[111.974802,33.173897],[111.974832,33.174122],[111.974756,33.17422],[111.965704,33.174732],[111.965669,33.174865],[111.965141,33.174831],[111.965025,33.174901],[111.96494,33.17502],[111.964631,33.175262],[111.963531,33.175412],[111.962992,33.175632],[111.961697,33.176472],[111.961576,33.176241],[111.961418,33.1762],[111.961386,33.176138],[111.961375,33.175664],[111.961286,33.175237],[111.961238,33.1748],[111.961155,33.17453],[111.959358,33.174822],[111.959269,33.174871],[111.959218,33.174961],[111.959141,33.175244],[111.959047,33.175356],[111.958875,33.175462],[111.957403,33.175653],[111.956823,33.175668],[111.956319,33.175567],[111.955168,33.175621],[111.955257,33.175417],[111.955278,33.175215],[111.955241,33.174874],[111.955115,33.174721],[111.954964,33.174647],[111.954884,33.174267],[111.954787,33.174173],[111.954323,33.174169],[111.95424,33.174128],[111.954216,33.174032],[111.954227,33.17363],[111.954106,33.173354],[111.953814,33.17303],[111.953594,33.172685],[111.953342,33.172105],[111.953234,33.171735],[111.953004,33.171504],[111.952797,33.171459],[111.952526,33.171519],[111.952312,33.171526],[111.952137,33.171475],[111.952073,33.171369],[111.952052,33.17088],[111.951942,33.170711],[111.951663,33.170527],[111.951166,33.171221],[111.950879,33.171686],[111.950858,33.171872],[111.951027,33.172294],[111.951105,33.172606],[111.951153,33.173057],[111.951158,33.173491],[111.950633,33.173623],[111.95056,33.173529],[111.95026,33.17336],[111.949541,33.173367],[111.9485,33.173464],[111.94773,33.173468],[111.947438,33.173235],[111.947232,33.172871],[111.947119,33.172804],[111.9468,33.172801],[111.946631,33.172858],[111.946443,33.172853],[111.945078,33.172453],[111.944898,33.172382],[111.944702,33.172211],[111.944557,33.172132],[111.944297,33.172045],[111.943957,33.173091],[111.943696,33.173679],[111.943715,33.173792],[111.943844,33.173919],[111.943662,33.174404],[111.943619,33.17491],[111.943495,33.175738],[111.94349,33.176106],[111.944426,33.176178],[111.945362,33.176703],[111.945359,33.176941],[111.945126,33.177709],[111.945542,33.177904],[111.945367,33.179148],[111.944812,33.179413],[111.94408,33.17988],[111.943774,33.180019],[111.943257,33.180194],[111.942345,33.180603],[111.941419,33.181135],[111.9407,33.181357],[111.940038,33.181397],[111.939196,33.181388],[111.93915,33.181626],[111.939027,33.18179],[111.939319,33.182039],[111.939713,33.182672],[111.939788,33.182928],[111.939751,33.183193],[111.939593,33.183445],[111.939628,33.1836],[111.939732,33.183761],[111.940046,33.184468],[111.940129,33.185038],[111.940043,33.185193],[111.939864,33.185339],[111.939805,33.185797],[111.939957,33.186165],[111.939963,33.186733],[111.940239,33.187903],[111.940236,33.188349],[111.940169,33.188493],[111.940059,33.188551],[111.939751,33.188605],[111.939418,33.188751],[111.939308,33.188924],[111.939319,33.189355],[111.939552,33.18988],[111.939542,33.190004],[111.939341,33.190246],[111.939276,33.190686],[111.939324,33.190888],[111.93967,33.19122],[111.939888,33.191382],[111.940172,33.191371],[111.940242,33.191398],[111.940566,33.191975],[111.940666,33.192028],[111.940824,33.192073],[111.941599,33.192042],[111.941733,33.192107],[111.941722,33.192468],[111.941768,33.192962],[111.94128,33.193027],[111.940942,33.193003],[111.940953,33.19305],[111.940808,33.193227],[111.940628,33.193306],[111.940609,33.193427],[111.940738,33.194201],[111.940931,33.194399],[111.941038,33.194625],[111.941159,33.195139],[111.941575,33.195718],[111.941824,33.195833],[111.942055,33.195826],[111.942318,33.195718],[111.942377,33.195732],[111.942465,33.195914],[111.942618,33.196414],[111.943002,33.196845],[111.943278,33.197283],[111.943485,33.198457],[111.943603,33.198717],[111.943739,33.198798],[111.943798,33.198879],[111.943734,33.199027],[111.943688,33.199336],[111.944152,33.200003],[111.944364,33.200376],[111.944793,33.200876],[111.944901,33.201352],[111.944925,33.201639],[111.945062,33.201908],[111.945376,33.202252],[111.945563,33.202355],[111.945751,33.202371],[111.945896,33.202431],[111.946054,33.202678],[111.946027,33.203109],[111.9457,33.203542],[111.945671,33.203731],[111.945797,33.204056],[111.945899,33.204189],[111.946336,33.204234],[111.946422,33.20435],[111.946443,33.204651],[111.946513,33.204956],[111.946438,33.205185],[111.946049,33.205477],[111.94592,33.205638],[111.945907,33.205906],[111.945719,33.206572],[111.945767,33.20797],[111.945837,33.208022],[111.947073,33.207827],[111.947253,33.207845],[111.947642,33.207948],[111.947685,33.207984],[111.948176,33.208051],[111.948398,33.208177],[111.949157,33.208226],[111.949259,33.208177],[111.949273,33.208112],[111.949648,33.208087],[111.950694,33.20821],[111.950815,33.208107],[111.951421,33.208042],[111.951679,33.207966],[111.952081,33.20791],[111.952078,33.208006],[111.952178,33.208406],[111.95229,33.208679],[111.952371,33.209963],[111.952242,33.210497],[111.952062,33.210807],[111.952223,33.211289],[111.951909,33.213311],[111.952161,33.213657],[111.95229,33.213962],[111.952593,33.215616],[111.95291,33.216462],[111.952966,33.216946],[111.952904,33.21707],[111.952175,33.217884],[111.951931,33.218436],[111.951923,33.218587],[111.952215,33.219051],[111.952631,33.219522],[111.952835,33.219893],[111.952996,33.220052],[111.953505,33.220308],[111.953645,33.220422],[111.95369,33.220514],[111.953336,33.220759],[111.953191,33.220909],[111.953119,33.221026],[111.953057,33.221273],[111.952996,33.221362],[111.952156,33.221457],[111.950684,33.221921],[111.950367,33.222004],[111.949941,33.222038],[111.949565,33.222157],[111.949356,33.222255],[111.949222,33.222356],[111.948618,33.222929],[111.948122,33.223267],[111.947739,33.223368],[111.947124,33.223415],[111.945405,33.224208],[111.944689,33.224454],[111.94423,33.224475],[111.943329,33.224369],[111.942581,33.224887],[111.942304,33.225121],[111.942149,33.22581],[111.941991,33.226124],[111.941814,33.226339],[111.941207,33.22653],[111.940293,33.226747],[111.939526,33.227293],[111.939019,33.227551],[111.938187,33.227688],[111.937774,33.227903],[111.937337,33.228047],[111.936865,33.228125],[111.936339,33.228132],[111.935725,33.22823],[111.934547,33.228675],[111.934279,33.228917],[111.934022,33.229056],[111.933558,33.229202],[111.933413,33.229289],[111.933214,33.229435],[111.93293,33.229709],[111.932729,33.230124],[111.932745,33.230546],[111.932925,33.231201],[111.932879,33.231331],[111.932638,33.231603],[111.932211,33.231986],[111.932034,33.232197],[111.93157,33.232572],[111.931256,33.232884],[111.930875,33.233104],[111.930315,33.233276],[111.930001,33.233409],[111.929886,33.233492],[111.929545,33.233595],[111.928944,33.234295],[111.928759,33.2344],[111.928451,33.234486],[111.928271,33.234499],[111.927759,33.234773],[111.927332,33.234941],[111.927198,33.235132],[111.926868,33.235394],[111.926721,33.235702],[111.926595,33.236238],[111.926461,33.236455],[111.925691,33.237045],[111.925364,33.237413],[111.925111,33.237604],[111.924926,33.237712],[111.924529,33.237783],[111.924143,33.237923],[111.923368,33.238508],[111.922962,33.238867],[111.92207,33.239087],[111.921799,33.239212],[111.921528,33.239495],[111.921295,33.240235],[111.920975,33.240839],[111.920828,33.241048],[111.920098,33.241633],[111.919551,33.24221],[111.919154,33.242954],[111.918422,33.244107],[111.91806,33.244217],[111.917864,33.244352],[111.917357,33.244872],[111.916088,33.245752],[111.915689,33.245954],[111.915206,33.246023],[111.914737,33.246182],[111.914404,33.246205],[111.91398,33.246382],[111.913114,33.247232],[111.912891,33.247356],[111.91228,33.247452],[111.911845,33.247714],[111.911716,33.247757],[111.91158,33.247764],[111.911137,33.247685],[111.911046,33.247694],[111.910813,33.247795],[111.910678,33.247905],[111.910163,33.248641],[111.909933,33.248805],[111.909021,33.249363],[111.908361,33.249466],[111.908114,33.249554],[111.907605,33.250184],[111.907377,33.25035],[111.907192,33.250534],[111.907127,33.250684],[111.906808,33.250956],[111.905842,33.251999],[111.905424,33.252488],[111.905234,33.252782],[111.905054,33.2533],[111.904928,33.253827],[111.904925,33.254069],[111.904831,33.254547],[111.904643,33.255002],[111.904544,33.255462],[111.904558,33.255731],[111.904351,33.255688],[111.904161,33.255695],[111.903179,33.255771],[111.903133,33.255841],[111.903107,33.256525],[111.903163,33.257294],[111.903099,33.257568],[111.902991,33.257651],[111.902141,33.257765],[111.901672,33.257792],[111.90132,33.257893],[111.900443,33.258367],[111.89992,33.258772],[111.89966,33.259028],[111.899467,33.259385],[111.899416,33.25954],[111.899421,33.259995],[111.899386,33.260425],[111.899263,33.260782],[111.899437,33.261127],[111.89981,33.262132],[111.900113,33.262753],[111.900124,33.262949],[111.900027,33.263233],[111.899714,33.263792],[111.899684,33.264133],[111.899711,33.264357],[111.899542,33.264828],[111.899542,33.265052],[111.899665,33.265241],[111.900078,33.265723],[111.900127,33.265831],[111.900124,33.266039],[111.899987,33.266689],[111.900052,33.266968],[111.900422,33.267434],[111.900642,33.267977],[111.90088,33.268403],[111.900996,33.268542],[111.901001,33.268609],[111.900585,33.269228],[111.900274,33.269778],[111.900199,33.270051],[111.900164,33.270329],[111.900006,33.270883],[111.900068,33.271217],[111.900046,33.271352],[111.899955,33.271585],[111.899781,33.271769],[111.899579,33.272229],[111.899459,33.272913],[111.89941,33.273585],[111.899453,33.273994],[111.899633,33.274668],[111.899585,33.275503],[111.899397,33.276182],[111.899384,33.27659],[111.899276,33.277377],[111.899142,33.277711],[111.899102,33.277956],[111.899633,33.278093],[111.900489,33.278167],[111.900929,33.278124],[111.901157,33.278064],[111.901301,33.2782],[111.901368,33.278319],[111.901194,33.278761],[111.901208,33.279025],[111.901326,33.279274],[111.901336,33.279409],[111.901162,33.279552],[111.90084,33.279633],[111.900789,33.279606],[111.900703,33.279461],[111.900371,33.279438],[111.900175,33.279476],[111.900237,33.279687],[111.90025,33.279958],[111.900127,33.280887],[111.900191,33.281021],[111.900395,33.281048],[111.901599,33.280985],[111.901814,33.280929],[111.902082,33.281606],[111.902176,33.281714],[111.901985,33.281817],[111.901924,33.281936],[111.901953,33.282133],[111.902026,33.282277],[111.902018,33.28236],[111.901827,33.28268],[111.901234,33.283163],[111.900819,33.283342],[111.900194,33.28377],[111.900137,33.283889],[111.90014,33.283965],[111.90025,33.284136],[111.900306,33.28429],[111.900288,33.284441],[111.90007,33.284932],[111.900116,33.284994],[111.90029,33.285048],[111.90054,33.285059],[111.900663,33.285026],[111.900835,33.28482],[111.900998,33.284467],[111.901221,33.284369],[111.901669,33.284369],[111.901814,33.284528],[111.901948,33.284739],[111.903064,33.2859],[111.903611,33.286797],[111.903536,33.286817],[111.902356,33.286324],[111.901642,33.286178],[111.901382,33.286084],[111.900545,33.285871],[111.900642,33.286086],[111.901012,33.286512],[111.901307,33.286974],[111.90169,33.287432],[111.902047,33.287799],[111.902342,33.288313],[111.902396,33.288566],[111.902575,33.288992],[111.902557,33.289207],[111.902519,33.289306],[111.902522,33.289456],[111.902605,33.289923],[111.902712,33.290122],[111.902946,33.290396],[111.903131,33.290528],[111.903683,33.291109],[111.903745,33.291223],[111.903748,33.291333],[111.903681,33.29151],[111.90356,33.291611],[111.90309,33.291714],[111.902259,33.291736],[111.901787,33.291615],[111.901564,33.29162],[111.901862,33.292003],[111.901838,33.292113],[111.901591,33.29262],[111.901575,33.292786],[111.901618,33.292866],[111.901642,33.293035],[111.901741,33.293214],[111.902262,33.293496],[111.902511,33.293732],[111.902728,33.294223],[111.902862,33.294608],[111.902881,33.294763],[111.903163,33.295532],[111.903214,33.295776],[111.903217,33.29605],[111.903324,33.296297],[111.903509,33.296514],[111.903855,33.296667],[111.904362,33.296512],[111.904539,33.296424],[111.905757,33.296218],[111.906304,33.295996],[111.906572,33.295637],[111.906942,33.295342],[111.9072,33.295077],[111.90728,33.295052],[111.907468,33.295355],[111.907731,33.295969],[111.907867,33.296218],[111.90805,33.296436],[111.908149,33.296673],[111.90813,33.296942],[111.907969,33.297133],[111.907817,33.297406],[111.907629,33.297651],[111.907645,33.297837],[111.907752,33.298245],[111.907929,33.298655],[111.90812,33.29885],[111.908401,33.299287],[111.908415,33.29955],[111.908538,33.299803],[111.908801,33.300029],[111.90883,33.30009],[111.90879,33.300292],[111.908433,33.300493],[111.908211,33.300686],[111.908227,33.300704],[111.908085,33.300789],[111.908085,33.300841],[111.908613,33.300939],[111.908745,33.301002],[111.909337,33.300666],[111.909431,33.300664],[111.909512,33.300706],[111.910359,33.301616],[111.910737,33.302385],[111.910772,33.302621],[111.910839,33.30274],[111.910654,33.302724],[111.909415,33.303352],[111.909243,33.303739],[111.909091,33.303753],[111.908927,33.303704],[111.908691,33.303466],[111.908549,33.30345],[111.908385,33.303502],[111.908093,33.303704],[111.907921,33.303905],[111.90768,33.303988],[111.907562,33.3041],[111.907535,33.304304],[111.90739,33.304531],[111.907382,33.304681],[111.907929,33.304898],[111.908578,33.305062],[111.908911,33.3053],[111.909329,33.305526],[111.909954,33.30603],[111.910397,33.306196],[111.910775,33.306277],[111.91096,33.306351],[111.911078,33.306624],[111.911215,33.306793],[111.91125,33.3069],[111.911387,33.307102],[111.911628,33.307786],[111.911746,33.308025],[111.911834,33.308427],[111.912033,33.308909],[111.912071,33.309319],[111.912124,33.309543],[111.912387,33.310193],[111.912489,33.310574],[111.912771,33.31113],[111.912993,33.31193],[111.91305,33.311973],[111.913235,33.311959],[111.913575,33.312015],[111.914138,33.312273],[111.914844,33.312686],[111.914959,33.312726],[111.915177,33.313013],[111.915388,33.313466],[111.915627,33.313786],[111.915729,33.314427],[111.915705,33.314589],[111.915641,33.314701],[111.916016,33.314936],[111.916228,33.315192],[111.91637,33.315259],[111.916451,33.315378],[111.916611,33.315478],[111.916775,33.315651],[111.917145,33.315907],[111.917405,33.316028],[111.917813,33.31616],[111.91825,33.316404],[111.918441,33.316478],[111.918706,33.316783],[111.919103,33.316935],[111.919245,33.317045],[111.919481,33.317431],[111.919589,33.317765],[111.920214,33.31828],[111.920431,33.318684],[111.920694,33.319074],[111.921059,33.319439],[111.921394,33.320291],[111.921861,33.320849],[111.922292,33.321272],[111.922456,33.321552],[111.922794,33.321873],[111.923392,33.321828],[111.924379,33.321651],[111.925581,33.321741],[111.92601,33.321889],[111.926356,33.322117],[111.926908,33.322384],[111.927088,33.322581],[111.927268,33.322669],[111.92814,33.322906],[111.928405,33.32292],[111.928679,33.322978],[111.928883,33.323054],[111.928993,33.32313],[111.929548,33.323198],[111.930833,33.323449],[111.93127,33.323581],[111.931613,33.32374],[111.931975,33.324096],[111.932249,33.324437],[111.932852,33.324964],[111.932997,33.325069],[111.933593,33.325336],[111.933831,33.325533],[111.93392,33.32567],[111.934242,33.3267],[111.934378,33.326983],[111.93451,33.327104],[111.934687,33.327364],[111.934816,33.327427],[111.93569,33.327606],[111.935878,33.327725],[111.936342,33.328184],[111.936516,33.328272],[111.937023,33.328375],[111.937761,33.32859],[111.938635,33.328921],[111.938775,33.328928],[111.939456,33.329188],[111.940569,33.330221],[111.94099,33.330708],[111.941146,33.330822],[111.941964,33.331272],[111.942366,33.33168],[111.942562,33.331774],[111.943434,33.331911],[111.943654,33.332373],[111.943892,33.332718],[111.943938,33.332964],[111.944112,33.333401],[111.944257,33.333569],[111.944337,33.333809],[111.944346,33.334407],[111.944187,33.334569],[111.943208,33.335122],[111.942406,33.33573],[111.94194,33.336276],[111.941749,33.336339],[111.94169,33.3364],[111.941693,33.336478],[111.942087,33.336615],[111.942755,33.33691],[111.942913,33.337049],[111.943012,33.337448],[111.943326,33.337894],[111.943798,33.338118],[111.94405,33.338177],[111.944359,33.338631],[111.94471,33.338914],[111.945145,33.339402],[111.945536,33.339671],[111.945829,33.339734],[111.946558,33.339223],[111.9468,33.338826],[111.947052,33.338569],[111.947194,33.338526],[111.947709,33.338959],[111.948162,33.338954],[111.948345,33.338804],[111.948712,33.338676],[111.948937,33.338694],[111.949616,33.338943],[111.950048,33.338786],[111.950262,33.338768],[111.950469,33.338872],[111.950713,33.339156],[111.950987,33.340189],[111.951142,33.34044],[111.951212,33.340727],[111.951496,33.341105],[111.95192,33.3415],[111.952234,33.341724],[111.952658,33.341981],[111.953377,33.342279],[111.953999,33.342378],[111.954562,33.342385],[111.954736,33.342248],[111.954825,33.34167],[111.955152,33.340955],[111.955353,33.340841],[111.956067,33.340747],[111.95659,33.340765],[111.957008,33.340874],[111.95744,33.340904],[111.957859,33.34089],[111.958486,33.340444],[111.959098,33.339844],[111.959379,33.33979],[111.959715,33.339958],[111.959859,33.340283],[111.960211,33.340704],[111.960433,33.341031],[111.960704,33.341188],[111.961192,33.341186],[111.962394,33.340039],[111.965133,33.338311],[111.967453,33.336292],[111.967547,33.336287],[111.967981,33.335998],[111.968528,33.335712],[111.969027,33.335371],[111.969639,33.33512],[111.9698,33.33508],[111.970215,33.335086],[111.97091,33.335003],[111.971551,33.334983],[111.971739,33.33488],[111.97219,33.335167],[111.972369,33.335324],[111.972831,33.335886],[111.973056,33.336323],[111.973439,33.336834],[111.97371,33.337327],[111.973906,33.338107],[111.974979,33.337681],[111.976047,33.337173],[111.97658,33.337074],[111.978343,33.336433],[111.978817,33.336184],[111.978973,33.336054],[111.979136,33.335985],[111.979359,33.335824],[111.979627,33.336285],[111.979705,33.336489],[111.979831,33.33661],[111.979941,33.336702],[111.980172,33.336816],[111.980451,33.336899],[111.980606,33.337002],[111.980955,33.337361],[111.981111,33.337477],[111.981666,33.337576],[111.982132,33.33754],[111.982293,33.337585],[111.982875,33.337966],[111.983028,33.338105],[111.983197,33.338354],[111.983428,33.339046],[111.983546,33.339012],[111.983675,33.33908],[111.983994,33.339122],[111.984268,33.338999],[111.985273,33.339001],[111.985407,33.339019],[111.985799,33.339183],[111.986767,33.339275],[111.986859,33.339313],[111.988066,33.340554],[111.988243,33.340693],[111.988479,33.340821],[111.988851,33.341251],[111.989112,33.341417],[111.989407,33.341724],[111.989613,33.341856],[111.989806,33.342082],[111.98993,33.342302],[111.990466,33.342154],[111.990726,33.341934],[111.991121,33.341376],[111.991273,33.341255],[111.99152,33.341161],[111.991673,33.341323],[111.991834,33.341432],[111.992121,33.341511],[111.992789,33.341784],[111.993172,33.34186],[111.993454,33.342011],[111.993856,33.342149],[111.994519,33.342167],[111.994707,33.342129],[111.995224,33.342134],[111.995447,33.342089],[111.995718,33.341975],[111.995796,33.341845],[111.996544,33.341078],[111.996799,33.340899],[111.996936,33.340854],[111.997054,33.34098],[111.997418,33.341237],[111.997638,33.341343],[111.998137,33.341479],[111.998352,33.341466],[111.998443,33.341426],[111.998915,33.341128],[111.999191,33.340883],[111.999548,33.340758],[111.999666,33.340769],[112.00009,33.34091],[112.000535,33.340827],[112.001149,33.34078],[112.001739,33.340789],[112.001731,33.340487],[112.001766,33.340211],[112.001833,33.339951],[112.001943,33.33983],[112.002324,33.339824],[112.002721,33.339873],[112.002882,33.339855],[112.003,33.339779],[112.003056,33.339698],[112.003182,33.339331],[112.003475,33.338985],[112.003727,33.338492],[112.004247,33.337943],[112.004293,33.337784],[112.004625,33.337437],[112.0051,33.337188],[112.005661,33.337298],[112.006377,33.337321],[112.00701,33.337231],[112.007434,33.337242],[112.007667,33.337204],[112.008493,33.337197],[112.008702,33.337148],[112.008906,33.337054],[112.00896,33.336996],[112.009011,33.336803],[112.009158,33.336691],[112.009365,33.336603],[112.009494,33.336583],[112.010288,33.336684],[112.01095,33.336843],[112.011411,33.336993],[112.012243,33.337139],[112.01312,33.33717],[112.013404,33.337294],[112.013823,33.337386],[112.015022,33.337419],[112.015242,33.337388],[112.015939,33.337381],[112.016258,33.33741],[112.016996,33.33769],[112.017095,33.337657],[112.01713,33.337744],[112.017328,33.337957],[112.017634,33.338194],[112.018071,33.338463],[112.019131,33.339259],[112.019681,33.339561],[112.019793,33.339707],[112.020107,33.340386],[112.020445,33.341267],[112.020665,33.341589],[112.020842,33.341735],[112.021373,33.342064],[112.02169,33.342353],[112.022336,33.342815],[112.022443,33.343003],[112.022623,33.343471],[112.022696,33.343541],[112.022843,33.343615],[112.023275,33.343709],[112.023457,33.343792],[112.024039,33.344296],[112.024662,33.344399],[112.024922,33.344556],[112.025123,33.344836],[112.025362,33.344979],[112.025496,33.345011],[112.026123,33.345038],[112.026614,33.345275],[112.026713,33.345414],[112.026968,33.34603],[112.027065,33.34614],[112.027172,33.34618],[112.027574,33.346216],[112.028087,33.346409],[112.02821,33.346499],[112.028264,33.346613],[112.028395,33.347065],[112.028666,33.347249],[112.029028,33.347379],[112.029127,33.347453],[112.029178,33.347565],[112.029119,33.34793],[112.029162,33.348024],[112.029334,33.348195],[112.030042,33.348206],[112.030168,33.348161],[112.030549,33.347899],[112.030989,33.347702],[112.031627,33.347186],[112.031904,33.347012],[112.032378,33.347251],[112.03273,33.347509],[112.033347,33.347628],[112.03354,33.347722],[112.033693,33.347845],[112.033945,33.348204],[112.034065,33.348296],[112.034419,33.348237],[112.035018,33.348],[112.035635,33.347843],[112.036316,33.347921],[112.036686,33.347888],[112.03686,33.347794],[112.03696,33.347695],[112.037048,33.347543],[112.037324,33.347525],[112.03752,33.347556],[112.037906,33.347505],[112.039374,33.346879],[112.039918,33.346828],[112.040382,33.346911],[112.040645,33.346902],[112.040873,33.346857],[112.041439,33.346481],[112.041667,33.346416],[112.042506,33.346413],[112.042699,33.346476],[112.043603,33.347063],[112.044215,33.347635],[112.044443,33.347785],[112.044545,33.348486],[112.044668,33.348627],[112.045229,33.349008],[112.045518,33.349243],[112.045687,33.349328],[112.045894,33.34936],[112.046243,33.349315],[112.04672,33.349337],[112.04786,33.349638],[112.048069,33.349779],[112.048477,33.349965],[112.048941,33.350068],[112.049531,33.350554],[112.049727,33.350677],[112.049823,33.350796],[112.050038,33.350937],[112.050687,33.351296],[112.050942,33.351374],[112.051344,33.351419],[112.051744,33.351421],[112.05268,33.351603],[112.053326,33.351856],[112.053659,33.351802],[112.054276,33.351842],[112.054568,33.352151],[112.054662,33.35221],[112.055378,33.352203],[112.055805,33.352248],[112.056011,33.35247],[112.05622,33.352768],[112.056336,33.353063],[112.056475,33.353234],[112.056837,33.353516],[112.057208,33.354184],[112.058074,33.354889],[112.058337,33.355156],[112.058524,33.355528],[112.058696,33.355734],[112.058833,33.355835],[112.059254,33.356072],[112.059646,33.356191],[112.059986,33.356337],[112.060265,33.356525],[112.060437,33.356881],[112.060563,33.356995],[112.060748,33.357087],[112.061258,33.357121],[112.061749,33.357237],[112.061872,33.357309],[112.062009,33.357495],[112.062272,33.357654],[112.062502,33.357739],[112.062609,33.357833],[112.062714,33.358012],[112.063481,33.357867],[112.063886,33.357923],[112.064224,33.358106],[112.064396,33.358286],[112.064433,33.358409],[112.064366,33.358561],[112.064337,33.358837],[112.064356,33.359274],[112.064482,33.360076],[112.064554,33.360232],[112.065152,33.360593],[112.065434,33.360801],[112.06545,33.361487],[112.06541,33.362374],[112.065831,33.362457],[112.06608,33.362616],[112.066268,33.362945],[112.066432,33.363057],[112.066995,33.363239],[112.067523,33.363214],[112.067644,33.363317],[112.0678,33.363974],[112.0681,33.364704],[112.068245,33.364899],[112.068307,33.365065],[112.068309,33.365423],[112.068492,33.365703],[112.068604,33.366066],[112.068754,33.366285],[112.068956,33.366384],[112.069331,33.366832],[112.069511,33.367237],[112.069814,33.367753],[112.070039,33.367983],[112.070045,33.368055],[112.06987,33.368326],[112.069881,33.368429],[112.070079,33.36855],[112.070248,33.368611],[112.070439,33.368579],[112.070594,33.368599],[112.071136,33.368747],[112.071563,33.368792],[112.072984,33.368566],[112.0738,33.368608],[112.07406,33.368664],[112.074409,33.368792],[112.074991,33.368794],[112.07516,33.36883],[112.07543,33.368635],[112.075844,33.368461],[112.076093,33.368503],[112.076369,33.368689],[112.076678,33.368767],[112.076908,33.368758],[112.077281,33.36859],[112.077777,33.368418],[112.077968,33.368409],[112.078225,33.368427],[112.078579,33.368644],[112.079041,33.368707],[112.078925,33.368447],[112.079462,33.368015],[112.084011,33.366716],[112.085929,33.366447],[112.088992,33.36642],[112.090193,33.36646],[112.09139,33.366095],[112.09235,33.365987],[112.093133,33.366332],[112.094404,33.367128],[112.095367,33.367271],[112.096207,33.367112],[112.096204,33.36681],[112.095641,33.365002],[112.096116,33.364543],[112.096526,33.363884],[112.096556,33.361364],[112.098833,33.361043],[112.101172,33.360667],[112.102008,33.360358],[112.102244,33.360103],[112.102239,33.359702],[112.10229,33.359047],[112.103894,33.357519],[112.104307,33.35691],[112.104353,33.355801],[112.104339,33.354744],[112.103481,33.353339],[112.103232,33.352738],[112.104235,33.351168],[112.104463,33.350408],[112.10494,33.350202],[112.105359,33.349797],[112.106557,33.349761],[112.107035,33.349429],[112.107748,33.349019],[112.108953,33.34921],[112.110334,33.349349],[112.111533,33.349086],[112.112912,33.348923],[112.115312,33.3488],[112.117042,33.348078],[112.117404,33.348076],[112.11837,33.348571],[112.121119,33.347487],[112.12249,33.34662],[112.12305,33.34603],[112.123109,33.345728],[112.123386,33.34534],[112.123268,33.344921],[112.123056,33.344684],[112.122822,33.344323],[112.12286,33.343492],[112.122629,33.34318],[112.122602,33.342875],[112.122729,33.342486],[112.122868,33.342223],[112.123158,33.341876],[112.124225,33.341614],[112.124394,33.340655],[112.1257,33.340088],[112.125623,33.338779],[112.125904,33.337365],[112.126374,33.336456],[112.127876,33.336391],[112.129193,33.336227],[112.130145,33.335512],[112.131937,33.334791],[112.132596,33.334835],[112.135743,33.336671],[112.136459,33.336312],[112.138366,33.335136],[112.138779,33.334728],[112.138771,33.334024],[112.138728,33.333464],[112.138755,33.333022],[112.139082,33.332422],[112.139476,33.32984],[112.139653,33.329497],[112.140278,33.328921],[112.141174,33.32831],[112.141638,33.328171],[112.14204,33.328195],[112.142502,33.328072],[112.142818,33.327926],[112.143097,33.327601],[112.143687,33.327129],[112.144186,33.326557],[112.14458,33.326458],[112.145026,33.32627],[112.145267,33.325965],[112.145629,33.325658],[112.145965,33.325282],[112.146329,33.325008],[112.14722,33.324699],[112.147772,33.324592],[112.148529,33.32424],[112.149382,33.323679],[112.150908,33.322794],[112.151683,33.322211],[112.153037,33.321449],[112.152372,33.320965],[112.152174,33.320533],[112.152107,33.319937],[112.151887,33.318946],[112.151549,33.318005],[112.151332,33.317238],[112.150817,33.316323],[112.150264,33.314739],[112.149889,33.313103],[112.149486,33.311915],[112.149092,33.311074],[112.148641,33.310605],[112.148196,33.310361],[112.147748,33.310166],[112.145492,33.309518],[112.144098,33.309256],[112.142411,33.309025],[112.142022,33.30883],[112.141871,33.308483],[112.141866,33.308135],[112.142097,33.307662],[112.142472,33.307086],[112.142083,33.306692],[112.14155,33.306598],[112.140635,33.306757],[112.139398,33.307091],[112.13857,33.307221],[112.137829,33.307153],[112.136821,33.306766],[112.135895,33.306104],[112.135684,33.305732],[112.135587,33.305163],[112.135716,33.304526],[112.135997,33.304134],[112.136376,33.303872],[112.137062,33.30358],[112.137709,33.303154],[112.138285,33.302953],[112.138956,33.303015],[112.13927,33.302921],[112.139559,33.302717],[112.139879,33.30243],[112.140337,33.302107],[112.140616,33.30219],[112.140632,33.301888],[112.140506,33.301392],[112.140115,33.300899],[112.139637,33.300433],[112.138921,33.299942],[112.138709,33.299646],[112.138401,33.298729],[112.137945,33.29779],[112.137706,33.297518],[112.137111,33.297153],[112.136427,33.296884],[112.134528,33.296406],[112.133106,33.296294],[112.132132,33.296451],[112.131274,33.29651],[112.130451,33.296765],[112.12945,33.297173],[112.128125,33.297606],[112.125883,33.297974],[112.125295,33.298303],[112.122627,33.30009],[112.122155,33.300269],[112.121859,33.300195],[112.121677,33.299899],[112.121221,33.298911],[112.120918,33.298366],[112.12047,33.298097],[112.120146,33.298],[112.119376,33.298009],[112.118992,33.298086],[112.118201,33.298639],[112.117847,33.298718],[112.117343,33.298673],[112.116063,33.297965],[112.115792,33.297693],[112.115607,33.297124],[112.115572,33.296552],[112.114513,33.294698],[112.114347,33.294227],[112.114344,33.293913],[112.114577,33.293629],[112.114666,33.293252],[112.114577,33.292786],[112.114727,33.292364],[112.115023,33.291965],[112.115213,33.291514],[112.115554,33.290418],[112.115532,33.289997],[112.115009,33.289479],[112.113515,33.288225],[112.112769,33.287811],[112.111699,33.287299],[112.110868,33.287033],[112.109532,33.286797],[112.108435,33.286533],[112.107751,33.286266],[112.107215,33.285923],[112.10626,33.285212],[112.105511,33.284447],[112.103036,33.282781],[112.10207,33.282355],[112.10177,33.281723],[112.101534,33.281351],[112.101223,33.281053],[112.100716,33.279465],[112.100721,33.279014],[112.10081,33.278355],[112.100938,33.27796],[112.101134,33.27755],[112.101083,33.277041],[112.101121,33.276317],[112.100909,33.275859],[112.099927,33.275384],[112.099573,33.275312],[112.099071,33.275489],[112.09828,33.276018],[112.097226,33.276821],[112.096373,33.277202],[112.095807,33.277519],[112.096035,33.278496],[112.096078,33.279739],[112.095788,33.280187],[112.095236,33.280864],[112.094855,33.281239],[112.094445,33.281416],[112.093943,33.281497],[112.093468,33.2814],[112.092814,33.281035],[112.092425,33.280689],[112.092031,33.280048],[112.091583,33.279555],[112.090896,33.279039],[112.090572,33.279041],[112.089517,33.280019],[112.088782,33.280398],[112.086916,33.279956],[112.08624,33.280272],[112.08555,33.280824],[112.084912,33.280456],[112.084169,33.28014],[112.082262,33.279088],[112.081728,33.279019],[112.08068,33.278967],[112.080511,33.278584],[112.080277,33.277916],[112.080339,33.27738],[112.079749,33.276794],[112.078547,33.276691],[112.077506,33.276543],[112.076777,33.276626],[112.076493,33.276599],[112.076021,33.276317],[112.075318,33.275799],[112.074797,33.275507],[112.074454,33.275438],[112.073526,33.2754],[112.073102,33.275496],[112.072569,33.27572],[112.072214,33.275801],[112.070667,33.275935],[112.070085,33.275882],[112.069656,33.275727],[112.069186,33.275619],[112.067494,33.274976],[112.067097,33.274776],[112.066759,33.274698],[112.066126,33.274716],[112.065276,33.274882],[112.064704,33.275207],[112.064103,33.275395],[112.063232,33.275204],[112.061212,33.274352],[112.05916,33.273377],[112.058624,33.273034],[112.058173,33.272417],[112.057714,33.271329],[112.057411,33.27071],[112.05732,33.270314],[112.05746,33.269692],[112.057942,33.266869],[112.05908,33.265864],[112.059176,33.265501],[112.059589,33.265196],[112.059868,33.265052],[112.060067,33.264765],[112.060238,33.264413],[112.060493,33.264009],[112.060818,33.263673],[112.061515,33.263195],[112.061775,33.262953],[112.062092,33.262386],[112.063245,33.260659],[112.063438,33.260251],[112.063583,33.259721],[112.063881,33.259367],[112.064337,33.258914],[112.064586,33.258465],[112.06526,33.258317],[112.065729,33.258317],[112.066145,33.258227],[112.066365,33.257801],[112.066732,33.257465],[112.067008,33.25701],[112.067706,33.255614],[112.068111,33.255269],[112.068414,33.255372],[112.068725,33.255348],[112.069318,33.255224],[112.070211,33.254753],[112.070589,33.254506],[112.070994,33.25386],[112.070957,33.253558],[112.071107,33.25323],[112.07137,33.252963],[112.071437,33.252622],[112.071362,33.252019],[112.071131,33.251429],[112.070766,33.250998],[112.070184,33.250574],[112.069953,33.250139],[112.069817,33.249549],[112.069688,33.249199],[112.071504,33.248062],[112.071986,33.247488],[112.071898,33.246445],[112.071611,33.244635],[112.071367,33.244065],[112.071099,33.243719],[112.070079,33.242737],[112.069205,33.241826],[112.069103,33.241429],[112.068752,33.241063],[112.068583,33.240621],[112.068717,33.240229],[112.068631,33.239686],[112.068269,33.239125],[112.067864,33.238674],[112.067499,33.238421],[112.0667,33.238495],[112.06641,33.238459],[112.065777,33.238077],[112.065496,33.237981],[112.065209,33.237777],[112.065082,33.237442],[112.064675,33.237016],[112.064219,33.236893],[112.063916,33.236684],[112.063728,33.236453],[112.063449,33.236211],[112.06347,33.235915],[112.063648,33.23561],[112.063698,33.23528],[112.063626,33.234914],[112.06347,33.234607],[112.063269,33.234068],[112.062934,33.234219],[112.062521,33.234355],[112.062068,33.234302],[112.06185,33.234017],[112.061751,33.233723],[112.061754,33.233182],[112.061376,33.233079],[112.060877,33.232819],[112.060587,33.232522],[112.060332,33.232168],[112.059981,33.232112],[112.059627,33.231446],[112.059415,33.230757],[112.059037,33.230005],[112.058688,33.229348],[112.058329,33.228904],[112.057556,33.228563],[112.056899,33.228145],[112.056481,33.227602],[112.055494,33.226716],[112.055341,33.226209],[112.055775,33.225596],[112.05665,33.224472],[112.057757,33.223294],[112.058133,33.222621],[112.058195,33.222208],[112.057929,33.222029],[112.05724,33.221795],[112.056848,33.221582],[112.056041,33.220909],[112.055601,33.220492],[112.054992,33.219727],[112.054477,33.219605],[112.053922,33.219379],[112.053552,33.219083],[112.053117,33.218459],[112.052235,33.217566],[112.051948,33.217018],[112.051907,33.216455],[112.052211,33.216204],[112.051851,33.216069],[112.051052,33.216051],[112.049748,33.215838],[112.049156,33.21567],[112.04621,33.213807],[112.043351,33.211942],[112.040878,33.21025],[112.03995,33.209139],[112.039797,33.20872],[112.039792,33.208271],[112.039988,33.207474],[112.040071,33.207003],[112.039918,33.206581],[112.039618,33.206161],[112.038464,33.20354],[112.03822,33.202871],[112.037971,33.201781],[112.038032,33.201365],[112.038901,33.200162],[112.037182,33.199745],[112.036259,33.199599],[112.035433,33.199352],[112.03469,33.19972],[112.033682,33.200333],[112.032939,33.200878],[112.032491,33.201136],[112.031147,33.201769],[112.030766,33.201857],[112.030393,33.201787],[112.030233,33.201361],[112.030211,33.200921],[112.029895,33.200701],[112.029565,33.200723],[112.029219,33.200872],[112.028596,33.201437],[112.028186,33.20163],[112.027827,33.201675],[112.027376,33.201473],[112.026443,33.200346],[112.025855,33.199532],[112.025595,33.199312],[112.02511,33.199195],[112.02486,33.199413],[112.024702,33.200109],[112.024568,33.200474],[112.024321,33.200726],[112.023854,33.200901],[112.023479,33.200894],[112.022964,33.200809],[112.022344,33.200589],[112.020764,33.199862],[112.019348,33.199408],[112.018801,33.199278],[112.018318,33.199301],[112.01798,33.199586],[112.017696,33.199918],[112.017299,33.200223],[112.016819,33.200304],[112.015781,33.200232],[112.015384,33.200162],[112.014375,33.199749],[112.013367,33.199435],[112.012978,33.199379],[112.011489,33.199314],[112.011103,33.199143],[112.010894,33.198701],[112.010856,33.198275],[112.01099,33.197637],[112.010964,33.197247],[112.010738,33.196807],[112.0104,33.19656],[112.009885,33.196358],[112.009598,33.196039],[112.009574,33.195512],[112.009805,33.194571],[112.010073,33.194338],[112.010787,33.194082],[112.011108,33.193869],[112.01135,33.193528],[112.011728,33.192278],[112.012095,33.190457],[112.012066,33.189939],[112.012117,33.189272],[112.012141,33.188275],[112.012074,33.18731],[112.012004,33.18687],[112.011902,33.186446],[112.011591,33.185602],[112.011438,33.18527],[112.011253,33.184964],[112.011009,33.184704],[112.010652,33.184572],[112.010229,33.184549],[112.008169,33.184881],[112.007729,33.184872],[112.007453,33.184688],[112.006876,33.184062],[112.00668,33.183678],[112.005889,33.182861],[112.00488,33.181977],[112.004588,33.181656],[112.004459,33.18124],[112.004424,33.180457],[112.004448,33.179862],[112.004513,33.179339],[112.004735,33.178643],[112.004733,33.178163],[112.004583,33.17772],[112.004599,33.17719],[112.004754,33.17653],[112.004974,33.176097],[112.005047,33.175754],[112.005052,33.175412],[112.005124,33.175073],[112.005309,33.17458],[112.005382,33.174146],[112.005666,33.173224],[112.005714,33.172718],[112.005674,33.171861],[112.005291,33.170595],[112.005006,33.169847],[112.004768,33.169409],[112.004381,33.168819],[112.003917,33.168253],[112.003217,33.167476],[112.002855,33.166987],[112.002405,33.16647],[112.001729,33.165278],[112.001573,33.164939],[112.001259,33.164752],[112.000913,33.164647],[112.00013,33.164548],[111.997587,33.163964],[111.99645,33.163749],[111.995916,33.163531],[111.994307,33.161762],[111.993958,33.160998],[111.993366,33.158838],[111.993162,33.157471],[111.992692,33.156296],[111.992534,33.155661],[111.992593,33.154228],[111.992727,33.15273],[111.992867,33.151614],[111.99269,33.149196],[111.992743,33.148832],[111.993695,33.148363],[111.995133,33.147482],[111.995656,33.147078],[111.99546,33.146499],[111.994921,33.145834],[111.992298,33.143903],[111.991641,33.144049],[111.991343,33.144199],[111.991172,33.144334],[111.990699,33.144862],[111.990193,33.145764],[111.990219,33.145861],[111.990281,33.145935],[111.990764,33.146386],[111.990986,33.146692],[111.991032,33.146818],[111.991024,33.146957],[111.990732,33.147282],[111.990783,33.147451],[111.990911,33.14775],[111.991094,33.147988],[111.991257,33.148017],[111.991526,33.148003],[111.991563,33.148033],[111.991609,33.148502],[111.991346,33.148657],[111.990965,33.148589],[111.990496,33.148412],[111.990128,33.148199],[111.989943,33.148028],[111.989651,33.147916],[111.989616,33.148338],[111.98968,33.148614],[111.989804,33.148816],[111.989812,33.148915],[111.989779,33.148953],[111.989015,33.149097],[111.988953,33.149182],[111.988951,33.149519],[111.988731,33.149863],[111.98842,33.15017],[111.987441,33.1507],[111.986529,33.151246],[111.985901,33.151686],[111.986035,33.151855],[111.986569,33.152207],[111.986915,33.152614],[111.987068,33.152933],[111.986995,33.153139],[111.986923,33.153222],[111.986751,33.153366],[111.986199,33.153579],[111.985957,33.153667],[111.985694,33.153694],[111.984868,33.15348],[111.984616,33.153494],[111.984284,33.153617],[111.983723,33.153705],[111.983506,33.153635],[111.982119,33.153743],[111.981387,33.153568],[111.981068,33.154134]]]}},{"type":"Feature","properties":{"regionCode":"411325104","sourceCode":"411325104000","name":"湍东镇","sourceName":"湍东镇","parentCode":"411325","parentName":"内乡县","regionLevel":"township","regionType":"town","isManagementZone":false,"source":"ruiduobao","sourceVersion":"mixed-legacy~2018-2020","geometryRepaired":false,"match2020":true,"match2023":true},"geometry":{"type":"Polygon","coordinates":[[[111.786559,32.989799],[111.786251,32.990139],[111.786093,32.990247],[111.785822,32.990314],[111.785513,32.990317],[111.784896,32.990389],[111.783628,32.990962],[111.783338,32.991176],[111.783174,32.991248],[111.782863,32.991264],[111.782627,32.991178],[111.782284,32.991185],[111.781879,32.991342],[111.781565,32.99157],[111.781383,32.991822],[111.781208,32.991979],[111.780814,32.992548],[111.780594,32.992922],[111.780527,32.993093],[111.780243,32.993486],[111.779323,32.994496],[111.778934,32.994814],[111.778421,32.995014],[111.778263,32.99503],[111.777778,32.994944],[111.777493,32.994962],[111.776992,32.99512],[111.776581,32.995304],[111.776243,32.995311],[111.77582,32.995394],[111.775554,32.995482],[111.775227,32.995671],[111.775082,32.995794],[111.774731,32.996211],[111.77391,32.996688],[111.773838,32.99678],[111.773475,32.996852],[111.773282,32.996964],[111.772625,32.997194],[111.772239,32.997261],[111.771882,32.997383],[111.770439,32.998049],[111.769873,32.998474],[111.769758,32.998498],[111.769575,32.998593],[111.769447,32.998714],[111.769187,32.998865],[111.768843,32.999155],[111.767636,32.999947],[111.767365,33.000177],[111.767261,33.000305],[111.767167,33.000447],[111.767127,33.001025],[111.766738,33.002275],[111.76662,33.002455],[111.766346,33.002763],[111.766062,33.002997],[111.765721,33.003342],[111.765448,33.003681],[111.765136,33.003969],[111.764844,33.004304],[111.764165,33.00486],[111.763948,33.00508],[111.763608,33.005595],[111.763538,33.005836],[111.763524,33.006169],[111.763361,33.006275],[111.763023,33.006405],[111.762709,33.006612],[111.762481,33.00683],[111.761717,33.007764],[111.761521,33.007926],[111.761395,33.008076],[111.761191,33.008425],[111.761105,33.009147],[111.760751,33.00964],[111.760367,33.010067],[111.760174,33.010528],[111.760129,33.010695],[111.760126,33.010895],[111.760164,33.011077],[111.760282,33.011324],[111.76052,33.011518],[111.760831,33.011657],[111.760923,33.011734],[111.761081,33.012006],[111.761255,33.012516],[111.761295,33.012726],[111.76165,33.012964],[111.761751,33.012989],[111.761869,33.012977],[111.762315,33.01271],[111.762865,33.013013],[111.763701,33.013632],[111.764273,33.014003],[111.765346,33.014595],[111.766231,33.015215],[111.766872,33.015791],[111.767129,33.015973],[111.767655,33.016563],[111.768041,33.016943],[111.768401,33.017246],[111.768664,33.017408],[111.7685,33.017478],[111.766829,33.017665],[111.765799,33.017545],[111.765429,33.017563],[111.765139,33.017669],[111.764868,33.017876],[111.764589,33.018153],[111.763701,33.018755],[111.762666,33.01968],[111.762462,33.019808],[111.761658,33.020073],[111.761204,33.020143],[111.760987,33.020141],[111.760601,33.020062],[111.760249,33.019889],[111.759802,33.019511],[111.759402,33.019086],[111.759273,33.019021],[111.758624,33.01896],[111.757908,33.018987],[111.757672,33.018967],[111.757031,33.019043],[111.756406,33.019167],[111.754864,33.019794],[111.753627,33.020172],[111.753415,33.020289],[111.753335,33.020557],[111.753319,33.020818],[111.753431,33.021182],[111.753469,33.021434],[111.753437,33.022471],[111.753319,33.023262],[111.753056,33.02366],[111.752978,33.023975],[111.753016,33.024344],[111.753107,33.024589],[111.753112,33.025167],[111.753198,33.025813],[111.7533,33.027452],[111.75338,33.027737],[111.753453,33.027884],[111.753584,33.028037],[111.753761,33.028745],[111.753944,33.030011],[111.753949,33.030348],[111.753686,33.030812],[111.753635,33.031059],[111.751766,33.030796],[111.751519,33.030695],[111.751328,33.031464],[111.751312,33.031799],[111.751159,33.032777],[111.751224,33.033263],[111.75121,33.033449],[111.751049,33.034245],[111.750926,33.034544],[111.750838,33.034699],[111.750671,33.034868],[111.749963,33.035419],[111.749665,33.035752],[111.749416,33.0361],[111.748952,33.036442],[111.748083,33.037348],[111.74793,33.037629],[111.747702,33.038544],[111.74741,33.03908],[111.747171,33.039322],[111.746967,33.03943],[111.746554,33.03948],[111.744789,33.039516],[111.744172,33.039711],[111.743799,33.040037],[111.743571,33.040339],[111.742753,33.04095],[111.742552,33.041173],[111.742045,33.041614],[111.741318,33.042185],[111.740691,33.042884],[111.739889,33.043965],[111.739661,33.044224],[111.739385,33.044465],[111.738583,33.044932],[111.738145,33.045069],[111.737861,33.045076],[111.737819,33.045328],[111.737767,33.045416],[111.737598,33.045517],[111.736914,33.045746],[111.736343,33.046081],[111.735278,33.046412],[111.734374,33.04681],[111.733924,33.047219],[111.733712,33.047659],[111.733556,33.047869],[111.733296,33.048044],[111.73259,33.04823],[111.732438,33.048383],[111.732226,33.048525],[111.731955,33.048581],[111.731375,33.048512],[111.731164,33.048352],[111.73093,33.048228],[111.730431,33.047704],[111.730335,33.047536],[111.730316,33.046949],[111.73019,33.04683],[111.729793,33.046596],[111.728302,33.046618],[111.728111,33.046688],[111.72728,33.047232],[111.727003,33.047381],[111.726786,33.04741],[111.726389,33.047408],[111.725279,33.047239],[111.725129,33.047237],[111.724893,33.047408],[111.72464,33.047468],[111.724394,33.047484],[111.724005,33.047459],[111.723669,33.047376],[111.722709,33.047329],[111.722433,33.047342],[111.721985,33.047619],[111.721266,33.047875],[111.720354,33.048006],[111.718262,33.048527],[111.718131,33.04861],[111.717916,33.049002],[111.717736,33.049213],[111.71742,33.049445],[111.717141,33.049555],[111.716833,33.049631],[111.715483,33.049813],[111.714585,33.050056],[111.713863,33.050315],[111.712493,33.050985],[111.712423,33.051054],[111.712329,33.051281],[111.712208,33.052057],[111.711814,33.052954],[111.711755,33.053233],[111.7116,33.053655],[111.71138,33.054114],[111.71116,33.054408],[111.710985,33.054579],[111.71061,33.05486],[111.710607,33.054896],[111.710594,33.055105],[111.71069,33.056131],[111.710827,33.056519],[111.710985,33.057405],[111.711444,33.058262],[111.711854,33.058945],[111.712056,33.059107],[111.712992,33.05964],[111.71389,33.060393],[111.71477,33.061051],[111.714789,33.060979],[111.715333,33.060813],[111.715545,33.060714],[111.715725,33.06057],[111.716567,33.060136],[111.718442,33.059543],[111.720048,33.058954],[111.720832,33.058489],[111.721365,33.058203],[111.721714,33.058057],[111.721998,33.057958],[111.72231,33.057895],[111.723865,33.057675],[111.725177,33.057394],[111.725644,33.057796],[111.726354,33.058572],[111.726454,33.058754],[111.726698,33.059015],[111.7274,33.059437],[111.728302,33.060056],[111.728581,33.060166],[111.729047,33.060249],[111.729892,33.060469],[111.730045,33.06053],[111.730396,33.060782],[111.731673,33.061296],[111.731939,33.061319],[111.733553,33.061663],[111.734143,33.061726],[111.734559,33.061861],[111.735683,33.062405],[111.736147,33.062598],[111.737113,33.062683],[111.737469,33.062764],[111.737791,33.062899],[111.738365,33.062899],[111.73858,33.063014],[111.738805,33.063191],[111.739216,33.063095],[111.739787,33.06291],[111.740079,33.062856],[111.740986,33.062542],[111.742397,33.062241],[111.742547,33.062009],[111.742609,33.061744],[111.742566,33.061263],[111.742327,33.060941],[111.742437,33.060901],[111.742753,33.060885],[111.743405,33.061119],[111.743759,33.061184],[111.744457,33.061198],[111.744741,33.06124],[111.744811,33.061301],[111.745369,33.061418],[111.745929,33.061427],[111.746197,33.0614],[111.746517,33.061256],[111.747174,33.060606],[111.747294,33.060566],[111.747536,33.06055],[111.747783,33.060573],[111.748158,33.060768],[111.74889,33.061242],[111.749593,33.061494],[111.74991,33.061638],[111.750363,33.061901],[111.750679,33.061854],[111.750878,33.06187],[111.750907,33.062196],[111.751036,33.06247],[111.751117,33.062859],[111.751066,33.06303],[111.750867,33.063275],[111.750701,33.063583],[111.750687,33.063814],[111.750856,33.06423],[111.750974,33.064324],[111.751229,33.064394],[111.752262,33.06439],[111.752981,33.064246],[111.753407,33.064232],[111.753817,33.0645],[111.753946,33.064661],[111.754628,33.065019],[111.75474,33.065219],[111.754775,33.065486],[111.754585,33.065642],[111.753651,33.066125],[111.753761,33.066293],[111.753844,33.0665],[111.75389,33.066797],[111.753898,33.067282],[111.753471,33.067298],[111.753421,33.06733],[111.753418,33.067806],[111.753329,33.067815],[111.752707,33.067602],[111.752404,33.067532],[111.752037,33.06746],[111.751846,33.067491],[111.751385,33.067968],[111.750749,33.068507],[111.749826,33.069595],[111.749354,33.070319],[111.749083,33.070668],[111.748603,33.071173],[111.748083,33.071659],[111.7473,33.072529],[111.746873,33.072884],[111.746707,33.073061],[111.746672,33.073151],[111.746672,33.073311],[111.746782,33.073493],[111.747243,33.073798],[111.746935,33.074554],[111.746771,33.074581],[111.746511,33.075201],[111.746517,33.07525],[111.746728,33.075379],[111.747026,33.075493],[111.747238,33.075612],[111.747707,33.076111],[111.747992,33.076305],[111.748284,33.076206],[111.74856,33.076053],[111.749362,33.075203],[111.749553,33.074803],[111.750076,33.074509],[111.750532,33.07432],[111.751001,33.074217],[111.751532,33.074158],[111.751841,33.074176],[111.752071,33.074246],[111.752353,33.074417],[111.752578,33.074698],[111.752608,33.074778],[111.752281,33.074841],[111.752192,33.074911],[111.752168,33.075017],[111.752192,33.075111],[111.752326,33.075248],[111.752163,33.07545],[111.752302,33.075576],[111.752777,33.075439],[111.752991,33.07608],[111.753144,33.076176],[111.753471,33.076188],[111.753911,33.076149],[111.756376,33.075513],[111.757031,33.075295],[111.757511,33.075116],[111.758305,33.074601],[111.759115,33.074293],[111.759346,33.074922],[111.759587,33.075212],[111.759936,33.075718],[111.760145,33.075606],[111.760601,33.075432],[111.76081,33.075747],[111.760939,33.075756],[111.761306,33.075653],[111.762071,33.075518],[111.762398,33.07537],[111.762621,33.075334],[111.762779,33.075363],[111.763087,33.075556],[111.763307,33.075606],[111.763481,33.075579],[111.763669,33.075462],[111.763852,33.07541],[111.764721,33.075367],[111.765075,33.075397],[111.76556,33.074983],[111.765928,33.074963],[111.766545,33.074444],[111.767172,33.074255],[111.767703,33.07425],[111.767754,33.074853],[111.767875,33.07514],[111.768484,33.075239],[111.768833,33.075352],[111.768798,33.07557],[111.768776,33.076487],[111.768942,33.077289],[111.769079,33.077509],[111.769254,33.077664],[111.770093,33.077918],[111.770815,33.078222],[111.770986,33.078503],[111.771021,33.0787],[111.770866,33.079334],[111.770884,33.079516],[111.770833,33.080051],[111.770895,33.08091],[111.770997,33.081271],[111.771083,33.081784],[111.771056,33.081928],[111.77093,33.082085],[111.771204,33.082611],[111.77156,33.08366],[111.771753,33.083406],[111.773068,33.082004],[111.773604,33.081348],[111.773687,33.081294],[111.774318,33.081404],[111.775447,33.081186],[111.77542,33.080629],[111.77593,33.080577],[111.777024,33.080577],[111.776949,33.079997],[111.776716,33.079629],[111.776509,33.079523],[111.776479,33.079411],[111.776836,33.0791],[111.777644,33.07819],[111.777636,33.0781],[111.777483,33.077905],[111.777453,33.077808],[111.77763,33.07781],[111.777933,33.077734],[111.778558,33.077662],[111.778566,33.077451],[111.778923,33.077257],[111.778851,33.076561],[111.778867,33.076451],[111.779226,33.076273],[111.77962,33.076219],[111.779698,33.076179],[111.77991,33.075972],[111.780288,33.075835],[111.780106,33.075345],[111.779964,33.075268],[111.779824,33.075293],[111.779709,33.075331],[111.779526,33.075477],[111.779363,33.075545],[111.779084,33.075147],[111.778767,33.074796],[111.778813,33.07472],[111.779344,33.074324],[111.780111,33.073996],[111.780307,33.073958],[111.780213,33.073729],[111.780205,33.073598],[111.780237,33.073497],[111.780345,33.073353],[111.780345,33.073304],[111.780272,33.073147],[111.780084,33.073034],[111.780318,33.073037],[111.780664,33.072863],[111.781114,33.073405],[111.781171,33.07352],[111.781452,33.074336],[111.781576,33.074563],[111.781632,33.074742],[111.781592,33.075466],[111.781771,33.07668],[111.782431,33.076882],[111.782852,33.076986],[111.783056,33.077004],[111.78443,33.076853],[111.785674,33.07657],[111.786412,33.076325],[111.785899,33.076057],[111.785808,33.075891],[111.785505,33.076008],[111.785006,33.07599],[111.784982,33.075453],[111.784907,33.075219],[111.784505,33.075208],[111.783593,33.075271],[111.783392,33.075205],[111.783502,33.075001],[111.78367,33.074531],[111.783831,33.074405],[111.784993,33.074576],[111.785465,33.074567],[111.7855,33.074217],[111.785497,33.073776],[111.785325,33.073803],[111.785173,33.073448],[111.785006,33.073212],[111.784239,33.07278],[111.784057,33.072643],[111.784156,33.072587],[111.78433,33.072398],[111.78454,33.072502],[111.784708,33.072414],[111.784861,33.072317],[111.785178,33.071998],[111.785513,33.07227],[111.785918,33.072484],[111.785583,33.072814],[111.785484,33.072967],[111.785594,33.07312],[111.785709,33.073428],[111.785773,33.073868],[111.78569,33.074585],[111.785693,33.075066],[111.785797,33.075585],[111.786138,33.075599],[111.786728,33.075767],[111.787018,33.075799],[111.787439,33.076008],[111.787431,33.07641],[111.788225,33.076314],[111.788812,33.076042],[111.789249,33.075907],[111.789445,33.075893],[111.789853,33.076037],[111.79022,33.076107],[111.790287,33.076152],[111.790328,33.076287],[111.790365,33.076705],[111.791245,33.076729],[111.79198,33.076617],[111.792168,33.076662],[111.792629,33.076875],[111.792712,33.076851],[111.792731,33.076624],[111.792688,33.076102],[111.792651,33.076048],[111.793705,33.076012],[111.794265,33.076048],[111.795038,33.076347],[111.795003,33.076105],[111.794871,33.075729],[111.794673,33.075183],[111.794493,33.074799],[111.794823,33.074736],[111.795617,33.07468],[111.795786,33.074709],[111.796854,33.075277],[111.797344,33.075248],[111.797572,33.075143],[111.796593,33.074751],[111.796513,33.074691],[111.79651,33.074619],[111.7968,33.074264],[111.796883,33.074203],[111.797653,33.074707],[111.797757,33.074808],[111.797894,33.075057],[111.798154,33.075109],[111.799112,33.075572],[111.800228,33.07597],[111.800421,33.076084],[111.800584,33.076302],[111.80077,33.076457],[111.801113,33.076525],[111.801856,33.076817],[111.802363,33.076255],[111.802674,33.076017],[111.803004,33.075615],[111.803245,33.075426],[111.803307,33.075259],[111.805243,33.07659],[111.805214,33.076628],[111.805257,33.076657],[111.805466,33.076401],[111.806249,33.076779],[111.806882,33.077152],[111.80718,33.077372],[111.807582,33.077114],[111.808642,33.077961],[111.809447,33.077377],[111.809763,33.077673],[111.810232,33.077983],[111.81005,33.078383],[111.810375,33.078487],[111.810683,33.078768],[111.811182,33.079377],[111.811193,33.079482],[111.811348,33.07982],[111.811056,33.08015],[111.811174,33.080638],[111.81112,33.080959],[111.810892,33.081009],[111.810847,33.081339],[111.810841,33.081692],[111.811005,33.08202],[111.810871,33.0828],[111.810755,33.082806],[111.810364,33.082658],[111.810155,33.082658],[111.809932,33.083132],[111.809707,33.083442],[111.809109,33.083227],[111.80883,33.083539],[111.809793,33.083908],[111.809624,33.084245],[111.809337,33.084683],[111.809079,33.084957],[111.808932,33.085256],[111.809481,33.08549],[111.810246,33.085726],[111.810549,33.085849],[111.810332,33.086274],[111.810039,33.086703],[111.810667,33.08693],[111.810659,33.08698],[111.811163,33.087168],[111.811673,33.087247],[111.811941,33.087236],[111.81244,33.087407],[111.813049,33.087643],[111.813599,33.087937],[111.81373,33.087804],[111.814325,33.087371],[111.814787,33.087166],[111.814889,33.087009],[111.815656,33.087243],[111.815728,33.087249],[111.815774,33.087142],[111.81583,33.087119],[111.817265,33.087703],[111.817729,33.086953],[111.817895,33.086739],[111.818539,33.086966],[111.819349,33.087166],[111.819156,33.087517],[111.818971,33.087485],[111.818791,33.087816],[111.819011,33.087919],[111.818641,33.088652],[111.818998,33.088762],[111.818531,33.090016],[111.81778,33.091548],[111.819617,33.092169],[111.820827,33.092672],[111.821331,33.092739],[111.82249,33.093146],[111.824107,33.093555],[111.824365,33.09369],[111.824625,33.093674],[111.824518,33.093784],[111.824421,33.093968],[111.824362,33.094182],[111.825188,33.094229],[111.825288,33.094362],[111.825312,33.094512],[111.825379,33.094562],[111.825736,33.094535],[111.825733,33.095184],[111.825679,33.095613],[111.825612,33.095807],[111.825328,33.095782],[111.825194,33.096123],[111.825191,33.096267],[111.825355,33.096312],[111.826143,33.096359],[111.826819,33.096465],[111.82665,33.097454],[111.826492,33.097856],[111.827031,33.097973],[111.827399,33.098155],[111.827541,33.098193],[111.827798,33.098233],[111.827903,33.098191],[111.827503,33.09917],[111.827283,33.099602],[111.826181,33.099337],[111.826082,33.099806],[111.82565,33.100469],[111.825577,33.100669],[111.825682,33.100745],[111.826433,33.100981],[111.826441,33.101046],[111.826229,33.101404],[111.825406,33.101076],[111.825156,33.101649],[111.82485,33.10208],[111.824842,33.102129],[111.826071,33.102559],[111.826578,33.102774],[111.826725,33.102547],[111.827683,33.102925],[111.828015,33.103105],[111.827905,33.103242],[111.82642,33.104358],[111.827112,33.104563],[111.827254,33.104632],[111.827157,33.104758],[111.826841,33.104963],[111.826776,33.105149],[111.82668,33.105199],[111.826269,33.105558],[111.827173,33.105902],[111.827085,33.105958],[111.826307,33.106953],[111.826186,33.107048],[111.826141,33.107043],[111.825939,33.10721],[111.825229,33.107607],[111.824673,33.108063],[111.824344,33.108398],[111.824145,33.108663],[111.824097,33.108908],[111.824059,33.108969],[111.82367,33.109321],[111.823394,33.109948],[111.82319,33.110685],[111.823064,33.11098],[111.823072,33.111101],[111.823128,33.111197],[111.82315,33.111328],[111.823145,33.111498],[111.823096,33.111665],[111.822898,33.112056],[111.822731,33.112244],[111.82194,33.112864],[111.821675,33.113152],[111.821272,33.113485],[111.820385,33.114345],[111.819765,33.115062],[111.819373,33.115594],[111.818877,33.115998],[111.818751,33.116171],[111.818359,33.116913],[111.818078,33.117295],[111.817895,33.117474],[111.817485,33.117798],[111.816654,33.118216],[111.816273,33.118445],[111.815621,33.118714],[111.815262,33.118991],[111.814996,33.11933],[111.814586,33.120163],[111.814253,33.120622],[111.813532,33.121309],[111.813529,33.121895],[111.813625,33.122857],[111.813843,33.123306],[111.813161,33.123744],[111.813065,33.123971],[111.813097,33.125179],[111.813977,33.125629],[111.814181,33.125766],[111.814752,33.125883],[111.815487,33.126262],[111.815954,33.126399],[111.816632,33.126738],[111.817281,33.12695],[111.817657,33.127134],[111.818282,33.127516],[111.81833,33.127511],[111.819607,33.126307],[111.821031,33.125332],[111.821184,33.125179],[111.821192,33.125067],[111.821103,33.124989],[111.820822,33.124847],[111.82068,33.124739],[111.821798,33.122899],[111.822815,33.121017],[111.823053,33.121053],[111.823751,33.121426],[111.824175,33.121608],[111.824327,33.12146],[111.824604,33.121098],[111.825111,33.120377],[111.82566,33.119667],[111.827034,33.117546],[111.827173,33.11729],[111.827484,33.117416],[111.827578,33.117304],[111.828219,33.116185],[111.827887,33.11603],[111.828088,33.115616],[111.82819,33.115511],[111.829614,33.115902],[111.829834,33.115419],[111.830593,33.113961],[111.830877,33.113285],[111.831095,33.112617],[111.831569,33.111519],[111.83213,33.110526],[111.832937,33.109337],[111.833704,33.108292],[111.833946,33.107906],[111.8347,33.107039],[111.835064,33.106668],[111.8354,33.106234],[111.836212,33.105336],[111.836478,33.105001],[111.836601,33.104909],[111.836738,33.104868],[111.836821,33.105075],[111.837454,33.106234],[111.837824,33.10667],[111.83787,33.106774],[111.837881,33.107041],[111.837682,33.10818],[111.836746,33.10927],[111.836671,33.109533],[111.836832,33.110128],[111.837189,33.111009],[111.836277,33.111085],[111.836303,33.111328],[111.836293,33.111815],[111.837435,33.111557],[111.837513,33.1118],[111.837519,33.112323],[111.837398,33.112638],[111.837264,33.113226],[111.837272,33.114024],[111.837323,33.11479],[111.83751,33.114925],[111.837615,33.114954],[111.837462,33.115367],[111.837417,33.115578],[111.836271,33.115351],[111.835869,33.117203],[111.835008,33.120819],[111.83828,33.121102],[111.838658,33.119164],[111.839745,33.119233],[111.839688,33.120058],[111.84184,33.120071],[111.841743,33.121062],[111.843076,33.121015],[111.843183,33.121918],[111.843889,33.121666],[111.844999,33.121114],[111.845246,33.121412],[111.845423,33.121484],[111.845772,33.121408],[111.845868,33.121179],[111.846029,33.120974],[111.84615,33.120983],[111.846335,33.12112],[111.846539,33.12179],[111.84659,33.122897],[111.846858,33.123057],[111.84714,33.123167],[111.847298,33.122455],[111.847357,33.121898],[111.847681,33.121976],[111.84803,33.122194],[111.848481,33.122625],[111.849012,33.123014],[111.849422,33.12343],[111.849586,33.123672],[111.849757,33.123789],[111.850441,33.124086],[111.850597,33.124189],[111.850567,33.124456],[111.850578,33.124717],[111.850624,33.124843],[111.850951,33.125179],[111.851187,33.125359],[111.85035,33.125817],[111.84998,33.126154],[111.849889,33.126368],[111.849798,33.12683],[111.849835,33.126994],[111.849905,33.127093],[111.849937,33.127212],[111.849977,33.127516],[111.850232,33.128255],[111.850122,33.128596],[111.850082,33.128857],[111.850742,33.128533],[111.85104,33.128326],[111.851249,33.128131],[111.851461,33.128201],[111.851906,33.128196],[111.851986,33.128225],[111.852059,33.128441],[111.852115,33.128857],[111.852426,33.128704],[111.852976,33.128351],[111.853555,33.128066],[111.853794,33.127844],[111.853985,33.128131],[111.853971,33.128192],[111.854591,33.128356],[111.854599,33.12849],[111.854663,33.128502],[111.854709,33.128136],[111.854644,33.127933],[111.855318,33.127942],[111.855991,33.128066],[111.856262,33.128171],[111.856374,33.128295],[111.856723,33.128497],[111.857045,33.128587],[111.858281,33.128396],[111.859199,33.128142],[111.859561,33.127931],[111.859408,33.127424],[111.859464,33.127102],[111.859851,33.127127],[111.859998,33.127028],[111.860151,33.126801],[111.860079,33.126619],[111.860009,33.126109],[111.860062,33.125914],[111.859309,33.125541],[111.859228,33.12546],[111.859199,33.125373],[111.859215,33.124995],[111.859193,33.124883],[111.859073,33.124683],[111.858963,33.124568],[111.85867,33.124402],[111.858614,33.124326],[111.858619,33.124267],[111.858762,33.124155],[111.858783,33.124025],[111.858984,33.123991],[111.859239,33.123897],[111.859545,33.123722],[111.859698,33.123683],[111.860071,33.123854],[111.860604,33.123906],[111.860746,33.12389],[111.860851,33.123838],[111.861194,33.123841],[111.861742,33.123964],[111.862069,33.12411],[111.862375,33.124032],[111.862452,33.124038],[111.862662,33.124124],[111.863415,33.124265],[111.8636,33.123677],[111.863614,33.123722],[111.863753,33.123794],[111.864552,33.123966],[111.86477,33.12405],[111.864443,33.12444],[111.864625,33.124611],[111.864941,33.124649],[111.865067,33.124699],[111.865628,33.125081],[111.865974,33.125256],[111.866666,33.125494],[111.867023,33.125685],[111.867141,33.126002],[111.867106,33.126325],[111.867034,33.126469],[111.868114,33.126779],[111.868324,33.126889],[111.868562,33.126905],[111.86915,33.126857],[111.869233,33.126988],[111.869308,33.12703],[111.869528,33.127042],[111.869989,33.126965],[111.870022,33.126923],[111.871507,33.126817],[111.871687,33.126947],[111.871899,33.126947],[111.872368,33.126878],[111.872728,33.126911],[111.872886,33.127033],[111.872964,33.127033],[111.874125,33.126864],[111.874385,33.127192],[111.875027,33.127639],[111.875456,33.1279],[111.875778,33.127996],[111.876298,33.128266],[111.876585,33.127909],[111.876875,33.127441],[111.877065,33.127372],[111.87721,33.127408],[111.877623,33.127713],[111.878044,33.127906],[111.878159,33.127904],[111.878218,33.127805],[111.878288,33.127466],[111.87847,33.126934],[111.878597,33.126873],[111.878717,33.126765],[111.879281,33.126902],[111.879613,33.126608],[111.880026,33.1261],[111.880077,33.12595],[111.880139,33.125179],[111.880396,33.12475],[111.880437,33.124456],[111.880361,33.123917],[111.880302,33.123818],[111.880128,33.123683],[111.880141,33.123589],[111.880276,33.123519],[111.880337,33.12334],[111.88015,33.122632],[111.879849,33.122073],[111.879846,33.121983],[111.879924,33.121913],[111.880576,33.121799],[111.880662,33.121608],[111.880689,33.12137],[111.88053,33.120709],[111.880056,33.120011],[111.879702,33.119638],[111.879702,33.119483],[111.879986,33.118106],[111.880136,33.117802],[111.880233,33.117382],[111.878414,33.117324],[111.878229,33.117185],[111.878425,33.116679],[111.878524,33.116558],[111.878524,33.116385],[111.87843,33.116338],[111.878162,33.116324],[111.877575,33.116367],[111.877207,33.116493],[111.8767,33.116515],[111.8764,33.116603],[111.876306,33.116663],[111.876091,33.116996],[111.875837,33.1178],[111.875657,33.117951],[111.875533,33.117998],[111.875466,33.117953],[111.875426,33.117883],[111.875407,33.117659],[111.875453,33.117301],[111.875598,33.116823],[111.875657,33.116731],[111.875378,33.116688],[111.875069,33.116342],[111.874994,33.115511],[111.874992,33.115163],[111.875035,33.114958],[111.875045,33.11463],[111.875442,33.114648],[111.875391,33.114397],[111.875255,33.11419],[111.875174,33.114132],[111.87515,33.113952],[111.875255,33.113094],[111.875021,33.112561],[111.874828,33.111609],[111.87482,33.110732],[111.874868,33.110159],[111.874683,33.109625],[111.874694,33.109299],[111.874828,33.108793],[111.875102,33.10862],[111.875606,33.108072],[111.875678,33.107803],[111.875662,33.107769],[111.876185,33.106821],[111.876448,33.106771],[111.877677,33.106358],[111.878929,33.106118],[111.880705,33.105581],[111.880815,33.106147],[111.881064,33.106279],[111.881432,33.106286],[111.882175,33.106374],[111.882877,33.106513],[111.883011,33.106482],[111.883502,33.106493],[111.884049,33.106596],[111.885104,33.106623],[111.885651,33.106585],[111.885715,33.106556],[111.885661,33.106286],[111.885729,33.105448],[111.885796,33.10525],[111.885822,33.10463],[111.887094,33.104844],[111.887196,33.1051],[111.888118,33.105205],[111.88829,33.105271],[111.888223,33.105401],[111.888153,33.106264],[111.888912,33.106315],[111.888953,33.106165],[111.88895,33.105996],[111.889803,33.1061],[111.88983,33.106028],[111.889932,33.105967],[111.890253,33.105614],[111.890527,33.10512],[111.890983,33.104165],[111.891165,33.104008],[111.891495,33.103929],[111.892021,33.103729],[111.891938,33.103482],[111.891951,33.103163],[111.892244,33.10232],[111.892305,33.10224],[111.892576,33.102224],[111.89285,33.100954],[111.893019,33.098977],[111.892796,33.098858],[111.892488,33.098274],[111.892289,33.097312],[111.892254,33.095418],[111.892034,33.095072],[111.892026,33.094804],[111.891828,33.094807],[111.891981,33.094339],[111.89285,33.094355],[111.893091,33.094323],[111.893547,33.094418],[111.894116,33.094458],[111.894317,33.094443],[111.894789,33.094492],[111.895022,33.094485],[111.895607,33.09438],[111.896468,33.094339],[111.896616,33.094281],[111.896774,33.093991],[111.896833,33.093939],[111.897613,33.093393],[111.897882,33.09329],[111.898244,33.093274],[111.898531,33.093177],[111.898576,33.09309],[111.898549,33.093002],[111.898464,33.092921],[111.898147,33.091858],[111.898163,33.091638],[111.898214,33.09151],[111.898123,33.091413],[111.897946,33.091342],[111.89771,33.091169],[111.897863,33.090578],[111.898166,33.090135],[111.898313,33.089735],[111.898539,33.089312],[111.898566,33.089204],[111.898563,33.088998],[111.898458,33.088546],[111.898547,33.08751],[111.898659,33.087067],[111.898713,33.086319],[111.898694,33.085944],[111.897758,33.084789],[111.898292,33.084977],[111.898796,33.084975],[111.898936,33.084935],[111.900127,33.085501],[111.900749,33.085663],[111.900921,33.085461],[111.901084,33.085105],[111.901267,33.084861],[111.901326,33.084328],[111.901224,33.083512],[111.90087,33.08306],[111.900593,33.08257],[111.90033,33.081894],[111.900218,33.081465],[111.900255,33.081305],[111.900215,33.081065],[111.900285,33.080977],[111.900663,33.080826],[111.900749,33.080721],[111.900768,33.080593],[111.900709,33.080442],[111.900583,33.080346],[111.900467,33.080346],[111.899628,33.080577],[111.899523,33.08055],[111.899346,33.080388],[111.899258,33.080386],[111.898976,33.080602],[111.898828,33.080671],[111.898292,33.080806],[111.897922,33.080862],[111.89757,33.07993],[111.897029,33.078273],[111.896887,33.078026],[111.89672,33.077837],[111.895618,33.076862],[111.895057,33.075994],[111.894955,33.075698],[111.895108,33.07552],[111.895124,33.07541],[111.895934,33.075116],[111.896701,33.07472],[111.897005,33.074673],[111.897533,33.074347],[111.897664,33.074183],[111.897723,33.073796],[111.898069,33.073603],[111.89801,33.073362],[111.898045,33.072785],[111.897876,33.072018],[111.897882,33.07191],[111.898035,33.071436],[111.897997,33.07127],[111.898697,33.071101],[111.899424,33.071095],[111.899188,33.070957],[111.898794,33.070953],[111.898743,33.070919],[111.898668,33.070784],[111.898686,33.070535],[111.899105,33.070512],[111.900006,33.070339],[111.90106,33.070243],[111.901159,33.070193],[111.900483,33.069838],[111.900387,33.069753],[111.900325,33.069652],[111.900352,33.069375],[111.900293,33.069173],[111.900188,33.069078],[111.899856,33.068919],[111.899773,33.068725],[111.899738,33.068388],[111.899604,33.068235],[111.899657,33.068049],[111.899633,33.06788],[111.899483,33.067642],[111.899263,33.067411],[111.899351,33.067237],[111.899585,33.066464],[111.899585,33.066354],[111.899346,33.066123],[111.899303,33.065954],[111.899306,33.065608],[111.899389,33.065302],[111.899746,33.064547],[111.89974,33.064401],[111.898635,33.064016],[111.898144,33.064401],[111.897879,33.064468],[111.897866,33.064315],[111.897959,33.064055],[111.897933,33.06387],[111.897807,33.063488],[111.897517,33.063142],[111.896546,33.062645],[111.896264,33.062641],[111.895749,33.062528],[111.894537,33.062369],[111.89444,33.062375],[111.894312,33.062438],[111.893681,33.062414],[111.893681,33.062501],[111.893609,33.062652],[111.893604,33.062782],[111.893542,33.062935],[111.892807,33.062753],[111.8927,33.061386],[111.892635,33.061292],[111.892415,33.061285],[111.892394,33.061242],[111.89234,33.060325],[111.891485,33.060534],[111.891519,33.061015],[111.891479,33.061521],[111.891439,33.061568],[111.891232,33.061591],[111.890929,33.061575],[111.890739,33.061503],[111.890677,33.061359],[111.89068,33.061247],[111.890728,33.061117],[111.890675,33.060532],[111.890811,33.060402],[111.890795,33.060024],[111.890763,33.059853],[111.890701,33.059741],[111.890892,33.059734],[111.891029,33.059671],[111.891055,33.059478],[111.892144,33.05955],[111.892807,33.059521],[111.892858,33.059015],[111.89293,33.058914],[111.892938,33.058473],[111.89083,33.058329],[111.890691,33.0581],[111.89057,33.058005],[111.890516,33.057915],[111.890594,33.057742],[111.89064,33.057693],[111.89072,33.057677],[111.891699,33.057794],[111.892439,33.057783],[111.892608,33.056785],[111.892568,33.056677],[111.892399,33.056472],[111.892284,33.056389],[111.892496,33.056175],[111.892453,33.05591],[111.892284,33.055697],[111.892222,33.055463],[111.892056,33.05538],[111.892,33.055326],[111.891978,33.055245],[111.891978,33.055166],[111.892059,33.055004],[111.892166,33.054892],[111.892193,33.054085],[111.89179,33.054065],[111.891908,33.052844],[111.891887,33.052801],[111.891855,33.052792],[111.89168,33.052882],[111.891611,33.053556],[111.890903,33.053464],[111.89076,33.053471],[111.890685,33.053554],[111.891141,33.055218],[111.891101,33.055285],[111.890919,33.054761],[111.890779,33.054523],[111.89035,33.053586],[111.890157,33.053019],[111.890055,33.053046],[111.889763,33.053042],[111.889543,33.053109],[111.889435,33.0531],[111.889494,33.052172],[111.890779,33.052163],[111.891112,33.05107],[111.891208,33.050915],[111.891466,33.050326],[111.892911,33.050553],[111.893287,33.050674],[111.893526,33.050454],[111.893638,33.050276],[111.893697,33.050124],[111.893692,33.049926],[111.893775,33.049534],[111.893917,33.049339],[111.894625,33.048754],[111.894711,33.048545],[111.894676,33.04844],[111.89481,33.047934],[111.895347,33.047734],[111.895677,33.047367],[111.896256,33.047221],[111.896146,33.046672],[111.895486,33.045038],[111.895768,33.044863],[111.896077,33.04435],[111.89631,33.044123],[111.896334,33.04406],[111.896337,33.043709],[111.89628,33.043628],[111.895913,33.043403],[111.895857,33.043318],[111.895854,33.043205],[111.895902,33.043109],[111.89616,33.042954],[111.896189,33.042897],[111.8962,33.042369],[111.89565,33.042353],[111.895272,33.042245],[111.894872,33.041845],[111.894569,33.041704],[111.894247,33.041616],[111.893992,33.041407],[111.894051,33.040645],[111.893553,33.040676],[111.893499,33.040105],[111.893134,33.0401],[111.893094,33.039763],[111.892914,33.039586],[111.89282,33.039406],[111.892807,33.03899],[111.892469,33.038893],[111.892418,33.038832],[111.892375,33.038632],[111.892383,33.038266],[111.892453,33.038196],[111.892783,33.038041],[111.892962,33.037913],[111.893204,33.037841],[111.893719,33.037762],[111.894172,33.037728],[111.894352,33.037751],[111.895344,33.037661],[111.895387,33.037173],[111.895427,33.037045],[111.896098,33.037018],[111.896369,33.037175],[111.896586,33.037222],[111.896066,33.036883],[111.895757,33.036606],[111.895685,33.036375],[111.894513,33.036496],[111.894515,33.036008],[111.894381,33.035992],[111.894199,33.036028],[111.894212,33.035759],[111.894282,33.035432],[111.895097,33.035403],[111.895199,33.035435],[111.895189,33.035383],[111.894971,33.035154],[111.894373,33.034616],[111.89447,33.034416],[111.89487,33.033899],[111.895076,33.03382],[111.895977,33.032986],[111.895374,33.031329],[111.895607,33.031317],[111.895832,33.031241],[111.896205,33.03123],[111.896736,33.031286],[111.897656,33.031205],[111.897774,33.03058],[111.897914,33.030454],[111.898187,33.030427],[111.89822,33.030362],[111.898166,33.030265],[111.898271,33.030159],[111.898271,33.030103],[111.898077,33.029912],[111.898043,33.029842],[111.897994,33.029705],[111.898013,33.029624],[111.89815,33.029516],[111.89833,33.029462],[111.898705,33.029447],[111.898735,33.029415],[111.898724,33.029199],[111.898761,33.029147],[111.899078,33.029127],[111.899298,33.029201],[111.899402,33.029199],[111.899502,33.029147],[111.899486,33.029001],[111.89951,33.02886],[111.899553,33.028792],[111.899773,33.02868],[111.89985,33.028493],[111.899832,33.02827],[111.899864,33.028212],[111.900129,33.028025],[111.900108,33.027863],[111.900033,33.027791],[111.899939,33.027821],[111.899488,33.028124],[111.899201,33.028196],[111.89911,33.027908],[111.898928,33.027744],[111.898869,33.027636],[111.898925,33.027517],[111.899244,33.027321],[111.89926,33.026283],[111.899073,33.026008],[111.898992,33.025799],[111.898525,33.025588],[111.898547,33.025167],[111.898448,33.023818],[111.898482,33.023474],[111.898662,33.022972],[111.898579,33.022594],[111.898354,33.022253],[111.898112,33.022016],[111.897933,33.021962],[111.897825,33.021803],[111.897477,33.02172],[111.896495,33.021641],[111.896162,33.021657],[111.896023,33.021074],[111.895781,33.020449],[111.897412,33.020714],[111.897581,33.020775],[111.898059,33.021097],[111.898289,33.021099],[111.898338,33.020892],[111.898273,33.020438],[111.89837,33.020049],[111.898378,33.019765],[111.898453,33.019448],[111.898466,33.018755],[111.89845,33.018724],[111.897973,33.01876],[111.897911,33.018596],[111.89789,33.018355],[111.897788,33.018175],[111.898,33.018108],[111.898265,33.018112],[111.898571,33.018186],[111.898853,33.01831],[111.898845,33.018225],[111.898678,33.017905],[111.89848,33.017397],[111.898241,33.017048],[111.898381,33.017006],[111.898461,33.016877],[111.89882,33.016695],[111.898863,33.016608],[111.898882,33.016342],[111.898995,33.016304],[111.899225,33.016342],[111.899346,33.01632],[111.899531,33.01598],[111.899714,33.015967],[111.899773,33.015935],[111.899775,33.015764],[111.89985,33.015652],[111.899984,33.015566],[111.900019,33.015492],[111.899998,33.015413],[111.899869,33.015278],[111.899883,33.015195],[111.899588,33.015069],[111.899322,33.014739],[111.899228,33.014671],[111.899083,33.01439],[111.899099,33.014044],[111.899244,33.013679],[111.899268,33.013421],[111.898606,33.013686],[111.898048,33.01385],[111.897731,33.013913],[111.89686,33.013911],[111.896369,33.013825],[111.895803,33.013783],[111.89535,33.013661],[111.894821,33.013607],[111.894588,33.013738],[111.889486,33.013112],[111.889033,33.013162],[111.887786,33.013027],[111.886005,33.013083],[111.884766,33.01316],[111.88442,33.013162],[111.883776,33.013056],[111.88307,33.013106],[111.88214,33.013245],[111.881228,33.013225],[111.880447,33.013119],[111.879224,33.012813],[111.878039,33.012582],[111.877274,33.012582],[111.877154,33.012627],[111.877322,33.013054],[111.877685,33.013704],[111.877121,33.013794],[111.876942,33.01334],[111.876767,33.012708],[111.876185,33.012822],[111.875536,33.013027],[111.875099,33.013043],[111.875107,33.013594],[111.875153,33.01399],[111.875271,33.014273],[111.874428,33.017044],[111.874509,33.017118],[111.87442,33.017325],[111.873946,33.017242],[111.873326,33.017204],[111.873254,33.017262],[111.873077,33.017539],[111.872739,33.017392],[111.872669,33.017408],[111.87258,33.017485],[111.872529,33.017604],[111.872425,33.017725],[111.872342,33.017779],[111.872256,33.017779],[111.871971,33.017653],[111.871907,33.017662],[111.87187,33.017728],[111.871872,33.018056],[111.871896,33.018186],[111.87202,33.018407],[111.872073,33.018598],[111.87165,33.018776],[111.869566,33.019304],[111.868364,33.019441],[111.867363,33.019734],[111.866044,33.019828],[111.864601,33.020019],[111.864569,33.020064],[111.864566,33.020215],[111.86473,33.020739],[111.864923,33.021765],[111.865049,33.022084],[111.865255,33.022882],[111.865392,33.023206],[111.865671,33.023645],[111.865928,33.024211],[111.866323,33.025484],[111.866478,33.026305],[111.866521,33.02707],[111.866744,33.02774],[111.866806,33.028059],[111.866972,33.029375],[111.867007,33.030326],[111.866862,33.031198],[111.866696,33.031781],[111.866468,33.032278],[111.866384,33.032556],[111.866347,33.032815],[111.866186,33.033278],[111.866224,33.033764],[111.865993,33.03552],[111.865628,33.036599],[111.865357,33.037085],[111.865108,33.037861],[111.864853,33.038281],[111.86452,33.038931],[111.864394,33.039462],[111.864147,33.040125],[111.86397,33.040433],[111.863641,33.041204],[111.863549,33.041521],[111.863531,33.041704],[111.86175,33.044082],[111.861404,33.044584],[111.861382,33.044683],[111.862839,33.045638],[111.865628,33.046178],[111.86617,33.04625],[111.866004,33.046834],[111.867361,33.047151],[111.867401,33.047219],[111.867133,33.04828],[111.867675,33.048397],[111.867913,33.048525],[111.868171,33.048577],[111.868109,33.048709],[111.869107,33.04899],[111.868766,33.049804],[111.868257,33.049795],[111.867712,33.051214],[111.867524,33.051578],[111.866824,33.051999],[111.866749,33.052086],[111.867031,33.053334],[111.866728,33.053523],[111.866435,33.053583],[111.8661,33.053559],[111.865692,33.053424],[111.86544,33.053599],[111.864673,33.05433],[111.864325,33.054602],[111.864241,33.054707],[111.862576,33.054319],[111.862289,33.054642],[111.86153,33.054469],[111.861358,33.054546],[111.861294,33.054631],[111.861202,33.054867],[111.860932,33.055162],[111.860693,33.055348],[111.858381,33.054701],[111.858008,33.055472],[111.857415,33.055326],[111.857332,33.055335],[111.855025,33.056594],[111.854301,33.056349],[111.853885,33.056173],[111.853459,33.056448],[111.852496,33.059053],[111.852314,33.059624],[111.851852,33.061348],[111.850951,33.061274],[111.85082,33.062306],[111.851654,33.062414],[111.851442,33.062901],[111.849666,33.062863],[111.848298,33.062654],[111.847816,33.062477],[111.847199,33.062411],[111.845874,33.062164],[111.845479,33.062036],[111.84498,33.062002],[111.844932,33.063248],[111.844471,33.063315],[111.843468,33.063306],[111.843175,33.06338],[111.842835,33.063418],[111.842853,33.062836],[111.841939,33.062816],[111.841885,33.06236],[111.84192,33.062137],[111.841874,33.061849],[111.841823,33.0618],[111.840836,33.061681],[111.840874,33.060824],[111.84093,33.060694],[111.84082,33.060723],[111.83949,33.060748],[111.839316,33.060707],[111.839163,33.060604],[111.838873,33.060539],[111.83691,33.061146],[111.836561,33.061422],[111.836285,33.061532],[111.836188,33.061427],[111.836126,33.061254],[111.83614,33.061078],[111.836341,33.060919],[111.836706,33.060822],[111.836754,33.060752],[111.836757,33.060676],[111.836641,33.060355],[111.836464,33.060022],[111.836094,33.059642],[111.835636,33.059626],[111.834721,33.059658],[111.833892,33.059601],[111.83367,33.059644],[111.833388,33.059882],[111.833254,33.059921],[111.832661,33.059968],[111.832395,33.060056],[111.832237,33.059802],[111.831054,33.058684],[111.830451,33.058219],[111.828871,33.05747],[111.829107,33.057122],[111.829483,33.056398],[111.830142,33.055],[111.829863,33.054912],[111.830032,33.054424],[111.830392,33.053802],[111.830448,33.053655],[111.830432,33.053601],[111.830314,33.053554],[111.828884,33.053347],[111.828828,33.053579],[111.828665,33.053896],[111.828257,33.05379],[111.827211,33.053631],[111.826886,33.053554],[111.825926,33.053183],[111.825352,33.053046],[111.826511,33.050429],[111.826854,33.049499],[111.826339,33.049402],[111.826331,33.049303],[111.826859,33.048415],[111.82739,33.048498],[111.827653,33.047985],[111.827527,33.047934],[111.82768,33.047351],[111.828109,33.046587],[111.828364,33.046205],[111.827683,33.046144],[111.826867,33.045991],[111.827495,33.045051],[111.827559,33.044894],[111.828249,33.043905],[111.828525,33.043558],[111.830073,33.044141],[111.830365,33.044161],[111.83047,33.044019],[111.830588,33.04397],[111.83128,33.044123],[111.832071,33.044465],[111.832414,33.044671],[111.832476,33.044791],[111.833329,33.043318],[111.833707,33.042796],[111.834531,33.041845],[111.834839,33.041238],[111.834973,33.041108],[111.835276,33.040901],[111.835933,33.039808],[111.836263,33.039367],[111.83739,33.03834],[111.837481,33.038293],[111.83827,33.037587],[111.838264,33.037506],[111.838304,33.037445],[111.839418,33.036737],[111.839831,33.036496],[111.840169,33.036352],[111.839933,33.035741],[111.839766,33.035417],[111.839549,33.035118],[111.840085,33.034776],[111.840437,33.034468],[111.840799,33.034211],[111.841035,33.033975],[111.84052,33.033463],[111.841107,33.033017],[111.842022,33.032469],[111.842373,33.032136],[111.841483,33.031518],[111.841193,33.031776],[111.840008,33.032633],[111.839718,33.032939],[111.839367,33.0332],[111.83868,33.033499],[111.838184,33.033647],[111.837339,33.033672],[111.836891,33.033625],[111.836392,33.033379],[111.836177,33.032921],[111.836035,33.032181],[111.83566,33.031189],[111.835424,33.030886],[111.834791,33.030396],[111.834643,33.030202],[111.834386,33.029516],[111.834227,33.029309],[111.834064,33.029226],[111.83275,33.028997],[111.831205,33.02857],[111.830663,33.028534],[111.829724,33.028554],[111.829467,33.028511],[111.828788,33.028489],[111.82812,33.028351],[111.827283,33.028057],[111.826167,33.02754],[111.825977,33.027409],[111.825744,33.027319],[111.825545,33.0272],[111.824883,33.026971],[111.82536,33.025828],[111.82591,33.025248],[111.825811,33.025187],[111.825537,33.025158],[111.825081,33.024706],[111.82484,33.024396],[111.824593,33.024501],[111.824486,33.02451],[111.824346,33.024371],[111.824196,33.024295],[111.8237,33.024272],[111.822919,33.024047],[111.822192,33.023982],[111.822179,33.023748],[111.821677,33.023681],[111.821246,33.023705],[111.821189,33.023663],[111.821077,33.023377],[111.821077,33.023213],[111.821125,33.023042],[111.821334,33.02259],[111.821326,33.022516],[111.821297,33.022477],[111.821119,33.022468],[111.82087,33.022615],[111.820599,33.022417],[111.820556,33.022347],[111.820529,33.022156],[111.820559,33.021956],[111.8205,33.021661],[111.820175,33.021155],[111.820162,33.02095],[111.819371,33.021018],[111.818952,33.021151],[111.818732,33.021182],[111.818083,33.021135],[111.81782,33.0212],[111.817614,33.021299],[111.817327,33.021544],[111.817212,33.021704],[111.817123,33.021931],[111.817214,33.022048],[111.817818,33.022529],[111.817673,33.022727],[111.81756,33.022797],[111.817201,33.022873],[111.816855,33.022871],[111.816659,33.022819],[111.816519,33.022734],[111.816442,33.02263],[111.816396,33.021666],[111.816348,33.021571],[111.816224,33.021463],[111.815844,33.021688],[111.815522,33.021785],[111.815329,33.021769],[111.814905,33.021562],[111.81424,33.021499],[111.81381,33.021436],[111.813698,33.021389],[111.813507,33.021398],[111.813033,33.021506],[111.812861,33.021497],[111.812434,33.021371],[111.812308,33.021364],[111.812174,33.021382],[111.812137,33.021468],[111.811179,33.02118],[111.81046,33.021157],[111.810085,33.021115],[111.809857,33.02104],[111.809752,33.020917],[111.809948,33.020665],[111.810122,33.02033],[111.810181,33.020107],[111.809412,33.019934],[111.809098,33.019819],[111.809409,33.019354],[111.809524,33.019055],[111.809951,33.018283],[111.81008,33.017966],[111.810168,33.01726],[111.810152,33.016792],[111.81009,33.016326],[111.809881,33.015915],[111.809261,33.015179],[111.808993,33.014595],[111.808258,33.01372],[111.807663,33.012865],[111.807373,33.012557],[111.807046,33.011866],[111.806984,33.011162],[111.806915,33.010924],[111.806373,33.009705],[111.806273,33.009345],[111.806115,33.009026],[111.80608,33.008843],[111.806096,33.008565],[111.806354,33.008378],[111.807078,33.007681],[111.807872,33.006797],[111.808041,33.006673],[111.807497,33.005406],[111.807188,33.005388],[111.806493,33.005469],[111.805131,33.005359],[111.805018,33.005155],[111.804745,33.004837],[111.804581,33.004547],[111.80391,33.003922],[111.801612,33.002613],[111.80126,33.002363],[111.801014,33.002129],[111.801008,33.001987],[111.80092,33.00178],[111.801169,33.001441],[111.80125,33.001274],[111.801526,33.000989],[111.802328,33.000375],[111.802551,33.000271],[111.802926,33.000156],[111.802889,33.000069],[111.802172,32.999043],[111.801395,32.998127],[111.801153,32.997893],[111.800354,32.997308],[111.800002,32.996987],[111.799246,32.996521],[111.798589,32.996188],[111.798077,32.995986],[111.797843,32.995833],[111.797017,32.995417],[111.796634,32.995187],[111.796365,32.995081],[111.796025,32.994996],[111.795853,32.994901],[111.795628,32.995054],[111.794351,32.995561],[111.794099,32.995635],[111.793933,32.995637],[111.793689,32.995552],[111.792959,32.995718],[111.792715,32.995855],[111.792288,32.996269],[111.791908,32.996766],[111.79106,32.997709],[111.790773,32.997979],[111.790497,32.998175],[111.790148,32.998121],[111.789394,32.997837],[111.788474,32.997659],[111.78826,32.997659],[111.788198,32.997592],[111.787691,32.997414],[111.787423,32.997259],[111.787088,32.99689],[111.786932,32.996535],[111.786921,32.99615],[111.78709,32.995837],[111.787281,32.99563],[111.787632,32.995331],[111.788013,32.994926],[111.788477,32.994337],[111.788592,32.994123],[111.788598,32.993898],[111.788493,32.993729],[111.788415,32.993511],[111.78834,32.992958],[111.788386,32.992422],[111.788477,32.992011],[111.787978,32.990386],[111.78779,32.98995],[111.787688,32.98979],[111.787396,32.989493],[111.787198,32.989516],[111.786822,32.989633],[111.786559,32.989799]]]}},{"type":"Feature","properties":{"regionCode":"411325105","sourceCode":"411325105000","name":"赤眉镇","sourceName":"赤眉镇","parentCode":"411325","parentName":"内乡县","regionLevel":"township","regionType":"town","isManagementZone":false,"source":"ruiduobao","sourceVersion":"mixed-legacy~2018-2020","geometryRepaired":false,"match2020":true,"match2023":true},"geometry":{"type":"Polygon","coordinates":[[[111.821133,33.156599],[111.820208,33.156355],[111.819912,33.156308],[111.819703,33.1564],[111.819376,33.156667],[111.819041,33.156741],[111.818663,33.156644],[111.818365,33.156431],[111.81737,33.156355],[111.817316,33.157275],[111.817128,33.15816],[111.817102,33.158643],[111.816941,33.159195],[111.816874,33.159323],[111.816739,33.15999],[111.815862,33.162027],[111.815465,33.162779],[111.815122,33.163143],[111.814296,33.164227],[111.813827,33.164744],[111.813411,33.165145],[111.813033,33.165462],[111.812772,33.165565],[111.812628,33.165756],[111.812544,33.165974],[111.812467,33.166057],[111.812193,33.166154],[111.812032,33.16618],[111.811493,33.166113],[111.811142,33.165909],[111.811099,33.165781],[111.810777,33.165639],[111.810361,33.165556],[111.809739,33.165222],[111.809178,33.16601],[111.808333,33.16559],[111.80732,33.166737],[111.807202,33.16696],[111.806842,33.168266],[111.80534,33.167947],[111.805458,33.167483],[111.805552,33.166847],[111.805758,33.166156],[111.803806,33.165722],[111.803851,33.16537],[111.803315,33.165276],[111.801837,33.164871],[111.80207,33.164479],[111.802277,33.164245],[111.801971,33.163917],[111.801735,33.163574],[111.801083,33.162925],[111.800936,33.16286],[111.800507,33.162992],[111.800169,33.162925],[111.80044,33.16235],[111.799501,33.162231],[111.797073,33.162072],[111.796816,33.163134],[111.795909,33.162963],[111.792431,33.162619],[111.792621,33.16074],[111.792205,33.160722],[111.792243,33.158706],[111.791513,33.158533],[111.79168,33.157489],[111.789805,33.157289],[111.789941,33.155957],[111.792535,33.156249],[111.792498,33.155771],[111.788839,33.155409],[111.786779,33.155434],[111.786629,33.155533],[111.787286,33.156189],[111.787581,33.156584],[111.787613,33.156873],[111.787546,33.157085],[111.787356,33.157363],[111.785747,33.157323],[111.784451,33.157349],[111.784261,33.157332],[111.78411,33.15723],[111.78396,33.157257],[111.783861,33.157316],[111.783515,33.15761],[111.782477,33.157781],[111.782075,33.157812],[111.781806,33.156968],[111.780146,33.157314],[111.778148,33.157603],[111.777558,33.157662],[111.776466,33.157641],[111.776091,33.157556],[111.775578,33.157251],[111.775348,33.157037],[111.774462,33.157489],[111.774342,33.157428],[111.774299,33.157363],[111.77366,33.15622],[111.773384,33.155829],[111.774444,33.155261],[111.773977,33.154693],[111.774363,33.154453],[111.77413,33.154257],[111.773913,33.154013],[111.773355,33.153247],[111.772993,33.152692],[111.772883,33.152769],[111.77262,33.15318],[111.772239,33.153882],[111.771928,33.154601],[111.771705,33.155335],[111.771697,33.156469],[111.770426,33.156492],[111.769989,33.156539],[111.769683,33.156296],[111.769227,33.155787],[111.76909,33.153831],[111.769071,33.153101],[111.769136,33.152591],[111.769103,33.152349],[111.768975,33.152066],[111.768878,33.151929],[111.768886,33.151733],[111.768857,33.151662],[111.768438,33.151217],[111.768157,33.150806],[111.768028,33.150676],[111.768009,33.150604],[111.768047,33.150483],[111.768135,33.150384],[111.76751,33.150134],[111.767033,33.150078],[111.766743,33.149986],[111.766582,33.149885],[111.766467,33.149697],[111.766148,33.149501],[111.765973,33.149351],[111.765912,33.149472],[111.765952,33.150031],[111.765676,33.151188],[111.765574,33.151372],[111.765311,33.151655],[111.764992,33.151922],[111.764265,33.152659],[111.764045,33.153534],[111.764404,33.153918],[111.764812,33.154172],[111.765043,33.154448],[111.765356,33.155302],[111.766255,33.158135],[111.766636,33.159209],[111.767102,33.160381],[111.767414,33.160956],[111.767443,33.161427],[111.767271,33.162155],[111.76692,33.162628],[111.766663,33.162844],[111.766373,33.162824],[111.765625,33.162916],[111.764938,33.163118],[111.764157,33.163419],[111.763441,33.163441],[111.76235,33.16405],[111.761652,33.163659],[111.760679,33.163217],[111.760367,33.162871],[111.760003,33.162689],[111.759488,33.162866],[111.758206,33.163502],[111.757092,33.164306],[111.756553,33.164566],[111.756092,33.166793],[111.756202,33.167355],[111.756068,33.167781],[111.755475,33.168311],[111.754947,33.168637],[111.754434,33.168679],[111.75367,33.168608],[111.753024,33.168482],[111.752409,33.168201],[111.751763,33.167716],[111.751218,33.166791],[111.750537,33.165078],[111.750194,33.164986],[111.749392,33.165145],[111.748552,33.165538],[111.747968,33.166118],[111.747638,33.166784],[111.747198,33.168013],[111.747069,33.168567],[111.746707,33.168976],[111.746286,33.169238],[111.746007,33.169499],[111.745605,33.169717],[111.745411,33.169961],[111.745358,33.170357],[111.745495,33.170711],[111.746144,33.171369],[111.746254,33.171746],[111.746211,33.17301],[111.74627,33.173722],[111.746541,33.174541],[111.746868,33.175758],[111.74704,33.177244],[111.746857,33.177666],[111.746527,33.178055],[111.745479,33.179072],[111.745103,33.179631],[111.745114,33.179938],[111.74521,33.18025],[111.745379,33.180583],[111.74591,33.181067],[111.746071,33.181377],[111.746023,33.181889],[111.745792,33.1828],[111.745682,33.183537],[111.745677,33.184599],[111.745385,33.186531],[111.744583,33.187517],[111.744322,33.188437],[111.744258,33.189214],[111.744191,33.189526],[111.74359,33.190751],[111.743156,33.191088],[111.742858,33.191157],[111.74204,33.191164],[111.741632,33.191097],[111.741157,33.191086],[111.74087,33.191115],[111.740203,33.191299],[111.739741,33.191764],[111.739473,33.192287],[111.739704,33.193341],[111.739283,33.19375],[111.737735,33.194659],[111.737378,33.195052],[111.73719,33.195312],[111.737137,33.195716],[111.737003,33.196313],[111.736804,33.196908],[111.736987,33.197386],[111.737097,33.197833],[111.737182,33.198282],[111.737145,33.198589],[111.736397,33.200221],[111.736228,33.200966],[111.736042,33.201525],[111.735742,33.201873],[111.735377,33.202057],[111.734562,33.202306],[111.733629,33.202811],[111.732861,33.204088],[111.732808,33.204552],[111.733242,33.206285],[111.733602,33.208213],[111.733607,33.208857],[111.733478,33.209191],[111.733333,33.209449],[111.732837,33.209759],[111.732505,33.209772],[111.732199,33.209826],[111.730324,33.210798],[111.729908,33.210986],[111.729098,33.21155],[111.729066,33.211902],[111.729106,33.212236],[111.729243,33.212566],[111.730313,33.213255],[111.73097,33.213444],[111.731359,33.213655],[111.730887,33.214281],[111.730383,33.214772],[111.729227,33.215539],[111.728943,33.216096],[111.728393,33.216877],[111.728345,33.217341],[111.728371,33.219062],[111.728943,33.219469],[111.730455,33.220214],[111.731493,33.221282],[111.731657,33.221562],[111.73148,33.222931],[111.731282,33.223851],[111.731263,33.224638],[111.731386,33.225477],[111.731233,33.227822],[111.731086,33.228327],[111.730855,33.228773],[111.730206,33.230223],[111.72986,33.231163],[111.729369,33.232906],[111.729364,33.233548],[111.729656,33.234795],[111.730008,33.236025],[111.730461,33.23679],[111.730624,33.237521],[111.730654,33.238342],[111.730445,33.23969],[111.730056,33.241788],[111.73012,33.242333],[111.730295,33.242932],[111.730957,33.244004],[111.731172,33.244715],[111.7313,33.245868],[111.731469,33.246911],[111.731684,33.247324],[111.731872,33.247656],[111.73266,33.248715],[111.733323,33.249372],[111.733953,33.249727],[111.73438,33.250041],[111.73454,33.250373],[111.734522,33.252183],[111.734224,33.253277],[111.733848,33.253771],[111.732612,33.25456],[111.732191,33.254998],[111.731512,33.255446],[111.73078,33.25616],[111.730627,33.256761],[111.730576,33.257115],[111.730632,33.257604],[111.730981,33.258178],[111.731461,33.258685],[111.731676,33.259073],[111.731413,33.259264],[111.730807,33.259533],[111.72986,33.259739],[111.72957,33.259896],[111.728894,33.261186],[111.728505,33.262143],[111.727958,33.263189],[111.727253,33.264081],[111.726655,33.265238],[111.726011,33.265925],[111.725351,33.266129],[111.724659,33.266582],[111.724294,33.267048],[111.724136,33.267338],[111.724115,33.267804],[111.724375,33.269706],[111.724243,33.270078],[111.723911,33.27076],[111.723337,33.271262],[111.722918,33.271684],[111.72243,33.272464],[111.721687,33.273191],[111.720746,33.274339],[111.720419,33.274617],[111.720263,33.274951],[111.719842,33.276061],[111.719729,33.276507],[111.719705,33.276933],[111.72004,33.277458],[111.720518,33.277974],[111.721119,33.279427],[111.721148,33.279761],[111.721019,33.280093],[111.720577,33.281005],[111.720212,33.281429],[111.720161,33.281719],[111.720231,33.282284],[111.720038,33.282651],[111.719209,33.283279],[111.718831,33.283672],[111.718099,33.284248],[111.716277,33.285026],[111.716017,33.285405],[111.716395,33.286445],[111.717028,33.287654],[111.717393,33.28879],[111.717769,33.289654],[111.718222,33.290118],[111.718941,33.290712],[111.719075,33.291136],[111.719169,33.291786],[111.719316,33.292375],[111.71941,33.292961],[111.719598,33.293496],[111.72014,33.295321],[111.720185,33.29538],[111.720631,33.295931],[111.72121,33.295951],[111.722344,33.295781],[111.722977,33.295855],[111.723887,33.296061],[111.724423,33.296267],[111.724667,33.296471],[111.724989,33.296913],[111.725534,33.298819],[111.725542,33.299949],[111.725711,33.301594],[111.726011,33.30152],[111.72626,33.301498],[111.727052,33.301482],[111.727164,33.301415],[111.727559,33.300928],[111.727671,33.300839],[111.728157,33.300722],[111.728658,33.300684],[111.729152,33.300271],[111.729425,33.30011],[111.72964,33.300061],[111.730877,33.299514],[111.731563,33.299319],[111.731898,33.299276],[111.732202,33.299018],[111.732325,33.29874],[111.732741,33.298299],[111.733004,33.298117],[111.733355,33.298023],[111.733513,33.297949],[111.733639,33.297837],[111.733851,33.297178],[111.733926,33.296669],[111.733889,33.295664],[111.734004,33.295117],[111.733983,33.294577],[111.733907,33.294375],[111.73387,33.294061],[111.733875,33.293768],[111.734173,33.293187],[111.734323,33.293084],[111.734825,33.292987],[111.735053,33.293008],[111.735066,33.292985],[111.734897,33.292692],[111.734886,33.292561],[111.73498,33.292324],[111.735342,33.292084],[111.735718,33.291712],[111.736021,33.29153],[111.736356,33.291387],[111.736745,33.291315],[111.737848,33.291012],[111.738762,33.290799],[111.740887,33.290884],[111.741115,33.290837],[111.741227,33.290777],[111.741434,33.290748],[111.741651,33.290656],[111.741841,33.29049],[111.742056,33.290391],[111.742794,33.290445],[111.743499,33.290077],[111.743971,33.28997],[111.744438,33.28997],[111.744846,33.290131],[111.745073,33.290115],[111.746213,33.289916],[111.746452,33.289907],[111.746946,33.289799],[111.748606,33.289326],[111.74889,33.289333],[111.749486,33.289432],[111.749993,33.289447],[111.750982,33.289701],[111.751173,33.289707],[111.751881,33.28958],[111.752189,33.289317],[111.752361,33.289071],[111.752498,33.288963],[111.75275,33.288885],[111.753225,33.288811],[111.753732,33.288494],[111.754161,33.288136],[111.754512,33.288055],[111.755387,33.287607],[111.75559,33.287562],[111.756325,33.287573],[111.75661,33.287503],[111.757146,33.287272],[111.757586,33.287149],[111.758957,33.286853],[111.759772,33.286829],[111.760346,33.286746],[111.76121,33.286808],[111.761902,33.286712],[111.762562,33.286479],[111.763701,33.286219],[111.764415,33.286008],[111.765359,33.285555],[111.765582,33.285494],[111.766073,33.28551],[111.766314,33.285438],[111.766885,33.285113],[111.7671,33.285062],[111.767658,33.285082],[111.768492,33.284864],[111.768733,33.284846],[111.768838,33.284813],[111.769181,33.284568],[111.769702,33.284275],[111.770305,33.284082],[111.77067,33.284012],[111.770844,33.283918],[111.770938,33.283759],[111.771002,33.28355],[111.771147,33.283378],[111.77159,33.283104],[111.77192,33.282972],[111.772003,33.282858],[111.772022,33.28255],[111.772107,33.282272],[111.772298,33.282032],[111.772671,33.281878],[111.773073,33.281539],[111.773167,33.281371],[111.773245,33.280985],[111.773481,33.280548],[111.773644,33.280436],[111.774331,33.280187],[111.775278,33.280052],[111.775629,33.279974],[111.776332,33.279732],[111.776488,33.279653],[111.776785,33.27936],[111.776917,33.27927],[111.777051,33.279301],[111.777469,33.279633],[111.778448,33.280046],[111.779347,33.280373],[111.780103,33.280597],[111.780369,33.280727],[111.780076,33.281604],[111.780098,33.282035],[111.780288,33.282409],[111.780615,33.282667],[111.78097,33.282842],[111.782308,33.282932],[111.782563,33.282804],[111.783504,33.282519],[111.783684,33.282409],[111.784051,33.28208],[111.78499,33.281613],[111.785411,33.281337],[111.786337,33.280638],[111.78653,33.280456],[111.786919,33.27999],[111.787088,33.279848],[111.787578,33.279566],[111.787777,33.279413],[111.787908,33.279277],[111.78797,33.279106],[111.788131,33.278974],[111.788415,33.278833],[111.788901,33.278694],[111.789351,33.278638],[111.789773,33.278514],[111.790389,33.278151],[111.790891,33.27805],[111.791545,33.277969],[111.791701,33.277904],[111.792189,33.277801],[111.792503,33.277501],[111.792785,33.277377],[111.793257,33.277274],[111.793976,33.276947],[111.794375,33.276846],[111.794944,33.276646],[111.795048,33.276637],[111.795397,33.276812],[111.795872,33.27694],[111.796183,33.276989],[111.79709,33.276909],[111.79779,33.276628],[111.798254,33.276382],[111.798436,33.276312],[111.798946,33.276205],[111.799125,33.276106],[111.799241,33.275722],[111.799332,33.275541],[111.799458,33.275391],[111.800421,33.274742],[111.801901,33.274355],[111.802199,33.274191],[111.80243,33.274007],[111.802626,33.273928],[111.803272,33.273964],[111.803422,33.273998],[111.803731,33.274139],[111.804082,33.274186],[111.80501,33.274173],[111.805421,33.274059],[111.805691,33.274043],[111.805882,33.274072],[111.80618,33.274227],[111.806346,33.274359],[111.806641,33.274895],[111.806783,33.275065],[111.806904,33.27511],[111.807199,33.27509],[111.807346,33.275124],[111.807446,33.275173],[111.807542,33.275287],[111.807751,33.275449],[111.80803,33.275628],[111.808623,33.27577],[111.808969,33.275756],[111.809548,33.275653],[111.80976,33.275579],[111.810281,33.275287],[111.810892,33.27566],[111.811048,33.275841],[111.811217,33.275962],[111.811579,33.276422],[111.811788,33.276595],[111.811962,33.276702],[111.812772,33.27705],[111.813033,33.276963],[111.813558,33.276711],[111.814049,33.276265],[111.814269,33.276144],[111.815457,33.275595],[111.815895,33.275465],[111.817619,33.275173],[111.818547,33.275247],[111.818829,33.275227],[111.819226,33.275113],[111.819797,33.274799],[111.82047,33.274478],[111.820712,33.274467],[111.821313,33.274563],[111.821447,33.274543],[111.822021,33.274139],[111.823257,33.273816],[111.823756,33.273738],[111.824507,33.273727],[111.82496,33.273657],[111.825864,33.273215],[111.826041,33.273202],[111.826192,33.273245],[111.826562,33.273543],[111.8268,33.273576],[111.82779,33.27313],[111.828034,33.273159],[111.828324,33.27333],[111.828957,33.273814],[111.829461,33.274388],[111.829652,33.274552],[111.830612,33.275137],[111.831368,33.275435],[111.832079,33.275897],[111.832771,33.276469],[111.833648,33.277294],[111.834399,33.277904],[111.834691,33.277947],[111.834936,33.278081],[111.835654,33.278687],[111.835925,33.278969],[111.83643,33.279366],[111.836615,33.279456],[111.83783,33.279595],[111.838656,33.279792],[111.838991,33.27979],[111.839814,33.279622],[111.840386,33.279445],[111.8406,33.279306],[111.840759,33.279066],[111.841043,33.278377],[111.841134,33.278272],[111.841936,33.278162],[111.842242,33.278079],[111.842655,33.277759],[111.842757,33.277626],[111.843167,33.277362],[111.844449,33.276718],[111.844498,33.275494],[111.844473,33.275305],[111.844677,33.274312],[111.844878,33.273706],[111.845005,33.27352],[111.845147,33.273379],[111.845925,33.27285],[111.846144,33.272821],[111.847126,33.272839],[111.847518,33.272751],[111.847952,33.272706],[111.848341,33.272596],[111.849044,33.272226],[111.849672,33.272361],[111.850307,33.27243],[111.850471,33.272489],[111.850672,33.272644],[111.850911,33.272951],[111.851286,33.273538],[111.851367,33.273724],[111.851807,33.274287],[111.852316,33.274839],[111.852625,33.275041],[111.852778,33.275099],[111.853038,33.275063],[111.853193,33.274994],[111.853357,33.274859],[111.853673,33.274433],[111.853891,33.274209],[111.854146,33.274002],[111.854709,33.273711],[111.855039,33.273455],[111.855304,33.273162],[111.855728,33.272785],[111.855894,33.27217],[111.855967,33.271542],[111.855988,33.271006],[111.85587,33.270262],[111.855881,33.270002],[111.856077,33.26926],[111.855881,33.268582],[111.855862,33.268392],[111.855865,33.267208],[111.855943,33.266654],[111.855605,33.266705],[111.85535,33.266685],[111.855154,33.266573],[111.854948,33.266405],[111.854864,33.266201],[111.85487,33.264624],[111.854937,33.264088],[111.855007,33.26392],[111.856264,33.263314],[111.85661,33.26322],[111.857018,33.263054],[111.857506,33.262745],[111.857855,33.26257],[111.858078,33.262529],[111.858327,33.26254],[111.858724,33.262637],[111.859566,33.262751],[111.859821,33.26274],[111.860918,33.262336],[111.86253,33.261524],[111.863337,33.261193],[111.864477,33.260405],[111.865261,33.259959],[111.865625,33.259804],[111.86606,33.259524],[111.866146,33.259374],[111.866156,33.259091],[111.866253,33.258705],[111.866245,33.258402],[111.866173,33.258227],[111.865698,33.257752],[111.865338,33.257436],[111.865143,33.257315],[111.864319,33.256974],[111.863871,33.25683],[111.863343,33.256572],[111.862608,33.256115],[111.86238,33.255904],[111.861827,33.255502],[111.86051,33.254897],[111.859676,33.254309],[111.859373,33.254065],[111.858611,33.253259],[111.858102,33.252595],[111.858096,33.25227],[111.858147,33.251985],[111.858276,33.251768],[111.858362,33.25151],[111.858729,33.250725],[111.859472,33.249513],[111.85966,33.249294],[111.860014,33.248598],[111.860062,33.248414],[111.860143,33.248367],[111.861162,33.248558],[111.861817,33.248553],[111.861854,33.24832],[111.861629,33.247111],[111.861656,33.246846],[111.861857,33.246772],[111.862468,33.246665],[111.863582,33.246333],[111.863836,33.246209],[111.864099,33.246173],[111.864306,33.246268],[111.865008,33.246911],[111.865481,33.247288],[111.865853,33.247315],[111.866355,33.247219],[111.86713,33.24725],[111.867237,33.247068],[111.867267,33.246465],[111.867229,33.246079],[111.867264,33.246034],[111.867841,33.245958],[111.868557,33.245783],[111.868707,33.245761],[111.868865,33.245779],[111.869437,33.245689],[111.869716,33.245496],[111.86993,33.245173],[111.869989,33.245054],[111.870051,33.244794],[111.870166,33.244592],[111.870252,33.244356],[111.870325,33.243603],[111.870274,33.243499],[111.86978,33.243248],[111.869576,33.243208],[111.868911,33.243199],[111.868211,33.243008],[111.868021,33.242916],[111.866996,33.242111],[111.866779,33.242005],[111.866655,33.241869],[111.866604,33.241698],[111.866505,33.241595],[111.866358,33.241463],[111.866089,33.241337],[111.866079,33.241274],[111.866173,33.241041],[111.866207,33.240814],[111.866081,33.240258],[111.866004,33.239616],[111.865907,33.239387],[111.865658,33.239161],[111.865371,33.238795],[111.865585,33.238421],[111.86592,33.238167],[111.866146,33.237932],[111.866199,33.23766],[111.866173,33.2374],[111.866116,33.237216],[111.865438,33.236303],[111.865314,33.235836],[111.86533,33.235524],[111.865869,33.234954],[111.86621,33.234705],[111.866618,33.234333],[111.866902,33.234254],[111.86728,33.234254],[111.8675,33.233813],[111.867653,33.233694],[111.868546,33.233597],[111.869043,33.23261],[111.869013,33.231836],[111.869061,33.231401],[111.868949,33.231019],[111.869059,33.230833],[111.869233,33.230627],[111.869378,33.230344],[111.86938,33.230173],[111.86886,33.230066],[111.868678,33.230079],[111.868554,33.23014],[111.868297,33.230342],[111.868123,33.230236],[111.868123,33.230198],[111.868232,33.230115],[111.868619,33.22966],[111.868613,33.229498],[111.868581,33.229469],[111.867811,33.229693],[111.867905,33.229987],[111.867889,33.230014],[111.867653,33.230099],[111.867562,33.23007],[111.867374,33.229677],[111.867551,33.229426],[111.867817,33.229137],[111.868283,33.228502],[111.868286,33.228462],[111.867744,33.227876],[111.867307,33.22758],[111.867154,33.227421],[111.866953,33.227122],[111.866859,33.227071],[111.866704,33.227053],[111.865939,33.227008],[111.86581,33.226884],[111.865727,33.22655],[111.865738,33.2264],[111.865709,33.226366],[111.86547,33.226225],[111.864826,33.226072],[111.864351,33.226041],[111.863713,33.226314],[111.863286,33.226624],[111.863257,33.226736],[111.863313,33.227268],[111.863383,33.227421],[111.863568,33.22767],[111.863603,33.22797],[111.863614,33.228569],[111.863571,33.228886],[111.863525,33.229014],[111.863434,33.229101],[111.863284,33.229148],[111.862495,33.229218],[111.862294,33.229276],[111.862136,33.229375],[111.861945,33.229175],[111.861337,33.228843],[111.860191,33.228361],[111.859534,33.228174],[111.859373,33.228064],[111.859236,33.227901],[111.859121,33.227645],[111.858949,33.227461],[111.858756,33.227387],[111.857844,33.227237],[111.857083,33.227246],[111.856731,33.22714],[111.856318,33.226954],[111.855892,33.226887],[111.855693,33.226716],[111.855465,33.226294],[111.855401,33.226072],[111.855291,33.225906],[111.854891,33.225583],[111.854728,33.225511],[111.854406,33.225455],[111.853631,33.225406],[111.853086,33.225935],[111.852871,33.226074],[111.852021,33.226323],[111.851305,33.226433],[111.850884,33.226597],[111.850219,33.226759],[111.850098,33.226563],[111.850082,33.226332],[111.850117,33.226184],[111.850251,33.226025],[111.850417,33.225679],[111.850415,33.225222],[111.850216,33.22491],[111.84983,33.224571],[111.849505,33.223981],[111.849315,33.223745],[111.849049,33.223472],[111.848655,33.223243],[111.848722,33.223039],[111.848615,33.222563],[111.848113,33.221672],[111.84803,33.221459],[111.84766,33.221582],[111.847185,33.221589],[111.846362,33.221533],[111.846204,33.221468],[111.845402,33.220754],[111.84505,33.219991],[111.844844,33.219807],[111.844074,33.219868],[111.843755,33.219816],[111.843374,33.219864],[111.842521,33.220326],[111.84229,33.220575],[111.842164,33.220633],[111.84184,33.22055],[111.841738,33.220564],[111.841432,33.220763],[111.841314,33.220932],[111.841142,33.221039],[111.841048,33.221037],[111.84093,33.220602],[111.840933,33.220209],[111.840858,33.219922],[111.840839,33.219684],[111.840895,33.21854],[111.840887,33.218138],[111.840855,33.218003],[111.840734,33.217797],[111.840523,33.217476],[111.8403,33.21727],[111.840195,33.217041],[111.840257,33.216834],[111.840506,33.216403],[111.840536,33.216143],[111.840447,33.215928],[111.839989,33.215196],[111.839766,33.214729],[111.83971,33.214397],[111.839769,33.214231],[111.840042,33.213984],[111.840179,33.213816],[111.840354,33.213655],[111.840724,33.213457],[111.840485,33.212577],[111.840233,33.212072],[111.840123,33.211774],[111.840126,33.211204],[111.840195,33.210398],[111.840273,33.210351],[111.840606,33.210437],[111.841137,33.210459],[111.841496,33.210351],[111.842006,33.209914],[111.842188,33.209797],[111.84251,33.209694],[111.842749,33.209568],[111.842961,33.209308],[111.842974,33.209119],[111.842473,33.208845],[111.842261,33.20863],[111.841976,33.207977],[111.841925,33.207723],[111.841909,33.207342],[111.841866,33.207176],[111.84159,33.206561],[111.841609,33.206361],[111.841727,33.206164],[111.841791,33.205879],[111.841789,33.205751],[111.841628,33.205046],[111.841097,33.204157],[111.84082,33.203848],[111.840745,33.20358],[111.840893,33.203102],[111.840898,33.202755],[111.840785,33.202375],[111.840761,33.20192],[111.840914,33.201799],[111.841386,33.201585],[111.841628,33.201421],[111.841936,33.201154],[111.842084,33.200892],[111.842089,33.200667],[111.842046,33.200506],[111.841872,33.20016],[111.841612,33.200001],[111.841402,33.199711],[111.84141,33.199305],[111.841711,33.198589],[111.841818,33.198205],[111.841794,33.198091],[111.841574,33.19792],[111.841426,33.197635],[111.841459,33.197489],[111.84203,33.196755],[111.842151,33.196522],[111.842414,33.195195],[111.842427,33.194881],[111.842411,33.194854],[111.841665,33.194634],[111.840501,33.194349],[111.840673,33.193797],[111.840708,33.193465],[111.840791,33.193393],[111.840804,33.193256],[111.840869,33.193092],[111.841308,33.192682],[111.841408,33.192473],[111.84141,33.192069],[111.841445,33.191907],[111.841553,33.191768],[111.84174,33.191638],[111.842325,33.191308],[111.842483,33.19125],[111.842593,33.191155],[111.842655,33.190971],[111.842607,33.190823],[111.842379,33.190652],[111.841944,33.190491],[111.841319,33.19032],[111.840992,33.190168],[111.840587,33.189896],[111.840477,33.18971],[111.840029,33.189514],[111.840187,33.189014],[111.840206,33.188695],[111.840131,33.188183],[111.839967,33.187887],[111.839806,33.187696],[111.839329,33.187362],[111.838809,33.187014],[111.838417,33.186807],[111.838355,33.186679],[111.838565,33.186356],[111.838683,33.185211],[111.838768,33.184783],[111.838463,33.184466],[111.838307,33.184217],[111.838307,33.183537],[111.838353,33.183404],[111.839072,33.182991],[111.838055,33.182789],[111.837808,33.182706],[111.83769,33.182583],[111.837543,33.18219],[111.837481,33.181777],[111.837291,33.181308],[111.837173,33.181124],[111.836368,33.180636],[111.836255,33.180475],[111.836242,33.180212],[111.836269,33.179963],[111.8364,33.179579],[111.836794,33.178975],[111.837132,33.178627],[111.836848,33.178425],[111.83659,33.178326],[111.835984,33.178378],[111.835477,33.177916],[111.835118,33.177803],[111.834498,33.177714],[111.833659,33.177702],[111.833018,33.176115],[111.833388,33.176016],[111.834324,33.175675],[111.834898,33.175192],[111.835459,33.17493],[111.83592,33.174537],[111.835756,33.174366],[111.835834,33.174227],[111.835727,33.173884],[111.836295,33.173345],[111.836486,33.17323],[111.83658,33.173035],[111.836523,33.172732],[111.836022,33.171903],[111.836167,33.171672],[111.836438,33.171371],[111.836717,33.170974],[111.836915,33.170608],[111.837178,33.170224],[111.837245,33.170062],[111.836947,33.169914],[111.83662,33.169681],[111.836054,33.169362],[111.835821,33.169263],[111.835555,33.169207],[111.834871,33.169164],[111.834032,33.169185],[111.83349,33.169238],[111.833023,33.16942],[111.832951,33.169279],[111.832881,33.168828],[111.832835,33.168704],[111.832669,33.168322],[111.832532,33.168114],[111.832556,33.167635],[111.832355,33.167368],[111.832192,33.167249],[111.832157,33.167056],[111.832178,33.1666],[111.832138,33.166484],[111.832044,33.166394],[111.831923,33.166127],[111.831878,33.165884],[111.831926,33.165536],[111.832119,33.16495],[111.832229,33.164126],[111.831097,33.163289],[111.830561,33.163147],[111.830239,33.162496],[111.830161,33.162056],[111.830306,33.161892],[111.830416,33.161885],[111.830464,33.161822],[111.830676,33.160884],[111.830652,33.160749],[111.830384,33.160462],[111.829834,33.160136],[111.829593,33.159844],[111.829137,33.15962],[111.828466,33.159552],[111.828482,33.159299],[111.827927,33.159056],[111.828034,33.15893],[111.827911,33.158695],[111.827962,33.158308],[111.827348,33.158133],[111.826956,33.157974],[111.82683,33.157888],[111.826816,33.157715],[111.826849,33.157574],[111.826937,33.157417],[111.824912,33.156867],[111.82444,33.156676],[111.822552,33.156049],[111.822351,33.156489],[111.822211,33.15646],[111.822034,33.156335],[111.822619,33.155052],[111.821785,33.154783],[111.821278,33.156128],[111.821133,33.156599]]]}},{"type":"Feature","properties":{"regionCode":"411325106","sourceCode":"411325106000","name":"瓦亭镇","sourceName":"瓦亭镇","parentCode":"411325","parentName":"内乡县","regionLevel":"township","regionType":"town","isManagementZone":false,"source":"ruiduobao","sourceVersion":"mixed-legacy~2018-2020","geometryRepaired":false,"match2020":true,"match2023":true},"geometry":{"type":"Polygon","coordinates":[[[111.723104,32.824349],[111.723535,32.824707],[111.723659,32.825018],[111.723745,32.825642],[111.723667,32.826298],[111.723307,32.827373],[111.722991,32.828721],[111.722387,32.829902],[111.722063,32.830387],[111.721829,32.83184],[111.721961,32.833048],[111.721864,32.833497],[111.721701,32.833986],[111.72162,32.834536],[111.7214,32.835156],[111.721065,32.835491],[111.720671,32.835685],[111.719544,32.836048],[111.717267,32.83699],[111.716674,32.837137],[111.715773,32.837238],[111.715263,32.837218],[111.7147,32.837362],[111.708984,32.839167],[111.706678,32.839791],[111.706004,32.840152],[111.70564,32.840488],[111.705388,32.840943],[111.704969,32.841518],[111.703985,32.842547],[111.703,32.843875],[111.702319,32.844614],[111.702346,32.845344],[111.702408,32.845939],[111.702271,32.846489],[111.701938,32.847156],[111.70189,32.848048],[111.701898,32.849278],[111.701788,32.849565],[111.701311,32.849876],[111.700608,32.850166],[111.6967,32.852262],[111.695911,32.852742],[111.695635,32.853267],[111.695329,32.854008],[111.694715,32.854846],[111.694267,32.855324],[111.693988,32.855612],[111.692245,32.856669],[111.691936,32.856982],[111.691714,32.857435],[111.691357,32.858485],[111.691048,32.858987],[111.690769,32.859204],[111.690289,32.859373],[111.689501,32.859544],[111.68905,32.859546],[111.687889,32.859267],[111.686843,32.859082],[111.685883,32.859089],[111.685236,32.859258],[111.684533,32.859596],[111.684056,32.860123],[111.683916,32.860384],[111.684032,32.86067],[111.684831,32.861572],[111.685684,32.862473],[111.685673,32.862962],[111.685325,32.863331],[111.68375,32.864437],[111.682093,32.865399],[111.680207,32.86622],[111.678616,32.867139],[111.676927,32.867835],[111.674775,32.868835],[111.673614,32.869822],[111.672375,32.87054],[111.671718,32.870982],[111.670792,32.871917],[111.66995,32.872516],[111.668456,32.873073],[111.666316,32.873681],[111.664596,32.873998],[111.663947,32.874003],[111.663591,32.873766],[111.663403,32.873147],[111.663395,32.87198],[111.663306,32.871457],[111.663076,32.870932],[111.662365,32.870031],[111.661568,32.869227],[111.660345,32.868209],[111.659495,32.867736],[111.657338,32.866864],[111.656759,32.866765],[111.655185,32.866837],[111.654592,32.866697],[111.654002,32.866314],[111.653779,32.866073],[111.653543,32.865523],[111.653312,32.865251],[111.653012,32.865046],[111.65177,32.865194],[111.650434,32.86571],[111.649992,32.866222],[111.649734,32.866796],[111.649463,32.867087],[111.648712,32.868125],[111.647256,32.869635],[111.646218,32.870498],[111.645767,32.870833],[111.644979,32.871124],[111.643597,32.871511],[111.64312,32.871872],[111.642087,32.87326],[111.641806,32.873498],[111.641387,32.874287],[111.640406,32.875102],[111.639057,32.87599],[111.637895,32.876702],[111.637203,32.877206],[111.636761,32.877898],[111.636766,32.878283],[111.637182,32.87883],[111.638145,32.880709],[111.638729,32.881671],[111.638735,32.882187],[111.638595,32.882594],[111.638287,32.882858],[111.63764,32.883099],[111.636004,32.883322],[111.633207,32.883531],[111.632174,32.883716],[111.631018,32.88418],[111.630524,32.884504],[111.630122,32.885293],[111.629714,32.885928],[111.629425,32.887333],[111.629202,32.887883],[111.62888,32.888255],[111.628387,32.888507],[111.62788,32.888651],[111.626356,32.888921],[111.624578,32.889074],[111.623873,32.889243],[111.622521,32.889489],[111.621676,32.889827],[111.621252,32.89009],[111.620887,32.890426],[111.620581,32.891047],[111.620222,32.892002],[111.619774,32.892696],[111.61916,32.893746],[111.618688,32.89475],[111.618049,32.896493],[111.617797,32.896804],[111.617333,32.896973],[111.616384,32.896691],[111.614884,32.896032],[111.614372,32.895773],[111.613997,32.895631],[111.61401,32.896297],[111.614439,32.897225],[111.614801,32.897676],[111.615418,32.898662],[111.615684,32.898966],[111.617041,32.899829],[111.618028,32.900844],[111.618307,32.901229],[111.61842,32.901601],[111.618312,32.902067],[111.618294,32.90252],[111.619232,32.903231],[111.620434,32.903495],[111.620839,32.903646],[111.622038,32.904344],[111.622287,32.904621],[111.622491,32.905404],[111.62269,32.905713],[111.623371,32.906139],[111.624248,32.90647],[111.625069,32.906654],[111.625946,32.906913],[111.626429,32.907197],[111.6266,32.907481],[111.626783,32.908066],[111.627027,32.909676],[111.627233,32.911457],[111.627126,32.91227],[111.626608,32.912795],[111.625766,32.913347],[111.624133,32.914119],[111.622244,32.914866],[111.620893,32.915468],[111.619656,32.91619],[111.618229,32.917271],[111.616354,32.918579],[111.614994,32.919153],[111.60922,32.922792],[111.60863,32.923177],[111.608013,32.923823],[111.607087,32.924899],[111.606733,32.925239],[111.606216,32.925356],[111.602498,32.926885],[111.602297,32.927135],[111.602326,32.927662],[111.602595,32.92811],[111.60308,32.928796],[111.60385,32.929629],[111.604671,32.930798],[111.606352,32.933461],[111.606851,32.934337],[111.608042,32.935383],[111.608562,32.935917],[111.610107,32.936824],[111.6114,32.93738],[111.611896,32.937956],[111.612323,32.938548],[111.612441,32.938978],[111.612693,32.938931],[111.613922,32.938242],[111.614048,32.938188],[111.614174,32.938193],[111.614278,32.938087],[111.614412,32.937844],[111.614479,32.937621],[111.614573,32.937493],[111.614662,32.936995],[111.614833,32.936376],[111.615112,32.935845],[111.615206,32.935739],[111.61566,32.935433],[111.616352,32.93483],[111.616832,32.934517],[111.617274,32.934172],[111.617674,32.933925],[111.617872,32.933727],[111.618232,32.933447],[111.618473,32.933186],[111.618953,32.932545],[111.619042,32.932495],[111.619498,32.931914],[111.619702,32.931721],[111.620938,32.930904],[111.621158,32.930829],[111.621802,32.930501],[111.622252,32.93053],[111.622556,32.930489],[111.623588,32.930089],[111.623787,32.930026],[111.62405,32.930001],[111.624227,32.929938],[111.624562,32.929753],[111.624916,32.929661],[111.62501,32.929593],[111.624956,32.929251],[111.624986,32.929044],[111.624978,32.92879],[111.62509,32.928609],[111.62553,32.928186],[111.626112,32.927774],[111.626359,32.927673],[111.626667,32.927475],[111.627952,32.926385],[111.628333,32.926219],[111.629068,32.926043],[111.629784,32.926045],[111.630787,32.925955],[111.631782,32.925703],[111.632761,32.925408],[111.634489,32.925055],[111.634934,32.924983],[111.635119,32.925001],[111.63525,32.925113],[111.635578,32.925264],[111.635846,32.925541],[111.635956,32.925942],[111.635838,32.926556],[111.635873,32.926685],[111.635942,32.926831],[111.636331,32.927265],[111.636677,32.927749],[111.636769,32.929229],[111.636825,32.929519],[111.636828,32.929868],[111.636761,32.930102],[111.636833,32.930663],[111.636954,32.930904],[111.637613,32.93148],[111.638018,32.931791],[111.63833,32.931829],[111.63947,32.931779],[111.640263,32.931791],[111.641141,32.931646],[111.641782,32.931491],[111.643327,32.930807],[111.644582,32.930359],[111.644872,32.930309],[111.645271,32.930289],[111.646156,32.930332],[111.646344,32.930413],[111.64658,32.930586],[111.646905,32.930955],[111.647334,32.932135],[111.647446,32.932522],[111.647465,32.932729],[111.647422,32.932837],[111.64791,32.934307],[111.648085,32.935233],[111.648206,32.935678],[111.649174,32.935332],[111.650164,32.935201],[111.650397,32.935199],[111.651301,32.935255],[111.652374,32.935431],[111.652628,32.9355],[111.653409,32.935818],[111.655053,32.936874],[111.655311,32.937092],[111.655796,32.937358],[111.655743,32.937497],[111.655284,32.937864],[111.655268,32.93795],[111.655372,32.938191],[111.655587,32.938501],[111.655858,32.938566],[111.656024,32.938638],[111.65607,32.938699],[111.656046,32.93883],[111.655869,32.939062],[111.656271,32.939399],[111.656912,32.93982],[111.657041,32.939755],[111.657151,32.939271],[111.657296,32.938983],[111.657371,32.938931],[111.65773,32.939071],[111.657899,32.939091],[111.65806,32.939057],[111.658248,32.938963],[111.658645,32.93865],[111.658902,32.938263],[111.659624,32.936622],[111.65976,32.936732],[111.66086,32.937223],[111.661201,32.936779],[111.661359,32.93679],[111.661938,32.937013],[111.66214,32.93758],[111.66215,32.937752],[111.66204,32.93817],[111.662048,32.938256],[111.661949,32.938294],[111.661861,32.938384],[111.66178,32.938936],[111.661649,32.939318],[111.661461,32.939791],[111.661249,32.940126],[111.661254,32.940196],[111.661332,32.940288],[111.661863,32.940736],[111.661946,32.940851],[111.662217,32.940847],[111.662244,32.940471],[111.662164,32.940126],[111.662636,32.939456],[111.662732,32.939395],[111.663355,32.939701],[111.663725,32.939755],[111.664132,32.939084],[111.664505,32.939276],[111.664596,32.93937],[111.664902,32.938776],[111.664484,32.93853],[111.664393,32.938427],[111.664768,32.938031],[111.664875,32.937878],[111.665919,32.938373],[111.665669,32.938704],[111.666214,32.938801],[111.666619,32.93899],[111.666321,32.939429],[111.665707,32.939273],[111.665449,32.939244],[111.665109,32.939759],[111.665479,32.939962],[111.665857,32.940095],[111.666388,32.940061],[111.666463,32.94009],[111.666504,32.940158],[111.66649,32.940331],[111.666375,32.94059],[111.666404,32.940986],[111.666321,32.941153],[111.666029,32.941362],[111.665989,32.941421],[111.665997,32.941509],[111.666139,32.94181],[111.666249,32.941959],[111.66634,32.942022],[111.666973,32.941409],[111.667053,32.941369],[111.667643,32.941641],[111.668201,32.941337],[111.669282,32.941821],[111.669545,32.941497],[111.668891,32.941337],[111.66829,32.941074],[111.668523,32.940766],[111.668724,32.94061],[111.668523,32.940444],[111.668395,32.940372],[111.668317,32.940367],[111.668124,32.940667],[111.668038,32.940709],[111.667732,32.940694],[111.667448,32.94057],[111.667434,32.940433],[111.667775,32.93996],[111.667812,32.939802],[111.667799,32.939683],[111.667772,32.939602],[111.667716,32.939568],[111.667311,32.939559],[111.667448,32.939264],[111.667818,32.93878],[111.667998,32.938762],[111.668065,32.938726],[111.668977,32.937902],[111.669293,32.937653],[111.669325,32.937569],[111.669199,32.937448],[111.668566,32.937126],[111.669269,32.936327],[111.669639,32.936124],[111.670036,32.935678],[111.670216,32.935275],[111.670264,32.935233],[111.670511,32.935386],[111.670642,32.935417],[111.670733,32.935399],[111.671294,32.935005],[111.671873,32.934229],[111.672174,32.9344],[111.672375,32.934384],[111.67263,32.934258],[111.672839,32.934105],[111.673477,32.93379],[111.673271,32.933585],[111.673231,32.933499],[111.672748,32.93356],[111.671353,32.933486],[111.671238,32.933436],[111.671138,32.933337],[111.671104,32.933243],[111.671128,32.933162],[111.671248,32.933024],[111.671645,32.932705],[111.672394,32.931912],[111.672804,32.93155],[111.673166,32.931138],[111.673338,32.931126],[111.673603,32.931216],[111.673705,32.931203],[111.674204,32.930744],[111.674142,32.930609],[111.674105,32.930411],[111.674317,32.930176],[111.674341,32.9301],[111.674159,32.929884],[111.674169,32.929679],[111.674802,32.928652],[111.674837,32.928549],[111.674837,32.92842],[111.674663,32.92806],[111.674666,32.927963],[111.674531,32.92777],[111.674113,32.927421],[111.673807,32.927229],[111.673166,32.926941],[111.673056,32.926847],[111.673043,32.926727],[111.673062,32.926489],[111.67337,32.9253],[111.673485,32.925012],[111.673662,32.924379],[111.673641,32.923776],[111.673665,32.923618],[111.673636,32.923391],[111.673662,32.923204],[111.673713,32.923107],[111.673952,32.923112],[111.674381,32.923193],[111.674725,32.923199],[111.67477,32.923152],[111.674765,32.922995],[111.674816,32.922873],[111.675164,32.922366],[111.675156,32.922204],[111.674719,32.921504],[111.674357,32.92073],[111.674244,32.920417],[111.674416,32.920412],[111.674926,32.920309],[111.675156,32.920781],[111.675476,32.921148],[111.675811,32.921052],[111.676071,32.920941],[111.676103,32.920885],[111.67709,32.92086],[111.676959,32.92061],[111.676929,32.920437],[111.676986,32.920209],[111.677042,32.920187],[111.677356,32.92025],[111.677436,32.920306],[111.677578,32.920811],[111.67801,32.920826],[111.678895,32.920977],[111.678995,32.920957],[111.679166,32.920227],[111.679606,32.920257],[111.679697,32.920412],[111.679598,32.920948],[111.679794,32.920932],[111.680352,32.921117],[111.680727,32.921364],[111.681041,32.921632],[111.681224,32.921957],[111.681521,32.922342],[111.681663,32.922607],[111.682701,32.923785],[111.684557,32.923494],[111.685105,32.923465],[111.686078,32.923548],[111.686797,32.923666],[111.688031,32.924113],[111.689107,32.924309],[111.690485,32.924834],[111.69074,32.925021],[111.69114,32.925599],[111.691352,32.925827],[111.691582,32.926162],[111.691673,32.926232],[111.692237,32.926203],[111.692728,32.926315],[111.693331,32.926689],[111.69347,32.926741],[111.693594,32.926761],[111.693953,32.926712],[111.694608,32.926561],[111.695758,32.92636],[111.696155,32.926363],[111.696453,32.926529],[111.697062,32.92657],[111.697201,32.926667],[111.697593,32.926824],[111.698054,32.92711],[111.698349,32.927509],[111.698577,32.927896],[111.698661,32.927966],[111.699229,32.927912],[111.699664,32.927833],[111.700399,32.927686],[111.700892,32.927518],[111.701485,32.927446],[111.701877,32.927277],[111.702255,32.92707],[111.702442,32.92702],[111.703145,32.926644],[111.703609,32.926448],[111.704269,32.926383],[111.705353,32.926144],[111.706037,32.925924],[111.706721,32.925881],[111.707745,32.925757],[111.70877,32.925363],[111.7091,32.925183],[111.709851,32.924553],[111.710468,32.924145],[111.711294,32.923893],[111.711444,32.923877],[111.712088,32.923866],[111.712629,32.923913],[111.712919,32.923987],[111.713037,32.924048],[111.71506,32.924546],[111.715537,32.924773],[111.715679,32.924717],[111.716366,32.924228],[111.71705,32.923879],[111.717538,32.923783],[111.717694,32.923719],[111.717959,32.923688],[111.718455,32.92369],[111.718812,32.92374],[111.719292,32.924035],[111.719625,32.924298],[111.719971,32.924442],[111.72051,32.924753],[111.720601,32.924843],[111.720767,32.92491],[111.721998,32.925795],[111.722245,32.925365],[111.722881,32.924672],[111.72302,32.924442],[111.723667,32.923643],[111.724241,32.923028],[111.724404,32.922891],[111.724536,32.922727],[111.724589,32.92261],[111.725201,32.921831],[111.72622,32.920612],[111.726657,32.919987],[111.726931,32.919559],[111.726961,32.919464],[111.727068,32.919361],[111.727406,32.918883],[111.727768,32.918446],[111.728181,32.918041],[111.728653,32.917688],[111.729431,32.917395],[111.730075,32.917316],[111.731284,32.917226],[111.731606,32.917258],[111.731746,32.917307],[111.731791,32.917273],[111.731898,32.917082],[111.731904,32.917005],[111.731794,32.916843],[111.730885,32.916461],[111.730504,32.916195],[111.730421,32.91608],[111.730498,32.915342],[111.730606,32.914853],[111.730901,32.914364],[111.730992,32.914069],[111.730995,32.913813],[111.730914,32.91361],[111.730871,32.913349],[111.730941,32.913247],[111.731056,32.913162],[111.731536,32.912925],[111.731654,32.912822],[111.73181,32.912829],[111.731909,32.912795],[111.732204,32.912345],[111.732312,32.912252],[111.732478,32.912198],[111.732805,32.911935],[111.733556,32.911462],[111.734573,32.910962],[111.735321,32.910325],[111.735401,32.910212],[111.73534,32.910095],[111.735262,32.909703],[111.735082,32.909201],[111.735013,32.908208],[111.734935,32.907573],[111.734948,32.907467],[111.735216,32.907413],[111.735589,32.907206],[111.735723,32.907039],[111.736099,32.906256],[111.73623,32.906159],[111.736547,32.905828],[111.736791,32.905654],[111.737107,32.905299],[111.737477,32.904988],[111.738226,32.904562],[111.738446,32.904465],[111.738553,32.904454],[111.738465,32.904139],[111.738387,32.904011],[111.738306,32.90367],[111.738108,32.903157],[111.738017,32.90299],[111.737815,32.902767],[111.737778,32.90261],[111.737764,32.902394],[111.737807,32.902195],[111.73788,32.90188],[111.73806,32.901362],[111.738054,32.900889],[111.738081,32.900671],[111.738143,32.900403],[111.738212,32.900304],[111.738178,32.900108],[111.737939,32.899403],[111.737848,32.899311],[111.737668,32.8992],[111.737507,32.899],[111.736901,32.898797],[111.736541,32.898637],[111.736389,32.898475],[111.736402,32.898013],[111.736566,32.898038],[111.737566,32.898356],[111.738108,32.898628],[111.738274,32.898495],[111.738929,32.897815],[111.739087,32.897608],[111.739741,32.897149],[111.740248,32.896905],[111.740524,32.897025],[111.740817,32.896883],[111.741249,32.896777],[111.741286,32.896741],[111.741275,32.896617],[111.741332,32.896486],[111.741643,32.896241],[111.741656,32.89595],[111.74156,32.89507],[111.742056,32.894989],[111.742295,32.89482],[111.742397,32.894793],[111.742649,32.894842],[111.743134,32.894867],[111.743346,32.894779],[111.743668,32.894577],[111.744306,32.894304],[111.744446,32.894198],[111.744854,32.893991],[111.74546,32.893806],[111.746259,32.893502],[111.746452,32.893369],[111.746613,32.893453],[111.746922,32.893851],[111.747246,32.894113],[111.748196,32.894493],[111.748322,32.894196],[111.748365,32.893899],[111.748574,32.893261],[111.748845,32.893277],[111.749298,32.893415],[111.750215,32.893464],[111.750156,32.893288],[111.750135,32.892955],[111.750151,32.892349],[111.750532,32.892268],[111.751133,32.892257],[111.751076,32.893378],[111.751165,32.894982],[111.751782,32.894966],[111.751768,32.894302],[111.751699,32.893572],[111.752315,32.893786],[111.752409,32.894901],[111.753689,32.894795],[111.753716,32.895815],[111.753801,32.896957],[111.753903,32.89691],[111.754204,32.896903],[111.754169,32.896991],[111.754123,32.897872],[111.755038,32.897968],[111.75614,32.897973],[111.756926,32.898027],[111.756956,32.898083],[111.756816,32.898509],[111.757001,32.898574],[111.757696,32.898644],[111.758324,32.898777],[111.758316,32.898962],[111.763578,32.895097],[111.763195,32.894543],[111.762749,32.893777],[111.762146,32.893014],[111.761574,32.89209],[111.760872,32.890822],[111.759533,32.888237],[111.758836,32.887579],[111.757953,32.887002],[111.757323,32.886714],[111.75613,32.88643],[111.755185,32.886144],[111.754461,32.885831],[111.753292,32.884991],[111.752538,32.884757],[111.751532,32.884552],[111.750435,32.884585],[111.749609,32.884484],[111.748909,32.884349],[111.748209,32.884128],[111.747329,32.883745],[111.746986,32.883389],[111.74675,32.881819],[111.745924,32.881919],[111.745288,32.880808],[111.745175,32.880547],[111.745178,32.879767],[111.745269,32.878589],[111.745149,32.876147],[111.744969,32.874634],[111.744894,32.873622],[111.744693,32.87326],[111.744424,32.872953],[111.743786,32.872424],[111.742751,32.871671],[111.741045,32.870588],[111.739771,32.869725],[111.738974,32.86956],[111.734205,32.867934],[111.733336,32.867405],[111.731732,32.866573],[111.731067,32.866323],[111.730367,32.866132],[111.728666,32.865805],[111.728366,32.865665],[111.728197,32.865386],[111.727725,32.864435],[111.727422,32.86396],[111.726751,32.863291],[111.724777,32.861925],[111.723675,32.86109],[111.722969,32.860224],[111.722833,32.859889],[111.722795,32.859497],[111.722859,32.859129],[111.723187,32.858512],[111.723745,32.857638],[111.724241,32.857102],[111.72497,32.856928],[111.725469,32.856926],[111.727001,32.857311],[111.727615,32.85725],[111.72783,32.856885],[111.728422,32.856067],[111.729334,32.853816],[111.73008,32.851651],[111.730439,32.850919],[111.731032,32.850047],[111.731424,32.849314],[111.732467,32.846586],[111.732923,32.845488],[111.73361,32.844165],[111.734004,32.843546],[111.73443,32.842757],[111.735157,32.842022],[111.735946,32.840783],[111.736568,32.839712],[111.737043,32.839124],[111.73762,32.8382],[111.737842,32.837705],[111.737799,32.837121],[111.737545,32.835505],[111.737381,32.834924],[111.737351,32.834608],[111.737373,32.834002],[111.737453,32.833472],[111.73755,32.833116],[111.737483,32.832262],[111.737201,32.831487],[111.736861,32.831074],[111.736211,32.830639],[111.735841,32.83033],[111.734937,32.828498],[111.734503,32.827878],[111.73416,32.827182],[111.733328,32.826436],[111.732435,32.825976],[111.731665,32.825514],[111.730372,32.825032],[111.729817,32.824515],[111.729237,32.82439],[111.728742,32.824211],[111.72831,32.824008],[111.727537,32.823235],[111.727408,32.82292],[111.727561,32.822309],[111.727569,32.821921],[111.727513,32.821596],[111.727081,32.82099],[111.726995,32.820686],[111.727438,32.820107],[111.727569,32.819847],[111.727532,32.819527],[111.727057,32.819615],[111.726344,32.819901],[111.724099,32.820194],[111.722666,32.82005],[111.721795,32.819841],[111.721132,32.819572],[111.720582,32.81973],[111.720188,32.820199],[111.719914,32.820589],[111.719764,32.821028],[111.719775,32.82227],[111.719904,32.822865],[111.720118,32.823071],[111.720979,32.823454],[111.722516,32.823938],[111.723104,32.824349]]]}},{"type":"Feature","properties":{"regionCode":"411325107","sourceCode":"411325107000","name":"王店镇","sourceName":"王店镇","parentCode":"411325","parentName":"内乡县","regionLevel":"township","regionType":"town","isManagementZone":false,"source":"ruiduobao","sourceVersion":"mixed-legacy~2018-2020","geometryRepaired":false,"match2020":true,"match2023":true},"geometry":{"type":"Polygon","coordinates":[[[111.923483,33.064104],[111.92292,33.064216],[111.922561,33.064419],[111.92196,33.06488],[111.921563,33.065606],[111.921415,33.066053],[111.921257,33.066311],[111.920444,33.068128],[111.920283,33.068719],[111.919704,33.070115],[111.918961,33.071459],[111.918602,33.071897],[111.917869,33.072344],[111.916681,33.072706],[111.915045,33.072747],[111.913291,33.072302],[111.91232,33.071841],[111.911373,33.070895],[111.911049,33.070526],[111.910442,33.069748],[111.909976,33.069047],[111.909364,33.068364],[111.908546,33.067325],[111.908157,33.067473],[111.907937,33.067498],[111.907492,33.067626],[111.907194,33.06777],[111.907127,33.067757],[111.906934,33.067444],[111.906725,33.067595],[111.906478,33.067671],[111.905617,33.068038],[111.904898,33.068445],[111.904539,33.068463],[111.903589,33.068811],[111.903506,33.068496],[111.903217,33.067844],[111.903056,33.067638],[111.902651,33.067298],[111.902256,33.067669],[111.902052,33.067919],[111.901926,33.068143],[111.901513,33.068024],[111.899877,33.067696],[111.899432,33.067462],[111.899263,33.067411],[111.899483,33.067642],[111.899633,33.06788],[111.899657,33.068049],[111.899604,33.068235],[111.899738,33.068388],[111.899773,33.068725],[111.899856,33.068919],[111.900188,33.069078],[111.900293,33.069173],[111.900352,33.069375],[111.900325,33.069652],[111.900387,33.069753],[111.900483,33.069838],[111.901159,33.070193],[111.90106,33.070243],[111.900006,33.070339],[111.899105,33.070512],[111.898686,33.070535],[111.898668,33.070784],[111.898743,33.070919],[111.898794,33.070953],[111.899188,33.070957],[111.899424,33.071095],[111.898697,33.071101],[111.897997,33.07127],[111.898035,33.071436],[111.897882,33.07191],[111.897876,33.072018],[111.898045,33.072785],[111.89801,33.073362],[111.898069,33.073603],[111.897723,33.073796],[111.897664,33.074183],[111.897533,33.074347],[111.897005,33.074673],[111.896701,33.07472],[111.895934,33.075116],[111.895124,33.07541],[111.895108,33.07552],[111.894955,33.075698],[111.895057,33.075994],[111.895618,33.076862],[111.89672,33.077837],[111.896887,33.078026],[111.897029,33.078273],[111.89757,33.07993],[111.897922,33.080862],[111.898292,33.080806],[111.898828,33.080671],[111.898976,33.080602],[111.899258,33.080386],[111.899346,33.080388],[111.899523,33.08055],[111.899628,33.080577],[111.900467,33.080346],[111.900583,33.080346],[111.900709,33.080442],[111.900768,33.080593],[111.900749,33.080721],[111.900663,33.080826],[111.900285,33.080977],[111.900215,33.081065],[111.900255,33.081305],[111.900218,33.081465],[111.90033,33.081894],[111.900593,33.08257],[111.90087,33.08306],[111.901224,33.083512],[111.901326,33.084328],[111.901267,33.084861],[111.901084,33.085105],[111.900921,33.085461],[111.900749,33.085663],[111.900127,33.085501],[111.898936,33.084935],[111.898796,33.084975],[111.898292,33.084977],[111.897758,33.084789],[111.898694,33.085944],[111.898713,33.086319],[111.898659,33.087067],[111.898547,33.08751],[111.898458,33.088546],[111.898563,33.088998],[111.898566,33.089204],[111.898539,33.089312],[111.898313,33.089735],[111.898166,33.090135],[111.897863,33.090578],[111.89771,33.091169],[111.897946,33.091342],[111.898123,33.091413],[111.898214,33.09151],[111.898163,33.091638],[111.898147,33.091858],[111.898464,33.092921],[111.898549,33.093002],[111.898576,33.09309],[111.898531,33.093177],[111.898244,33.093274],[111.897882,33.09329],[111.897613,33.093393],[111.896833,33.093939],[111.896774,33.093991],[111.896616,33.094281],[111.896543,33.094323],[111.895607,33.09438],[111.895022,33.094485],[111.894789,33.094492],[111.894317,33.094443],[111.894116,33.094458],[111.893547,33.094418],[111.893091,33.094323],[111.89285,33.094355],[111.891981,33.094339],[111.891828,33.094807],[111.892026,33.094804],[111.892034,33.095072],[111.892254,33.095418],[111.892289,33.097312],[111.892488,33.098274],[111.892796,33.098858],[111.893019,33.098977],[111.89285,33.100954],[111.892576,33.102224],[111.892305,33.10224],[111.892244,33.10232],[111.891951,33.103163],[111.891938,33.103482],[111.892021,33.103729],[111.891495,33.103929],[111.891259,33.103974],[111.89108,33.104062],[111.890983,33.104165],[111.890527,33.10512],[111.890253,33.105614],[111.889932,33.105967],[111.88983,33.106028],[111.889575,33.10661],[111.889406,33.107104],[111.889363,33.107499],[111.889481,33.107699],[111.889516,33.107881],[111.889494,33.108009],[111.88958,33.108093],[111.889891,33.108277],[111.889891,33.109043],[111.889859,33.109157],[111.889725,33.109184],[111.888765,33.10907],[111.888966,33.109423],[111.889025,33.109647],[111.889004,33.109737],[111.888767,33.109744],[111.88848,33.109831],[111.888258,33.110463],[111.88818,33.110872],[111.888199,33.111285],[111.888277,33.1118],[111.888384,33.112119],[111.888408,33.112285],[111.888403,33.113572],[111.888427,33.113709],[111.888521,33.113815],[111.889776,33.114444],[111.889964,33.114522],[111.890374,33.114606],[111.890465,33.115304],[111.890463,33.115715],[111.892413,33.115971],[111.892439,33.116001],[111.892418,33.116171],[111.892456,33.116272],[111.892482,33.11672],[111.892536,33.116919],[111.892603,33.117039],[111.891627,33.117897],[111.891375,33.118061],[111.891273,33.118092],[111.890766,33.118034],[111.890098,33.117885],[111.889865,33.117793],[111.889677,33.118184],[111.889634,33.118386],[111.889687,33.118631],[111.889805,33.118773],[111.890197,33.119011],[111.890248,33.11909],[111.889972,33.119177],[111.889443,33.119197],[111.88866,33.119081],[111.888717,33.119229],[111.889417,33.119916],[111.889637,33.120114],[111.889972,33.120285],[111.890017,33.120395],[111.890071,33.120875],[111.890076,33.121949],[111.890125,33.122075],[111.890937,33.122363],[111.892174,33.122578],[111.892179,33.123023],[111.892077,33.123407],[111.892287,33.123634],[111.892305,33.124027],[111.892018,33.1244],[111.891538,33.124773],[111.891318,33.124982],[111.89123,33.125179],[111.891187,33.1256],[111.89124,33.125849],[111.891171,33.126008],[111.891133,33.12628],[111.891069,33.126294],[111.890943,33.126565],[111.890787,33.126615],[111.890425,33.126446],[111.89006,33.12646],[111.889988,33.126588],[111.889875,33.127082],[111.889604,33.127859],[111.890691,33.128176],[111.89053,33.12841],[111.890806,33.128549],[111.891125,33.128596],[111.892313,33.128893],[111.892893,33.128998],[111.893158,33.127329],[111.893164,33.126959],[111.893268,33.126449],[111.893553,33.125943],[111.89363,33.125865],[111.89366,33.125748],[111.893831,33.125433],[111.89418,33.125072],[111.894524,33.12458],[111.894628,33.124483],[111.894741,33.124602],[111.894851,33.124816],[111.894988,33.124986],[111.895277,33.125245],[111.895537,33.125577],[111.895929,33.125885],[111.896127,33.125921],[111.896404,33.125842],[111.896747,33.125402],[111.896849,33.125332],[111.896999,33.125341],[111.897031,33.125413],[111.897817,33.125485],[111.89808,33.125557],[111.898142,33.125945],[111.89815,33.126601],[111.898112,33.127021],[111.898136,33.127114],[111.898431,33.127163],[111.898085,33.127936],[111.898018,33.128459],[111.898064,33.128951],[111.899443,33.129012],[111.899676,33.128915],[111.900035,33.128648],[111.901586,33.12861],[111.902028,33.128684],[111.90213,33.128675],[111.902879,33.128821],[111.903136,33.128924],[111.903321,33.129131],[111.903428,33.129418],[111.903734,33.129701],[111.90401,33.129811],[111.906113,33.129802],[111.906357,33.129953],[111.906768,33.13004],[111.907449,33.130512],[111.90761,33.130543],[111.907374,33.131431],[111.907495,33.131498],[111.907744,33.131521],[111.908299,33.1317],[111.908289,33.131866],[111.90802,33.13263],[111.907428,33.134692],[111.907441,33.135042],[111.90732,33.135478],[111.907194,33.136134],[111.90728,33.136183],[111.90823,33.136278],[111.908176,33.136628],[111.908232,33.136738],[111.908364,33.13681],[111.909895,33.136799],[111.909842,33.136931],[111.909836,33.137181],[111.90994,33.137731],[111.910005,33.13831],[111.909981,33.138436],[111.910201,33.138499],[111.910434,33.138647],[111.910992,33.138923],[111.911692,33.139105],[111.912521,33.139231],[111.912368,33.139449],[111.912071,33.13973],[111.911668,33.139943],[111.911403,33.140148],[111.911848,33.140231],[111.912307,33.140451],[111.912543,33.140657],[111.912674,33.140709],[111.912575,33.140835],[111.91232,33.140956],[111.912089,33.140868],[111.911604,33.140749],[111.911215,33.1407],[111.911231,33.140857],[111.911446,33.141154],[111.911381,33.141165],[111.911142,33.141327],[111.910678,33.141751],[111.910399,33.141928],[111.909949,33.141904],[111.909619,33.142009],[111.909171,33.142479],[111.908978,33.142587],[111.90883,33.1426],[111.908702,33.142656],[111.908541,33.142856],[111.908495,33.14315],[111.908573,33.143325],[111.908833,33.143575],[111.90894,33.143754],[111.908938,33.144123],[111.908911,33.144246],[111.90868,33.144682],[111.908203,33.145223],[111.908058,33.145246],[111.906867,33.145052],[111.90673,33.145189],[111.906588,33.145261],[111.90603,33.145313],[111.905893,33.145495],[111.905301,33.146708],[111.905212,33.147229],[111.906524,33.147527],[111.907243,33.147651],[111.906929,33.148679],[111.905963,33.148435],[111.904912,33.14836],[111.904834,33.148958],[111.904786,33.149027],[111.90503,33.149131],[111.906135,33.149324],[111.905963,33.150006],[111.905837,33.150343],[111.90584,33.150465],[111.905767,33.150831],[111.904421,33.150577],[111.90422,33.150501],[111.904201,33.152232],[111.903697,33.152281],[111.903589,33.152472],[111.903509,33.152778],[111.90342,33.15287],[111.903168,33.153054],[111.902921,33.153146],[111.902608,33.153377],[111.902189,33.15351],[111.901782,33.153696],[111.901546,33.153745],[111.901178,33.153876],[111.901119,33.153986],[111.901127,33.154125],[111.901186,33.154246],[111.901411,33.154417],[111.901706,33.154531],[111.902546,33.154666],[111.902694,33.154756],[111.902573,33.155023],[111.902487,33.155326],[111.902173,33.155825],[111.9022,33.155876],[111.902358,33.155897],[111.90246,33.156303],[111.902511,33.156723],[111.902425,33.157715],[111.902221,33.158167],[111.902262,33.158299],[111.902396,33.158409],[111.902417,33.158784],[111.902184,33.15981],[111.902238,33.160055],[111.902176,33.160262],[111.90205,33.160399],[111.901556,33.160417],[111.901505,33.160446],[111.900583,33.161982],[111.900593,33.162121],[111.900891,33.162601],[111.900894,33.162839],[111.900789,33.163069],[111.900341,33.163634],[111.900274,33.163863],[111.900357,33.164467],[111.90018,33.164842],[111.899858,33.165401],[111.899746,33.165689],[111.899309,33.165727],[111.8994,33.166576],[111.899496,33.166847],[111.89966,33.167651],[111.899469,33.168051],[111.899416,33.168507],[111.899553,33.169142],[111.89992,33.170242],[111.899866,33.170307],[111.899754,33.170588],[111.899655,33.171228],[111.899456,33.171576],[111.900011,33.17156],[111.900931,33.171425],[111.901438,33.171504],[111.901747,33.171625],[111.90183,33.172638],[111.901942,33.173212],[111.901953,33.173706],[111.902149,33.173767],[111.90238,33.173908],[111.901926,33.174425],[111.903681,33.174443],[111.90448,33.174478],[111.904595,33.174523],[111.904617,33.174642],[111.904509,33.175087],[111.903925,33.175293],[111.903364,33.175249],[111.903155,33.175174],[111.903061,33.1751],[111.903031,33.174858],[111.90261,33.174847],[111.902412,33.174912],[111.902495,33.175947],[111.90272,33.176497],[111.902739,33.176827],[111.902782,33.176966],[111.9032,33.177615],[111.903471,33.177424],[111.904947,33.176757],[111.905099,33.176737],[111.905555,33.176591],[111.90566,33.176499],[111.905759,33.176587],[111.905936,33.176661],[111.906706,33.176773],[111.907315,33.176961],[111.907366,33.177038],[111.907371,33.17715],[111.907417,33.177251],[111.908141,33.177276],[111.908213,33.17739],[111.909844,33.177505],[111.910708,33.177666],[111.910767,33.177637],[111.910829,33.177476],[111.91159,33.177529],[111.911652,33.177363],[111.911703,33.177352],[111.9128,33.177442],[111.913084,33.177323],[111.913481,33.177316],[111.913924,33.176887],[111.914372,33.176663],[111.914366,33.176512],[111.91445,33.176387],[111.914514,33.176176],[111.914624,33.176113],[111.915981,33.176061],[111.916029,33.176072],[111.916177,33.176241],[111.916091,33.176133],[111.916062,33.176028],[111.916091,33.175805],[111.916413,33.17554],[111.916526,33.175394],[111.916512,33.174943],[111.916587,33.174656],[111.916708,33.174402],[111.916735,33.173807],[111.91681,33.173536],[111.916944,33.173226],[111.9171,33.171859],[111.917472,33.171008],[111.917451,33.170388],[111.917389,33.170029],[111.9174,33.169757],[111.917041,33.169052],[111.917019,33.168749],[111.917472,33.168617],[111.917794,33.168583],[111.919165,33.168724],[111.919779,33.168727],[111.920533,33.168632],[111.921504,33.168664],[111.921622,33.168643],[111.921651,33.168594],[111.921659,33.168286],[111.923462,33.168358],[111.923338,33.168855],[111.923875,33.168659],[111.924505,33.16856],[111.924806,33.168583],[111.925031,33.16874],[111.92579,33.168857],[111.926013,33.168745],[111.926198,33.167977],[111.926589,33.167961],[111.926662,33.168004],[111.926919,33.168771],[111.926697,33.168821],[111.926788,33.169721],[111.926621,33.169813],[111.92663,33.170386],[111.92652,33.170525],[111.926506,33.170671],[111.926517,33.170736],[111.926973,33.170716],[111.926914,33.17169],[111.927936,33.171587],[111.928639,33.171731],[111.928628,33.171775],[111.928596,33.17178],[111.928341,33.171755],[111.928132,33.171778],[111.928126,33.172209],[111.928191,33.172453],[111.927906,33.172741],[111.927901,33.172833],[111.92803,33.172911],[111.928526,33.172988],[111.928883,33.173199],[111.92965,33.173295],[111.929988,33.173473],[111.930167,33.17347],[111.930143,33.173877],[111.929754,33.173976],[111.929575,33.175332],[111.929408,33.175796],[111.929862,33.175868],[111.929888,33.175978],[111.931026,33.176656],[111.931101,33.176759],[111.931326,33.176263],[111.931487,33.176351],[111.931656,33.176398],[111.931806,33.176387],[111.931908,33.176326],[111.932455,33.176301],[111.932514,33.176506],[111.93253,33.177177],[111.932565,33.177287],[111.932756,33.177325],[111.933214,33.177321],[111.933665,33.177431],[111.933941,33.176827],[111.934116,33.176569],[111.934282,33.176456],[111.934421,33.176452],[111.934577,33.176533],[111.934775,33.176708],[111.935119,33.176798],[111.935773,33.176735],[111.936151,33.176548],[111.93631,33.176358],[111.936366,33.176158],[111.936404,33.175334],[111.936457,33.175177],[111.936597,33.175055],[111.936766,33.175033],[111.937149,33.175024],[111.937329,33.175069],[111.937227,33.174478],[111.936986,33.173861],[111.936715,33.173441],[111.936747,33.173201],[111.936921,33.173008],[111.937106,33.172941],[111.937707,33.172896],[111.938037,33.172808],[111.938353,33.172929],[111.938732,33.172885],[111.938981,33.172927],[111.939129,33.172887],[111.939405,33.172743],[111.939797,33.172471],[111.940564,33.172523],[111.940835,33.172575],[111.942138,33.172561],[111.942774,33.17259],[111.942857,33.172548],[111.942932,33.172424],[111.943021,33.172054],[111.943337,33.172036],[111.943959,33.172076],[111.944297,33.172045],[111.944557,33.172132],[111.944702,33.172211],[111.944898,33.172382],[111.945078,33.172453],[111.946443,33.172853],[111.946631,33.172858],[111.9468,33.172801],[111.947119,33.172804],[111.947232,33.172871],[111.947438,33.173235],[111.94773,33.173468],[111.9485,33.173464],[111.949541,33.173367],[111.95026,33.17336],[111.95056,33.173529],[111.950633,33.173623],[111.951158,33.173491],[111.951153,33.173057],[111.951105,33.172606],[111.951027,33.172294],[111.950858,33.171872],[111.950879,33.171686],[111.951166,33.171221],[111.951663,33.170527],[111.951942,33.170711],[111.952052,33.17088],[111.952073,33.171369],[111.952137,33.171475],[111.952312,33.171526],[111.952526,33.171519],[111.952797,33.171459],[111.953004,33.171504],[111.953234,33.171735],[111.953342,33.172105],[111.953594,33.172685],[111.953814,33.17303],[111.954106,33.173354],[111.954227,33.17363],[111.954216,33.174032],[111.95424,33.174128],[111.954323,33.174169],[111.954787,33.174173],[111.954884,33.174267],[111.954964,33.174647],[111.955115,33.174721],[111.955241,33.174874],[111.955278,33.175215],[111.955257,33.175417],[111.955168,33.175621],[111.956319,33.175567],[111.956823,33.175668],[111.957403,33.175653],[111.958875,33.175462],[111.959047,33.175356],[111.959141,33.175244],[111.959218,33.174961],[111.959269,33.174871],[111.959358,33.174822],[111.961155,33.17453],[111.961238,33.1748],[111.961286,33.175237],[111.961375,33.175664],[111.961386,33.176138],[111.961418,33.1762],[111.961576,33.176241],[111.961697,33.176472],[111.962992,33.175632],[111.963531,33.175412],[111.964631,33.175262],[111.96494,33.17502],[111.965025,33.174901],[111.965141,33.174831],[111.965669,33.174865],[111.965704,33.174732],[111.974756,33.17422],[111.974832,33.174122],[111.974802,33.173897],[111.974751,33.17092],[111.974724,33.170222],[111.974673,33.170184],[111.974614,33.169286],[111.975381,33.169227],[111.976352,33.169099],[111.977637,33.16878],[111.978149,33.168679],[111.978946,33.168581],[111.97863,33.167766],[111.978635,33.16735],[111.978589,33.166735],[111.9786,33.16603],[111.978758,33.165069],[111.978766,33.164829],[111.978892,33.163967],[111.978962,33.163722],[111.979,33.163367],[111.979225,33.162642],[111.979297,33.162132],[111.979284,33.161887],[111.97945,33.161272],[111.979676,33.160203],[111.979933,33.159413],[111.980365,33.157554],[111.980663,33.156476],[111.981009,33.154318],[111.981068,33.154134],[111.981387,33.153568],[111.982119,33.153743],[111.983506,33.153635],[111.983723,33.153705],[111.984284,33.153617],[111.984616,33.153494],[111.984868,33.15348],[111.985694,33.153694],[111.985957,33.153667],[111.986751,33.153366],[111.986995,33.153139],[111.987068,33.152933],[111.986915,33.152614],[111.986569,33.152207],[111.986035,33.151855],[111.985901,33.151686],[111.986529,33.151246],[111.987441,33.1507],[111.98842,33.15017],[111.988731,33.149863],[111.988951,33.149519],[111.988953,33.149182],[111.989015,33.149097],[111.989779,33.148953],[111.989812,33.148915],[111.989804,33.148816],[111.98968,33.148614],[111.989616,33.148338],[111.989651,33.147916],[111.989943,33.148028],[111.990128,33.148199],[111.990496,33.148412],[111.990965,33.148589],[111.991346,33.148657],[111.991609,33.148502],[111.991563,33.148033],[111.991526,33.148003],[111.991257,33.148017],[111.991094,33.147988],[111.990911,33.14775],[111.990783,33.147451],[111.990732,33.147282],[111.991024,33.146957],[111.991032,33.146818],[111.990986,33.146692],[111.990764,33.146386],[111.990281,33.145935],[111.990219,33.145861],[111.990193,33.145764],[111.990699,33.144862],[111.991172,33.144334],[111.991343,33.144199],[111.991641,33.144049],[111.992298,33.143903],[111.992134,33.143786],[111.991746,33.142674],[111.991306,33.140639],[111.9913,33.140226],[111.994374,33.137558],[111.994503,33.137178],[111.994594,33.136664],[111.994645,33.13595],[111.994554,33.135352],[111.994548,33.134881],[111.995023,33.133547],[111.995308,33.132922],[111.995254,33.131372],[111.995192,33.13082],[111.995184,33.128794],[111.994911,33.12816],[111.99453,33.127812],[111.994331,33.126923],[111.994275,33.126361],[111.994087,33.12577],[111.993811,33.12524],[111.993543,33.12451],[111.992446,33.124263],[111.989643,33.124032],[111.98684,33.123735],[111.985362,33.123524],[111.985019,33.123367],[111.984925,33.123093],[111.985241,33.122545],[111.985606,33.122156],[111.985941,33.121895],[111.983576,33.121208],[111.986564,33.119341],[111.982106,33.116607],[111.981685,33.116259],[111.981604,33.115942],[111.981776,33.11419],[111.981998,33.113741],[111.982669,33.112876],[111.982715,33.112424],[111.982631,33.111631],[111.982532,33.11129],[111.982213,33.110831],[111.9821,33.110395],[111.981985,33.109625],[111.982071,33.108811],[111.982256,33.108333],[111.982728,33.107713],[111.982902,33.106958],[111.982985,33.106082],[111.982889,33.105551],[111.982656,33.104788],[111.982224,33.103581],[111.982079,33.102824],[111.981301,33.102125],[111.978096,33.099696],[111.97775,33.099319],[111.977594,33.098842],[111.977543,33.097791],[111.977414,33.096328],[111.977106,33.095692],[111.976832,33.095027],[111.976779,33.093209],[111.976819,33.092144],[111.976672,33.091404],[111.97657,33.090344],[111.976218,33.089712],[111.97602,33.089454],[111.975776,33.088724],[111.975652,33.088112],[111.975325,33.087303],[111.974252,33.087301],[111.974056,33.087274],[111.974013,33.087234],[111.973976,33.086955],[111.973871,33.086602],[111.973732,33.085726],[111.973772,33.085485],[111.97322,33.085537],[111.97301,33.085492],[111.973072,33.085328],[111.97308,33.084861],[111.973016,33.084537],[111.973053,33.084076],[111.973013,33.083912],[111.972817,33.08375],[111.972503,33.083348],[111.972114,33.082941],[111.971779,33.082854],[111.971675,33.082777],[111.971586,33.082622],[111.971455,33.082649],[111.971307,33.082744],[111.971229,33.082348],[111.970985,33.081896],[111.969051,33.081898],[111.968072,33.081993],[111.967957,33.081377],[111.968037,33.081382],[111.968324,33.08117],[111.9684,33.081146],[111.968928,33.081125],[111.969247,33.080968],[111.969558,33.080876],[111.969998,33.08084],[111.970052,33.080759],[111.970046,33.080505],[111.969998,33.08046],[111.969813,33.08044],[111.969684,33.080357],[111.969607,33.080242],[111.969585,33.079795],[111.969526,33.079727],[111.969617,33.079579],[111.969596,33.079408],[111.969118,33.079566],[111.968244,33.079678],[111.968129,33.079716],[111.968075,33.079739],[111.968072,33.080013],[111.968035,33.080053],[111.967925,33.080112],[111.967627,33.080161],[111.967367,33.080287],[111.967144,33.080537],[111.966611,33.080653],[111.9644,33.081476],[111.964451,33.081674],[111.964419,33.081757],[111.964076,33.081907],[111.964052,33.08204],[111.962732,33.082352],[111.962566,33.082148],[111.962391,33.082143],[111.960093,33.08246],[111.95976,33.082534],[111.958733,33.082568],[111.958164,33.082656],[111.958014,33.082752],[111.957424,33.082687],[111.956963,33.082775],[111.956056,33.082881],[111.955536,33.082885],[111.954141,33.083085],[111.95427,33.083512],[111.954267,33.083914],[111.954093,33.083921],[111.953878,33.083829],[111.953626,33.083822],[111.952996,33.084164],[111.951724,33.084303],[111.951502,33.083303],[111.951161,33.082155],[111.951115,33.081914],[111.950783,33.081937],[111.950764,33.082006],[111.950936,33.083087],[111.950928,33.083326],[111.94846,33.083508],[111.946306,33.083483],[111.946204,33.082674],[111.946199,33.082155],[111.945603,33.082087],[111.945601,33.083009],[111.944633,33.082991],[111.944544,33.083705],[111.944544,33.084222],[111.944598,33.084476],[111.944501,33.084458],[111.944303,33.08449],[111.944228,33.084537],[111.944297,33.084793],[111.944262,33.084894],[111.943654,33.084863],[111.943063,33.084899],[111.942795,33.085013],[111.942532,33.085052],[111.94243,33.0852],[111.942304,33.08527],[111.941661,33.085488],[111.941162,33.08562],[111.940261,33.085766],[111.940151,33.085771],[111.939965,33.085714],[111.93981,33.085573],[111.939727,33.085443],[111.939515,33.085447],[111.939397,33.085568],[111.938989,33.085717],[111.938308,33.085645],[111.938474,33.086083],[111.936479,33.086341],[111.936497,33.08575],[111.936465,33.0856],[111.936503,33.085346],[111.936412,33.085321],[111.935934,33.084921],[111.935808,33.084852],[111.93521,33.084903],[111.934598,33.085036],[111.934196,33.08518],[111.934043,33.08511],[111.933635,33.08482],[111.93312,33.084683],[111.931798,33.084869],[111.931283,33.084582],[111.931208,33.084573],[111.930825,33.084663],[111.93043,33.084589],[111.930216,33.084508],[111.930135,33.084294],[111.930036,33.083512],[111.929639,33.083031],[111.929446,33.082741],[111.929242,33.082541],[111.929077,33.082159],[111.928821,33.081247],[111.928542,33.080429],[111.928284,33.07995],[111.927874,33.078091],[111.927877,33.07786],[111.927643,33.076923],[111.927643,33.075704],[111.927928,33.074059],[111.928478,33.072299],[111.928622,33.071229],[111.928585,33.069818],[111.928496,33.068858],[111.928174,33.068002],[111.928051,33.067572],[111.927694,33.06672],[111.927558,33.066145],[111.927515,33.06548],[111.92719,33.064936],[111.926799,33.064583],[111.926329,33.064282],[111.925455,33.063933],[111.924883,33.063852],[111.923483,33.064104]]]}},{"type":"Feature","properties":{"regionCode":"411325108","sourceCode":"411325108000","name":"灌涨镇","sourceName":"灌涨镇","parentCode":"411325","parentName":"内乡县","regionLevel":"township","regionType":"town","isManagementZone":false,"source":"ruiduobao","sourceVersion":"mixed-legacy~2018-2020","geometryRepaired":false,"match2020":true,"match2023":true},"geometry":{"type":"Polygon","coordinates":[[[111.980738,32.971804],[111.979812,32.971669],[111.97897,32.971489],[111.977908,32.971189],[111.976953,32.970737],[111.976221,32.970312],[111.975703,32.969792],[111.974225,32.968111],[111.973413,32.967319],[111.972798,32.966826],[111.97253,32.966966],[111.970368,32.966959],[111.969679,32.967197],[111.96874,32.967463],[111.967944,32.967888],[111.967313,32.968548],[111.966576,32.969628],[111.964521,32.971604],[111.963617,32.972591],[111.962279,32.974142],[111.961589,32.974592],[111.960184,32.975256],[111.958419,32.975829],[111.956212,32.976594],[111.95417,32.977427],[111.952762,32.977951],[111.95166,32.978286],[111.950684,32.97841],[111.949611,32.978417],[111.948031,32.978336],[111.946065,32.978374],[111.944265,32.978529],[111.943823,32.978509],[111.943184,32.978302],[111.942825,32.978318],[111.942715,32.978588],[111.942913,32.979006],[111.943415,32.979328],[111.944109,32.979533],[111.944587,32.979974],[111.944702,32.980532],[111.944598,32.980977],[111.944241,32.981448],[111.943637,32.982012],[111.943171,32.982388],[111.942178,32.982676],[111.94114,32.982777],[111.941189,32.983547],[111.941151,32.984487],[111.940574,32.985162],[111.940212,32.985308],[111.939507,32.985358],[111.939308,32.985891],[111.936666,32.986431],[111.935746,32.986472],[111.935194,32.986379],[111.934121,32.986276],[111.932718,32.986251],[111.932745,32.987952],[111.931549,32.988593],[111.93116,32.988618],[111.930712,32.988224],[111.93024,32.988006],[111.929827,32.988231],[111.92958,32.98842],[111.929145,32.988368],[111.928748,32.988474],[111.928282,32.986118],[111.926678,32.986341],[111.926914,32.98781],[111.924146,32.988017],[111.924213,32.989113],[111.921142,32.989534],[111.921257,32.989813],[111.920758,32.989979],[111.920536,32.989725],[111.92023,32.989727],[111.919594,32.989918],[111.916464,32.989849],[111.913637,32.989682],[111.91206,32.989788],[111.911223,32.990071],[111.910971,32.990877],[111.910678,32.991],[111.910316,32.991228],[111.910062,32.991772],[111.909882,32.992299],[111.909024,32.993527],[111.908581,32.994026],[111.908077,32.99431],[111.907462,32.994427],[111.906333,32.994436],[111.905936,32.994368],[111.905429,32.994231],[111.905126,32.994238],[111.904866,32.994373],[111.904507,32.994643],[111.903487,32.995077],[111.903045,32.995646],[111.902747,32.996103],[111.902793,32.996505],[111.903021,32.997212],[111.90308,32.997752],[111.903208,32.998037],[111.902364,32.997959],[111.901419,32.997709],[111.900974,32.997547],[111.900435,32.99768],[111.900092,32.998022],[111.899767,32.998863],[111.899604,32.999122],[111.899247,32.999428],[111.899091,32.999385],[111.898735,33.000069],[111.898319,33.000496],[111.896562,33.002077],[111.895647,33.003087],[111.894553,33.0052],[111.894384,33.005784],[111.895189,33.005919],[111.896154,33.00618],[111.896905,33.00632],[111.897238,33.006338],[111.897281,33.006412],[111.897192,33.006722],[111.897157,33.006745],[111.896565,33.006738],[111.896589,33.006986],[111.896511,33.007017],[111.896141,33.007008],[111.896047,33.006963],[111.896036,33.007399],[111.896541,33.007402],[111.896575,33.00753],[111.896562,33.00762],[111.896473,33.007674],[111.895929,33.007692],[111.895945,33.00809],[111.896173,33.00809],[111.896476,33.008038],[111.896506,33.00807],[111.896538,33.008385],[111.896578,33.008405],[111.897613,33.008396],[111.897629,33.008801],[111.897359,33.008798],[111.897174,33.008839],[111.897096,33.008812],[111.897061,33.008724],[111.897002,33.008713],[111.895913,33.008659],[111.89584,33.008684],[111.895811,33.00876],[111.895843,33.008821],[111.896034,33.008884],[111.896557,33.00892],[111.8972,33.009023],[111.897383,33.009199],[111.897396,33.009318],[111.897326,33.009379],[111.897359,33.009493],[111.897364,33.009912],[111.897273,33.010112],[111.897265,33.011243],[111.897477,33.011462],[111.897595,33.011738],[111.897678,33.011815],[111.897906,33.011918],[111.898544,33.012091],[111.899081,33.012055],[111.899115,33.012525],[111.899266,33.013216],[111.899274,33.013506],[111.899244,33.013679],[111.899099,33.014044],[111.899083,33.01439],[111.899228,33.014671],[111.899322,33.014739],[111.899588,33.015069],[111.899883,33.015195],[111.899869,33.015278],[111.899998,33.015413],[111.900019,33.015492],[111.899984,33.015566],[111.89985,33.015652],[111.899775,33.015764],[111.899773,33.015935],[111.899714,33.015967],[111.899531,33.01598],[111.899346,33.01632],[111.899225,33.016342],[111.898995,33.016304],[111.898882,33.016342],[111.898863,33.016608],[111.89882,33.016695],[111.898461,33.016877],[111.898381,33.017006],[111.898241,33.017048],[111.89848,33.017397],[111.898678,33.017905],[111.898845,33.018225],[111.898853,33.01831],[111.898571,33.018186],[111.898265,33.018112],[111.898,33.018108],[111.897788,33.018175],[111.89789,33.018355],[111.897911,33.018596],[111.897973,33.01876],[111.89845,33.018724],[111.898466,33.018755],[111.898453,33.019448],[111.898378,33.019765],[111.89837,33.020049],[111.898273,33.020438],[111.898338,33.020892],[111.898289,33.021099],[111.898059,33.021097],[111.897581,33.020775],[111.897412,33.020714],[111.895781,33.020449],[111.896023,33.021074],[111.896162,33.021657],[111.896495,33.021641],[111.897477,33.02172],[111.897825,33.021803],[111.897933,33.021962],[111.898112,33.022016],[111.898354,33.022253],[111.898579,33.022594],[111.898662,33.022972],[111.898482,33.023474],[111.898448,33.023818],[111.898547,33.025167],[111.898525,33.025588],[111.898992,33.025799],[111.899073,33.026008],[111.89926,33.026283],[111.899244,33.027321],[111.898925,33.027517],[111.898869,33.027636],[111.898928,33.027744],[111.89911,33.027908],[111.899201,33.028196],[111.899488,33.028124],[111.899939,33.027821],[111.900033,33.027791],[111.900108,33.027863],[111.900137,33.027965],[111.900129,33.028025],[111.900073,33.028084],[111.899864,33.028212],[111.899832,33.02827],[111.89985,33.028493],[111.899773,33.02868],[111.899553,33.028792],[111.89951,33.02886],[111.899486,33.029001],[111.899502,33.029147],[111.899402,33.029199],[111.899298,33.029201],[111.899078,33.029127],[111.898761,33.029147],[111.898724,33.029199],[111.898735,33.029415],[111.898705,33.029447],[111.89833,33.029462],[111.89815,33.029516],[111.898013,33.029624],[111.897994,33.029705],[111.898043,33.029842],[111.898077,33.029912],[111.898271,33.030103],[111.898271,33.030159],[111.898166,33.030265],[111.89822,33.030362],[111.898187,33.030427],[111.897914,33.030454],[111.897774,33.03058],[111.897656,33.031205],[111.896736,33.031286],[111.896205,33.03123],[111.895832,33.031241],[111.895607,33.031317],[111.895374,33.031329],[111.895977,33.032986],[111.895076,33.03382],[111.89487,33.033899],[111.89447,33.034416],[111.894373,33.034616],[111.894971,33.035154],[111.895189,33.035383],[111.895199,33.035435],[111.895097,33.035403],[111.894282,33.035432],[111.894212,33.035759],[111.894199,33.036028],[111.894381,33.035992],[111.894515,33.036008],[111.894513,33.036496],[111.895685,33.036375],[111.895757,33.036606],[111.896066,33.036883],[111.896586,33.037222],[111.896369,33.037175],[111.896098,33.037018],[111.895427,33.037045],[111.895387,33.037173],[111.895344,33.037661],[111.894352,33.037751],[111.894172,33.037728],[111.893719,33.037762],[111.893204,33.037841],[111.892962,33.037913],[111.892783,33.038041],[111.892453,33.038196],[111.892383,33.038266],[111.892375,33.038632],[111.892418,33.038832],[111.892469,33.038893],[111.892807,33.03899],[111.89282,33.039406],[111.892914,33.039586],[111.893094,33.039763],[111.893134,33.0401],[111.893499,33.040105],[111.893553,33.040676],[111.894051,33.040645],[111.893992,33.041407],[111.894247,33.041616],[111.894569,33.041704],[111.894872,33.041845],[111.895272,33.042245],[111.89565,33.042353],[111.8962,33.042369],[111.896189,33.042897],[111.89616,33.042954],[111.895902,33.043109],[111.895854,33.043205],[111.895857,33.043318],[111.895913,33.043403],[111.89628,33.043628],[111.896337,33.043709],[111.896334,33.04406],[111.89631,33.044123],[111.896077,33.04435],[111.895768,33.044863],[111.895486,33.045038],[111.896146,33.046672],[111.896256,33.047221],[111.895677,33.047367],[111.895347,33.047734],[111.89481,33.047934],[111.894676,33.04844],[111.894711,33.048545],[111.894625,33.048754],[111.893917,33.049339],[111.893775,33.049534],[111.893692,33.049926],[111.893697,33.050124],[111.893638,33.050276],[111.893526,33.050454],[111.893287,33.050674],[111.892911,33.050553],[111.891466,33.050326],[111.891208,33.050915],[111.891112,33.05107],[111.890779,33.052163],[111.889494,33.052172],[111.889435,33.0531],[111.889543,33.053109],[111.889763,33.053042],[111.890055,33.053046],[111.890157,33.053019],[111.89035,33.053586],[111.890785,33.054537],[111.890919,33.054761],[111.891101,33.055285],[111.891141,33.055218],[111.890685,33.053554],[111.89076,33.053471],[111.890903,33.053464],[111.891611,33.053556],[111.89168,33.052882],[111.891855,33.052792],[111.891887,33.052801],[111.891908,33.052844],[111.89179,33.054065],[111.892193,33.054085],[111.892166,33.054892],[111.892059,33.055004],[111.891978,33.055166],[111.891978,33.055245],[111.892,33.055326],[111.892056,33.05538],[111.892222,33.055463],[111.892284,33.055697],[111.892453,33.05591],[111.892485,33.056025],[111.892496,33.056175],[111.892284,33.056389],[111.892399,33.056472],[111.892568,33.056677],[111.892608,33.056785],[111.892439,33.057783],[111.891699,33.057794],[111.89072,33.057677],[111.89064,33.057693],[111.890594,33.057742],[111.890516,33.057915],[111.89057,33.058005],[111.890691,33.0581],[111.89083,33.058329],[111.892938,33.058473],[111.89293,33.058914],[111.892858,33.059015],[111.892807,33.059521],[111.892144,33.05955],[111.891055,33.059478],[111.891029,33.059671],[111.890892,33.059734],[111.890701,33.059741],[111.890763,33.059853],[111.890795,33.060024],[111.890811,33.060402],[111.890675,33.060532],[111.890728,33.061117],[111.89068,33.061247],[111.890677,33.061359],[111.890739,33.061503],[111.890929,33.061575],[111.891232,33.061591],[111.891439,33.061568],[111.891479,33.061521],[111.891519,33.061015],[111.891485,33.060534],[111.89234,33.060325],[111.892394,33.061242],[111.892415,33.061285],[111.892635,33.061292],[111.8927,33.061386],[111.892807,33.062753],[111.893542,33.062935],[111.893604,33.062782],[111.893609,33.062652],[111.893681,33.062501],[111.893681,33.062414],[111.894312,33.062438],[111.89444,33.062375],[111.894537,33.062369],[111.895055,33.06242],[111.896264,33.062641],[111.896546,33.062645],[111.897517,33.063142],[111.897807,33.063488],[111.897933,33.06387],[111.897959,33.064055],[111.897866,33.064315],[111.897879,33.064468],[111.898144,33.064401],[111.898635,33.064016],[111.89974,33.064401],[111.899746,33.064547],[111.899389,33.065302],[111.899306,33.065608],[111.899303,33.065954],[111.899346,33.066123],[111.899585,33.066354],[111.899585,33.066464],[111.899351,33.067237],[111.899263,33.067411],[111.899432,33.067462],[111.899877,33.067696],[111.901513,33.068024],[111.901926,33.068143],[111.902052,33.067919],[111.902256,33.067669],[111.902651,33.067298],[111.903056,33.067638],[111.903217,33.067844],[111.903506,33.068496],[111.903589,33.068811],[111.904539,33.068463],[111.904898,33.068445],[111.905617,33.068038],[111.906478,33.067671],[111.906725,33.067595],[111.906934,33.067444],[111.907127,33.067757],[111.907194,33.06777],[111.907492,33.067626],[111.907937,33.067498],[111.908157,33.067473],[111.908546,33.067325],[111.909364,33.068364],[111.909976,33.069047],[111.910442,33.069748],[111.911049,33.070526],[111.911373,33.070895],[111.91232,33.071841],[111.913291,33.072302],[111.915045,33.072747],[111.916681,33.072706],[111.917869,33.072344],[111.918602,33.071897],[111.918961,33.071459],[111.919704,33.070115],[111.920283,33.068719],[111.920444,33.068128],[111.921257,33.066311],[111.921415,33.066053],[111.921563,33.065606],[111.92196,33.06488],[111.922561,33.064419],[111.92292,33.064216],[111.924883,33.063852],[111.925455,33.063933],[111.926329,33.064282],[111.926799,33.064583],[111.92719,33.064936],[111.927515,33.06548],[111.927558,33.066145],[111.927694,33.06672],[111.928051,33.067572],[111.928174,33.068002],[111.928496,33.068858],[111.928585,33.069818],[111.928622,33.071229],[111.928478,33.072299],[111.927928,33.074059],[111.927643,33.075704],[111.927643,33.076923],[111.927877,33.07786],[111.927874,33.078091],[111.928284,33.07995],[111.928542,33.080429],[111.928821,33.081247],[111.929081,33.082175],[111.929229,33.082517],[111.929446,33.082741],[111.929639,33.083031],[111.930036,33.083512],[111.930135,33.084294],[111.930216,33.084508],[111.93043,33.084589],[111.930825,33.084663],[111.931208,33.084573],[111.931283,33.084582],[111.931798,33.084869],[111.93312,33.084683],[111.933635,33.08482],[111.934043,33.08511],[111.934196,33.08518],[111.934598,33.085036],[111.93521,33.084903],[111.935808,33.084852],[111.935934,33.084921],[111.936412,33.085321],[111.936503,33.085346],[111.936465,33.0856],[111.936497,33.08575],[111.936479,33.086341],[111.938474,33.086083],[111.938308,33.085645],[111.938989,33.085717],[111.939397,33.085568],[111.939515,33.085447],[111.939727,33.085443],[111.93981,33.085573],[111.939965,33.085714],[111.940151,33.085771],[111.940261,33.085766],[111.941162,33.08562],[111.941661,33.085488],[111.942304,33.08527],[111.94243,33.0852],[111.942532,33.085052],[111.942795,33.085013],[111.943063,33.084899],[111.943654,33.084863],[111.944262,33.084894],[111.944297,33.084793],[111.944228,33.084537],[111.944303,33.08449],[111.944501,33.084458],[111.944598,33.084476],[111.944544,33.084222],[111.944544,33.083705],[111.944633,33.082991],[111.945601,33.083009],[111.945603,33.082087],[111.946199,33.082155],[111.946204,33.082674],[111.946306,33.083483],[111.94846,33.083508],[111.950928,33.083326],[111.950936,33.083087],[111.950764,33.082006],[111.950783,33.081937],[111.951115,33.081914],[111.951161,33.082157],[111.951502,33.083303],[111.951724,33.084303],[111.952027,33.08429],[111.952419,33.084209],[111.952996,33.084164],[111.953626,33.083822],[111.953878,33.083829],[111.954093,33.083921],[111.954267,33.083914],[111.95427,33.083512],[111.954141,33.083085],[111.955536,33.082885],[111.956056,33.082881],[111.956963,33.082775],[111.957424,33.082687],[111.958014,33.082752],[111.958164,33.082656],[111.958733,33.082568],[111.95976,33.082534],[111.960093,33.08246],[111.962391,33.082143],[111.962566,33.082148],[111.962732,33.082352],[111.964052,33.08204],[111.964076,33.081907],[111.964419,33.081757],[111.964451,33.081674],[111.9644,33.081476],[111.966611,33.080653],[111.967144,33.080537],[111.967367,33.080287],[111.967627,33.080161],[111.967925,33.080112],[111.968035,33.080053],[111.968072,33.080013],[111.968075,33.079739],[111.968129,33.079716],[111.968244,33.079678],[111.969118,33.079566],[111.969596,33.079408],[111.969617,33.079579],[111.969526,33.079727],[111.969585,33.079795],[111.969607,33.080242],[111.969684,33.080357],[111.969813,33.08044],[111.969998,33.08046],[111.970046,33.080505],[111.970052,33.080759],[111.969998,33.08084],[111.969558,33.080876],[111.969247,33.080968],[111.968928,33.081125],[111.9684,33.081146],[111.968324,33.08117],[111.968037,33.081382],[111.967957,33.081377],[111.968072,33.081993],[111.969051,33.081898],[111.970985,33.081896],[111.971224,33.082337],[111.971307,33.082744],[111.971455,33.082649],[111.971586,33.082622],[111.971675,33.082777],[111.971779,33.082854],[111.972114,33.082941],[111.972503,33.083348],[111.972817,33.08375],[111.973013,33.083912],[111.973053,33.084076],[111.973016,33.084537],[111.97308,33.084861],[111.973072,33.085328],[111.97301,33.085492],[111.97322,33.085537],[111.973772,33.085485],[111.973732,33.085726],[111.973871,33.086602],[111.973976,33.086955],[111.974013,33.087234],[111.974056,33.087274],[111.974252,33.087301],[111.975325,33.087303],[111.974295,33.084503],[111.974008,33.083645],[111.975344,33.083413],[111.979305,33.082555],[111.982588,33.081988],[111.984555,33.081685],[111.985198,33.081521],[111.985491,33.081236],[111.985311,33.08077],[111.985287,33.080467],[111.98534,33.079979],[111.985196,33.079451],[111.985053,33.079154],[111.984906,33.078736],[111.984879,33.077813],[111.984756,33.077415],[111.984482,33.07686],[111.98441,33.076417],[111.984391,33.075828],[111.984276,33.075158],[111.984066,33.074722],[111.983613,33.073929],[111.983412,33.073412],[111.983353,33.072994],[111.983171,33.072387],[111.982487,33.071964],[111.981985,33.071771],[111.981792,33.071486],[111.981862,33.070944],[111.981856,33.070546],[111.981215,33.070535],[111.979705,33.070865],[111.976967,33.071396],[111.977433,33.072378],[111.974668,33.073675],[111.970186,33.075462],[111.970392,33.076893],[111.968692,33.077192],[111.968177,33.075032],[111.967611,33.073131],[111.96727,33.071648],[111.967016,33.069054],[111.967037,33.067685],[111.966841,33.066885],[111.965669,33.066541],[111.964669,33.065954],[111.964226,33.065642],[111.966935,33.065295],[111.967496,33.064495],[111.965795,33.064668],[111.965661,33.063502],[111.967732,33.061883],[111.968145,33.061721],[111.968939,33.061652],[111.969843,33.06142],[111.971468,33.060712],[111.972029,33.061577],[111.974148,33.060784],[111.975534,33.060179],[111.979756,33.058765],[111.980821,33.058365],[111.981505,33.058181],[111.981947,33.058203],[111.982334,33.058435],[111.982669,33.058457],[111.982924,33.058183],[111.983398,33.057947],[111.984394,33.05723],[111.98574,33.05585],[111.986864,33.054919],[111.987349,33.054373],[111.98817,33.053253],[111.988768,33.05261],[111.989069,33.05248],[111.989522,33.052446],[111.990257,33.052327],[111.990042,33.0483],[111.989895,33.047012],[111.992633,33.046688],[111.993006,33.046452],[111.992912,33.046045],[111.992982,33.045616],[111.992995,33.04526],[111.993446,33.044995],[111.994543,33.044952],[111.995184,33.044788],[111.994975,33.043644],[111.993468,33.043529],[111.993411,33.041937],[111.993779,33.037953],[111.993494,33.036979],[111.993116,33.036867],[111.992419,33.03657],[111.991713,33.036608],[111.991499,33.03514],[111.992086,33.035034],[111.9967,33.034882],[111.996584,33.033858],[111.996606,33.0332],[111.99656,33.03282],[111.996439,33.032318],[111.996136,33.032073],[111.995568,33.031697],[111.994943,33.031003],[111.994624,33.030751],[111.994154,33.030562],[111.993395,33.030409],[111.992448,33.03029],[111.990624,33.029923],[111.991888,33.027333],[111.991823,33.024944],[111.991676,33.021888],[111.991754,33.02055],[111.992644,33.020575],[111.994007,33.020788],[111.995254,33.020905],[111.997713,33.021045],[111.998687,33.020739],[111.998915,33.020366],[111.999296,33.020082],[111.999594,33.019983],[112.000487,33.019954],[112.001123,33.019873],[112.000929,33.019588],[112.000634,33.019403],[112.000785,33.019077],[112.000798,33.018371],[112.000911,33.017917],[112.001393,33.017597],[112.001737,33.017255],[112.002056,33.016823],[112.00252,33.016457],[112.002705,33.016048],[112.002533,33.015712],[112.002501,33.015411],[112.002692,33.015107],[112.003456,33.015096],[112.003494,33.014568],[112.003794,33.014217],[112.00425,33.014032],[112.004306,33.013596],[112.004113,33.012521],[112.004982,33.012159],[112.005047,33.011862],[112.004757,33.011563],[112.005079,33.011212],[112.005401,33.011093],[112.005685,33.010857],[112.005564,33.010546],[112.00509,33.009804],[112.004497,33.0091],[112.003483,33.008007],[112.001667,33.00643],[112.001131,33.006003],[111.999983,33.005269],[111.9984,33.003789],[111.997756,33.003114],[111.997421,33.003081],[111.996751,33.003171],[111.996026,33.003207],[111.995476,33.003315],[111.994868,33.003618],[111.994374,33.003697],[111.993425,33.003699],[111.992703,33.003425],[111.992566,33.002757],[111.992588,33.002215],[111.992885,33.001457],[111.992982,33.000743],[111.993207,33.000138],[111.993433,32.998672],[111.993476,32.997981],[111.991257,32.997495],[111.990321,32.997254],[111.989903,32.997095],[111.989466,32.996703],[111.989855,32.994382],[111.990603,32.994422],[111.990981,32.994355],[111.992936,32.993347],[111.993991,32.992728],[111.992652,32.992625],[111.990541,32.992548],[111.987961,32.992245],[111.988079,32.990697],[111.988071,32.989934],[111.986757,32.989707],[111.9868,32.988701],[111.986448,32.988566],[111.986043,32.988337],[111.985933,32.987745],[111.98585,32.986942],[111.985598,32.986528],[111.985115,32.986346],[111.984836,32.986064],[111.984699,32.985781],[111.98471,32.984703],[111.984614,32.983554],[111.98434,32.981596],[111.984745,32.981306],[111.985292,32.981065],[111.987095,32.980138],[111.988192,32.979796],[111.987993,32.978865],[111.987808,32.978588],[111.98718,32.977917],[111.98622,32.976939],[111.98563,32.976421],[111.985043,32.976025],[111.98416,32.97551],[111.98339,32.975148],[111.98324,32.974902],[111.983184,32.973086],[111.983106,32.972657],[111.982884,32.972351],[111.982554,32.9722],[111.981821,32.971959],[111.980738,32.971804]]]}},{"type":"Feature","properties":{"regionCode":"411325109","sourceCode":"411325109000","name":"桃溪镇","sourceName":"桃溪镇","parentCode":"411325","parentName":"内乡县","regionLevel":"township","regionType":"town","isManagementZone":false,"source":"ruiduobao","sourceVersion":"mixed-legacy~2018-2020","geometryRepaired":false,"match2020":true,"match2023":true},"geometry":{"type":"Polygon","coordinates":[[[111.694677,32.989936],[111.69475,32.98979],[111.694753,32.989671],[111.694653,32.989504],[111.694643,32.989423],[111.694779,32.988868],[111.694919,32.988631],[111.695085,32.988643],[111.695211,32.988697],[111.6953,32.988782],[111.695603,32.98894],[111.695702,32.988706],[111.696118,32.988103],[111.695989,32.98802],[111.696196,32.987768],[111.696316,32.987529],[111.695388,32.987232],[111.694044,32.986737],[111.693752,32.986672],[111.693382,32.986537],[111.693248,32.986787],[111.693334,32.986823],[111.693157,32.986964],[111.693041,32.986996],[111.692926,32.987075],[111.692526,32.987558],[111.692352,32.98788],[111.692054,32.988645],[111.691821,32.989538],[111.69177,32.989777],[111.691714,32.990449],[111.691633,32.990881],[111.690681,32.990778],[111.690536,32.990717],[111.690477,32.990584],[111.69045,32.990411],[111.690413,32.990353],[111.690284,32.990303],[111.689284,32.990213],[111.687918,32.989975],[111.687832,32.99076],[111.687932,32.992125],[111.687993,32.992402],[111.687875,32.992395],[111.687849,32.992479],[111.687709,32.992528],[111.687776,32.992661],[111.687749,32.992863],[111.687626,32.992899],[111.687323,32.992811],[111.686996,32.992814],[111.686945,32.992996],[111.68658,32.99305],[111.686516,32.993351],[111.686419,32.993309],[111.686204,32.993297],[111.685397,32.9933],[111.684826,32.993264],[111.684504,32.993383],[111.684718,32.993781],[111.684941,32.994325],[111.684989,32.99464],[111.685038,32.994771],[111.685035,32.995043],[111.684963,32.995347],[111.684863,32.995572],[111.685537,32.995889],[111.685531,32.996481],[111.684866,32.996492],[111.684844,32.996852],[111.685298,32.996863],[111.685298,32.997167],[111.685378,32.997608],[111.685689,32.997614],[111.685708,32.997947],[111.685885,32.998537],[111.685432,32.998541],[111.685091,32.997236],[111.684273,32.99685],[111.684112,32.996634],[111.684085,32.99667],[111.683739,32.996789],[111.683597,32.99696],[111.683536,32.997419],[111.683495,32.997506],[111.6833,32.997524],[111.683208,32.99743],[111.683141,32.997414],[111.682972,32.997542],[111.682889,32.997675],[111.682793,32.998073],[111.682736,32.998199],[111.682581,32.998361],[111.682444,32.998669],[111.682452,32.999369],[111.682715,32.999421],[111.683377,32.999648],[111.683621,32.999812],[111.684563,32.999929],[111.684745,32.999976],[111.685609,33.000006],[111.686288,32.999997],[111.686494,32.999967],[111.687328,33.000012],[111.687773,33.000071],[111.688031,33.000179],[111.68813,33.0003],[111.688286,33.00039],[111.688449,33.00042],[111.688664,33.000417],[111.68956,33.00028],[111.689538,33.000431],[111.689713,33.000989],[111.689737,33.001245],[111.689686,33.001389],[111.688229,33.001711],[111.688031,33.001807],[111.687253,33.001805],[111.686971,33.001724],[111.686754,33.001601],[111.686178,33.00138],[111.685866,33.001346],[111.685571,33.001409],[111.685504,33.001497],[111.685566,33.001663],[111.685824,33.00192],[111.686011,33.002167],[111.686043,33.002354],[111.686043,33.003058],[111.686167,33.003515],[111.686186,33.004052],[111.686175,33.004379],[111.686006,33.005044],[111.685917,33.005195],[111.685732,33.005395],[111.685665,33.005618],[111.685507,33.005904],[111.68552,33.006664],[111.685837,33.007327],[111.685933,33.007615],[111.685917,33.00802],[111.685655,33.008484],[111.68563,33.008648],[111.685679,33.008771],[111.685891,33.008877],[111.68592,33.008947],[111.685899,33.009226],[111.685644,33.009865],[111.685743,33.010357],[111.685376,33.01042],[111.684069,33.010371],[111.683831,33.010155],[111.683391,33.009487],[111.68319,33.009307],[111.682001,33.00943],[111.681647,33.009514],[111.68143,33.009734],[111.681114,33.010173],[111.681017,33.010458],[111.680765,33.010686],[111.680438,33.010742],[111.680022,33.010636],[111.679703,33.01051],[111.679874,33.010094],[111.680207,33.009107],[111.680443,33.008785],[111.680507,33.008394],[111.680532,33.007687],[111.680607,33.007363],[111.680395,33.007271],[111.68054,33.006898],[111.679341,33.006716],[111.679421,33.006308],[111.679461,33.006189],[111.679544,33.006084],[111.680116,33.005656],[111.68055,33.005447],[111.680861,33.00522],[111.681036,33.004948],[111.68113,33.004399],[111.680765,33.004372],[111.680379,33.004295],[111.680287,33.00324],[111.680301,33.003069],[111.679915,33.002988],[111.679724,33.002912],[111.679612,33.002766],[111.679622,33.002518],[111.679716,33.00223],[111.679595,33.002316],[111.67937,33.002341],[111.678641,33.002334],[111.678386,33.002233],[111.678056,33.001985],[111.677788,33.001873],[111.677594,33.001861],[111.677031,33.002266],[111.676841,33.002682],[111.676736,33.003321],[111.676055,33.003148],[111.67551,33.00437],[111.673668,33.00387],[111.67304,33.003634],[111.672836,33.003434],[111.672646,33.003299],[111.672147,33.00376],[111.6716,33.004156],[111.669784,33.005137],[111.669347,33.005427],[111.667762,33.006302],[111.667598,33.006419],[111.667257,33.006587],[111.666678,33.006738],[111.666141,33.006954],[111.665176,33.007042],[111.664967,33.006988],[111.664484,33.006963],[111.664108,33.006835],[111.663349,33.00645],[111.662826,33.006356],[111.662601,33.006358],[111.662448,33.006223],[111.661917,33.005278],[111.661743,33.005065],[111.661472,33.00486],[111.661177,33.004707],[111.660101,33.003834],[111.659793,33.00349],[111.658696,33.002568],[111.65813,33.002365],[111.658014,33.002271],[111.657529,33.001601],[111.657446,33.001353],[111.657333,33.001184],[111.657151,33.001013],[111.65673,33.000775],[111.65644,33.000687],[111.654053,33.00077],[111.653514,33.000635],[111.65331,33.000519],[111.653382,33.001099],[111.65332,33.001409],[111.653122,33.001956],[111.653082,33.002354],[111.652513,33.003486],[111.652079,33.003978],[111.65195,33.00428],[111.651633,33.004806],[111.651357,33.004844],[111.650499,33.004867],[111.649702,33.005056],[111.648847,33.005155],[111.647943,33.005366],[111.647455,33.005627],[111.646878,33.005789],[111.645703,33.00591],[111.64558,33.005973],[111.645057,33.006675],[111.644762,33.006821],[111.643973,33.006983],[111.643667,33.007354],[111.643281,33.007977],[111.641884,33.008922],[111.640703,33.009955],[111.640095,33.010177],[111.63903,33.010438],[111.637906,33.010625],[111.636954,33.010184],[111.635588,33.009793],[111.634355,33.009525],[111.630393,33.008191],[111.630138,33.008193],[111.629055,33.007935],[111.628381,33.007991],[111.626992,33.008654],[111.626584,33.008643],[111.626343,33.008684],[111.62553,33.008972],[111.625248,33.009167],[111.62505,33.009147],[111.624782,33.009005],[111.624369,33.009008],[111.62409,33.008974],[111.623746,33.00876],[111.623612,33.008796],[111.623481,33.008936],[111.623513,33.00899],[111.623811,33.00921],[111.624033,33.009475],[111.62405,33.009705],[111.62398,33.009822],[111.623822,33.009921],[111.623725,33.009925],[111.623384,33.00975],[111.623138,33.009691],[111.622781,33.00975],[111.622419,33.009898],[111.621767,33.010299],[111.621013,33.010883],[111.620683,33.011077],[111.620064,33.011644],[111.618366,33.012746],[111.617652,33.013173],[111.616352,33.013783],[111.616032,33.013904],[111.615179,33.014107],[111.614343,33.014451],[111.613267,33.014833],[111.612717,33.015101],[111.612363,33.015236],[111.611982,33.015359],[111.611304,33.015515],[111.609979,33.016],[111.609271,33.016122],[111.608796,33.016272],[111.608372,33.016491],[111.608249,33.016599],[111.607715,33.016898],[111.607543,33.016952],[111.607259,33.016873],[111.606537,33.016151],[111.606122,33.015634],[111.605515,33.01504],[111.605306,33.014768],[111.605081,33.014574],[111.604679,33.014374],[111.604279,33.014356],[111.603804,33.014426],[111.603252,33.014619],[111.602847,33.014824],[111.602785,33.014725],[111.602227,33.015294],[111.601506,33.01591],[111.600728,33.016666],[111.599837,33.017338],[111.598137,33.018373],[111.597024,33.018915],[111.594771,33.019758],[111.594041,33.020109],[111.593215,33.020699],[111.59289,33.020881],[111.59153,33.021778],[111.59009,33.022763],[111.589065,33.023593],[111.588449,33.023986],[111.588135,33.024054],[111.586799,33.024038],[111.58574,33.023912],[111.585238,33.023957],[111.585045,33.024328],[111.584661,33.025264],[111.585431,33.02599],[111.585241,33.026631],[111.584782,33.027524],[111.583889,33.02868],[111.58317,33.029467],[111.582631,33.029838],[111.581858,33.030168],[111.581166,33.030519],[111.579627,33.031873],[111.579423,33.032199],[111.579477,33.032633],[111.579817,33.03324],[111.581571,33.035833],[111.581799,33.036384],[111.581912,33.036838],[111.581936,33.037474],[111.581874,33.037818],[111.581534,33.038808],[111.581225,33.039358],[111.580123,33.040701],[111.579096,33.041665],[111.578506,33.042558],[111.57868,33.042927],[111.579576,33.043738],[111.580818,33.044514],[111.582655,33.045222],[111.583613,33.045544],[111.585289,33.045645],[111.588199,33.044784],[111.589511,33.044082],[111.589843,33.043669],[111.590683,33.041969],[111.591171,33.041326],[111.592485,33.04133],[111.593349,33.041218],[111.594862,33.040822],[111.595446,33.040251],[111.59539,33.03984],[111.594948,33.039255],[111.594583,33.03867],[111.594425,33.038214],[111.594344,33.037605],[111.594366,33.036824],[111.594513,33.035974],[111.594666,33.035495],[111.594945,33.035059],[111.595562,33.034362],[111.596098,33.033838],[111.596702,33.033487],[111.597101,33.033463],[111.597619,33.033571],[111.598008,33.033719],[111.598397,33.034131],[111.598762,33.034695],[111.59892,33.035172],[111.598949,33.035585],[111.598772,33.036195],[111.598056,33.037198],[111.597852,33.037589],[111.597831,33.038153],[111.598043,33.038913],[111.598485,33.039541],[111.59929,33.040341],[111.600173,33.041099],[111.60139,33.041767],[111.601675,33.041787],[111.602755,33.041499],[111.603399,33.041452],[111.60371,33.041472],[111.604279,33.041643],[111.604979,33.042052],[111.605161,33.042313],[111.605188,33.042596],[111.605113,33.042922],[111.604781,33.043336],[111.604241,33.043817],[111.602004,33.044806],[111.600948,33.045049],[111.59922,33.045144],[111.598783,33.045256],[111.598346,33.045584],[111.598013,33.045955],[111.596731,33.047156],[111.59568,33.048379],[111.594964,33.049121],[111.593601,33.050083],[111.592703,33.050598],[111.590973,33.050573],[111.590535,33.050749],[111.590101,33.051077],[111.589304,33.051929],[111.587791,33.053413],[111.586971,33.054069],[111.586818,33.054395],[111.586796,33.055027],[111.586877,33.055503],[111.587295,33.05611],[111.588025,33.057389],[111.588655,33.058907],[111.588972,33.059752],[111.589186,33.060991],[111.589658,33.062292],[111.589822,33.063531],[111.590117,33.065376],[111.590409,33.066592],[111.590755,33.068242],[111.590964,33.068566],[111.591289,33.068782],[111.591485,33.069108],[111.592145,33.071146],[111.592823,33.072425],[111.593448,33.073248],[111.594097,33.073963],[111.594296,33.074439],[111.59395,33.074832],[111.593665,33.07492],[111.592531,33.075012],[111.591935,33.074907],[111.591445,33.074693],[111.591002,33.074324],[111.59035,33.073349],[111.589414,33.072225],[111.588738,33.071358],[111.588529,33.070969],[111.588132,33.069602],[111.587818,33.068973],[111.587531,33.068604],[111.587196,33.068411],[111.58648,33.068121],[111.585804,33.068334],[111.584989,33.06851],[111.584728,33.068654],[111.584377,33.069148],[111.584181,33.069555],[111.584018,33.069791],[111.583664,33.070101],[111.583393,33.070883],[111.58306,33.071234],[111.581695,33.071955],[111.580694,33.072614],[111.57938,33.07301],[111.578541,33.072819],[111.577934,33.072931],[111.577084,33.073282],[111.576671,33.073315],[111.576025,33.07309],[111.575689,33.07292],[111.57522,33.072466],[111.574858,33.072075],[111.574466,33.071513],[111.574228,33.070492],[111.573967,33.07022],[111.57301,33.069845],[111.572481,33.069827],[111.571577,33.070189],[111.571202,33.070274],[111.570861,33.070288],[111.570529,33.07024],[111.569394,33.069879],[111.568957,33.069899],[111.568509,33.069982],[111.56804,33.070191],[111.56746,33.070773],[111.567431,33.071131],[111.56775,33.071621],[111.568235,33.07207],[111.569821,33.073055],[111.570569,33.073936],[111.570926,33.074745],[111.571317,33.075655],[111.571899,33.077565],[111.572111,33.078606],[111.572374,33.079127],[111.572506,33.079799],[111.572672,33.081429],[111.572599,33.082337],[111.572709,33.083341],[111.572843,33.083905],[111.57308,33.08458],[111.573393,33.085359],[111.575011,33.08796],[111.57522,33.088413],[111.575553,33.089398],[111.575799,33.089825],[111.576033,33.090151],[111.576628,33.09056],[111.577226,33.09122],[111.57736,33.091685],[111.577417,33.09236],[111.577422,33.093164],[111.577527,33.093467],[111.577814,33.093901],[111.578047,33.094357],[111.578184,33.095398],[111.578031,33.095703],[111.577543,33.095946],[111.576768,33.096101],[111.575813,33.096105],[111.574858,33.096218],[111.574085,33.096373],[111.57254,33.097054],[111.571561,33.097319],[111.570169,33.097631],[111.568879,33.097788],[111.568469,33.097941],[111.568211,33.098247],[111.568109,33.09853],[111.568217,33.099009],[111.568453,33.09955],[111.568635,33.100071],[111.568769,33.100593],[111.569029,33.101004],[111.56929,33.101242],[111.570456,33.101867],[111.570767,33.102105],[111.57095,33.102428],[111.571575,33.103154],[111.572143,33.103489],[111.572712,33.103702],[111.573721,33.103785],[111.574134,33.103893],[111.5753,33.104561],[111.575818,33.104907],[111.576132,33.105273],[111.576497,33.106012],[111.576837,33.106574],[111.577044,33.106769],[111.577486,33.10707],[111.577902,33.107612],[111.57806,33.107895],[111.578141,33.108416],[111.578015,33.109002],[111.577838,33.109526],[111.577376,33.110004],[111.57699,33.110247],[111.576526,33.1104],[111.574823,33.110669],[111.574077,33.11089],[111.573511,33.111197],[111.572894,33.111764],[111.572304,33.112244],[111.570534,33.114035],[111.569327,33.114954],[111.567911,33.115938],[111.566548,33.116791],[111.56506,33.118124],[111.564303,33.118953],[111.564373,33.119584],[111.564786,33.119885],[111.565666,33.120229],[111.566961,33.12057],[111.567997,33.120914],[111.568927,33.121062],[111.570891,33.121531],[111.571333,33.121767],[111.571696,33.122113],[111.57206,33.122524],[111.572425,33.123111],[111.573133,33.124649],[111.574228,33.126188],[111.574775,33.126857],[111.57522,33.127812],[111.575612,33.128506],[111.576186,33.129178],[111.576934,33.12995],[111.577226,33.130454],[111.57754,33.131148],[111.577803,33.131887],[111.57805,33.133906],[111.578345,33.135642],[111.578323,33.136273],[111.57817,33.136664],[111.577626,33.137513],[111.577543,33.137929],[111.577693,33.138283],[111.578449,33.138852],[111.578881,33.139096],[111.579275,33.139231],[111.579812,33.139285],[111.580536,33.139209],[111.581046,33.139222],[111.581553,33.13929],[111.582269,33.139467],[111.582891,33.139847],[111.583586,33.140462],[111.583792,33.140743],[111.583993,33.141477],[111.584058,33.141946],[111.584238,33.142227],[111.585176,33.14289],[111.585691,33.143058],[111.586048,33.143112],[111.586998,33.142663],[111.587502,33.142618],[111.587719,33.143054],[111.587877,33.143855],[111.587727,33.144444],[111.587496,33.144857],[111.587183,33.145046],[111.58674,33.145452],[111.586673,33.145951],[111.586874,33.146348],[111.588033,33.148028],[111.588312,33.148605],[111.588457,33.149221],[111.588628,33.149654],[111.588489,33.150197],[111.588057,33.151352],[111.588041,33.151745],[111.588269,33.152153],[111.589377,33.15287],[111.590133,33.153242],[111.590715,33.15366],[111.591597,33.154446],[111.59218,33.154774],[111.592936,33.155075],[111.593883,33.155629],[111.594457,33.156063],[111.594856,33.156216],[111.596659,33.15637],[111.598249,33.156595],[111.598622,33.156707],[111.59888,33.15686],[111.599472,33.157531],[111.599942,33.157776],[111.600508,33.157924],[111.601028,33.158117],[111.601693,33.158668],[111.601996,33.15832],[111.602173,33.157947],[111.602388,33.157091],[111.602018,33.155719],[111.602015,33.154801],[111.601884,33.154457],[111.601865,33.153959],[111.602013,33.152434],[111.60238,33.152077],[111.602833,33.151821],[111.603354,33.151347],[111.603743,33.150885],[111.603989,33.150422],[111.604593,33.150179],[111.605274,33.149975],[111.605499,33.149562],[111.605558,33.149077],[111.605545,33.148302],[111.605454,33.14803],[111.605223,33.147693],[111.604907,33.147372],[111.604593,33.146914],[111.604451,33.146609],[111.604008,33.145194],[111.604169,33.144177],[111.604059,33.143289],[111.604271,33.14275],[111.604593,33.141603],[111.604901,33.140471],[111.605105,33.139561],[111.605674,33.138052],[111.606752,33.135732],[111.606889,33.134589],[111.606859,33.134101],[111.606642,33.133127],[111.60669,33.132617],[111.607055,33.131994],[111.607473,33.13144],[111.60823,33.130328],[111.608359,33.129939],[111.607559,33.128713],[111.607186,33.12827],[111.606948,33.127653],[111.607074,33.126985],[111.607331,33.126298],[111.607618,33.125876],[111.607881,33.125764],[111.608461,33.125671],[111.609091,33.125492],[111.60959,33.125267],[111.610035,33.12511],[111.610298,33.124843],[111.610349,33.124533],[111.610266,33.124023],[111.609946,33.123515],[111.610024,33.123227],[111.610467,33.122493],[111.610907,33.121626],[111.611373,33.120384],[111.611738,33.119826],[111.612291,33.119602],[111.613841,33.119307],[111.615735,33.118811],[111.616891,33.118317],[111.618071,33.117912],[111.618809,33.117809],[111.619205,33.118038],[111.61997,33.118346],[111.620576,33.118386],[111.621287,33.118339],[111.623441,33.117508],[111.624361,33.117061],[111.624782,33.116991],[111.625281,33.117034],[111.625836,33.117252],[111.626603,33.117582],[111.627,33.117912],[111.627319,33.118398],[111.627775,33.119548],[111.628041,33.119878],[111.62865,33.120341],[111.629363,33.120426],[111.630388,33.120377],[111.633805,33.119384],[111.63528,33.119222],[111.635806,33.119307],[111.636841,33.120188],[111.637423,33.120806],[111.638271,33.121334],[111.638719,33.121399],[111.63922,33.121352],[111.640033,33.120837],[111.640736,33.119993],[111.641154,33.119413],[111.641452,33.118941],[111.641656,33.118472],[111.641843,33.117874],[111.641924,33.117367],[111.642047,33.116913],[111.642449,33.116681],[111.642846,33.116744],[111.644298,33.117092],[111.644719,33.117113],[111.645325,33.117043],[111.646164,33.116839],[111.647033,33.116679],[111.648165,33.116607],[111.648468,33.116495],[111.648712,33.115918],[111.648975,33.115605],[111.649155,33.115228],[111.649037,33.11341],[111.6489,33.112858],[111.649002,33.112325],[111.649573,33.111081],[111.649691,33.109241],[111.649659,33.108643],[111.649962,33.106758],[111.650035,33.105738],[111.649952,33.105095],[111.649748,33.104388],[111.64989,33.104143],[111.650901,33.103617],[111.651392,33.103305],[111.651778,33.102853],[111.651995,33.102653],[111.652344,33.102487],[111.652977,33.10228],[111.654257,33.101626],[111.654522,33.101323],[111.654898,33.100521],[111.655869,33.100521],[111.657135,33.100766],[111.65766,33.100721],[111.659683,33.100229],[111.660259,33.100017],[111.660514,33.099883],[111.660798,33.099584],[111.661718,33.097836],[111.662008,33.097541],[111.662349,33.097317],[111.663108,33.097024],[111.663687,33.096845],[111.664267,33.096842],[111.6649,33.09706],[111.665664,33.097233],[111.666007,33.097186],[111.666321,33.096919],[111.666525,33.096121],[111.667045,33.095341],[111.667405,33.094076],[111.667662,33.093299],[111.667973,33.092831],[111.668314,33.092521],[111.668757,33.091897],[111.668939,33.091497],[111.669143,33.090631],[111.66943,33.090209],[111.670189,33.089562],[111.670921,33.089072],[111.672839,33.08864],[111.674907,33.088317],[111.675486,33.087463],[111.676009,33.086919],[111.676809,33.086324],[111.677348,33.086056],[111.677517,33.086009],[111.677975,33.08602],[111.679397,33.086319],[111.679748,33.086407],[111.680899,33.086795],[111.682017,33.087052],[111.683528,33.087218],[111.684099,33.087182],[111.684646,33.087193],[111.684853,33.087247],[111.685453,33.087499],[111.685577,33.087593],[111.68559,33.087843],[111.685966,33.088202],[111.686473,33.088402],[111.686695,33.08856],[111.686754,33.088663],[111.686797,33.088939],[111.687047,33.089735],[111.687106,33.090083],[111.68728,33.090434],[111.687693,33.090083],[111.688031,33.089845],[111.689125,33.089162],[111.689533,33.088798],[111.690346,33.088173],[111.690461,33.087989],[111.690759,33.087928],[111.690893,33.088031],[111.690925,33.088177],[111.690837,33.088517],[111.690847,33.088742],[111.691065,33.088939],[111.691529,33.089067],[111.69228,33.089115],[111.69276,33.089245],[111.693001,33.089225],[111.693114,33.08918],[111.693873,33.08876],[111.694487,33.08847],[111.694956,33.08829],[111.695603,33.087856],[111.696011,33.087872],[111.696472,33.087324],[111.696711,33.08695],[111.69564,33.085186],[111.696375,33.084708],[111.696692,33.084591],[111.697046,33.084521],[111.69729,33.084517],[111.697228,33.083903],[111.697113,33.083528],[111.696925,33.083548],[111.696821,33.083615],[111.696579,33.08393],[111.696295,33.084126],[111.696043,33.084254],[111.69567,33.084312],[111.695209,33.084431],[111.695428,33.084818],[111.695399,33.084852],[111.695284,33.084858],[111.694924,33.084705],[111.693374,33.085204],[111.692762,33.085328],[111.692585,33.085332],[111.692084,33.085243],[111.691883,33.085135],[111.691555,33.08482],[111.69093,33.084553],[111.690657,33.084368],[111.690348,33.083955],[111.690217,33.083865],[111.689858,33.083512],[111.689423,33.083229],[111.689112,33.082957],[111.689005,33.082768],[111.689015,33.082465],[111.688887,33.082081],[111.688693,33.081885],[111.688659,33.081725],[111.688294,33.081128],[111.688031,33.080804],[111.687698,33.080548],[111.687403,33.080154],[111.687229,33.079577],[111.686966,33.079026],[111.686757,33.078828],[111.686561,33.078714],[111.686204,33.07857],[111.685815,33.078498],[111.685528,33.078372],[111.685255,33.078163],[111.686663,33.07701],[111.686883,33.076646],[111.687146,33.076316],[111.688141,33.075203],[111.688192,33.075125],[111.68828,33.074756],[111.688406,33.074558],[111.688884,33.07403],[111.689147,33.073529],[111.689772,33.072753],[111.689892,33.072558],[111.690456,33.071962],[111.691488,33.071279],[111.692049,33.0712],[111.692392,33.071232],[111.692618,33.071328],[111.692725,33.071423],[111.692982,33.07191],[111.693127,33.07238],[111.693229,33.072497],[111.693827,33.072987],[111.694154,33.073099],[111.694382,33.073117],[111.694637,33.073234],[111.69515,33.073257],[111.695359,33.073286],[111.695624,33.07338],[111.696121,33.073425],[111.696794,33.073192],[111.696947,33.073169],[111.69755,33.073192],[111.697904,33.073142],[111.698076,33.073156],[111.698508,33.073297],[111.698712,33.073446],[111.699055,33.07361],[111.700793,33.074151],[111.701252,33.074423],[111.70138,33.074441],[111.701488,33.074392],[111.701839,33.074338],[111.702496,33.074315],[111.702735,33.074212],[111.703448,33.074131],[111.703609,33.074147],[111.703676,33.07419],[111.70391,33.074569],[111.704063,33.074731],[111.704175,33.074778],[111.704312,33.074778],[111.704441,33.074666],[111.704529,33.074493],[111.704468,33.07361],[111.704591,33.073239],[111.704454,33.073178],[111.703912,33.072594],[111.703706,33.072288],[111.703687,33.071859],[111.703515,33.071465],[111.703035,33.070688],[111.701936,33.069407],[111.70182,33.069213],[111.701718,33.069108],[111.702467,33.068379],[111.702856,33.067838],[111.702947,33.06757],[111.702963,33.06708],[111.702877,33.066804],[111.702362,33.065972],[111.702276,33.065722],[111.702265,33.065552],[111.702424,33.065127],[111.702566,33.064873],[111.702552,33.064558],[111.702437,33.064284],[111.701818,33.063881],[111.701458,33.063821],[111.701053,33.063841],[111.700447,33.063994],[111.699677,33.064396],[111.699052,33.064623],[111.698355,33.064814],[111.697738,33.064922],[111.69699,33.065125],[111.696729,33.065039],[111.696362,33.064812],[111.696265,33.064644],[111.69626,33.064381],[111.696472,33.063787],[111.696716,33.063387],[111.696826,33.063119],[111.696786,33.062847],[111.696689,33.062573],[111.695863,33.061568],[111.695796,33.061299],[111.695729,33.060566],[111.695761,33.060415],[111.695724,33.060103],[111.69545,33.059768],[111.695163,33.059583],[111.694769,33.059208],[111.694691,33.058785],[111.694753,33.057565],[111.694015,33.05721],[111.693382,33.056949],[111.69288,33.056672],[111.692655,33.056729],[111.692443,33.056859],[111.691681,33.057169],[111.691373,33.057349],[111.690984,33.057484],[111.690295,33.057621],[111.690128,33.05734],[111.690072,33.057095],[111.689943,33.056935],[111.689748,33.056569],[111.689758,33.0564],[111.690091,33.056223],[111.690665,33.055825],[111.691003,33.055418],[111.691247,33.055209],[111.691639,33.054986],[111.692003,33.054856],[111.692253,33.054678],[111.692899,33.054127],[111.69291,33.05406],[111.692478,33.05388],[111.691821,33.053705],[111.691175,33.053586],[111.690437,33.053383],[111.689348,33.052628],[111.688575,33.052158],[111.688213,33.051985],[111.688326,33.051338],[111.688385,33.051155],[111.688522,33.050971],[111.689037,33.050515],[111.690021,33.049795],[111.690458,33.049532],[111.690689,33.049427],[111.691236,33.049298],[111.691663,33.04926],[111.691821,33.049292],[111.692414,33.049294],[111.692521,33.049177],[111.692711,33.048871],[111.692792,33.04864],[111.692821,33.048314],[111.692915,33.048015],[111.692918,33.047538],[111.692733,33.046517],[111.692677,33.04629],[111.692384,33.045638],[111.69228,33.045229],[111.692218,33.045108],[111.692006,33.044997],[111.691931,33.044982],[111.69136,33.045171],[111.690161,33.045647],[111.689764,33.045861],[111.689453,33.045838],[111.68919,33.045445],[111.688828,33.04529],[111.688567,33.044934],[111.688559,33.044393],[111.688597,33.044004],[111.688667,33.043779],[111.688994,33.043091],[111.689552,33.042553],[111.689648,33.042295],[111.689646,33.042149],[111.689605,33.042016],[111.68949,33.041897],[111.689337,33.041845],[111.689233,33.041769],[111.689056,33.041591],[111.688457,33.041119],[111.688272,33.040944],[111.688031,33.040647],[111.687554,33.040332],[111.687044,33.040051],[111.686695,33.039754],[111.686306,33.039352],[111.685764,33.038697],[111.685534,33.038367],[111.686655,33.037755],[111.68768,33.037456],[111.68853,33.037092],[111.689281,33.036912],[111.689573,33.03673],[111.690067,33.036298],[111.69023,33.036204],[111.691065,33.035826],[111.691813,33.03568],[111.692049,33.035592],[111.692306,33.035435],[111.692406,33.035325],[111.692424,33.035235],[111.692349,33.03454],[111.692298,33.03344],[111.692293,33.032523],[111.692223,33.032388],[111.69214,33.032096],[111.692103,33.031799],[111.691955,33.031261],[111.691872,33.031014],[111.691759,33.030812],[111.691598,33.030618],[111.691118,33.029865],[111.690528,33.029174],[111.690373,33.028941],[111.690056,33.027551],[111.690059,33.026995],[111.690158,33.02646],[111.690316,33.026181],[111.690745,33.025633],[111.69085,33.025329],[111.690847,33.024938],[111.690909,33.024711],[111.690957,33.024259],[111.690938,33.024169],[111.690582,33.023825],[111.690523,33.023687],[111.690571,33.02326],[111.690633,33.023089],[111.690831,33.022761],[111.691193,33.021684],[111.691413,33.021135],[111.691577,33.020813],[111.691722,33.020611],[111.691883,33.020199],[111.691888,33.02008],[111.691781,33.020055],[111.691652,33.020118],[111.691298,33.020575],[111.690981,33.021153],[111.690778,33.021418],[111.690488,33.021659],[111.690305,33.021735],[111.689479,33.021783],[111.688929,33.021717],[111.688594,33.021643],[111.688433,33.02165],[111.688031,33.021765],[111.687403,33.021591],[111.686915,33.021549],[111.685821,33.021589],[111.686081,33.02136],[111.687197,33.020541],[111.688031,33.019882],[111.688549,33.019639],[111.68974,33.019336],[111.690206,33.019075],[111.690491,33.018717],[111.691164,33.01831],[111.691636,33.017984],[111.692202,33.017381],[111.693044,33.016646],[111.693369,33.016304],[111.693666,33.016135],[111.694216,33.015946],[111.694846,33.015638],[111.695512,33.015209],[111.696901,33.014412],[111.697277,33.014165],[111.698548,33.013139],[111.699186,33.012667],[111.700146,33.012127],[111.701021,33.011477],[111.701514,33.011306],[111.701412,33.011207],[111.701337,33.011043],[111.701297,33.010807],[111.701337,33.010236],[111.701128,33.009343],[111.70101,33.009003],[111.700997,33.008747],[111.701056,33.008036],[111.701423,33.007393],[111.701423,33.007226],[111.701289,33.006785],[111.701265,33.006018],[111.701214,33.005935],[111.700766,33.005663],[111.7002,33.00542],[111.70009,33.005332],[111.700179,33.005157],[111.700989,33.004088],[111.701182,33.003715],[111.7013,33.003263],[111.701549,33.002914],[111.701732,33.002757],[111.702228,33.002512],[111.702488,33.002444],[111.703086,33.002435],[111.70344,33.002401],[111.703612,33.00235],[111.70369,33.002266],[111.703786,33.002057],[111.703738,33.001911],[111.702021,33.002046],[111.701453,33.002176],[111.701386,33.002055],[111.701244,33.001594],[111.701099,33.001322],[111.700986,33.001004],[111.700932,33.000723],[111.700906,33.000485],[111.700981,33.000071],[111.701029,32.999108],[111.700892,32.998618],[111.700144,32.998651],[111.700165,32.999],[111.700246,32.999371],[111.699951,32.999356],[111.69924,32.999212],[111.699192,32.998865],[111.699291,32.998568],[111.699342,32.998195],[111.698596,32.998224],[111.698526,32.998789],[111.697845,32.998642],[111.696469,32.998231],[111.696255,32.998213],[111.69611,32.998154],[111.695871,32.998141],[111.695753,32.99833],[111.695673,32.998741],[111.695592,32.998825],[111.695506,32.998827],[111.694959,32.998483],[111.694179,32.998271],[111.694197,32.997855],[111.694321,32.997707],[111.694635,32.997119],[111.695176,32.997243],[111.695375,32.99732],[111.695345,32.997398],[111.695375,32.997441],[111.695434,32.997353],[111.69567,32.997284],[111.695836,32.997158],[111.696094,32.99685],[111.696292,32.996836],[111.696491,32.996872],[111.697349,32.995891],[111.696963,32.995583],[111.696319,32.995241],[111.696182,32.995261],[111.695758,32.995754],[111.695042,32.995419],[111.694779,32.995372],[111.695147,32.994701],[111.695045,32.9946],[111.694404,32.994492],[111.694554,32.99395],[111.694353,32.993781],[111.693798,32.9937],[111.693822,32.993567],[111.694345,32.992645],[111.694589,32.992035],[111.69431,32.991853],[111.693983,32.991691],[111.693956,32.991617],[111.69402,32.991279],[111.694004,32.990319],[111.694036,32.99008],[111.69416,32.989894],[111.694565,32.989979],[111.694677,32.989936]]]}},{"type":"Feature","properties":{"regionCode":"411325110","sourceCode":"411325110000","name":"岞岖镇","sourceName":"岞岖镇","parentCode":"411325","parentName":"内乡县","regionLevel":"township","regionType":"town","isManagementZone":false,"source":"ruiduobao","sourceVersion":"mixed-legacy~2018-2020","geometryRepaired":false,"match2020":true,"match2023":true},"geometry":{"type":"Polygon","coordinates":[[[111.684287,32.923542],[111.682701,32.923785],[111.681663,32.922607],[111.681521,32.922342],[111.681224,32.921957],[111.681041,32.921632],[111.680727,32.921364],[111.680352,32.921117],[111.679794,32.920932],[111.679598,32.920948],[111.679697,32.920412],[111.679606,32.920257],[111.679166,32.920227],[111.678995,32.920957],[111.678895,32.920977],[111.67801,32.920826],[111.677578,32.920811],[111.677436,32.920306],[111.677356,32.92025],[111.677042,32.920187],[111.676986,32.920209],[111.676929,32.920437],[111.676959,32.92061],[111.67709,32.92086],[111.676103,32.920885],[111.676025,32.920961],[111.675704,32.921094],[111.675476,32.921148],[111.675156,32.920781],[111.674926,32.920309],[111.674416,32.920412],[111.674244,32.920417],[111.674357,32.92073],[111.674719,32.921504],[111.675156,32.922204],[111.675164,32.922366],[111.674816,32.922873],[111.674765,32.922995],[111.67477,32.923152],[111.674725,32.923199],[111.674381,32.923193],[111.673952,32.923112],[111.673713,32.923107],[111.673662,32.923204],[111.673636,32.923391],[111.673665,32.923618],[111.673641,32.923776],[111.673662,32.924379],[111.673485,32.925012],[111.67337,32.9253],[111.673062,32.926489],[111.673043,32.926727],[111.673056,32.926847],[111.673166,32.926941],[111.673807,32.927229],[111.674113,32.927421],[111.674531,32.92777],[111.674666,32.927963],[111.674663,32.92806],[111.674837,32.92842],[111.674837,32.928549],[111.674802,32.928652],[111.674169,32.929679],[111.674159,32.929884],[111.674341,32.9301],[111.674317,32.930176],[111.674105,32.930411],[111.674142,32.930609],[111.674204,32.930744],[111.673705,32.931203],[111.673603,32.931216],[111.673338,32.931126],[111.673166,32.931138],[111.672804,32.93155],[111.672394,32.931912],[111.671645,32.932705],[111.671248,32.933024],[111.671128,32.933162],[111.671104,32.933243],[111.671138,32.933337],[111.671238,32.933436],[111.671353,32.933486],[111.672748,32.93356],[111.673231,32.933499],[111.673271,32.933585],[111.673477,32.93379],[111.672839,32.934105],[111.67263,32.934258],[111.672375,32.934384],[111.672174,32.9344],[111.671873,32.934229],[111.671294,32.935005],[111.670733,32.935399],[111.670642,32.935417],[111.670511,32.935386],[111.670264,32.935233],[111.670216,32.935275],[111.670036,32.935678],[111.669639,32.936124],[111.669269,32.936327],[111.668566,32.937126],[111.669199,32.937448],[111.669325,32.937569],[111.669293,32.937653],[111.668977,32.937902],[111.668065,32.938726],[111.667998,32.938762],[111.667818,32.93878],[111.667448,32.939264],[111.66734,32.939451],[111.667311,32.939559],[111.667716,32.939568],[111.667772,32.939602],[111.667812,32.939802],[111.667775,32.93996],[111.667434,32.940433],[111.667448,32.94057],[111.667732,32.940694],[111.668038,32.940709],[111.668124,32.940667],[111.668317,32.940367],[111.668395,32.940372],[111.668523,32.940444],[111.668724,32.94061],[111.668523,32.940766],[111.66829,32.941074],[111.668891,32.941337],[111.669545,32.941497],[111.669392,32.941711],[111.669282,32.941821],[111.668201,32.941337],[111.667643,32.941641],[111.667053,32.941369],[111.666973,32.941409],[111.66634,32.942022],[111.666249,32.941959],[111.666139,32.94181],[111.665997,32.941509],[111.665989,32.941421],[111.666029,32.941362],[111.666321,32.941153],[111.666404,32.940986],[111.666375,32.94059],[111.66649,32.940331],[111.666504,32.940158],[111.666463,32.94009],[111.666388,32.940061],[111.665857,32.940095],[111.665479,32.939962],[111.665109,32.939759],[111.665449,32.939244],[111.665707,32.939273],[111.666321,32.939429],[111.666619,32.93899],[111.666214,32.938801],[111.665669,32.938704],[111.665919,32.938373],[111.664875,32.937878],[111.664768,32.938031],[111.664393,32.938427],[111.664484,32.93853],[111.664902,32.938776],[111.664596,32.93937],[111.664505,32.939276],[111.664132,32.939084],[111.663725,32.939755],[111.663355,32.939701],[111.662732,32.939395],[111.662636,32.939456],[111.662164,32.940126],[111.662244,32.940471],[111.662217,32.940847],[111.661946,32.940851],[111.661863,32.940736],[111.661254,32.940196],[111.661249,32.940126],[111.661461,32.939791],[111.66178,32.938936],[111.661861,32.938384],[111.661949,32.938294],[111.662048,32.938256],[111.66204,32.93817],[111.66215,32.937752],[111.66214,32.93758],[111.661938,32.937013],[111.661539,32.936851],[111.661359,32.93679],[111.661201,32.936779],[111.66086,32.937223],[111.65976,32.936732],[111.659624,32.936622],[111.658902,32.938263],[111.658645,32.93865],[111.658248,32.938963],[111.65806,32.939057],[111.657899,32.939091],[111.65773,32.939071],[111.657371,32.938931],[111.657296,32.938983],[111.657151,32.939271],[111.657041,32.939755],[111.656912,32.93982],[111.656271,32.939399],[111.655869,32.939062],[111.656046,32.93883],[111.65607,32.938699],[111.656024,32.938638],[111.655858,32.938566],[111.655587,32.938501],[111.655372,32.938191],[111.655268,32.93795],[111.655284,32.937864],[111.655743,32.937497],[111.655796,32.937358],[111.655311,32.937092],[111.655053,32.936874],[111.653409,32.935818],[111.652628,32.9355],[111.652374,32.935431],[111.651301,32.935255],[111.650397,32.935199],[111.650164,32.935201],[111.649174,32.935332],[111.648206,32.935678],[111.648085,32.935233],[111.64791,32.934307],[111.647422,32.932837],[111.647465,32.932729],[111.647446,32.932522],[111.647334,32.932135],[111.646905,32.930955],[111.64658,32.930586],[111.646344,32.930413],[111.646156,32.930332],[111.645271,32.930289],[111.644872,32.930309],[111.644582,32.930359],[111.643327,32.930807],[111.641782,32.931491],[111.641141,32.931646],[111.640263,32.931791],[111.63947,32.931779],[111.63833,32.931829],[111.638018,32.931791],[111.637613,32.93148],[111.636954,32.930904],[111.636833,32.930663],[111.636761,32.930102],[111.636828,32.929868],[111.636825,32.929519],[111.636769,32.929229],[111.636677,32.927749],[111.636331,32.927265],[111.635942,32.926831],[111.635873,32.926685],[111.635838,32.926556],[111.635956,32.925942],[111.635846,32.925541],[111.635578,32.925264],[111.63525,32.925113],[111.635119,32.925001],[111.634934,32.924983],[111.634489,32.925055],[111.632761,32.925408],[111.631764,32.925707],[111.630787,32.925955],[111.629784,32.926045],[111.629068,32.926043],[111.628333,32.926219],[111.627952,32.926385],[111.626667,32.927475],[111.626359,32.927673],[111.626112,32.927774],[111.62553,32.928186],[111.62509,32.928609],[111.624978,32.92879],[111.624986,32.929044],[111.624956,32.929251],[111.62501,32.929593],[111.624916,32.929661],[111.624562,32.929753],[111.624227,32.929938],[111.62405,32.930001],[111.623787,32.930026],[111.623588,32.930089],[111.622556,32.930489],[111.622252,32.93053],[111.621802,32.930501],[111.621158,32.930829],[111.620938,32.930904],[111.619702,32.931721],[111.619498,32.931914],[111.619042,32.932495],[111.618953,32.932545],[111.618473,32.933186],[111.618232,32.933447],[111.617872,32.933727],[111.617674,32.933925],[111.617274,32.934172],[111.616832,32.934517],[111.616352,32.93483],[111.61566,32.935433],[111.615206,32.935739],[111.615032,32.935971],[111.615021,32.936041],[111.614833,32.936376],[111.614662,32.936995],[111.614573,32.937493],[111.614479,32.937621],[111.614412,32.937844],[111.614278,32.938087],[111.614174,32.938193],[111.614048,32.938188],[111.613922,32.938242],[111.612693,32.938931],[111.612441,32.938978],[111.612414,32.939314],[111.611714,32.940365],[111.611408,32.941175],[111.611129,32.941558],[111.610778,32.941855],[111.610174,32.942024],[111.609536,32.942308],[111.609297,32.942621],[111.60922,32.943147],[111.609241,32.944084],[111.609059,32.944642],[111.60856,32.945254],[111.607994,32.945792],[111.606827,32.946418],[111.605821,32.94689],[111.605124,32.947053],[111.604762,32.947359],[111.603557,32.948101],[111.602122,32.948777],[111.601739,32.949026],[111.601334,32.949405],[111.60072,32.950089],[111.599963,32.951147],[111.599175,32.951635],[111.598048,32.952605],[111.597836,32.953046],[111.597866,32.953377],[111.598241,32.953629],[111.599006,32.953935],[111.599886,32.954455],[111.601138,32.955666],[111.601422,32.956022],[111.601567,32.956569],[111.601514,32.956974],[111.601345,32.957262],[111.600478,32.958425],[111.599923,32.959422],[111.599073,32.960446],[111.598593,32.960824],[111.597501,32.961202],[111.597045,32.961407],[111.596592,32.961695],[111.596329,32.962001],[111.596305,32.962652],[111.594921,32.963804],[111.593762,32.964587],[111.593349,32.964776],[111.59248,32.965003],[111.589878,32.965519],[111.58946,32.965462],[111.588706,32.965111],[111.587858,32.964853],[111.586289,32.964535],[111.584836,32.965107],[111.584329,32.965442],[111.583486,32.966423],[111.581971,32.967956],[111.581579,32.968386],[111.581271,32.969007],[111.581247,32.969389],[111.581547,32.970053],[111.581523,32.970566],[111.581196,32.971165],[111.581196,32.971613],[111.581706,32.971973],[111.581901,32.972317],[111.581697,32.973651],[111.581252,32.974749],[111.580442,32.97623],[111.579286,32.97861],[111.579155,32.979108],[111.579868,32.979299],[111.581086,32.97954],[111.581716,32.979855],[111.582617,32.980147],[111.582955,32.980422],[111.583039,32.980973],[111.583014,32.981916],[111.583167,32.982269],[111.583878,32.982885],[111.584463,32.983646],[111.584452,32.984312],[111.584374,32.985052],[111.58446,32.98536],[111.584688,32.985682],[111.585284,32.985763],[111.587319,32.985752],[111.588891,32.985842],[111.58958,32.985194],[111.589972,32.984973],[111.590305,32.985133],[111.590742,32.985497],[111.590951,32.986397],[111.591568,32.987093],[111.591514,32.987959],[111.591675,32.988296],[111.591917,32.98858],[111.59182,32.989153],[111.592027,32.989374],[111.592638,32.989804],[111.593097,32.989903],[111.593448,32.99008],[111.593727,32.990353],[111.5941,32.990841],[111.594277,32.991297],[111.594186,32.991741],[111.593615,32.992479],[111.593537,32.99287],[111.593609,32.993313],[111.593877,32.993698],[111.594323,32.994056],[111.594712,32.994256],[111.595194,32.994404],[111.59602,32.994411],[111.596313,32.99467],[111.596605,32.995045],[111.597557,32.996548],[111.598193,32.997626],[111.598536,32.998357],[111.598708,32.998804],[111.598711,32.999171],[111.598536,33.000147],[111.598402,33.000579],[111.598327,33.000971],[111.598386,33.001992],[111.598314,33.002664],[111.598115,33.003753],[111.59786,33.004298],[111.597348,33.005038],[111.597174,33.005692],[111.597152,33.006257],[111.59726,33.006907],[111.597522,33.007905],[111.597324,33.008733],[111.597093,33.009039],[111.596965,33.00932],[111.59697,33.00993],[111.59705,33.010429],[111.59726,33.011014],[111.59752,33.011383],[111.597858,33.011729],[111.598274,33.01201],[111.601913,33.013684],[111.602434,33.014037],[111.602817,33.014356],[111.602785,33.014725],[111.602847,33.014824],[111.603252,33.014619],[111.603611,33.01448],[111.604279,33.014356],[111.604679,33.014374],[111.605081,33.014574],[111.605306,33.014768],[111.605515,33.01504],[111.606122,33.015634],[111.606537,33.016151],[111.607259,33.016873],[111.607452,33.016947],[111.607543,33.016952],[111.607715,33.016898],[111.608249,33.016599],[111.608372,33.016491],[111.608796,33.016272],[111.609271,33.016122],[111.609979,33.016],[111.611304,33.015515],[111.611982,33.015359],[111.612363,33.015236],[111.612717,33.015101],[111.613267,33.014833],[111.614343,33.014451],[111.615179,33.014107],[111.616032,33.013904],[111.616352,33.013783],[111.617652,33.013173],[111.618366,33.012746],[111.620064,33.011644],[111.620683,33.011077],[111.621013,33.010883],[111.621767,33.010299],[111.622419,33.009898],[111.622781,33.00975],[111.623138,33.009691],[111.623384,33.00975],[111.623725,33.009925],[111.623822,33.009921],[111.62398,33.009822],[111.62405,33.009705],[111.624033,33.009475],[111.623811,33.00921],[111.623513,33.00899],[111.623481,33.008936],[111.623612,33.008796],[111.623746,33.00876],[111.62409,33.008974],[111.624369,33.009008],[111.624782,33.009005],[111.62505,33.009147],[111.625248,33.009167],[111.62553,33.008972],[111.626343,33.008684],[111.626584,33.008643],[111.626992,33.008654],[111.628381,33.007991],[111.629055,33.007935],[111.630138,33.008193],[111.630393,33.008191],[111.634355,33.009525],[111.635588,33.009793],[111.636954,33.010184],[111.637906,33.010625],[111.63903,33.010438],[111.640095,33.010177],[111.640703,33.009955],[111.641884,33.008922],[111.643281,33.007977],[111.643667,33.007354],[111.643973,33.006983],[111.644762,33.006821],[111.645057,33.006675],[111.64558,33.005973],[111.645703,33.00591],[111.646878,33.005789],[111.647455,33.005627],[111.647943,33.005366],[111.648847,33.005155],[111.649702,33.005056],[111.650499,33.004867],[111.651357,33.004844],[111.651633,33.004806],[111.65195,33.00428],[111.652079,33.003978],[111.652513,33.003486],[111.653082,33.002354],[111.653122,33.001956],[111.65332,33.001409],[111.653382,33.001099],[111.65331,33.000519],[111.653514,33.000635],[111.654053,33.00077],[111.65644,33.000687],[111.65673,33.000775],[111.657151,33.001013],[111.657333,33.001184],[111.657446,33.001353],[111.657529,33.001601],[111.658014,33.002271],[111.65813,33.002365],[111.658696,33.002568],[111.659793,33.00349],[111.660101,33.003834],[111.661177,33.004707],[111.661472,33.00486],[111.661743,33.005065],[111.661917,33.005278],[111.662448,33.006223],[111.662601,33.006358],[111.662826,33.006356],[111.663349,33.00645],[111.664108,33.006835],[111.664484,33.006963],[111.664967,33.006988],[111.665176,33.007042],[111.666141,33.006954],[111.666678,33.006738],[111.667257,33.006587],[111.667598,33.006419],[111.667762,33.006302],[111.669347,33.005427],[111.669784,33.005137],[111.6716,33.004156],[111.672147,33.00376],[111.672646,33.003299],[111.672836,33.003434],[111.67304,33.003634],[111.673668,33.00387],[111.67551,33.00437],[111.676055,33.003148],[111.676736,33.003321],[111.676841,33.002682],[111.677031,33.002266],[111.677594,33.001861],[111.677788,33.001873],[111.678056,33.001985],[111.678386,33.002233],[111.678641,33.002334],[111.67937,33.002341],[111.679595,33.002316],[111.679716,33.00223],[111.679622,33.002518],[111.679612,33.002766],[111.679724,33.002912],[111.679915,33.002988],[111.680301,33.003069],[111.680287,33.00324],[111.680379,33.004295],[111.680765,33.004372],[111.68113,33.004399],[111.681036,33.004948],[111.680861,33.00522],[111.68055,33.005447],[111.680116,33.005656],[111.679544,33.006084],[111.679461,33.006189],[111.679421,33.006308],[111.679341,33.006716],[111.68054,33.006898],[111.680395,33.007271],[111.680607,33.007363],[111.680532,33.007687],[111.680507,33.008394],[111.680443,33.008785],[111.680207,33.009107],[111.679874,33.010094],[111.679703,33.01051],[111.680022,33.010636],[111.680438,33.010742],[111.680765,33.010686],[111.681017,33.010458],[111.681114,33.010173],[111.68143,33.009734],[111.681647,33.009514],[111.682001,33.00943],[111.68319,33.009307],[111.683391,33.009487],[111.683831,33.010155],[111.684069,33.010371],[111.685376,33.01042],[111.685743,33.010357],[111.685644,33.009865],[111.685899,33.009226],[111.68592,33.008947],[111.685891,33.008877],[111.685679,33.008771],[111.68563,33.008648],[111.685655,33.008486],[111.685917,33.00802],[111.685933,33.007615],[111.685837,33.007327],[111.68552,33.006664],[111.685507,33.005904],[111.685665,33.005618],[111.685732,33.005395],[111.685917,33.005195],[111.686006,33.005044],[111.686175,33.004379],[111.686186,33.004052],[111.686167,33.003515],[111.686043,33.003058],[111.686043,33.002354],[111.686011,33.002167],[111.685824,33.00192],[111.685566,33.001663],[111.685504,33.001497],[111.685571,33.001409],[111.685866,33.001346],[111.686178,33.00138],[111.686754,33.001601],[111.686971,33.001724],[111.687253,33.001805],[111.688031,33.001807],[111.688229,33.001711],[111.689686,33.001389],[111.689737,33.001245],[111.689713,33.000989],[111.689538,33.000431],[111.68956,33.00028],[111.688664,33.000417],[111.688449,33.00042],[111.688286,33.00039],[111.68813,33.0003],[111.688031,33.000179],[111.687773,33.000071],[111.687328,33.000012],[111.686494,32.999967],[111.686288,32.999997],[111.685609,33.000006],[111.684745,32.999976],[111.684563,32.999929],[111.683621,32.999812],[111.683377,32.999648],[111.682715,32.999421],[111.682452,32.999369],[111.682444,32.998669],[111.682581,32.998361],[111.682736,32.998199],[111.682793,32.998073],[111.682889,32.997675],[111.682972,32.997542],[111.683141,32.997414],[111.683208,32.99743],[111.6833,32.997524],[111.683495,32.997506],[111.683536,32.997419],[111.683597,32.99696],[111.683739,32.996789],[111.684085,32.99667],[111.684112,32.996634],[111.684273,32.99685],[111.685091,32.997236],[111.685432,32.998541],[111.685885,32.998537],[111.685708,32.997947],[111.685689,32.997614],[111.685378,32.997608],[111.685298,32.997167],[111.685298,32.996863],[111.684844,32.996852],[111.684866,32.996492],[111.685531,32.996481],[111.685537,32.995889],[111.684863,32.995572],[111.684963,32.995347],[111.685035,32.995043],[111.685038,32.994771],[111.684989,32.99464],[111.684941,32.994325],[111.684718,32.993781],[111.684504,32.993383],[111.684826,32.993264],[111.685397,32.9933],[111.686204,32.993297],[111.686419,32.993309],[111.686516,32.993351],[111.68658,32.99305],[111.686945,32.992996],[111.686996,32.992814],[111.687323,32.992811],[111.687626,32.992899],[111.687749,32.992863],[111.687776,32.992661],[111.687709,32.992528],[111.687849,32.992479],[111.687875,32.992395],[111.687993,32.992402],[111.687932,32.992125],[111.687832,32.99076],[111.687918,32.989975],[111.689284,32.990213],[111.690284,32.990303],[111.690413,32.990353],[111.690536,32.990717],[111.690681,32.990778],[111.691633,32.990881],[111.691714,32.990449],[111.69177,32.989777],[111.691821,32.989538],[111.692054,32.988645],[111.692352,32.98788],[111.692526,32.987558],[111.692926,32.987075],[111.693041,32.986996],[111.693157,32.986964],[111.693334,32.986823],[111.693248,32.986787],[111.693382,32.986537],[111.693752,32.986672],[111.694044,32.986737],[111.695388,32.987232],[111.696316,32.987529],[111.696196,32.987768],[111.695989,32.98802],[111.696118,32.988103],[111.695702,32.988706],[111.695603,32.98894],[111.6953,32.988782],[111.695211,32.988697],[111.695085,32.988643],[111.694919,32.988631],[111.694779,32.988868],[111.694643,32.989423],[111.694653,32.989504],[111.694753,32.989671],[111.69472,32.989873],[111.694677,32.989936],[111.694565,32.989979],[111.69416,32.989894],[111.694036,32.99008],[111.694004,32.990319],[111.69402,32.991279],[111.693956,32.991617],[111.693983,32.991691],[111.69431,32.991853],[111.694589,32.992035],[111.694345,32.992645],[111.693822,32.993567],[111.693798,32.9937],[111.694353,32.993781],[111.694554,32.99395],[111.694404,32.994492],[111.695045,32.9946],[111.695147,32.994701],[111.694779,32.995372],[111.695042,32.995419],[111.695758,32.995754],[111.696182,32.995261],[111.696319,32.995241],[111.696963,32.995583],[111.697349,32.995891],[111.696491,32.996872],[111.696292,32.996836],[111.696094,32.99685],[111.695836,32.997158],[111.69567,32.997284],[111.695434,32.997353],[111.695375,32.997441],[111.695345,32.997398],[111.695375,32.99732],[111.695176,32.997243],[111.694635,32.997119],[111.694321,32.997707],[111.694197,32.997855],[111.694179,32.998271],[111.694959,32.998483],[111.695506,32.998827],[111.695592,32.998825],[111.695673,32.998741],[111.695753,32.99833],[111.695871,32.998141],[111.69611,32.998154],[111.696255,32.998213],[111.696469,32.998231],[111.697845,32.998642],[111.698526,32.998789],[111.698596,32.998224],[111.699342,32.998195],[111.699291,32.998568],[111.699192,32.998865],[111.69924,32.999212],[111.699951,32.999356],[111.700246,32.999371],[111.700165,32.999],[111.700144,32.998651],[111.700892,32.998618],[111.701029,32.999108],[111.700981,33.000071],[111.700906,33.000485],[111.700932,33.000723],[111.700986,33.001004],[111.701099,33.001322],[111.701244,33.001594],[111.701386,33.002055],[111.701453,33.002176],[111.702021,33.002046],[111.703738,33.001911],[111.703786,33.002057],[111.70369,33.002266],[111.703612,33.00235],[111.70344,33.002401],[111.703086,33.002435],[111.702488,33.002444],[111.702228,33.002512],[111.701732,33.002757],[111.701549,33.002914],[111.7013,33.003263],[111.701182,33.003715],[111.700989,33.004088],[111.700179,33.005157],[111.70009,33.005332],[111.7002,33.00542],[111.700766,33.005663],[111.701214,33.005935],[111.701265,33.006018],[111.701289,33.006785],[111.701423,33.007226],[111.701423,33.007393],[111.701056,33.008036],[111.700999,33.008843],[111.70101,33.009003],[111.701128,33.009343],[111.701337,33.010236],[111.701297,33.010807],[111.701337,33.011043],[111.701412,33.011207],[111.701514,33.011306],[111.701021,33.011477],[111.700146,33.012127],[111.699186,33.012667],[111.698548,33.013139],[111.697277,33.014165],[111.696901,33.014412],[111.695512,33.015209],[111.694846,33.015638],[111.694216,33.015946],[111.693666,33.016135],[111.693369,33.016304],[111.693044,33.016646],[111.692202,33.017381],[111.691636,33.017984],[111.691164,33.01831],[111.690491,33.018717],[111.690206,33.019075],[111.68974,33.019336],[111.688549,33.019639],[111.688031,33.019882],[111.687208,33.020532],[111.686081,33.02136],[111.685821,33.021589],[111.686915,33.021549],[111.687403,33.021591],[111.688031,33.021765],[111.688433,33.02165],[111.688594,33.021643],[111.688929,33.021717],[111.689479,33.021783],[111.690305,33.021735],[111.690488,33.021659],[111.690778,33.021418],[111.690981,33.021153],[111.691298,33.020575],[111.691652,33.020118],[111.691781,33.020055],[111.691888,33.02008],[111.691883,33.020199],[111.691722,33.020611],[111.691577,33.020813],[111.691413,33.021135],[111.691193,33.021684],[111.690831,33.022761],[111.690633,33.023089],[111.690571,33.02326],[111.690523,33.023687],[111.690582,33.023825],[111.690938,33.024169],[111.690957,33.024259],[111.690909,33.024711],[111.690847,33.024938],[111.69085,33.025329],[111.690745,33.025633],[111.690316,33.026181],[111.690158,33.02646],[111.690059,33.026995],[111.690056,33.027551],[111.690373,33.028941],[111.690528,33.029174],[111.691118,33.029865],[111.691598,33.030618],[111.691759,33.030812],[111.691872,33.031014],[111.691955,33.031261],[111.692103,33.031799],[111.69214,33.032096],[111.692223,33.032388],[111.692293,33.032523],[111.692298,33.03344],[111.692349,33.03454],[111.692424,33.035235],[111.692406,33.035325],[111.692306,33.035435],[111.692049,33.035592],[111.691813,33.03568],[111.691065,33.035826],[111.69023,33.036204],[111.690067,33.036298],[111.689573,33.03673],[111.689281,33.036912],[111.68853,33.037092],[111.68768,33.037456],[111.686655,33.037755],[111.685534,33.038367],[111.685764,33.038697],[111.686306,33.039352],[111.686695,33.039754],[111.687044,33.040051],[111.687554,33.040332],[111.688031,33.040647],[111.688272,33.040944],[111.688457,33.041119],[111.689056,33.041591],[111.689233,33.041769],[111.689337,33.041845],[111.68949,33.041897],[111.689605,33.042016],[111.689646,33.042149],[111.689648,33.042295],[111.689552,33.042553],[111.688994,33.043091],[111.688667,33.043779],[111.688597,33.044004],[111.688559,33.044393],[111.688567,33.044934],[111.688828,33.04529],[111.68919,33.045445],[111.689453,33.045838],[111.689764,33.045861],[111.690161,33.045647],[111.69136,33.045171],[111.691931,33.044982],[111.692006,33.044997],[111.692218,33.045108],[111.69228,33.045229],[111.692384,33.045638],[111.692677,33.04629],[111.692918,33.047538],[111.692915,33.048015],[111.692821,33.048314],[111.692792,33.04864],[111.692711,33.048871],[111.692521,33.049177],[111.692414,33.049294],[111.691821,33.049292],[111.691663,33.04926],[111.691236,33.049298],[111.690689,33.049427],[111.690458,33.049532],[111.690021,33.049795],[111.689037,33.050515],[111.688522,33.050971],[111.688385,33.051155],[111.688326,33.051338],[111.688213,33.051985],[111.688575,33.052158],[111.689348,33.052628],[111.690437,33.053383],[111.691175,33.053586],[111.691821,33.053705],[111.692478,33.05388],[111.69291,33.05406],[111.692899,33.054127],[111.692253,33.054678],[111.692003,33.054856],[111.691639,33.054986],[111.691247,33.055209],[111.691003,33.055418],[111.690665,33.055825],[111.690091,33.056223],[111.689758,33.0564],[111.689748,33.056569],[111.689943,33.056935],[111.690072,33.057095],[111.690128,33.05734],[111.690295,33.057621],[111.690984,33.057484],[111.691373,33.057349],[111.691681,33.057169],[111.692443,33.056859],[111.692655,33.056729],[111.69288,33.056672],[111.693382,33.056949],[111.694015,33.05721],[111.694753,33.057565],[111.694691,33.058785],[111.694769,33.059208],[111.695163,33.059583],[111.69545,33.059768],[111.695724,33.060103],[111.695761,33.060415],[111.695729,33.060566],[111.695796,33.061299],[111.695863,33.061568],[111.696689,33.062573],[111.696786,33.062847],[111.696826,33.063119],[111.696716,33.063387],[111.696472,33.063787],[111.69626,33.064381],[111.696265,33.064644],[111.696362,33.064812],[111.696729,33.065039],[111.69699,33.065125],[111.697738,33.064922],[111.698355,33.064814],[111.699052,33.064623],[111.699677,33.064396],[111.700447,33.063994],[111.701053,33.063841],[111.701458,33.063821],[111.701818,33.063881],[111.702437,33.064284],[111.702552,33.064558],[111.702566,33.064873],[111.702424,33.065127],[111.702265,33.065552],[111.702276,33.065722],[111.702362,33.065972],[111.702877,33.066804],[111.702963,33.06708],[111.702947,33.06757],[111.702856,33.067838],[111.702467,33.068379],[111.701718,33.069108],[111.70182,33.069213],[111.701936,33.069407],[111.703035,33.070688],[111.703515,33.071465],[111.703687,33.071859],[111.703706,33.072288],[111.703912,33.072594],[111.704454,33.073178],[111.704591,33.073239],[111.704468,33.07361],[111.704529,33.074493],[111.704441,33.074666],[111.704312,33.074778],[111.704175,33.074778],[111.704063,33.074731],[111.70391,33.074569],[111.703676,33.07419],[111.703609,33.074147],[111.703448,33.074131],[111.702735,33.074212],[111.702496,33.074315],[111.701839,33.074338],[111.701488,33.074392],[111.70138,33.074441],[111.701394,33.074551],[111.701651,33.074967],[111.701753,33.07532],[111.701962,33.075736],[111.702493,33.076278],[111.702976,33.076626],[111.703161,33.0767],[111.703086,33.075985],[111.70321,33.075565],[111.703706,33.075329],[111.704387,33.074927],[111.704709,33.074925],[111.705095,33.074967],[111.705267,33.074803],[111.705511,33.074279],[111.705479,33.073855],[111.705347,33.073556],[111.705361,33.07338],[111.705481,33.073106],[111.705803,33.072565],[111.705822,33.072358],[111.705752,33.072005],[111.705771,33.071834],[111.70587,33.071643],[111.705868,33.071474],[111.705801,33.071373],[111.705809,33.071313],[111.70553,33.070883],[111.70528,33.070605],[111.705114,33.070207],[111.704924,33.069278],[111.705672,33.06884],[111.706533,33.068105],[111.706613,33.068024],[111.706747,33.067554],[111.7069,33.067352],[111.707359,33.067098],[111.707557,33.067035],[111.707882,33.066999],[111.708287,33.067022],[111.708488,33.066959],[111.709199,33.066561],[111.709505,33.066449],[111.709947,33.066201],[111.710124,33.066017],[111.71025,33.065826],[111.710261,33.065747],[111.71017,33.065383],[111.710165,33.065226],[111.710213,33.065044],[111.710543,33.06456],[111.711085,33.064084],[111.711642,33.063823],[111.711929,33.063747],[111.712192,33.063616],[111.71234,33.063488],[111.71252,33.063221],[111.712595,33.062955],[111.712662,33.061969],[111.712694,33.061791],[111.712804,33.061629],[111.712984,33.061456],[111.713131,33.061391],[111.713525,33.061301],[111.713912,33.061299],[111.714494,33.061245],[111.71477,33.061051],[111.71389,33.060393],[111.712992,33.05964],[111.712056,33.059107],[111.711854,33.058945],[111.711444,33.058262],[111.710985,33.057405],[111.710827,33.056519],[111.71069,33.056131],[111.710594,33.055105],[111.71061,33.05486],[111.710985,33.054579],[111.71116,33.054408],[111.71138,33.054114],[111.7116,33.053655],[111.711755,33.053233],[111.711814,33.052954],[111.712208,33.052057],[111.712329,33.051281],[111.712423,33.051054],[111.712493,33.050985],[111.713863,33.050315],[111.714585,33.050056],[111.715483,33.049813],[111.716833,33.049631],[111.717141,33.049555],[111.71742,33.049445],[111.717736,33.049213],[111.717916,33.049002],[111.718131,33.04861],[111.718262,33.048527],[111.720354,33.048006],[111.721266,33.047875],[111.721985,33.047619],[111.722433,33.047342],[111.722709,33.047329],[111.723669,33.047376],[111.724005,33.047459],[111.724394,33.047484],[111.72464,33.047468],[111.724893,33.047408],[111.725129,33.047237],[111.725279,33.047239],[111.726389,33.047408],[111.726786,33.04741],[111.727003,33.047381],[111.72728,33.047232],[111.728111,33.046688],[111.728302,33.046618],[111.729793,33.046596],[111.73019,33.04683],[111.730316,33.046949],[111.730335,33.047536],[111.730431,33.047704],[111.73093,33.048228],[111.731172,33.048358],[111.731375,33.048512],[111.731955,33.048581],[111.732226,33.048525],[111.732438,33.048383],[111.73259,33.04823],[111.733296,33.048044],[111.733556,33.047869],[111.733712,33.047659],[111.733924,33.047219],[111.734374,33.04681],[111.735278,33.046412],[111.736343,33.046081],[111.736914,33.045746],[111.737598,33.045517],[111.737767,33.045416],[111.737818,33.045332],[111.737861,33.045076],[111.738145,33.045069],[111.738583,33.044932],[111.739106,33.044644],[111.739385,33.044465],[111.739661,33.044224],[111.739889,33.043965],[111.740691,33.042884],[111.741318,33.042185],[111.742158,33.041517],[111.742552,33.041173],[111.742753,33.04095],[111.743571,33.040339],[111.743799,33.040037],[111.744172,33.039711],[111.744789,33.039516],[111.746554,33.03948],[111.746967,33.03943],[111.747171,33.039322],[111.74741,33.03908],[111.747702,33.038544],[111.74793,33.037629],[111.748083,33.037348],[111.748952,33.036442],[111.749416,33.0361],[111.749665,33.035752],[111.749963,33.035419],[111.750671,33.034868],[111.750838,33.034699],[111.750926,33.034544],[111.751049,33.034245],[111.75121,33.033449],[111.751224,33.033263],[111.751159,33.032777],[111.751312,33.031799],[111.751328,33.031464],[111.751519,33.030695],[111.751766,33.030796],[111.753635,33.031059],[111.753686,33.030812],[111.753949,33.030348],[111.753962,33.0302],[111.753761,33.028745],[111.753584,33.028037],[111.753453,33.027884],[111.75338,33.027737],[111.7533,33.027452],[111.753198,33.025813],[111.753112,33.025167],[111.753107,33.024589],[111.753016,33.024344],[111.752978,33.023975],[111.753056,33.02366],[111.753319,33.023262],[111.753437,33.022471],[111.753469,33.021434],[111.753431,33.021182],[111.753319,33.020818],[111.753335,33.020557],[111.753415,33.020289],[111.753627,33.020172],[111.754864,33.019794],[111.756406,33.019167],[111.757031,33.019043],[111.757672,33.018967],[111.757908,33.018987],[111.758624,33.01896],[111.759273,33.019021],[111.759402,33.019086],[111.759802,33.019511],[111.760249,33.019889],[111.760601,33.020062],[111.760987,33.020141],[111.761204,33.020143],[111.761658,33.020073],[111.762462,33.019808],[111.762666,33.01968],[111.763766,33.018704],[111.764589,33.018153],[111.764868,33.017876],[111.765139,33.017669],[111.765429,33.017563],[111.765799,33.017545],[111.766829,33.017665],[111.7685,33.017478],[111.768664,33.017408],[111.768401,33.017246],[111.768041,33.016943],[111.767655,33.016563],[111.767129,33.015973],[111.766872,33.015791],[111.766231,33.015215],[111.765346,33.014595],[111.764273,33.014003],[111.763675,33.013614],[111.762865,33.013013],[111.762315,33.01271],[111.761869,33.012977],[111.761751,33.012989],[111.76165,33.012964],[111.761295,33.012726],[111.761255,33.012516],[111.761081,33.012006],[111.760923,33.011734],[111.760831,33.011657],[111.76052,33.011518],[111.760282,33.011324],[111.760164,33.011077],[111.760126,33.010895],[111.760129,33.010695],[111.760174,33.010528],[111.760367,33.010067],[111.760751,33.00964],[111.761105,33.009147],[111.761191,33.008425],[111.761395,33.008076],[111.761521,33.007926],[111.761717,33.007764],[111.762481,33.00683],[111.762709,33.006612],[111.763023,33.006405],[111.763361,33.006275],[111.763524,33.006169],[111.763538,33.005836],[111.763608,33.005595],[111.763948,33.00508],[111.764165,33.00486],[111.764844,33.004304],[111.765136,33.003969],[111.765448,33.003681],[111.765721,33.003342],[111.766062,33.002997],[111.766346,33.002763],[111.76662,33.002455],[111.766738,33.002275],[111.767127,33.001025],[111.767167,33.000447],[111.767027,33.000339],[111.766668,33.000177],[111.766467,33.0001],[111.766314,33.000089],[111.765794,32.999763],[111.765228,32.999335],[111.764619,32.999047],[111.764495,32.999038],[111.763377,32.999293],[111.763181,32.999306],[111.76287,32.999286],[111.762618,32.999223],[111.762156,32.999216],[111.761169,32.99932],[111.760746,32.999473],[111.759989,32.999929],[111.759882,33.000242],[111.759895,33.000393],[111.759834,33.000514],[111.759678,33.000629],[111.759278,33.000831],[111.758581,33.001326],[111.757929,33.001616],[111.757688,33.001765],[111.757548,33.002028],[111.757441,33.002539],[111.757425,33.002957],[111.75731,33.0032],[111.756897,33.004334],[111.756599,33.00481],[111.756492,33.004939],[111.756304,33.005069],[111.755676,33.005038],[111.754872,33.004952],[111.754442,33.00499],[111.754086,33.005141],[111.753927,33.005128],[111.753726,33.00504],[111.753611,33.004943],[111.753241,33.004734],[111.75305,33.004664],[111.752627,33.004385],[111.752273,33.004235],[111.751809,33.004444],[111.751092,33.004693],[111.750856,33.004691],[111.750532,33.00454],[111.749899,33.004714],[111.74973,33.004815],[111.749547,33.005008],[111.749408,33.005062],[111.748453,33.005134],[111.747737,33.005051],[111.747595,33.004984],[111.747597,33.004905],[111.747643,33.004842],[111.747791,33.004691],[111.74896,33.003969],[111.749086,33.003861],[111.749129,33.003758],[111.749137,33.003596],[111.749059,33.003501],[111.748904,33.003405],[111.748654,33.003319],[111.748407,33.003166],[111.747965,33.002703],[111.747882,33.002521],[111.747901,33.001445],[111.747989,33.001178],[111.748008,33.000928],[111.747973,33.000838],[111.747729,33.000653],[111.747367,33.000564],[111.747284,33.000462],[111.747179,33.000071],[111.747281,32.999605],[111.747455,32.999248],[111.74752,32.999007],[111.747501,32.998885],[111.746455,32.997369],[111.745959,32.996415],[111.745645,32.995932],[111.745639,32.995891],[111.745728,32.995792],[111.745755,32.995678],[111.745527,32.99527],[111.745645,32.995183],[111.745401,32.994791],[111.745409,32.994762],[111.745513,32.994746],[111.745039,32.994029],[111.745023,32.993941],[111.745192,32.993662],[111.7452,32.993484],[111.745124,32.993203],[111.745001,32.993007],[111.744695,32.992697],[111.744288,32.992418],[111.743807,32.991891],[111.743325,32.990998],[111.743274,32.990964],[111.742979,32.990917],[111.742877,32.990764],[111.742906,32.990578],[111.742989,32.990429],[111.742965,32.990346],[111.742601,32.990076],[111.742418,32.990085],[111.741734,32.990447],[111.741455,32.990706],[111.7412,32.99085],[111.740999,32.991039],[111.7409,32.990899],[111.740849,32.990713],[111.740594,32.990278],[111.740487,32.990179],[111.739953,32.990312],[111.739696,32.990438],[111.738725,32.990686],[111.738344,32.990823],[111.73814,32.990427],[111.738094,32.990418],[111.737703,32.990564],[111.737695,32.990638],[111.737818,32.990881],[111.737896,32.991297],[111.738011,32.99148],[111.736815,32.99172],[111.736657,32.991714],[111.735176,32.991923],[111.734471,32.991972],[111.73457,32.992215],[111.734683,32.992364],[111.734889,32.993396],[111.734873,32.993531],[111.73475,32.993903],[111.734543,32.994053],[111.734326,32.994148],[111.734058,32.994002],[111.733856,32.993988],[111.733639,32.99393],[111.733462,32.993828],[111.732869,32.992897],[111.732741,32.992901],[111.732177,32.993045],[111.731789,32.993052],[111.731298,32.993302],[111.730815,32.993707],[111.730635,32.993822],[111.729994,32.99406],[111.72997,32.993912],[111.729656,32.99339],[111.729651,32.993288],[111.730134,32.993108],[111.730158,32.993072],[111.729831,32.992757],[111.729616,32.992944],[111.729227,32.993117],[111.728784,32.993363],[111.7278,32.993795],[111.726352,32.99397],[111.726338,32.99372],[111.726094,32.993084],[111.725815,32.992611],[111.725786,32.992267],[111.725855,32.992164],[111.726424,32.992017],[111.726588,32.991945],[111.726609,32.991876],[111.726585,32.991831],[111.726201,32.991585],[111.725858,32.991525],[111.725638,32.991444],[111.725587,32.991304],[111.725627,32.991126],[111.72578,32.990942],[111.725783,32.990845],[111.726,32.990643],[111.725995,32.990537],[111.725936,32.990447],[111.725858,32.990393],[111.725555,32.990308],[111.725308,32.990085],[111.725163,32.990004],[111.724925,32.989945],[111.724276,32.989945],[111.723179,32.990299],[111.722935,32.990425],[111.722631,32.990452],[111.72199,32.990384],[111.721744,32.990299],[111.72107,32.990164],[111.720073,32.989869],[111.719869,32.989716],[111.719611,32.989421],[111.719402,32.989059],[111.719236,32.988843],[111.718506,32.988193],[111.718404,32.988024],[111.718351,32.98781],[111.718276,32.98766],[111.718171,32.987205],[111.718155,32.986958],[111.718053,32.986757],[111.717964,32.986175],[111.717795,32.985707],[111.717567,32.985369],[111.717337,32.985122],[111.716937,32.984728],[111.716771,32.984636],[111.716363,32.984512],[111.716283,32.984586],[111.71639,32.984967],[111.715371,32.985914],[111.714649,32.98637],[111.714456,32.986546],[111.714287,32.986598],[111.713901,32.986447],[111.714027,32.986411],[111.713831,32.986055],[111.713499,32.986211],[111.713354,32.986235],[111.712536,32.98691],[111.712428,32.986951],[111.712125,32.986708],[111.711825,32.986872],[111.712082,32.987102],[111.711763,32.987421],[111.711095,32.986964],[111.711031,32.987018],[111.710714,32.986879],[111.710596,32.985743],[111.710615,32.985192],[111.71102,32.983734],[111.7108,32.982928],[111.710744,32.982577],[111.710527,32.981911],[111.710403,32.981688],[111.71036,32.9814],[111.710406,32.98102],[111.710875,32.980109],[111.711001,32.979607],[111.711004,32.979234],[111.711052,32.979148],[111.710548,32.978721],[111.710299,32.978401],[111.710425,32.977994],[111.710484,32.977609],[111.710462,32.97751],[111.710328,32.977285],[111.710283,32.97704],[111.710411,32.975274],[111.710529,32.975044],[111.71061,32.974731],[111.71061,32.974628],[111.710481,32.974358],[111.710387,32.974261],[111.710352,32.974117],[111.710545,32.972276],[111.709671,32.972083],[111.708984,32.971993],[111.708531,32.971889],[111.708131,32.971842],[111.707823,32.971865],[111.707313,32.971826],[111.707198,32.971775],[111.705862,32.971583],[111.705913,32.971473],[111.705878,32.971432],[111.705299,32.971102],[111.705146,32.970967],[111.705133,32.970879],[111.705184,32.970796],[111.705331,32.970744],[111.705385,32.970679],[111.705449,32.97026],[111.705532,32.970116],[111.705784,32.969385],[111.706235,32.969268],[111.706337,32.969198],[111.706418,32.96904],[111.706683,32.968804],[111.706973,32.968716],[111.707128,32.968635],[111.707281,32.968446],[111.707815,32.967513],[111.708204,32.967186],[111.708534,32.966711],[111.70877,32.966255],[111.708984,32.96571],[111.709199,32.965301],[111.709494,32.964837],[111.709977,32.963907],[111.710221,32.96334],[111.710747,32.962499],[111.710819,32.962285],[111.710798,32.962188],[111.710755,32.962127],[111.710484,32.961954],[111.710325,32.961902],[111.709802,32.962062],[111.709521,32.962017],[111.709355,32.961943],[111.709237,32.96177],[111.709121,32.961716],[111.708491,32.962017],[111.70826,32.962206],[111.707922,32.962377],[111.707651,32.96258],[111.707249,32.962748],[111.706927,32.962978],[111.70679,32.963041],[111.706664,32.963037],[111.706259,32.962638],[111.705978,32.962206],[111.705844,32.962094],[111.705613,32.961799],[111.704779,32.961603],[111.704784,32.961463],[111.704996,32.961209],[111.704744,32.961063],[111.704969,32.960782],[111.704768,32.960595],[111.704924,32.960394],[111.704948,32.960309],[111.704639,32.960156],[111.704403,32.959947],[111.704586,32.959375],[111.705288,32.959769],[111.706026,32.960268],[111.70653,32.960412],[111.706721,32.959931],[111.707458,32.958511],[111.707885,32.957842],[111.708003,32.957809],[111.708359,32.957602],[111.709556,32.957518],[111.709714,32.95753],[111.710722,32.957435],[111.711026,32.957005],[111.711283,32.956569],[111.71139,32.956488],[111.711541,32.956292],[111.711691,32.956222],[111.711935,32.955999],[111.712997,32.954624],[111.713171,32.95448],[111.713431,32.954376],[111.713732,32.954187],[111.714008,32.954176],[111.714075,32.953211],[111.714059,32.952965],[111.714172,32.952558],[111.714354,32.952128],[111.714531,32.951815],[111.71473,32.951579],[111.714979,32.951169],[111.715368,32.950762],[111.715534,32.950422],[111.715542,32.95015],[111.71584,32.949697],[111.716197,32.949357],[111.716519,32.949157],[111.716972,32.948498],[111.717299,32.947883],[111.718235,32.946929],[111.71889,32.946497],[111.719509,32.946231],[111.71963,32.946148],[111.719939,32.945837],[111.719971,32.945675],[111.72011,32.945355],[111.720295,32.945038],[111.720443,32.944867],[111.720824,32.944586],[111.721111,32.944426],[111.722272,32.943318],[111.721154,32.942445],[111.721049,32.9424],[111.720518,32.941936],[111.720515,32.941797],[111.720582,32.941461],[111.720698,32.941196],[111.720805,32.940759],[111.720966,32.940478],[111.721036,32.940417],[111.720555,32.939976],[111.719719,32.939318],[111.719182,32.938767],[111.719069,32.938702],[111.718766,32.938407],[111.71863,32.93833],[111.718509,32.938319],[111.717543,32.938323],[111.716967,32.938382],[111.716344,32.938519],[111.714695,32.938094],[111.714523,32.937592],[111.714357,32.937241],[111.713839,32.936327],[111.713544,32.93591],[111.713708,32.935768],[111.714207,32.935455],[111.714786,32.935145],[111.715027,32.934521],[111.715229,32.934197],[111.715392,32.934033],[111.715894,32.933652],[111.716154,32.933339],[111.716218,32.93324],[111.716438,32.932653],[111.716771,32.932083],[111.716956,32.931856],[111.717144,32.931687],[111.718538,32.930602],[111.719244,32.929632],[111.719625,32.928796],[111.719839,32.928418],[111.719989,32.928243],[111.720116,32.928022],[111.721154,32.926766],[111.721231,32.926601],[111.721373,32.926493],[111.721998,32.925795],[111.720767,32.92491],[111.720601,32.924843],[111.72051,32.924753],[111.720142,32.924532],[111.719804,32.924354],[111.719625,32.924298],[111.719292,32.924035],[111.718812,32.92374],[111.718455,32.92369],[111.717959,32.923688],[111.717694,32.923719],[111.717538,32.923783],[111.71705,32.923879],[111.716366,32.924228],[111.715679,32.924717],[111.715537,32.924773],[111.71506,32.924546],[111.713037,32.924048],[111.712919,32.923987],[111.712629,32.923913],[111.712088,32.923866],[111.711444,32.923877],[111.711294,32.923893],[111.710468,32.924145],[111.709851,32.924553],[111.7091,32.925183],[111.708445,32.9255],[111.707745,32.925757],[111.706721,32.925881],[111.706037,32.925924],[111.705353,32.926144],[111.704269,32.926383],[111.703609,32.926448],[111.703145,32.926644],[111.702442,32.92702],[111.702255,32.92707],[111.701877,32.927277],[111.701485,32.927446],[111.700892,32.927518],[111.700399,32.927686],[111.699664,32.927833],[111.699229,32.927912],[111.698661,32.927966],[111.698577,32.927896],[111.698349,32.927509],[111.698054,32.92711],[111.697593,32.926824],[111.697201,32.926667],[111.697062,32.92657],[111.696453,32.926529],[111.696155,32.926363],[111.695758,32.92636],[111.694608,32.926561],[111.693953,32.926712],[111.693594,32.926761],[111.69347,32.926741],[111.693331,32.926689],[111.692728,32.926315],[111.692237,32.926203],[111.691673,32.926232],[111.691582,32.926162],[111.691352,32.925827],[111.69114,32.925599],[111.69074,32.925021],[111.690485,32.924834],[111.689107,32.924309],[111.688031,32.924113],[111.686805,32.923668],[111.686078,32.923548],[111.685105,32.923465],[111.684557,32.923494],[111.684287,32.923542]]]}},{"type":"Feature","properties":{"regionCode":"411325111","sourceCode":"411325111000","name":"余关镇","sourceName":"余关镇","parentCode":"411325","parentName":"内乡县","regionLevel":"township","regionType":"town","isManagementZone":false,"source":"ruiduobao","sourceVersion":"mixed-legacy~2018-2020","geometryRepaired":false,"match2020":true,"match2023":true},"geometry":{"type":"Polygon","coordinates":[[[111.888765,33.10907],[111.889725,33.109184],[111.889859,33.109157],[111.889891,33.109043],[111.889891,33.108277],[111.88958,33.108093],[111.889494,33.108009],[111.889516,33.107881],[111.889481,33.107699],[111.889363,33.107499],[111.889406,33.107104],[111.889575,33.10661],[111.889803,33.1061],[111.88895,33.105996],[111.888953,33.106165],[111.888912,33.106315],[111.888153,33.106264],[111.888223,33.105401],[111.88829,33.105271],[111.888118,33.105205],[111.887196,33.1051],[111.887094,33.104844],[111.885822,33.10463],[111.885796,33.10525],[111.885729,33.105448],[111.885661,33.106286],[111.885715,33.106556],[111.885651,33.106585],[111.885104,33.106623],[111.884049,33.106596],[111.883502,33.106493],[111.883011,33.106482],[111.882877,33.106513],[111.882175,33.106374],[111.881432,33.106286],[111.881064,33.106279],[111.880815,33.106147],[111.880705,33.105581],[111.878929,33.106118],[111.877677,33.106358],[111.876448,33.106771],[111.876185,33.106821],[111.875662,33.107769],[111.875678,33.107803],[111.875606,33.108072],[111.875102,33.10862],[111.874828,33.108793],[111.874694,33.109299],[111.874683,33.109625],[111.874868,33.110159],[111.87482,33.110732],[111.874828,33.111609],[111.875021,33.112561],[111.875255,33.113094],[111.87515,33.113952],[111.875174,33.114132],[111.875255,33.11419],[111.875391,33.114397],[111.875442,33.114648],[111.875045,33.11463],[111.875035,33.114958],[111.874992,33.115163],[111.874994,33.115511],[111.875069,33.116342],[111.875378,33.116688],[111.875657,33.116731],[111.875598,33.116823],[111.875453,33.117301],[111.875407,33.117659],[111.875426,33.117883],[111.875466,33.117953],[111.875533,33.117998],[111.875657,33.117951],[111.875837,33.1178],[111.876091,33.116996],[111.876306,33.116663],[111.8764,33.116603],[111.8767,33.116515],[111.877207,33.116493],[111.877575,33.116367],[111.878162,33.116324],[111.87843,33.116338],[111.878524,33.116385],[111.878524,33.116558],[111.878425,33.116679],[111.878229,33.117185],[111.878414,33.117324],[111.880233,33.117382],[111.880136,33.117802],[111.879986,33.118106],[111.879702,33.119483],[111.879702,33.119638],[111.880056,33.120011],[111.88053,33.120709],[111.880689,33.12137],[111.880662,33.121608],[111.880576,33.121799],[111.879924,33.121913],[111.879846,33.121983],[111.879849,33.122073],[111.88015,33.122632],[111.880337,33.12334],[111.880276,33.123519],[111.880141,33.123589],[111.880128,33.123683],[111.880302,33.123818],[111.880361,33.123917],[111.880437,33.124456],[111.880396,33.12475],[111.880139,33.125179],[111.880077,33.12595],[111.880026,33.1261],[111.879613,33.126608],[111.879281,33.126902],[111.878717,33.126765],[111.878597,33.126873],[111.87847,33.126934],[111.878288,33.127466],[111.878218,33.127805],[111.878159,33.127904],[111.878044,33.127906],[111.877623,33.127713],[111.87721,33.127408],[111.877065,33.127372],[111.876875,33.127441],[111.876585,33.127909],[111.876298,33.128266],[111.875778,33.127996],[111.875456,33.1279],[111.875027,33.127639],[111.874385,33.127192],[111.874125,33.126864],[111.872964,33.127033],[111.872886,33.127033],[111.872728,33.126911],[111.872368,33.126878],[111.871899,33.126947],[111.871687,33.126947],[111.871507,33.126817],[111.870022,33.126923],[111.869989,33.126965],[111.869528,33.127042],[111.869308,33.12703],[111.869233,33.126988],[111.86915,33.126857],[111.868562,33.126905],[111.868324,33.126889],[111.868114,33.126779],[111.867034,33.126469],[111.867106,33.126325],[111.867141,33.126002],[111.867023,33.125685],[111.866666,33.125494],[111.865974,33.125256],[111.865628,33.125081],[111.865067,33.124699],[111.864941,33.124649],[111.864625,33.124611],[111.864443,33.12444],[111.86477,33.12405],[111.864552,33.123966],[111.863753,33.123794],[111.863614,33.123722],[111.8636,33.123677],[111.863415,33.124265],[111.862662,33.124124],[111.862452,33.124038],[111.862375,33.124032],[111.862069,33.12411],[111.861742,33.123964],[111.861194,33.123841],[111.860851,33.123838],[111.860746,33.12389],[111.860604,33.123906],[111.860071,33.123854],[111.859698,33.123683],[111.859545,33.123722],[111.859239,33.123897],[111.858984,33.123991],[111.858783,33.124025],[111.858762,33.124155],[111.858619,33.124267],[111.858614,33.124326],[111.85867,33.124402],[111.858963,33.124568],[111.859073,33.124683],[111.859193,33.124883],[111.859215,33.124995],[111.859199,33.125373],[111.859228,33.12546],[111.859309,33.125541],[111.860062,33.125914],[111.860009,33.126109],[111.860079,33.126619],[111.860151,33.126801],[111.859998,33.127028],[111.859851,33.127127],[111.859464,33.127102],[111.859408,33.127424],[111.859561,33.127931],[111.859199,33.128142],[111.858281,33.128396],[111.857045,33.128587],[111.856723,33.128497],[111.856374,33.128295],[111.856468,33.128502],[111.856538,33.128832],[111.856509,33.129726],[111.856643,33.129906],[111.856621,33.130103],[111.856546,33.13026],[111.855841,33.130411],[111.85572,33.130393],[111.855484,33.130478],[111.855044,33.130552],[111.854427,33.130642],[111.853985,33.130638],[111.854178,33.131664],[111.854315,33.132105],[111.854481,33.132457],[111.854671,33.132684],[111.854754,33.13287],[111.854862,33.133506],[111.854923,33.133686],[111.854964,33.134456],[111.855001,33.134654],[111.855339,33.13467],[111.855476,33.135134],[111.855811,33.135498],[111.855868,33.135651],[111.85594,33.136318],[111.856034,33.136565],[111.855913,33.136561],[111.855621,33.136478],[111.855149,33.13646],[111.854419,33.136496],[111.85406,33.136612],[111.853735,33.137322],[111.853247,33.137854],[111.852665,33.138373],[111.852507,33.138555],[111.852416,33.138872],[111.85244,33.139294],[111.852643,33.140749],[111.852826,33.141457],[111.852981,33.141724],[111.85314,33.141767],[111.853631,33.142079],[111.853767,33.142113],[111.853802,33.142185],[111.853805,33.142369],[111.853751,33.142712],[111.853622,33.143161],[111.853419,33.143435],[111.853341,33.143754],[111.853478,33.144406],[111.85351,33.144783],[111.853317,33.145156],[111.853588,33.145331],[111.853915,33.145481],[111.854154,33.145547],[111.854821,33.145012],[111.854977,33.144927],[111.855039,33.144994],[111.855197,33.145414],[111.855283,33.14549],[111.855342,33.145612],[111.855366,33.14574],[111.855358,33.145931],[111.855283,33.146054],[111.855173,33.14693],[111.855259,33.147846],[111.85542,33.148309],[111.855513,33.148834],[111.855213,33.149101],[111.85487,33.149474],[111.853808,33.150734],[111.85381,33.150974],[111.853952,33.151206],[111.85439,33.151608],[111.854671,33.151799],[111.855044,33.151927],[111.854969,33.152376],[111.854457,33.154213],[111.854191,33.154498],[111.853915,33.154599],[111.853362,33.154904],[111.852617,33.1556],[111.852129,33.156236],[111.85182,33.156957],[111.851654,33.157464],[111.850782,33.156552],[111.850468,33.15648],[111.850321,33.156404],[111.84983,33.156002],[111.849481,33.155948],[111.848896,33.155948],[111.848827,33.155935],[111.848666,33.155823],[111.848306,33.15545],[111.848226,33.155057],[111.848231,33.15492],[111.848022,33.15498],[111.847928,33.155075],[111.847757,33.155151],[111.847596,33.155196],[111.847373,33.155185],[111.847327,33.155149],[111.847325,33.155104],[111.847362,33.154347],[111.847309,33.154275],[111.846963,33.154049],[111.846917,33.153923],[111.846917,33.153671],[111.846887,33.153613],[111.846732,33.153537],[111.845452,33.153305],[111.845058,33.152477],[111.844868,33.152223],[111.84438,33.152174],[111.843596,33.152216],[111.840402,33.15194],[111.839847,33.152602],[111.839337,33.152504],[111.838616,33.152308],[111.838347,33.152573],[111.838058,33.152609],[111.837661,33.153171],[111.837312,33.153308],[111.836936,33.153406],[111.836389,33.153889],[111.836279,33.15395],[111.835893,33.154015],[111.835818,33.154217],[111.83577,33.154547],[111.835585,33.155254],[111.835544,33.155322],[111.834791,33.155326],[111.834584,33.155409],[111.834152,33.155492],[111.833769,33.155468],[111.833538,33.155387],[111.833439,33.15562],[111.833385,33.155991],[111.833377,33.156119],[111.833431,33.156296],[111.834611,33.156591],[111.834547,33.157073],[111.834453,33.157091],[111.834257,33.157064],[111.834292,33.157237],[111.834214,33.157457],[111.833852,33.158021],[111.833447,33.158861],[111.832479,33.158699],[111.832452,33.159061],[111.832484,33.159278],[111.832551,33.159364],[111.832559,33.159427],[111.832398,33.159862],[111.832138,33.159961],[111.831725,33.160255],[111.831843,33.160583],[111.831862,33.160733],[111.831717,33.161203],[111.831572,33.161207],[111.831357,33.161048],[111.831062,33.160915],[111.830842,33.160938],[111.830633,33.161041],[111.830464,33.161822],[111.830416,33.161885],[111.830306,33.161892],[111.830161,33.162056],[111.830239,33.162496],[111.830561,33.163147],[111.831097,33.163289],[111.832229,33.164126],[111.832119,33.16495],[111.831926,33.165536],[111.831878,33.165884],[111.831923,33.166127],[111.832044,33.166394],[111.832138,33.166484],[111.832178,33.1666],[111.832157,33.167056],[111.832192,33.167249],[111.832355,33.167368],[111.832556,33.167635],[111.832532,33.168114],[111.832669,33.168322],[111.832835,33.168704],[111.832881,33.168828],[111.832951,33.169279],[111.833023,33.16942],[111.83349,33.169238],[111.834032,33.169185],[111.834871,33.169164],[111.835555,33.169207],[111.835821,33.169263],[111.836054,33.169362],[111.83662,33.169681],[111.836947,33.169914],[111.837245,33.170062],[111.837178,33.170224],[111.836915,33.170608],[111.836717,33.170974],[111.836438,33.171371],[111.836167,33.171672],[111.836022,33.171903],[111.836523,33.172732],[111.83658,33.173035],[111.836486,33.17323],[111.836295,33.173345],[111.835727,33.173884],[111.835834,33.174227],[111.835756,33.174366],[111.83592,33.174537],[111.835459,33.17493],[111.834898,33.175192],[111.834324,33.175675],[111.833388,33.176016],[111.833018,33.176115],[111.833659,33.177702],[111.834498,33.177714],[111.835118,33.177803],[111.835477,33.177916],[111.835984,33.178378],[111.83659,33.178326],[111.836848,33.178425],[111.837132,33.178627],[111.836794,33.178975],[111.8364,33.179579],[111.836269,33.179963],[111.836242,33.180212],[111.836255,33.180475],[111.836368,33.180636],[111.837173,33.181124],[111.837291,33.181308],[111.837481,33.181777],[111.837543,33.18219],[111.83769,33.182583],[111.837808,33.182706],[111.838055,33.182789],[111.839072,33.182991],[111.838353,33.183404],[111.838307,33.183537],[111.838307,33.184217],[111.838463,33.184466],[111.838768,33.184783],[111.838683,33.185211],[111.838565,33.186356],[111.838355,33.186679],[111.838417,33.186807],[111.838809,33.187014],[111.839329,33.187362],[111.839806,33.187696],[111.839967,33.187887],[111.840131,33.188183],[111.840206,33.188695],[111.840187,33.189014],[111.840029,33.189514],[111.840477,33.18971],[111.840587,33.189896],[111.840992,33.190168],[111.841319,33.19032],[111.841944,33.190491],[111.842379,33.190652],[111.842607,33.190823],[111.842655,33.190971],[111.842593,33.191155],[111.842483,33.19125],[111.842325,33.191308],[111.84174,33.191638],[111.841553,33.191768],[111.841445,33.191907],[111.84141,33.192069],[111.841408,33.192473],[111.841308,33.192682],[111.840869,33.193092],[111.840804,33.193256],[111.840791,33.193393],[111.840708,33.193465],[111.840673,33.193797],[111.840501,33.194349],[111.841665,33.194634],[111.842411,33.194854],[111.842427,33.194881],[111.842414,33.195195],[111.842151,33.196522],[111.84203,33.196755],[111.841459,33.197489],[111.841426,33.197635],[111.841574,33.19792],[111.841794,33.198091],[111.841818,33.198205],[111.841711,33.198589],[111.84141,33.199305],[111.841402,33.199711],[111.841612,33.200001],[111.841872,33.20016],[111.842046,33.200506],[111.842089,33.200667],[111.842084,33.200892],[111.841936,33.201154],[111.841628,33.201421],[111.841386,33.201585],[111.840914,33.201799],[111.840761,33.20192],[111.840785,33.202375],[111.840898,33.202755],[111.840893,33.203102],[111.840745,33.20358],[111.84082,33.203848],[111.841097,33.204157],[111.841628,33.205046],[111.841789,33.205751],[111.841791,33.205879],[111.841727,33.206164],[111.841609,33.206361],[111.84159,33.206561],[111.841866,33.207176],[111.841909,33.207342],[111.841925,33.207723],[111.841976,33.207977],[111.842261,33.20863],[111.842473,33.208845],[111.842974,33.209119],[111.842961,33.209308],[111.842749,33.209568],[111.84251,33.209694],[111.842188,33.209797],[111.842006,33.209914],[111.841496,33.210351],[111.841137,33.210459],[111.840611,33.210437],[111.840273,33.210351],[111.840195,33.210398],[111.840126,33.211204],[111.840123,33.211774],[111.840233,33.212072],[111.840485,33.212577],[111.840724,33.213457],[111.840354,33.213655],[111.840179,33.213816],[111.840042,33.213984],[111.839769,33.214231],[111.83971,33.214397],[111.839766,33.214729],[111.839989,33.215196],[111.840447,33.215928],[111.840536,33.216143],[111.840506,33.216403],[111.840257,33.216834],[111.840195,33.217041],[111.8403,33.21727],[111.840523,33.217476],[111.840734,33.217797],[111.840855,33.218003],[111.840887,33.218138],[111.840895,33.21853],[111.840839,33.219684],[111.840858,33.219922],[111.840933,33.220209],[111.84093,33.220602],[111.841035,33.221017],[111.841142,33.221039],[111.841314,33.220932],[111.841432,33.220763],[111.841738,33.220564],[111.84184,33.22055],[111.842164,33.220633],[111.84229,33.220575],[111.842521,33.220326],[111.843374,33.219864],[111.843755,33.219816],[111.844074,33.219868],[111.844844,33.219807],[111.84505,33.219991],[111.845402,33.220754],[111.846204,33.221468],[111.846362,33.221533],[111.847185,33.221589],[111.84766,33.221582],[111.84803,33.221459],[111.848113,33.221672],[111.848615,33.222563],[111.848722,33.223039],[111.848655,33.223243],[111.849049,33.223472],[111.849315,33.223745],[111.849505,33.223981],[111.84983,33.224571],[111.850216,33.22491],[111.850415,33.225222],[111.850417,33.225679],[111.850251,33.226025],[111.850117,33.226184],[111.850082,33.226332],[111.850098,33.226563],[111.850219,33.226759],[111.850884,33.226597],[111.851305,33.226433],[111.852013,33.226326],[111.852871,33.226074],[111.853086,33.225935],[111.853631,33.225406],[111.854406,33.225455],[111.854728,33.225511],[111.854891,33.225583],[111.855291,33.225906],[111.855401,33.226072],[111.855465,33.226294],[111.855693,33.226716],[111.855892,33.226887],[111.856318,33.226954],[111.856731,33.22714],[111.857083,33.227246],[111.857844,33.227237],[111.858756,33.227387],[111.858949,33.227461],[111.859121,33.227645],[111.859236,33.227901],[111.859373,33.228064],[111.859534,33.228174],[111.860191,33.228361],[111.861337,33.228843],[111.861945,33.229175],[111.862136,33.229375],[111.862294,33.229276],[111.862495,33.229218],[111.863284,33.229148],[111.863434,33.229101],[111.863525,33.229014],[111.863571,33.228886],[111.863614,33.228569],[111.863603,33.22797],[111.863568,33.22767],[111.863383,33.227421],[111.863313,33.227268],[111.863257,33.226736],[111.863286,33.226624],[111.863713,33.226314],[111.864351,33.226041],[111.864826,33.226072],[111.86547,33.226225],[111.865709,33.226366],[111.865738,33.2264],[111.865727,33.22655],[111.86581,33.226884],[111.865939,33.227008],[111.866704,33.227053],[111.866859,33.227071],[111.866953,33.227122],[111.867154,33.227421],[111.867307,33.22758],[111.867744,33.227876],[111.868286,33.228462],[111.868283,33.228502],[111.867817,33.229137],[111.867551,33.229426],[111.867374,33.229673],[111.867562,33.23007],[111.867653,33.230099],[111.867889,33.230014],[111.867905,33.229987],[111.867811,33.229693],[111.868581,33.229469],[111.868613,33.229498],[111.868619,33.22966],[111.868232,33.230115],[111.868123,33.230198],[111.868123,33.230236],[111.868297,33.230342],[111.868554,33.23014],[111.868678,33.230079],[111.86886,33.230066],[111.86938,33.230173],[111.869378,33.230344],[111.869233,33.230627],[111.869059,33.230833],[111.868949,33.231019],[111.869061,33.231401],[111.869013,33.231836],[111.869043,33.23261],[111.868546,33.233597],[111.867653,33.233694],[111.8675,33.233813],[111.86728,33.234254],[111.866902,33.234254],[111.866618,33.234333],[111.86621,33.234705],[111.865869,33.234954],[111.86533,33.235524],[111.865314,33.235836],[111.865438,33.236303],[111.866116,33.237216],[111.866173,33.2374],[111.866199,33.23766],[111.866146,33.237932],[111.86592,33.238167],[111.865585,33.238421],[111.865371,33.238795],[111.865658,33.239161],[111.865907,33.239387],[111.866004,33.239616],[111.866081,33.240258],[111.866207,33.240814],[111.866173,33.241041],[111.866079,33.241274],[111.866089,33.241337],[111.866358,33.241463],[111.866505,33.241595],[111.866604,33.241698],[111.866655,33.241869],[111.866779,33.242005],[111.866996,33.242111],[111.868021,33.242916],[111.868211,33.243008],[111.868911,33.243199],[111.869576,33.243208],[111.86978,33.243248],[111.870274,33.243499],[111.870325,33.243603],[111.870252,33.244356],[111.870166,33.244592],[111.870051,33.244794],[111.869989,33.245054],[111.86993,33.245173],[111.869716,33.245496],[111.869437,33.245689],[111.868865,33.245779],[111.868707,33.245761],[111.868557,33.245783],[111.867841,33.245958],[111.867264,33.246034],[111.867229,33.246079],[111.867267,33.246465],[111.867237,33.247068],[111.86713,33.24725],[111.866355,33.247219],[111.865853,33.247315],[111.865481,33.247288],[111.865008,33.246911],[111.864306,33.246268],[111.864099,33.246173],[111.863836,33.246209],[111.863582,33.246333],[111.862468,33.246665],[111.861857,33.246772],[111.861656,33.246846],[111.861629,33.247111],[111.861854,33.24832],[111.861817,33.248553],[111.861162,33.248558],[111.860143,33.248367],[111.860062,33.248414],[111.860014,33.248598],[111.85966,33.249294],[111.859472,33.249513],[111.858729,33.250725],[111.858362,33.25151],[111.858276,33.251768],[111.858147,33.251985],[111.858096,33.25227],[111.858102,33.252595],[111.858611,33.253259],[111.859373,33.254065],[111.859676,33.254309],[111.86051,33.254897],[111.861827,33.255502],[111.86238,33.255904],[111.862608,33.256115],[111.863343,33.256572],[111.863871,33.25683],[111.864319,33.256974],[111.865143,33.257315],[111.865338,33.257436],[111.865698,33.257752],[111.866173,33.258227],[111.866245,33.258402],[111.866253,33.258705],[111.866156,33.259091],[111.866146,33.259374],[111.86606,33.259524],[111.865912,33.259631],[111.865625,33.259804],[111.865261,33.259959],[111.864477,33.260405],[111.863337,33.261193],[111.86253,33.261524],[111.860918,33.262336],[111.859821,33.26274],[111.859566,33.262751],[111.858724,33.262637],[111.858327,33.26254],[111.858078,33.262529],[111.857855,33.26257],[111.857506,33.262745],[111.857018,33.263054],[111.85661,33.26322],[111.856264,33.263314],[111.855007,33.26392],[111.854937,33.264088],[111.85487,33.264624],[111.854864,33.266201],[111.854948,33.266405],[111.855154,33.266573],[111.85535,33.266685],[111.855605,33.266705],[111.855943,33.266654],[111.855865,33.267208],[111.855862,33.268392],[111.855881,33.268582],[111.856077,33.26926],[111.855881,33.270002],[111.85587,33.270262],[111.855988,33.271006],[111.855967,33.271542],[111.855894,33.27217],[111.855728,33.272785],[111.855972,33.272724],[111.856873,33.272208],[111.857048,33.272043],[111.85737,33.271646],[111.857614,33.271282],[111.857734,33.271215],[111.857839,33.271291],[111.858072,33.271886],[111.858231,33.272184],[111.858518,33.272623],[111.858839,33.27304],[111.859124,33.27331],[111.860535,33.27439],[111.860744,33.274664],[111.860859,33.274991],[111.86106,33.275243],[111.861339,33.275449],[111.861581,33.275574],[111.862171,33.27609],[111.862471,33.276442],[111.862672,33.276754],[111.86348,33.277673],[111.864536,33.278324],[111.864813,33.278261],[111.865746,33.277783],[111.866653,33.277489],[111.867044,33.277292],[111.867498,33.277142],[111.868152,33.277019],[111.868401,33.277023],[111.869182,33.276835],[111.86945,33.276803],[111.869807,33.276841],[111.870539,33.277173],[111.871451,33.277839],[111.872173,33.278416],[111.872275,33.278582],[111.87261,33.278934],[111.872889,33.279138],[111.873077,33.279176],[111.873267,33.279167],[111.873688,33.279099],[111.874544,33.278786],[111.875533,33.278494],[111.875957,33.278714],[111.87663,33.278895],[111.878715,33.279395],[111.878878,33.279373],[111.879053,33.279239],[111.87927,33.278951],[111.879736,33.278496],[111.879863,33.278407],[111.880391,33.278212],[111.880694,33.278059],[111.882027,33.277247],[111.883089,33.276422],[111.883285,33.276225],[111.883771,33.275631],[111.88406,33.275155],[111.884235,33.274754],[111.884315,33.27444],[111.884559,33.274036],[111.88498,33.273609],[111.885455,33.273191],[111.885989,33.27243],[111.886544,33.271334],[111.886777,33.270488],[111.886839,33.270419],[111.887046,33.270307],[111.88781,33.270192],[111.887941,33.270107],[111.888164,33.269858],[111.888376,33.269526],[111.888472,33.269342],[111.888599,33.268865],[111.888746,33.268634],[111.888961,33.268405],[111.889258,33.268192],[111.88951,33.268051],[111.889741,33.26797],[111.889918,33.267858],[111.890264,33.267369],[111.890449,33.267068],[111.890516,33.266844],[111.890589,33.266467],[111.890742,33.266001],[111.890817,33.265478],[111.890774,33.265097],[111.890669,33.264898],[111.890484,33.264404],[111.890428,33.263666],[111.890286,33.262973],[111.89028,33.262767],[111.890157,33.262294],[111.890355,33.262168],[111.891179,33.261899],[111.891954,33.261583],[111.89238,33.261486],[111.89278,33.261504],[111.893306,33.261589],[111.894336,33.261812],[111.895967,33.261729],[111.896433,33.261657],[111.896742,33.261533],[111.898925,33.260856],[111.899263,33.260782],[111.899386,33.260425],[111.899421,33.259995],[111.899416,33.25954],[111.899467,33.259385],[111.89966,33.259028],[111.89992,33.258772],[111.900443,33.258367],[111.90132,33.257893],[111.901672,33.257792],[111.902141,33.257765],[111.902991,33.257651],[111.903099,33.257568],[111.903163,33.257294],[111.903107,33.256525],[111.903112,33.256034],[111.903133,33.255841],[111.903179,33.255771],[111.904351,33.255688],[111.904558,33.255731],[111.904544,33.255462],[111.904643,33.255002],[111.904831,33.254547],[111.904925,33.254069],[111.904928,33.253827],[111.905054,33.2533],[111.905234,33.252782],[111.905424,33.252488],[111.905842,33.251999],[111.906808,33.250956],[111.907127,33.250684],[111.907192,33.250534],[111.907377,33.25035],[111.907605,33.250184],[111.908114,33.249554],[111.908361,33.249466],[111.909021,33.249363],[111.909933,33.248805],[111.910163,33.248641],[111.910678,33.247905],[111.910813,33.247795],[111.911046,33.247694],[111.911137,33.247685],[111.91158,33.247764],[111.911716,33.247757],[111.911845,33.247714],[111.91228,33.247452],[111.912891,33.247356],[111.913114,33.247232],[111.91398,33.246382],[111.914404,33.246205],[111.914737,33.246182],[111.915206,33.246023],[111.915689,33.245954],[111.916088,33.245752],[111.917357,33.244872],[111.917864,33.244352],[111.91806,33.244217],[111.918422,33.244107],[111.919154,33.242954],[111.919551,33.24221],[111.920098,33.241633],[111.920828,33.241048],[111.920975,33.240839],[111.921295,33.240235],[111.921528,33.239495],[111.921799,33.239212],[111.92207,33.239087],[111.922976,33.23886],[111.923312,33.238553],[111.924143,33.237923],[111.924529,33.237783],[111.924926,33.237712],[111.925111,33.237604],[111.925364,33.237413],[111.925691,33.237045],[111.926461,33.236455],[111.926595,33.236238],[111.926721,33.235702],[111.926868,33.235394],[111.927198,33.235132],[111.927332,33.234941],[111.927759,33.234773],[111.928271,33.234499],[111.928451,33.234486],[111.928759,33.2344],[111.928944,33.234295],[111.929545,33.233595],[111.929886,33.233492],[111.930001,33.233409],[111.930315,33.233276],[111.930875,33.233104],[111.931256,33.232884],[111.93157,33.232572],[111.932034,33.232197],[111.932211,33.231986],[111.932638,33.231603],[111.932879,33.231331],[111.932925,33.231201],[111.932745,33.230546],[111.932729,33.230124],[111.93293,33.229709],[111.933214,33.229435],[111.933413,33.229289],[111.933558,33.229202],[111.934022,33.229056],[111.934279,33.228917],[111.934547,33.228675],[111.935725,33.22823],[111.936339,33.228132],[111.936865,33.228125],[111.937337,33.228047],[111.937774,33.227903],[111.938187,33.227688],[111.939019,33.227551],[111.939526,33.227293],[111.940293,33.226747],[111.941207,33.22653],[111.941814,33.226339],[111.941991,33.226124],[111.942149,33.22581],[111.942304,33.225121],[111.942581,33.224887],[111.943329,33.224369],[111.94423,33.224475],[111.944689,33.224454],[111.945405,33.224208],[111.947124,33.223415],[111.947739,33.223368],[111.948122,33.223267],[111.948618,33.222929],[111.949222,33.222356],[111.949356,33.222255],[111.949565,33.222157],[111.949941,33.222038],[111.950367,33.222004],[111.950684,33.221921],[111.952156,33.221457],[111.952996,33.221362],[111.953057,33.221273],[111.953119,33.221026],[111.953191,33.220909],[111.953336,33.220759],[111.95369,33.220514],[111.953645,33.220422],[111.953505,33.220308],[111.952996,33.220052],[111.952835,33.219893],[111.952631,33.219522],[111.952215,33.219051],[111.951923,33.218587],[111.951931,33.218436],[111.952175,33.217884],[111.952904,33.21707],[111.952966,33.216946],[111.95291,33.216462],[111.952593,33.215616],[111.95229,33.213962],[111.952161,33.213657],[111.951909,33.213311],[111.952223,33.211289],[111.952062,33.210807],[111.952242,33.210497],[111.952371,33.209963],[111.95229,33.208679],[111.952178,33.208406],[111.952078,33.208006],[111.952081,33.20791],[111.951679,33.207966],[111.951421,33.208042],[111.950815,33.208107],[111.950694,33.20821],[111.949648,33.208087],[111.949273,33.208112],[111.949259,33.208177],[111.949157,33.208226],[111.948398,33.208177],[111.948176,33.208051],[111.947685,33.207984],[111.947642,33.207948],[111.947253,33.207845],[111.947073,33.207827],[111.945837,33.208022],[111.945767,33.20797],[111.945719,33.206572],[111.945907,33.205906],[111.94592,33.205638],[111.946049,33.205477],[111.946438,33.205185],[111.946513,33.204956],[111.946443,33.204651],[111.946422,33.20435],[111.946336,33.204234],[111.945899,33.204189],[111.945797,33.204056],[111.945671,33.203731],[111.9457,33.203542],[111.946027,33.203109],[111.946054,33.202678],[111.945896,33.202431],[111.945751,33.202371],[111.945563,33.202355],[111.945376,33.202252],[111.945062,33.201908],[111.944925,33.201639],[111.944901,33.201352],[111.944793,33.200876],[111.944364,33.200376],[111.944152,33.200003],[111.943688,33.199336],[111.943734,33.199027],[111.943798,33.198879],[111.943739,33.198798],[111.943603,33.198717],[111.943485,33.198457],[111.943278,33.197283],[111.943002,33.196845],[111.942618,33.196414],[111.942465,33.195914],[111.942377,33.195732],[111.942318,33.195718],[111.942055,33.195826],[111.941824,33.195833],[111.941575,33.195718],[111.941159,33.195139],[111.941038,33.194625],[111.940931,33.194399],[111.940738,33.194201],[111.940609,33.193427],[111.940628,33.193306],[111.940808,33.193227],[111.940953,33.19305],[111.940942,33.193003],[111.94128,33.193027],[111.941768,33.192962],[111.941722,33.192468],[111.941733,33.192107],[111.941599,33.192042],[111.940824,33.192073],[111.940566,33.191975],[111.940242,33.191398],[111.940172,33.191371],[111.939888,33.191382],[111.93967,33.19122],[111.939324,33.190888],[111.939276,33.190686],[111.939341,33.190246],[111.939542,33.190004],[111.939552,33.18988],[111.939319,33.189355],[111.939308,33.188924],[111.939418,33.188751],[111.939751,33.188605],[111.940059,33.188551],[111.940169,33.188493],[111.940236,33.188349],[111.940239,33.187903],[111.939963,33.186733],[111.939957,33.186165],[111.939805,33.185797],[111.939864,33.185339],[111.940043,33.185193],[111.940129,33.185038],[111.940046,33.184468],[111.939732,33.183761],[111.939628,33.1836],[111.939593,33.183445],[111.939751,33.183193],[111.939788,33.182928],[111.939713,33.182672],[111.939319,33.182039],[111.939027,33.18179],[111.93915,33.181626],[111.939196,33.181388],[111.940038,33.181397],[111.9407,33.181357],[111.941419,33.181135],[111.942345,33.180603],[111.943257,33.180194],[111.943774,33.180019],[111.94408,33.17988],[111.944812,33.179413],[111.945367,33.179148],[111.945542,33.177904],[111.945126,33.177709],[111.945359,33.176941],[111.945362,33.176703],[111.944426,33.176178],[111.94349,33.176106],[111.943495,33.175738],[111.943619,33.17491],[111.943662,33.174404],[111.943844,33.173919],[111.943715,33.173792],[111.943696,33.173679],[111.943957,33.173091],[111.944297,33.172045],[111.943959,33.172076],[111.943337,33.172036],[111.943021,33.172054],[111.942932,33.172424],[111.942857,33.172548],[111.942774,33.17259],[111.942138,33.172561],[111.940835,33.172575],[111.940564,33.172523],[111.939797,33.172471],[111.939405,33.172743],[111.939129,33.172887],[111.938981,33.172927],[111.938732,33.172885],[111.938353,33.172929],[111.938037,33.172808],[111.937707,33.172896],[111.937106,33.172941],[111.936921,33.173008],[111.936747,33.173201],[111.936715,33.173441],[111.936986,33.173861],[111.937227,33.174478],[111.937329,33.175069],[111.937149,33.175024],[111.936766,33.175033],[111.936597,33.175055],[111.936457,33.175177],[111.936404,33.175334],[111.936366,33.176158],[111.93631,33.176358],[111.936151,33.176548],[111.935773,33.176735],[111.935119,33.176798],[111.934775,33.176708],[111.934577,33.176533],[111.934421,33.176452],[111.934282,33.176456],[111.934116,33.176569],[111.933941,33.176827],[111.933665,33.177431],[111.933214,33.177321],[111.932756,33.177325],[111.932565,33.177287],[111.93253,33.177177],[111.932514,33.176506],[111.932455,33.176301],[111.931908,33.176326],[111.931806,33.176387],[111.931656,33.176398],[111.931487,33.176351],[111.931326,33.176263],[111.931101,33.176759],[111.931026,33.176656],[111.929888,33.175978],[111.929862,33.175868],[111.929408,33.175796],[111.929575,33.175332],[111.929754,33.173976],[111.930143,33.173877],[111.930167,33.17347],[111.929988,33.173473],[111.92965,33.173295],[111.928883,33.173199],[111.928526,33.172988],[111.92803,33.172911],[111.927901,33.172833],[111.927906,33.172741],[111.928191,33.172453],[111.928126,33.172209],[111.928132,33.171778],[111.928341,33.171755],[111.928596,33.17178],[111.928628,33.171775],[111.928639,33.171731],[111.927936,33.171587],[111.926914,33.17169],[111.926973,33.170716],[111.926517,33.170736],[111.926506,33.170671],[111.92652,33.170525],[111.92663,33.170386],[111.926621,33.169813],[111.926788,33.169721],[111.926697,33.168821],[111.926919,33.168771],[111.926662,33.168004],[111.926589,33.167961],[111.926198,33.167977],[111.926013,33.168745],[111.92579,33.168857],[111.925031,33.16874],[111.924806,33.168583],[111.924505,33.16856],[111.923875,33.168659],[111.923338,33.168855],[111.923462,33.168358],[111.921659,33.168286],[111.921651,33.168594],[111.921622,33.168643],[111.921504,33.168664],[111.920533,33.168632],[111.919779,33.168727],[111.919165,33.168724],[111.918116,33.168603],[111.917794,33.168583],[111.917472,33.168617],[111.917019,33.168749],[111.917041,33.169052],[111.9174,33.169757],[111.917389,33.170029],[111.917451,33.170388],[111.917472,33.171008],[111.9171,33.171859],[111.916944,33.173226],[111.91681,33.173536],[111.916735,33.173807],[111.916708,33.174402],[111.916587,33.174656],[111.916512,33.174943],[111.916526,33.175394],[111.916413,33.17554],[111.916091,33.175805],[111.916062,33.176028],[111.916091,33.176133],[111.916177,33.176241],[111.916029,33.176072],[111.915981,33.176061],[111.914624,33.176113],[111.914514,33.176176],[111.91445,33.176387],[111.914366,33.176512],[111.914372,33.176663],[111.913924,33.176887],[111.913481,33.177316],[111.913084,33.177323],[111.9128,33.177442],[111.911703,33.177352],[111.911652,33.177363],[111.91159,33.177529],[111.910829,33.177476],[111.910767,33.177637],[111.910708,33.177666],[111.909844,33.177505],[111.908213,33.17739],[111.908141,33.177276],[111.907417,33.177251],[111.907371,33.17715],[111.907366,33.177038],[111.907315,33.176961],[111.906706,33.176773],[111.905936,33.176661],[111.905759,33.176587],[111.90566,33.176499],[111.905555,33.176591],[111.905099,33.176737],[111.904947,33.176757],[111.903471,33.177424],[111.9032,33.177615],[111.902782,33.176966],[111.902739,33.176827],[111.90272,33.176497],[111.902495,33.175947],[111.902412,33.174912],[111.90261,33.174847],[111.903031,33.174858],[111.903061,33.1751],[111.903155,33.175174],[111.903364,33.175249],[111.903925,33.175293],[111.904509,33.175087],[111.904617,33.174642],[111.904595,33.174523],[111.90448,33.174478],[111.903681,33.174443],[111.901926,33.174425],[111.90238,33.173908],[111.902149,33.173767],[111.901953,33.173706],[111.901942,33.173212],[111.90183,33.172638],[111.901747,33.171625],[111.901438,33.171504],[111.900931,33.171425],[111.900011,33.17156],[111.899456,33.171576],[111.899655,33.171228],[111.899754,33.170588],[111.899866,33.170307],[111.89992,33.170242],[111.899553,33.169142],[111.899416,33.168507],[111.899469,33.168051],[111.89966,33.167651],[111.899496,33.166847],[111.8994,33.166576],[111.899309,33.165727],[111.899746,33.165689],[111.899858,33.165401],[111.90018,33.164842],[111.900357,33.164467],[111.900274,33.163863],[111.900341,33.163634],[111.900789,33.163069],[111.900894,33.162839],[111.900891,33.162601],[111.900593,33.162121],[111.900583,33.161982],[111.901505,33.160446],[111.901556,33.160417],[111.90205,33.160399],[111.902176,33.160262],[111.902238,33.160055],[111.902184,33.15981],[111.902417,33.158784],[111.902396,33.158409],[111.902262,33.158299],[111.902221,33.158167],[111.902425,33.157715],[111.902511,33.156723],[111.90246,33.156303],[111.902358,33.155897],[111.9022,33.155876],[111.902173,33.155825],[111.902487,33.155326],[111.902573,33.155023],[111.902694,33.154756],[111.902546,33.154666],[111.901706,33.154531],[111.901411,33.154417],[111.901186,33.154246],[111.901127,33.154125],[111.901119,33.153986],[111.901178,33.153876],[111.901546,33.153745],[111.901782,33.153696],[111.902189,33.15351],[111.902608,33.153377],[111.902921,33.153146],[111.903168,33.153054],[111.90342,33.15287],[111.903509,33.152778],[111.903589,33.152472],[111.903697,33.152281],[111.904201,33.152232],[111.90422,33.150501],[111.904421,33.150577],[111.905767,33.150831],[111.90584,33.150465],[111.905837,33.150343],[111.905963,33.150006],[111.906135,33.149324],[111.90503,33.149131],[111.904786,33.149027],[111.904834,33.148958],[111.904912,33.14836],[111.905963,33.148435],[111.906929,33.148679],[111.907243,33.147651],[111.90651,33.147523],[111.905212,33.147229],[111.905301,33.146708],[111.905893,33.145495],[111.90603,33.145313],[111.906588,33.145261],[111.90673,33.145189],[111.906867,33.145052],[111.908058,33.145246],[111.908203,33.145223],[111.90835,33.145086],[111.908745,33.144576],[111.908911,33.144246],[111.908938,33.144123],[111.90894,33.143754],[111.908833,33.143575],[111.908573,33.143325],[111.908495,33.14315],[111.908511,33.142953],[111.908605,33.142757],[111.908702,33.142656],[111.90883,33.1426],[111.908978,33.142587],[111.909171,33.142479],[111.909619,33.142009],[111.909949,33.141904],[111.910399,33.141928],[111.910678,33.141751],[111.911142,33.141327],[111.911381,33.141165],[111.911446,33.141154],[111.911231,33.140857],[111.911215,33.1407],[111.911604,33.140749],[111.912089,33.140868],[111.91232,33.140956],[111.912575,33.140835],[111.912674,33.140709],[111.912543,33.140657],[111.912307,33.140451],[111.911848,33.140231],[111.911403,33.140148],[111.911668,33.139943],[111.912071,33.13973],[111.912368,33.139449],[111.912521,33.139231],[111.911692,33.139105],[111.910992,33.138923],[111.910434,33.138647],[111.910201,33.138499],[111.909981,33.138436],[111.910005,33.13831],[111.909919,33.137551],[111.909836,33.137181],[111.909842,33.136931],[111.909895,33.136799],[111.908364,33.13681],[111.908232,33.136738],[111.908176,33.136628],[111.90823,33.136278],[111.90728,33.136183],[111.907194,33.136134],[111.90732,33.135478],[111.907441,33.135042],[111.907428,33.134692],[111.90802,33.13263],[111.908289,33.131866],[111.908299,33.1317],[111.907744,33.131521],[111.907495,33.131498],[111.907374,33.131431],[111.90761,33.130543],[111.907449,33.130512],[111.906768,33.13004],[111.906357,33.129953],[111.906113,33.129802],[111.90401,33.129811],[111.903734,33.129701],[111.903428,33.129418],[111.903321,33.129131],[111.903136,33.128924],[111.902879,33.128821],[111.9026,33.128785],[111.902339,33.128704],[111.901586,33.12861],[111.900035,33.128648],[111.899676,33.128915],[111.899443,33.129012],[111.898064,33.128951],[111.898018,33.128459],[111.898085,33.127936],[111.898431,33.127163],[111.898136,33.127114],[111.898112,33.127021],[111.89815,33.126601],[111.898142,33.125945],[111.89808,33.125557],[111.897817,33.125485],[111.897031,33.125413],[111.896999,33.125341],[111.896849,33.125332],[111.896747,33.125402],[111.896404,33.125842],[111.896127,33.125921],[111.895929,33.125885],[111.895535,33.125575],[111.895277,33.125245],[111.894988,33.124986],[111.894851,33.124816],[111.894741,33.124602],[111.894628,33.124483],[111.894524,33.12458],[111.89418,33.125072],[111.893831,33.125433],[111.89366,33.125748],[111.89363,33.125865],[111.893553,33.125943],[111.893268,33.126449],[111.893164,33.126959],[111.893158,33.127329],[111.892893,33.128998],[111.892313,33.128893],[111.891125,33.128596],[111.890806,33.128549],[111.89053,33.12841],[111.890691,33.128176],[111.889604,33.127859],[111.889875,33.127082],[111.889988,33.126588],[111.89006,33.12646],[111.890425,33.126446],[111.890787,33.126615],[111.890943,33.126565],[111.891069,33.126294],[111.891133,33.12628],[111.891171,33.126008],[111.89124,33.125849],[111.891187,33.1256],[111.89123,33.125179],[111.891318,33.124982],[111.891538,33.124773],[111.892018,33.1244],[111.892305,33.124027],[111.892287,33.123634],[111.892077,33.123407],[111.892179,33.123023],[111.892174,33.122578],[111.890937,33.122363],[111.890125,33.122075],[111.890076,33.121949],[111.890071,33.120875],[111.890017,33.120395],[111.889972,33.120285],[111.889637,33.120114],[111.889417,33.119916],[111.888717,33.119229],[111.88866,33.119081],[111.889443,33.119197],[111.889972,33.119177],[111.890248,33.11909],[111.890197,33.119011],[111.889805,33.118773],[111.889687,33.118631],[111.889634,33.118386],[111.889677,33.118184],[111.889865,33.117793],[111.890098,33.117885],[111.890766,33.118034],[111.891273,33.118092],[111.891375,33.118061],[111.891627,33.117897],[111.892603,33.117039],[111.892536,33.116919],[111.892482,33.11672],[111.892456,33.116272],[111.892418,33.116171],[111.892439,33.116001],[111.892413,33.115971],[111.890463,33.115715],[111.890465,33.115304],[111.890374,33.114606],[111.889964,33.114522],[111.889776,33.114444],[111.888521,33.113815],[111.888427,33.113709],[111.888403,33.113572],[111.888408,33.112285],[111.888384,33.112119],[111.888277,33.1118],[111.888199,33.111285],[111.88818,33.110872],[111.888258,33.110463],[111.88848,33.109831],[111.888767,33.109744],[111.889004,33.109737],[111.889025,33.109647],[111.888966,33.109423],[111.888765,33.10907]]]}},{"type":"Feature","properties":{"regionCode":"411325300","sourceCode":"411325300000","name":"板场乡","sourceName":"板场乡","parentCode":"411325","parentName":"内乡县","regionLevel":"township","regionType":"township","isManagementZone":false,"source":"ruiduobao","sourceVersion":"mixed-legacy~2018-2020","geometryRepaired":false,"match2020":true,"match2023":true},"geometry":{"type":"Polygon","coordinates":[[[111.694876,33.345804],[111.694101,33.346006],[111.692449,33.346326],[111.69125,33.346198],[111.690673,33.34623],[111.689664,33.346552],[111.688659,33.347018],[111.688071,33.347092],[111.686907,33.347363],[111.68658,33.34757],[111.685435,33.348979],[111.685201,33.349201],[111.684662,33.349216],[111.684088,33.349021],[111.682827,33.349098],[111.68249,33.34903],[111.681602,33.348363],[111.680588,33.347805],[111.67966,33.347491],[111.679027,33.34746],[111.678193,33.348101],[111.677396,33.348493],[111.676806,33.348602],[111.675419,33.348786],[111.674582,33.349142],[111.673786,33.349537],[111.673263,33.349884],[111.672828,33.349971],[111.672514,33.349936],[111.672144,33.349651],[111.671517,33.348968],[111.670833,33.348493],[111.670243,33.348425],[111.6693,33.348706],[111.667681,33.349109],[111.665959,33.349436],[111.66491,33.349761],[111.662512,33.349985],[111.661131,33.350769],[111.660042,33.351517],[111.658953,33.352369],[111.658916,33.352864],[111.65905,33.353783],[111.658967,33.354134],[111.658596,33.355019],[111.658261,33.355445],[111.658266,33.356081],[111.658358,33.356892],[111.659087,33.358241],[111.659296,33.358548],[111.659299,33.358899],[111.659197,33.359466],[111.658551,33.360069],[111.657794,33.360551],[111.657467,33.361523],[111.657301,33.361841],[111.656671,33.362092],[111.655791,33.36252],[111.655498,33.362699],[111.655085,33.36383],[111.65467,33.364646],[111.654377,33.364789],[111.654053,33.364879],[111.651816,33.365436],[111.650933,33.365867],[111.649429,33.367179],[111.649136,33.367358],[111.648675,33.367466],[111.647664,33.367542],[111.646993,33.367757],[111.646154,33.368221],[111.645523,33.3684],[111.644432,33.368512],[111.643297,33.368837],[111.640945,33.369271],[111.639306,33.369668],[111.637713,33.370382],[111.635921,33.371088],[111.635275,33.371794],[111.634403,33.372519],[111.633566,33.373053],[111.632515,33.373375],[111.63208,33.373557],[111.63149,33.373716],[111.630586,33.373595],[111.630063,33.373312],[111.629358,33.37318],[111.628599,33.373185],[111.626633,33.374535],[111.626128,33.37475],[111.62512,33.37486],[111.622639,33.375402],[111.621421,33.375832],[111.620539,33.375873],[111.61957,33.376018],[111.61835,33.375902],[111.617607,33.3779],[111.616813,33.378892],[111.615853,33.379815],[111.615517,33.380065],[111.614721,33.380316],[111.613964,33.380637],[111.613294,33.381205],[111.612414,33.381705],[111.611159,33.382594],[111.610698,33.38302],[111.61062,33.383797],[111.610545,33.385174],[111.610212,33.38581],[111.610274,33.386399],[111.611011,33.388101],[111.610842,33.388363],[111.610107,33.388883],[111.610024,33.389167],[111.611044,33.390468],[111.612409,33.393004],[111.612755,33.394025],[111.614233,33.394795],[111.615204,33.395109],[111.615593,33.395315],[111.616598,33.395984],[111.616526,33.397715],[111.616631,33.398756],[111.616405,33.399061],[111.615614,33.399802],[111.615322,33.400228],[111.614868,33.401502],[111.614496,33.402315],[111.614372,33.402881],[111.614506,33.403763],[111.614466,33.404081],[111.614176,33.404684],[111.613318,33.40564],[111.613176,33.406065],[111.613138,33.406701],[111.613275,33.40836],[111.613197,33.409101],[111.613111,33.409424],[111.612803,33.409983],[111.611481,33.410664],[111.611148,33.411266],[111.611215,33.411759],[111.611744,33.412287],[111.612127,33.41278],[111.612554,33.413588],[111.612728,33.414401],[111.612862,33.415424],[111.613203,33.415881],[111.614179,33.417007],[111.615322,33.418059],[111.617183,33.419322],[111.61773,33.419319],[111.620517,33.420081],[111.620855,33.420363],[111.621196,33.420855],[111.622212,33.421733],[111.62255,33.422066],[111.622432,33.422933],[111.621086,33.423186],[111.619825,33.423582],[111.618269,33.423871],[111.616378,33.42441],[111.615831,33.42473],[111.614412,33.426257],[111.61327,33.426944],[111.612567,33.427535],[111.611604,33.42807],[111.611057,33.428462],[111.610555,33.428923],[111.60875,33.429463],[111.6072,33.430918],[111.606326,33.432017],[111.60532,33.43301],[111.603584,33.434204],[111.601878,33.434828],[111.600873,33.435361],[111.601087,33.435784],[111.601809,33.436769],[111.603042,33.436453],[111.603364,33.43648],[111.603997,33.436724],[111.605352,33.437671],[111.606242,33.438338],[111.60679,33.438546],[111.607133,33.439197],[111.607852,33.439495],[111.608568,33.439562],[111.608863,33.439701],[111.60933,33.440052],[111.609668,33.440227],[111.610172,33.440392],[111.610869,33.440681],[111.61077,33.441353],[111.61048,33.442165],[111.610609,33.442447],[111.611159,33.442939],[111.611414,33.443078],[111.612055,33.444383],[111.612988,33.445296],[111.615104,33.446733],[111.615067,33.447581],[111.614946,33.448499],[111.615045,33.450441],[111.615019,33.452558],[111.614351,33.453657],[111.61423,33.454187],[111.615204,33.455181],[111.615839,33.455626],[111.616472,33.455801],[111.617486,33.455971],[111.618033,33.455969],[111.618959,33.456208],[111.619171,33.45651],[111.61901,33.456882],[111.617961,33.457488],[111.617038,33.4582],[111.613514,33.460335],[111.613055,33.46076],[111.61382,33.461816],[111.614941,33.463154],[111.61599,33.464913],[111.619077,33.466486],[111.619838,33.466835],[111.620302,33.467009],[111.621523,33.466933],[111.622912,33.466573],[111.6238,33.466991],[111.624559,33.467094],[111.627831,33.467238],[111.629446,33.467106],[111.630162,33.467278],[111.63046,33.467452],[111.631533,33.470166],[111.632126,33.470728],[111.632887,33.471325],[111.635972,33.472509],[111.63745,33.472925],[111.637799,33.473073],[111.638609,33.474496],[111.640001,33.476091],[111.641865,33.477281],[111.642034,33.477527],[111.642763,33.479219],[111.643608,33.479427],[111.644936,33.47963],[111.647594,33.477321],[111.649544,33.474404],[111.650386,33.472965],[111.650679,33.47254],[111.652819,33.471645],[111.653868,33.470826],[111.656252,33.468661],[111.657593,33.467665],[111.658473,33.467238],[111.659272,33.467021],[111.659986,33.466734],[111.661786,33.465137],[111.662376,33.464955],[111.66292,33.464566],[111.665592,33.461373],[111.666217,33.460523],[111.667338,33.458538],[111.66767,33.45769],[111.668888,33.45726],[111.670462,33.456598],[111.671281,33.456152],[111.671699,33.455655],[111.67237,33.455228],[111.673587,33.454691],[111.677198,33.453223],[111.678756,33.45325],[111.679893,33.453315],[111.680588,33.453205],[111.681615,33.452422],[111.682532,33.451359],[111.682613,33.450793],[111.682101,33.450018],[111.682055,33.44956],[111.682637,33.449246],[111.683442,33.449094],[111.684619,33.448769],[111.686596,33.448617],[111.689082,33.448604],[111.689461,33.448707],[111.690013,33.44934],[111.690314,33.450009],[111.691333,33.450851],[111.691628,33.451061],[111.692306,33.45141],[111.693154,33.452218],[111.693535,33.452321],[111.694077,33.451735],[111.694927,33.452561],[111.69574,33.454076],[111.696083,33.455096],[111.696174,33.455873],[111.696429,33.456155],[111.696898,33.456893],[111.696944,33.457388],[111.696829,33.458659],[111.696499,33.459509],[111.696681,33.461236],[111.696853,33.461767],[111.697657,33.462114],[111.69825,33.462465],[111.698462,33.462657],[111.698172,33.463595],[111.698095,33.464266],[111.698183,33.464689],[111.698191,33.465855],[111.698159,33.467126],[111.698084,33.468108],[111.698089,33.468963],[111.698009,33.469245],[111.697381,33.46992],[111.696252,33.470809],[111.696043,33.471093],[111.696005,33.471728],[111.696185,33.47314],[111.69622,33.473798],[111.695834,33.474742],[111.695447,33.475545],[111.695396,33.476393],[111.695919,33.47846],[111.696488,33.479259],[111.697518,33.481131],[111.697593,33.481881],[111.697714,33.482263],[111.69891,33.483717],[111.699725,33.483666],[111.701463,33.483138],[111.702137,33.483087],[111.702872,33.483623],[111.703489,33.483597],[111.705455,33.483632],[111.706527,33.484286],[111.707997,33.485265],[111.708504,33.485545],[111.709073,33.486297],[111.709872,33.487939],[111.710063,33.489106],[111.710524,33.49061],[111.71135,33.491106],[111.712329,33.491851],[111.713386,33.492987],[111.713676,33.493618],[111.714378,33.494278],[111.715124,33.495222],[111.715424,33.495345],[111.717372,33.495647],[111.717897,33.495833],[111.718428,33.496645],[111.71889,33.498145],[111.719238,33.500187],[111.719104,33.500451],[111.718807,33.501427],[111.718568,33.502051],[111.718571,33.502507],[111.718874,33.502706],[111.719971,33.502833],[111.720968,33.503035],[111.722133,33.503589],[111.722991,33.504043],[111.723667,33.504806],[111.723796,33.50547],[111.723613,33.506372],[111.723042,33.508485],[111.723058,33.50893],[111.723136,33.509257],[111.723495,33.510026],[111.723897,33.510639],[111.724815,33.511858],[111.725515,33.512904],[111.725786,33.513255],[111.726279,33.513206],[111.727516,33.512958],[111.729012,33.512609],[111.729356,33.512468],[111.729715,33.512249],[111.730219,33.511674],[111.730718,33.511251],[111.731271,33.510874],[111.732135,33.510458],[111.732588,33.510339],[111.733427,33.510055],[111.733712,33.509907],[111.734803,33.509082],[111.736643,33.507237],[111.737574,33.506423],[111.737861,33.506217],[111.738658,33.505929],[111.74002,33.505642],[111.740589,33.504804],[111.741219,33.503475],[111.742061,33.502039],[111.743035,33.501163],[111.743365,33.500948],[111.744277,33.500521],[111.74465,33.5004],[111.744958,33.500351],[111.746822,33.500288],[111.747101,33.500161],[111.747337,33.499346],[111.748976,33.497378],[111.749395,33.496593],[111.749475,33.496166],[111.749341,33.495314],[111.748863,33.494106],[111.748861,33.49375],[111.750108,33.490683],[111.750526,33.489968],[111.751253,33.489301],[111.751414,33.488816],[111.752071,33.487608],[111.752334,33.486558],[111.752648,33.485829],[111.753029,33.485838],[111.753029,33.485283],[111.752908,33.484816],[111.75294,33.484559],[111.752801,33.484178],[111.752584,33.483787],[111.752484,33.483496],[111.752238,33.483252],[111.752096,33.483225],[111.751792,33.483241],[111.751658,33.483194],[111.751377,33.482709],[111.751361,33.48261],[111.751406,33.482503],[111.751918,33.481964],[111.751921,33.481829],[111.751283,33.481169],[111.751173,33.480749],[111.75121,33.480592],[111.75128,33.480465],[111.751543,33.480163],[111.751653,33.479966],[111.751629,33.479876],[111.75139,33.479641],[111.750867,33.479219],[111.750529,33.478263],[111.749912,33.477259],[111.749875,33.477122],[111.749915,33.476787],[111.750095,33.476554],[111.750108,33.47625],[111.750097,33.476039],[111.74999,33.475688],[111.749985,33.474867],[111.749918,33.474704],[111.749875,33.474462],[111.749875,33.474104],[111.749786,33.473565],[111.7494,33.472921],[111.748898,33.472256],[111.74845,33.47197],[111.748236,33.471755],[111.747732,33.470988],[111.747493,33.470795],[111.747455,33.470679],[111.747485,33.470451],[111.747337,33.469645],[111.747337,33.469341],[111.747394,33.468963],[111.747367,33.468708],[111.747085,33.468054],[111.746964,33.467544],[111.746852,33.467289],[111.746508,33.46658],[111.746385,33.466396],[111.746213,33.466249],[111.746238,33.465452],[111.745932,33.464738],[111.74561,33.464172],[111.745519,33.463743],[111.745202,33.462915],[111.744899,33.461959],[111.744116,33.460925],[111.742622,33.459052],[111.742067,33.458717],[111.741847,33.458522],[111.741804,33.458372],[111.74179,33.458115],[111.741868,33.457708],[111.740693,33.457157],[111.74031,33.456906],[111.739916,33.456698],[111.739355,33.45656],[111.73917,33.456358],[111.738754,33.456076],[111.738612,33.455937],[111.738478,33.455736],[111.738285,33.455315],[111.738242,33.455156],[111.738019,33.454816],[111.737917,33.454729],[111.737418,33.454501],[111.736198,33.454434],[111.73608,33.454393],[111.735962,33.454145],[111.735745,33.453471],[111.735576,33.45316],[111.734975,33.451715],[111.734492,33.451086],[111.734264,33.450537],[111.734168,33.450401],[111.733891,33.450191],[111.733679,33.450079],[111.732808,33.449797],[111.732435,33.449219],[111.731955,33.448908],[111.731609,33.448606],[111.73104,33.448239],[111.730863,33.448067],[111.73001,33.447057],[111.729718,33.446787],[111.729404,33.446594],[111.729206,33.446543],[111.728527,33.446243],[111.728092,33.44524],[111.727698,33.44475],[111.727594,33.444058],[111.727459,33.443906],[111.727315,33.44364],[111.727191,33.443154],[111.727097,33.443015],[111.726041,33.442015],[111.725944,33.441894],[111.725864,33.441657],[111.725772,33.441516],[111.725193,33.440918],[111.725493,33.440381],[111.725609,33.440213],[111.725681,33.440162],[111.726148,33.440099],[111.726762,33.439844],[111.726977,33.439797],[111.726987,33.438785],[111.726902,33.438382],[111.726907,33.437991],[111.726797,33.437689],[111.726542,33.437221],[111.726269,33.436995],[111.726132,33.436755],[111.726086,33.436511],[111.726075,33.436133],[111.725861,33.435146],[111.725807,33.434548],[111.725845,33.434177],[111.726486,33.433554],[111.726529,33.433454],[111.726545,33.43312],[111.726639,33.432869],[111.726657,33.432529],[111.726773,33.432422],[111.726974,33.432296],[111.727417,33.432126],[111.727784,33.431869],[111.728559,33.431459],[111.728758,33.43145],[111.72912,33.431533],[111.729291,33.431488],[111.729345,33.431388],[111.729444,33.431009],[111.729624,33.430201],[111.729726,33.429984],[111.729723,33.429879],[111.729511,33.429384],[111.729452,33.429292],[111.729246,33.429127],[111.729144,33.428784],[111.729085,33.428281],[111.729012,33.428072],[111.728723,33.427571],[111.728438,33.427217],[111.728441,33.427114],[111.72853,33.426915],[111.728672,33.426776],[111.729152,33.426611],[111.72986,33.426586],[111.729954,33.426546],[111.730101,33.426358],[111.730042,33.426223],[111.729922,33.426116],[111.729007,33.425702],[111.728312,33.424979],[111.728015,33.424759],[111.727653,33.424388],[111.727387,33.423857],[111.72732,33.423517],[111.727315,33.422803],[111.727022,33.422109],[111.726598,33.421739],[111.726258,33.421594],[111.725909,33.421377],[111.725724,33.421213],[111.725585,33.42103],[111.724935,33.420376],[111.724788,33.420119],[111.724683,33.419324],[111.724734,33.419136],[111.724721,33.41861],[111.724565,33.41833],[111.724504,33.418133],[111.725319,33.417551],[111.725467,33.417163],[111.725509,33.416664],[111.72544,33.416241],[111.725448,33.415883],[111.725397,33.415469],[111.725292,33.414978],[111.72526,33.414665],[111.725072,33.414421],[111.724986,33.414177],[111.725126,33.413301],[111.725872,33.412692],[111.726094,33.412419],[111.726244,33.412285],[111.726505,33.412148],[111.726668,33.412012],[111.726851,33.411963],[111.727054,33.411694],[111.727623,33.411188],[111.727559,33.411011],[111.727333,33.410745],[111.727309,33.410671],[111.727312,33.410563],[111.727497,33.410207],[111.727502,33.410098],[111.727478,33.410008],[111.72732,33.409809],[111.727239,33.409592],[111.727242,33.409292],[111.727081,33.408839],[111.727132,33.408662],[111.727097,33.408472],[111.726856,33.408174],[111.726488,33.407892],[111.726215,33.407487],[111.726054,33.407326],[111.72636,33.407075],[111.726663,33.406927],[111.726982,33.406705],[111.727282,33.406428],[111.727505,33.406284],[111.72794,33.405859],[111.728197,33.405552],[111.728465,33.405131],[111.728586,33.404632],[111.728835,33.404122],[111.728937,33.403604],[111.72897,33.403206],[111.728814,33.402841],[111.728792,33.402644],[111.728833,33.402498],[111.729385,33.401988],[111.729517,33.401759],[111.729594,33.401538],[111.729619,33.401329],[111.729844,33.400946],[111.730061,33.400761],[111.730329,33.400404],[111.731247,33.399392],[111.731279,33.399298],[111.731526,33.398924],[111.731877,33.398512],[111.732033,33.398199],[111.732148,33.398098],[111.732438,33.397702],[111.732792,33.397086],[111.732869,33.396891],[111.733438,33.396123],[111.733256,33.395859],[111.733114,33.395715],[111.732877,33.395628],[111.732491,33.395572],[111.732352,33.395514],[111.732124,33.395261],[111.731654,33.394475],[111.731544,33.394356],[111.731351,33.394253],[111.731193,33.394087],[111.730984,33.393951],[111.73074,33.393566],[111.730641,33.393277],[111.730587,33.392972],[111.730681,33.392775],[111.730917,33.392589],[111.731166,33.392639],[111.731558,33.392632],[111.731668,33.392672],[111.731799,33.392811],[111.731912,33.392869],[111.732239,33.392789],[111.732687,33.392858],[111.733406,33.39288],[111.73391,33.392784],[111.734007,33.392715],[111.734347,33.392574],[111.734827,33.392486],[111.734959,33.392419],[111.734744,33.392083],[111.734715,33.391841],[111.734503,33.391445],[111.734479,33.390981],[111.734312,33.390462],[111.734339,33.390177],[111.734283,33.390034],[111.734267,33.389859],[111.734345,33.389763],[111.734589,33.389611],[111.734785,33.389373],[111.734994,33.389201],[111.735522,33.388453],[111.735648,33.388377],[111.735798,33.388227],[111.735922,33.387779],[111.736042,33.38751],[111.73627,33.387241],[111.73648,33.386921],[111.736509,33.386827],[111.736767,33.38646],[111.736909,33.386381],[111.737142,33.386122],[111.737252,33.385871],[111.737274,33.385586],[111.737325,33.385425],[111.737437,33.385257],[111.737628,33.385145],[111.737848,33.384946],[111.738304,33.384251],[111.738789,33.383927],[111.739017,33.383824],[111.739154,33.383714],[111.739406,33.383582],[111.739768,33.383179],[111.740366,33.382677],[111.740699,33.382531],[111.740929,33.382381],[111.74141,33.382191],[111.741646,33.382032],[111.742335,33.381736],[111.742727,33.381752],[111.742944,33.381669],[111.743258,33.381438],[111.743443,33.381127],[111.743684,33.380914],[111.74407,33.380744],[111.744623,33.380681],[111.744687,33.380695],[111.744878,33.380836],[111.74531,33.380903],[111.745704,33.380919],[111.745985,33.381136],[111.746213,33.381185],[111.746739,33.381149],[111.746932,33.381062],[111.746999,33.38093],[111.747171,33.380171],[111.747316,33.380112],[111.747646,33.379853],[111.747844,33.379741],[111.748096,33.379472],[111.748276,33.379096],[111.7483,33.378916],[111.748351,33.378816],[111.748477,33.378762],[111.748896,33.37878],[111.749242,33.378753],[111.749529,33.378666],[111.749692,33.378563],[111.749958,33.378345],[111.750113,33.378146],[111.750247,33.378061],[111.750355,33.377837],[111.750789,33.377452],[111.751353,33.376836],[111.751468,33.376643],[111.751562,33.376291],[111.751615,33.376215],[111.751843,33.376312],[111.752047,33.376347],[111.752264,33.376318],[111.752589,33.37613],[111.75293,33.376047],[111.75338,33.375859],[111.753761,33.375595],[111.754153,33.375427],[111.754453,33.375248],[111.755097,33.375102],[111.755349,33.375077],[111.755985,33.375131],[111.75614,33.3751],[111.756288,33.374986],[111.757447,33.374699],[111.757771,33.374663],[111.75816,33.374683],[111.758468,33.374809],[111.758954,33.374388],[111.759169,33.374166],[111.759241,33.37404],[111.759512,33.373836],[111.760177,33.373194],[111.760316,33.372829],[111.760491,33.372627],[111.760775,33.372161],[111.761521,33.372481],[111.761942,33.37245],[111.76214,33.372351],[111.762425,33.371901],[111.762808,33.371567],[111.762932,33.371529],[111.763449,33.371623],[111.764131,33.371628],[111.764337,33.371608],[111.764686,33.371496],[111.764619,33.371422],[111.764174,33.371198],[111.764214,33.370938],[111.764023,33.37079],[111.764249,33.370315],[111.764034,33.370055],[111.763503,33.369522],[111.763447,33.369366],[111.763455,33.369016],[111.763414,33.368586],[111.763232,33.367972],[111.763076,33.367627],[111.762999,33.367318],[111.762985,33.36702],[111.762889,33.367067],[111.762671,33.367085],[111.762511,33.367038],[111.76221,33.366792],[111.762122,33.366662],[111.761776,33.366366],[111.761424,33.366415],[111.760893,33.36661],[111.760322,33.366695],[111.759855,33.36689],[111.759453,33.367128],[111.758959,33.367237],[111.758511,33.367381],[111.757846,33.367748],[111.757516,33.367867],[111.756789,33.368033],[111.755861,33.368176],[111.755582,33.368167],[111.755188,33.36821],[111.754853,33.368313],[111.754467,33.368523],[111.754209,33.368823],[111.754115,33.369016],[111.753909,33.369305],[111.753767,33.369442],[111.753657,33.369491],[111.75275,33.369585],[111.752527,33.369538],[111.752412,33.369478],[111.752332,33.369374],[111.7522,33.369339],[111.751605,33.369374],[111.750993,33.369366],[111.750811,33.369399],[111.750529,33.36952],[111.750462,33.369509],[111.750164,33.369303],[111.749987,33.36913],[111.749537,33.36946],[111.7494,33.36952],[111.749113,33.369585],[111.748711,33.369587],[111.748426,33.368765],[111.748458,33.368593],[111.748587,33.368366],[111.748743,33.367965],[111.748794,33.367141],[111.748649,33.366996],[111.748244,33.366917],[111.747863,33.366648],[111.747174,33.366308],[111.746219,33.366086],[111.746031,33.36601],[111.746031,33.365916],[111.745698,33.364601],[111.745532,33.364361],[111.745098,33.363559],[111.744832,33.362742],[111.744789,33.36252],[111.744647,33.361453],[111.744626,33.360376],[111.744529,33.359892],[111.744478,33.358469],[111.744529,33.358203],[111.744666,33.357925],[111.745151,33.357334],[111.745307,33.357201],[111.745449,33.357143],[111.745784,33.357101],[111.746122,33.356691],[111.746425,33.356182],[111.746573,33.355994],[111.746511,33.35592],[111.746393,33.355868],[111.745342,33.355566],[111.744969,33.355635],[111.744078,33.355969],[111.743115,33.356106],[111.742705,33.356245],[111.742161,33.356236],[111.74046,33.356469],[111.740372,33.355987],[111.74027,33.355763],[111.74016,33.355691],[111.73972,33.355703],[111.739355,33.355505],[111.738599,33.355438],[111.738183,33.355084],[111.738234,33.354885],[111.738172,33.354659],[111.737882,33.354051],[111.737815,33.353738],[111.73762,33.353245],[111.737574,33.352974],[111.737759,33.352535],[111.737762,33.352239],[111.737724,33.351963],[111.737657,33.351755],[111.737665,33.351448],[111.73785,33.350812],[111.737928,33.350283],[111.738153,33.349911],[111.738255,33.349608],[111.73832,33.349523],[111.738306,33.349431],[111.738153,33.34925],[111.737671,33.348869],[111.737427,33.348726],[111.737064,33.348403],[111.736718,33.348271],[111.736625,33.348175],[111.736595,33.348009],[111.736442,33.347673],[111.736276,33.347393],[111.735975,33.347092],[111.735847,33.346868],[111.735796,33.346707],[111.735474,33.346221],[111.735418,33.346001],[111.735385,33.345627],[111.735066,33.345123],[111.735004,33.344948],[111.735356,33.344574],[111.735372,33.344473],[111.735342,33.34435],[111.735042,33.343859],[111.735018,33.343758],[111.735182,33.343402],[111.73519,33.34329],[111.735157,33.343171],[111.734954,33.343046],[111.734774,33.342873],[111.73468,33.342555],[111.734586,33.342026],[111.734621,33.341733],[111.734562,33.341583],[111.734468,33.341414],[111.734406,33.341361],[111.733816,33.341233],[111.733709,33.34117],[111.733645,33.341072],[111.733634,33.340675],[111.733578,33.340377],[111.733457,33.340189],[111.733079,33.33988],[111.732934,33.339797],[111.732164,33.33972],[111.731622,33.339747],[111.731467,33.339806],[111.731252,33.339924],[111.730842,33.340276],[111.730759,33.340397],[111.730195,33.340906],[111.729549,33.341589],[111.729377,33.341719],[111.728497,33.34186],[111.728323,33.342055],[111.72794,33.342306],[111.727256,33.342524],[111.726794,33.342595],[111.726349,33.342721],[111.725971,33.342674],[111.72507,33.344197],[111.724788,33.344493],[111.724482,33.34461],[111.724222,33.344478],[111.723305,33.34435],[111.722422,33.344637],[111.721164,33.344926],[111.720912,33.345141],[111.720075,33.345746],[111.719324,33.34642],[111.719032,33.346599],[111.718568,33.346602],[111.717938,33.346676],[111.714714,33.348318],[111.713539,33.348961],[111.712785,33.349142],[111.711734,33.349254],[111.710725,33.349541],[111.708748,33.349624],[111.708408,33.349095],[111.707732,33.348712],[111.706007,33.348898],[111.705004,33.347507],[111.70465,33.346817],[111.704215,33.345694],[111.703073,33.34489],[111.702228,33.344576],[111.70164,33.344509],[111.700715,33.344762],[111.699672,33.34517],[111.697904,33.34573],[111.697234,33.346053],[111.696898,33.346089],[111.696517,33.345985],[111.6953,33.345802],[111.694876,33.345804]]]}},{"type":"Feature","properties":{"regionCode":"411325301","sourceCode":"411325301000","name":"大桥乡","sourceName":"大桥乡","parentCode":"411325","parentName":"内乡县","regionLevel":"township","regionType":"township","isManagementZone":false,"source":"ruiduobao","sourceVersion":"mixed-legacy~2018-2020","geometryRepaired":false,"match2020":true,"match2023":true},"geometry":{"type":"Polygon","coordinates":[[[111.889757,32.9536],[111.887931,32.953823],[111.884422,32.954595],[111.882242,32.955216],[111.88119,32.955482],[111.878814,32.955941],[111.877572,32.956253],[111.87688,32.956283],[111.875879,32.956055],[111.874968,32.956132],[111.873337,32.95647],[111.872119,32.956479],[111.871247,32.956809],[111.870263,32.956357],[111.868466,32.95577],[111.867578,32.955448],[111.864268,32.953827],[111.864158,32.953564],[111.863818,32.953206],[111.863571,32.952866],[111.863171,32.952515],[111.862793,32.952319],[111.86205,32.952069],[111.861165,32.951376],[111.860854,32.951234],[111.860462,32.950942],[111.859826,32.951025],[111.859714,32.951835],[111.858901,32.951721],[111.858877,32.952074],[111.858011,32.951923],[111.857614,32.951896],[111.856809,32.952027],[111.856597,32.952031],[111.856428,32.952371],[111.856173,32.952418],[111.854441,32.952486],[111.854408,32.95281],[111.855699,32.952835],[111.855669,32.953098],[111.8555,32.953746],[111.855291,32.954795],[111.8552,32.955079],[111.85502,32.955983],[111.854977,32.956411],[111.855023,32.956402],[111.85524,32.956771],[111.854746,32.957095],[111.855492,32.957241],[111.856125,32.957498],[111.85612,32.957593],[111.856243,32.95798],[111.856342,32.958511],[111.856098,32.958657],[111.856042,32.958752],[111.856028,32.95895],[111.855696,32.959132],[111.855605,32.959256],[111.855562,32.959389],[111.855548,32.959933],[111.855607,32.960325],[111.85561,32.960883],[111.855347,32.962024],[111.855272,32.962535],[111.854993,32.96359],[111.85439,32.965307],[111.854132,32.965404],[111.853773,32.965462],[111.852635,32.965523],[111.852137,32.965638],[111.851377,32.965904],[111.851023,32.966124],[111.850793,32.966336],[111.850238,32.96702],[111.849865,32.967841],[111.849642,32.968255],[111.849336,32.968689],[111.848357,32.969916],[111.847563,32.970841],[111.847201,32.971412],[111.847791,32.972252],[111.847751,32.972328],[111.847386,32.972504],[111.847046,32.972605],[111.847099,32.973113],[111.84689,32.973188],[111.844532,32.973669],[111.843661,32.973901],[111.843258,32.973653],[111.842845,32.973293],[111.842505,32.972891],[111.841907,32.972009],[111.841518,32.971156],[111.840643,32.97136],[111.840163,32.971394],[111.839592,32.971507],[111.838994,32.971673],[111.838337,32.971955],[111.838114,32.972105],[111.837535,32.972603],[111.837264,32.972906],[111.83713,32.973003],[111.836298,32.973064],[111.83596,32.97314],[111.835174,32.973561],[111.834911,32.973755],[111.833967,32.974661],[111.833611,32.975159],[111.833487,32.975589],[111.833458,32.976302],[111.833358,32.976536],[111.832141,32.97762],[111.831749,32.978239],[111.831532,32.978498],[111.831312,32.978667],[111.830668,32.979004],[111.830309,32.979022],[111.829788,32.978959],[111.829619,32.978991],[111.829311,32.979177],[111.82904,32.979409],[111.828844,32.979666],[111.828488,32.980262],[111.828281,32.980683],[111.828171,32.980784],[111.828032,32.980788],[111.827425,32.980489],[111.827216,32.98046],[111.827125,32.98048],[111.825663,32.981355],[111.825406,32.981551],[111.825121,32.98183],[111.824743,32.982498],[111.824724,32.982899],[111.824577,32.982919],[111.824032,32.982834],[111.822943,32.982582],[111.82264,32.98257],[111.822227,32.982606],[111.82175,32.982719],[111.821187,32.982955],[111.820537,32.983434],[111.819639,32.984202],[111.819368,32.984478],[111.81852,32.985066],[111.817885,32.985277],[111.817018,32.985457],[111.816321,32.985452],[111.815586,32.985369],[111.814741,32.985434],[111.814529,32.985423],[111.81392,32.985171],[111.81321,32.984816],[111.812958,32.984811],[111.812225,32.984987],[111.81192,32.985266],[111.811211,32.986071],[111.810943,32.986278],[111.810651,32.986449],[111.810498,32.986595],[111.810409,32.986766],[111.810417,32.98732],[111.81038,32.987516],[111.81031,32.987648],[111.810088,32.987907],[111.809782,32.988078],[111.809656,32.988094],[111.809178,32.987986],[111.808757,32.987635],[111.808545,32.987565],[111.808481,32.987471],[111.807526,32.986969],[111.807212,32.986852],[111.806445,32.986258],[111.806024,32.986089],[111.805844,32.986454],[111.805485,32.986805],[111.805281,32.987057],[111.804777,32.987903],[111.804337,32.988222],[111.803868,32.988472],[111.803682,32.988523],[111.803473,32.988532],[111.802792,32.988418],[111.802097,32.988688],[111.801108,32.989342],[111.800072,32.990177],[111.799458,32.990787],[111.799147,32.991009],[111.798313,32.991831],[111.797618,32.991342],[111.797124,32.991147],[111.797023,32.991572],[111.797441,32.991738],[111.797739,32.992002],[111.797961,32.992265],[111.798136,32.992384],[111.797851,32.99273],[111.797792,32.99287],[111.7975,32.993183],[111.797259,32.993549],[111.79713,32.993648],[111.796585,32.994274],[111.796258,32.994593],[111.79606,32.994769],[111.795853,32.994901],[111.796025,32.994996],[111.796365,32.995081],[111.796634,32.995187],[111.797017,32.995417],[111.797843,32.995833],[111.798077,32.995986],[111.798589,32.996188],[111.799608,32.996728],[111.800002,32.996987],[111.800354,32.997308],[111.801153,32.997893],[111.801395,32.998127],[111.802172,32.999043],[111.802926,33.000156],[111.802551,33.000271],[111.802328,33.000375],[111.801526,33.000989],[111.80125,33.001274],[111.801169,33.001441],[111.80092,33.00178],[111.801008,33.001987],[111.801014,33.002129],[111.80126,33.002363],[111.801612,33.002613],[111.80391,33.003922],[111.804581,33.004547],[111.804745,33.004837],[111.805018,33.005155],[111.805131,33.005359],[111.806493,33.005469],[111.807188,33.005388],[111.807497,33.005406],[111.808041,33.006673],[111.807872,33.006797],[111.807078,33.007681],[111.806354,33.008378],[111.806096,33.008565],[111.80608,33.008843],[111.806115,33.009026],[111.806273,33.009345],[111.806373,33.009705],[111.806915,33.010924],[111.806984,33.011162],[111.807046,33.011866],[111.807373,33.012557],[111.807663,33.012865],[111.808258,33.01372],[111.808993,33.014595],[111.809261,33.015179],[111.809881,33.015915],[111.81009,33.016326],[111.810152,33.016792],[111.810168,33.01726],[111.81008,33.017966],[111.809951,33.018283],[111.809524,33.019055],[111.809409,33.019354],[111.809098,33.019819],[111.809412,33.019934],[111.810181,33.020107],[111.810122,33.02033],[111.809948,33.020665],[111.809752,33.020917],[111.809857,33.02104],[111.810085,33.021115],[111.811179,33.02118],[111.812137,33.021468],[111.812174,33.021382],[111.812308,33.021364],[111.812434,33.021371],[111.812861,33.021497],[111.813033,33.021506],[111.813507,33.021398],[111.813698,33.021389],[111.81381,33.021436],[111.81424,33.021499],[111.814905,33.021562],[111.815329,33.021769],[111.815522,33.021785],[111.815844,33.021688],[111.816224,33.021463],[111.816348,33.021571],[111.816396,33.021666],[111.816442,33.02263],[111.816519,33.022734],[111.816659,33.022819],[111.816855,33.022871],[111.817201,33.022873],[111.81756,33.022797],[111.817673,33.022727],[111.817818,33.022529],[111.817214,33.022048],[111.817123,33.021931],[111.817212,33.021704],[111.817327,33.021544],[111.817614,33.021299],[111.81782,33.0212],[111.818083,33.021135],[111.818732,33.021182],[111.818952,33.021151],[111.819371,33.021018],[111.820162,33.02095],[111.820175,33.021155],[111.8205,33.021661],[111.820559,33.021956],[111.820529,33.022156],[111.820556,33.022347],[111.820599,33.022417],[111.82087,33.022615],[111.821119,33.022468],[111.821297,33.022477],[111.821326,33.022516],[111.821334,33.02259],[111.821125,33.023042],[111.821077,33.023213],[111.821077,33.023377],[111.821189,33.023663],[111.821246,33.023705],[111.821677,33.023681],[111.822179,33.023748],[111.822192,33.023982],[111.822919,33.024047],[111.8237,33.024272],[111.824196,33.024295],[111.824346,33.024371],[111.824486,33.02451],[111.824593,33.024501],[111.82484,33.024396],[111.825081,33.024706],[111.825537,33.025158],[111.825811,33.025187],[111.82591,33.025248],[111.82536,33.025828],[111.824883,33.026971],[111.825545,33.0272],[111.825744,33.027319],[111.825977,33.027409],[111.826167,33.02754],[111.827283,33.028057],[111.82812,33.028351],[111.828788,33.028489],[111.829467,33.028511],[111.829724,33.028554],[111.830663,33.028534],[111.831205,33.02857],[111.83275,33.028997],[111.834064,33.029226],[111.834227,33.029309],[111.834386,33.029516],[111.834643,33.030202],[111.834791,33.030396],[111.835424,33.030886],[111.83566,33.031189],[111.836035,33.032181],[111.836177,33.032921],[111.836392,33.033379],[111.836891,33.033625],[111.837339,33.033672],[111.838184,33.033647],[111.83868,33.033499],[111.839367,33.0332],[111.839718,33.032939],[111.840008,33.032633],[111.841193,33.031776],[111.841483,33.031518],[111.842373,33.032136],[111.843079,33.031581],[111.843275,33.031488],[111.843637,33.031171],[111.844068,33.03071],[111.844701,33.031237],[111.845369,33.031504],[111.845697,33.031668],[111.84549,33.031979],[111.846008,33.032174],[111.846311,33.032338],[111.846482,33.032381],[111.846614,33.032359],[111.846855,33.031997],[111.848237,33.032437],[111.848309,33.031814],[111.849114,33.031992],[111.850777,33.032487],[111.850602,33.032824],[111.850803,33.032925],[111.851206,33.033038],[111.851965,33.033341],[111.852021,33.03335],[111.852088,33.033314],[111.853743,33.033807],[111.853904,33.033415],[111.85472,33.033571],[111.854669,33.0338],[111.854722,33.033892],[111.855395,33.034068],[111.85613,33.034209],[111.856216,33.034272],[111.856256,33.034346],[111.857219,33.034645],[111.857083,33.035185],[111.859148,33.035482],[111.859773,33.035642],[111.860041,33.035754],[111.86095,33.035959],[111.861087,33.035824],[111.861291,33.035527],[111.861428,33.035212],[111.861583,33.035104],[111.861747,33.035075],[111.862578,33.035115],[111.863472,33.035219],[111.863692,33.035214],[111.865092,33.035349],[111.865993,33.03552],[111.866224,33.033764],[111.866186,33.033278],[111.866347,33.032815],[111.866384,33.032556],[111.866468,33.032278],[111.866696,33.031781],[111.866862,33.031198],[111.867007,33.030326],[111.866972,33.029375],[111.866806,33.028059],[111.866744,33.02774],[111.866521,33.02707],[111.866478,33.026305],[111.866266,33.025255],[111.866103,33.024841],[111.865928,33.024211],[111.865671,33.023645],[111.865392,33.023206],[111.865255,33.022882],[111.865049,33.022084],[111.864923,33.021765],[111.86473,33.020739],[111.864566,33.020215],[111.864569,33.020064],[111.864601,33.020019],[111.864831,33.019974],[111.866044,33.019828],[111.867363,33.019734],[111.868364,33.019441],[111.869566,33.019304],[111.87165,33.018776],[111.872073,33.018598],[111.87202,33.018407],[111.871896,33.018186],[111.871864,33.017876],[111.87187,33.017728],[111.871907,33.017662],[111.871971,33.017653],[111.872256,33.017779],[111.872342,33.017779],[111.872425,33.017725],[111.872529,33.017604],[111.87258,33.017485],[111.872669,33.017408],[111.872739,33.017392],[111.873077,33.017539],[111.873254,33.017262],[111.873326,33.017204],[111.873946,33.017242],[111.87442,33.017325],[111.874509,33.017118],[111.874428,33.017044],[111.875271,33.014273],[111.875153,33.01399],[111.875107,33.013594],[111.875099,33.013043],[111.875536,33.013027],[111.876185,33.012822],[111.876767,33.012708],[111.876942,33.01334],[111.877121,33.013794],[111.877685,33.013704],[111.877322,33.013054],[111.877154,33.012627],[111.877274,33.012582],[111.877467,33.012568],[111.878039,33.012582],[111.879224,33.012813],[111.880447,33.013119],[111.881228,33.013225],[111.88214,33.013245],[111.88307,33.013106],[111.883776,33.013056],[111.884551,33.013162],[111.887786,33.013027],[111.889033,33.013162],[111.889486,33.013112],[111.894588,33.013738],[111.894821,33.013607],[111.89535,33.013661],[111.895803,33.013783],[111.896369,33.013825],[111.89686,33.013911],[111.897731,33.013913],[111.898048,33.01385],[111.898606,33.013686],[111.899268,33.013421],[111.899266,33.013216],[111.899115,33.012525],[111.899081,33.012055],[111.898544,33.012091],[111.897906,33.011918],[111.897678,33.011815],[111.897595,33.011738],[111.897477,33.011462],[111.897265,33.011243],[111.897273,33.010112],[111.897364,33.009912],[111.897359,33.009493],[111.897326,33.009379],[111.897396,33.009318],[111.897383,33.009199],[111.8972,33.009023],[111.896557,33.00892],[111.896034,33.008884],[111.895843,33.008821],[111.895811,33.00876],[111.89584,33.008684],[111.895913,33.008659],[111.897002,33.008713],[111.897061,33.008724],[111.897096,33.008812],[111.897174,33.008839],[111.897359,33.008798],[111.897629,33.008801],[111.897613,33.008396],[111.896578,33.008405],[111.896538,33.008385],[111.896506,33.00807],[111.896476,33.008038],[111.896173,33.00809],[111.895945,33.00809],[111.895929,33.007692],[111.896473,33.007674],[111.896562,33.00762],[111.896575,33.00753],[111.896541,33.007402],[111.896036,33.007399],[111.896047,33.006963],[111.896141,33.007008],[111.896511,33.007017],[111.896589,33.006986],[111.896565,33.006738],[111.897157,33.006745],[111.897192,33.006722],[111.897281,33.006412],[111.897238,33.006338],[111.896905,33.00632],[111.896154,33.00618],[111.895189,33.005919],[111.894384,33.005784],[111.894553,33.0052],[111.895647,33.003087],[111.896562,33.002077],[111.898319,33.000496],[111.898735,33.000069],[111.899091,32.999385],[111.896447,32.998669],[111.894143,32.998181],[111.893907,32.997963],[111.892056,32.997342],[111.892488,32.996674],[111.893354,32.996096],[111.894301,32.996557],[111.895494,32.993646],[111.895752,32.993502],[111.896058,32.992359],[111.894631,32.991873],[111.894062,32.991558],[111.891809,32.989806],[111.891251,32.989464],[111.890489,32.98923],[111.890082,32.988778],[111.890012,32.988233],[111.890551,32.987363],[111.890742,32.986847],[111.893421,32.983581],[111.894996,32.981727],[111.895537,32.981137],[111.89653,32.980064],[111.898627,32.977938],[111.900003,32.976437],[111.900414,32.975346],[111.901237,32.973995],[111.901824,32.973269],[111.902385,32.971462],[111.902578,32.970051],[111.902675,32.96898],[111.902761,32.968566],[111.902868,32.968125],[111.90323,32.967396],[111.904137,32.966792],[111.904558,32.966552],[111.905193,32.966309],[111.905475,32.966061],[111.905598,32.96569],[111.905681,32.963475],[111.905478,32.962985],[111.903836,32.960412],[111.902455,32.958887],[111.900226,32.956944],[111.899663,32.956679],[111.899014,32.95631],[111.898144,32.955473],[111.897434,32.954863],[111.89675,32.954205],[111.895714,32.953753],[111.892662,32.953508],[111.889757,32.9536]]]}},{"type":"Feature","properties":{"regionCode":"411325302","sourceCode":"411325302000","name":"赵店乡","sourceName":"赵店乡","parentCode":"411325","parentName":"内乡县","regionLevel":"township","regionType":"township","isManagementZone":false,"source":"ruiduobao","sourceVersion":"mixed-legacy~2018-2020","geometryRepaired":false,"match2020":true,"match2023":true},"geometry":{"type":"Polygon","coordinates":[[[111.728302,33.060056],[111.7274,33.059437],[111.726698,33.059015],[111.726454,33.058754],[111.726354,33.058572],[111.725644,33.057796],[111.725177,33.057394],[111.723865,33.057675],[111.721998,33.057958],[111.721365,33.058203],[111.720274,33.058799],[111.720048,33.058954],[111.718442,33.059543],[111.716567,33.060136],[111.715725,33.06057],[111.715545,33.060714],[111.715333,33.060813],[111.714789,33.060979],[111.71477,33.061051],[111.714494,33.061245],[111.713912,33.061299],[111.713525,33.061301],[111.713131,33.061391],[111.712984,33.061456],[111.712804,33.061629],[111.712694,33.061791],[111.712595,33.062955],[111.71252,33.063221],[111.71234,33.063488],[111.712192,33.063616],[111.711934,33.063744],[111.711642,33.063823],[111.711085,33.064084],[111.710543,33.06456],[111.710213,33.065044],[111.710165,33.065226],[111.71017,33.065383],[111.710261,33.065747],[111.71025,33.065826],[111.710124,33.066017],[111.709947,33.066201],[111.709505,33.066449],[111.709188,33.066565],[111.708488,33.066959],[111.708287,33.067022],[111.707882,33.066999],[111.707557,33.067035],[111.707359,33.067098],[111.7069,33.067352],[111.706747,33.067554],[111.706613,33.068024],[111.706533,33.068105],[111.705672,33.06884],[111.704924,33.069278],[111.705114,33.070207],[111.70528,33.070605],[111.70553,33.070883],[111.705809,33.071313],[111.705801,33.071373],[111.705868,33.071474],[111.70587,33.071643],[111.705771,33.071834],[111.705752,33.072005],[111.705822,33.072358],[111.705803,33.072565],[111.705481,33.073106],[111.705361,33.07338],[111.705347,33.073556],[111.705479,33.073855],[111.705511,33.074279],[111.705267,33.074803],[111.705095,33.074967],[111.704709,33.074925],[111.704387,33.074927],[111.703706,33.075329],[111.70321,33.075565],[111.703086,33.075985],[111.703161,33.0767],[111.702976,33.076626],[111.702493,33.076278],[111.701962,33.075736],[111.701753,33.07532],[111.701651,33.074967],[111.701394,33.074551],[111.70138,33.074441],[111.701252,33.074423],[111.700793,33.074151],[111.699055,33.07361],[111.698712,33.073446],[111.698508,33.073297],[111.698076,33.073156],[111.697904,33.073142],[111.69755,33.073192],[111.696947,33.073169],[111.696794,33.073192],[111.696121,33.073425],[111.695624,33.07338],[111.695359,33.073286],[111.69515,33.073257],[111.694637,33.073234],[111.694382,33.073117],[111.694154,33.073099],[111.693827,33.072987],[111.693229,33.072497],[111.693127,33.07238],[111.692982,33.07191],[111.692725,33.071423],[111.692618,33.071328],[111.692392,33.071232],[111.692049,33.0712],[111.691488,33.071279],[111.690456,33.071962],[111.689892,33.072558],[111.689772,33.072753],[111.689147,33.073529],[111.688884,33.07403],[111.688406,33.074558],[111.68828,33.074756],[111.688192,33.075125],[111.688141,33.075203],[111.687146,33.076316],[111.686883,33.076646],[111.686663,33.07701],[111.685255,33.078163],[111.685528,33.078372],[111.685815,33.078498],[111.686204,33.07857],[111.686561,33.078714],[111.686757,33.078828],[111.686966,33.079026],[111.687229,33.079577],[111.687403,33.080154],[111.687698,33.080548],[111.688031,33.080804],[111.688294,33.081128],[111.688659,33.081725],[111.688693,33.081885],[111.688887,33.082081],[111.689015,33.082465],[111.689005,33.082768],[111.689112,33.082957],[111.689423,33.083229],[111.689858,33.083512],[111.690217,33.083865],[111.690348,33.083955],[111.690657,33.084368],[111.69093,33.084553],[111.691555,33.08482],[111.691883,33.085135],[111.692084,33.085243],[111.692585,33.085332],[111.692762,33.085328],[111.693374,33.085204],[111.694924,33.084705],[111.695284,33.084858],[111.695399,33.084852],[111.695428,33.084818],[111.695209,33.084431],[111.69567,33.084312],[111.696043,33.084254],[111.696295,33.084126],[111.696579,33.08393],[111.696821,33.083615],[111.696925,33.083548],[111.697113,33.083528],[111.697228,33.083903],[111.69729,33.084517],[111.697046,33.084521],[111.696692,33.084591],[111.696375,33.084708],[111.69564,33.085186],[111.696711,33.08695],[111.696472,33.087324],[111.696011,33.087872],[111.695603,33.087856],[111.694956,33.08829],[111.694487,33.08847],[111.693873,33.08876],[111.693114,33.08918],[111.693001,33.089225],[111.69276,33.089245],[111.69228,33.089115],[111.691529,33.089067],[111.691065,33.088939],[111.690847,33.088742],[111.690837,33.088517],[111.690925,33.088177],[111.690893,33.088031],[111.690759,33.087928],[111.690461,33.087989],[111.690346,33.088173],[111.689533,33.088798],[111.689125,33.089162],[111.688031,33.089845],[111.687693,33.090083],[111.68728,33.090434],[111.687106,33.090083],[111.687047,33.089735],[111.686835,33.089076],[111.686754,33.088663],[111.686695,33.08856],[111.686473,33.088402],[111.685966,33.088202],[111.68559,33.087843],[111.685577,33.087593],[111.685453,33.087499],[111.684853,33.087247],[111.684646,33.087193],[111.684099,33.087182],[111.683528,33.087218],[111.682017,33.087052],[111.680899,33.086795],[111.679748,33.086407],[111.677975,33.08602],[111.677517,33.086009],[111.677348,33.086056],[111.676809,33.086324],[111.676559,33.086494],[111.676009,33.086919],[111.675486,33.087463],[111.674907,33.088317],[111.675628,33.088204],[111.677313,33.088151],[111.678922,33.088562],[111.68003,33.08911],[111.680824,33.089571],[111.681328,33.089969],[111.682495,33.091135],[111.683144,33.091721],[111.683557,33.092083],[111.684187,33.092524],[111.685563,33.092047],[111.686218,33.091867],[111.687116,33.091849],[111.688431,33.092036],[111.688742,33.092054],[111.691242,33.091964],[111.691534,33.092106],[111.691958,33.092546],[111.692408,33.092921],[111.692905,33.092924],[111.693736,33.091885],[111.69409,33.09167],[111.694573,33.091562],[111.694927,33.091548],[111.695308,33.091609],[111.696625,33.092362],[111.697319,33.092953],[111.697601,33.093413],[111.697818,33.093883],[111.698819,33.095337],[111.700109,33.096766],[111.702217,33.097896],[111.702692,33.098227],[111.70288,33.098557],[111.703285,33.099842],[111.703408,33.100384],[111.704873,33.100851],[111.706849,33.10093],[111.707692,33.10108],[111.708536,33.101163],[111.709274,33.101291],[111.71212,33.101476],[111.71245,33.101673],[111.712493,33.102049],[111.712286,33.102626],[111.711608,33.103444],[111.711323,33.103947],[111.711511,33.104316],[111.712066,33.104623],[111.712544,33.104963],[111.712605,33.105271],[111.712415,33.105626],[111.71212,33.105938],[111.711656,33.106154],[111.711098,33.106082],[111.710631,33.105936],[111.70981,33.105855],[111.708995,33.106014],[111.708665,33.106165],[111.708781,33.107046],[111.709483,33.107585],[111.710119,33.107991],[111.710071,33.108535],[111.709867,33.109488],[111.709904,33.110795],[111.710073,33.112325],[111.710157,33.112678],[111.710685,33.113073],[111.711479,33.113491],[111.712034,33.113664],[111.712428,33.113707],[111.712876,33.113617],[111.71382,33.113278],[111.714215,33.11301],[111.714633,33.112631],[111.715129,33.112384],[111.716157,33.112312],[111.717736,33.11228],[111.71827,33.113231],[111.718431,33.113583],[111.71875,33.113716],[111.719593,33.113622],[111.720137,33.113698],[111.72051,33.113936],[111.720708,33.114208],[111.720891,33.114707],[111.721073,33.114938],[111.721942,33.115048],[111.72258,33.114927],[111.722935,33.114767],[111.723468,33.114958],[111.724002,33.115082],[111.724533,33.115147],[111.725099,33.114963],[111.725217,33.114588],[111.72555,33.114118],[111.725737,33.113741],[111.72581,33.113307],[111.725802,33.112822],[111.725523,33.112258],[111.725622,33.111903],[111.726322,33.111132],[111.726478,33.110865],[111.726628,33.11053],[111.726805,33.109661],[111.726789,33.109335],[111.727835,33.107607],[111.728055,33.106951],[111.729549,33.107448],[111.729938,33.10743],[111.730136,33.106983],[111.73173,33.106992],[111.732285,33.10712],[111.732601,33.10734],[111.732867,33.10767],[111.733081,33.10818],[111.733376,33.108555],[111.734567,33.109524],[111.735975,33.110867],[111.736533,33.111483],[111.736667,33.111748],[111.736761,33.11361],[111.736579,33.113878],[111.734798,33.115129],[111.734015,33.115754],[111.733779,33.116066],[111.733784,33.116443],[111.734079,33.117283],[111.734109,33.117737],[111.733497,33.118494],[111.733773,33.119548],[111.733787,33.11995],[111.733728,33.120341],[111.734009,33.120685],[111.734189,33.121145],[111.734511,33.121579],[111.734908,33.121866],[111.736177,33.122522],[111.737182,33.122983],[111.73866,33.123351],[111.740742,33.123537],[111.741718,33.123753],[111.74333,33.124297],[111.743909,33.124405],[111.744384,33.124425],[111.744883,33.124245],[111.745932,33.123751],[111.746801,33.123524],[111.750513,33.123567],[111.752452,33.123836],[111.754158,33.124382],[111.75485,33.124935],[111.755539,33.125251],[111.755974,33.125568],[111.756462,33.126228],[111.757055,33.127165],[111.757237,33.127871],[111.757632,33.129151],[111.757921,33.130368],[111.758316,33.131822],[111.758401,33.13321],[111.758283,33.134216],[111.75816,33.134645],[111.757884,33.137812],[111.757616,33.13931],[111.757573,33.140051],[111.758763,33.140244],[111.758825,33.140821],[111.759375,33.142892],[111.759549,33.145243],[111.759933,33.145477],[111.760327,33.145666],[111.760829,33.146326],[111.76162,33.146557],[111.761977,33.146705],[111.764487,33.145962],[111.764694,33.146281],[111.764595,33.146582],[111.763103,33.147788],[111.762562,33.148336],[111.762985,33.148623],[111.76501,33.150514],[111.764388,33.152079],[111.764206,33.152843],[111.764265,33.152659],[111.764992,33.151922],[111.765311,33.151655],[111.765574,33.151372],[111.765676,33.151188],[111.765952,33.150031],[111.765912,33.149472],[111.765973,33.149351],[111.766148,33.149501],[111.766467,33.149697],[111.766582,33.149885],[111.766743,33.149986],[111.767033,33.150078],[111.76751,33.150134],[111.768135,33.150384],[111.768047,33.150483],[111.768009,33.150604],[111.768028,33.150676],[111.768157,33.150806],[111.768438,33.151217],[111.768857,33.151662],[111.768886,33.151733],[111.768878,33.151929],[111.768975,33.152066],[111.769103,33.152349],[111.769136,33.152591],[111.769071,33.153101],[111.76909,33.153831],[111.769227,33.155787],[111.769683,33.156296],[111.769989,33.156539],[111.770426,33.156492],[111.771697,33.156469],[111.771705,33.155335],[111.771928,33.154601],[111.772239,33.153882],[111.77262,33.15318],[111.772883,33.152769],[111.772993,33.152692],[111.773355,33.153247],[111.773913,33.154013],[111.77413,33.154257],[111.774363,33.154453],[111.773977,33.154693],[111.774444,33.155261],[111.773384,33.155829],[111.77366,33.15622],[111.774299,33.157363],[111.774342,33.157428],[111.774462,33.157489],[111.775348,33.157037],[111.775578,33.157251],[111.776091,33.157556],[111.776466,33.157641],[111.777558,33.157662],[111.778148,33.157603],[111.780146,33.157314],[111.781806,33.156968],[111.782075,33.157812],[111.782477,33.157781],[111.783515,33.15761],[111.783861,33.157316],[111.78396,33.157257],[111.78411,33.15723],[111.784261,33.157332],[111.784451,33.157349],[111.785747,33.157323],[111.787356,33.157363],[111.787546,33.157085],[111.787613,33.156873],[111.787581,33.156584],[111.787286,33.156189],[111.786629,33.155533],[111.786779,33.155434],[111.788839,33.155409],[111.792498,33.155771],[111.792535,33.156249],[111.789941,33.155957],[111.789805,33.157289],[111.79168,33.157489],[111.791513,33.158533],[111.792243,33.158706],[111.792205,33.160722],[111.792621,33.16074],[111.792431,33.162619],[111.795909,33.162963],[111.796816,33.163134],[111.797073,33.162072],[111.799501,33.162231],[111.80044,33.16235],[111.800169,33.162925],[111.800507,33.162992],[111.800936,33.16286],[111.801083,33.162925],[111.801735,33.163574],[111.801971,33.163917],[111.802277,33.164245],[111.80207,33.164479],[111.801837,33.164871],[111.803315,33.165276],[111.803851,33.16537],[111.803806,33.165722],[111.805758,33.166156],[111.805552,33.166847],[111.805458,33.167483],[111.80534,33.167947],[111.806842,33.168266],[111.807202,33.16696],[111.80732,33.166737],[111.808333,33.16559],[111.809178,33.16601],[111.809739,33.165222],[111.810361,33.165556],[111.810777,33.165639],[111.811099,33.165781],[111.811142,33.165909],[111.811493,33.166113],[111.812032,33.16618],[111.812467,33.166057],[111.812544,33.165974],[111.812628,33.165756],[111.812772,33.165565],[111.813033,33.165462],[111.813411,33.165145],[111.813827,33.164744],[111.814296,33.164227],[111.815122,33.163143],[111.815465,33.162779],[111.815862,33.162027],[111.816739,33.15999],[111.816874,33.159323],[111.816941,33.159195],[111.817102,33.158643],[111.817128,33.15816],[111.817316,33.157275],[111.81737,33.156355],[111.818365,33.156431],[111.818663,33.156644],[111.819041,33.156741],[111.819376,33.156667],[111.819703,33.1564],[111.819912,33.156308],[111.820208,33.156355],[111.821133,33.156599],[111.82128,33.156126],[111.821785,33.154783],[111.822619,33.155052],[111.822034,33.156335],[111.822211,33.15646],[111.822351,33.156489],[111.822552,33.156049],[111.82444,33.156676],[111.824912,33.156867],[111.826937,33.157417],[111.826849,33.157574],[111.826816,33.157715],[111.82683,33.157888],[111.826956,33.157974],[111.827348,33.158133],[111.827962,33.158308],[111.827911,33.158695],[111.828034,33.15893],[111.827927,33.159056],[111.828482,33.159299],[111.828466,33.159552],[111.829137,33.15962],[111.829593,33.159844],[111.829834,33.160136],[111.830384,33.160462],[111.83059,33.160657],[111.830652,33.160749],[111.830676,33.160884],[111.830633,33.161041],[111.830842,33.160938],[111.831062,33.160915],[111.831357,33.161048],[111.831572,33.161207],[111.831717,33.161203],[111.831862,33.160733],[111.831843,33.160583],[111.831725,33.160255],[111.832138,33.159961],[111.832398,33.159862],[111.832559,33.159427],[111.832551,33.159364],[111.832484,33.159278],[111.832452,33.159061],[111.832479,33.158699],[111.833447,33.158861],[111.833852,33.158021],[111.834214,33.157457],[111.834292,33.157237],[111.834257,33.157064],[111.834453,33.157091],[111.834547,33.157073],[111.834611,33.156591],[111.833431,33.156296],[111.833377,33.156119],[111.833385,33.155991],[111.833439,33.15562],[111.833538,33.155387],[111.833769,33.155468],[111.834152,33.155492],[111.834584,33.155409],[111.834791,33.155326],[111.835544,33.155322],[111.835585,33.155254],[111.83577,33.154547],[111.835818,33.154217],[111.835893,33.154015],[111.836279,33.15395],[111.836389,33.153889],[111.836936,33.153406],[111.837312,33.153308],[111.837661,33.153171],[111.838058,33.152609],[111.838347,33.152573],[111.838616,33.152308],[111.839337,33.152504],[111.839847,33.152602],[111.840402,33.15194],[111.843596,33.152216],[111.84438,33.152174],[111.844868,33.152223],[111.845058,33.152477],[111.845452,33.153305],[111.846732,33.153537],[111.846887,33.153613],[111.846917,33.153671],[111.846917,33.153923],[111.846963,33.154049],[111.847309,33.154275],[111.847362,33.154347],[111.847325,33.155104],[111.847327,33.155149],[111.847373,33.155185],[111.847596,33.155196],[111.847757,33.155151],[111.847928,33.155075],[111.848022,33.15498],[111.848231,33.15492],[111.848226,33.155057],[111.848306,33.15545],[111.848666,33.155823],[111.848827,33.155935],[111.848896,33.155948],[111.849481,33.155948],[111.84983,33.156002],[111.850321,33.156404],[111.850468,33.15648],[111.850782,33.156552],[111.851654,33.157464],[111.85182,33.156957],[111.852129,33.156236],[111.852617,33.1556],[111.853362,33.154904],[111.853915,33.154599],[111.854191,33.154498],[111.854457,33.154213],[111.854969,33.152376],[111.855044,33.151927],[111.854671,33.151799],[111.85439,33.151608],[111.853952,33.151206],[111.85381,33.150974],[111.853808,33.150734],[111.85487,33.149474],[111.855213,33.149101],[111.855513,33.148834],[111.85542,33.148309],[111.855259,33.147846],[111.855173,33.146929],[111.855283,33.146054],[111.855358,33.145931],[111.855366,33.14574],[111.855342,33.145612],[111.855283,33.14549],[111.855197,33.145414],[111.855039,33.144994],[111.854977,33.144927],[111.854821,33.145012],[111.854154,33.145547],[111.853915,33.145481],[111.853588,33.145331],[111.853317,33.145156],[111.85351,33.144783],[111.853478,33.144406],[111.853341,33.143754],[111.853419,33.143435],[111.853622,33.143161],[111.853751,33.142712],[111.853805,33.142369],[111.853802,33.142185],[111.853767,33.142113],[111.853631,33.142079],[111.85314,33.141767],[111.852981,33.141724],[111.852826,33.141457],[111.852643,33.140749],[111.85244,33.139294],[111.852416,33.138872],[111.852507,33.138555],[111.852665,33.138373],[111.853247,33.137854],[111.853735,33.137322],[111.85406,33.136612],[111.854419,33.136496],[111.855149,33.13646],[111.855621,33.136478],[111.855913,33.136561],[111.856034,33.136565],[111.85594,33.136318],[111.855868,33.135651],[111.855811,33.135498],[111.855476,33.135134],[111.855339,33.13467],[111.855001,33.134654],[111.854964,33.134456],[111.854923,33.133686],[111.854862,33.133506],[111.854754,33.13287],[111.854671,33.132684],[111.854481,33.132457],[111.854315,33.132105],[111.854178,33.131664],[111.853985,33.130638],[111.854427,33.130642],[111.855044,33.130552],[111.855484,33.130478],[111.85572,33.130393],[111.855841,33.130411],[111.856546,33.13026],[111.856621,33.130103],[111.856643,33.129906],[111.856509,33.129726],[111.856538,33.128832],[111.856468,33.128502],[111.856374,33.128295],[111.856289,33.128187],[111.855991,33.128066],[111.855318,33.127942],[111.854644,33.127933],[111.854709,33.128136],[111.854663,33.128502],[111.854599,33.12849],[111.854591,33.128356],[111.853971,33.128192],[111.853985,33.128131],[111.853794,33.127844],[111.853555,33.128066],[111.852976,33.128351],[111.852426,33.128704],[111.852115,33.128857],[111.852059,33.128441],[111.851986,33.128225],[111.851906,33.128196],[111.851461,33.128201],[111.851249,33.128131],[111.85104,33.128326],[111.850742,33.128533],[111.850082,33.128857],[111.850122,33.128596],[111.850232,33.128255],[111.849977,33.127516],[111.849937,33.127212],[111.849905,33.127093],[111.849835,33.126994],[111.849798,33.12683],[111.849889,33.126368],[111.84998,33.126154],[111.85035,33.125817],[111.851187,33.125359],[111.850951,33.125179],[111.850624,33.124843],[111.850578,33.124717],[111.850567,33.124456],[111.850597,33.124189],[111.850441,33.124086],[111.849757,33.123789],[111.849586,33.123672],[111.849422,33.12343],[111.849012,33.123014],[111.848481,33.122625],[111.84803,33.122194],[111.847681,33.121976],[111.847357,33.121898],[111.847298,33.122455],[111.84714,33.123167],[111.846858,33.123057],[111.84659,33.122897],[111.846539,33.12179],[111.846335,33.12112],[111.84615,33.120983],[111.846029,33.120974],[111.845868,33.121179],[111.845772,33.121408],[111.845423,33.121484],[111.845246,33.121412],[111.844999,33.121114],[111.843889,33.121666],[111.843183,33.121918],[111.843076,33.121015],[111.841743,33.121062],[111.84184,33.120071],[111.839688,33.120058],[111.839745,33.119233],[111.838658,33.119164],[111.83828,33.121102],[111.835008,33.120819],[111.835869,33.117203],[111.836271,33.115351],[111.837417,33.115578],[111.837462,33.115367],[111.837615,33.114954],[111.83751,33.114925],[111.837323,33.11479],[111.837272,33.114024],[111.837264,33.113226],[111.837398,33.112638],[111.837519,33.112323],[111.837513,33.1118],[111.837435,33.111557],[111.836293,33.111815],[111.836303,33.111328],[111.836277,33.111085],[111.837189,33.111009],[111.83683,33.11012],[111.836671,33.109533],[111.836746,33.10927],[111.837682,33.10818],[111.837881,33.107041],[111.83787,33.106774],[111.837824,33.10667],[111.837454,33.106234],[111.836821,33.105075],[111.836738,33.104868],[111.836601,33.104909],[111.836478,33.105001],[111.836212,33.105336],[111.8354,33.106234],[111.835064,33.106668],[111.8347,33.107039],[111.833946,33.107906],[111.833704,33.108292],[111.832937,33.109337],[111.83213,33.110526],[111.831569,33.111519],[111.831095,33.112617],[111.830877,33.113285],[111.830593,33.113961],[111.829834,33.115419],[111.829614,33.115902],[111.82819,33.115511],[111.828088,33.115616],[111.827887,33.11603],[111.828219,33.116185],[111.827578,33.117304],[111.827484,33.117416],[111.827173,33.11729],[111.827034,33.117546],[111.82566,33.119667],[111.825111,33.120377],[111.824604,33.121098],[111.824327,33.12146],[111.824175,33.121608],[111.823751,33.121426],[111.823053,33.121053],[111.822815,33.121017],[111.821798,33.122899],[111.82068,33.124739],[111.821192,33.125067],[111.821184,33.125179],[111.821031,33.125332],[111.819607,33.126307],[111.81833,33.127511],[111.818282,33.127516],[111.817657,33.127134],[111.817281,33.12695],[111.816632,33.126738],[111.815954,33.126399],[111.815487,33.126262],[111.814752,33.125883],[111.814181,33.125766],[111.813977,33.125629],[111.813097,33.125179],[111.813065,33.123971],[111.813161,33.123744],[111.813843,33.123306],[111.813625,33.122857],[111.813529,33.121895],[111.813532,33.121309],[111.814253,33.120622],[111.814586,33.120163],[111.814975,33.119364],[111.815262,33.118991],[111.815621,33.118714],[111.816273,33.118445],[111.816654,33.118216],[111.817485,33.117798],[111.817895,33.117474],[111.818078,33.117295],[111.818359,33.116913],[111.818751,33.116171],[111.818877,33.115998],[111.819373,33.115594],[111.819765,33.115062],[111.820385,33.114345],[111.821272,33.113485],[111.821675,33.113152],[111.82194,33.112864],[111.822731,33.112244],[111.822898,33.112056],[111.823096,33.111665],[111.823145,33.111498],[111.82315,33.111328],[111.823128,33.111197],[111.823072,33.111101],[111.823064,33.11098],[111.82319,33.110685],[111.823394,33.109948],[111.82367,33.109321],[111.824059,33.108969],[111.824097,33.108908],[111.824145,33.108663],[111.824344,33.108398],[111.824673,33.108063],[111.825229,33.107607],[111.825939,33.10721],[111.826141,33.107043],[111.826186,33.107048],[111.826307,33.106953],[111.827085,33.105958],[111.827173,33.105902],[111.826269,33.105558],[111.82668,33.105199],[111.826776,33.105149],[111.826841,33.104963],[111.827157,33.104758],[111.827254,33.104632],[111.827112,33.104563],[111.82642,33.104358],[111.827905,33.103242],[111.828015,33.103105],[111.827683,33.102925],[111.826725,33.102547],[111.826578,33.102774],[111.826071,33.102559],[111.824842,33.102129],[111.82485,33.10208],[111.825156,33.101649],[111.825406,33.101076],[111.826229,33.101404],[111.826441,33.101046],[111.826433,33.100981],[111.825682,33.100745],[111.825577,33.100669],[111.82565,33.100469],[111.826082,33.099806],[111.826181,33.099337],[111.827283,33.099602],[111.827503,33.09917],[111.827903,33.098191],[111.827798,33.098233],[111.827541,33.098193],[111.827399,33.098155],[111.827031,33.097973],[111.826492,33.097856],[111.82665,33.097454],[111.826819,33.096465],[111.826143,33.096359],[111.825355,33.096312],[111.825191,33.096267],[111.825194,33.096123],[111.825328,33.095782],[111.825612,33.095807],[111.825679,33.095613],[111.825733,33.095184],[111.825736,33.094535],[111.825379,33.094562],[111.825312,33.094512],[111.825288,33.094362],[111.825188,33.094229],[111.824362,33.094182],[111.824421,33.093968],[111.824518,33.093784],[111.824625,33.093674],[111.824365,33.09369],[111.824107,33.093555],[111.82249,33.093146],[111.821331,33.092739],[111.820827,33.092672],[111.819617,33.092169],[111.81778,33.091548],[111.818531,33.090016],[111.818998,33.088762],[111.818641,33.088652],[111.819011,33.087919],[111.818791,33.087816],[111.818971,33.087485],[111.819156,33.087517],[111.819349,33.087166],[111.818539,33.086966],[111.817895,33.086739],[111.817729,33.086953],[111.817265,33.087703],[111.81583,33.087119],[111.815774,33.087142],[111.815728,33.087249],[111.815656,33.087243],[111.814889,33.087009],[111.814787,33.087166],[111.814325,33.087371],[111.81373,33.087804],[111.813599,33.087937],[111.813049,33.087643],[111.81244,33.087407],[111.811941,33.087236],[111.811673,33.087247],[111.811163,33.087168],[111.810659,33.08698],[111.810667,33.08693],[111.810039,33.086703],[111.810332,33.086274],[111.810549,33.085849],[111.810246,33.085726],[111.809481,33.08549],[111.808932,33.085256],[111.809079,33.084957],[111.809337,33.084683],[111.809624,33.084245],[111.809793,33.083908],[111.80883,33.083539],[111.809109,33.083227],[111.809707,33.083442],[111.809932,33.083132],[111.810155,33.082658],[111.810364,33.082658],[111.810755,33.082806],[111.810871,33.0828],[111.811005,33.08202],[111.810841,33.081692],[111.810847,33.081339],[111.810892,33.081009],[111.81112,33.080959],[111.811174,33.080638],[111.811056,33.08015],[111.811348,33.07982],[111.811193,33.079482],[111.811182,33.079377],[111.810683,33.078768],[111.810375,33.078487],[111.81005,33.078383],[111.810232,33.077983],[111.809763,33.077673],[111.809447,33.077377],[111.808642,33.077961],[111.807582,33.077114],[111.80718,33.077372],[111.806882,33.077152],[111.806249,33.076779],[111.805466,33.076401],[111.805257,33.076657],[111.805214,33.076628],[111.805243,33.07659],[111.803307,33.075259],[111.803245,33.075426],[111.803004,33.075615],[111.802674,33.076017],[111.802363,33.076255],[111.801856,33.076817],[111.801113,33.076525],[111.80077,33.076457],[111.800584,33.076302],[111.800421,33.076084],[111.800228,33.07597],[111.799112,33.075572],[111.798154,33.075109],[111.797894,33.075057],[111.797757,33.074808],[111.797653,33.074707],[111.796883,33.074203],[111.7968,33.074264],[111.79651,33.074619],[111.796513,33.074691],[111.796593,33.074751],[111.797572,33.075143],[111.797344,33.075248],[111.796854,33.075277],[111.795786,33.074709],[111.795617,33.07468],[111.794823,33.074736],[111.794493,33.074799],[111.794673,33.075183],[111.794871,33.075729],[111.795003,33.076105],[111.795038,33.076347],[111.794265,33.076048],[111.793705,33.076012],[111.792651,33.076048],[111.792688,33.076102],[111.792731,33.076624],[111.792712,33.076851],[111.792629,33.076875],[111.792168,33.076662],[111.79198,33.076617],[111.791245,33.076729],[111.790365,33.076705],[111.790328,33.076287],[111.790287,33.076152],[111.79022,33.076107],[111.789853,33.076037],[111.789445,33.075893],[111.789249,33.075907],[111.788812,33.076042],[111.788225,33.076314],[111.787431,33.07641],[111.787439,33.076008],[111.787018,33.075799],[111.786728,33.075767],[111.786138,33.075599],[111.785797,33.075585],[111.785693,33.075066],[111.78569,33.074585],[111.785773,33.073868],[111.785709,33.073428],[111.785594,33.07312],[111.785484,33.072967],[111.785583,33.072814],[111.785918,33.072484],[111.785513,33.07227],[111.785178,33.071998],[111.784861,33.072317],[111.784708,33.072414],[111.78454,33.072502],[111.78433,33.072398],[111.784156,33.072587],[111.784057,33.072643],[111.784239,33.07278],[111.785006,33.073212],[111.785173,33.073448],[111.785325,33.073803],[111.785497,33.073776],[111.7855,33.074217],[111.785465,33.074567],[111.784993,33.074576],[111.783831,33.074405],[111.78367,33.074531],[111.783502,33.075001],[111.783392,33.075205],[111.783593,33.075271],[111.784505,33.075208],[111.784907,33.075219],[111.784982,33.075453],[111.785006,33.07599],[111.785505,33.076008],[111.785808,33.075891],[111.785899,33.076057],[111.786412,33.076325],[111.785889,33.076511],[111.785103,33.076716],[111.78443,33.076853],[111.783056,33.077004],[111.782852,33.076986],[111.782431,33.076882],[111.781771,33.07668],[111.781592,33.075466],[111.781632,33.074742],[111.781576,33.074563],[111.781452,33.074336],[111.781171,33.07352],[111.781114,33.073405],[111.780664,33.072863],[111.780318,33.073037],[111.780084,33.073034],[111.780272,33.073147],[111.780345,33.073304],[111.780345,33.073353],[111.780237,33.073497],[111.780205,33.073598],[111.780213,33.073729],[111.780307,33.073958],[111.780111,33.073996],[111.779344,33.074324],[111.778813,33.07472],[111.778767,33.074796],[111.779084,33.075147],[111.779363,33.075545],[111.779526,33.075477],[111.779709,33.075331],[111.779824,33.075293],[111.779964,33.075268],[111.780106,33.075345],[111.780288,33.075835],[111.77991,33.075972],[111.779698,33.076179],[111.77962,33.076219],[111.779226,33.076273],[111.778867,33.076451],[111.778851,33.076561],[111.778923,33.077257],[111.778566,33.077451],[111.778558,33.077662],[111.777933,33.077734],[111.77763,33.07781],[111.777453,33.077808],[111.777483,33.077905],[111.777636,33.0781],[111.777644,33.07819],[111.776836,33.0791],[111.776479,33.079411],[111.776509,33.079523],[111.776716,33.079629],[111.776949,33.079997],[111.777024,33.080577],[111.77593,33.080577],[111.77542,33.080629],[111.775447,33.081186],[111.774318,33.081404],[111.773687,33.081294],[111.773604,33.081348],[111.773068,33.082004],[111.771753,33.083406],[111.77156,33.08366],[111.771204,33.082611],[111.77093,33.082085],[111.771056,33.081928],[111.771083,33.081784],[111.770997,33.081271],[111.770895,33.08091],[111.770833,33.080051],[111.770884,33.079516],[111.770866,33.079334],[111.771021,33.0787],[111.770986,33.078503],[111.770815,33.078222],[111.770093,33.077918],[111.769254,33.077664],[111.769079,33.077509],[111.768942,33.077289],[111.768776,33.076487],[111.768798,33.07557],[111.768833,33.075352],[111.768484,33.075239],[111.767875,33.07514],[111.767754,33.074853],[111.767703,33.07425],[111.767172,33.074255],[111.766545,33.074444],[111.765928,33.074963],[111.76556,33.074983],[111.765075,33.075397],[111.764721,33.075367],[111.763852,33.07541],[111.763669,33.075462],[111.763481,33.075579],[111.763307,33.075606],[111.763087,33.075556],[111.762779,33.075363],[111.762621,33.075334],[111.762398,33.07537],[111.762071,33.075518],[111.761306,33.075653],[111.760939,33.075756],[111.76081,33.075747],[111.760601,33.075432],[111.760145,33.075606],[111.759936,33.075718],[111.759587,33.075212],[111.759346,33.074922],[111.759115,33.074293],[111.758305,33.074601],[111.757511,33.075116],[111.757031,33.075295],[111.756376,33.075513],[111.753911,33.076149],[111.753471,33.076188],[111.753144,33.076176],[111.752991,33.07608],[111.752777,33.075439],[111.752302,33.075576],[111.752163,33.07545],[111.752326,33.075248],[111.752192,33.075111],[111.752168,33.075017],[111.752192,33.074911],[111.752281,33.074841],[111.752608,33.074778],[111.752578,33.074698],[111.752353,33.074417],[111.752071,33.074246],[111.751841,33.074176],[111.751532,33.074158],[111.751001,33.074217],[111.750532,33.07432],[111.750076,33.074509],[111.749553,33.074803],[111.749362,33.075203],[111.74856,33.076053],[111.748284,33.076206],[111.747992,33.076305],[111.747707,33.076111],[111.747238,33.075612],[111.747026,33.075493],[111.746728,33.075379],[111.746517,33.07525],[111.746511,33.075201],[111.746771,33.074581],[111.746935,33.074554],[111.747243,33.073798],[111.746782,33.073493],[111.746675,33.073317],[111.746672,33.073151],[111.746707,33.073061],[111.746873,33.072884],[111.7473,33.072529],[111.748083,33.071659],[111.748603,33.071173],[111.749083,33.070668],[111.749354,33.070319],[111.749826,33.069595],[111.750749,33.068507],[111.751385,33.067968],[111.751846,33.067491],[111.752037,33.06746],[111.752404,33.067532],[111.752715,33.067604],[111.753329,33.067815],[111.753418,33.067806],[111.753421,33.06733],[111.753471,33.067298],[111.753898,33.067282],[111.75389,33.066797],[111.753844,33.0665],[111.753761,33.066293],[111.753651,33.066125],[111.754585,33.065642],[111.754775,33.065486],[111.75474,33.065219],[111.754628,33.065019],[111.753946,33.064661],[111.753817,33.0645],[111.753407,33.064232],[111.752981,33.064246],[111.752262,33.06439],[111.751452,33.064398],[111.751082,33.064374],[111.750856,33.06423],[111.750687,33.063814],[111.750701,33.063583],[111.750867,33.063275],[111.751066,33.06303],[111.751117,33.062859],[111.751036,33.06247],[111.750907,33.062196],[111.750878,33.06187],[111.750679,33.061854],[111.750363,33.061901],[111.74991,33.061638],[111.749593,33.061494],[111.74889,33.061242],[111.748158,33.060768],[111.747783,33.060573],[111.747536,33.06055],[111.747294,33.060566],[111.747174,33.060606],[111.746517,33.061256],[111.746197,33.0614],[111.745929,33.061427],[111.745369,33.061418],[111.744811,33.061301],[111.744741,33.06124],[111.744457,33.061198],[111.743759,33.061184],[111.743405,33.061119],[111.742662,33.060872],[111.742327,33.060941],[111.742566,33.061263],[111.742606,33.06162],[111.742609,33.061744],[111.742547,33.062009],[111.742397,33.062241],[111.740986,33.062542],[111.740079,33.062856],[111.739787,33.06291],[111.739216,33.063095],[111.738805,33.063191],[111.73858,33.063014],[111.738365,33.062899],[111.737791,33.062899],[111.737469,33.062764],[111.737113,33.062683],[111.736147,33.062598],[111.735683,33.062405],[111.734559,33.061861],[111.734143,33.061726],[111.733553,33.061663],[111.731939,33.061319],[111.731673,33.061296],[111.730396,33.060782],[111.730045,33.06053],[111.729892,33.060469],[111.729047,33.060249],[111.728581,33.060166],[111.728302,33.060056]]]}},{"type":"Feature","properties":{"regionCode":"411325306","sourceCode":"411325306000","name":"七里坪乡","sourceName":"七里坪乡","parentCode":"411325","parentName":"内乡县","regionLevel":"township","regionType":"township","isManagementZone":false,"source":"ruiduobao","sourceVersion":"mixed-legacy~2018-2020","geometryRepaired":false,"match2020":true,"match2023":true},"geometry":{"type":"Polygon","coordinates":[[[111.828324,33.27333],[111.828034,33.273159],[111.82779,33.27313],[111.827007,33.273496],[111.8268,33.273576],[111.82668,33.273579],[111.826562,33.273543],[111.826192,33.273245],[111.826041,33.273202],[111.825864,33.273215],[111.82496,33.273657],[111.824507,33.273727],[111.823756,33.273738],[111.823257,33.273816],[111.822021,33.274139],[111.821447,33.274543],[111.821313,33.274563],[111.820712,33.274467],[111.82047,33.274478],[111.819797,33.274799],[111.819226,33.275113],[111.818829,33.275227],[111.818547,33.275247],[111.817619,33.275173],[111.815895,33.275465],[111.815457,33.275595],[111.814269,33.276144],[111.814049,33.276265],[111.813558,33.276711],[111.813033,33.276963],[111.812772,33.27705],[111.811962,33.276702],[111.811788,33.276595],[111.811579,33.276422],[111.811217,33.275962],[111.811048,33.275841],[111.810892,33.27566],[111.810281,33.275287],[111.80976,33.275579],[111.809548,33.275653],[111.808969,33.275756],[111.808623,33.27577],[111.80803,33.275628],[111.807741,33.275441],[111.807446,33.275173],[111.807346,33.275124],[111.807199,33.27509],[111.806904,33.27511],[111.806783,33.275065],[111.806641,33.274895],[111.806346,33.274359],[111.80618,33.274227],[111.805882,33.274072],[111.805691,33.274043],[111.805421,33.274059],[111.80501,33.274173],[111.804082,33.274186],[111.803731,33.274139],[111.803422,33.273998],[111.803272,33.273964],[111.802626,33.273928],[111.80243,33.274007],[111.802199,33.274191],[111.801901,33.274355],[111.800421,33.274742],[111.799458,33.275391],[111.799332,33.275541],[111.799241,33.275722],[111.799125,33.276106],[111.798946,33.276205],[111.798436,33.276312],[111.798254,33.276382],[111.79779,33.276628],[111.797087,33.276909],[111.796183,33.276989],[111.795872,33.27694],[111.795397,33.276812],[111.795048,33.276637],[111.794944,33.276646],[111.794375,33.276846],[111.793976,33.276947],[111.793257,33.277274],[111.792785,33.277377],[111.792503,33.277501],[111.792189,33.277801],[111.791701,33.277904],[111.791545,33.277969],[111.790891,33.27805],[111.790389,33.278151],[111.789773,33.278514],[111.789351,33.278638],[111.788901,33.278694],[111.788415,33.278833],[111.788131,33.278974],[111.78797,33.279106],[111.787908,33.279277],[111.787777,33.279413],[111.787578,33.279566],[111.787088,33.279848],[111.786919,33.27999],[111.78653,33.280456],[111.786337,33.280638],[111.785411,33.281337],[111.78499,33.281613],[111.784051,33.28208],[111.783684,33.282409],[111.783504,33.282519],[111.782563,33.282804],[111.782308,33.282932],[111.78097,33.282842],[111.780615,33.282667],[111.780288,33.282409],[111.780098,33.282035],[111.780076,33.281604],[111.780369,33.280727],[111.780103,33.280597],[111.779347,33.280373],[111.778448,33.280046],[111.777469,33.279633],[111.777051,33.279301],[111.776917,33.27927],[111.776785,33.27936],[111.776488,33.279653],[111.776332,33.279732],[111.775629,33.279974],[111.775278,33.280052],[111.774331,33.280187],[111.773644,33.280436],[111.773481,33.280548],[111.773245,33.280985],[111.773167,33.281371],[111.773073,33.281539],[111.772671,33.281878],[111.772298,33.282032],[111.772107,33.282272],[111.772022,33.28255],[111.772003,33.282858],[111.77192,33.282972],[111.77159,33.283104],[111.771147,33.283378],[111.771002,33.28355],[111.770938,33.283759],[111.770844,33.283918],[111.77067,33.284012],[111.770305,33.284082],[111.769702,33.284275],[111.769181,33.284568],[111.768838,33.284813],[111.768733,33.284846],[111.768492,33.284864],[111.767658,33.285082],[111.7671,33.285062],[111.766885,33.285113],[111.766314,33.285438],[111.766073,33.28551],[111.765582,33.285494],[111.765359,33.285555],[111.764415,33.286008],[111.763508,33.286268],[111.762562,33.286479],[111.761902,33.286712],[111.76121,33.286808],[111.760346,33.286746],[111.759772,33.286829],[111.758957,33.286853],[111.757586,33.287149],[111.757146,33.287272],[111.75661,33.287503],[111.756325,33.287573],[111.75559,33.287562],[111.755387,33.287607],[111.754512,33.288055],[111.754161,33.288136],[111.753732,33.288494],[111.753225,33.288811],[111.75275,33.288885],[111.752498,33.288963],[111.752361,33.289071],[111.752189,33.289317],[111.751881,33.28958],[111.751173,33.289707],[111.750982,33.289701],[111.749993,33.289447],[111.749486,33.289432],[111.74889,33.289333],[111.748606,33.289326],[111.746946,33.289799],[111.746452,33.289907],[111.746213,33.289916],[111.745073,33.290115],[111.744846,33.290131],[111.744438,33.28997],[111.743971,33.28997],[111.743499,33.290077],[111.742794,33.290445],[111.742056,33.290391],[111.741841,33.29049],[111.741651,33.290656],[111.741434,33.290748],[111.741227,33.290777],[111.741115,33.290837],[111.740887,33.290884],[111.738762,33.290799],[111.737848,33.291012],[111.736745,33.291315],[111.736356,33.291387],[111.736021,33.29153],[111.735718,33.291712],[111.735342,33.292084],[111.73498,33.292324],[111.734886,33.292561],[111.734897,33.292692],[111.735066,33.292985],[111.735053,33.293008],[111.734825,33.292987],[111.734323,33.293084],[111.734173,33.293187],[111.733875,33.293768],[111.73387,33.294061],[111.733907,33.294375],[111.733983,33.294577],[111.734004,33.295117],[111.733889,33.295664],[111.733926,33.296669],[111.733851,33.297178],[111.733639,33.297837],[111.733513,33.297949],[111.733355,33.298023],[111.733004,33.298117],[111.732741,33.298299],[111.732325,33.29874],[111.732202,33.299018],[111.731898,33.299276],[111.731563,33.299319],[111.730877,33.299514],[111.72964,33.300061],[111.729425,33.30011],[111.729152,33.300271],[111.728658,33.300684],[111.728157,33.300722],[111.727671,33.300839],[111.727559,33.300928],[111.727164,33.301415],[111.727052,33.301482],[111.72626,33.301498],[111.726011,33.30152],[111.725711,33.301594],[111.725743,33.301789],[111.727159,33.30378],[111.727561,33.304398],[111.727618,33.304708],[111.727366,33.306151],[111.727223,33.308061],[111.726977,33.308875],[111.7264,33.310256],[111.726373,33.310579],[111.726534,33.311056],[111.727121,33.312042],[111.72743,33.312695],[111.727384,33.313038],[111.727105,33.313515],[111.72621,33.314739],[111.725544,33.316115],[111.725445,33.316406],[111.725201,33.316669],[111.724876,33.316778],[111.724308,33.316821],[111.723884,33.316796],[111.723503,33.316913],[111.723227,33.317115],[111.72291,33.317294],[111.722331,33.317476],[111.721864,33.317579],[111.721135,33.317866],[111.720059,33.31802],[111.719466,33.318152],[111.719035,33.318316],[111.718404,33.318719],[111.71746,33.319589],[111.717079,33.32127],[111.716752,33.321635],[111.716422,33.321911],[111.715939,33.322225],[111.714207,33.322539],[111.713045,33.322899],[111.712705,33.323146],[111.71231,33.323502],[111.711205,33.323841],[111.710449,33.323912],[111.70966,33.32387],[111.709143,33.323899],[111.707405,33.32484],[111.706718,33.324977],[111.706251,33.325174],[111.706723,33.325398],[111.708797,33.326752],[111.709733,33.327207],[111.710717,33.327619],[111.711146,33.328115],[111.712273,33.328563],[111.713147,33.328823],[111.713732,33.329152],[111.714239,33.329728],[111.71448,33.33017],[111.714563,33.330768],[111.714354,33.331812],[111.714314,33.332373],[111.714349,33.33296],[111.714499,33.333231],[111.714923,33.333455],[111.715076,33.333876],[111.716666,33.334853],[111.717173,33.33538],[111.718487,33.336467],[111.719716,33.337697],[111.720097,33.337977],[111.721027,33.33843],[111.722586,33.33888],[111.723222,33.339266],[111.72449,33.340247],[111.725212,33.341018],[111.726065,33.342515],[111.725971,33.342674],[111.726349,33.342721],[111.726794,33.342595],[111.727256,33.342524],[111.72794,33.342306],[111.728323,33.342055],[111.728497,33.34186],[111.729377,33.341719],[111.729549,33.341589],[111.730195,33.340906],[111.730759,33.340397],[111.730842,33.340276],[111.731252,33.339924],[111.731467,33.339806],[111.731622,33.339747],[111.732164,33.33972],[111.732934,33.339797],[111.733164,33.339369],[111.733352,33.339102],[111.733545,33.338896],[111.733572,33.338797],[111.733561,33.338647],[111.733406,33.338076],[111.733556,33.337728],[111.733916,33.337296],[111.734023,33.33687],[111.734141,33.33659],[111.734473,33.336254],[111.734806,33.33575],[111.735042,33.335656],[111.735514,33.335544],[111.735635,33.335541],[111.736705,33.335689],[111.737255,33.335727],[111.737655,33.335568],[111.737998,33.335535],[111.738687,33.335364],[111.739425,33.335333],[111.7395,33.335268],[111.739731,33.334826],[111.739953,33.334661],[111.740482,33.334425],[111.740929,33.334324],[111.741324,33.334331],[111.742214,33.334248],[111.742378,33.334268],[111.742713,33.334208],[111.742987,33.334203],[111.743065,33.334255],[111.74347,33.334233],[111.743684,33.334188],[111.743773,33.334114],[111.743893,33.333986],[111.744038,33.333677],[111.74414,33.333603],[111.744371,33.333551],[111.744934,33.333542],[111.745854,33.333316],[111.747045,33.332933],[111.747324,33.33296],[111.747681,33.332931],[111.748214,33.332659],[111.748504,33.332554],[111.748992,33.33211],[111.749668,33.331723],[111.750046,33.331597],[111.750813,33.331525],[111.751342,33.331254],[111.751741,33.331149],[111.752197,33.330979],[111.752332,33.330956],[111.752611,33.33097],[111.752879,33.331071],[111.752967,33.331068],[111.753144,33.330992],[111.753391,33.330813],[111.753471,33.330649],[111.753587,33.330062],[111.753836,33.32978],[111.754735,33.329435],[111.755159,33.329154],[111.75533,33.329092],[111.755944,33.329076],[111.756476,33.329181],[111.757795,33.329222],[111.758152,33.329157],[111.758385,33.329076],[111.758672,33.328937],[111.758868,33.328789],[111.759107,33.32839],[111.759372,33.328072],[111.759544,33.327931],[111.760327,33.327458],[111.760869,33.327265],[111.76158,33.327169],[111.76188,33.327281],[111.762159,33.327308],[111.762621,33.327236],[111.762862,33.327236],[111.763455,33.327326],[111.764074,33.327496],[111.764388,33.327852],[111.76449,33.328081],[111.764525,33.328094],[111.764855,33.328083],[111.765405,33.327904],[111.765539,33.327897],[111.765659,33.327938],[111.766086,33.327922],[111.766209,33.327774],[111.766217,33.327687],[111.766298,33.32755],[111.766496,33.327371],[111.766612,33.327281],[111.76696,33.327178],[111.767167,33.327068],[111.76728,33.326826],[111.767561,33.326593],[111.767693,33.326441],[111.767853,33.326024],[111.767988,33.325927],[111.768293,33.325806],[111.768409,33.325719],[111.768452,33.325212],[111.768672,33.324674],[111.768704,33.324385],[111.768744,33.324347],[111.769884,33.324125],[111.77012,33.324121],[111.770495,33.324244],[111.770917,33.324253],[111.7717,33.323948],[111.772062,33.323673],[111.772177,33.323554],[111.772504,33.322839],[111.772842,33.322709],[111.774446,33.322252],[111.774945,33.322178],[111.775366,33.322048],[111.77634,33.321875],[111.776748,33.321739],[111.776922,33.32164],[111.77745,33.320968],[111.777593,33.320669],[111.777745,33.319786],[111.777783,33.319349],[111.777729,33.318984],[111.777654,33.318816],[111.777678,33.318731],[111.778529,33.318719],[111.778915,33.31867],[111.779081,33.318715],[111.77932,33.318715],[111.779543,33.31865],[111.779881,33.318428],[111.78076,33.31809],[111.781112,33.317987],[111.78167,33.318022],[111.782659,33.317821],[111.783164,33.317765],[111.783585,33.317762],[111.784303,33.317827],[111.785173,33.317774],[111.786304,33.317783],[111.786827,33.317677],[111.787047,33.317594],[111.787198,33.317074],[111.787482,33.316373],[111.787536,33.316303],[111.787632,33.31627],[111.787943,33.316267],[111.788158,33.316337],[111.788726,33.316427],[111.788954,33.316418],[111.789453,33.316373],[111.790178,33.31625],[111.790837,33.316034],[111.791682,33.315895],[111.792388,33.315871],[111.793225,33.31579],[111.793981,33.31577],[111.79441,33.315882],[111.794654,33.315404],[111.794989,33.314873],[111.795073,33.31462],[111.794992,33.314353],[111.794952,33.314111],[111.794963,33.313968],[111.795789,33.313618],[111.796451,33.313165],[111.796896,33.313103],[111.797116,33.313145],[111.798758,33.313829],[111.799104,33.313804],[111.7993,33.313728],[111.799638,33.313744],[111.799734,33.313766],[111.79993,33.313878],[111.8003,33.313954],[111.800743,33.313952],[111.801252,33.313999],[111.801483,33.314064],[111.802127,33.314322],[111.802288,33.314414],[111.802516,33.314761],[111.80284,33.315062],[111.803709,33.315378],[111.80486,33.315225],[111.805437,33.315201],[111.806032,33.315288],[111.806359,33.315445],[111.806796,33.3156],[111.807419,33.316088],[111.807649,33.316113],[111.808848,33.3159],[111.809428,33.315853],[111.809583,33.315806],[111.810029,33.315411],[111.810914,33.314967],[111.811375,33.314546],[111.811812,33.313923],[111.812233,33.313448],[111.813033,33.312887],[111.8138,33.313741],[111.814165,33.313242],[111.814347,33.313053],[111.814551,33.312941],[111.814725,33.3131],[111.814781,33.31328],[111.814889,33.313425],[111.815578,33.314212],[111.815935,33.314474],[111.816552,33.315001],[111.817198,33.315409],[111.817391,33.315494],[111.818003,33.31529],[111.818319,33.315248],[111.818915,33.315205],[111.819392,33.315272],[111.819398,33.315297],[111.818708,33.315835],[111.818665,33.315902],[111.818711,33.316088],[111.81884,33.316496],[111.819186,33.31638],[111.819406,33.316978],[111.819668,33.317117],[111.819894,33.317296],[111.820122,33.31707],[111.820626,33.316965],[111.820669,33.3169],[111.82061,33.316566],[111.821026,33.316687],[111.821704,33.31707],[111.821876,33.317101],[111.822316,33.317263],[111.822383,33.317202],[111.822745,33.317406],[111.823525,33.317225],[111.8237,33.31729],[111.824126,33.317608],[111.825027,33.318202],[111.825245,33.318424],[111.825693,33.319302],[111.826095,33.319802],[111.826489,33.320448],[111.826806,33.320829],[111.827069,33.321234],[111.827254,33.321463],[111.828327,33.322436],[111.828592,33.322996],[111.829327,33.324092],[111.829756,33.324634],[111.830129,33.325035],[111.830649,33.325735],[111.830883,33.326936],[111.831132,33.32751],[111.831215,33.328012],[111.831325,33.329842],[111.831277,33.330026],[111.83128,33.330427],[111.831231,33.330911],[111.831073,33.331279],[111.831003,33.331559],[111.831011,33.331629],[111.831073,33.331826],[111.83118,33.331956],[111.831516,33.332207],[111.831712,33.332227],[111.831787,33.332287],[111.831636,33.332471],[111.83128,33.332745],[111.831121,33.332964],[111.831639,33.333518],[111.831779,33.333751],[111.831964,33.334246],[111.832471,33.335136],[111.832685,33.335777],[111.832873,33.336144],[111.832953,33.336386],[111.833297,33.336922],[111.833345,33.337065],[111.83334,33.337249],[111.83312,33.337778],[111.833045,33.338578],[111.832886,33.339008],[111.832862,33.33923],[111.832873,33.339351],[111.832983,33.339593],[111.832996,33.339725],[111.832945,33.340119],[111.832932,33.340639],[111.833128,33.341159],[111.833122,33.341349],[111.833018,33.341603],[111.832932,33.341984],[111.832897,33.34238],[111.832457,33.343413],[111.832385,33.34372],[111.832441,33.344301],[111.832495,33.344455],[111.832497,33.344708],[111.832602,33.344982],[111.832752,33.345806],[111.83272,33.346124],[111.832564,33.346577],[111.832607,33.347166],[111.832709,33.347523],[111.832851,33.347872],[111.832876,33.348152],[111.832999,33.348217],[111.833356,33.348291],[111.833868,33.348354],[111.833965,33.348405],[111.834506,33.34854],[111.834579,33.348623],[111.83445,33.349288],[111.834415,33.349824],[111.834222,33.350263],[111.833879,33.351385],[111.833801,33.35219],[111.833686,33.352595],[111.833621,33.352963],[111.833471,33.353386],[111.833281,33.3537],[111.832978,33.353919],[111.832607,33.354114],[111.832283,33.354237],[111.83187,33.354345],[111.831953,33.354632],[111.832117,33.355017],[111.832095,33.355288],[111.832009,33.355474],[111.831875,33.355615],[111.831647,33.356063],[111.831459,33.356668],[111.830848,33.357629],[111.830834,33.357914],[111.831111,33.358344],[111.831218,33.35866],[111.831537,33.359345],[111.831502,33.359641],[111.831312,33.360127],[111.831741,33.360356],[111.832218,33.360506],[111.832554,33.36071],[111.832819,33.360777],[111.833074,33.360817],[111.833589,33.360793],[111.834348,33.360833],[111.834606,33.360869],[111.835247,33.361106],[111.83548,33.361258],[111.835641,33.361424],[111.835716,33.36153],[111.835882,33.362022],[111.836113,33.362298],[111.83643,33.362582],[111.836923,33.362905],[111.837266,33.363248],[111.83754,33.363611],[111.837709,33.363716],[111.838288,33.363844],[111.838787,33.363873],[111.838978,33.36366],[111.839246,33.36351],[111.839423,33.363351],[111.839753,33.363221],[111.83993,33.363205],[111.840359,33.363275],[111.840606,33.363402],[111.840852,33.363485],[111.841024,33.363658],[111.841107,33.363875],[111.841467,33.364534],[111.841593,33.364923],[111.841748,33.365212],[111.842427,33.365972],[111.842644,33.365987],[111.842979,33.365916],[111.843199,33.365911],[111.843562,33.365849],[111.844111,33.36586],[111.84427,33.365934],[111.844586,33.366156],[111.845479,33.367058],[111.846077,33.367397],[111.846308,33.367609],[111.846442,33.367775],[111.846775,33.368342],[111.846896,33.368617],[111.847016,33.369043],[111.847032,33.369354],[111.846989,33.369513],[111.846863,33.369708],[111.846775,33.369791],[111.846651,33.369838],[111.84681,33.370244],[111.846845,33.370501],[111.846826,33.370662],[111.846643,33.371283],[111.846633,33.371856],[111.847325,33.372242],[111.847899,33.372725],[111.848277,33.373263],[111.84884,33.37381],[111.849047,33.374168],[111.8495,33.374605],[111.849776,33.375299],[111.850093,33.375532],[111.850211,33.375666],[111.85031,33.375852],[111.85042,33.376392],[111.850683,33.376869],[111.850884,33.377532],[111.851297,33.377875],[111.851426,33.378097],[111.85149,33.378307],[111.851651,33.378509],[111.85182,33.378634],[111.852888,33.379194],[111.85289,33.379273],[111.853024,33.379644],[111.853121,33.380401],[111.853207,33.380607],[111.853274,33.381024],[111.8534,33.381456],[111.85351,33.381566],[111.853998,33.381808],[111.854797,33.382104],[111.85539,33.38226],[111.855285,33.382625],[111.855296,33.382809],[111.855323,33.382908],[111.85568,33.383347],[111.855758,33.383577],[111.855792,33.383817],[111.85576,33.385096],[111.855626,33.385586],[111.85557,33.385951],[111.855371,33.386419],[111.855363,33.386552],[111.855406,33.386668],[111.855755,33.38708],[111.856128,33.387438],[111.856289,33.387669],[111.857544,33.388439],[111.857705,33.388549],[111.857906,33.388755],[111.858485,33.389096],[111.859027,33.389317],[111.860108,33.389873],[111.86105,33.390567],[111.86083,33.391064],[111.860709,33.39144],[111.860489,33.391873],[111.860344,33.392426],[111.860328,33.392766],[111.860277,33.393012],[111.859977,33.393749],[111.859633,33.394296],[111.859244,33.394775],[111.859185,33.394887],[111.859215,33.395028],[111.859499,33.395422],[111.859912,33.395801],[111.860312,33.396103],[111.860374,33.39623],[111.860366,33.396416],[111.860242,33.396638],[111.860191,33.396893],[111.86024,33.397111],[111.860331,33.397319],[111.860333,33.397417],[111.860248,33.397677],[111.860073,33.397926],[111.860054,33.398015],[111.860288,33.398508],[111.860296,33.398671],[111.860143,33.399135],[111.860065,33.399289],[111.859818,33.39961],[111.859572,33.399755],[111.859295,33.399854],[111.858837,33.400136],[111.858582,33.400393],[111.85841,33.400711],[111.857997,33.40111],[111.857262,33.401459],[111.857115,33.401571],[111.856836,33.401638],[111.856407,33.401817],[111.855605,33.401976],[111.855581,33.402053],[111.855613,33.402259],[111.855817,33.402583],[111.856554,33.403123],[111.856645,33.403289],[111.856675,33.403506],[111.856627,33.403671],[111.856533,33.403815],[111.856326,33.404361],[111.856256,33.405187],[111.856294,33.405349],[111.856511,33.405881],[111.856715,33.40598],[111.857005,33.406034],[111.857364,33.406011],[111.857667,33.406047],[111.858255,33.406036],[111.858732,33.406094],[111.859094,33.406197],[111.85936,33.406226],[111.859518,33.406273],[111.859687,33.406379],[111.859993,33.406466],[111.86076,33.406587],[111.861251,33.406576],[111.86153,33.406602],[111.861669,33.406676],[111.862412,33.406923],[111.863276,33.407133],[111.864609,33.407294],[111.865287,33.40763],[111.86558,33.407982],[111.865725,33.408096],[111.86603,33.408203],[111.867119,33.408338],[111.867854,33.408553],[111.86845,33.408911],[111.868731,33.409007],[111.86963,33.409504],[111.869863,33.409668],[111.870537,33.410621],[111.870939,33.411083],[111.871167,33.411432],[111.871242,33.411665],[111.871631,33.412453],[111.871969,33.412907],[111.872009,33.412999],[111.872022,33.413308],[111.872063,33.413472],[111.872293,33.414163],[111.872395,33.414381],[111.872596,33.415406],[111.872682,33.415666],[111.872712,33.415986],[111.872945,33.416051],[111.873109,33.416053],[111.873334,33.415984],[111.873702,33.415784],[111.873994,33.415576],[111.874147,33.415381],[111.874335,33.41522],[111.874461,33.415171],[111.874648,33.415122],[111.875072,33.415135],[111.875533,33.41509],[111.875812,33.415202],[111.876196,33.415547],[111.877092,33.416248],[111.877172,33.416279],[111.877489,33.41627],[111.877883,33.41636],[111.878087,33.416472],[111.878548,33.416637],[111.878873,33.416855],[111.879956,33.417396],[111.880115,33.417528],[111.880335,33.417638],[111.880493,33.417784],[111.880909,33.417965],[111.88174,33.417985],[111.881941,33.417958],[111.88421,33.417266],[111.88572,33.416926],[111.886244,33.416933],[111.886654,33.416991],[111.886976,33.417112],[111.887316,33.417188],[111.887587,33.4173],[111.887984,33.41751],[111.888239,33.417728],[111.888674,33.418236],[111.889132,33.418894],[111.889366,33.419366],[111.889545,33.419622],[111.889696,33.419729],[111.889985,33.419776],[111.8902,33.419772],[111.890683,33.419671],[111.891573,33.419561],[111.8926,33.419499],[111.892836,33.419447],[111.89403,33.419904],[111.894647,33.420013],[111.894859,33.42011],[111.895175,33.420378],[111.895379,33.42066],[111.89665,33.421395],[111.896857,33.42167],[111.896967,33.421934],[111.897396,33.421807],[111.898053,33.421773],[111.898909,33.422489],[111.899132,33.422745],[111.899373,33.423123],[111.900462,33.424224],[111.901039,33.424672],[111.901387,33.424979],[111.901596,33.425223],[111.90271,33.425863],[111.902946,33.425928],[111.903321,33.425921],[111.904544,33.425756],[111.906363,33.425617],[111.906583,33.425635],[111.907114,33.425776],[111.907251,33.425841],[111.908323,33.427074],[111.908573,33.427267],[111.908822,33.427533],[111.909155,33.427817],[111.90941,33.428151],[111.909463,33.428314],[111.909504,33.428668],[111.909598,33.428954],[111.909522,33.429107],[111.909557,33.429324],[111.909549,33.429543],[111.909356,33.429756],[111.909353,33.429843],[111.909608,33.430295],[111.90975,33.43064],[111.90978,33.431085],[111.9096,33.431363],[111.909632,33.431676],[111.909707,33.431846],[111.909925,33.432079],[111.910078,33.432366],[111.910212,33.432531],[111.911054,33.433315],[111.911649,33.433756],[111.9117,33.433843],[111.911711,33.434015],[111.911934,33.43447],[111.912046,33.43458],[111.912207,33.434656],[111.912358,33.43479],[111.912639,33.435123],[111.912797,33.435374],[111.913315,33.435363],[111.913404,33.43539],[111.913886,33.43575],[111.913964,33.435784],[111.914299,33.435813],[111.914391,33.435855],[111.914635,33.436084],[111.914812,33.436193],[111.915021,33.436245],[111.915879,33.436623],[111.916019,33.436543],[111.916239,33.436952],[111.916477,33.437254],[111.916652,33.437619],[111.916848,33.437877],[111.916984,33.438127],[111.917344,33.438356],[111.917612,33.438481],[111.918135,33.438664],[111.918529,33.438723],[111.919165,33.438669],[111.919583,33.438767],[111.920096,33.438788],[111.920927,33.438752],[111.921061,33.438781],[111.921464,33.439065],[111.921464,33.439159],[111.921268,33.439358],[111.921102,33.440028],[111.920863,33.44039],[111.92082,33.440652],[111.920796,33.441297],[111.920801,33.441509],[111.920833,33.441608],[111.920629,33.44189],[111.920337,33.442145],[111.919962,33.442537],[111.919551,33.442883],[111.919363,33.443192],[111.919377,33.443689],[111.91949,33.444237],[111.919557,33.444376],[111.919962,33.444848],[111.920053,33.445016],[111.92009,33.445511],[111.92016,33.4458],[111.920098,33.445963],[111.920096,33.4461],[111.920037,33.446332],[111.920053,33.446496],[111.920088,33.446578],[111.92056,33.447102],[111.920536,33.447386],[111.920367,33.447724],[111.920444,33.448535],[111.920375,33.44879],[111.920667,33.449047],[111.921182,33.449351],[111.921659,33.449513],[111.921764,33.449598],[111.921882,33.449962],[111.921844,33.450117],[111.921705,33.450417],[111.9217,33.450508],[111.921922,33.450902],[111.921877,33.451233],[111.922013,33.451547],[111.922335,33.451891],[111.922791,33.452124],[111.922882,33.452281],[111.922936,33.452469],[111.92296,33.452807],[111.923033,33.452959],[111.923727,33.453236],[111.923867,33.453328],[111.924076,33.45355],[111.924143,33.453688],[111.924159,33.453897],[111.924275,33.454107],[111.924814,33.454575],[111.92491,33.454827],[111.925114,33.455143],[111.925726,33.455745],[111.926002,33.456103],[111.926431,33.457025],[111.926694,33.457298],[111.926863,33.457385],[111.927375,33.457399],[111.927855,33.457354],[111.927992,33.457587],[111.928065,33.458043],[111.9277,33.458784],[111.927673,33.459216],[111.927737,33.459469],[111.927871,33.459724],[111.928019,33.459925],[111.92803,33.459994],[111.927847,33.460131],[111.92767,33.460185],[111.927501,33.460399],[111.927622,33.461863],[111.927574,33.462615],[111.927719,33.462964],[111.927748,33.463463],[111.927694,33.46364],[111.927627,33.464291],[111.927539,33.464579],[111.927254,33.465052],[111.927241,33.465181],[111.927601,33.465488],[111.927759,33.465535],[111.928027,33.465718],[111.928354,33.466266],[111.928496,33.466352],[111.928947,33.466336],[111.929089,33.466258],[111.929556,33.466284],[111.929931,33.46658],[111.930124,33.466616],[111.930229,33.466589],[111.930661,33.466273],[111.930819,33.466249],[111.931632,33.466445],[111.932064,33.466678],[111.932219,33.466853],[111.932367,33.466958],[111.93307,33.467121],[111.933528,33.467155],[111.934421,33.467508],[111.935333,33.468018],[111.935516,33.468222],[111.935607,33.468372],[111.935712,33.468656],[111.935856,33.468866],[111.935988,33.468965],[111.936283,33.469079],[111.936599,33.469585],[111.936621,33.469737],[111.936752,33.469815],[111.93672,33.470119],[111.936795,33.47035],[111.936632,33.470636],[111.936634,33.47073],[111.936677,33.47082],[111.93701,33.470972],[111.937101,33.471229],[111.93767,33.472326],[111.937798,33.47265],[111.937852,33.472704],[111.937903,33.473046],[111.937865,33.473476],[111.937758,33.47361],[111.937495,33.473827],[111.937356,33.474064],[111.937281,33.474285],[111.937141,33.474511],[111.936685,33.475062],[111.936959,33.475583],[111.93705,33.476042],[111.937155,33.476256],[111.937208,33.476722],[111.937254,33.476863],[111.937248,33.477071],[111.937173,33.477207],[111.936771,33.477536],[111.936232,33.477785],[111.935931,33.478022],[111.935693,33.478129],[111.935309,33.478116],[111.935207,33.47816],[111.935068,33.478574],[111.934813,33.479601],[111.934542,33.480058],[111.934491,33.480266],[111.934545,33.480449],[111.934875,33.481096],[111.935197,33.481603],[111.935347,33.482022],[111.93565,33.482592],[111.936076,33.482923],[111.936366,33.483297],[111.936841,33.483691],[111.938034,33.484279],[111.938734,33.484782],[111.939078,33.4851],[111.939102,33.485196],[111.939056,33.485312],[111.93889,33.485516],[111.938863,33.485603],[111.93886,33.485807],[111.938906,33.485957],[111.939244,33.486366],[111.939308,33.486406],[111.939453,33.486427],[111.940003,33.486451],[111.940298,33.485883],[111.940915,33.486485],[111.941881,33.487344],[111.942412,33.487876],[111.942685,33.488077],[111.942784,33.488205],[111.942822,33.48831],[111.942801,33.488404],[111.942589,33.488751],[111.942554,33.48888],[111.942591,33.489138],[111.942683,33.489339],[111.943058,33.489901],[111.943071,33.490164],[111.943222,33.490404],[111.943281,33.490929],[111.943243,33.49141],[111.943375,33.491612],[111.943527,33.492057],[111.943195,33.493271],[111.943187,33.49354],[111.943321,33.493779],[111.943678,33.494124],[111.943769,33.494267],[111.943865,33.494576],[111.943922,33.494647],[111.944316,33.494904],[111.944456,33.49507],[111.944528,33.495235],[111.944517,33.495497],[111.944592,33.495689],[111.944598,33.495806],[111.94449,33.496399],[111.944348,33.496633],[111.944311,33.496797],[111.944388,33.497045],[111.944388,33.497342],[111.944418,33.497401],[111.944662,33.497591],[111.944694,33.498472],[111.945185,33.498926],[111.945212,33.49915],[111.945266,33.499302],[111.945518,33.499344],[111.945668,33.499431],[111.946159,33.500136],[111.946346,33.500167],[111.94651,33.500293],[111.948905,33.498282],[111.950338,33.497416],[111.950936,33.49721],[111.951826,33.49724],[111.953521,33.497602],[111.954734,33.497745],[111.955812,33.49783],[111.956099,33.497682],[111.955887,33.496396],[111.955914,33.495853],[111.956115,33.494634],[111.956233,33.493426],[111.956461,33.492708],[111.956665,33.492464],[111.956957,33.492229],[111.957298,33.492034],[111.958076,33.491674],[111.961112,33.490887],[111.961571,33.490851],[111.96222,33.490945],[111.962786,33.491084],[111.963282,33.491146],[111.963593,33.491122],[111.965559,33.490057],[111.966514,33.489782],[111.966763,33.489628],[111.96689,33.489348],[111.967155,33.487932],[111.967332,33.48763],[111.96815,33.486852],[111.968335,33.486321],[111.968413,33.485726],[111.968531,33.485462],[111.968845,33.485281],[111.969711,33.484937],[111.970706,33.484959],[111.971173,33.485037],[111.971514,33.485046],[111.972029,33.484968],[111.972444,33.484657],[111.972831,33.483628],[111.973118,33.483241],[111.973316,33.483037],[111.973646,33.482986],[111.974196,33.48308],[111.974789,33.483275],[111.975915,33.483579],[111.976967,33.483552],[111.977844,33.483364],[111.978297,33.483225],[111.979037,33.482711],[111.979359,33.482225],[111.979533,33.481829],[111.979815,33.481391],[111.980252,33.480827],[111.980748,33.480328],[111.981027,33.479972],[111.981567,33.479805],[111.982127,33.479675],[111.982841,33.479413],[111.983557,33.478955],[111.984683,33.47774],[111.98534,33.477482],[111.986499,33.476798],[111.986826,33.476415],[111.987178,33.475507],[111.987521,33.474147],[111.987508,33.472939],[111.98762,33.47263],[111.987982,33.472482],[111.989047,33.472164],[111.989557,33.471896],[111.989688,33.47154],[111.989774,33.471079],[111.98982,33.470507],[111.990093,33.470249],[111.99086,33.469862],[111.991287,33.46948],[111.991928,33.468567],[111.992502,33.46796],[111.993567,33.467253],[111.99424,33.466273],[111.99487,33.465528],[111.995678,33.464729],[111.996088,33.463716],[111.996088,33.462539],[111.996032,33.461807],[111.995806,33.460185],[111.995788,33.458976],[111.99568,33.458193],[111.99549,33.457338],[111.995595,33.456513],[111.995643,33.45581],[111.995595,33.454951],[111.995809,33.453917],[111.995855,33.453093],[111.995329,33.450795],[111.994996,33.450063],[111.994363,33.448837],[111.994194,33.448378],[111.994119,33.447715],[111.994294,33.447241],[111.994709,33.446887],[111.995847,33.446525],[111.99638,33.44612],[111.998298,33.444023],[111.998674,33.443694],[111.999653,33.44315],[111.999975,33.442883],[112.000007,33.442378],[111.999457,33.44163],[111.99869,33.440697],[111.998078,33.440195],[111.997579,33.439609],[111.996976,33.438483],[111.996501,33.43783],[111.996372,33.437559],[111.996536,33.437227],[111.997705,33.435954],[111.999063,33.43423],[112.00053,33.433002],[112.001576,33.431889],[112.002759,33.430537],[112.005216,33.428238],[112.005765,33.427426],[112.005993,33.426485],[112.006613,33.42467],[112.007166,33.423994],[112.008515,33.422908],[112.009462,33.42176],[112.009773,33.421019],[112.010309,33.419069],[112.011079,33.416452],[112.012243,33.413422],[112.012718,33.412813],[112.013437,33.412607],[112.014397,33.4128],[112.014882,33.413066],[112.01592,33.412923],[112.017755,33.412437],[112.018315,33.412634],[112.020488,33.413557],[112.022425,33.415016],[112.023632,33.415545],[112.025488,33.416803],[112.031354,33.418894],[112.033196,33.419149],[112.033754,33.41901],[112.035664,33.418055],[112.036866,33.418113],[112.038062,33.4179],[112.039661,33.417685],[112.040382,33.417813],[112.04248,33.419138],[112.042903,33.421146],[112.043306,33.421278],[112.044904,33.421265],[112.045787,33.421392],[112.046755,33.422122],[112.0483,33.424189],[112.048979,33.427338],[112.050041,33.429073],[112.050765,33.429469],[112.051325,33.429465],[112.051725,33.429326],[112.052506,33.427844],[112.053546,33.427701],[112.054426,33.427828],[112.054099,33.427226],[112.052632,33.424959],[112.052374,33.423416],[112.052106,33.421135],[112.05242,33.420598],[112.052811,33.420058],[112.053847,33.419512],[112.055282,33.41923],[112.055751,33.418355],[112.056918,33.415534],[112.05713,33.413048],[112.056701,33.410702],[112.056853,33.410232],[112.058755,33.408537],[112.059302,33.407594],[112.059764,33.406047],[112.060067,33.404704],[112.060383,33.404363],[112.061502,33.404287],[112.065101,33.404256],[112.065662,33.404117],[112.065809,33.403244],[112.066987,33.401287],[112.068411,33.400001],[112.067435,33.398667],[112.067266,33.39793],[112.06685,33.396658],[112.066764,33.396123],[112.066037,33.395525],[112.065713,33.395194],[112.068226,33.391548],[112.070071,33.388372],[112.070112,33.387886],[112.070232,33.387488],[112.070771,33.38654],[112.070876,33.386039],[112.070804,33.385676],[112.070919,33.385264],[112.072477,33.385407],[112.072957,33.385868],[112.073454,33.387208],[112.073945,33.388142],[112.074669,33.388473],[112.077708,33.38831],[112.080106,33.388289],[112.082029,33.388475],[112.083877,33.389131],[112.084515,33.389125],[112.084987,33.388516],[112.085065,33.388113],[112.084732,33.387311],[112.084566,33.386708],[112.084298,33.384496],[112.084201,33.383223],[112.083541,33.381483],[112.08337,33.380545],[112.083525,33.380276],[112.08584,33.379785],[112.085974,33.377839],[112.085414,33.377642],[112.081259,33.377947],[112.079966,33.376883],[112.079998,33.373059],[112.080055,33.371113],[112.079805,33.370443],[112.079041,33.368707],[112.078579,33.368644],[112.078225,33.368427],[112.077968,33.368409],[112.077777,33.368418],[112.077281,33.36859],[112.076908,33.368758],[112.076678,33.368767],[112.076369,33.368689],[112.076093,33.368503],[112.075844,33.368461],[112.07543,33.368635],[112.07516,33.36883],[112.074991,33.368794],[112.074409,33.368792],[112.07406,33.368664],[112.0738,33.368608],[112.072984,33.368566],[112.071563,33.368792],[112.071136,33.368747],[112.070594,33.368599],[112.070439,33.368579],[112.070248,33.368611],[112.070079,33.36855],[112.069881,33.368429],[112.06987,33.368326],[112.070045,33.368055],[112.070039,33.367983],[112.069814,33.367753],[112.069511,33.367237],[112.069331,33.366832],[112.068956,33.366384],[112.068754,33.366285],[112.068604,33.366066],[112.068492,33.365703],[112.068309,33.365423],[112.068307,33.365065],[112.068245,33.364899],[112.0681,33.364704],[112.0678,33.363974],[112.067644,33.363317],[112.067523,33.363214],[112.066995,33.363239],[112.066432,33.363057],[112.066268,33.362945],[112.06608,33.362616],[112.065831,33.362457],[112.06541,33.362374],[112.06545,33.361487],[112.065434,33.360801],[112.065152,33.360593],[112.064554,33.360232],[112.064482,33.360076],[112.064356,33.359274],[112.064337,33.358837],[112.064366,33.358561],[112.064433,33.358409],[112.064396,33.358286],[112.064224,33.358106],[112.063886,33.357923],[112.063481,33.357867],[112.062714,33.358012],[112.062609,33.357833],[112.062502,33.357739],[112.062272,33.357654],[112.062009,33.357495],[112.061872,33.357309],[112.061749,33.357237],[112.061258,33.357121],[112.060748,33.357087],[112.060563,33.356995],[112.060437,33.356881],[112.060265,33.356525],[112.059986,33.356337],[112.059646,33.356191],[112.059254,33.356072],[112.058833,33.355835],[112.058696,33.355734],[112.058524,33.355528],[112.058337,33.355156],[112.058074,33.354889],[112.057208,33.354184],[112.056837,33.353516],[112.056475,33.353234],[112.056336,33.353063],[112.05622,33.352768],[112.056011,33.35247],[112.055805,33.352248],[112.055378,33.352203],[112.054662,33.35221],[112.054568,33.352151],[112.054276,33.351842],[112.053659,33.351802],[112.053326,33.351856],[112.05268,33.351603],[112.051744,33.351421],[112.051344,33.351419],[112.050942,33.351374],[112.050687,33.351296],[112.050038,33.350937],[112.049823,33.350796],[112.049727,33.350677],[112.049531,33.350554],[112.048941,33.350068],[112.048477,33.349965],[112.048069,33.349779],[112.04786,33.349638],[112.04672,33.349337],[112.046243,33.349315],[112.045894,33.34936],[112.045687,33.349328],[112.045518,33.349243],[112.045229,33.349008],[112.044668,33.348627],[112.044545,33.348486],[112.044443,33.347785],[112.044215,33.347635],[112.043603,33.347063],[112.042699,33.346476],[112.042506,33.346413],[112.041667,33.346416],[112.041439,33.346481],[112.040873,33.346857],[112.040382,33.346911],[112.039918,33.346828],[112.039374,33.346879],[112.037906,33.347505],[112.03752,33.347556],[112.037324,33.347525],[112.037048,33.347543],[112.03696,33.347695],[112.03686,33.347794],[112.036686,33.347888],[112.036316,33.347921],[112.035635,33.347843],[112.035018,33.348],[112.034419,33.348237],[112.034065,33.348296],[112.033945,33.348204],[112.033693,33.347845],[112.03354,33.347722],[112.033347,33.347628],[112.03273,33.347509],[112.032378,33.347251],[112.031904,33.347012],[112.031627,33.347186],[112.030989,33.347702],[112.030549,33.347899],[112.030168,33.348161],[112.030042,33.348206],[112.029334,33.348195],[112.029162,33.348024],[112.029119,33.34793],[112.029178,33.347565],[112.029127,33.347453],[112.029028,33.347379],[112.028666,33.347249],[112.028395,33.347065],[112.028264,33.346613],[112.02821,33.346499],[112.028087,33.346409],[112.027574,33.346216],[112.027172,33.34618],[112.027065,33.34614],[112.026968,33.34603],[112.026713,33.345414],[112.026614,33.345275],[112.026123,33.345038],[112.025496,33.345011],[112.025362,33.344979],[112.025123,33.344836],[112.024922,33.344556],[112.024662,33.344399],[112.024039,33.344296],[112.023457,33.343792],[112.023275,33.343709],[112.022843,33.343615],[112.022696,33.343541],[112.022623,33.343471],[112.022443,33.343003],[112.022336,33.342815],[112.02169,33.342353],[112.021373,33.342064],[112.020842,33.341735],[112.020665,33.341589],[112.020445,33.341267],[112.020107,33.340386],[112.019793,33.339707],[112.019681,33.339561],[112.019131,33.339259],[112.018071,33.338463],[112.017634,33.338194],[112.017328,33.337957],[112.01713,33.337744],[112.017095,33.337657],[112.016996,33.33769],[112.016258,33.33741],[112.015939,33.337381],[112.015242,33.337388],[112.015022,33.337419],[112.013823,33.337386],[112.013404,33.337294],[112.01312,33.33717],[112.012243,33.337139],[112.011411,33.336993],[112.01095,33.336843],[112.010288,33.336684],[112.009644,33.336588],[112.009365,33.336603],[112.009158,33.336691],[112.009011,33.336803],[112.00896,33.336996],[112.008906,33.337054],[112.008702,33.337148],[112.008493,33.337197],[112.007667,33.337204],[112.007434,33.337242],[112.00701,33.337231],[112.006377,33.337321],[112.005661,33.337298],[112.0051,33.337188],[112.004625,33.337437],[112.004293,33.337784],[112.004247,33.337943],[112.003727,33.338492],[112.003475,33.338985],[112.003182,33.339331],[112.003056,33.339698],[112.003,33.339779],[112.002882,33.339855],[112.002721,33.339873],[112.002324,33.339824],[112.001943,33.33983],[112.001833,33.339951],[112.001731,33.340487],[112.001739,33.340789],[112.001149,33.34078],[112.000535,33.340827],[112.00009,33.34091],[111.999666,33.340769],[111.999548,33.340758],[111.999191,33.340883],[111.998915,33.341128],[111.998443,33.341426],[111.998352,33.341466],[111.998137,33.341479],[111.997638,33.341343],[111.997418,33.341237],[111.997054,33.34098],[111.996936,33.340854],[111.996799,33.340899],[111.996544,33.341078],[111.995796,33.341845],[111.995718,33.341975],[111.995447,33.342089],[111.995071,33.342143],[111.994707,33.342129],[111.994519,33.342167],[111.993856,33.342149],[111.993454,33.342011],[111.993172,33.34186],[111.992789,33.341784],[111.992121,33.341511],[111.991834,33.341432],[111.991673,33.341323],[111.99152,33.341161],[111.991273,33.341255],[111.991121,33.341376],[111.990726,33.341934],[111.990466,33.342154],[111.98993,33.342302],[111.989806,33.342082],[111.989613,33.341856],[111.989407,33.341724],[111.989112,33.341417],[111.988851,33.341251],[111.988479,33.340821],[111.988243,33.340693],[111.988066,33.340554],[111.986859,33.339313],[111.986767,33.339275],[111.985799,33.339183],[111.985407,33.339019],[111.985273,33.339001],[111.984268,33.338999],[111.983994,33.339122],[111.983675,33.33908],[111.983546,33.339012],[111.983428,33.339046],[111.983197,33.338354],[111.983028,33.338105],[111.982875,33.337966],[111.982293,33.337585],[111.982132,33.33754],[111.981666,33.337576],[111.981111,33.337477],[111.980955,33.337361],[111.980606,33.337002],[111.980451,33.336899],[111.980172,33.336816],[111.979941,33.336702],[111.979831,33.33661],[111.979705,33.336489],[111.979627,33.336285],[111.979359,33.335824],[111.979136,33.335985],[111.978973,33.336054],[111.978817,33.336184],[111.978343,33.336433],[111.97658,33.337074],[111.976047,33.337173],[111.974979,33.337681],[111.973906,33.338107],[111.97371,33.337327],[111.973439,33.336834],[111.973056,33.336323],[111.972831,33.335886],[111.972369,33.335324],[111.97219,33.335167],[111.971739,33.33488],[111.971551,33.334983],[111.97091,33.335003],[111.970215,33.335086],[111.9698,33.33508],[111.969639,33.33512],[111.969027,33.335371],[111.968528,33.335712],[111.967981,33.335998],[111.967547,33.336287],[111.967453,33.336292],[111.965133,33.338311],[111.962394,33.340039],[111.961192,33.341186],[111.960704,33.341188],[111.960433,33.341031],[111.960211,33.340704],[111.959859,33.340283],[111.959715,33.339958],[111.959379,33.33979],[111.959098,33.339844],[111.958486,33.340444],[111.957859,33.34089],[111.95744,33.340904],[111.957008,33.340874],[111.95659,33.340765],[111.956067,33.340747],[111.955353,33.340841],[111.955152,33.340955],[111.954825,33.34167],[111.954736,33.342248],[111.954562,33.342385],[111.953999,33.342378],[111.953377,33.342279],[111.952658,33.341981],[111.95192,33.3415],[111.951496,33.341105],[111.951212,33.340727],[111.951142,33.34044],[111.950987,33.340189],[111.950713,33.339156],[111.950472,33.338873],[111.950262,33.338768],[111.950048,33.338786],[111.949616,33.338943],[111.948937,33.338694],[111.948712,33.338676],[111.948345,33.338804],[111.948162,33.338954],[111.947709,33.338959],[111.947194,33.338526],[111.947052,33.338569],[111.9468,33.338826],[111.946558,33.339223],[111.946006,33.339629],[111.945829,33.339734],[111.945536,33.339671],[111.945145,33.339402],[111.94471,33.338914],[111.944359,33.338631],[111.94405,33.338177],[111.943798,33.338118],[111.943326,33.337894],[111.943012,33.337448],[111.942913,33.337049],[111.942755,33.33691],[111.942087,33.336615],[111.941693,33.336478],[111.94169,33.3364],[111.941749,33.336339],[111.94194,33.336276],[111.942406,33.33573],[111.943208,33.335122],[111.944187,33.334569],[111.944346,33.334407],[111.944337,33.333809],[111.944257,33.333569],[111.944112,33.333401],[111.943938,33.332964],[111.943892,33.332718],[111.943654,33.332373],[111.943434,33.331911],[111.942562,33.331774],[111.942366,33.33168],[111.941964,33.331272],[111.941146,33.330822],[111.940993,33.33071],[111.940569,33.330221],[111.939456,33.329188],[111.938775,33.328928],[111.938635,33.328921],[111.937761,33.32859],[111.937023,33.328375],[111.936516,33.328272],[111.936342,33.328184],[111.935878,33.327725],[111.93569,33.327606],[111.934816,33.327427],[111.934687,33.327364],[111.93451,33.327104],[111.934378,33.326983],[111.934242,33.3267],[111.93392,33.32567],[111.933831,33.325533],[111.933593,33.325336],[111.932997,33.325069],[111.932852,33.324964],[111.932249,33.324437],[111.931753,33.323859],[111.93146,33.323655],[111.930833,33.323449],[111.929548,33.323198],[111.928993,33.32313],[111.928883,33.323054],[111.928679,33.322978],[111.928405,33.32292],[111.92814,33.322906],[111.927268,33.322669],[111.927088,33.322581],[111.926908,33.322384],[111.926356,33.322117],[111.92601,33.321889],[111.925581,33.321741],[111.924379,33.321651],[111.923392,33.321828],[111.922794,33.321873],[111.922456,33.321552],[111.922292,33.321272],[111.921861,33.320849],[111.921394,33.320291],[111.921059,33.319439],[111.920694,33.319074],[111.920431,33.318684],[111.920214,33.31828],[111.919589,33.317765],[111.919481,33.317431],[111.919245,33.317045],[111.919103,33.316935],[111.918706,33.316783],[111.918441,33.316478],[111.91825,33.316404],[111.917813,33.31616],[111.917405,33.316028],[111.917145,33.315907],[111.916775,33.315651],[111.916611,33.315478],[111.916451,33.315378],[111.91637,33.315259],[111.916228,33.315192],[111.916016,33.314936],[111.915641,33.314701],[111.915705,33.314589],[111.915729,33.314427],[111.915627,33.313786],[111.915388,33.313466],[111.915177,33.313013],[111.914959,33.312726],[111.914844,33.312686],[111.914138,33.312273],[111.913575,33.312015],[111.913235,33.311959],[111.91305,33.311973],[111.912993,33.31193],[111.912771,33.31113],[111.912489,33.310574],[111.912387,33.310193],[111.912124,33.309543],[111.912071,33.309319],[111.912033,33.308909],[111.911834,33.308427],[111.911746,33.308025],[111.911628,33.307786],[111.911387,33.307102],[111.91125,33.3069],[111.911215,33.306793],[111.911078,33.306624],[111.91096,33.306351],[111.910775,33.306277],[111.910397,33.306196],[111.909954,33.30603],[111.909329,33.305526],[111.908911,33.3053],[111.908578,33.305062],[111.907929,33.304898],[111.907382,33.304681],[111.90739,33.304531],[111.907535,33.304304],[111.907562,33.3041],[111.90768,33.303988],[111.907921,33.303905],[111.908093,33.303704],[111.908385,33.303502],[111.908549,33.30345],[111.908691,33.303466],[111.908927,33.303704],[111.909203,33.303753],[111.909286,33.303686],[111.909375,33.303399],[111.909415,33.303352],[111.910654,33.302724],[111.910839,33.30274],[111.910772,33.302621],[111.910737,33.302385],[111.910359,33.301616],[111.909512,33.300706],[111.909431,33.300664],[111.909337,33.300666],[111.908745,33.301002],[111.908613,33.300939],[111.908085,33.300841],[111.908085,33.300789],[111.908227,33.300704],[111.908211,33.300686],[111.908433,33.300493],[111.90879,33.300292],[111.90883,33.30009],[111.908801,33.300029],[111.908538,33.299803],[111.908415,33.29955],[111.908401,33.299287],[111.90812,33.29885],[111.907929,33.298655],[111.907752,33.298245],[111.907645,33.297837],[111.907629,33.297651],[111.907817,33.297406],[111.907969,33.297133],[111.90813,33.296942],[111.908149,33.296673],[111.90805,33.296436],[111.907867,33.296218],[111.907731,33.295969],[111.907468,33.295355],[111.90728,33.295052],[111.9072,33.295077],[111.906942,33.295342],[111.906572,33.295637],[111.906304,33.295996],[111.906191,33.296061],[111.905757,33.296218],[111.904539,33.296424],[111.904362,33.296512],[111.903855,33.296667],[111.903509,33.296514],[111.903431,33.296451],[111.903235,33.296133],[111.903214,33.295776],[111.903163,33.295532],[111.902881,33.294763],[111.902862,33.294608],[111.902728,33.294223],[111.902511,33.293732],[111.902262,33.293496],[111.901741,33.293214],[111.901642,33.293035],[111.901618,33.292866],[111.901575,33.292786],[111.901591,33.29262],[111.901838,33.292113],[111.901862,33.292003],[111.901564,33.29162],[111.901787,33.291615],[111.902259,33.291736],[111.90309,33.291714],[111.90356,33.291611],[111.903681,33.29151],[111.903748,33.291333],[111.903745,33.291223],[111.903683,33.291109],[111.903131,33.290528],[111.902946,33.290396],[111.902712,33.290122],[111.902605,33.289923],[111.902522,33.289456],[111.902519,33.289306],[111.902557,33.289207],[111.902575,33.288992],[111.902396,33.288566],[111.902342,33.288313],[111.902047,33.287799],[111.90169,33.287432],[111.901307,33.286974],[111.901012,33.286512],[111.900642,33.286086],[111.900545,33.285871],[111.901382,33.286084],[111.901642,33.286178],[111.902356,33.286324],[111.903536,33.286817],[111.903611,33.286797],[111.903064,33.2859],[111.901948,33.284739],[111.901814,33.284528],[111.901669,33.284369],[111.901221,33.284369],[111.900998,33.284467],[111.900835,33.28482],[111.900663,33.285026],[111.90054,33.285059],[111.90029,33.285048],[111.900116,33.284994],[111.90007,33.284932],[111.900288,33.284445],[111.900306,33.28429],[111.90025,33.284136],[111.90014,33.283965],[111.900137,33.283889],[111.900194,33.28377],[111.900819,33.283342],[111.901234,33.283163],[111.901827,33.28268],[111.902018,33.28236],[111.902026,33.282277],[111.901953,33.282133],[111.901924,33.281936],[111.901985,33.281817],[111.902176,33.281714],[111.902082,33.281606],[111.901814,33.280929],[111.901599,33.280985],[111.900395,33.281048],[111.900191,33.281021],[111.900127,33.280887],[111.90025,33.279958],[111.900237,33.279687],[111.900175,33.279476],[111.900371,33.279438],[111.900703,33.279461],[111.900789,33.279606],[111.90084,33.279633],[111.901162,33.279552],[111.901336,33.279409],[111.901326,33.279274],[111.901208,33.279025],[111.901194,33.278761],[111.901368,33.278319],[111.901301,33.2782],[111.901157,33.278064],[111.900929,33.278124],[111.900489,33.278167],[111.899633,33.278093],[111.899102,33.277956],[111.899142,33.277711],[111.899276,33.277377],[111.899384,33.27659],[111.899397,33.276182],[111.899585,33.275503],[111.899633,33.274668],[111.899453,33.273994],[111.89941,33.273585],[111.899459,33.272913],[111.899579,33.272229],[111.899781,33.271769],[111.899955,33.271585],[111.900046,33.271352],[111.900068,33.271217],[111.900006,33.270883],[111.900164,33.270329],[111.900199,33.270051],[111.900274,33.269778],[111.900585,33.269228],[111.901001,33.268609],[111.900996,33.268542],[111.90088,33.268403],[111.900642,33.267977],[111.900422,33.267434],[111.900052,33.266968],[111.899987,33.266689],[111.900124,33.266039],[111.900127,33.265831],[111.900078,33.265723],[111.899665,33.265241],[111.899542,33.265052],[111.899542,33.264828],[111.899711,33.264357],[111.899684,33.264133],[111.899714,33.263792],[111.900027,33.263233],[111.900124,33.262949],[111.900113,33.262753],[111.89981,33.262132],[111.899437,33.261127],[111.899263,33.260782],[111.898925,33.260856],[111.896742,33.261533],[111.896433,33.261657],[111.895926,33.261733],[111.894336,33.261812],[111.893306,33.261589],[111.89278,33.261504],[111.89238,33.261486],[111.891954,33.261583],[111.891179,33.261899],[111.890355,33.262168],[111.890157,33.262294],[111.89028,33.262767],[111.890286,33.262973],[111.890428,33.263666],[111.890484,33.264404],[111.890669,33.264898],[111.890774,33.265097],[111.890817,33.265478],[111.890742,33.266001],[111.890599,33.266429],[111.890516,33.266844],[111.890449,33.267068],[111.890264,33.267369],[111.889918,33.267858],[111.889741,33.26797],[111.88951,33.268051],[111.889258,33.268192],[111.888961,33.268405],[111.888746,33.268634],[111.888599,33.268865],[111.888472,33.269342],[111.888376,33.269526],[111.888164,33.269858],[111.887941,33.270107],[111.88781,33.270192],[111.887046,33.270307],[111.886839,33.270419],[111.886777,33.270488],[111.886544,33.271334],[111.885989,33.27243],[111.885455,33.273191],[111.884956,33.27363],[111.884559,33.274036],[111.884315,33.27444],[111.884235,33.274754],[111.88406,33.275155],[111.883771,33.275631],[111.883285,33.276225],[111.883089,33.276422],[111.882027,33.277247],[111.880694,33.278059],[111.880391,33.278212],[111.879863,33.278407],[111.879736,33.278496],[111.87927,33.278951],[111.879053,33.279239],[111.878878,33.279373],[111.878715,33.279395],[111.87663,33.278895],[111.875957,33.278714],[111.875533,33.278494],[111.874544,33.278786],[111.873688,33.279099],[111.873267,33.279167],[111.873077,33.279176],[111.872889,33.279138],[111.87261,33.278934],[111.872275,33.278582],[111.872173,33.278416],[111.871451,33.277839],[111.870539,33.277173],[111.869807,33.276841],[111.86945,33.276803],[111.869182,33.276835],[111.868401,33.277023],[111.868152,33.277019],[111.867498,33.277142],[111.867044,33.277292],[111.866653,33.277489],[111.865746,33.277783],[111.864813,33.278261],[111.864536,33.278324],[111.86348,33.277673],[111.862672,33.276754],[111.862471,33.276442],[111.862171,33.27609],[111.861581,33.275574],[111.861339,33.275449],[111.86106,33.275243],[111.860859,33.274991],[111.860744,33.274664],[111.860535,33.27439],[111.859124,33.27331],[111.858839,33.27304],[111.858518,33.272623],[111.858231,33.272184],[111.858072,33.271886],[111.857839,33.271291],[111.857734,33.271215],[111.857614,33.271282],[111.85737,33.271646],[111.857048,33.272043],[111.856873,33.272208],[111.855972,33.272724],[111.855728,33.272785],[111.855642,33.272845],[111.855039,33.273455],[111.854709,33.273711],[111.854146,33.274002],[111.853891,33.274209],[111.853673,33.274433],[111.853357,33.274859],[111.853193,33.274994],[111.853038,33.275063],[111.852778,33.275099],[111.852625,33.275041],[111.852316,33.274839],[111.851807,33.274287],[111.851367,33.273724],[111.851286,33.273538],[111.850911,33.272951],[111.850672,33.272644],[111.850471,33.272489],[111.850307,33.27243],[111.849672,33.272361],[111.849044,33.272226],[111.848341,33.272596],[111.847952,33.272706],[111.847518,33.272751],[111.847126,33.272839],[111.846144,33.272821],[111.845925,33.27285],[111.845147,33.273379],[111.845005,33.27352],[111.844878,33.273706],[111.844677,33.274312],[111.844479,33.275256],[111.844498,33.275494],[111.844449,33.276718],[111.843167,33.277362],[111.842757,33.277626],[111.842655,33.277759],[111.842242,33.278079],[111.841936,33.278162],[111.841134,33.278272],[111.841043,33.278377],[111.840759,33.279066],[111.8406,33.279306],[111.840386,33.279445],[111.839814,33.279622],[111.838991,33.27979],[111.838455,33.279763],[111.83783,33.279595],[111.836615,33.279456],[111.83643,33.279366],[111.835925,33.278969],[111.835654,33.278687],[111.834936,33.278081],[111.834691,33.277947],[111.834399,33.277904],[111.833648,33.277294],[111.832771,33.276469],[111.832079,33.275897],[111.831368,33.275435],[111.830612,33.275137],[111.829652,33.274552],[111.829461,33.274388],[111.828957,33.273814],[111.828324,33.27333]]]}}]}