{"type":"FeatureCollection","name":"社旗县","features":[{"type":"Feature","properties":{"regionCode":"411327001","sourceCode":"411327001000","name":"赵河街道","sourceName":"赵河街道办事处","parentCode":"411327","parentName":"社旗县","regionLevel":"township","regionType":"street","isManagementZone":false,"source":"ruiduobao","sourceVersion":"mixed-legacy~2018-2020","geometryRepaired":false,"match2020":true,"match2023":true},"geometry":{"type":"Polygon","coordinates":[[[112.927917,32.960003],[112.927405,32.960867],[112.927284,32.96113],[112.927144,32.961644],[112.926635,32.962701],[112.926498,32.962877],[112.926069,32.963273],[112.92587,32.963655],[112.925793,32.963943],[112.925626,32.964216],[112.925634,32.964319],[112.925734,32.964427],[112.926069,32.96456],[112.926182,32.964634],[112.926289,32.964785],[112.926412,32.965111],[112.92641,32.965778],[112.926469,32.965922],[112.92678,32.966192],[112.927112,32.966423],[112.927308,32.966837],[112.927161,32.966975],[112.926753,32.967256],[112.926514,32.967486],[112.926364,32.967726],[112.926359,32.967823],[112.926139,32.968298],[112.926101,32.968426],[112.926136,32.968577],[112.926391,32.968928],[112.92668,32.969173],[112.926941,32.969306],[112.927225,32.969335],[112.9276,32.969324],[112.92881,32.969151],[112.929038,32.969157],[112.929237,32.969184],[112.929647,32.96941],[112.930012,32.969506],[112.930318,32.96954],[112.930554,32.969653],[112.930741,32.969806],[112.930841,32.969961],[112.930894,32.970307],[112.930875,32.970562],[112.931077,32.97096],[112.931133,32.971187],[112.931117,32.971338],[112.931012,32.971484],[112.930773,32.971588],[112.930218,32.971595],[112.929733,32.9715],[112.929143,32.971338],[112.928936,32.971331],[112.928829,32.971421],[112.928775,32.971552],[112.928678,32.971615],[112.928303,32.9717],[112.928292,32.971822],[112.928231,32.971694],[112.927957,32.971534],[112.92789,32.971387],[112.927893,32.971187],[112.92435,32.972038],[112.923786,32.97211],[112.922362,32.972371],[112.922204,32.97191],[112.920104,32.972216],[112.920189,32.9724],[112.920219,32.972634],[112.920417,32.973219],[112.920439,32.973566],[112.920485,32.973705],[112.920391,32.974382],[112.920294,32.974684],[112.919908,32.974675],[112.918717,32.974783],[112.918915,32.97558],[112.918948,32.976183],[112.917338,32.97621],[112.917167,32.975024],[112.915847,32.974988],[112.914307,32.975001],[112.914273,32.974866],[112.913851,32.974436],[112.913503,32.974223],[112.913358,32.974259],[112.913189,32.974362],[112.912926,32.974454],[112.912846,32.97337],[112.912577,32.973372],[112.912304,32.973332],[112.9124,32.972828],[112.912371,32.972398],[112.912191,32.972121],[112.912135,32.971865],[112.91195,32.971624],[112.911789,32.971291],[112.911727,32.970559],[112.911636,32.970361],[112.911309,32.970199],[112.911271,32.970107],[112.911279,32.969695],[112.911153,32.96959],[112.911078,32.969461],[112.911043,32.969293],[112.911057,32.969092],[112.911027,32.968968],[112.910968,32.968896],[112.909335,32.96927],[112.907988,32.969533],[112.907202,32.969772],[112.906781,32.969473],[112.906529,32.969164],[112.903595,32.969835],[112.904134,32.970906],[112.904316,32.971203],[112.904442,32.97155],[112.904845,32.972166],[112.90511,32.972481],[112.905341,32.9729],[112.904555,32.972911],[112.903635,32.973082],[112.904104,32.975422],[112.904297,32.975424],[112.904638,32.975492],[112.905113,32.977283],[112.904737,32.97738],[112.90507,32.980026],[112.905204,32.980701],[112.90352,32.981004],[112.903801,32.981767],[112.903989,32.982145],[112.904029,32.982447],[112.904104,32.982543],[112.902401,32.982708],[112.902492,32.983533],[112.902506,32.985009],[112.900424,32.985144],[112.90054,32.986451],[112.898702,32.986604],[112.898861,32.987736],[112.89892,32.987864],[112.900475,32.987781],[112.900746,32.987797],[112.900794,32.987977],[112.900867,32.988613],[112.898646,32.988773],[112.898686,32.988825],[112.898729,32.989007],[112.900902,32.988904],[112.900969,32.98943],[112.903375,32.98941],[112.903372,32.989545],[112.901114,32.989543],[112.900969,32.989617],[112.898802,32.989707],[112.898796,32.989903],[112.900947,32.989891],[112.900878,32.990341],[112.900862,32.990976],[112.898946,32.991032],[112.899182,32.991828],[112.899228,32.992069],[112.899207,32.992319],[112.897519,32.992348],[112.896916,32.992456],[112.896036,32.992557],[112.8955,32.99267],[112.895768,32.993945],[112.895894,32.994737],[112.896186,32.994746],[112.896194,32.994784],[112.89609,32.997752],[112.894577,32.997704],[112.894711,32.99963],[112.894808,33.000494],[112.893756,33.000507],[112.893775,33.001245],[112.893861,33.002401],[112.893303,33.002392],[112.893255,33.001924],[112.893257,33.001191],[112.892949,33.001157],[112.892265,33.000973],[112.890948,33.00089],[112.890908,33.001679],[112.89105,33.003974],[112.888875,33.004034],[112.888902,33.004455],[112.889081,33.005854],[112.888918,33.005847],[112.888719,33.004489],[112.888687,33.00407],[112.888263,33.004102],[112.888539,33.0058],[112.887831,33.005721],[112.887684,33.00562],[112.887512,33.005645],[112.886801,33.005944],[112.884728,33.006401],[112.88435,33.005004],[112.884224,33.005053],[112.884511,33.006099],[112.884572,33.006464],[112.884516,33.0065],[112.88391,33.006592],[112.882719,33.006718],[112.882172,33.006824],[112.881676,33.006938],[112.881206,33.007136],[112.881458,33.007861],[112.881804,33.009113],[112.881812,33.009419],[112.881971,33.00943],[112.882639,33.00937],[112.882743,33.010292],[112.882746,33.010901],[112.882649,33.01105],[112.882604,33.012157],[112.882808,33.01222],[112.882955,33.014541],[112.88432,33.014496],[112.884323,33.014923],[112.884007,33.014988],[112.884039,33.016524],[112.883403,33.01665],[112.883395,33.017365],[112.883424,33.017813],[112.884548,33.017734],[112.884578,33.017986],[112.882668,33.018114],[112.882834,33.019597],[112.883615,33.01957],[112.883875,33.019734],[112.884184,33.019875],[112.884811,33.020276],[112.884961,33.020399],[112.885315,33.020802],[112.885334,33.021472],[112.884749,33.02149],[112.884763,33.022511],[112.884795,33.022844],[112.886753,33.022698],[112.88689,33.022824],[112.886775,33.023462],[112.886707,33.023672],[112.88653,33.023914],[112.886431,33.024115],[112.88638,33.024535],[112.886383,33.025221],[112.886335,33.025309],[112.886316,33.025673],[112.88616,33.025997],[112.886115,33.026363],[112.886029,33.026624],[112.885962,33.027007],[112.885927,33.027036],[112.884771,33.026955],[112.884723,33.027002],[112.884664,33.02774],[112.884361,33.027749],[112.884299,33.027834],[112.884353,33.028369],[112.885476,33.028268],[112.8855,33.028536],[112.885479,33.028646],[112.885372,33.02883],[112.885326,33.029267],[112.885104,33.030009],[112.888486,33.030119],[112.888505,33.030317],[112.888716,33.030883],[112.888749,33.031126],[112.888754,33.031419],[112.888676,33.031961],[112.890535,33.032019],[112.890575,33.033215],[112.895768,33.033386],[112.895808,33.033481],[112.895816,33.033933],[112.895639,33.035644],[112.899711,33.035102],[112.89952,33.026444],[112.900875,33.025846],[112.905209,33.025779],[112.909962,33.023973],[112.91424,33.021214],[112.918771,33.019606],[112.928343,33.018695],[112.925294,33.015083],[112.925042,33.003733],[112.929829,33.003279],[112.932557,33.002662],[112.935111,33.004549],[112.953229,33.002107],[112.952341,32.999918],[112.951904,32.999412],[112.9514,32.998181],[112.951137,32.997302],[112.950557,32.995639],[112.950413,32.994773],[112.950222,32.993291],[112.947859,32.989477],[112.946977,32.988296],[112.946373,32.987754],[112.945794,32.987288],[112.945265,32.986971],[112.945011,32.986899],[112.944724,32.986395],[112.944005,32.985466],[112.943718,32.985025],[112.943291,32.984186],[112.943267,32.983484],[112.943291,32.982253],[112.943224,32.980959],[112.943053,32.980503],[112.942581,32.979882],[112.941878,32.979366],[112.941239,32.97879],[112.940716,32.97803],[112.940454,32.977422],[112.94033,32.976374],[112.940317,32.975724],[112.940365,32.975206],[112.940499,32.974425],[112.940464,32.973827],[112.940303,32.973334],[112.939676,32.972519],[112.939504,32.972069],[112.939164,32.971625],[112.938901,32.971142],[112.938496,32.970827],[112.938321,32.97051],[112.937828,32.970103],[112.936865,32.968413],[112.936355,32.967812],[112.935886,32.96731],[112.935272,32.967035],[112.934842,32.966889],[112.934467,32.966666],[112.933721,32.965055],[112.93311,32.963298],[112.933099,32.962854],[112.932941,32.962337],[112.932683,32.962037],[112.931844,32.961191],[112.930395,32.959956],[112.92951,32.959431],[112.928995,32.959188],[112.928612,32.959042],[112.92829,32.958981],[112.928003,32.959839],[112.927917,32.960003]]]}},{"type":"Feature","properties":{"regionCode":"411327002","sourceCode":"411327002000","name":"潘河街道","sourceName":"潘河街道办事处","parentCode":"411327","parentName":"社旗县","regionLevel":"township","regionType":"street","isManagementZone":false,"source":"ruiduobao","sourceVersion":"mixed-legacy~2018-2020","geometryRepaired":false,"match2020":true,"match2023":true},"geometry":{"type":"Polygon","coordinates":[[[112.950654,33.002455],[112.935111,33.004549],[112.932557,33.002662],[112.929829,33.003279],[112.925042,33.003733],[112.925294,33.015083],[112.928343,33.018695],[112.918771,33.019606],[112.91424,33.021214],[112.909962,33.023973],[112.905209,33.025779],[112.900875,33.025846],[112.89952,33.026444],[112.899711,33.035102],[112.895639,33.035644],[112.895502,33.03693],[112.893158,33.036869],[112.893142,33.037335],[112.89208,33.037326],[112.892053,33.039046],[112.890691,33.039131],[112.890653,33.037398],[112.889768,33.037297],[112.88796,33.037272],[112.887949,33.03753],[112.886638,33.037452],[112.88601,33.037357],[112.885146,33.037276],[112.88509,33.038317],[112.884999,33.039179],[112.884784,33.039163],[112.88483,33.037892],[112.884218,33.037863],[112.884202,33.038093],[112.882126,33.037881],[112.881686,33.038333],[112.882354,33.038414],[112.883293,33.03847],[112.883269,33.038969],[112.881668,33.038891],[112.881421,33.038832],[112.880879,33.038846],[112.881021,33.038342],[112.88144,33.037429],[112.879251,33.037285],[112.87879,33.037315],[112.878774,33.036775],[112.878696,33.03644],[112.877022,33.036552],[112.877081,33.037733],[112.877052,33.038077],[112.876268,33.038198],[112.875708,33.038236],[112.875603,33.037636],[112.875587,33.037371],[112.875649,33.037261],[112.872714,33.037589],[112.872698,33.037674],[112.872811,33.03901],[112.871792,33.039152],[112.871591,33.039138],[112.871435,33.037744],[112.87041,33.037886],[112.870657,33.041108],[112.870756,33.041607],[112.870944,33.044184],[112.871448,33.049851],[112.870386,33.049937],[112.870477,33.050807],[112.870582,33.051396],[112.870582,33.051643],[112.870531,33.051749],[112.873409,33.051423],[112.87365,33.052815],[112.87416,33.054145],[112.87511,33.054103],[112.875928,33.054116],[112.878543,33.053912],[112.879189,33.053909],[112.879629,33.056313],[112.879782,33.056223],[112.880887,33.055789],[112.881922,33.055261],[112.882488,33.05504],[112.883365,33.054833],[112.883829,33.056603],[112.883497,33.056877],[112.883505,33.056998],[112.883821,33.058201],[112.884111,33.058134],[112.884894,33.057805],[112.885171,33.057718],[112.885509,33.057657],[112.885852,33.057659],[112.886584,33.060746],[112.886976,33.060579],[112.887276,33.060373],[112.88734,33.061867],[112.888792,33.061872],[112.889559,33.063708],[112.889508,33.063749],[112.889264,33.063706],[112.887703,33.062976],[112.887493,33.062753],[112.887413,33.062531],[112.886547,33.06269],[112.886356,33.063432],[112.886386,33.063639],[112.886461,33.063769],[112.88604,33.063953],[112.885728,33.064021],[112.885578,33.064115],[112.885543,33.064293],[112.885637,33.064585],[112.885589,33.064765],[112.885597,33.064987],[112.885948,33.066035],[112.885927,33.066154],[112.886214,33.0682],[112.884774,33.068409],[112.884894,33.068878],[112.883556,33.069033],[112.884039,33.070953],[112.882875,33.071164],[112.883328,33.072839],[112.883349,33.073169],[112.883669,33.074244],[112.882853,33.074513],[112.883046,33.075482],[112.882467,33.075558],[112.882609,33.076446],[112.884151,33.076271],[112.884454,33.07757],[112.886268,33.077446],[112.886329,33.078197],[112.886828,33.07815],[112.88686,33.07841],[112.888167,33.078309],[112.888065,33.077536],[112.890921,33.077282],[112.890978,33.078064],[112.891074,33.078779],[112.892624,33.078586],[112.89319,33.081044],[112.893158,33.081114],[112.89351,33.082317],[112.893507,33.082429],[112.893606,33.08266],[112.893917,33.083757],[112.894094,33.084242],[112.895698,33.083256],[112.89653,33.082445],[112.896967,33.082083],[112.897525,33.081743],[112.897943,33.081566],[112.898265,33.081516],[112.89848,33.081561],[112.898756,33.081689],[112.899013,33.08191],[112.899563,33.082672],[112.900003,33.083022],[112.900553,33.083146],[112.901342,33.082975],[112.901838,33.082656],[112.902168,33.08231],[112.902533,33.081575],[112.902581,33.081298],[112.902506,33.080348],[112.902575,33.079611],[112.902474,33.078698],[112.902015,33.077183],[112.901548,33.076538],[112.901366,33.075938],[112.901199,33.07367],[112.901272,33.073212],[112.901521,33.07247],[112.902154,33.071551],[112.902634,33.07109],[112.903125,33.070805],[112.903581,33.070688],[112.903925,33.070685],[112.904279,33.070843],[112.904887,33.071447],[112.905145,33.071762],[112.905373,33.072158],[112.905512,33.072317],[112.905797,33.07243],[112.90628,33.072466],[112.906837,33.072347],[112.907425,33.072104],[112.907457,33.072039],[112.907465,33.071863],[112.907342,33.070814],[112.907328,33.07038],[112.907379,33.069829],[112.907524,33.069326],[112.907677,33.068973],[112.908264,33.068226],[112.908535,33.06771],[112.908656,33.067327],[112.908715,33.066934],[112.908785,33.065873],[112.909219,33.064772],[112.910386,33.062402],[112.911743,33.060067],[112.911998,33.059512],[112.912312,33.058662],[112.912336,33.058304],[112.91228,33.057583],[112.912274,33.05703],[112.912113,33.055769],[112.911936,33.054878],[112.911904,33.05375],[112.911944,33.053242],[112.912025,33.052887],[112.912234,33.052331],[112.912577,33.051814],[112.912773,33.051679],[112.913243,33.051531],[112.913691,33.051533],[112.914927,33.051735],[112.915184,33.051875],[112.91559,33.052228],[112.915866,33.052525],[112.916941,33.054076],[112.917309,33.054791],[112.917368,33.05484],[112.917446,33.05489],[112.917537,33.054865],[112.917676,33.054613],[112.917867,33.054474],[112.918282,33.054406],[112.91836,33.054444],[112.918537,33.054687],[112.919299,33.054932],[112.919551,33.05509],[112.919693,33.055216],[112.920018,33.055798],[112.92057,33.056207],[112.920847,33.056335],[112.921048,33.056349],[112.921217,33.056283],[112.921501,33.05598],[112.9217,33.055647],[112.921697,33.055299],[112.921568,33.054537],[112.921606,33.05428],[112.921759,33.053837],[112.922024,33.053332],[112.92229,33.052929],[112.922848,33.052453],[112.923666,33.051884],[112.924462,33.051452],[112.925562,33.051018],[112.926372,33.050638],[112.927753,33.04962],[112.928252,33.049182],[112.928539,33.049085],[112.929357,33.049031],[112.930191,33.049159],[112.930578,33.049364],[112.930859,33.049712],[112.931192,33.050283],[112.931329,33.050641],[112.931347,33.050814],[112.931173,33.051616],[112.931152,33.051848],[112.931224,33.052237],[112.93146,33.052588],[112.931871,33.0531],[112.932179,33.053377],[112.932648,33.053622],[112.9329,33.053709],[112.933308,33.053793],[112.933877,33.05384],[112.93436,33.053779],[112.934762,33.053705],[112.935781,33.053345],[112.93606,33.053132],[112.9362,33.052873],[112.936243,33.052623],[112.936374,33.052408],[112.936631,33.052244],[112.936784,33.051987],[112.936825,33.051805],[112.936798,33.051596],[112.936664,33.051279],[112.936401,33.050895],[112.936071,33.050566],[112.935685,33.050333],[112.934891,33.050144],[112.9347,33.050047],[112.934472,33.049831],[112.934317,33.049586],[112.934242,33.049427],[112.934234,33.049166],[112.934287,33.048885],[112.934577,33.048336],[112.934907,33.048042],[112.935116,33.047963],[112.935347,33.047947],[112.93569,33.048021],[112.936084,33.048235],[112.936698,33.0485],[112.93834,33.049112],[112.938528,33.049384],[112.938871,33.049654],[112.939453,33.049993],[112.939821,33.050119],[112.940301,33.050108],[112.941677,33.049789],[112.942615,33.049449],[112.94342,33.049238],[112.943785,33.049204],[112.943999,33.049285],[112.944107,33.049382],[112.944238,33.049436],[112.944388,33.049442],[112.945434,33.049132],[112.945721,33.048925],[112.946194,33.048478],[112.946489,33.048118],[112.946612,33.047916],[112.946684,33.047756],[112.946717,33.047565],[112.946813,33.047459],[112.947009,33.047365],[112.947535,33.04723],[112.947763,33.047196],[112.948489,33.047185],[112.948712,33.047122],[112.949935,33.046281],[112.950115,33.046095],[112.950185,33.045953],[112.950187,33.04582],[112.950005,33.045195],[112.949906,33.044975],[112.949037,33.043781],[112.948932,33.043498],[112.948889,33.043246],[112.948911,33.043062],[112.948978,33.04287],[112.949149,33.042695],[112.949498,33.042475],[112.950225,33.042151],[112.951212,33.041823],[112.951587,33.041575],[112.951622,33.041186],[112.95163,33.040399],[112.951604,33.039356],[112.951716,33.038383],[112.952199,33.03695],[112.952754,33.036186],[112.953328,33.035729],[112.954305,33.035309],[112.954672,33.035073],[112.954964,33.034461],[112.955399,33.033694],[112.955933,33.033116],[112.956893,33.032424],[112.957606,33.032037],[112.958242,33.031477],[112.958652,33.030917],[112.958864,33.030337],[112.958929,33.029809],[112.958985,33.028509],[112.959092,33.028133],[112.959401,33.027641],[112.960613,33.026265],[112.960903,33.025617],[112.96101,33.02514],[112.960884,33.023822],[112.960913,33.023139],[112.961082,33.022405],[112.961316,33.021587],[112.961673,33.018735],[112.961659,33.018033],[112.961506,33.017314],[112.961251,33.016612],[112.960291,33.015339],[112.959551,33.014563],[112.95714,33.012818],[112.956802,33.012148],[112.956474,33.010812],[112.95619,33.009118],[112.955568,33.006668],[112.955015,33.005501],[112.953446,33.002633],[112.953229,33.002107],[112.950654,33.002455]]]}},{"type":"Feature","properties":{"regionCode":"411327100","sourceCode":"411327100000","name":"赊店镇","sourceName":"赊店镇","parentCode":"411327","parentName":"社旗县","regionLevel":"township","regionType":"town","isManagementZone":false,"source":"ruiduobao","sourceVersion":"mixed-legacy~2018-2020","geometryRepaired":false,"match2020":true,"match2023":true},"geometry":{"type":"Polygon","coordinates":[[[112.955817,33.035626],[112.955375,33.035331],[112.954613,33.035111],[112.954305,33.035309],[112.953328,33.035729],[112.952754,33.036186],[112.952199,33.03695],[112.951716,33.038383],[112.951604,33.039356],[112.95163,33.040399],[112.951622,33.041186],[112.951587,33.041575],[112.951212,33.041823],[112.950241,33.042144],[112.949498,33.042475],[112.949149,33.042695],[112.948978,33.04287],[112.948911,33.043062],[112.948889,33.043246],[112.948932,33.043498],[112.949037,33.043781],[112.949906,33.044975],[112.950005,33.045195],[112.950187,33.04582],[112.950185,33.045953],[112.950115,33.046095],[112.949935,33.046281],[112.948712,33.047122],[112.948489,33.047185],[112.947763,33.047196],[112.947535,33.04723],[112.947009,33.047365],[112.946813,33.047459],[112.946717,33.047565],[112.946684,33.047756],[112.946612,33.047916],[112.946489,33.048118],[112.946194,33.048478],[112.945721,33.048925],[112.945434,33.049132],[112.944388,33.049442],[112.944238,33.049436],[112.944107,33.049382],[112.943999,33.049285],[112.943785,33.049204],[112.94342,33.049238],[112.942615,33.049449],[112.941677,33.049789],[112.9407,33.050031],[112.940301,33.050108],[112.939821,33.050119],[112.939418,33.049977],[112.938871,33.049654],[112.938528,33.049384],[112.93834,33.049112],[112.936698,33.0485],[112.936084,33.048235],[112.93569,33.048021],[112.935347,33.047947],[112.935116,33.047963],[112.934907,33.048042],[112.934577,33.048336],[112.934287,33.048885],[112.934234,33.049166],[112.934242,33.049427],[112.934317,33.049586],[112.934472,33.049831],[112.9347,33.050047],[112.934891,33.050144],[112.935685,33.050333],[112.936071,33.050566],[112.936401,33.050895],[112.936664,33.051279],[112.936798,33.051596],[112.936825,33.051805],[112.936784,33.051987],[112.936631,33.052244],[112.936374,33.052408],[112.936243,33.052623],[112.9362,33.052873],[112.93606,33.053132],[112.935781,33.053345],[112.934762,33.053705],[112.933877,33.05384],[112.933308,33.053793],[112.9329,33.053709],[112.932648,33.053622],[112.932179,33.053377],[112.931871,33.0531],[112.93146,33.052588],[112.931224,33.052237],[112.931152,33.051848],[112.931173,33.051616],[112.931347,33.050814],[112.931329,33.050641],[112.931192,33.050283],[112.930859,33.049712],[112.930578,33.049364],[112.930191,33.049159],[112.929752,33.049074],[112.929357,33.049031],[112.928539,33.049085],[112.928236,33.049193],[112.927753,33.04962],[112.926372,33.050638],[112.925562,33.051018],[112.924462,33.051452],[112.923666,33.051884],[112.922848,33.052453],[112.92229,33.052929],[112.922024,33.053332],[112.921759,33.053837],[112.921606,33.05428],[112.921568,33.054537],[112.921697,33.055299],[112.9217,33.055647],[112.921501,33.05598],[112.921217,33.056283],[112.921048,33.056349],[112.920847,33.056335],[112.92057,33.056207],[112.920018,33.055798],[112.919693,33.055216],[112.919551,33.05509],[112.919299,33.054932],[112.918537,33.054687],[112.91836,33.054444],[112.918282,33.054406],[112.917867,33.054474],[112.917676,33.054613],[112.917537,33.054865],[112.917446,33.05489],[112.917368,33.05484],[112.917309,33.054791],[112.916941,33.054076],[112.915866,33.052525],[112.91559,33.052228],[112.915184,33.051875],[112.914927,33.051735],[112.913691,33.051533],[112.913243,33.051531],[112.912773,33.051679],[112.912577,33.051814],[112.912234,33.052331],[112.912025,33.052887],[112.911944,33.053242],[112.911904,33.05375],[112.911936,33.054878],[112.912113,33.055769],[112.912274,33.05703],[112.91228,33.057583],[112.912336,33.058304],[112.912312,33.058662],[112.911998,33.059512],[112.911743,33.060067],[112.910386,33.062402],[112.909219,33.064772],[112.908785,33.065873],[112.908715,33.066934],[112.908656,33.067327],[112.908535,33.06771],[112.908264,33.068226],[112.907677,33.068973],[112.907524,33.069326],[112.907379,33.069829],[112.907328,33.07038],[112.907342,33.070814],[112.907465,33.071863],[112.907457,33.072039],[112.907425,33.072104],[112.906837,33.072347],[112.906272,33.072466],[112.905797,33.07243],[112.905512,33.072317],[112.905373,33.072158],[112.905145,33.071762],[112.904887,33.071447],[112.904279,33.070843],[112.903925,33.070685],[112.903581,33.070688],[112.903125,33.070805],[112.902634,33.07109],[112.902154,33.071551],[112.901521,33.07247],[112.901272,33.073212],[112.901199,33.07367],[112.901366,33.075938],[112.901548,33.076538],[112.902015,33.077183],[112.902474,33.078698],[112.902575,33.079611],[112.902506,33.080348],[112.902562,33.081002],[112.906017,33.081031],[112.906135,33.081995],[112.911411,33.08166],[112.913422,33.081564],[112.913374,33.081114],[112.915914,33.080977],[112.917218,33.080766],[112.918551,33.080631],[112.918374,33.079469],[112.918191,33.077851],[112.918497,33.077817],[112.918894,33.08028],[112.919337,33.080177],[112.918977,33.077777],[112.920664,33.077527],[112.92108,33.079833],[112.921287,33.079797],[112.921037,33.078586],[112.921249,33.078678],[112.920857,33.076705],[112.922555,33.076909],[112.923017,33.076986],[112.923269,33.077075],[112.924106,33.076918],[112.923923,33.077168],[112.924489,33.077192],[112.924521,33.077248],[112.925052,33.077302],[112.925455,33.079235],[112.927944,33.078945],[112.929998,33.078615],[112.931372,33.078487],[112.931675,33.079318],[112.931873,33.080026],[112.933603,33.079725],[112.935457,33.079467],[112.935671,33.080202],[112.936245,33.080148],[112.936905,33.080049],[112.936854,33.079514],[112.939595,33.078894],[112.939271,33.078381],[112.938901,33.077417],[112.938732,33.076478],[112.938222,33.075334],[112.93705,33.073279],[112.936787,33.072344],[112.936674,33.071639],[112.936776,33.070474],[112.93702,33.070189],[112.937286,33.069953],[112.93764,33.069854],[112.937946,33.069883],[112.938732,33.070288],[112.938871,33.070333],[112.939083,33.07049],[112.939217,33.070807],[112.939292,33.071441],[112.939316,33.07212],[112.939381,33.072423],[112.939539,33.072616],[112.939976,33.072823],[112.940167,33.072848],[112.94048,33.072753],[112.94081,33.07252],[112.941191,33.072176],[112.941889,33.071686],[112.943949,33.070802],[112.944547,33.070479],[112.944818,33.070249],[112.945008,33.069894],[112.945188,33.069458],[112.945378,33.069139],[112.945625,33.06886],[112.946151,33.068579],[112.946387,33.068409],[112.946757,33.068056],[112.947443,33.067561],[112.948093,33.066979],[112.949927,33.065853],[112.951582,33.065023],[112.952432,33.064747],[112.952872,33.064657],[112.953191,33.06465],[112.953916,33.064772],[112.954157,33.064846],[112.954366,33.064992],[112.95464,33.064796],[112.955082,33.064545],[112.955439,33.064255],[112.955538,33.064055],[112.955525,33.063553],[112.955423,33.063225],[112.954892,33.062683],[112.954154,33.062148],[112.953682,33.061924],[112.952084,33.061571],[112.950485,33.061539],[112.950225,33.061443],[112.949688,33.061193],[112.949434,33.060732],[112.949063,33.060229],[112.948602,33.059862],[112.948562,33.059588],[112.948661,33.059172],[112.94897,33.058644],[112.949173,33.058152],[112.949305,33.058504],[112.949772,33.058938],[112.950018,33.059082],[112.95026,33.059109],[112.951976,33.058617],[112.95074,33.056625],[112.949702,33.056902],[112.949629,33.056636],[112.949257,33.056758],[112.949203,33.056744],[112.949023,33.05636],[112.949004,33.056229],[112.949026,33.056029],[112.949114,33.055728],[112.949452,33.054986],[112.949715,33.054672],[112.949962,33.054487],[112.950456,33.054256],[112.950759,33.054204],[112.951239,33.05419],[112.951714,33.054319],[112.952808,33.05504],[112.953323,33.055339],[112.953846,33.055465],[112.954136,33.055472],[112.954527,33.055429],[112.955039,33.055128],[112.955469,33.0546],[112.955549,33.054314],[112.956179,33.054577],[112.956303,33.05466],[112.956405,33.054806],[112.95656,33.054935],[112.956769,33.055186],[112.957228,33.055593],[112.957419,33.055805],[112.958183,33.056459],[112.959245,33.057275],[112.961292,33.058477],[112.963317,33.059467],[112.963572,33.059039],[112.963867,33.058752],[112.964205,33.057875],[112.964907,33.05651],[112.965176,33.055825],[112.966865,33.055384],[112.967557,33.055094],[112.969014,33.054642],[112.96907,33.054768],[112.970089,33.054447],[112.970191,33.054618],[112.97024,33.054784],[112.970816,33.054568],[112.970867,33.05464],[112.971519,33.054422],[112.971739,33.054577],[112.972176,33.05446],[112.972514,33.055058],[112.973126,33.054813],[112.97348,33.055193],[112.974088,33.055515],[112.974585,33.055721],[112.973528,33.056131],[112.973603,33.056322],[112.974035,33.056735],[112.974158,33.056742],[112.974923,33.056409],[112.975041,33.056328],[112.975226,33.056045],[112.975349,33.055964],[112.975405,33.055993],[112.975805,33.056762],[112.975177,33.056652],[112.974845,33.056614],[112.974762,33.056636],[112.974319,33.057142],[112.973987,33.057421],[112.97404,33.057477],[112.974518,33.057567],[112.974563,33.057621],[112.974381,33.057985],[112.974389,33.058019],[112.974896,33.058084],[112.975108,33.058059],[112.975153,33.057969],[112.975191,33.057637],[112.975239,33.057551],[112.975381,33.057522],[112.976047,33.057677],[112.977307,33.057895],[112.977583,33.058495],[112.977886,33.058565],[112.979088,33.05872],[112.979093,33.059215],[112.979209,33.059343],[112.979469,33.05944],[112.979485,33.060123],[112.979053,33.060101],[112.978978,33.060471],[112.979555,33.061384],[112.978871,33.061739],[112.979724,33.062173],[112.980947,33.061618],[112.981137,33.061496],[112.981175,33.061501],[112.981001,33.06191],[112.980858,33.062387],[112.981009,33.062589],[112.981451,33.062937],[112.982108,33.063059],[112.982242,33.06303],[112.982326,33.062681],[112.982358,33.062645],[112.982862,33.062681],[112.982894,33.062697],[112.982889,33.063005],[112.982972,33.063277],[112.983109,33.06352],[112.98317,33.063535],[112.983238,33.063535],[112.984383,33.063048],[112.984782,33.062937],[112.984914,33.062969],[112.985053,33.063155],[112.985083,33.063263],[112.98504,33.063311],[112.982682,33.064014],[112.982835,33.064144],[112.985013,33.063391],[112.985619,33.063216],[112.985767,33.063254],[112.986628,33.064565],[112.986824,33.064527],[112.986861,33.064551],[112.987196,33.06514],[112.987564,33.06501],[112.988149,33.066073],[112.988393,33.065988],[112.988481,33.066374],[112.988626,33.066705],[112.989168,33.066507],[112.989283,33.066529],[112.989672,33.06724],[112.990088,33.067833],[112.990656,33.068588],[112.991314,33.069371],[112.991182,33.069425],[112.991657,33.069899],[112.99277,33.070906],[112.993103,33.071171],[112.993186,33.07129],[112.99291,33.071364],[112.99487,33.072769],[112.995694,33.073311],[113.000473,33.076642],[113.001232,33.076561],[113.001415,33.076493],[113.001342,33.076356],[113.001155,33.0757],[113.002692,33.075275],[113.002606,33.074877],[113.00245,33.074599],[113.002295,33.074214],[113.002131,33.07354],[113.001957,33.072526],[113.001525,33.071674],[113.001662,33.071625],[113.001275,33.071032],[113.003381,33.070542],[113.003177,33.069912],[113.00506,33.069541],[113.005283,33.068959],[113.005596,33.067264],[113.005696,33.066138],[113.005717,33.065394],[113.005674,33.06463],[113.005607,33.064246],[113.006463,33.06445],[113.006758,33.064473],[113.007461,33.06427],[113.006811,33.062944],[113.008222,33.062474],[113.007761,33.061452],[113.008128,33.061568],[113.008743,33.061645],[113.009515,33.061663],[113.009209,33.060492],[113.011382,33.060015],[113.01095,33.059015],[113.010727,33.058655],[113.010623,33.058552],[113.009952,33.056989],[113.009024,33.057219],[113.008351,33.057302],[113.006897,33.057643],[113.00587,33.057841],[113.005371,33.057906],[113.004116,33.058169],[113.003099,33.058446],[113.002568,33.0587],[113.001946,33.057169],[113.001232,33.057441],[113.000841,33.057522],[113.00028,33.05772],[112.999977,33.056915],[112.999768,33.056519],[112.999403,33.055355],[112.998902,33.055047],[112.998497,33.054899],[112.99818,33.054908],[112.997925,33.054959],[112.997472,33.053419],[112.996949,33.053482],[112.996201,33.053523],[112.99417,33.053597],[112.995028,33.05576],[112.994688,33.055863],[112.993486,33.056133],[112.993113,33.05618],[112.992794,33.056142],[112.991676,33.055683],[112.991515,33.055164],[112.990882,33.053458],[112.990509,33.053538],[112.990142,33.053538],[112.989468,33.053601],[112.988495,33.053802],[112.988361,33.05352],[112.987907,33.052781],[112.987491,33.052466],[112.98736,33.052405],[112.986571,33.052606],[112.986075,33.052666],[112.986231,33.052866],[112.985735,33.053089],[112.983774,33.054139],[112.983444,33.053835],[112.983176,33.05348],[112.982744,33.053026],[112.982213,33.052145],[112.982108,33.052151],[112.980939,33.05248],[112.980177,33.051095],[112.982039,33.050506],[112.983592,33.050058],[112.982934,33.048682],[112.982234,33.048878],[112.981701,33.049076],[112.981615,33.049074],[112.980856,33.047698],[112.980673,33.047306],[112.980628,33.047084],[112.98015,33.046025],[112.980156,33.045991],[112.981524,33.04553],[112.98217,33.045267],[112.982422,33.045128],[112.982433,33.045051],[112.982342,33.044615],[112.982073,33.044184],[112.981993,33.043981],[112.982031,33.043653],[112.98195,33.043558],[112.98133,33.043093],[112.981212,33.042942],[112.98059,33.041834],[112.980545,33.041728],[112.980512,33.041429],[112.980362,33.040975],[112.980086,33.040489],[112.979887,33.040242],[112.979614,33.040154],[112.979268,33.040213],[112.977948,33.040541],[112.977345,33.040773],[112.976811,33.041207],[112.976159,33.041463],[112.975582,33.041573],[112.974614,33.041681],[112.973995,33.041816],[112.972753,33.041944],[112.973045,33.042227],[112.973455,33.042727],[112.973641,33.043122],[112.973608,33.043161],[112.973434,33.04321],[112.971728,33.043518],[112.971591,33.043619],[112.971272,33.043736],[112.971353,33.043833],[112.972045,33.04419],[112.972495,33.044501],[112.972941,33.044759],[112.973166,33.045051],[112.973295,33.045341],[112.973329,33.045604],[112.973257,33.045654],[112.972187,33.046],[112.971441,33.046191],[112.97002,33.046641],[112.96959,33.045564],[112.969376,33.045162],[112.967855,33.045555],[112.967203,33.045771],[112.966541,33.045935],[112.966517,33.045953],[112.966586,33.046535],[112.965004,33.04672],[112.965283,33.046427],[112.965355,33.046261],[112.965353,33.04611],[112.963869,33.046223],[112.963749,33.045604],[112.961938,33.045649],[112.961726,33.045937],[112.960659,33.046014],[112.96057,33.045737],[112.96049,33.045254],[112.960377,33.045144],[112.957834,33.04504],[112.957853,33.043894],[112.957579,33.042738],[112.957488,33.041728],[112.95766,33.041267],[112.95799,33.040858],[112.958255,33.040588],[112.958891,33.040148],[112.959385,33.039657],[112.959674,33.039248],[112.959808,33.038086],[112.959693,33.037555],[112.959556,33.037144],[112.959095,33.036644],[112.958027,33.035952],[112.95752,33.035844],[112.95608,33.035714],[112.955817,33.035626]]]}},{"type":"Feature","properties":{"regionCode":"411327101","sourceCode":"411327101000","name":"桥头镇","sourceName":"桥头镇","parentCode":"411327","parentName":"社旗县","regionLevel":"township","regionType":"town","isManagementZone":false,"source":"ruiduobao","sourceVersion":"mixed-legacy~2018-2020","geometryRepaired":false,"match2020":true,"match2023":true},"geometry":{"type":"Polygon","coordinates":[[[112.799686,32.995315],[112.799404,32.995525],[112.797894,32.996847],[112.796548,32.996861],[112.794702,32.997108],[112.794981,32.999234],[112.793868,32.999263],[112.793908,32.999729],[112.793686,33.000127],[112.793439,33.000357],[112.793238,33.000656],[112.793206,33.00102],[112.793318,33.001326],[112.794018,33.002316],[112.794327,33.002914],[112.794434,33.003303],[112.793493,33.003495],[112.793887,33.006747],[112.79401,33.009172],[112.789019,33.011241],[112.789912,33.012213],[112.791041,33.013857],[112.791387,33.014444],[112.791816,33.015726],[112.790014,33.016432],[112.789448,33.016711],[112.790368,33.018832],[112.788136,33.019983],[112.785709,33.020847],[112.783104,33.021929],[112.783552,33.022414],[112.780414,33.023822],[112.780991,33.024989],[112.781366,33.025837],[112.780886,33.026199],[112.781077,33.026642],[112.781369,33.027542],[112.781356,33.027969],[112.780929,33.029458],[112.779945,33.030652],[112.779736,33.031311],[112.779655,33.031738],[112.779264,33.031965],[112.776466,33.032811],[112.771743,33.033861],[112.771938,33.034475],[112.76979,33.034688],[112.769943,33.036788],[112.767864,33.036728],[112.768004,33.036979],[112.76817,33.037512],[112.768564,33.039473],[112.768779,33.039905],[112.769122,33.041731],[112.769318,33.042376],[112.769334,33.042675],[112.769103,33.042884],[112.768441,33.042895],[112.767636,33.042978],[112.767368,33.043376],[112.767341,33.045063],[112.767363,33.046158],[112.767537,33.047592],[112.76803,33.048921],[112.768427,33.050447],[112.768162,33.051025],[112.768159,33.052052],[112.768704,33.052713],[112.768945,33.052913],[112.769095,33.05323],[112.769181,33.053601],[112.769184,33.054065],[112.768916,33.055463],[112.768798,33.055796],[112.768736,33.056681],[112.76894,33.057358],[112.769162,33.057801],[112.769248,33.058082],[112.769358,33.05868],[112.769554,33.059132],[112.770957,33.061314],[112.771142,33.061818],[112.771415,33.062378],[112.771748,33.062856],[112.772244,33.0634],[112.772408,33.063821],[112.772582,33.064547],[112.772845,33.064841],[112.773548,33.064749],[112.774629,33.064922],[112.775007,33.065163],[112.775804,33.066871],[112.776064,33.067606],[112.776206,33.068926],[112.77604,33.070139],[112.774301,33.070519],[112.7727,33.070757],[112.770847,33.071182],[112.771568,33.072463],[112.770841,33.072627],[112.771289,33.073659],[112.77144,33.074082],[112.771091,33.074221],[112.76906,33.074866],[112.767647,33.075439],[112.767733,33.076021],[112.769018,33.079046],[112.769208,33.079662],[112.769498,33.080298],[112.770179,33.081458],[112.769423,33.081665],[112.768642,33.082],[112.767939,33.082105],[112.767564,33.082202],[112.767604,33.084168],[112.769693,33.084629],[112.769884,33.084995],[112.770104,33.086867],[112.770946,33.087009],[112.771222,33.088049],[112.770823,33.088117],[112.770911,33.088854],[112.771861,33.088962],[112.776356,33.089144],[112.777525,33.08916],[112.778306,33.088993],[112.77869,33.088849],[112.779695,33.088847],[112.780146,33.090595],[112.78197,33.090508],[112.782104,33.091737],[112.783821,33.091834],[112.783877,33.092818],[112.785172,33.092939],[112.785135,33.093654],[112.787189,33.093649],[112.787975,33.093795],[112.788289,33.093715],[112.788582,33.093843],[112.789131,33.097993],[112.78955,33.100566],[112.789823,33.101864],[112.790127,33.102768],[112.790304,33.103487],[112.790435,33.103869],[112.790722,33.104455],[112.790832,33.104749],[112.792795,33.110407],[112.793605,33.112413],[112.794091,33.113788],[112.794389,33.114471],[112.794523,33.114848],[112.794662,33.115578],[112.794804,33.115915],[112.795295,33.116785],[112.795883,33.117663],[112.796575,33.117953],[112.797022,33.118038],[112.797495,33.117996],[112.798865,33.115271],[112.805496,33.11483],[112.806112,33.115275],[112.806536,33.115666],[112.806802,33.116362],[112.807191,33.116472],[112.808331,33.116526],[112.811434,33.116317],[112.811949,33.116248],[112.812177,33.11598],[112.812121,33.115363],[112.812684,33.114992],[112.813373,33.114819],[112.813928,33.11481],[112.81454,33.114895],[112.815519,33.115255],[112.815964,33.115387],[112.816493,33.115473],[112.817437,33.115459],[112.817936,33.115405],[112.818512,33.11514],[112.819473,33.114567],[112.820106,33.1143],[112.820851,33.114149],[112.823123,33.114046],[112.827562,33.113959],[112.830338,33.11408],[112.831368,33.114228],[112.832315,33.114448],[112.832626,33.11463],[112.83294,33.115068],[112.833471,33.116007],[112.833932,33.116082],[112.834815,33.115895],[112.834952,33.115466],[112.835357,33.115244],[112.835636,33.115297],[112.83596,33.11561],[112.836368,33.115767],[112.838345,33.115437],[112.83798,33.114621],[112.844098,33.11257],[112.845039,33.112532],[112.845286,33.112795],[112.845466,33.113062],[112.848145,33.11244],[112.848497,33.113392],[112.85131,33.112604],[112.853596,33.111752],[112.853558,33.111285],[112.855098,33.110631],[112.855017,33.109443],[112.856283,33.10891],[112.858188,33.108439],[112.858155,33.10692],[112.858362,33.105471],[112.85959,33.105219],[112.862613,33.105138],[112.862898,33.105448],[112.863708,33.107025],[112.863949,33.10736],[112.867691,33.10714],[112.868047,33.107589],[112.868283,33.108241],[112.868565,33.108492],[112.868957,33.108627],[112.870681,33.108834],[112.872492,33.10918],[112.873972,33.109602],[112.874616,33.109966],[112.875043,33.110357],[112.875107,33.110775],[112.874882,33.111901],[112.874965,33.112485],[112.875308,33.112984],[112.876496,33.113678],[112.876722,33.113893],[112.877003,33.114069],[112.877376,33.114253],[112.877773,33.114397],[112.878229,33.114484],[112.878664,33.114491],[112.879428,33.114114],[112.879889,33.113929],[112.880571,33.113556],[112.880892,33.113228],[112.881075,33.112824],[112.881166,33.112071],[112.881099,33.110921],[112.880997,33.110521],[112.880769,33.110234],[112.880434,33.110036],[112.879841,33.10978],[112.878634,33.109436],[112.87839,33.109259],[112.878194,33.109011],[112.878194,33.108814],[112.878264,33.108692],[112.879093,33.107955],[112.879755,33.107549],[112.879989,33.107488],[112.880595,33.10765],[112.880882,33.107675],[112.881236,33.107562],[112.881469,33.107322],[112.881536,33.107151],[112.881512,33.106769],[112.881287,33.106237],[112.881241,33.105915],[112.881158,33.105644],[112.880871,33.105176],[112.880699,33.104987],[112.880579,33.104913],[112.880056,33.104841],[112.87975,33.104731],[112.879487,33.104594],[112.879272,33.104435],[112.879136,33.104244],[112.879128,33.104028],[112.879259,33.10383],[112.8795,33.10363],[112.88001,33.103325],[112.880654,33.10299],[112.881244,33.102891],[112.882067,33.102898],[112.882939,33.103042],[112.883567,33.103186],[112.884202,33.103545],[112.884521,33.103579],[112.884884,33.103541],[112.885264,33.10341],[112.885517,33.103226],[112.885624,33.102995],[112.885798,33.101264],[112.885922,33.099633],[112.886235,33.098907],[112.886935,33.097979],[112.887354,33.097148],[112.887343,33.096955],[112.88726,33.0966],[112.88704,33.095825],[112.887016,33.095512],[112.887045,33.094845],[112.887024,33.094011],[112.887086,33.093732],[112.887359,33.093297],[112.887547,33.093162],[112.888373,33.092751],[112.889103,33.092472],[112.889288,33.092357],[112.889336,33.092175],[112.889368,33.091674],[112.889797,33.090816],[112.889902,33.090452],[112.889905,33.090243],[112.889792,33.089337],[112.889215,33.087627],[112.889092,33.08689],[112.88914,33.086548],[112.889285,33.086209],[112.889486,33.085971],[112.889848,33.085791],[112.891812,33.085292],[112.894094,33.084242],[112.893917,33.083757],[112.893606,33.08266],[112.893507,33.082429],[112.89351,33.082317],[112.893158,33.081114],[112.89319,33.081044],[112.892624,33.078586],[112.891074,33.078779],[112.890978,33.078064],[112.890921,33.077282],[112.888065,33.077536],[112.888167,33.078309],[112.88686,33.07841],[112.886828,33.07815],[112.886329,33.078197],[112.886268,33.077446],[112.884454,33.07757],[112.884151,33.076271],[112.882609,33.076446],[112.882467,33.075558],[112.883046,33.075482],[112.882853,33.074513],[112.883669,33.074244],[112.883349,33.073169],[112.883328,33.072839],[112.882875,33.071164],[112.884039,33.070953],[112.883556,33.069033],[112.884894,33.068878],[112.884774,33.068409],[112.886214,33.0682],[112.885927,33.066154],[112.885948,33.066035],[112.885597,33.064987],[112.885589,33.064765],[112.885637,33.064585],[112.885543,33.064293],[112.885578,33.064115],[112.885728,33.064021],[112.88604,33.063953],[112.886461,33.063769],[112.886386,33.063639],[112.886356,33.063432],[112.886547,33.06269],[112.887413,33.062531],[112.887493,33.062753],[112.887703,33.062976],[112.888824,33.063522],[112.889264,33.063706],[112.889508,33.063749],[112.889559,33.063708],[112.888792,33.061872],[112.88734,33.061867],[112.887276,33.060373],[112.886976,33.060579],[112.886584,33.060746],[112.885852,33.057659],[112.885509,33.057657],[112.885171,33.057718],[112.884894,33.057805],[112.884111,33.058134],[112.883821,33.058201],[112.883505,33.056998],[112.883497,33.056877],[112.883829,33.056603],[112.883365,33.054833],[112.882488,33.05504],[112.881922,33.055261],[112.880887,33.055789],[112.879782,33.056223],[112.879629,33.056313],[112.879189,33.053909],[112.878543,33.053912],[112.875928,33.054116],[112.87511,33.054103],[112.87416,33.054145],[112.87365,33.052815],[112.873409,33.051423],[112.870531,33.051749],[112.870582,33.051643],[112.870582,33.051396],[112.870477,33.050807],[112.870402,33.050083],[112.865977,33.050602],[112.861433,33.05105],[112.861484,33.05149],[112.860062,33.051882],[112.859775,33.05138],[112.857689,33.052767],[112.855983,33.053855],[112.855242,33.054127],[112.854626,33.054402],[112.854312,33.0546],[112.854116,33.05477],[112.854038,33.054247],[112.853303,33.052109],[112.849081,33.052527],[112.848387,33.050769],[112.847837,33.050886],[112.847778,33.050861],[112.847708,33.050701],[112.84763,33.050645],[112.847451,33.050618],[112.846557,33.048835],[112.846131,33.048905],[112.845093,33.049146],[112.845141,33.049283],[112.845117,33.049375],[112.843899,33.04984],[112.843596,33.050157],[112.842682,33.050384],[112.842419,33.050272],[112.841775,33.048098],[112.839707,33.048757],[112.84005,33.050863],[112.837859,33.05134],[112.83806,33.051747],[112.838559,33.053379],[112.838583,33.053377],[112.838715,33.053646],[112.838843,33.054065],[112.837194,33.054334],[112.837105,33.054411],[112.837041,33.054728],[112.836829,33.054793],[112.835831,33.054937],[112.835059,33.055114],[112.834399,33.0552],[112.832768,33.055524],[112.832554,33.054348],[112.8321,33.054397],[112.832296,33.055622],[112.829941,33.056385],[112.829351,33.056333],[112.828624,33.05636],[112.828327,33.0564],[112.828021,33.054793],[112.829308,33.054663],[112.828933,33.052851],[112.827954,33.053062],[112.827809,33.052239],[112.826621,33.052284],[112.826331,33.052329],[112.826175,33.051284],[112.824955,33.051335],[112.82466,33.049802],[112.824668,33.049705],[112.824917,33.049496],[112.824673,33.048406],[112.824604,33.048192],[112.82429,33.047961],[112.824255,33.047869],[112.824172,33.047489],[112.823407,33.045189],[112.822941,33.043601],[112.82127,33.043997],[112.821734,33.045436],[112.820988,33.045582],[112.819698,33.045944],[112.81877,33.043732],[112.818325,33.043909],[112.817952,33.043062],[112.815138,33.043774],[112.814663,33.043869],[112.81351,33.041845],[112.811166,33.042688],[112.811828,33.043673],[112.812295,33.044251],[112.811831,33.044449],[112.811512,33.043977],[112.811254,33.043938],[112.809452,33.044521],[112.809108,33.043388],[112.808736,33.043462],[112.807971,33.043761],[112.806357,33.044584],[112.806062,33.044316],[112.805777,33.043718],[112.805463,33.043804],[112.805276,33.043529],[112.805201,33.043354],[112.804967,33.042214],[112.80501,33.042146],[112.805249,33.042099],[112.805233,33.042005],[112.804997,33.040986],[112.804541,33.039624],[112.80416,33.038218],[112.805498,33.037971],[112.804962,33.036818],[112.803626,33.033296],[112.803935,33.033166],[112.804152,33.03299],[112.803497,33.03118],[112.80347,33.031007],[112.803133,33.030987],[112.80247,33.031027],[112.80192,33.031012],[112.801743,33.030364],[112.803326,33.029984],[112.803476,33.029973],[112.803851,33.031086],[112.804458,33.031183],[112.804278,33.030575],[112.803948,33.029741],[112.803757,33.029159],[112.804753,33.028855],[112.804785,33.028965],[112.805576,33.028718],[112.805219,33.027769],[112.805943,33.027542],[112.805858,33.027243],[112.805482,33.026363],[112.806037,33.026181],[112.80527,33.024402],[112.805748,33.024259],[112.805209,33.022684],[112.804916,33.022601],[112.804782,33.022601],[112.804484,33.021636],[112.804407,33.021252],[112.804061,33.02021],[112.803841,33.019709],[112.804417,33.019513],[112.803629,33.0175],[112.804302,33.017129],[112.805474,33.01699],[112.805914,33.016891],[112.806799,33.016612],[112.806394,33.015665],[112.809253,33.014847],[112.809634,33.014658],[112.810597,33.01432],[112.810847,33.014752],[112.811343,33.014595],[112.811581,33.014487],[112.81115,33.013425],[112.810766,33.013524],[112.810195,33.012273],[112.811075,33.011945],[112.810667,33.010987],[112.809999,33.009646],[112.810479,33.009473],[112.81027,33.008972],[112.810128,33.008724],[112.810061,33.008511],[112.809766,33.00861],[112.809693,33.008594],[112.809291,33.007928],[112.809194,33.007872],[112.809221,33.007838],[112.8092,33.007656],[112.809267,33.007561],[112.809261,33.00751],[112.808376,33.006205],[112.809422,33.005377],[112.806343,33.002934],[112.806094,33.002687],[112.803798,33.002136],[112.803586,33.001729],[112.803538,33.000777],[112.801928,33.000613],[112.801759,32.998404],[112.801456,32.996658],[112.800222,32.996719],[112.800166,32.99525],[112.799686,32.995315]]]}},{"type":"Feature","properties":{"regionCode":"411327103","sourceCode":"411327103000","name":"饶良镇","sourceName":"饶良镇","parentCode":"411327","parentName":"社旗县","regionLevel":"township","regionType":"town","isManagementZone":false,"source":"ruiduobao","sourceVersion":"mixed-legacy~2018-2020","geometryRepaired":false,"match2020":true,"match2023":true},"geometry":{"type":"Polygon","coordinates":[[[113.003748,32.801815],[113.003408,32.803028],[113.003137,32.803711],[113.00304,32.804586],[113.002678,32.805168],[113.002472,32.805402],[113.002201,32.805531],[113.001823,32.805508],[113.000506,32.805165],[112.999797,32.805068],[112.998698,32.805028],[112.99844,32.80489],[112.998295,32.804624],[112.998279,32.804259],[112.998392,32.803804],[112.998786,32.803166],[112.998843,32.802832],[112.998845,32.802507],[112.998776,32.802178],[112.998574,32.80193],[112.99833,32.801745],[112.998075,32.801461],[112.997974,32.801132],[112.997912,32.800395],[112.997614,32.800086],[112.997319,32.800057],[112.996697,32.800147],[112.996284,32.800167],[112.995586,32.80012],[112.995189,32.800181],[112.994876,32.800363],[112.994723,32.800636],[112.994733,32.80108],[112.994876,32.801472],[112.995184,32.801662],[112.995549,32.801835],[112.995788,32.802032],[112.995873,32.802352],[112.995704,32.802625],[112.995334,32.802807],[112.994937,32.8029],[112.994621,32.802841],[112.994146,32.802235],[112.993889,32.801799],[112.993754,32.801434],[112.99383,32.801103],[112.993827,32.800733],[112.993545,32.800652],[112.993229,32.800747],[112.992842,32.80097],[112.992231,32.801515],[112.991703,32.801795],[112.990018,32.802246],[112.989686,32.802295],[112.989195,32.802309],[112.988929,32.802036],[112.98901,32.801592],[112.988905,32.801213],[112.988336,32.800641],[112.987888,32.80051],[112.987722,32.800769],[112.987395,32.801403],[112.987269,32.801874],[112.98721,32.802349],[112.987416,32.802721],[112.987805,32.802886],[112.988492,32.803012],[112.988768,32.803123],[112.98891,32.803378],[112.988859,32.803682],[112.988637,32.803952],[112.988251,32.804088],[112.987363,32.804241],[112.98695,32.804347],[112.986188,32.80434],[112.985842,32.804496],[112.984836,32.805077],[112.98442,32.805188],[112.983777,32.805269],[112.983479,32.805467],[112.983219,32.805873],[112.983028,32.806324],[112.983058,32.806928],[112.982951,32.807244],[112.982602,32.807381],[112.981658,32.807514],[112.980928,32.807469],[112.980491,32.807496],[112.97978,32.807654],[112.979053,32.807864],[112.978742,32.807826],[112.978514,32.807512],[112.978495,32.807156],[112.978214,32.806588],[112.977967,32.806284],[112.977551,32.806205],[112.977157,32.806198],[112.976419,32.806412],[112.975996,32.806477],[112.975711,32.806486],[112.975357,32.806601],[112.975054,32.806791],[112.974695,32.806928],[112.973861,32.806982],[112.973493,32.807097],[112.973211,32.807282],[112.972997,32.807564],[112.972959,32.807853],[112.973109,32.808173],[112.973203,32.808547],[112.972943,32.80882],[112.972659,32.808858],[112.971919,32.808876],[112.97109,32.808991],[112.970682,32.808964],[112.970065,32.808538],[112.969314,32.808186],[112.968638,32.807753],[112.968389,32.807463],[112.968062,32.806908],[112.967863,32.806705],[112.967549,32.806635],[112.967198,32.806631],[112.966165,32.806705],[112.965339,32.806504],[112.964325,32.806326],[112.963982,32.806599],[112.963727,32.806935],[112.963429,32.807084],[112.963065,32.807181],[112.962794,32.807476],[112.962829,32.807832],[112.963322,32.808628],[112.963593,32.808946],[112.963963,32.809226],[112.964285,32.809293],[112.964618,32.809455],[112.964846,32.809688],[112.965146,32.809863],[112.965336,32.810233],[112.964899,32.810946],[112.964811,32.81143],[112.964816,32.811829],[112.964931,32.812221],[112.965312,32.812911],[112.965562,32.813152],[112.965838,32.813355],[112.966045,32.813579],[112.966109,32.813921],[112.966101,32.814282],[112.966216,32.814546],[112.966884,32.815091],[112.966777,32.815373],[112.966554,32.815596],[112.966254,32.815761],[112.965688,32.816029],[112.965334,32.81616],[112.965041,32.816211],[112.964741,32.816392],[112.964333,32.816356],[112.963834,32.816489],[112.963411,32.816554],[112.962995,32.816816],[112.962654,32.816847],[112.962166,32.817093],[112.959902,32.817918],[112.958808,32.818389],[112.957201,32.81875],[112.955514,32.819207],[112.955656,32.819913],[112.955447,32.820203],[112.955088,32.820433],[112.954565,32.820618],[112.953591,32.820893],[112.955227,32.827802],[112.95792,32.826925],[112.958373,32.827635],[112.960892,32.826835],[112.961442,32.827743],[112.961611,32.827928],[112.96178,32.828187],[112.961968,32.828685],[112.962525,32.829769],[112.962898,32.830421],[112.963518,32.831158],[112.966195,32.829931],[112.966431,32.830028],[112.963668,32.831315],[112.963971,32.831773],[112.964902,32.832938],[112.966417,32.832192],[112.966747,32.83175],[112.966664,32.831595],[112.967085,32.831191],[112.967584,32.830889],[112.967871,32.830639],[112.968936,32.830326],[112.969279,32.829992],[112.969451,32.829938],[112.969679,32.829974],[112.969821,32.829963],[112.969899,32.829938],[112.970189,32.82969],[112.970607,32.82962],[112.970881,32.829521],[112.971382,32.829233],[112.971868,32.829001],[112.972026,32.8288],[112.972104,32.828764],[112.972605,32.828874],[112.972734,32.82885],[112.973383,32.828575],[112.97381,32.828284],[112.973869,32.828273],[112.973987,32.828313],[112.974032,32.828372],[112.974182,32.828433],[112.974354,32.82843],[112.974799,32.828322],[112.975137,32.828996],[112.975333,32.829219],[112.975537,32.829352],[112.975902,32.829478],[112.976146,32.82951],[112.977114,32.829893],[112.977833,32.829954],[112.97867,32.829672],[112.978836,32.829668],[112.979134,32.82946],[112.979316,32.829449],[112.979448,32.829481],[112.979705,32.829596],[112.979777,32.82972],[112.979777,32.830064],[112.979987,32.830391],[112.980027,32.830691],[112.979981,32.830849],[112.979552,32.831489],[112.979335,32.831757],[112.978919,32.832133],[112.978587,32.832381],[112.978509,32.832483],[112.978503,32.832674],[112.978549,32.832909],[112.978651,32.833071],[112.978895,32.833283],[112.979085,32.833332],[112.979445,32.833781],[112.979571,32.834058],[112.979724,32.835],[112.979654,32.835464],[112.979429,32.835902],[112.979474,32.836821],[112.979456,32.837022],[112.97912,32.837869],[112.979102,32.838072],[112.979142,32.838153],[112.979418,32.838214],[112.979973,32.838243],[112.980765,32.8385],[112.981113,32.838719],[112.981202,32.838822],[112.981363,32.839142],[112.98198,32.839618],[112.982197,32.839665],[112.982436,32.839654],[112.982465,32.839598],[112.982417,32.83942],[112.982425,32.839203],[112.982497,32.839106],[112.982605,32.83905],[112.98269,32.83907],[112.983471,32.839656],[112.983651,32.839753],[112.983777,32.839879],[112.984023,32.840238],[112.984021,32.840341],[112.983908,32.840515],[112.983895,32.840697],[112.983956,32.840758],[112.984117,32.840826],[112.985021,32.841062],[112.985147,32.841107],[112.985201,32.841159],[112.98512,32.841331],[112.985142,32.841423],[112.985356,32.841702],[112.985472,32.841802],[112.986083,32.842137],[112.986129,32.842248],[112.986126,32.842428],[112.986073,32.842694],[112.986011,32.842759],[112.986011,32.842861],[112.986043,32.842913],[112.98636,32.843305],[112.987046,32.843963],[112.987392,32.844359],[112.98758,32.84451],[112.987805,32.844634],[112.988065,32.844718],[112.988645,32.844745],[112.989503,32.844499],[112.990058,32.844391],[112.991268,32.844021],[112.991904,32.843791],[112.992271,32.843719],[112.992735,32.843507],[112.992488,32.843239],[112.992207,32.842822],[112.99269,32.84255],[112.992813,32.842518],[112.993087,32.84298],[112.993553,32.842825],[112.993341,32.842457],[112.993325,32.842363],[112.993773,32.842155],[112.994033,32.842083],[112.994111,32.842153],[112.994312,32.842493],[112.994433,32.842789],[112.99465,32.843068],[112.994701,32.843163],[112.994699,32.843232],[112.99384,32.843474],[112.993003,32.843753],[112.993234,32.843893],[112.993414,32.843949],[112.993687,32.843879],[112.994809,32.843431],[112.995994,32.8452],[112.996045,32.845412],[112.99627,32.845856],[112.995122,32.846261],[112.994599,32.845461],[112.994082,32.844812],[112.993784,32.844253],[112.992301,32.844835],[112.992794,32.845659],[112.992936,32.845997],[112.99096,32.846662],[112.990351,32.846897],[112.989763,32.847059],[112.988975,32.847361],[112.988956,32.847435],[112.989551,32.848028],[112.989637,32.848152],[112.989734,32.84846],[112.990225,32.849049],[112.990603,32.849375],[112.990952,32.849745],[112.991086,32.849961],[112.991086,32.850031],[112.989712,32.850457],[112.989399,32.850479],[112.987921,32.850905],[112.987666,32.850948],[112.987915,32.851313],[112.988307,32.851714],[112.988393,32.85187],[112.988428,32.852059],[112.988559,32.852338],[112.987572,32.852559],[112.986738,32.852688],[112.986368,32.852694],[112.986209,32.852663],[112.985989,32.852537],[112.985837,32.852645],[112.985775,32.852775],[112.985783,32.853005],[112.986145,32.854193],[112.986555,32.855101],[112.986802,32.856097],[112.98688,32.856606],[112.986934,32.85671],[112.987626,32.856604],[112.988674,32.856365],[112.990152,32.856092],[112.990683,32.857192],[112.991713,32.856939],[112.992405,32.856811],[112.992706,32.856714],[112.992966,32.857183],[112.990992,32.857651],[112.991225,32.858102],[112.991515,32.858796],[112.992027,32.860632],[112.992218,32.861132],[112.992601,32.862491],[112.992674,32.862975],[112.990941,32.863284],[112.990943,32.863345],[112.991064,32.863575],[112.99115,32.863856],[112.99144,32.864557],[112.993036,32.8643],[112.993218,32.864805],[112.99144,32.865145],[112.991933,32.865449],[112.992108,32.865523],[112.992333,32.865695],[112.992464,32.865855],[112.992545,32.866093],[112.992558,32.866269],[112.992754,32.867148],[112.992952,32.867607],[112.992046,32.867749],[112.99222,32.867999],[112.992934,32.867846],[112.993333,32.867808],[112.993516,32.867869],[112.99361,32.868062],[112.993467,32.868092],[112.993626,32.868571],[112.993658,32.868831],[112.99362,32.868995],[112.993443,32.869112],[112.993441,32.869162],[112.993569,32.869579],[112.993714,32.870464],[112.993795,32.870527],[112.9942,32.870529],[112.995417,32.870365],[112.995538,32.870869],[112.995672,32.871232],[112.994715,32.871374],[112.993733,32.871448],[112.993848,32.872061],[112.993631,32.872111],[112.993548,32.871764],[112.993033,32.871816],[112.992987,32.871471],[112.991692,32.871516],[112.991453,32.871615],[112.991595,32.872032],[112.991593,32.872381],[112.990879,32.872854],[112.990509,32.872969],[112.990251,32.872985],[112.989962,32.873163],[112.989908,32.873307],[112.990088,32.873766],[112.99016,32.873825],[112.990227,32.873843],[112.990576,32.87371],[112.991027,32.873606],[112.991284,32.873591],[112.991491,32.873611],[112.991821,32.873719],[112.992142,32.873971],[112.992209,32.874406],[112.992236,32.874854],[112.992306,32.875138],[112.992236,32.875386],[112.9921,32.875672],[112.992083,32.876003],[112.99218,32.876499],[112.992167,32.8766],[112.992121,32.876641],[112.992126,32.876753],[112.99226,32.877283],[112.992454,32.877447],[112.992845,32.877474],[112.993199,32.877769],[112.993239,32.878109],[112.99339,32.8784],[112.993961,32.878923],[112.994033,32.879069],[112.994076,32.87931],[112.993878,32.879729],[112.994205,32.880177],[112.994393,32.880297],[112.994532,32.880315],[112.994978,32.880576],[112.995015,32.880725],[112.99498,32.881135],[112.994913,32.881317],[112.994656,32.881628],[112.994591,32.881837],[112.994666,32.882128],[112.994774,32.882337],[112.99527,32.882833],[112.995761,32.883493],[112.996085,32.883856],[112.996286,32.884205],[112.996691,32.884707],[112.996759,32.885901],[112.996791,32.885962],[112.997088,32.886198],[112.997214,32.886207],[112.997271,32.886167],[112.997719,32.885572],[112.998041,32.885007],[112.99814,32.884946],[112.998392,32.884885],[112.998818,32.884849],[112.99936,32.884939],[112.999706,32.884513],[112.999924,32.88438],[113.000404,32.884304],[113.000889,32.884121],[113.001466,32.884047],[113.002992,32.883475],[113.003161,32.883671],[113.003612,32.884403],[113.004073,32.8842],[113.004701,32.8857],[113.004794,32.885691],[113.005926,32.885297],[113.007101,32.884824],[113.007364,32.884826],[113.007471,32.884876],[113.007584,32.884973],[113.007817,32.885381],[113.008324,32.885248],[113.008123,32.88482],[113.008509,32.884667],[113.009207,32.884236],[113.011379,32.883378],[113.011138,32.883018],[113.010848,32.882337],[113.012243,32.881621],[113.012388,32.881689],[113.014037,32.88081],[113.014268,32.881065],[113.017631,32.879562],[113.018063,32.880159],[113.019589,32.879544],[113.020276,32.879301],[113.020689,32.879912],[113.020936,32.880231],[113.021035,32.880299],[113.022956,32.87958],[113.022958,32.87952],[113.022859,32.879279],[113.022156,32.878062],[113.022921,32.877859],[113.023728,32.877553],[113.023902,32.877609],[113.024007,32.8777],[113.024098,32.877968],[113.024179,32.878109],[113.02427,32.878148],[113.024581,32.878134],[113.024688,32.87822],[113.025016,32.87902],[113.025126,32.879089],[113.025262,32.879123],[113.025493,32.87915],[113.02689,32.878767],[113.027041,32.878736],[113.027067,32.878808],[113.029331,32.878335],[113.029396,32.878655],[113.027156,32.879038],[113.027422,32.879869],[113.027714,32.881547],[113.029806,32.881295],[113.029836,32.881632],[113.027759,32.881873],[113.02784,32.882682],[113.030058,32.882432],[113.030117,32.882716],[113.027891,32.882977],[113.027966,32.883498],[113.030935,32.883112],[113.030978,32.883207],[113.03108,32.8847],[113.030828,32.88466],[113.030903,32.885387],[113.030337,32.885502],[113.030377,32.886865],[113.031375,32.886804],[113.031651,32.887734],[113.032126,32.887628],[113.033953,32.887342],[113.034028,32.887748],[113.033977,32.888032],[113.033974,32.888268],[113.034114,32.888813],[113.034127,32.889009],[113.034095,32.889063],[113.033977,32.889108],[113.032306,32.88939],[113.032121,32.889387],[113.032038,32.888831],[113.030249,32.889038],[113.030332,32.889791],[113.030503,32.890694],[113.030734,32.891176],[113.032046,32.890937],[113.032185,32.891207],[113.032292,32.891629],[113.031112,32.891897],[113.031228,32.892255],[113.031579,32.89311],[113.031622,32.893151],[113.033663,32.892716],[113.033749,32.892948],[113.033878,32.893631],[113.033953,32.893658],[113.034489,32.893516],[113.034883,32.894547],[113.035213,32.894509],[113.036139,32.89409],[113.036691,32.893894],[113.03704,32.893829],[113.037354,32.893637],[113.038014,32.893469],[113.038928,32.893025],[113.039247,32.892818],[113.039894,32.892491],[113.040438,32.892315],[113.041208,32.891928],[113.042211,32.891586],[113.042479,32.892426],[113.04274,32.893074],[113.042774,32.893259],[113.041857,32.893451],[113.041002,32.89375],[113.041683,32.895257],[113.043507,32.894689],[113.043762,32.894649],[113.044215,32.89536],[113.043365,32.895732],[113.043496,32.896275],[113.045159,32.895635],[113.045408,32.895606],[113.045494,32.895664],[113.045856,32.896178],[113.04591,32.896455],[113.045703,32.896565],[113.045261,32.896682],[113.044716,32.896946],[113.044389,32.897054],[113.044134,32.897194],[113.044641,32.898074],[113.044958,32.898718],[113.045551,32.898518],[113.046632,32.898236],[113.046945,32.89857],[113.047256,32.898772],[113.047163,32.898858],[113.045658,32.899448],[113.045846,32.899644],[113.045475,32.899788],[113.044802,32.899957],[113.04491,32.900216],[113.046031,32.899835],[113.046189,32.900052],[113.046237,32.900169],[113.046237,32.900225],[113.045105,32.900554],[113.045234,32.900867],[113.044985,32.900901],[113.045607,32.902621],[113.046908,32.90227],[113.047096,32.902265],[113.047179,32.902328],[113.047307,32.902551],[113.047369,32.902772],[113.047361,32.902945],[113.047184,32.903186],[113.046921,32.903263],[113.046827,32.903335],[113.046787,32.90356],[113.046712,32.904727],[113.046492,32.904844],[113.046079,32.904954],[113.045044,32.905109],[113.045486,32.906483],[113.045323,32.906587],[113.04433,32.906805],[113.044757,32.908206],[113.045599,32.908111],[113.045658,32.909404],[113.044593,32.909586],[113.04462,32.909913],[113.045712,32.909741],[113.045787,32.91034],[113.043917,32.910852],[113.043979,32.911057],[113.044974,32.910753],[113.045795,32.910552],[113.045827,32.91078],[113.044062,32.911259],[113.044435,32.912065],[113.04459,32.912108],[113.044743,32.912387],[113.046103,32.912068],[113.046119,32.912892],[113.045132,32.913121],[113.045317,32.913452],[113.046103,32.913297],[113.046119,32.914105],[113.046248,32.914857],[113.047101,32.914619],[113.0483,32.914344],[113.04838,32.914558],[113.048394,32.914772],[113.04543,32.915666],[113.04562,32.915927],[113.045803,32.916132],[113.045864,32.916161],[113.046133,32.91608],[113.046194,32.915994],[113.046141,32.915785],[113.048415,32.91517],[113.048694,32.915742],[113.047353,32.916116],[113.047785,32.916726],[113.048048,32.917379],[113.048064,32.91753],[113.047133,32.917834],[113.047766,32.91948],[113.050134,32.91894],[113.050277,32.919595],[113.051449,32.919331],[113.05151,32.919451],[113.052275,32.919293],[113.052516,32.920068],[113.053935,32.91986],[113.054273,32.920903],[113.056207,32.920414],[113.056333,32.920894],[113.054421,32.921358],[113.054496,32.921524],[113.056387,32.921094],[113.056507,32.921369],[113.057194,32.921193],[113.057232,32.921142],[113.05886,32.920358],[113.059168,32.921063],[113.060488,32.920644],[113.060501,32.920522],[113.060421,32.920227],[113.060201,32.919595],[113.060185,32.919343],[113.061944,32.919045],[113.062097,32.918791],[113.062427,32.91851],[113.063084,32.918041],[113.063272,32.917721],[113.063347,32.917451],[113.063731,32.917649],[113.063905,32.917906],[113.064179,32.918964],[113.064353,32.919232],[113.06449,32.919349],[113.063731,32.919566],[113.062473,32.920074],[113.062891,32.921065],[113.062996,32.921236],[113.063014,32.921844],[113.065565,32.9212],[113.06571,32.921491],[113.063141,32.922207],[113.063267,32.92256],[113.063975,32.92254],[113.065265,32.922225],[113.065643,32.922038],[113.065761,32.92195],[113.065833,32.921851],[113.066072,32.922387],[113.064487,32.922821],[113.065171,32.924321],[113.065799,32.9241],[113.066694,32.923708],[113.066936,32.923528],[113.067094,32.923566],[113.067521,32.923951],[113.068178,32.924996],[113.070101,32.924449],[113.071842,32.923855],[113.072121,32.924399],[113.073888,32.923803],[113.073392,32.922632],[113.073362,32.922452],[113.073405,32.92213],[113.073379,32.921713],[113.073443,32.921628],[113.073743,32.921515],[113.074532,32.922729],[113.076906,32.921792],[113.076181,32.920817],[113.07712,32.920484],[113.077201,32.920588],[113.077976,32.920381],[113.077976,32.92034],[113.076731,32.918417],[113.078169,32.917836],[113.078459,32.917755],[113.078789,32.918215],[113.080615,32.917465],[113.080559,32.917445],[113.07955,32.916287],[113.079194,32.915947],[113.079953,32.9157],[113.081213,32.915211],[113.080988,32.914979],[113.079062,32.915742],[113.078848,32.915429],[113.07874,32.915335],[113.080374,32.914648],[113.080451,32.914535],[113.080462,32.914288],[113.080435,32.914148],[113.080207,32.913725],[113.082131,32.912495],[113.080934,32.911322],[113.082839,32.910223],[113.083201,32.910613],[113.083252,32.910602],[113.083579,32.910424],[113.0854,32.909629],[113.085076,32.909383],[113.084577,32.908904],[113.08441,32.908703],[113.085631,32.90767],[113.086071,32.907348],[113.087224,32.908348],[113.08749,32.908066],[113.088332,32.907474],[113.088383,32.907393],[113.088396,32.907224],[113.089504,32.906512],[113.090231,32.906199],[113.090732,32.905929],[113.090958,32.906407],[113.091183,32.907206],[113.093686,32.906539],[113.093844,32.906449],[113.093871,32.906253],[113.094061,32.905571],[113.094056,32.905362],[113.093812,32.90465],[113.093592,32.904168],[113.093176,32.903612],[113.092833,32.903301],[113.092497,32.902934],[113.092366,32.902871],[113.092218,32.902673],[113.091615,32.901729],[113.091454,32.901414],[113.091274,32.900876],[113.09128,32.900696],[113.091245,32.900509],[113.091164,32.900405],[113.0911,32.900198],[113.091094,32.899925],[113.090942,32.89891],[113.0911,32.898923],[113.091384,32.899092],[113.091556,32.899085],[113.091682,32.898953],[113.091719,32.898709],[113.091902,32.898561],[113.09206,32.898504],[113.09228,32.898507],[113.092653,32.898678],[113.093031,32.898245],[113.092808,32.897872],[113.092688,32.897567],[113.091923,32.897754],[113.09158,32.897887],[113.091223,32.897946],[113.090848,32.898083],[113.090681,32.897763],[113.090703,32.8977],[113.091006,32.897554],[113.092532,32.897122],[113.092465,32.89684],[113.09106,32.897243],[113.090926,32.896998],[113.090821,32.896685],[113.092208,32.896275],[113.092106,32.895912],[113.092851,32.895685],[113.092937,32.89582],[113.093211,32.896529],[113.092977,32.896673],[113.092951,32.896723],[113.093476,32.898052],[113.093538,32.898108],[113.093731,32.898103],[113.094268,32.897941],[113.094345,32.897874],[113.09431,32.89766],[113.094356,32.897471],[113.094874,32.897396],[113.095348,32.897144],[113.094812,32.896009],[113.094479,32.895169],[113.094592,32.895133],[113.094884,32.895741],[113.095163,32.896432],[113.095799,32.897577],[113.095981,32.897613],[113.096091,32.897549],[113.096429,32.897498],[113.096437,32.89716],[113.096491,32.897063],[113.096944,32.89686],[113.097376,32.896739],[113.097494,32.896752],[113.097964,32.89745],[113.098178,32.89789],[113.098259,32.897914],[113.098414,32.897883],[113.098986,32.897574],[113.098575,32.897083],[113.098393,32.896703],[113.098484,32.896606],[113.099053,32.896441],[113.099101,32.896385],[113.098449,32.895559],[113.098243,32.895345],[113.097964,32.894908],[113.097843,32.894469],[113.097623,32.894131],[113.097526,32.893901],[113.097009,32.893338],[113.096132,32.892207],[113.095869,32.892],[113.095241,32.891592],[113.093887,32.890257],[113.093018,32.889635],[113.093978,32.889207],[113.09485,32.888766],[113.093699,32.888484],[113.091454,32.887338],[113.090491,32.887836],[113.08989,32.887568],[113.089523,32.887318],[113.089445,32.887128],[113.089501,32.886791],[113.090137,32.886928],[113.089941,32.886491],[113.090255,32.886403],[113.090716,32.886158],[113.091207,32.887124],[113.091296,32.887214],[113.091475,32.88727],[113.092181,32.886966],[113.091998,32.886682],[113.093321,32.886099],[113.092774,32.885446],[113.094171,32.884714],[113.094844,32.885667],[113.094925,32.885899],[113.095796,32.88548],[113.096285,32.885221],[113.096392,32.885131],[113.095869,32.884667],[113.096663,32.884191],[113.096883,32.884146],[113.097333,32.884482],[113.097623,32.884743],[113.097698,32.884926],[113.098559,32.885899],[113.098747,32.886185],[113.099404,32.886867],[113.10052,32.886288],[113.101536,32.885838],[113.10166,32.88575],[113.101343,32.885338],[113.101115,32.884977],[113.101375,32.884874],[113.102521,32.884239],[113.102443,32.884124],[113.102408,32.88398],[113.102247,32.884022],[113.101904,32.884221],[113.101295,32.884646],[113.100986,32.884777],[113.100866,32.884626],[113.102295,32.88382],[113.102352,32.883754],[113.102255,32.883601],[113.103414,32.882957],[113.103661,32.882876],[113.10383,32.882869],[113.104229,32.88348],[113.10435,32.883362],[113.105012,32.883097],[113.104656,32.882606],[113.104425,32.882718],[113.10431,32.882608],[113.103545,32.881572],[113.103355,32.881243],[113.102625,32.880177],[113.103462,32.879873],[113.102931,32.879448],[113.102467,32.87913],[113.101166,32.879662],[113.100694,32.878855],[113.101601,32.878425],[113.100321,32.876839],[113.100091,32.876929],[113.099329,32.875976],[113.098119,32.876639],[113.097838,32.876283],[113.097781,32.876143],[113.097451,32.875668],[113.098849,32.875023],[113.097722,32.873629],[113.096303,32.874289],[113.096027,32.873929],[113.095788,32.873676],[113.097245,32.873057],[113.096875,32.872588],[113.095472,32.873194],[113.095324,32.872807],[113.095118,32.872514],[113.096397,32.872002],[113.096097,32.87164],[113.095652,32.871198],[113.09463,32.869937],[113.094624,32.869795],[113.093983,32.868945],[113.096604,32.867697],[113.09658,32.867603],[113.096344,32.867222],[113.096175,32.867071],[113.096024,32.866841],[113.096003,32.866697],[113.095955,32.866609],[113.09559,32.866174],[113.095434,32.86578],[113.095491,32.865706],[113.095501,32.865618],[113.095416,32.865375],[113.094029,32.865913],[113.093838,32.86585],[113.093511,32.865571],[113.093211,32.865134],[113.092889,32.864618],[113.092771,32.864359],[113.09254,32.864127],[113.092189,32.863444],[113.089828,32.86448],[113.090558,32.865381],[113.089772,32.865837],[113.089466,32.865381],[113.088917,32.86565],[113.088123,32.866111],[113.086237,32.864174],[113.085752,32.863539],[113.085301,32.863741],[113.084869,32.863156],[113.086478,32.862299],[113.085631,32.86134],[113.084577,32.861833],[113.083858,32.860799],[113.084676,32.860339],[113.083914,32.859695],[113.083729,32.859598],[113.08359,32.859479],[113.083324,32.859174],[113.083209,32.858879],[113.082525,32.858226],[113.082163,32.857922],[113.081704,32.857604],[113.080924,32.858228],[113.080789,32.858226],[113.080435,32.857946],[113.079872,32.858478],[113.079379,32.858724],[113.07932,32.858699],[113.078762,32.857949],[113.077737,32.858399],[113.076586,32.858843],[113.076865,32.859334],[113.077136,32.859731],[113.075036,32.860583],[113.074655,32.860033],[113.074309,32.859724],[113.0738,32.859375],[113.073719,32.859235],[113.073665,32.858645],[113.073585,32.858469],[113.073008,32.858145],[113.072689,32.857928],[113.072558,32.857775],[113.072265,32.857228],[113.072067,32.856944],[113.07175,32.856577],[113.071037,32.855869],[113.070734,32.855727],[113.070546,32.855567],[113.073274,32.854535],[113.072917,32.853848],[113.072442,32.853172],[113.074293,32.852564],[113.074057,32.851903],[113.073939,32.851451],[113.074835,32.851162],[113.075079,32.851453],[113.075253,32.851723],[113.075371,32.851825],[113.075849,32.851671],[113.075551,32.851016],[113.075881,32.850905],[113.075624,32.850558],[113.075342,32.850367],[113.075165,32.850202],[113.074438,32.849312],[113.075857,32.848758],[113.075653,32.848467],[113.074937,32.848695],[113.074594,32.848704],[113.074062,32.84892],[113.073692,32.84817],[113.07395,32.848309],[113.07505,32.847834],[113.075288,32.847717],[113.075784,32.847262],[113.076037,32.847097],[113.075127,32.845928],[113.075315,32.845808],[113.075615,32.846194],[113.07804,32.84501],[113.077777,32.844589],[113.078075,32.844416],[113.077826,32.843999],[113.073459,32.846189],[113.07288,32.845488],[113.07178,32.845977],[113.071589,32.845666],[113.072464,32.845258],[113.071981,32.844549],[113.071152,32.844929],[113.070734,32.844172],[113.070565,32.84399],[113.071673,32.843514],[113.071563,32.843185],[113.07027,32.843735],[113.069607,32.843127],[113.069336,32.842831],[113.069277,32.842572],[113.069218,32.84124],[113.069162,32.840776],[113.069513,32.840677],[113.069682,32.84083],[113.069876,32.840945],[113.070047,32.840983],[113.070755,32.840654],[113.070514,32.840384],[113.070745,32.840271],[113.070691,32.83994],[113.07072,32.839845],[113.070597,32.839562],[113.070417,32.839586],[113.069036,32.840247],[113.068964,32.839895],[113.069666,32.839537],[113.068947,32.838514],[113.069004,32.838218],[113.069218,32.837641],[113.069288,32.837321],[113.069945,32.837044],[113.069792,32.836862],[113.070825,32.836134],[113.070208,32.835401],[113.070391,32.835102],[113.070557,32.834743],[113.070675,32.834313],[113.071828,32.835708],[113.072172,32.835467],[113.071775,32.834966],[113.073226,32.834261],[113.07369,32.8348],[113.073971,32.834869],[113.075264,32.834263],[113.07498,32.833797],[113.075546,32.833576],[113.075693,32.833389],[113.077836,32.832474],[113.077493,32.832057],[113.076959,32.831631],[113.076769,32.831518],[113.07705,32.831331],[113.07716,32.831295],[113.077627,32.831272],[113.077869,32.831117],[113.078003,32.830964],[113.078416,32.830119],[113.078582,32.83024],[113.079226,32.830502],[113.07954,32.830605],[113.080138,32.83072],[113.080473,32.83075],[113.081114,32.830745],[113.081457,32.830691],[113.081699,32.830563],[113.081881,32.830312],[113.08201,32.830191],[113.082756,32.829717],[113.082603,32.829573],[113.082407,32.829309],[113.083423,32.828863],[113.085435,32.82807],[113.086127,32.827817],[113.086626,32.828451],[113.086736,32.828694],[113.08727,32.828552],[113.088469,32.828137],[113.089402,32.827982],[113.088976,32.827606],[113.089279,32.827473],[113.089474,32.827678],[113.089611,32.827711],[113.090537,32.827204],[113.090673,32.827299],[113.091537,32.827718],[113.092538,32.827047],[113.09302,32.827615],[113.092562,32.827982],[113.092339,32.828106],[113.092803,32.828374],[113.093305,32.827914],[113.093699,32.827626],[113.094096,32.827687],[113.094112,32.827161],[113.094192,32.826754],[113.094125,32.826591],[113.093694,32.826578],[113.093785,32.82532],[113.094681,32.825225],[113.09544,32.82509],[113.096427,32.82701],[113.095399,32.827308],[113.09471,32.827454],[113.094364,32.827475],[113.094386,32.827718],[113.094428,32.827799],[113.095434,32.82756],[113.097988,32.826837],[113.097256,32.825302],[113.097494,32.825162],[113.097339,32.824689],[113.096958,32.824468],[113.09655,32.82392],[113.096542,32.823799],[113.097148,32.823515],[113.097247,32.823537],[113.097379,32.823835],[113.098691,32.8234],[113.098787,32.823666],[113.09879,32.823765],[113.098688,32.82397],[113.098666,32.824184],[113.098999,32.824739],[113.099305,32.824628],[113.099361,32.824551],[113.099077,32.82422],[113.099659,32.823981],[113.099881,32.824529],[113.100509,32.82498],[113.101244,32.82468],[113.102022,32.824409],[113.103873,32.823871],[113.103288,32.823028],[113.103202,32.822845],[113.103301,32.822784],[113.103661,32.822751],[113.103709,32.822721],[113.103854,32.822403],[113.103932,32.8223],[113.104213,32.822162],[113.103848,32.821274],[113.101445,32.814735],[113.099318,32.816209],[113.098181,32.814778],[113.09967,32.813822],[113.098825,32.812627],[113.096075,32.813847],[113.094715,32.811662],[113.094458,32.811115],[113.093433,32.811272],[113.093466,32.810961],[113.093203,32.809978],[113.092543,32.80811],[113.090805,32.803481],[113.092436,32.803317],[113.092554,32.801416],[113.089866,32.801772],[113.088136,32.799351],[113.084539,32.799685],[113.084496,32.799195],[113.084397,32.798803],[113.084217,32.798487],[113.08419,32.798133],[113.084453,32.797056],[113.084553,32.796231],[113.084488,32.795872],[113.084528,32.795299],[113.084622,32.794894],[113.084606,32.794048],[113.084499,32.793647],[113.084346,32.793372],[113.084252,32.793033],[113.084233,32.792668],[113.081715,32.793245],[113.08161,32.792756],[113.076635,32.793926],[113.076401,32.793473],[113.076232,32.792745],[113.076198,32.79233],[113.075782,32.791608],[113.075685,32.791324],[113.075463,32.789773],[113.075299,32.789232],[113.073601,32.789651],[113.073572,32.790012],[113.073708,32.791604],[113.073888,32.792943],[113.070436,32.793956],[113.070551,32.794657],[113.070712,32.795295],[113.070948,32.795944],[113.069149,32.796747],[113.069425,32.798039],[113.067504,32.798589],[113.067665,32.800271],[113.063248,32.800395],[113.062577,32.799292],[113.060195,32.799797],[113.057494,32.800686],[113.056389,32.799071],[113.05448,32.79945],[113.053334,32.797707],[113.051065,32.797822],[113.042418,32.796848],[113.039516,32.796118],[113.035347,32.799008],[113.035704,32.79934],[113.03642,32.799867],[113.036699,32.800147],[113.036925,32.800478],[113.037051,32.80097],[113.03734,32.80122],[113.037609,32.801396],[113.037812,32.80161],[113.038175,32.802214],[113.03815,32.80251],[113.037898,32.802742],[113.038161,32.803017],[113.038486,32.80296],[113.03885,32.803055],[113.039095,32.803493],[113.039231,32.803869],[113.0394,32.804142],[113.039564,32.804604],[113.039301,32.804958],[113.038928,32.805111],[113.038749,32.805373],[113.038791,32.805664],[113.039062,32.805891],[113.039505,32.806105],[113.039905,32.80645],[113.039588,32.806732],[113.039113,32.806867],[113.038883,32.807697],[113.038722,32.808089],[113.03888,32.808495],[113.038791,32.808894],[113.038545,32.809072],[113.038319,32.808608],[113.038126,32.808369],[113.03771,32.808322],[113.037096,32.808689],[113.036906,32.808912],[113.036681,32.809268],[113.036369,32.809444],[113.035825,32.80941],[113.035176,32.809277],[113.034682,32.809652],[113.034189,32.810084],[113.033899,32.810395],[113.033727,32.810946],[113.033929,32.811297],[113.034736,32.811644],[113.03539,32.812172],[113.035398,32.812524],[113.034953,32.812893],[113.034012,32.813367],[113.033397,32.814023],[113.033156,32.814192],[113.031718,32.814201],[113.031359,32.814316],[113.031051,32.814638],[113.030833,32.815193],[113.030747,32.81577],[113.030688,32.81652],[113.030455,32.816838],[113.030133,32.816924],[113.029723,32.816865],[113.029363,32.81671],[113.028956,32.816423],[113.028618,32.816045],[113.028484,32.815695],[113.028516,32.815296],[113.028655,32.815039],[113.02924,32.814365],[113.029393,32.813905],[113.02924,32.813484],[113.028865,32.813218],[113.028277,32.813001],[113.027373,32.81285],[113.027065,32.812762],[113.02608,32.812228],[113.025356,32.811482],[113.024694,32.810889],[113.024208,32.810459],[113.023476,32.809909],[113.023146,32.809501],[113.022639,32.80856],[113.022414,32.808333],[113.022156,32.808202],[113.0218,32.808139],[113.02118,32.808173],[113.020716,32.808297],[113.020518,32.808648],[113.020477,32.809942],[113.020335,32.810312],[113.020102,32.810601],[113.019708,32.810779],[113.019241,32.810736],[113.018632,32.810224],[113.018297,32.809839],[113.018069,32.809652],[113.017666,32.809528],[113.017269,32.809523],[113.016534,32.809708],[113.016156,32.809893],[113.014992,32.809895],[113.014499,32.809839],[113.013552,32.809672],[113.012841,32.809473],[113.012345,32.809284],[113.010993,32.808639],[113.01021,32.808119],[113.008163,32.80618],[113.007785,32.805715],[113.007729,32.805352],[113.007823,32.805035],[113.008131,32.804514],[113.008405,32.804223],[113.008847,32.803959],[113.009051,32.803727],[113.008992,32.80342],[113.008721,32.803181],[113.008268,32.802845],[113.007868,32.80264],[113.0073,32.802417],[113.00617,32.801398],[113.005261,32.800287],[113.004953,32.800102],[113.004588,32.800086],[113.004226,32.80023],[113.003917,32.80048],[113.003869,32.801015],[113.003767,32.801448],[113.003748,32.801815]]]}},{"type":"Feature","properties":{"regionCode":"411327104","sourceCode":"411327104000","name":"兴隆镇","sourceName":"兴隆镇","parentCode":"411327","parentName":"社旗县","regionLevel":"township","regionType":"town","isManagementZone":false,"source":"ruiduobao","sourceVersion":"mixed-legacy~2018-2020","geometryRepaired":false,"match2020":true,"match2023":true},"geometry":{"type":"Polygon","coordinates":[[[112.96977,32.894757],[112.968094,32.895441],[112.967871,32.895507],[112.968319,32.896104],[112.968622,32.896408],[112.969083,32.897151],[112.969065,32.897164],[112.966208,32.898207],[112.965704,32.8985],[112.965294,32.898531],[112.964599,32.89866],[112.964046,32.898826],[112.962885,32.89925],[112.96245,32.899439],[112.961909,32.899549],[112.961391,32.899757],[112.959578,32.900624],[112.960114,32.901238],[112.960256,32.901547],[112.960479,32.90188],[112.961048,32.902398],[112.961332,32.902936],[112.959851,32.903639],[112.95979,32.903684],[112.959626,32.904184],[112.959597,32.904461],[112.959004,32.904655],[112.958612,32.904826],[112.958854,32.905096],[112.95928,32.905483],[112.959457,32.905596],[112.959366,32.905688],[112.959055,32.905877],[112.958757,32.906283],[112.958577,32.906371],[112.95814,32.906472],[112.957191,32.906812],[112.956997,32.906981],[112.956775,32.907087],[112.956045,32.907188],[112.956123,32.907285],[112.956558,32.907568],[112.95696,32.907978],[112.957343,32.908404],[112.957644,32.908825],[112.958025,32.909244],[112.956968,32.909492],[112.956941,32.909606],[112.956512,32.90976],[112.956874,32.910464],[112.957164,32.91091],[112.95752,32.911556],[112.956882,32.911723],[112.955302,32.912245],[112.955479,32.912554],[112.955359,32.91254],[112.955023,32.912603],[112.953599,32.913101],[112.953267,32.913189],[112.953017,32.913281],[112.952996,32.913457],[112.951775,32.913842],[112.95174,32.9139],[112.951936,32.914457],[112.951477,32.91461],[112.950775,32.914925],[112.950887,32.915269],[112.951129,32.915794],[112.951113,32.915844],[112.950214,32.916179],[112.949018,32.916726],[112.948658,32.916796],[112.948508,32.916636],[112.948245,32.916722],[112.947969,32.916886],[112.947693,32.9169],[112.947669,32.91687],[112.947438,32.916848],[112.947371,32.91626],[112.945923,32.916434],[112.946124,32.915722],[112.946177,32.915256],[112.946381,32.915164],[112.946419,32.915119],[112.946279,32.914222],[112.946231,32.913502],[112.945644,32.913684],[112.945306,32.913849],[112.945078,32.913896],[112.943358,32.913871],[112.943324,32.913833],[112.943299,32.913506],[112.943168,32.912989],[112.943077,32.912813],[112.94302,32.912466],[112.942935,32.912412],[112.942817,32.912414],[112.942747,32.912448],[112.942642,32.912543],[112.942562,32.912716],[112.94243,32.912718],[112.942256,32.912786],[112.941612,32.912772],[112.941159,32.912716],[112.940733,32.91275],[112.939783,32.912621],[112.939102,32.912712],[112.939027,32.912603],[112.939021,32.912342],[112.938976,32.912207],[112.938651,32.911878],[112.938319,32.911996],[112.938182,32.911984],[112.937723,32.911867],[112.937444,32.911737],[112.937267,32.911757],[112.936924,32.912106],[112.936806,32.912363],[112.936744,32.91261],[112.936613,32.912883],[112.936471,32.913009],[112.936175,32.913054],[112.935773,32.913013],[112.935577,32.912811],[112.935483,32.912601],[112.935492,32.912457],[112.935813,32.911903],[112.935961,32.91171],[112.936484,32.911205],[112.936733,32.911034],[112.936827,32.910901],[112.93683,32.910735],[112.936666,32.910498],[112.936379,32.910377],[112.935172,32.910057],[112.934507,32.909847],[112.933539,32.909465],[112.933027,32.909456],[112.932348,32.909577],[112.931913,32.909516],[112.931634,32.909309],[112.931382,32.909055],[112.931356,32.908517],[112.931267,32.908204],[112.930833,32.907713],[112.930658,32.907647],[112.930047,32.907665],[112.92976,32.907746],[112.928883,32.907909],[112.928636,32.907927],[112.928351,32.907886],[112.927705,32.907697],[112.927324,32.907654],[112.927043,32.907665],[112.92686,32.907627],[112.926903,32.907735],[112.927689,32.908613],[112.928528,32.909016],[112.92995,32.909636],[112.9308,32.910145],[112.931506,32.910692],[112.932565,32.911442],[112.933426,32.912266],[112.933716,32.912932],[112.93374,32.913626],[112.933652,32.914047],[112.933456,32.914373],[112.932992,32.914743],[112.931664,32.915639],[112.931259,32.915952],[112.93087,32.916314],[112.930728,32.916726],[112.930508,32.917118],[112.930387,32.917483],[112.930382,32.917884],[112.930457,32.918251],[112.930806,32.918897],[112.930942,32.919057],[112.931299,32.919334],[112.93264,32.921117],[112.932917,32.92152],[112.933102,32.921959],[112.934054,32.923488],[112.934118,32.923726],[112.934091,32.924339],[112.933981,32.924573],[112.93356,32.925048],[112.933338,32.92544],[112.932903,32.926016],[112.932445,32.926378],[112.93193,32.926655],[112.930634,32.927675],[112.929679,32.92817],[112.927772,32.929852],[112.926967,32.930847],[112.926452,32.931752],[112.925235,32.934222],[112.92476,32.935109],[112.924612,32.935703],[112.924564,32.937207],[112.924591,32.937565],[112.92494,32.938035],[112.925334,32.938265],[112.925728,32.938436],[112.927308,32.93899],[112.928681,32.939686],[112.928987,32.939879],[112.929151,32.94003],[112.929398,32.940338],[112.929701,32.940626],[112.929896,32.940883],[112.929931,32.941072],[112.929902,32.941576],[112.929837,32.942182],[112.929706,32.942711],[112.929451,32.943273],[112.929296,32.943451],[112.92715,32.944887],[112.926434,32.945652],[112.92557,32.946672],[112.92527,32.946821],[112.924964,32.947028],[112.924776,32.947316],[112.924709,32.94757],[112.924784,32.948016],[112.925007,32.948516],[112.925004,32.948858],[112.924886,32.949384],[112.924846,32.949882],[112.924862,32.950154],[112.924505,32.951349],[112.924358,32.952099],[112.923963,32.953658],[112.923596,32.954858],[112.923534,32.955241],[112.923515,32.955848],[112.923582,32.956515],[112.923459,32.956917],[112.923073,32.957363],[112.923038,32.957876],[112.923344,32.958394],[112.923341,32.958446],[112.923253,32.958529],[112.922971,32.958637],[112.923014,32.958988],[112.923121,32.959204],[112.923263,32.959368],[112.923757,32.959551],[112.924312,32.959582],[112.924704,32.959679],[112.924999,32.959674],[112.925793,32.959533],[112.926262,32.959566],[112.92719,32.959301],[112.928236,32.959145],[112.92829,32.958981],[112.928397,32.958988],[112.928995,32.959188],[112.92951,32.959431],[112.930395,32.959956],[112.931844,32.961191],[112.932683,32.962037],[112.932941,32.962337],[112.933099,32.962854],[112.93311,32.963298],[112.933721,32.965055],[112.934467,32.966666],[112.934842,32.966889],[112.935272,32.967035],[112.935886,32.96731],[112.936355,32.967812],[112.936865,32.968413],[112.937828,32.970103],[112.938321,32.97051],[112.938496,32.970827],[112.938901,32.971142],[112.939163,32.971624],[112.939504,32.972069],[112.939676,32.972519],[112.940303,32.973334],[112.940464,32.973827],[112.940499,32.974425],[112.940365,32.975206],[112.940317,32.975724],[112.94033,32.976374],[112.940454,32.977422],[112.940556,32.977686],[112.940716,32.97803],[112.941239,32.97879],[112.941878,32.979366],[112.942581,32.979882],[112.943053,32.980503],[112.943224,32.980959],[112.943291,32.982253],[112.943267,32.983484],[112.943291,32.984186],[112.943718,32.985025],[112.944005,32.985466],[112.944724,32.986395],[112.945011,32.986899],[112.945265,32.986971],[112.945794,32.987288],[112.946373,32.987754],[112.946977,32.988296],[112.947859,32.989477],[112.950222,32.993291],[112.950413,32.994773],[112.950557,32.995639],[112.951137,32.997302],[112.9514,32.998181],[112.951904,32.999412],[112.952341,32.999918],[112.953446,33.002633],[112.955015,33.005501],[112.955568,33.006668],[112.95619,33.009118],[112.956474,33.010812],[112.956802,33.012148],[112.95714,33.012818],[112.957376,33.012993],[112.959304,33.012467],[112.960739,33.011952],[112.962045,33.011662],[112.964486,33.010904],[112.96554,33.010348],[112.965809,33.010173],[112.965945,33.010519],[112.966474,33.010364],[112.965865,33.00883],[112.965787,33.008405],[112.965661,33.008106],[112.964972,33.006776],[112.965645,33.006504],[112.964945,33.005175],[112.96458,33.005321],[112.964003,33.004338],[112.964529,33.004077],[112.964998,33.004975],[112.965082,33.005026],[112.965302,33.00504],[112.965366,33.005085],[112.966026,33.006362],[112.96638,33.006187],[112.965709,33.004925],[112.96557,33.00479],[112.964982,33.003785],[112.966163,33.003339],[112.966541,33.003245],[112.966758,33.003778],[112.968322,33.003321],[112.968464,33.003625],[112.96973,33.003292],[112.969585,33.002714],[112.968166,33.002937],[112.967968,33.002604],[112.970524,33.001767],[112.970392,33.001504],[112.968665,33.002053],[112.968628,33.002068],[112.968614,33.002149],[112.96856,33.002219],[112.968273,33.002356],[112.96649,33.002964],[112.966329,33.003105],[112.965776,33.00327],[112.965454,33.002761],[112.967018,33.002273],[112.96708,33.002233],[112.967163,33.001801],[112.968442,33.001448],[112.968383,33.001274],[112.967281,33.001612],[112.967225,33.001254],[112.965125,33.001992],[112.964835,33.001335],[112.967142,33.000548],[112.967952,33.000305],[112.968217,33.000822],[112.969655,33.000363],[112.969365,32.99979],[112.971122,32.999293],[112.970701,32.9986],[112.969561,32.999034],[112.969092,32.999245],[112.967906,32.997263],[112.969266,32.996868],[112.970417,32.996463],[112.970851,32.997261],[112.973305,32.996467],[112.973311,32.996298],[112.975481,32.995518],[112.976578,32.995077],[112.977133,32.995203],[112.97735,32.995358],[112.9783,32.997059],[112.979048,32.996681],[112.979831,32.996361],[112.980622,32.997176],[112.982224,32.996307],[112.981703,32.995549],[112.9829,32.994958],[112.982403,32.994267],[112.983468,32.993727],[112.983256,32.993363],[112.982773,32.992661],[112.984504,32.991687],[112.982717,32.989495],[112.984726,32.988195],[112.983181,32.986764],[112.982411,32.985999],[112.984313,32.984883],[112.98501,32.985745],[112.986633,32.984663],[112.985719,32.984274],[112.984715,32.984001],[112.984318,32.984276],[112.984039,32.983929],[112.984147,32.983941],[112.985995,32.982593],[112.986073,32.982557],[112.986899,32.983009],[112.9888,32.9817],[112.989208,32.981286],[112.989627,32.980991],[112.991558,32.982867],[112.991684,32.982937],[112.992743,32.981367],[112.9931,32.980964],[112.99317,32.980521],[112.993655,32.979996],[112.993948,32.979555],[112.994181,32.978869],[112.994626,32.97902],[112.995101,32.979497],[112.99556,32.980093],[112.995715,32.980473],[112.995788,32.981081],[112.996388,32.981801],[112.99659,32.982341],[112.996533,32.982975],[112.996641,32.983394],[112.997021,32.983776],[112.997515,32.984076],[112.997877,32.984537],[112.998102,32.984472],[112.998025,32.984377],[112.998617,32.984139],[112.999878,32.983558],[112.999749,32.983365],[113.00123,32.983043],[113.001359,32.98273],[113.002547,32.982336],[113.002818,32.981981],[113.003153,32.981643],[113.003528,32.981448],[113.004346,32.982856],[113.005004,32.982453],[113.005331,32.982314],[113.00609,32.982089],[113.005975,32.9817],[113.005599,32.980984],[113.005537,32.980802],[113.006712,32.980379],[113.006482,32.979976],[113.005604,32.980311],[113.004701,32.980566],[113.004462,32.98039],[113.004186,32.979976],[113.004022,32.979668],[113.00385,32.979603],[113.003711,32.97947],[113.003499,32.979067],[113.003233,32.978847],[113.003054,32.978574],[113.002987,32.978376],[113.002718,32.978221],[113.00237,32.977807],[113.002115,32.977191],[113.00123,32.975845],[113.00119,32.975652],[113.00057,32.974808],[112.99947,32.975231],[112.999272,32.974945],[113.000363,32.974497],[113.000165,32.974198],[112.998835,32.974736],[112.998754,32.974643],[112.998456,32.97472],[112.998432,32.974592],[113.000033,32.973995],[112.999763,32.973579],[112.998671,32.974034],[112.998309,32.974155],[112.998151,32.973761],[112.99877,32.973579],[112.999618,32.973257],[112.999173,32.972216],[112.997416,32.972879],[112.997212,32.971277],[112.995975,32.971685],[112.995715,32.971196],[112.997129,32.970674],[112.997137,32.970319],[112.995517,32.970971],[112.995366,32.970748],[112.997188,32.970062],[112.997196,32.969763],[112.995243,32.970523],[112.994873,32.969878],[112.993693,32.970539],[112.993569,32.970132],[112.992936,32.969311],[112.991636,32.96702],[112.992918,32.966529],[112.992625,32.965753],[112.991185,32.966126],[112.990997,32.96533],[112.989736,32.965638],[112.989511,32.965134],[112.99041,32.964841],[112.992054,32.964186],[112.991622,32.96343],[112.991166,32.963748],[112.9892,32.964477],[112.98883,32.963574],[112.991027,32.962503],[112.990584,32.962082],[112.988562,32.963064],[112.98791,32.962087],[112.989745,32.961207],[112.989629,32.960851],[112.987671,32.961747],[112.987467,32.961569],[112.98725,32.961551],[112.987162,32.961506],[112.987062,32.961394],[112.98684,32.961112],[112.985665,32.959343],[112.983803,32.960142],[112.983664,32.959679],[112.983685,32.959175],[112.984176,32.958956],[112.984241,32.959103],[112.985236,32.958682],[112.985051,32.958394],[112.985083,32.958245],[112.985719,32.958056],[112.986175,32.957779],[112.98593,32.957325],[112.983954,32.958171],[112.984007,32.957374],[112.983857,32.956929],[112.983795,32.956863],[112.984761,32.956454],[112.984686,32.956244],[112.984549,32.956073],[112.983549,32.956519],[112.983337,32.956359],[112.983964,32.956015],[112.983964,32.955756],[112.9839,32.955529],[112.983739,32.955299],[112.983651,32.955092],[112.983653,32.954869],[112.984404,32.954516],[112.984597,32.954466],[112.984546,32.954336],[112.984238,32.953915],[112.984495,32.953879],[112.984785,32.953789],[112.985501,32.953478],[112.985415,32.953406],[112.985064,32.953548],[112.984184,32.953816],[112.984064,32.953602],[112.985265,32.953244],[112.985179,32.953055],[112.985083,32.952914],[112.983873,32.95326],[112.983763,32.953022],[112.98504,32.952673],[112.984935,32.952358],[112.98596,32.952353],[112.985391,32.950953],[112.985625,32.950942],[112.98566,32.950647],[112.986124,32.95069],[112.986073,32.950204],[112.986091,32.94972],[112.986137,32.94947],[112.986327,32.949173],[112.986035,32.948732],[112.986158,32.948639],[112.986968,32.948218],[112.986966,32.948489],[112.987199,32.948396],[112.987003,32.948126],[112.98659,32.947433],[112.987046,32.947176],[112.987559,32.946938],[112.987642,32.946854],[112.987875,32.947237],[112.987972,32.947593],[112.987867,32.94789],[112.987894,32.948162],[112.988098,32.948041],[112.988251,32.948266],[112.988497,32.948781],[112.98842,32.948835],[112.988505,32.949004],[112.98832,32.948993],[112.988479,32.949618],[112.988318,32.950008],[112.988141,32.950136],[112.988315,32.950242],[112.988323,32.950492],[112.98901,32.950442],[112.989431,32.950352],[112.990139,32.950294],[112.989948,32.949454],[112.990324,32.949299],[112.99015,32.949144],[112.990938,32.948939],[112.991303,32.948498],[112.992239,32.948205],[112.99255,32.948059],[112.992985,32.947908],[112.993028,32.947867],[112.992899,32.947437],[112.993897,32.947424],[112.993744,32.947302],[112.993545,32.947242],[112.993411,32.946665],[112.993159,32.946222],[112.993178,32.945923],[112.993264,32.945779],[112.993341,32.945499],[112.993333,32.945324],[112.992582,32.945405],[112.992177,32.945409],[112.991834,32.945468],[112.991402,32.944466],[112.99096,32.943568],[112.991944,32.943278],[112.991861,32.943071],[112.990863,32.943294],[112.989924,32.943548],[112.989938,32.943656],[112.988712,32.944066],[112.988302,32.943613],[112.986051,32.944439],[112.985764,32.944234],[112.986499,32.943928],[112.988108,32.943366],[112.987706,32.942805],[112.98769,32.942729],[112.987419,32.942249],[112.987797,32.942155],[112.988637,32.941862],[112.988527,32.941479],[112.987274,32.9419],[112.987159,32.941677],[112.988331,32.941227],[112.99052,32.940484],[112.990163,32.939841],[112.989981,32.939874],[112.987982,32.940685],[112.986856,32.941094],[112.986762,32.940892],[112.990034,32.939613],[112.988991,32.937839],[112.988969,32.937711],[112.988562,32.937216],[112.988422,32.936988],[112.988299,32.9367],[112.9882,32.936601],[112.986156,32.937216],[112.986038,32.936946],[112.985984,32.93668],[112.985987,32.936358],[112.985885,32.936063],[112.985708,32.936068],[112.985252,32.936243],[112.983455,32.936793],[112.983302,32.936502],[112.983251,32.936131],[112.982999,32.935629],[112.982757,32.935685],[112.97948,32.936892],[112.978844,32.937074],[112.978683,32.936777],[112.980765,32.936135],[112.980483,32.935424],[112.978259,32.936084],[112.978045,32.935669],[112.977929,32.935347],[112.977591,32.934888],[112.977385,32.934971],[112.977967,32.936189],[112.977833,32.936239],[112.978519,32.937734],[112.978165,32.937855],[112.977677,32.936876],[112.976932,32.935028],[112.976266,32.935235],[112.975215,32.933098],[112.974842,32.93254],[112.974593,32.932002],[112.974051,32.931462],[112.973941,32.931419],[112.973906,32.931234],[112.974445,32.931063],[112.974665,32.930962],[112.974909,32.931068],[112.97503,32.931203],[112.975049,32.931313],[112.975743,32.931048],[112.975416,32.930548],[112.974105,32.930989],[112.973973,32.930834],[112.975317,32.93037],[112.974974,32.929836],[112.976197,32.929465],[112.976417,32.929494],[112.976771,32.929395],[112.97757,32.929103],[112.977865,32.929026],[112.977659,32.92867],[112.975971,32.929292],[112.975714,32.929066],[112.977492,32.928371],[112.977337,32.928071],[112.975395,32.928812],[112.975207,32.928641],[112.977232,32.927846],[112.977178,32.927761],[112.978007,32.927497],[112.978423,32.927299],[112.978938,32.927133],[112.979343,32.926937],[112.979064,32.926649],[112.979228,32.926617],[112.980075,32.926239],[112.979895,32.925935],[112.979804,32.925856],[112.97956,32.925507],[112.979515,32.925399],[112.980756,32.924917],[112.981172,32.924717],[112.980075,32.923386],[112.979818,32.923008],[112.979753,32.922659],[112.979673,32.922515],[112.980386,32.922317],[112.980708,32.922155],[112.98129,32.922382],[112.981427,32.922396],[112.980936,32.92127],[112.982304,32.920856],[112.982698,32.920766],[112.982626,32.920608],[112.983487,32.920324],[112.9839,32.920234],[112.983731,32.920036],[112.983643,32.919838],[112.983838,32.919748],[112.984251,32.919626],[112.985035,32.919439],[112.985024,32.91916],[112.986639,32.918705],[112.986531,32.918501],[112.987105,32.918365],[112.98777,32.91812],[112.987392,32.91753],[112.986263,32.917904],[112.985858,32.917282],[112.985694,32.91696],[112.986424,32.916783],[112.98699,32.916533],[112.986732,32.916019],[112.985839,32.916323],[112.985668,32.916031],[112.986577,32.915724],[112.986373,32.915346],[112.986212,32.915161],[112.986134,32.915155],[112.985643,32.91531],[112.984187,32.915821],[112.984088,32.915519],[112.984917,32.915247],[112.985126,32.915141],[112.985139,32.915116],[112.984855,32.914576],[112.98456,32.914646],[112.984455,32.914434],[112.98364,32.914686],[112.983366,32.914231],[112.98328,32.91402],[112.983262,32.913664],[112.983109,32.913455],[112.982835,32.913342],[112.982484,32.913281],[112.982205,32.913137],[112.981891,32.912804],[112.981738,32.912565],[112.983653,32.911746],[112.983573,32.911637],[112.981609,32.912385],[112.981443,32.912196],[112.980888,32.911383],[112.980765,32.911088],[112.980448,32.910629],[112.980207,32.910345],[112.980217,32.910262],[112.980325,32.910129],[112.980435,32.909852],[112.980762,32.909451],[112.981333,32.909066],[112.98099,32.908762],[112.980456,32.908104],[112.980072,32.907447],[112.979957,32.906909],[112.980915,32.906488],[112.981113,32.906472],[112.981261,32.906497],[112.981502,32.906427],[112.981864,32.906265],[112.981921,32.906186],[112.981443,32.905468],[112.981365,32.905091],[112.982967,32.904637],[112.982495,32.903686],[112.979777,32.904567],[112.979166,32.903747],[112.97897,32.902535],[112.978528,32.902655],[112.977723,32.902954],[112.97749,32.902662],[112.977412,32.90254],[112.977396,32.902452],[112.977235,32.902236],[112.978133,32.901957],[112.97889,32.901783],[112.978863,32.901094],[112.976916,32.901738],[112.976486,32.900819],[112.975918,32.899952],[112.975172,32.898916],[112.976114,32.898502],[112.976886,32.898221],[112.976722,32.897991],[112.974952,32.89866],[112.974461,32.898189],[112.972619,32.898889],[112.972525,32.898691],[112.973571,32.898344],[112.974351,32.898038],[112.973614,32.897223],[112.973042,32.896523],[112.972549,32.896703],[112.971535,32.89714],[112.971404,32.896995],[112.972965,32.896309],[112.972605,32.895788],[112.971597,32.896167],[112.97102,32.89645],[112.97083,32.896236],[112.972493,32.89557],[112.97128,32.894232],[112.969861,32.894874],[112.96977,32.894757]]]}},{"type":"Feature","properties":{"regionCode":"411327105","sourceCode":"411327105000","name":"晋庄镇","sourceName":"晋庄镇","parentCode":"411327","parentName":"社旗县","regionLevel":"township","regionType":"town","isManagementZone":false,"source":"ruiduobao","sourceVersion":"mixed-legacy~2018-2020","geometryRepaired":false,"match2020":true,"match2023":true},"geometry":{"type":"Polygon","coordinates":[[[112.790121,32.880578],[112.788842,32.881067],[112.786921,32.881626],[112.787589,32.882849],[112.784475,32.884099],[112.785899,32.886962],[112.78459,32.887581],[112.785902,32.890933],[112.783896,32.891608],[112.784405,32.892806],[112.784923,32.894239],[112.78392,32.894667],[112.784902,32.896682],[112.785441,32.897468],[112.785864,32.897667],[112.786425,32.897777],[112.786916,32.897975],[112.787412,32.89841],[112.787648,32.89882],[112.783032,32.900768],[112.782286,32.901036],[112.77859,32.901801],[112.777343,32.902229],[112.77634,32.90245],[112.774159,32.903303],[112.773534,32.903578],[112.77299,32.904175],[112.772185,32.904621],[112.771651,32.905024],[112.771552,32.905447],[112.771692,32.906114],[112.77182,32.906407],[112.772024,32.90667],[112.772282,32.906839],[112.772647,32.906897],[112.773011,32.906767],[112.77343,32.90678],[112.773583,32.907197],[112.773982,32.907627],[112.774221,32.907938],[112.774873,32.908276],[112.775323,32.908359],[112.775694,32.908508],[112.776241,32.908989],[112.776538,32.909086],[112.776748,32.909284],[112.77674,32.909647],[112.776659,32.909989],[112.776487,32.91032],[112.776396,32.910728],[112.776289,32.911039],[112.77601,32.911419],[112.775651,32.911626],[112.775522,32.911881],[112.775484,32.912173],[112.775492,32.912905],[112.775267,32.913504],[112.774806,32.91434],[112.774591,32.915195],[112.774076,32.915938],[112.773272,32.916744],[112.773006,32.91708],[112.772802,32.917472],[112.772684,32.917906],[112.772732,32.918248],[112.772687,32.918593],[112.772303,32.91968],[112.771791,32.920777],[112.771464,32.921824],[112.771212,32.922159],[112.770927,32.92231],[112.770318,32.922528],[112.770072,32.922783],[112.770141,32.923098],[112.770074,32.923524],[112.769828,32.923985],[112.769873,32.924492],[112.770112,32.924807],[112.770407,32.925079],[112.77071,32.925471],[112.771094,32.92578],[112.771845,32.926511],[112.771885,32.926826],[112.772024,32.927162],[112.772207,32.927401],[112.772638,32.927506],[112.773972,32.927722],[112.774301,32.927891],[112.774562,32.928168],[112.774374,32.928668],[112.773969,32.928992],[112.773124,32.929379],[112.772706,32.929481],[112.771928,32.92892],[112.771721,32.929251],[112.77174,32.92965],[112.771976,32.930068],[112.772346,32.930343],[112.773178,32.930579],[112.773529,32.930748],[112.773703,32.931041],[112.773819,32.931361],[112.77406,32.931705],[112.774481,32.932061],[112.774658,32.932405],[112.774843,32.932876],[112.774884,32.933621],[112.775138,32.933913],[112.775559,32.934071],[112.776166,32.934226],[112.776742,32.934575],[112.776801,32.934884],[112.776455,32.935034],[112.776166,32.935021],[112.775884,32.935145],[112.775908,32.935656],[112.776198,32.937857],[112.776117,32.938566],[112.776155,32.939118],[112.776402,32.939514],[112.776646,32.939676],[112.776946,32.939802],[112.777279,32.940043],[112.777622,32.940388],[112.77789,32.940842],[112.778907,32.941835],[112.779264,32.942501],[112.780165,32.94301],[112.780476,32.943312],[112.780908,32.943924],[112.781452,32.94448],[112.781742,32.945027],[112.781997,32.945328],[112.782705,32.9459],[112.783048,32.946085],[112.784362,32.946449],[112.784674,32.946569],[112.784877,32.946857],[112.785025,32.947199],[112.785223,32.947494],[112.785913,32.94825],[112.786135,32.948435],[112.786449,32.948576],[112.78679,32.948912],[112.786661,32.949319],[112.78665,32.949623],[112.786734,32.949895],[112.786913,32.950282],[112.786728,32.950735],[112.786704,32.951185],[112.786852,32.951637],[112.787238,32.951943],[112.787546,32.952254],[112.787299,32.952643],[112.786964,32.952959],[112.786822,32.953307],[112.786988,32.954802],[112.787125,32.955524],[112.786935,32.955801],[112.786044,32.956373],[112.785915,32.956656],[112.785966,32.956949],[112.786299,32.957133],[112.786677,32.957289],[112.787139,32.957304],[112.787369,32.957572],[112.787557,32.958205],[112.787828,32.958441],[112.788638,32.958432],[112.789129,32.958319],[112.789367,32.9585],[112.789472,32.958821],[112.789408,32.95915],[112.789134,32.959476],[112.789405,32.959951],[112.789507,32.96039],[112.789791,32.960545],[112.789931,32.9608],[112.790247,32.960948],[112.790577,32.960995],[112.791393,32.96102],[112.79401,32.961054],[112.794949,32.960865],[112.795333,32.961009],[112.797674,32.961103],[112.797586,32.959249],[112.799624,32.959022],[112.799868,32.959996],[112.801196,32.959956],[112.801695,32.961486],[112.804235,32.961547],[112.80446,32.961956],[112.805104,32.96332],[112.806239,32.963221],[112.807282,32.965778],[112.810503,32.965334],[112.809795,32.963874],[112.810991,32.963691],[112.811952,32.965278],[112.814449,32.964596],[112.81278,32.961963],[112.814795,32.962418],[112.814304,32.960705],[112.814728,32.960649],[112.815358,32.960653],[112.81597,32.960554],[112.816581,32.960358],[112.817289,32.960221],[112.818263,32.960131],[112.819389,32.959962],[112.819832,32.959812],[112.820301,32.959753],[112.820634,32.95967],[112.821095,32.960919],[112.822863,32.960631],[112.823359,32.962006],[112.825489,32.961691],[112.825685,32.962658],[112.826023,32.962586],[112.825749,32.961632],[112.825454,32.960813],[112.827559,32.960347],[112.827345,32.959782],[112.827144,32.958988],[112.829153,32.958396],[112.830108,32.958166],[112.830266,32.958054],[112.830276,32.957935],[112.829163,32.955869],[112.829713,32.95563],[112.829753,32.955454],[112.829871,32.955373],[112.830783,32.954923],[112.831604,32.954572],[112.832331,32.955833],[112.832857,32.955603],[112.832036,32.954106],[112.832272,32.954061],[112.832578,32.954647],[112.83283,32.954563],[112.832374,32.953571],[112.832044,32.952965],[112.831929,32.952866],[112.831846,32.952551],[112.831492,32.951631],[112.831143,32.951687],[112.831052,32.951374],[112.831883,32.951167],[112.831427,32.950033],[112.830944,32.950066],[112.830834,32.949985],[112.830507,32.948439],[112.830714,32.948414],[112.832213,32.948592],[112.832256,32.948558],[112.831602,32.946202],[112.836435,32.945517],[112.836802,32.946634],[112.836875,32.947037],[112.836955,32.947235],[112.839031,32.946785],[112.839243,32.947572],[112.839597,32.947514],[112.840029,32.94843],[112.840155,32.948374],[112.840533,32.948347],[112.84111,32.948453],[112.841968,32.948696],[112.842754,32.950183],[112.845705,32.950793],[112.84508,32.948939],[112.845557,32.949047],[112.845176,32.948034],[112.845959,32.947906],[112.846708,32.947739],[112.84718,32.949119],[112.848119,32.949119],[112.848483,32.949168],[112.848451,32.948889],[112.849159,32.948772],[112.849425,32.947485],[112.849503,32.947408],[112.849556,32.947248],[112.849613,32.946967],[112.849934,32.945936],[112.849993,32.945871],[112.850141,32.945844],[112.850246,32.945765],[112.850272,32.945641],[112.850219,32.944514],[112.850246,32.943739],[112.850224,32.943474],[112.849894,32.94346],[112.849859,32.943206],[112.85013,32.943197],[112.850031,32.942983],[112.849964,32.942713],[112.84969,32.942744],[112.84957,32.942308],[112.849881,32.942209],[112.849532,32.941164],[112.850229,32.941022],[112.850184,32.940072],[112.850197,32.939595],[112.850946,32.939492],[112.850814,32.938933],[112.852601,32.938481],[112.852426,32.938139],[112.852252,32.937995],[112.852166,32.937833],[112.850629,32.938182],[112.850516,32.937752],[112.851981,32.937391],[112.851898,32.937317],[112.851766,32.936786],[112.851683,32.936694],[112.851579,32.936365],[112.85149,32.936212],[112.851238,32.936144],[112.85119,32.936081],[112.851056,32.935618],[112.850972,32.935536],[112.85094,32.935568],[112.850347,32.935681],[112.850262,32.935678],[112.850211,32.935618],[112.850101,32.934994],[112.849972,32.934722],[112.849744,32.934055],[112.848843,32.934292],[112.848556,32.93263],[112.848119,32.93275],[112.847502,32.932835],[112.847078,32.932986],[112.846708,32.931331],[112.845924,32.931579],[112.846287,32.933164],[112.845718,32.933267],[112.845385,32.93191],[112.845251,32.931212],[112.845173,32.930964],[112.845045,32.930771],[112.844613,32.930913],[112.844441,32.931043],[112.845147,32.933459],[112.844742,32.933582],[112.844122,32.933702],[112.84394,32.932804],[112.843763,32.932871],[112.843374,32.93295],[112.843167,32.932918],[112.842357,32.933209],[112.84155,32.933279],[112.840737,32.933429],[112.840488,32.932576],[112.841075,32.932533],[112.84141,32.932425],[112.841754,32.93227],[112.842274,32.932196],[112.842472,32.932076],[112.842105,32.931117],[112.841673,32.931201],[112.840732,32.931275],[112.840195,32.930253],[112.839348,32.930494],[112.838827,32.930586],[112.838318,32.929697],[112.838194,32.929679],[112.837476,32.928517],[112.837248,32.92808],[112.836856,32.928204],[112.836344,32.926856],[112.837103,32.926694],[112.837207,32.926633],[112.837682,32.927988],[112.8382,32.927878],[112.837685,32.92648],[112.837993,32.926417],[112.837296,32.924474],[112.838648,32.924163],[112.838696,32.924197],[112.838774,32.924456],[112.838854,32.924512],[112.839042,32.924503],[112.838417,32.922614],[112.839173,32.923116],[112.840303,32.923665],[112.840147,32.923015],[112.839755,32.921675],[112.839155,32.91996],[112.840804,32.920385],[112.840147,32.918512],[112.840544,32.918435],[112.841276,32.9205],[112.841807,32.920633],[112.842328,32.920833],[112.843038,32.920948],[112.842502,32.919016],[112.842891,32.918949],[112.843468,32.921006],[112.843685,32.921036],[112.843881,32.921115],[112.844004,32.921227],[112.844178,32.921277],[112.844575,32.921268],[112.845058,32.921412],[112.844235,32.919199],[112.844605,32.919126],[112.844954,32.920329],[112.845691,32.920279],[112.845262,32.919],[112.845691,32.918832],[112.846413,32.918622],[112.847566,32.918383],[112.848194,32.918307],[112.848612,32.91812],[112.848993,32.918066],[112.849417,32.918127],[112.849674,32.917944],[112.849765,32.917944],[112.849814,32.917985],[112.849672,32.917318],[112.849473,32.916729],[112.849245,32.915808],[112.850189,32.915499],[112.850629,32.915308],[112.851562,32.915089],[112.851576,32.915022],[112.85182,32.914952],[112.851691,32.914526],[112.849462,32.915074],[112.849355,32.914878],[112.849275,32.914463],[112.84932,32.913781],[112.848904,32.912813],[112.84873,32.912011],[112.848545,32.911737],[112.848432,32.911435],[112.848419,32.911162],[112.848279,32.910874],[112.848279,32.910764],[112.847976,32.910095],[112.848113,32.909886],[112.848204,32.909832],[112.848271,32.909832],[112.848526,32.910181],[112.848593,32.910214],[112.848741,32.910212],[112.84898,32.910048],[112.849621,32.909719],[112.849932,32.909681],[112.850001,32.909618],[112.850318,32.90957],[112.850634,32.909469],[112.850747,32.90937],[112.851072,32.909343],[112.851662,32.908989],[112.851825,32.909003],[112.851914,32.909057],[112.852029,32.909075],[112.852174,32.909068],[112.852319,32.908987],[112.852405,32.908875],[112.85256,32.908796],[112.852794,32.908854],[112.853486,32.908679],[112.853601,32.908625],[112.853934,32.908613],[112.854116,32.908483],[112.854132,32.908426],[112.8545,32.908262],[112.854521,32.908291],[112.855154,32.90812],[112.8551,32.908062],[112.85572,32.908068],[112.856382,32.907863],[112.856771,32.907942],[112.857074,32.907841],[112.858751,32.907512],[112.85881,32.907532],[112.858837,32.907602],[112.859024,32.908476],[112.859097,32.908546],[112.859153,32.909136],[112.859191,32.909165],[112.859293,32.90951],[112.85929,32.909721],[112.8597,32.909694],[112.860111,32.909548],[112.860414,32.909521],[112.860478,32.909559],[112.860258,32.90824],[112.860046,32.907384],[112.860317,32.907361],[112.860441,32.907287],[112.859952,32.905501],[112.85984,32.905353],[112.859711,32.904941],[112.859751,32.904814],[112.860813,32.904641],[112.860854,32.904585],[112.860765,32.90408],[112.860451,32.903265],[112.860588,32.90322],[112.861299,32.90277],[112.86183,32.902544],[112.862173,32.903371],[112.862581,32.904587],[112.86348,32.904423],[112.864349,32.904184],[112.863651,32.901822],[112.864434,32.901558],[112.865035,32.901416],[112.864654,32.90034],[112.864869,32.90029],[112.864542,32.899671],[112.864335,32.89941],[112.864265,32.899261],[112.86463,32.899173],[112.865108,32.898946],[112.865617,32.900205],[112.866352,32.900088],[112.865848,32.898653],[112.866387,32.898437],[112.866915,32.900049],[112.867903,32.90002],[112.86764,32.899009],[112.867492,32.89798],[112.867082,32.898151],[112.86547,32.89614],[112.864512,32.893903],[112.863211,32.891027],[112.863128,32.890993],[112.862455,32.891165],[112.862871,32.892092],[112.861382,32.892478],[112.861283,32.892388],[112.860392,32.890583],[112.86025,32.890626],[112.860199,32.89034],[112.859923,32.889568],[112.859805,32.889083],[112.859716,32.889036],[112.859606,32.889065],[112.85903,32.889378],[112.858673,32.889464],[112.858359,32.888662],[112.857445,32.888764],[112.857198,32.887329],[112.860403,32.886748],[112.860408,32.886718],[112.860274,32.885917],[112.860087,32.885205],[112.860105,32.885054],[112.856959,32.885734],[112.856951,32.885275],[112.856812,32.884135],[112.857396,32.883502],[112.857715,32.883034],[112.858053,32.88284],[112.857691,32.8812],[112.857238,32.881243],[112.854604,32.881648],[112.854674,32.882085],[112.854797,32.882459],[112.854864,32.882549],[112.85524,32.882554],[112.855253,32.882585],[112.855277,32.883002],[112.855433,32.883734],[112.855492,32.883876],[112.85292,32.884369],[112.852686,32.883385],[112.849731,32.883944],[112.849401,32.882752],[112.849272,32.88275],[112.847145,32.88309],[112.846319,32.881081],[112.845796,32.881171],[112.846667,32.883178],[112.846324,32.883254],[112.846115,32.882826],[112.8459,32.882653],[112.845772,32.882635],[112.845128,32.881308],[112.844329,32.881549],[112.843969,32.880853],[112.841949,32.88145],[112.841107,32.881765],[112.84093,32.881545],[112.840729,32.881603],[112.840171,32.881846],[112.839892,32.881923],[112.839624,32.881955],[112.840139,32.882923],[112.839603,32.883067],[112.839578,32.883446],[112.83968,32.883894],[112.839793,32.884189],[112.839667,32.884212],[112.839755,32.8845],[112.839431,32.88452],[112.838972,32.884655],[112.838562,32.884829],[112.838565,32.884608],[112.838438,32.88436],[112.838366,32.88436],[112.837693,32.884649],[112.837183,32.884779],[112.836784,32.883928],[112.836046,32.884128],[112.835566,32.884162],[112.835499,32.88429],[112.833965,32.884799],[112.833769,32.884608],[112.83361,32.884392],[112.83327,32.883862],[112.833087,32.883448],[112.83301,32.883358],[112.832672,32.883513],[112.832377,32.883576],[112.832138,32.883574],[112.831714,32.883705],[112.831446,32.883835],[112.830971,32.883973],[112.830389,32.88409],[112.829981,32.884245],[112.829855,32.884221],[112.82989,32.884552],[112.830019,32.885279],[112.830298,32.885293],[112.830403,32.885437],[112.830488,32.885815],[112.830488,32.885989],[112.832331,32.885595],[112.832513,32.885966],[112.830781,32.886489],[112.829949,32.88659],[112.828546,32.886707],[112.828415,32.886385],[112.828219,32.886383],[112.827334,32.886597],[112.826672,32.88664],[112.827551,32.888712],[112.825851,32.88909],[112.825942,32.889507],[112.823016,32.890469],[112.821618,32.890881],[112.821203,32.890304],[112.819682,32.890856],[112.81781,32.891354],[112.813877,32.892216],[112.813421,32.89075],[112.813084,32.889302],[112.812354,32.889421],[112.809723,32.890014],[112.809328,32.889025],[112.808559,32.889018],[112.807518,32.889268],[112.806228,32.885845],[112.804527,32.886252],[112.803672,32.883815],[112.803465,32.883547],[112.801483,32.884036],[112.799764,32.884563],[112.798897,32.884775],[112.798578,32.884905],[112.798216,32.885126],[112.797905,32.885272],[112.797312,32.883763],[112.795427,32.884324],[112.795051,32.881434],[112.794265,32.881797],[112.79268,32.87954],[112.792404,32.879603],[112.790121,32.880578]]]}},{"type":"Feature","properties":{"regionCode":"411327106","sourceCode":"411327106000","name":"李店镇","sourceName":"李店镇","parentCode":"411327","parentName":"社旗县","regionLevel":"township","regionType":"town","isManagementZone":false,"source":"ruiduobao","sourceVersion":"mixed-legacy~2018-2020","geometryRepaired":false,"match2020":true,"match2023":true},"geometry":{"type":"Polygon","coordinates":[[[112.847915,32.851198],[112.847673,32.85095],[112.846335,32.851437],[112.845898,32.850561],[112.844677,32.851011],[112.84449,32.850563],[112.844028,32.849684],[112.843768,32.849258],[112.840351,32.850202],[112.840726,32.851608],[112.839206,32.852158],[112.837586,32.852976],[112.837154,32.852365],[112.83677,32.852314],[112.834887,32.852282],[112.833393,32.85251],[112.832417,32.852406],[112.830708,32.852476],[112.830869,32.8534],[112.831274,32.854569],[112.831567,32.85686],[112.832162,32.858704],[112.832149,32.859278],[112.83106,32.859395],[112.830395,32.859544],[112.830397,32.860058],[112.830743,32.861445],[112.830893,32.861826],[112.831081,32.862184],[112.831424,32.86348],[112.8325,32.868317],[112.830488,32.868876],[112.83096,32.869779],[112.825245,32.871453],[112.826119,32.872381],[112.826382,32.872581],[112.827093,32.873674],[112.827425,32.874066],[112.827777,32.874269],[112.828927,32.87428],[112.829177,32.874541],[112.829998,32.8759],[112.829201,32.876238],[112.829904,32.877648],[112.830046,32.87815],[112.829979,32.878488],[112.830022,32.87883],[112.82901,32.879488],[112.828563,32.879634],[112.827704,32.879716],[112.827398,32.879551],[112.827052,32.879306],[112.826647,32.879216],[112.826344,32.879098],[112.82599,32.879279],[112.826285,32.87945],[112.826438,32.879803],[112.826664,32.880666],[112.82691,32.881274],[112.826959,32.881641],[112.827243,32.881738],[112.827498,32.881889],[112.82768,32.882139],[112.827742,32.882646],[112.827742,32.883072],[112.827787,32.883507],[112.827736,32.884018],[112.827846,32.886178],[112.826672,32.88664],[112.827334,32.886597],[112.828219,32.886383],[112.828415,32.886385],[112.828546,32.886707],[112.829949,32.88659],[112.830781,32.886489],[112.832513,32.885966],[112.832331,32.885595],[112.830488,32.885989],[112.830488,32.885815],[112.830403,32.885437],[112.830298,32.885293],[112.830019,32.885279],[112.829855,32.884221],[112.829981,32.884245],[112.830389,32.88409],[112.830971,32.883973],[112.831446,32.883835],[112.831714,32.883705],[112.832138,32.883574],[112.832377,32.883576],[112.832672,32.883513],[112.83301,32.883358],[112.833087,32.883448],[112.83327,32.883862],[112.83361,32.884392],[112.833769,32.884608],[112.833965,32.884799],[112.835499,32.88429],[112.835566,32.884162],[112.836046,32.884128],[112.836784,32.883928],[112.837183,32.884779],[112.837693,32.884649],[112.838366,32.88436],[112.838438,32.88436],[112.838524,32.884498],[112.838565,32.884608],[112.838562,32.884829],[112.838972,32.884655],[112.839431,32.88452],[112.839755,32.8845],[112.839667,32.884212],[112.839793,32.884189],[112.83968,32.883894],[112.839578,32.883446],[112.839603,32.883067],[112.840139,32.882923],[112.839624,32.881955],[112.839892,32.881923],[112.840171,32.881846],[112.840729,32.881603],[112.84093,32.881545],[112.841107,32.881765],[112.841949,32.88145],[112.843969,32.880853],[112.844329,32.881549],[112.845128,32.881308],[112.845772,32.882635],[112.8459,32.882653],[112.846115,32.882826],[112.846324,32.883254],[112.846667,32.883178],[112.845796,32.881171],[112.846319,32.881081],[112.847145,32.88309],[112.849272,32.88275],[112.849401,32.882752],[112.849731,32.883944],[112.852686,32.883385],[112.85292,32.884369],[112.855492,32.883876],[112.855433,32.883734],[112.855277,32.883002],[112.855253,32.882585],[112.85524,32.882554],[112.854864,32.882549],[112.854797,32.882459],[112.854674,32.882085],[112.854604,32.881648],[112.857238,32.881243],[112.857691,32.8812],[112.858053,32.88284],[112.857715,32.883034],[112.857396,32.883502],[112.856812,32.884135],[112.856951,32.885275],[112.856959,32.885734],[112.860105,32.885054],[112.860087,32.885205],[112.860274,32.885917],[112.860408,32.886718],[112.860403,32.886748],[112.857198,32.887329],[112.857445,32.888764],[112.858359,32.888662],[112.858673,32.889464],[112.85903,32.889378],[112.859606,32.889065],[112.859716,32.889036],[112.859805,32.889083],[112.859923,32.889568],[112.860199,32.89034],[112.86025,32.890626],[112.860392,32.890583],[112.861283,32.892388],[112.861382,32.892478],[112.862871,32.892092],[112.862455,32.891165],[112.863128,32.890993],[112.863211,32.891027],[112.864512,32.893903],[112.86547,32.89614],[112.867082,32.898151],[112.867492,32.89798],[112.86764,32.899009],[112.867903,32.90002],[112.866915,32.900049],[112.866387,32.898437],[112.865848,32.898653],[112.866352,32.900088],[112.865617,32.900205],[112.865108,32.898946],[112.86463,32.899173],[112.864265,32.899261],[112.864335,32.89941],[112.864542,32.899671],[112.864869,32.90029],[112.864654,32.90034],[112.865035,32.901416],[112.864434,32.901558],[112.863651,32.901822],[112.864349,32.904184],[112.86348,32.904423],[112.862581,32.904587],[112.862173,32.903371],[112.86183,32.902544],[112.861299,32.90277],[112.860588,32.90322],[112.860451,32.903265],[112.860765,32.90408],[112.860854,32.904585],[112.860813,32.904641],[112.859751,32.904814],[112.859711,32.904941],[112.85984,32.905353],[112.859952,32.905501],[112.860441,32.907287],[112.860317,32.907361],[112.860046,32.907384],[112.860258,32.90824],[112.860478,32.909559],[112.860414,32.909521],[112.860111,32.909548],[112.8597,32.909694],[112.85929,32.909721],[112.859293,32.90951],[112.859191,32.909165],[112.859153,32.909136],[112.859097,32.908546],[112.859024,32.908476],[112.858837,32.907602],[112.85881,32.907532],[112.858751,32.907512],[112.857074,32.907841],[112.856771,32.907942],[112.856382,32.907863],[112.85572,32.908068],[112.8551,32.908062],[112.855154,32.90812],[112.854521,32.908291],[112.8545,32.908262],[112.854132,32.908426],[112.854116,32.908483],[112.853934,32.908613],[112.853601,32.908625],[112.853486,32.908679],[112.852794,32.908854],[112.85256,32.908796],[112.852405,32.908875],[112.852319,32.908987],[112.852174,32.909068],[112.852029,32.909075],[112.851914,32.909057],[112.851825,32.909003],[112.851662,32.908989],[112.851072,32.909343],[112.850747,32.90937],[112.850634,32.909469],[112.850318,32.90957],[112.850001,32.909618],[112.849932,32.909681],[112.849621,32.909719],[112.84898,32.910048],[112.848741,32.910212],[112.848593,32.910214],[112.848526,32.910181],[112.848271,32.909832],[112.848204,32.909832],[112.848113,32.909886],[112.847976,32.910095],[112.848279,32.910764],[112.848279,32.910874],[112.848419,32.911162],[112.848432,32.911435],[112.848545,32.911737],[112.84873,32.912011],[112.848904,32.912813],[112.84932,32.913781],[112.849275,32.914463],[112.849355,32.914878],[112.849462,32.915074],[112.851691,32.914526],[112.85182,32.914952],[112.851576,32.915022],[112.851562,32.915089],[112.850629,32.915308],[112.850189,32.915499],[112.849245,32.915808],[112.849473,32.916729],[112.849672,32.917318],[112.849814,32.917985],[112.849765,32.917944],[112.849674,32.917944],[112.849417,32.918127],[112.848993,32.918066],[112.848612,32.91812],[112.848194,32.918307],[112.847566,32.918383],[112.846413,32.918622],[112.845691,32.918832],[112.845262,32.919],[112.845691,32.920279],[112.844954,32.920329],[112.844605,32.919126],[112.844235,32.919199],[112.845058,32.921412],[112.844575,32.921268],[112.844178,32.921277],[112.844004,32.921227],[112.843881,32.921115],[112.843685,32.921036],[112.843468,32.921006],[112.842891,32.918949],[112.842502,32.919016],[112.843038,32.920948],[112.842328,32.920833],[112.841807,32.920633],[112.841276,32.9205],[112.840544,32.918435],[112.840147,32.918512],[112.840804,32.920385],[112.839155,32.91996],[112.839755,32.921675],[112.840147,32.923015],[112.840303,32.923665],[112.839173,32.923116],[112.838417,32.922614],[112.839042,32.924503],[112.838854,32.924512],[112.838774,32.924456],[112.838696,32.924197],[112.838648,32.924163],[112.837296,32.924474],[112.837993,32.926417],[112.837685,32.92648],[112.8382,32.927878],[112.837682,32.927988],[112.837207,32.926633],[112.837103,32.926694],[112.836344,32.926856],[112.836856,32.928204],[112.837248,32.92808],[112.837476,32.928517],[112.838194,32.929679],[112.838318,32.929697],[112.838827,32.930586],[112.839348,32.930494],[112.840195,32.930253],[112.840732,32.931275],[112.841673,32.931201],[112.842105,32.931117],[112.842472,32.932076],[112.842274,32.932196],[112.841754,32.93227],[112.84141,32.932425],[112.841075,32.932533],[112.840488,32.932576],[112.840737,32.933429],[112.84155,32.933279],[112.842357,32.933209],[112.843167,32.932918],[112.843374,32.93295],[112.843763,32.932871],[112.84394,32.932804],[112.844122,32.933702],[112.844742,32.933582],[112.845147,32.933459],[112.844441,32.931043],[112.844613,32.930913],[112.845045,32.930771],[112.845173,32.930964],[112.845251,32.931212],[112.845385,32.93191],[112.845718,32.933267],[112.846287,32.933164],[112.845924,32.931579],[112.846708,32.931331],[112.847078,32.932986],[112.847502,32.932835],[112.848119,32.93275],[112.848556,32.93263],[112.848843,32.934292],[112.849744,32.934055],[112.849972,32.934722],[112.850101,32.934994],[112.850211,32.935618],[112.850262,32.935678],[112.850347,32.935681],[112.85094,32.935568],[112.850972,32.935536],[112.851056,32.935618],[112.85119,32.936081],[112.851238,32.936144],[112.85149,32.936212],[112.851579,32.936365],[112.851683,32.936694],[112.851766,32.936786],[112.851898,32.937317],[112.851981,32.937391],[112.850516,32.937752],[112.850629,32.938182],[112.852166,32.937833],[112.852252,32.937995],[112.852426,32.938139],[112.852601,32.938481],[112.850814,32.938933],[112.850946,32.939492],[112.850197,32.939595],[112.850184,32.940072],[112.850229,32.941022],[112.849532,32.941164],[112.849881,32.942209],[112.84957,32.942308],[112.84969,32.942744],[112.849964,32.942713],[112.850031,32.942983],[112.85013,32.943197],[112.849859,32.943206],[112.849894,32.94346],[112.850224,32.943474],[112.850246,32.943739],[112.850219,32.944514],[112.850272,32.945641],[112.850246,32.945765],[112.850141,32.945844],[112.849993,32.945871],[112.849934,32.945936],[112.849613,32.946967],[112.849556,32.947248],[112.849503,32.947408],[112.849425,32.947485],[112.849159,32.948772],[112.848451,32.948889],[112.848483,32.949168],[112.848119,32.949119],[112.84718,32.949119],[112.846708,32.947739],[112.845959,32.947906],[112.845176,32.948034],[112.845557,32.949047],[112.84508,32.948939],[112.845705,32.950793],[112.845058,32.950672],[112.845694,32.95191],[112.845772,32.95195],[112.846091,32.951977],[112.846169,32.952051],[112.846313,32.952353],[112.845804,32.952643],[112.846488,32.954073],[112.846069,32.954149],[112.845243,32.954208],[112.845938,32.955819],[112.845581,32.955965],[112.845782,32.956411],[112.846877,32.956076],[112.847239,32.956701],[112.847569,32.956575],[112.849578,32.955968],[112.849798,32.956384],[112.850353,32.956213],[112.850366,32.957329],[112.851002,32.957975],[112.851128,32.9582],[112.851147,32.958396],[112.851348,32.958792],[112.852472,32.960869],[112.853362,32.960334],[112.853797,32.960111],[112.854231,32.961072],[112.854371,32.961013],[112.85458,32.961029],[112.854819,32.961391],[112.85499,32.961718],[112.855106,32.962058],[112.855374,32.962584],[112.856814,32.962132],[112.856983,32.962496],[112.857286,32.962384],[112.857914,32.962238],[112.859183,32.962015],[112.859936,32.961997],[112.860226,32.961941],[112.86202,32.961882],[112.862788,32.963478],[112.86187,32.963718],[112.862069,32.964511],[112.862745,32.965791],[112.862812,32.966016],[112.863077,32.966599],[112.863686,32.966275],[112.862957,32.964668],[112.863128,32.964619],[112.863187,32.964643],[112.863911,32.966178],[112.864692,32.965843],[112.865038,32.965633],[112.865282,32.965548],[112.865427,32.965507],[112.866363,32.965444],[112.866422,32.965476],[112.866679,32.965809],[112.866765,32.965836],[112.867699,32.965757],[112.868629,32.965633],[112.869075,32.966781],[112.869826,32.966579],[112.869895,32.966522],[112.872025,32.966151],[112.872052,32.96634],[112.872301,32.967015],[112.872492,32.967427],[112.872843,32.968053],[112.873162,32.96848],[112.87327,32.96853],[112.873401,32.96848],[112.873554,32.968746],[112.873699,32.968712],[112.873854,32.968626],[112.874163,32.968656],[112.874241,32.968721],[112.874318,32.968914],[112.874616,32.969367],[112.874785,32.969479],[112.874828,32.969621],[112.874839,32.970008],[112.87493,32.970283],[112.874565,32.970935],[112.874412,32.97114],[112.873868,32.971615],[112.873857,32.971718],[112.873935,32.971833],[112.874157,32.971993],[112.874469,32.972373],[112.874554,32.972976],[112.874659,32.973291],[112.874801,32.973329],[112.875649,32.973201],[112.875619,32.972981],[112.875641,32.972846],[112.876231,32.972798],[112.876335,32.97276],[112.876845,32.97276],[112.877137,32.972832],[112.877392,32.972981],[112.878001,32.973208],[112.878269,32.973379],[112.879433,32.973354],[112.87983,32.973455],[112.88001,32.973557],[112.880608,32.973788],[112.881888,32.974067],[112.882231,32.974187],[112.882413,32.974346],[112.882572,32.974578],[112.88273,32.974929],[112.883328,32.976666],[112.884208,32.978743],[112.884803,32.979065],[112.885066,32.979112],[112.885635,32.978977],[112.88616,32.978795],[112.887257,32.978507],[112.888419,32.978149],[112.888706,32.978093],[112.88862,32.977906],[112.888521,32.977537],[112.890334,32.977056],[112.890908,32.97841],[112.890943,32.978437],[112.891181,32.979211],[112.893957,32.97857],[112.893915,32.979182],[112.894014,32.979324],[112.894017,32.97963],[112.894057,32.979821],[112.89447,32.980282],[112.894706,32.980458],[112.895105,32.980849],[112.895261,32.981169],[112.89554,32.981524],[112.895722,32.981841],[112.895905,32.982357],[112.895926,32.982507],[112.896184,32.983158],[112.896307,32.983358],[112.896347,32.983554],[112.89664,32.98428],[112.896758,32.984881],[112.896841,32.985574],[112.896927,32.985925],[112.897069,32.986244],[112.897576,32.987045],[112.897871,32.987365],[112.898364,32.988053],[112.898429,32.988078],[112.898608,32.988024],[112.900768,32.98788],[112.900746,32.987797],[112.900475,32.987781],[112.89892,32.987864],[112.898861,32.987736],[112.898702,32.986604],[112.90054,32.986451],[112.900424,32.985144],[112.902506,32.985009],[112.902492,32.983533],[112.902401,32.982708],[112.904104,32.982543],[112.904029,32.982447],[112.903989,32.982145],[112.903801,32.981767],[112.90352,32.981004],[112.905204,32.980701],[112.90507,32.980026],[112.904737,32.97738],[112.905113,32.977283],[112.904638,32.975492],[112.904297,32.975424],[112.904104,32.975422],[112.903635,32.973082],[112.904555,32.972911],[112.905341,32.9729],[112.90511,32.972481],[112.904845,32.972166],[112.904442,32.97155],[112.904316,32.971203],[112.904134,32.970906],[112.903595,32.969835],[112.906529,32.969164],[112.906781,32.969473],[112.907202,32.969772],[112.907988,32.969533],[112.909335,32.96927],[112.910968,32.968896],[112.911027,32.968968],[112.911057,32.969092],[112.911043,32.969293],[112.911078,32.969461],[112.911153,32.96959],[112.911279,32.969695],[112.911271,32.970107],[112.911309,32.970199],[112.911636,32.970361],[112.911727,32.970559],[112.911789,32.971291],[112.91195,32.971624],[112.912135,32.971865],[112.912191,32.972121],[112.912371,32.972398],[112.9124,32.972828],[112.912304,32.973332],[112.912577,32.973372],[112.912846,32.97337],[112.912926,32.974454],[112.913189,32.974362],[112.913358,32.974259],[112.913503,32.974223],[112.913851,32.974436],[112.914273,32.974866],[112.914307,32.975001],[112.915847,32.974988],[112.917167,32.975024],[112.917338,32.97621],[112.918948,32.976183],[112.918915,32.97558],[112.918717,32.974783],[112.919908,32.974675],[112.920294,32.974684],[112.920391,32.974382],[112.920485,32.973705],[112.920439,32.973566],[112.920417,32.973219],[112.920219,32.972634],[112.920189,32.9724],[112.920104,32.972216],[112.922204,32.97191],[112.922362,32.972371],[112.923786,32.97211],[112.92435,32.972038],[112.927893,32.971187],[112.92789,32.971387],[112.927957,32.971534],[112.928231,32.971694],[112.928292,32.971822],[112.928314,32.971806],[112.928303,32.9717],[112.928681,32.971615],[112.928775,32.971552],[112.928829,32.971421],[112.928936,32.971331],[112.929143,32.971338],[112.929733,32.9715],[112.930218,32.971595],[112.930583,32.971606],[112.930773,32.971588],[112.931012,32.971484],[112.931117,32.971338],[112.931133,32.971187],[112.931077,32.97096],[112.930875,32.970562],[112.930894,32.970307],[112.930841,32.969961],[112.930741,32.969806],[112.930554,32.969653],[112.930318,32.96954],[112.930012,32.969506],[112.929647,32.96941],[112.929237,32.969184],[112.929038,32.969157],[112.92881,32.969151],[112.9276,32.969324],[112.927225,32.969335],[112.926941,32.969306],[112.92668,32.969173],[112.926391,32.968928],[112.926136,32.968577],[112.926101,32.968426],[112.926139,32.968298],[112.926359,32.967823],[112.926364,32.967726],[112.926514,32.967486],[112.926753,32.967256],[112.927161,32.966975],[112.927308,32.966837],[112.927112,32.966423],[112.92678,32.966192],[112.926469,32.965922],[112.92641,32.965778],[112.926412,32.965111],[112.926289,32.964785],[112.926182,32.964634],[112.926069,32.96456],[112.925734,32.964427],[112.925634,32.964319],[112.925626,32.964216],[112.925793,32.963943],[112.92587,32.963655],[112.926069,32.963273],[112.926498,32.962877],[112.926635,32.962701],[112.927144,32.961644],[112.927284,32.96113],[112.927405,32.960867],[112.928003,32.959839],[112.928236,32.959145],[112.92719,32.959301],[112.926262,32.959566],[112.925793,32.959533],[112.924999,32.959674],[112.924704,32.959679],[112.924312,32.959582],[112.923757,32.959551],[112.923263,32.959368],[112.923121,32.959204],[112.923014,32.958988],[112.922971,32.958637],[112.923253,32.958529],[112.923341,32.958446],[112.923344,32.958394],[112.923038,32.957876],[112.923073,32.957363],[112.923459,32.956917],[112.923582,32.956515],[112.923515,32.955848],[112.923534,32.955241],[112.923596,32.954858],[112.923963,32.953658],[112.924358,32.952099],[112.924505,32.951349],[112.924862,32.950154],[112.924846,32.949882],[112.924886,32.949384],[112.925004,32.948858],[112.925007,32.948516],[112.924784,32.948016],[112.924709,32.94757],[112.924776,32.947316],[112.924964,32.947028],[112.92527,32.946821],[112.92557,32.946672],[112.926434,32.945652],[112.92715,32.944887],[112.929296,32.943451],[112.929451,32.943273],[112.929706,32.942711],[112.929837,32.942182],[112.929902,32.941576],[112.929931,32.941072],[112.929896,32.940883],[112.929701,32.940626],[112.929398,32.940338],[112.929151,32.94003],[112.928987,32.939879],[112.928673,32.939681],[112.927308,32.93899],[112.925728,32.938436],[112.925334,32.938265],[112.92494,32.938035],[112.924591,32.937565],[112.924564,32.937207],[112.924612,32.935703],[112.924768,32.935086],[112.925235,32.934222],[112.926452,32.931752],[112.926967,32.930847],[112.927772,32.929852],[112.929679,32.92817],[112.930634,32.927675],[112.93193,32.926655],[112.932445,32.926378],[112.932903,32.926016],[112.933338,32.92544],[112.93356,32.925048],[112.933981,32.924573],[112.934091,32.924339],[112.934118,32.923726],[112.934054,32.923488],[112.933102,32.921959],[112.932917,32.92152],[112.93264,32.921117],[112.931299,32.919334],[112.930942,32.919057],[112.930806,32.918897],[112.930457,32.918251],[112.930382,32.917884],[112.930387,32.917483],[112.930508,32.917118],[112.930728,32.916726],[112.93087,32.916314],[112.931259,32.915952],[112.931664,32.915639],[112.932992,32.914743],[112.933456,32.914373],[112.933652,32.914047],[112.93374,32.913626],[112.933716,32.912932],[112.933426,32.912266],[112.932565,32.911442],[112.931506,32.910692],[112.9308,32.910145],[112.92995,32.909636],[112.928467,32.908987],[112.927689,32.908613],[112.926903,32.907735],[112.92671,32.907262],[112.925878,32.904902],[112.925299,32.903569],[112.925106,32.903013],[112.924763,32.902418],[112.924261,32.901862],[112.923577,32.901232],[112.92288,32.900083],[112.922531,32.899669],[112.922319,32.899065],[112.92226,32.898446],[112.922239,32.897239],[112.922003,32.896475],[112.921949,32.894766],[112.921979,32.894586],[112.922201,32.893993],[112.922424,32.893761],[112.922483,32.893507],[112.922488,32.893169],[112.922539,32.892827],[112.922679,32.892685],[112.922716,32.892288],[112.922705,32.892047],[112.92292,32.891604],[112.922947,32.891293],[112.922936,32.890367],[112.922896,32.889874],[112.922735,32.889442],[112.922526,32.889192],[112.921874,32.887957],[112.921265,32.886707],[112.920785,32.886293],[112.920651,32.886113],[112.919245,32.885126],[112.918612,32.884908],[112.917939,32.884851],[112.916493,32.884948],[112.914214,32.885709],[112.913369,32.885736],[112.912875,32.885599],[112.912532,32.88529],[112.912191,32.884838],[112.911952,32.884444],[112.911869,32.883689],[112.911885,32.883211],[112.912105,32.88257],[112.912679,32.881678],[112.913127,32.881216],[112.913575,32.880828],[112.915595,32.879695],[112.916601,32.878986],[112.916976,32.878675],[112.91748,32.878118],[112.917725,32.877763],[112.917784,32.877436],[112.917706,32.876938],[112.917287,32.875891],[112.917269,32.875618],[112.917153,32.875309],[112.917073,32.875177],[112.916528,32.874663],[112.915619,32.873708],[112.915211,32.873363],[112.914911,32.87316],[112.913948,32.872771],[112.912706,32.872356],[112.910381,32.871827],[112.910011,32.871687],[112.909294,32.871291],[112.908863,32.870845],[112.908589,32.870651],[112.908112,32.87039],[112.907621,32.870016],[112.907438,32.869829],[112.906591,32.868822],[112.906454,32.868612],[112.906183,32.868098],[112.905883,32.867359],[112.905845,32.867062],[112.905909,32.866668],[112.906014,32.86637],[112.906459,32.865812],[112.90662,32.865647],[112.906768,32.865557],[112.907452,32.865262],[112.908028,32.865118],[112.908543,32.865025],[112.910171,32.864868],[112.910686,32.864681],[112.911395,32.8646],[112.9117,32.86453],[112.91332,32.864018],[112.913487,32.863897],[112.913645,32.863575],[112.913699,32.863203],[112.913691,32.862858],[112.913631,32.86266],[112.913326,32.862085],[112.912894,32.861768],[112.912097,32.861333],[112.911861,32.861094],[112.91158,32.860709],[112.911427,32.860283],[112.911395,32.859853],[112.911411,32.859627],[112.91147,32.859161],[112.911577,32.858667],[112.911915,32.857435],[112.912167,32.857038],[112.912234,32.856757],[112.912229,32.856626],[112.912065,32.856162],[112.911773,32.855639],[112.911445,32.855234],[112.910526,32.854418],[112.910225,32.85417],[112.909284,32.853715],[112.909214,32.853627],[112.909131,32.853593],[112.908871,32.853364],[112.908393,32.852478],[112.908374,32.852368],[112.908407,32.851903],[112.908463,32.851552],[112.908433,32.851216],[112.908557,32.850871],[112.908541,32.8507],[112.908739,32.849734],[112.908892,32.849317],[112.909107,32.848952],[112.909587,32.84853],[112.909705,32.848334],[112.909804,32.84792],[112.90982,32.847744],[112.909785,32.847624],[112.909533,32.84737],[112.909327,32.847282],[112.909104,32.847248],[112.908323,32.847005],[112.907806,32.846953],[112.907441,32.846818],[112.906854,32.846705],[112.905842,32.846673],[112.90563,32.846635],[112.903855,32.845961],[112.903292,32.845709],[112.902892,32.845398],[112.902777,32.845272],[112.902586,32.844952],[112.902503,32.844186],[112.90253,32.843967],[112.902661,32.843532],[112.903334,32.842563],[112.904198,32.841434],[112.904517,32.841101],[112.90525,32.840179],[112.905445,32.839555],[112.905494,32.838935],[112.905357,32.838142],[112.905282,32.83793],[112.904914,32.837306],[112.904783,32.836941],[112.904496,32.836319],[112.903812,32.835072],[112.902659,32.833391],[112.902149,32.832861],[112.901757,32.832598],[112.901554,32.832931],[112.900808,32.83326],[112.899697,32.833452],[112.898922,32.833767],[112.898228,32.833896],[112.89701,32.834031],[112.895972,32.834342],[112.895076,32.834824],[112.894011,32.83546],[112.893121,32.836296],[112.892608,32.836657],[112.892225,32.836693],[112.891104,32.836445],[112.890299,32.836192],[112.889878,32.836138],[112.889253,32.836179],[112.888352,32.836368],[112.886506,32.836424],[112.886423,32.83578],[112.885871,32.83571],[112.885672,32.836409],[112.88413,32.836138],[112.883966,32.836641],[112.882816,32.836598],[112.882706,32.837982],[112.882462,32.83884],[112.881088,32.83889],[112.879978,32.838764],[112.879645,32.838791],[112.879278,32.838852],[112.878178,32.839131],[112.877336,32.839534],[112.877674,32.840411],[112.877859,32.840693],[112.875496,32.842013],[112.877424,32.845267],[112.877679,32.845779],[112.87744,32.845941],[112.875517,32.846421],[112.875609,32.846737],[112.875727,32.847352],[112.87614,32.848729],[112.871827,32.849319],[112.87125,32.847744],[112.868745,32.848368],[112.86812,32.848496],[112.867117,32.848805],[112.86676,32.848882],[112.866535,32.848138],[112.866612,32.847757],[112.866645,32.846387],[112.861986,32.846793],[112.857544,32.847624],[112.856801,32.84543],[112.855103,32.845896],[112.855811,32.848032],[112.854011,32.848618],[112.854124,32.849087],[112.848792,32.85173],[112.84817,32.851408],[112.847915,32.851198]]]}},{"type":"Feature","properties":{"regionCode":"411327107","sourceCode":"411327107000","name":"苗店镇","sourceName":"苗店镇","parentCode":"411327","parentName":"社旗县","regionLevel":"township","regionType":"town","isManagementZone":false,"source":"ruiduobao","sourceVersion":"mixed-legacy~2018-2020","geometryRepaired":false,"match2020":true,"match2023":true},"geometry":{"type":"Polygon","coordinates":[[[113.029396,32.878655],[113.029331,32.878335],[113.027067,32.878808],[113.027041,32.878736],[113.02689,32.878767],[113.025493,32.87915],[113.025262,32.879123],[113.025126,32.879089],[113.025016,32.87902],[113.024688,32.87822],[113.024581,32.878134],[113.02427,32.878148],[113.024179,32.878109],[113.024098,32.877968],[113.024007,32.8777],[113.023902,32.877609],[113.023728,32.877553],[113.022921,32.877859],[113.022156,32.878062],[113.022859,32.879279],[113.022958,32.87952],[113.022956,32.87958],[113.021035,32.880299],[113.020936,32.880231],[113.020689,32.879912],[113.020276,32.879301],[113.019589,32.879544],[113.018063,32.880159],[113.017631,32.879562],[113.014268,32.881065],[113.014037,32.88081],[113.012388,32.881689],[113.012243,32.881621],[113.010848,32.882337],[113.011138,32.883018],[113.011379,32.883378],[113.009207,32.884236],[113.008509,32.884667],[113.008123,32.88482],[113.008324,32.885248],[113.007817,32.885381],[113.007584,32.884973],[113.007471,32.884876],[113.007364,32.884826],[113.007101,32.884824],[113.005926,32.885297],[113.004794,32.885691],[113.004701,32.8857],[113.004073,32.8842],[113.003612,32.884403],[113.003161,32.883671],[113.002992,32.883475],[113.001466,32.884047],[113.000889,32.884121],[113.000404,32.884304],[112.999924,32.88438],[112.999706,32.884513],[112.99936,32.884939],[112.998818,32.884849],[112.998392,32.884885],[112.99814,32.884946],[112.998041,32.885007],[112.997719,32.885572],[112.997271,32.886167],[112.997139,32.886218],[112.996791,32.885962],[112.996759,32.885901],[112.996691,32.884707],[112.996286,32.884205],[112.996085,32.883856],[112.995761,32.883493],[112.99527,32.882833],[112.994774,32.882337],[112.994666,32.882128],[112.994591,32.881837],[112.994656,32.881628],[112.994913,32.881317],[112.99498,32.881135],[112.995015,32.880725],[112.994978,32.880576],[112.994532,32.880315],[112.994393,32.880297],[112.994205,32.880177],[112.993878,32.879729],[112.993787,32.879774],[112.993682,32.879896],[112.993433,32.880432],[112.993411,32.880626],[112.993349,32.880781],[112.993231,32.880948],[112.993229,32.881067],[112.993264,32.881121],[112.993585,32.881342],[112.993819,32.88156],[112.993789,32.88165],[112.993687,32.881772],[112.99369,32.881876],[112.9938,32.882105],[112.993803,32.882202],[112.993706,32.882414],[112.993714,32.882606],[112.993655,32.883126],[112.993615,32.883252],[112.993425,32.883254],[112.993301,32.883142],[112.992665,32.881806],[112.992236,32.881907],[112.991488,32.882191],[112.991088,32.882286],[112.991212,32.882585],[112.99056,32.882822],[112.990498,32.88282],[112.989431,32.882313],[112.989946,32.883853],[112.989726,32.883953],[112.989294,32.884049],[112.988774,32.884367],[112.988725,32.884432],[112.988755,32.884619],[112.988959,32.885104],[112.989154,32.885455],[112.988208,32.885761],[112.988119,32.885824],[112.988371,32.886306],[112.988411,32.886448],[112.988181,32.886554],[112.988441,32.886939],[112.988736,32.887505],[112.988792,32.887525],[112.98902,32.88743],[112.989146,32.887595],[112.989122,32.887628],[112.988092,32.888097],[112.987787,32.888293],[112.987711,32.888297],[112.987462,32.888117],[112.987427,32.888122],[112.986405,32.888622],[112.98633,32.88861],[112.986038,32.888266],[112.985997,32.888266],[112.985217,32.888583],[112.984246,32.888831],[112.983972,32.888946],[112.983921,32.889036],[112.983927,32.889135],[112.984069,32.889383],[112.984125,32.889545],[112.984088,32.889791],[112.982843,32.890234],[112.981937,32.888953],[112.981867,32.888908],[112.981145,32.88916],[112.98048,32.889446],[112.978758,32.889935],[112.978686,32.889881],[112.978638,32.889766],[112.978404,32.889793],[112.978106,32.889901],[112.977838,32.889926],[112.977688,32.890023],[112.976972,32.890293],[112.976524,32.89041],[112.976639,32.89062],[112.975443,32.891072],[112.975067,32.89118],[112.974995,32.891147],[112.974681,32.890746],[112.974327,32.890158],[112.974276,32.890119],[112.973501,32.890394],[112.973592,32.891142],[112.973638,32.891248],[112.97278,32.89155],[112.972514,32.891615],[112.971959,32.891838],[112.971487,32.891018],[112.970403,32.891469],[112.969703,32.891712],[112.969429,32.891851],[112.969325,32.891944],[112.969636,32.892223],[112.970164,32.892784],[112.970446,32.893205],[112.970771,32.893615],[112.970288,32.893779],[112.969963,32.893259],[112.969765,32.893047],[112.969609,32.893056],[112.969121,32.893288],[112.969196,32.893453],[112.96921,32.893581],[112.969598,32.894302],[112.96808,32.894908],[112.967673,32.895126],[112.967627,32.895185],[112.967871,32.895507],[112.968094,32.895441],[112.96977,32.894757],[112.969861,32.894874],[112.97128,32.894232],[112.972493,32.89557],[112.97083,32.896236],[112.97102,32.89645],[112.971597,32.896167],[112.972605,32.895788],[112.972965,32.896309],[112.971404,32.896995],[112.971535,32.89714],[112.972549,32.896703],[112.973042,32.896523],[112.973614,32.897223],[112.974351,32.898038],[112.973571,32.898344],[112.972525,32.898691],[112.972619,32.898889],[112.974461,32.898189],[112.974952,32.89866],[112.976722,32.897991],[112.976886,32.898221],[112.976114,32.898502],[112.975172,32.898916],[112.975918,32.899952],[112.976486,32.900819],[112.976916,32.901738],[112.978863,32.901094],[112.97889,32.901783],[112.978133,32.901957],[112.977235,32.902236],[112.977396,32.902452],[112.977412,32.90254],[112.97749,32.902662],[112.977723,32.902954],[112.978528,32.902655],[112.97897,32.902535],[112.979166,32.903747],[112.979777,32.904567],[112.982495,32.903686],[112.982967,32.904637],[112.981365,32.905091],[112.981443,32.905468],[112.981921,32.906186],[112.981864,32.906265],[112.981502,32.906427],[112.981261,32.906497],[112.981113,32.906472],[112.980915,32.906488],[112.979957,32.906909],[112.980072,32.907447],[112.980456,32.908104],[112.98099,32.908762],[112.981333,32.909066],[112.980762,32.909451],[112.980435,32.909852],[112.980325,32.910129],[112.980217,32.910262],[112.980207,32.910345],[112.980448,32.910629],[112.980765,32.911088],[112.980888,32.911383],[112.981443,32.912196],[112.981609,32.912385],[112.983573,32.911637],[112.983653,32.911746],[112.981738,32.912565],[112.981891,32.912804],[112.982205,32.913137],[112.982484,32.913281],[112.982835,32.913342],[112.983109,32.913455],[112.983262,32.913664],[112.98328,32.91402],[112.983366,32.914231],[112.98364,32.914686],[112.984455,32.914434],[112.98456,32.914646],[112.984855,32.914576],[112.985139,32.915116],[112.985126,32.915141],[112.984917,32.915247],[112.984088,32.915519],[112.984187,32.915821],[112.985643,32.91531],[112.986134,32.915155],[112.986212,32.915161],[112.986373,32.915346],[112.986577,32.915724],[112.985668,32.916031],[112.985839,32.916323],[112.986732,32.916019],[112.98699,32.916533],[112.986424,32.916783],[112.985694,32.91696],[112.985858,32.917282],[112.986263,32.917904],[112.987392,32.91753],[112.98777,32.91812],[112.987105,32.918365],[112.986531,32.918501],[112.986639,32.918705],[112.985024,32.91916],[112.985035,32.919439],[112.984251,32.919626],[112.983838,32.919748],[112.983643,32.919838],[112.983731,32.920036],[112.9839,32.920234],[112.983487,32.920324],[112.982626,32.920608],[112.982698,32.920766],[112.982304,32.920856],[112.980936,32.92127],[112.981427,32.922396],[112.98129,32.922382],[112.980708,32.922155],[112.980386,32.922317],[112.979673,32.922515],[112.979753,32.922659],[112.979818,32.923008],[112.980075,32.923386],[112.981172,32.924717],[112.980756,32.924917],[112.979515,32.925399],[112.97956,32.925507],[112.979804,32.925856],[112.979895,32.925935],[112.980075,32.926239],[112.979228,32.926617],[112.979064,32.926649],[112.979343,32.926937],[112.978938,32.927133],[112.978423,32.927299],[112.978007,32.927497],[112.977178,32.927761],[112.977232,32.927846],[112.975207,32.928641],[112.975395,32.928812],[112.977337,32.928071],[112.977492,32.928371],[112.975714,32.929066],[112.975971,32.929292],[112.977659,32.92867],[112.977865,32.929026],[112.97757,32.929103],[112.976771,32.929395],[112.976417,32.929494],[112.976197,32.929465],[112.974974,32.929836],[112.975317,32.93037],[112.973973,32.930834],[112.974105,32.930989],[112.975416,32.930548],[112.975743,32.931048],[112.975049,32.931313],[112.97503,32.931203],[112.974909,32.931068],[112.974665,32.930962],[112.974445,32.931063],[112.973906,32.931234],[112.973941,32.931419],[112.974051,32.931462],[112.974593,32.932002],[112.974842,32.93254],[112.975215,32.933098],[112.976266,32.935235],[112.976932,32.935028],[112.977677,32.936876],[112.978165,32.937855],[112.978519,32.937734],[112.977833,32.936239],[112.977967,32.936189],[112.977385,32.934971],[112.977591,32.934888],[112.977929,32.935347],[112.978045,32.935669],[112.978259,32.936084],[112.980483,32.935424],[112.980765,32.936135],[112.978683,32.936777],[112.978844,32.937074],[112.97948,32.936892],[112.982757,32.935685],[112.982999,32.935629],[112.983251,32.936131],[112.983302,32.936502],[112.983455,32.936793],[112.985252,32.936243],[112.985708,32.936068],[112.985885,32.936063],[112.985987,32.936358],[112.985984,32.93668],[112.986038,32.936946],[112.986156,32.937216],[112.9882,32.936601],[112.988299,32.9367],[112.988422,32.936988],[112.988562,32.937216],[112.988969,32.937711],[112.988991,32.937839],[112.990034,32.939613],[112.986762,32.940892],[112.986856,32.941094],[112.987982,32.940685],[112.989981,32.939874],[112.990163,32.939841],[112.99052,32.940484],[112.988331,32.941227],[112.987159,32.941677],[112.987274,32.9419],[112.988527,32.941479],[112.988637,32.941862],[112.987797,32.942155],[112.987419,32.942249],[112.98769,32.942729],[112.987706,32.942805],[112.988108,32.943366],[112.986499,32.943928],[112.985764,32.944234],[112.986051,32.944439],[112.988302,32.943613],[112.988712,32.944066],[112.989938,32.943656],[112.989924,32.943548],[112.990863,32.943294],[112.991861,32.943071],[112.991944,32.943278],[112.99096,32.943568],[112.991402,32.944466],[112.991834,32.945468],[112.992177,32.945409],[112.992582,32.945405],[112.993333,32.945324],[112.993341,32.945499],[112.993264,32.945779],[112.993178,32.945923],[112.993159,32.946222],[112.993411,32.946665],[112.993545,32.947242],[112.993744,32.947302],[112.993897,32.947424],[112.992899,32.947437],[112.993028,32.947867],[112.992985,32.947908],[112.99255,32.948059],[112.992239,32.948205],[112.991303,32.948498],[112.990938,32.948939],[112.99015,32.949144],[112.990324,32.949299],[112.989948,32.949454],[112.990139,32.950294],[112.989431,32.950352],[112.98901,32.950442],[112.988323,32.950492],[112.988315,32.950242],[112.988141,32.950136],[112.988318,32.950008],[112.988479,32.949618],[112.98832,32.948993],[112.988505,32.949004],[112.98842,32.948835],[112.988497,32.948781],[112.988251,32.948266],[112.988098,32.948041],[112.987894,32.948162],[112.987867,32.94789],[112.987972,32.947593],[112.987875,32.947237],[112.987642,32.946854],[112.987559,32.946938],[112.987046,32.947176],[112.98659,32.947433],[112.987003,32.948126],[112.987199,32.948396],[112.986966,32.948489],[112.986968,32.948218],[112.986158,32.948639],[112.986035,32.948732],[112.986327,32.949173],[112.986137,32.94947],[112.986091,32.94972],[112.986073,32.950204],[112.986124,32.95069],[112.98566,32.950647],[112.985625,32.950942],[112.985391,32.950953],[112.98596,32.952353],[112.984935,32.952358],[112.98504,32.952673],[112.983763,32.953022],[112.983873,32.95326],[112.985083,32.952914],[112.985179,32.953055],[112.985265,32.953244],[112.984064,32.953602],[112.984184,32.953816],[112.985064,32.953548],[112.985415,32.953406],[112.985501,32.953478],[112.984785,32.953789],[112.984495,32.953879],[112.984238,32.953915],[112.984546,32.954336],[112.984597,32.954466],[112.984404,32.954516],[112.983653,32.954869],[112.983651,32.955092],[112.983739,32.955299],[112.9839,32.955529],[112.983964,32.955756],[112.983964,32.956015],[112.983337,32.956359],[112.983549,32.956519],[112.984549,32.956073],[112.984686,32.956244],[112.984761,32.956454],[112.983795,32.956863],[112.983857,32.956929],[112.984007,32.957374],[112.983954,32.958171],[112.98593,32.957325],[112.986175,32.957779],[112.985719,32.958056],[112.985083,32.958245],[112.985051,32.958394],[112.985236,32.958682],[112.984241,32.959103],[112.984176,32.958956],[112.983685,32.959175],[112.983664,32.959679],[112.983803,32.960142],[112.985665,32.959343],[112.98684,32.961112],[112.987062,32.961394],[112.987162,32.961506],[112.98725,32.961551],[112.987467,32.961569],[112.987671,32.961747],[112.989629,32.960851],[112.989745,32.961207],[112.98791,32.962087],[112.988562,32.963064],[112.990584,32.962082],[112.991027,32.962503],[112.98883,32.963574],[112.9892,32.964477],[112.991166,32.963748],[112.991622,32.96343],[112.992054,32.964186],[112.99041,32.964841],[112.989511,32.965134],[112.989736,32.965638],[112.990997,32.96533],[112.991185,32.966126],[112.992625,32.965753],[112.992918,32.966529],[112.991636,32.96702],[112.992936,32.969311],[112.993569,32.970132],[112.993693,32.970539],[112.994873,32.969878],[112.995243,32.970523],[112.997196,32.969763],[112.997188,32.970062],[112.995366,32.970748],[112.995517,32.970971],[112.997137,32.970319],[112.997129,32.970674],[112.995715,32.971196],[112.995975,32.971685],[112.997212,32.971277],[112.997416,32.972879],[112.999173,32.972216],[112.999618,32.973257],[112.99877,32.973579],[112.998151,32.973761],[112.998309,32.974155],[112.998671,32.974034],[112.999763,32.973579],[113.000033,32.973995],[112.998432,32.974592],[112.998456,32.97472],[112.998754,32.974643],[112.998835,32.974736],[113.000165,32.974198],[113.000363,32.974497],[112.999272,32.974945],[112.99947,32.975231],[113.00057,32.974808],[113.00119,32.975652],[113.00123,32.975845],[113.002115,32.977191],[113.00237,32.977807],[113.002718,32.978221],[113.002987,32.978376],[113.003054,32.978574],[113.003233,32.978847],[113.003499,32.979067],[113.003711,32.97947],[113.00385,32.979603],[113.004022,32.979668],[113.004186,32.979976],[113.004462,32.98039],[113.004701,32.980566],[113.005586,32.980318],[113.006482,32.979976],[113.006712,32.980379],[113.006905,32.980494],[113.007372,32.981702],[113.008222,32.981454],[113.008764,32.981454],[113.009357,32.982784],[113.010341,32.982471],[113.010408,32.982552],[113.010548,32.982627],[113.010996,32.982696],[113.01039,32.981484],[113.010242,32.981274],[113.011441,32.980779],[113.011157,32.980035],[113.012342,32.979657],[113.012353,32.979517],[113.012162,32.979312],[113.012246,32.979256],[113.013246,32.97886],[113.013445,32.978889],[113.013887,32.978754],[113.01577,32.977974],[113.015797,32.977886],[113.015781,32.977746],[113.015467,32.977224],[113.015167,32.976828],[113.014697,32.976086],[113.014493,32.97582],[113.014332,32.975424],[113.014225,32.974905],[113.013874,32.974441],[113.014118,32.974326],[113.014475,32.974277],[113.014711,32.974139],[113.015403,32.974022],[113.016009,32.974018],[113.016371,32.974061],[113.016602,32.974171],[113.01687,32.97425],[113.017323,32.973971],[113.017696,32.973831],[113.018256,32.973566],[113.020654,32.971955],[113.020467,32.971527],[113.020279,32.971291],[113.021322,32.970814],[113.021014,32.970379],[113.021502,32.970172],[113.02243,32.969601],[113.022813,32.969326],[113.022864,32.96918],[113.0224,32.968851],[113.022221,32.968674],[113.021982,32.968563],[113.021615,32.968224],[113.020947,32.967976],[113.0207,32.967783],[113.020188,32.967083],[113.01978,32.966734],[113.021159,32.966075],[113.021244,32.966133],[113.021561,32.966545],[113.022108,32.967071],[113.023487,32.966639],[113.025123,32.966054],[113.025303,32.966441],[113.026102,32.96612],[113.02699,32.965859],[113.027076,32.965478],[113.028596,32.965147],[113.028366,32.964787],[113.028851,32.964628],[113.029927,32.964355],[113.030943,32.963799],[113.032201,32.963462],[113.032429,32.963381],[113.032545,32.9633],[113.032799,32.964218],[113.033043,32.964159],[113.033752,32.96386],[113.034269,32.964639],[113.033679,32.964904],[113.033829,32.965309],[113.036914,32.964168],[113.037096,32.964738],[113.03829,32.964416],[113.038655,32.964349],[113.038561,32.963682],[113.039044,32.963673],[113.039706,32.963541],[113.04046,32.963345],[113.040449,32.963093],[113.040529,32.962967],[113.040744,32.962829],[113.040983,32.962465],[113.041278,32.963635],[113.041844,32.963493],[113.042222,32.965552],[113.042753,32.96551],[113.04345,32.96535],[113.043059,32.964254],[113.042986,32.963957],[113.042954,32.963635],[113.042879,32.963379],[113.043177,32.963379],[113.043713,32.96497],[113.045245,32.964688],[113.045658,32.964655],[113.045543,32.964216],[113.045202,32.963691],[113.044767,32.963743],[113.044531,32.963568],[113.043697,32.961614],[113.045559,32.960926],[113.045644,32.961034],[113.04797,32.960232],[113.047661,32.959535],[113.047602,32.959492],[113.047214,32.958891],[113.047122,32.9587],[113.04731,32.958394],[113.04793,32.958128],[113.049072,32.957545],[113.049662,32.957977],[113.049971,32.958394],[113.050478,32.958648],[113.050894,32.958704],[113.051079,32.95881],[113.051333,32.959058],[113.0515,32.959298],[113.051712,32.960154],[113.052205,32.960358],[113.052578,32.960354],[113.052854,32.960266],[113.053088,32.960127],[113.05416,32.96012],[113.054496,32.960361],[113.05459,32.960496],[113.054689,32.96055],[113.054812,32.960566],[113.054973,32.96053],[113.055561,32.960295],[113.055676,32.960311],[113.055781,32.96037],[113.055941,32.960388],[113.056438,32.960354],[113.057138,32.960455],[113.057634,32.960482],[113.057111,32.959476],[113.056797,32.958972],[113.056617,32.958522],[113.059219,32.957815],[113.059603,32.958905],[113.060018,32.959744],[113.060088,32.960048],[113.060147,32.96012],[113.060617,32.960199],[113.060748,32.960295],[113.061054,32.9608],[113.061628,32.961036],[113.061848,32.961209],[113.062057,32.961488],[113.062223,32.961833],[113.062411,32.962485],[113.062719,32.962726],[113.06302,32.962847],[113.063731,32.962987],[113.06398,32.96278],[113.064672,32.963025],[113.06611,32.962553],[113.066536,32.962535],[113.066745,32.962595],[113.067389,32.962296],[113.067177,32.961961],[113.068615,32.961493],[113.068899,32.96246],[113.06704,32.963055],[113.067459,32.963568],[113.067912,32.964349],[113.068019,32.964346],[113.068677,32.964128],[113.068824,32.964128],[113.069291,32.963907],[113.069527,32.964209],[113.070171,32.965197],[113.071675,32.964724],[113.072032,32.965496],[113.071501,32.965699],[113.072244,32.967078],[113.073094,32.966772],[113.073349,32.967213],[113.074296,32.966849],[113.0752,32.966567],[113.076565,32.966268],[113.079982,32.965692],[113.079982,32.965843],[113.080025,32.965854],[113.082061,32.965487],[113.082203,32.965456],[113.082039,32.964907],[113.082042,32.964787],[113.082758,32.964513],[113.082989,32.964295],[113.083313,32.96415],[113.083525,32.964211],[113.083759,32.96436],[113.083853,32.964641],[113.083861,32.96494],[113.087785,32.964105],[113.087358,32.963491],[113.08706,32.962944],[113.086454,32.962046],[113.085588,32.960577],[113.085491,32.960223],[113.08547,32.959965],[113.085076,32.959258],[113.084751,32.958794],[113.086173,32.958394],[113.086618,32.958236],[113.086674,32.958277],[113.086763,32.958279],[113.088359,32.957899],[113.088367,32.957813],[113.08823,32.957568],[113.087406,32.956422],[113.0883,32.956078],[113.089265,32.956463],[113.090191,32.956157],[113.090529,32.956094],[113.090488,32.956019],[113.091137,32.955515],[113.089995,32.953532],[113.090588,32.953154],[113.090148,32.952364],[113.093731,32.95076],[113.093586,32.950381],[113.091593,32.951066],[113.091202,32.95051],[113.091035,32.950123],[113.092661,32.949198],[113.090765,32.949722],[113.090644,32.94936],[113.09025,32.948477],[113.088302,32.949024],[113.088163,32.948763],[113.087975,32.948522],[113.087903,32.948356],[113.087854,32.948077],[113.087278,32.946454],[113.085891,32.946852],[113.084064,32.947566],[113.083748,32.946751],[113.083638,32.94667],[113.083552,32.946665],[113.082973,32.946805],[113.081771,32.947134],[113.081664,32.947008],[113.080873,32.945382],[113.080594,32.944943],[113.081146,32.944784],[113.082359,32.944511],[113.08208,32.943798],[113.082372,32.943757],[113.082235,32.943381],[113.081819,32.943458],[113.081782,32.943334],[113.082874,32.943122],[113.082286,32.94281],[113.080148,32.943262],[113.079875,32.94244],[113.083735,32.941527],[113.08359,32.941349],[113.082994,32.941045],[113.082788,32.94086],[113.083171,32.940772],[113.08312,32.94043],[113.0847,32.939978],[113.084773,32.940081],[113.086891,32.939375],[113.086712,32.939019],[113.084494,32.939685],[113.084539,32.939753],[113.082989,32.940151],[113.082798,32.939708],[113.083378,32.939548],[113.083026,32.938625],[113.081291,32.939111],[113.080819,32.938001],[113.078992,32.938463],[113.078917,32.938249],[113.080717,32.937774],[113.080545,32.937448],[113.080041,32.936964],[113.078512,32.937326],[113.078418,32.937042],[113.07726,32.937272],[113.077037,32.936552],[113.078225,32.936273],[113.078059,32.935674],[113.075074,32.936286],[113.07483,32.935552],[113.0748,32.934812],[113.074698,32.934379],[113.077241,32.933749],[113.077168,32.933398],[113.076385,32.933542],[113.075068,32.932979],[113.076916,32.932536],[113.076849,32.932342],[113.07597,32.932488],[113.075787,32.932198],[113.075591,32.931691],[113.075463,32.930433],[113.07532,32.92992],[113.075087,32.929429],[113.075023,32.929343],[113.071504,32.930372],[113.071418,32.930138],[113.071289,32.929935],[113.070659,32.929323],[113.070557,32.929084],[113.07038,32.9289],[113.070074,32.92833],[113.069436,32.927394],[113.069224,32.927018],[113.068768,32.926417],[113.068669,32.926142],[113.068677,32.925885],[113.068569,32.925653],[113.067977,32.924647],[113.067521,32.923951],[113.067094,32.923566],[113.066936,32.923528],[113.066694,32.923708],[113.065799,32.9241],[113.065171,32.924321],[113.064487,32.922821],[113.066072,32.922387],[113.065833,32.921851],[113.065761,32.92195],[113.065643,32.922038],[113.065265,32.922225],[113.063975,32.92254],[113.063267,32.92256],[113.063141,32.922207],[113.06571,32.921491],[113.065565,32.9212],[113.063014,32.921844],[113.062996,32.921236],[113.062891,32.921065],[113.062473,32.920074],[113.063731,32.919566],[113.06449,32.919349],[113.064353,32.919232],[113.064179,32.918964],[113.063905,32.917906],[113.063731,32.917649],[113.063347,32.917451],[113.063272,32.917721],[113.063084,32.918041],[113.062427,32.91851],[113.062097,32.918791],[113.061944,32.919045],[113.060185,32.919343],[113.060201,32.919595],[113.060421,32.920227],[113.060501,32.920522],[113.060488,32.920644],[113.059168,32.921063],[113.05886,32.920358],[113.057232,32.921142],[113.057194,32.921193],[113.056507,32.921369],[113.056387,32.921094],[113.054496,32.921524],[113.054421,32.921358],[113.056333,32.920894],[113.056207,32.920414],[113.054273,32.920903],[113.053935,32.91986],[113.052516,32.920068],[113.052275,32.919293],[113.05151,32.919451],[113.051449,32.919331],[113.050277,32.919595],[113.050134,32.91894],[113.047766,32.91948],[113.047133,32.917834],[113.048064,32.91753],[113.048048,32.917379],[113.047785,32.916726],[113.047353,32.916116],[113.048694,32.915742],[113.048415,32.91517],[113.046141,32.915785],[113.046194,32.915994],[113.046133,32.91608],[113.045864,32.916161],[113.045803,32.916132],[113.04562,32.915927],[113.04543,32.915666],[113.048394,32.914772],[113.04838,32.914558],[113.0483,32.914344],[113.047101,32.914619],[113.046248,32.914857],[113.046119,32.914105],[113.046103,32.913297],[113.045317,32.913452],[113.045132,32.913121],[113.046119,32.912892],[113.046103,32.912068],[113.044743,32.912387],[113.04459,32.912108],[113.044435,32.912065],[113.044062,32.911259],[113.045827,32.91078],[113.045795,32.910552],[113.044974,32.910753],[113.043979,32.911057],[113.043917,32.910852],[113.045787,32.91034],[113.045712,32.909741],[113.04462,32.909913],[113.044593,32.909586],[113.045658,32.909404],[113.045599,32.908111],[113.044757,32.908206],[113.04433,32.906805],[113.045323,32.906587],[113.045486,32.906483],[113.045044,32.905109],[113.046079,32.904954],[113.046492,32.904844],[113.046712,32.904727],[113.046787,32.90356],[113.046827,32.903335],[113.046921,32.903263],[113.047184,32.903186],[113.047361,32.902945],[113.047369,32.902772],[113.047307,32.902551],[113.047179,32.902328],[113.047096,32.902265],[113.046908,32.90227],[113.045607,32.902621],[113.044985,32.900901],[113.045234,32.900867],[113.045105,32.900554],[113.046237,32.900225],[113.046237,32.900169],[113.046189,32.900052],[113.046031,32.899835],[113.04491,32.900216],[113.044802,32.899957],[113.045475,32.899788],[113.045846,32.899644],[113.045658,32.899448],[113.047163,32.898858],[113.047256,32.898772],[113.046945,32.89857],[113.046632,32.898236],[113.045551,32.898518],[113.044958,32.898718],[113.044641,32.898074],[113.044134,32.897194],[113.044389,32.897054],[113.044716,32.896946],[113.045261,32.896682],[113.045703,32.896565],[113.04591,32.896455],[113.045856,32.896178],[113.045494,32.895664],[113.045408,32.895606],[113.045159,32.895635],[113.043496,32.896275],[113.043365,32.895732],[113.044215,32.89536],[113.043762,32.894649],[113.043507,32.894689],[113.041683,32.895257],[113.041002,32.89375],[113.041857,32.893451],[113.042774,32.893259],[113.04274,32.893074],[113.042479,32.892426],[113.042211,32.891586],[113.041208,32.891928],[113.040438,32.892315],[113.039894,32.892491],[113.039247,32.892818],[113.038928,32.893025],[113.038014,32.893469],[113.037354,32.893637],[113.03704,32.893829],[113.036691,32.893894],[113.036139,32.89409],[113.035213,32.894509],[113.034883,32.894547],[113.034489,32.893516],[113.033953,32.893658],[113.033878,32.893631],[113.033749,32.892948],[113.033663,32.892716],[113.031622,32.893151],[113.031579,32.89311],[113.031228,32.892255],[113.031112,32.891897],[113.032292,32.891629],[113.032185,32.891207],[113.032046,32.890937],[113.030734,32.891176],[113.030503,32.890694],[113.030332,32.889791],[113.030249,32.889038],[113.032038,32.888831],[113.032121,32.889387],[113.032306,32.88939],[113.033977,32.889108],[113.034095,32.889063],[113.034127,32.889009],[113.034111,32.888795],[113.033974,32.888268],[113.033977,32.888032],[113.034028,32.887748],[113.033953,32.887342],[113.032126,32.887628],[113.031651,32.887734],[113.031375,32.886804],[113.030377,32.886865],[113.030337,32.885502],[113.030903,32.885387],[113.030828,32.88466],[113.03108,32.8847],[113.030978,32.883207],[113.030935,32.883112],[113.027966,32.883498],[113.027891,32.882977],[113.030117,32.882716],[113.030058,32.882432],[113.02784,32.882682],[113.027759,32.881873],[113.029836,32.881632],[113.029806,32.881295],[113.027714,32.881547],[113.027422,32.879869],[113.027156,32.879038],[113.029396,32.878655]]]}},{"type":"Feature","properties":{"regionCode":"411327108","sourceCode":"411327108000","name":"郝寨镇","sourceName":"郝寨镇","parentCode":"411327","parentName":"社旗县","regionLevel":"township","regionType":"town","isManagementZone":false,"source":"ruiduobao","sourceVersion":"mixed-legacy~2018-2020","geometryRepaired":false,"match2020":true,"match2023":true},"geometry":{"type":"Polygon","coordinates":[[[113.090529,32.956094],[113.090191,32.956157],[113.089265,32.956463],[113.0883,32.956078],[113.087406,32.956422],[113.08823,32.957568],[113.088367,32.957813],[113.088359,32.957899],[113.086763,32.958279],[113.086674,32.958277],[113.086618,32.958236],[113.086173,32.958394],[113.084751,32.958794],[113.085076,32.959258],[113.08547,32.959965],[113.085491,32.960223],[113.085588,32.960577],[113.086454,32.962046],[113.08706,32.962944],[113.087358,32.963491],[113.087785,32.964105],[113.083861,32.96494],[113.083853,32.964641],[113.083759,32.96436],[113.083525,32.964211],[113.083313,32.96415],[113.082989,32.964295],[113.082758,32.964513],[113.082042,32.964787],[113.082039,32.964907],[113.082203,32.965456],[113.080025,32.965854],[113.079982,32.965843],[113.079982,32.965692],[113.076565,32.966268],[113.0752,32.966567],[113.074296,32.966849],[113.073349,32.967213],[113.073094,32.966772],[113.072244,32.967078],[113.071504,32.965704],[113.072032,32.965496],[113.071675,32.964724],[113.070171,32.965197],[113.069527,32.964209],[113.069291,32.963907],[113.068824,32.964128],[113.068677,32.964128],[113.068019,32.964346],[113.067912,32.964349],[113.067459,32.963568],[113.06704,32.963055],[113.068899,32.96246],[113.068615,32.961493],[113.067177,32.961961],[113.067389,32.962296],[113.066745,32.962595],[113.066536,32.962535],[113.06611,32.962553],[113.064672,32.963025],[113.06398,32.96278],[113.063731,32.962987],[113.06302,32.962847],[113.062719,32.962726],[113.062411,32.962485],[113.062223,32.961833],[113.062057,32.961488],[113.061848,32.961209],[113.061628,32.961036],[113.061054,32.9608],[113.060748,32.960295],[113.060617,32.960199],[113.060147,32.96012],[113.060085,32.960043],[113.060018,32.959744],[113.059603,32.958905],[113.059219,32.957815],[113.056617,32.958522],[113.056797,32.958972],[113.057111,32.959476],[113.057634,32.960482],[113.057138,32.960455],[113.056438,32.960354],[113.055941,32.960388],[113.055781,32.96037],[113.055676,32.960311],[113.055561,32.960295],[113.054973,32.96053],[113.054812,32.960566],[113.054689,32.96055],[113.05459,32.960496],[113.054496,32.960361],[113.05416,32.96012],[113.053088,32.960127],[113.052854,32.960266],[113.052578,32.960354],[113.052205,32.960358],[113.051712,32.960154],[113.0515,32.959298],[113.051333,32.959058],[113.051079,32.95881],[113.050894,32.958704],[113.050478,32.958648],[113.049971,32.958394],[113.049662,32.957977],[113.049072,32.957545],[113.04793,32.958128],[113.04731,32.958394],[113.047122,32.9587],[113.047214,32.958891],[113.047602,32.959492],[113.047661,32.959535],[113.04797,32.960232],[113.045644,32.961034],[113.045559,32.960926],[113.043697,32.961614],[113.044531,32.963568],[113.044767,32.963743],[113.045202,32.963691],[113.045543,32.964216],[113.045658,32.964655],[113.045245,32.964688],[113.043713,32.96497],[113.043177,32.963379],[113.042879,32.963379],[113.042954,32.963635],[113.042986,32.963957],[113.043059,32.964254],[113.04345,32.96535],[113.042753,32.96551],[113.042222,32.965552],[113.041844,32.963493],[113.041278,32.963635],[113.040983,32.962465],[113.040744,32.962829],[113.040529,32.962967],[113.040449,32.963093],[113.04046,32.963345],[113.039706,32.963541],[113.039044,32.963673],[113.038561,32.963682],[113.038655,32.964349],[113.03829,32.964416],[113.037096,32.964738],[113.036914,32.964168],[113.033829,32.965309],[113.033679,32.964904],[113.034269,32.964639],[113.033752,32.96386],[113.033043,32.964159],[113.032799,32.964218],[113.032545,32.9633],[113.032429,32.963381],[113.032201,32.963462],[113.030943,32.963799],[113.029927,32.964355],[113.028851,32.964628],[113.028366,32.964787],[113.028596,32.965147],[113.027076,32.965478],[113.02699,32.965859],[113.026102,32.96612],[113.025303,32.966441],[113.025123,32.966054],[113.023487,32.966639],[113.022108,32.967071],[113.021561,32.966545],[113.021244,32.966133],[113.021159,32.966075],[113.01978,32.966734],[113.020188,32.967083],[113.0207,32.967783],[113.020947,32.967976],[113.021615,32.968224],[113.021982,32.968563],[113.022221,32.968674],[113.0224,32.968851],[113.022864,32.96918],[113.022813,32.969326],[113.02243,32.969601],[113.021502,32.970172],[113.021014,32.970379],[113.021322,32.970814],[113.020279,32.971291],[113.020467,32.971527],[113.020654,32.971955],[113.018256,32.973566],[113.017696,32.973831],[113.017323,32.973971],[113.01687,32.97425],[113.016602,32.974171],[113.016371,32.974061],[113.016009,32.974018],[113.015403,32.974022],[113.014711,32.974139],[113.014475,32.974277],[113.014118,32.974326],[113.013874,32.974441],[113.014225,32.974905],[113.014332,32.975424],[113.014493,32.97582],[113.014697,32.976086],[113.015167,32.976828],[113.015467,32.977224],[113.015781,32.977746],[113.015797,32.977886],[113.01577,32.977974],[113.013887,32.978754],[113.013445,32.978889],[113.013246,32.97886],[113.012246,32.979256],[113.012162,32.979312],[113.012353,32.979517],[113.012342,32.979657],[113.011157,32.980035],[113.011441,32.980779],[113.010242,32.981274],[113.01039,32.981484],[113.010996,32.982696],[113.010548,32.982627],[113.010408,32.982552],[113.010341,32.982471],[113.009357,32.982784],[113.008764,32.981454],[113.008222,32.981454],[113.007372,32.981702],[113.006905,32.980494],[113.006712,32.980379],[113.005537,32.980802],[113.005599,32.980984],[113.005975,32.9817],[113.00609,32.982089],[113.005331,32.982314],[113.005004,32.982453],[113.004346,32.982856],[113.003528,32.981448],[113.003153,32.981643],[113.002818,32.981981],[113.002547,32.982336],[113.001359,32.98273],[113.00123,32.983043],[112.999749,32.983365],[112.999878,32.983558],[112.998617,32.984139],[112.998025,32.984377],[112.998102,32.984472],[112.997877,32.984537],[112.997515,32.984076],[112.997021,32.983776],[112.996641,32.983394],[112.996533,32.982975],[112.99659,32.982341],[112.996388,32.981801],[112.995788,32.981081],[112.995715,32.980473],[112.99556,32.980093],[112.995101,32.979497],[112.994626,32.97902],[112.994181,32.978869],[112.993948,32.979555],[112.993655,32.979996],[112.99317,32.980521],[112.9931,32.980964],[112.992743,32.981367],[112.991684,32.982937],[112.991558,32.982867],[112.989627,32.980991],[112.989208,32.981286],[112.9888,32.9817],[112.986899,32.983009],[112.986073,32.982557],[112.985995,32.982593],[112.984147,32.983941],[112.984039,32.983929],[112.984318,32.984276],[112.984715,32.984001],[112.985719,32.984274],[112.986633,32.984663],[112.98501,32.985745],[112.984313,32.984883],[112.982411,32.985999],[112.983184,32.986769],[112.984726,32.988195],[112.982717,32.989495],[112.984504,32.991687],[112.982773,32.992661],[112.983256,32.993363],[112.983468,32.993727],[112.982403,32.994267],[112.9829,32.994958],[112.981703,32.995549],[112.982224,32.996307],[112.980622,32.997176],[112.979831,32.996361],[112.979048,32.996681],[112.9783,32.997059],[112.97735,32.995358],[112.977133,32.995203],[112.976578,32.995077],[112.975481,32.995518],[112.973311,32.996298],[112.973305,32.996467],[112.970851,32.997261],[112.970417,32.996463],[112.969266,32.996868],[112.967906,32.997263],[112.969092,32.999245],[112.969561,32.999034],[112.970701,32.9986],[112.971122,32.999293],[112.969365,32.99979],[112.969655,33.000363],[112.968217,33.000822],[112.967952,33.000305],[112.967142,33.000548],[112.964835,33.001335],[112.965125,33.001992],[112.967225,33.001254],[112.967281,33.001612],[112.968383,33.001274],[112.968442,33.001448],[112.967163,33.001801],[112.96708,33.002233],[112.967018,33.002273],[112.965454,33.002761],[112.965776,33.00327],[112.966329,33.003105],[112.96649,33.002964],[112.968273,33.002356],[112.96856,33.002219],[112.968614,33.002149],[112.968628,33.002068],[112.968665,33.002053],[112.970392,33.001504],[112.970524,33.001767],[112.967968,33.002604],[112.968166,33.002937],[112.969585,33.002714],[112.96973,33.003292],[112.968464,33.003625],[112.968322,33.003321],[112.966758,33.003778],[112.966541,33.003245],[112.966163,33.003339],[112.964982,33.003785],[112.96557,33.00479],[112.965709,33.004925],[112.96638,33.006187],[112.966026,33.006362],[112.965366,33.005085],[112.965302,33.00504],[112.965082,33.005026],[112.964998,33.004975],[112.964529,33.004077],[112.964003,33.004338],[112.96458,33.005321],[112.964945,33.005175],[112.965645,33.006504],[112.964972,33.006776],[112.965661,33.008106],[112.965787,33.008405],[112.965868,33.008843],[112.966474,33.010364],[112.965945,33.010519],[112.965809,33.010173],[112.96554,33.010348],[112.964486,33.010904],[112.962045,33.011662],[112.960739,33.011952],[112.959304,33.012467],[112.957376,33.012993],[112.958727,33.013942],[112.959551,33.014563],[112.960291,33.015339],[112.961251,33.016612],[112.961506,33.017314],[112.961659,33.018033],[112.961673,33.018735],[112.961316,33.021587],[112.961082,33.022405],[112.960913,33.023139],[112.960884,33.023822],[112.96101,33.02514],[112.960903,33.025617],[112.960613,33.026265],[112.959401,33.027641],[112.959092,33.028133],[112.958985,33.028509],[112.958929,33.029809],[112.958864,33.030337],[112.958652,33.030917],[112.958242,33.031477],[112.957606,33.032037],[112.956893,33.032424],[112.955933,33.033116],[112.955399,33.033694],[112.954964,33.034461],[112.954672,33.035073],[112.954613,33.035111],[112.955375,33.035331],[112.955817,33.035626],[112.95608,33.035714],[112.95752,33.035844],[112.958027,33.035952],[112.959095,33.036644],[112.959556,33.037144],[112.959693,33.037555],[112.959808,33.038086],[112.959674,33.039248],[112.959385,33.039657],[112.958891,33.040148],[112.958255,33.040588],[112.95799,33.040858],[112.95766,33.041267],[112.957488,33.041728],[112.957579,33.042738],[112.957853,33.043894],[112.957834,33.04504],[112.960377,33.045144],[112.96049,33.045254],[112.960559,33.045688],[112.960659,33.046014],[112.961726,33.045937],[112.961938,33.045649],[112.963749,33.045604],[112.963869,33.046223],[112.965353,33.04611],[112.965355,33.046261],[112.965283,33.046427],[112.965004,33.04672],[112.966586,33.046535],[112.966517,33.045953],[112.966541,33.045935],[112.967203,33.045771],[112.967855,33.045555],[112.969376,33.045162],[112.96959,33.045564],[112.97002,33.046641],[112.971441,33.046191],[112.972198,33.045998],[112.973257,33.045654],[112.973329,33.045604],[112.973295,33.045341],[112.973166,33.045051],[112.972941,33.044759],[112.972495,33.044501],[112.972045,33.04419],[112.971353,33.043833],[112.971272,33.043736],[112.971591,33.043619],[112.971728,33.043518],[112.973434,33.04321],[112.973608,33.043161],[112.973641,33.043122],[112.973455,33.042727],[112.973045,33.042227],[112.972753,33.041944],[112.973995,33.041816],[112.974614,33.041681],[112.975582,33.041573],[112.976159,33.041463],[112.976811,33.041207],[112.977345,33.040773],[112.977948,33.040541],[112.979268,33.040213],[112.979614,33.040154],[112.979887,33.040242],[112.980086,33.040489],[112.980362,33.040975],[112.980512,33.041429],[112.980545,33.041728],[112.98059,33.041834],[112.981212,33.042942],[112.98133,33.043093],[112.98195,33.043558],[112.982031,33.043653],[112.981993,33.043981],[112.982073,33.044184],[112.982342,33.044615],[112.982433,33.045051],[112.982422,33.045128],[112.98217,33.045267],[112.981524,33.04553],[112.980156,33.045991],[112.98015,33.046025],[112.980628,33.047084],[112.980673,33.047306],[112.980856,33.047698],[112.981615,33.049074],[112.981701,33.049076],[112.982234,33.048878],[112.982934,33.048682],[112.983592,33.050058],[112.982039,33.050506],[112.980177,33.051095],[112.980939,33.05248],[112.982108,33.052151],[112.982213,33.052145],[112.982744,33.053026],[112.983176,33.05348],[112.983444,33.053835],[112.983774,33.054139],[112.985735,33.053089],[112.986231,33.052866],[112.986075,33.052666],[112.986571,33.052606],[112.98736,33.052405],[112.987491,33.052466],[112.987907,33.052781],[112.988361,33.05352],[112.988495,33.053802],[112.989468,33.053601],[112.990142,33.053538],[112.990509,33.053538],[112.990882,33.053458],[112.991515,33.055164],[112.991676,33.055683],[112.992794,33.056142],[112.993113,33.05618],[112.993486,33.056133],[112.994688,33.055863],[112.995028,33.05576],[112.99417,33.053597],[112.996949,33.053482],[112.997636,33.053399],[112.99744,33.052381],[112.999154,33.051969],[112.998912,33.051063],[112.999502,33.051003],[112.999197,33.049089],[113.000173,33.048959],[113.000385,33.049858],[113.000516,33.050863],[113.000774,33.050838],[113.000291,33.0485],[113.000913,33.048399],[113.001181,33.048392],[113.001232,33.048419],[113.001232,33.046551],[113.002474,33.046407],[113.002936,33.046297],[113.005476,33.045962],[113.007165,33.045769],[113.008193,33.045578],[113.007766,33.043448],[113.008348,33.043453],[113.008721,33.045508],[113.009129,33.045497],[113.008745,33.04341],[113.00907,33.043383],[113.009542,33.045391],[113.010601,33.04531],[113.010781,33.045265],[113.011001,33.04513],[113.011597,33.044961],[113.011489,33.044372],[113.013123,33.044152],[113.013866,33.043999],[113.014399,33.046951],[113.015032,33.046843],[113.015333,33.04832],[113.015703,33.048284],[113.015448,33.046801],[113.015746,33.046902],[113.016272,33.049193],[113.018484,33.04893],[113.019788,33.048545],[113.021306,33.048352],[113.022382,33.048102],[113.021529,33.046182],[113.021944,33.046099],[113.022712,33.047945],[113.023363,33.047729],[113.023894,33.04765],[113.024125,33.048455],[113.026595,33.047785],[113.026721,33.048204],[113.027008,33.048129],[113.027148,33.048536],[113.027435,33.048485],[113.026582,33.046499],[113.029278,33.045665],[113.028932,33.04518],[113.029691,33.044921],[113.029463,33.044348],[113.032617,33.043329],[113.032298,33.042722],[113.033027,33.042596],[113.03321,33.042621],[113.033532,33.043008],[113.033998,33.043406],[113.034465,33.043608],[113.036453,33.042963],[113.039135,33.042227],[113.039245,33.04281],[113.039411,33.043282],[113.036415,33.044105],[113.03704,33.044253],[113.039524,33.043612],[113.03969,33.044022],[113.037635,33.044608],[113.038268,33.045207],[113.039368,33.045996],[113.039601,33.046086],[113.039848,33.046097],[113.040267,33.046002],[113.040588,33.04752],[113.037204,33.048307],[113.037536,33.04991],[113.037721,33.050333],[113.03825,33.050771],[113.040395,33.052154],[113.040409,33.052196],[113.039677,33.052235],[113.039599,33.052311],[113.039671,33.05274],[113.0401,33.05426],[113.040532,33.055229],[113.04112,33.05643],[113.039787,33.056695],[113.040192,33.057731],[113.041264,33.057441],[113.042152,33.057273],[113.042091,33.057041],[113.042391,33.056967],[113.042125,33.056187],[113.042976,33.055906],[113.042836,33.05562],[113.042863,33.055533],[113.0437,33.05544],[113.044183,33.055335],[113.044274,33.055225],[113.044319,33.05482],[113.044311,33.054139],[113.044365,33.054017],[113.044483,33.054017],[113.044743,33.054229],[113.044952,33.054674],[113.04502,33.055141],[113.045148,33.055429],[113.046074,33.056535],[113.046264,33.056953],[113.046605,33.057976],[113.047042,33.058529],[113.047184,33.058806],[113.047589,33.059808],[113.047833,33.060283],[113.048077,33.060514],[113.048812,33.061398],[113.048968,33.061521],[113.049214,33.06162],[113.049292,33.061688],[113.049459,33.061919],[113.049625,33.062229],[113.049668,33.062378],[113.051663,33.061845],[113.051054,33.060289],[113.050682,33.059491],[113.050489,33.059251],[113.050261,33.058815],[113.049885,33.058295],[113.049574,33.057383],[113.050856,33.057072],[113.054895,33.055915],[113.058921,33.05489],[113.059227,33.054788],[113.058819,33.053918],[113.059385,33.053869],[113.059756,33.053698],[113.060026,33.053617],[113.060174,33.053608],[113.060303,33.053462],[113.060482,33.053372],[113.062009,33.053093],[113.061974,33.052918],[113.063411,33.052552],[113.066198,33.052133],[113.066142,33.051857],[113.06688,33.051855],[113.067432,33.051765],[113.067352,33.051248],[113.068312,33.051144],[113.068183,33.050186],[113.069108,33.050072],[113.069218,33.050627],[113.069358,33.051014],[113.069519,33.051257],[113.071136,33.05103],[113.071024,33.050733],[113.07403,33.050272],[113.073971,33.049912],[113.075476,33.049541],[113.076114,33.049463],[113.077799,33.049173],[113.078491,33.049098],[113.07859,33.049418],[113.080014,33.049191],[113.081557,33.048867],[113.08138,33.0485],[113.081047,33.047498],[113.080661,33.046448],[113.080336,33.04571],[113.080285,33.045508],[113.079692,33.044698],[113.079631,33.044546],[113.079521,33.044233],[113.079462,33.043867],[113.079413,33.043107],[113.08062,33.042857],[113.080572,33.042598],[113.080545,33.042144],[113.082275,33.041713],[113.083262,33.04151],[113.083166,33.040667],[113.081814,33.040991],[113.081658,33.040451],[113.083764,33.040024],[113.083439,33.039008],[113.083576,33.038693],[113.08334,33.038088],[113.08359,33.03805],[113.08315,33.036141],[113.084282,33.035871],[113.083359,33.034551],[113.082096,33.034841],[113.082042,33.034547],[113.083445,33.034074],[113.083198,33.03376],[113.084437,33.033436],[113.08407,33.033051],[113.084038,33.032923],[113.084035,33.03244],[113.083804,33.032118],[113.083131,33.030798],[113.085373,33.030366],[113.085229,33.030045],[113.085054,33.029779],[113.086106,33.030031],[113.087986,33.030978],[113.088139,33.030985],[113.088292,33.030906],[113.088318,33.030782],[113.088211,33.030238],[113.090153,33.029932],[113.090215,33.030231],[113.090708,33.030182],[113.090529,33.029471],[113.092074,33.029233],[113.092197,33.029741],[113.092975,33.029606],[113.092937,33.029456],[113.093704,33.029325],[113.094887,33.029013],[113.094576,33.028545],[113.09408,33.026813],[113.093643,33.025884],[113.093358,33.025057],[113.093208,33.024729],[113.091829,33.025007],[113.091703,33.024546],[113.091513,33.024492],[113.091387,33.023789],[113.090019,33.024011],[113.089984,33.023959],[113.089745,33.023935],[113.089716,33.023856],[113.091229,33.023588],[113.090907,33.022507],[113.090461,33.022543],[113.090333,33.02203],[113.088404,33.022432],[113.088179,33.022214],[113.087763,33.02194],[113.08934,33.021639],[113.089332,33.021479],[113.090397,33.02136],[113.090317,33.020831],[113.089595,33.020905],[113.089649,33.020379],[113.088992,33.020462],[113.08893,33.020231],[113.088833,33.020188],[113.088493,33.020139],[113.088313,33.019106],[113.086725,33.019405],[113.087347,33.019099],[113.088812,33.018742],[113.088257,33.018274],[113.086277,33.018771],[113.08525,33.018971],[113.085178,33.01874],[113.085065,33.018546],[113.087803,33.017959],[113.087559,33.017694],[113.086154,33.017979],[113.085931,33.017451],[113.084646,33.017705],[113.08448,33.01744],[113.084215,33.016898],[113.086036,33.016509],[113.085092,33.016005],[113.084976,33.01526],[113.087516,33.014696],[113.087385,33.014502],[113.087211,33.013735],[113.086937,33.013771],[113.086918,33.013693],[113.087811,33.013506],[113.087758,33.013218],[113.087227,33.01327],[113.086972,33.012143],[113.087637,33.011997],[113.087948,33.013124],[113.088841,33.012971],[113.088568,33.012082],[113.088817,33.012062],[113.088474,33.011171],[113.088131,33.010152],[113.087849,33.010211],[113.087728,33.009932],[113.089491,33.009421],[113.089289,33.008987],[113.087565,33.009448],[113.08742,33.009109],[113.089158,33.008679],[113.088978,33.008236],[113.087195,33.008706],[113.086988,33.008407],[113.088603,33.007998],[113.088426,33.007543],[113.086529,33.008002],[113.086143,33.007681],[113.088259,33.007161],[113.088066,33.00681],[113.086881,33.007089],[113.086782,33.007192],[113.085939,33.00739],[113.08576,33.007071],[113.085625,33.006936],[113.08547,33.006556],[113.086229,33.006344],[113.086146,33.006077],[113.085255,33.006286],[113.085124,33.00603],[113.084874,33.005204],[113.084794,33.004752],[113.08702,33.004142],[113.086867,33.00376],[113.084641,33.004361],[113.084113,33.003391],[113.086449,33.002781],[113.086224,33.002192],[113.083802,33.002833],[113.083563,33.00241],[113.083238,33.002017],[113.083166,33.001717],[113.082908,33.001142],[113.082198,33.001155],[113.081685,33.001121],[113.081318,33.00116],[113.080972,33.000469],[113.081889,33.000163],[113.082104,33.000057],[113.081704,32.999425],[113.081562,32.998946],[113.081447,32.998732],[113.081366,32.998449],[113.081178,32.998134],[113.081007,32.997925],[113.080714,32.997374],[113.080307,32.996386],[113.080207,32.996046],[113.079067,32.996341],[113.078778,32.995486],[113.079977,32.995282],[113.079902,32.995012],[113.079802,32.994793],[113.079668,32.994224],[113.079491,32.993819],[113.07929,32.993378],[113.078866,32.99285],[113.07855,32.991999],[113.078185,32.991401],[113.077734,32.990305],[113.079413,32.989896],[113.079709,32.99069],[113.079765,32.991097],[113.080052,32.991779],[113.082884,32.991106],[113.082672,32.990429],[113.084351,32.989943],[113.084842,32.990845],[113.085279,32.991873],[113.087549,32.991327],[113.088112,32.991243],[113.088351,32.992015],[113.088686,32.991927],[113.088431,32.991149],[113.088444,32.990955],[113.088528,32.990713],[113.088643,32.990533],[113.092248,32.989734],[113.092526,32.990416],[113.092696,32.991129],[113.094978,32.990508],[113.098699,32.989556],[113.100026,32.98916],[113.100378,32.989102],[113.101223,32.98889],[113.101472,32.988888],[113.102569,32.988607],[113.102451,32.988123],[113.102046,32.987183],[113.103671,32.986832],[113.103701,32.986994],[113.106689,32.986177],[113.108346,32.98579],[113.108271,32.985551],[113.108169,32.984937],[113.108062,32.984033],[113.108027,32.983527],[113.108046,32.983115],[113.107971,32.982627],[113.107786,32.981823],[113.107534,32.980811],[113.107102,32.979771],[113.106539,32.978223],[113.10627,32.977859],[113.104908,32.975555],[113.104471,32.97488],[113.10417,32.97463],[113.102566,32.974821],[113.102097,32.974108],[113.101241,32.97416],[113.101729,32.9731],[113.103277,32.97249],[113.102982,32.972069],[113.102851,32.971698],[113.102531,32.971491],[113.101421,32.969646],[113.101708,32.969473],[113.100793,32.968109],[113.100404,32.96803],[113.099688,32.9669],[113.099358,32.966957],[113.098345,32.967328],[113.096899,32.964592],[113.095807,32.964837],[113.095791,32.96352],[113.097537,32.963034],[113.096896,32.961968],[113.093546,32.962683],[113.093396,32.962028],[113.094243,32.961698],[113.093562,32.96077],[113.092366,32.96107],[113.091977,32.959834],[113.094943,32.958821],[113.092511,32.955797],[113.090802,32.956598],[113.090529,32.956094]]]}},{"type":"Feature","properties":{"regionCode":"411327109","sourceCode":"411327109000","name":"朱集镇","sourceName":"朱集镇","parentCode":"411327","parentName":"社旗县","regionLevel":"township","regionType":"town","isManagementZone":false,"source":"ruiduobao","sourceVersion":"mixed-legacy~2018-2020","geometryRepaired":false,"match2020":true,"match2023":true},"geometry":{"type":"Polygon","coordinates":[[[113.097272,32.82358],[113.097213,32.82351],[113.097148,32.823515],[113.096834,32.823648],[113.096542,32.823799],[113.09655,32.82392],[113.096958,32.824468],[113.097339,32.824689],[113.097494,32.825162],[113.097256,32.825302],[113.097988,32.826837],[113.095434,32.82756],[113.094428,32.827799],[113.094386,32.827718],[113.094364,32.827475],[113.09471,32.827454],[113.095399,32.827308],[113.096427,32.82701],[113.09544,32.82509],[113.094681,32.825225],[113.093785,32.82532],[113.093694,32.826578],[113.094125,32.826591],[113.094192,32.826754],[113.094112,32.827161],[113.094096,32.827687],[113.093699,32.827626],[113.093305,32.827914],[113.092803,32.828374],[113.092339,32.828106],[113.092562,32.827982],[113.09302,32.827615],[113.092538,32.827047],[113.091537,32.827718],[113.090673,32.827299],[113.090537,32.827204],[113.089611,32.827711],[113.089474,32.827678],[113.089279,32.827473],[113.088976,32.827606],[113.089402,32.827982],[113.088469,32.828137],[113.08727,32.828552],[113.086736,32.828694],[113.086626,32.828451],[113.086127,32.827817],[113.085435,32.82807],[113.083423,32.828863],[113.082407,32.829309],[113.082603,32.829573],[113.082756,32.829717],[113.08201,32.830191],[113.081881,32.830312],[113.081699,32.830563],[113.081457,32.830691],[113.081114,32.830745],[113.080473,32.83075],[113.080138,32.83072],[113.07954,32.830605],[113.079226,32.830502],[113.078582,32.83024],[113.078416,32.830119],[113.078003,32.830964],[113.077869,32.831117],[113.077627,32.831272],[113.07716,32.831295],[113.07705,32.831331],[113.076769,32.831518],[113.076959,32.831631],[113.077493,32.832057],[113.077836,32.832474],[113.075693,32.833389],[113.075546,32.833576],[113.07498,32.833797],[113.075264,32.834263],[113.073971,32.834869],[113.07369,32.8348],[113.073226,32.834261],[113.071775,32.834966],[113.072172,32.835467],[113.071828,32.835708],[113.070675,32.834313],[113.070557,32.834743],[113.070391,32.835102],[113.070208,32.835401],[113.070825,32.836134],[113.069792,32.836862],[113.069945,32.837044],[113.069288,32.837321],[113.069218,32.837641],[113.069004,32.838218],[113.068947,32.838514],[113.069666,32.839537],[113.068964,32.839895],[113.069036,32.840247],[113.070417,32.839586],[113.070597,32.839562],[113.07072,32.839845],[113.070691,32.83994],[113.070745,32.840271],[113.070514,32.840384],[113.070755,32.840654],[113.070047,32.840983],[113.069876,32.840945],[113.069682,32.84083],[113.069513,32.840677],[113.069162,32.840776],[113.069218,32.84124],[113.069277,32.842572],[113.069336,32.842831],[113.069401,32.842926],[113.07027,32.843735],[113.071563,32.843185],[113.071673,32.843514],[113.070565,32.84399],[113.070734,32.844172],[113.071152,32.844929],[113.071981,32.844549],[113.072464,32.845258],[113.071589,32.845666],[113.07178,32.845977],[113.07288,32.845488],[113.073459,32.846189],[113.077826,32.843999],[113.078075,32.844416],[113.077777,32.844589],[113.07804,32.84501],[113.075615,32.846194],[113.075315,32.845808],[113.075127,32.845928],[113.076037,32.847097],[113.075784,32.847262],[113.075288,32.847717],[113.07505,32.847834],[113.07395,32.848309],[113.073692,32.84817],[113.074062,32.84892],[113.074594,32.848704],[113.074937,32.848695],[113.075653,32.848467],[113.075857,32.848758],[113.074438,32.849312],[113.075165,32.850202],[113.075342,32.850367],[113.075624,32.850558],[113.075881,32.850905],[113.075551,32.851016],[113.075849,32.851671],[113.075371,32.851825],[113.075248,32.851716],[113.075079,32.851453],[113.074835,32.851162],[113.073939,32.851451],[113.074057,32.851903],[113.074293,32.852564],[113.072442,32.853172],[113.072917,32.853848],[113.073274,32.854535],[113.070546,32.855567],[113.070734,32.855727],[113.071037,32.855869],[113.07175,32.856577],[113.072067,32.856944],[113.072265,32.857228],[113.072558,32.857775],[113.072689,32.857928],[113.073008,32.858145],[113.073585,32.858469],[113.073665,32.858645],[113.073719,32.859235],[113.0738,32.859375],[113.074309,32.859724],[113.074655,32.860033],[113.075036,32.860583],[113.077136,32.859731],[113.076865,32.859334],[113.076586,32.858843],[113.077737,32.858399],[113.078762,32.857949],[113.07932,32.858699],[113.079379,32.858724],[113.079872,32.858478],[113.080435,32.857946],[113.080789,32.858226],[113.080924,32.858228],[113.081704,32.857604],[113.082163,32.857922],[113.082525,32.858226],[113.083209,32.858879],[113.083324,32.859174],[113.08359,32.859479],[113.083729,32.859598],[113.083914,32.859695],[113.084676,32.860339],[113.083858,32.860799],[113.084577,32.861833],[113.085631,32.86134],[113.086478,32.862299],[113.084869,32.863156],[113.085301,32.863741],[113.085752,32.863539],[113.086237,32.864174],[113.088123,32.866111],[113.088917,32.86565],[113.089466,32.865381],[113.089772,32.865837],[113.090558,32.865381],[113.089828,32.86448],[113.092189,32.863444],[113.09254,32.864127],[113.092771,32.864359],[113.092889,32.864618],[113.093476,32.865521],[113.093838,32.86585],[113.094029,32.865913],[113.095416,32.865375],[113.095501,32.865618],[113.095491,32.865706],[113.095434,32.86578],[113.09559,32.866174],[113.095955,32.866609],[113.096003,32.866697],[113.096024,32.866841],[113.096175,32.867071],[113.096344,32.867222],[113.09658,32.867603],[113.096604,32.867697],[113.093983,32.868945],[113.094624,32.869795],[113.09463,32.869937],[113.095652,32.871198],[113.096097,32.87164],[113.096397,32.872002],[113.095118,32.872514],[113.095324,32.872807],[113.095472,32.873194],[113.096875,32.872588],[113.097245,32.873057],[113.095788,32.873676],[113.096027,32.873929],[113.096303,32.874289],[113.097722,32.873629],[113.098849,32.875023],[113.097451,32.875668],[113.097781,32.876143],[113.097838,32.876283],[113.098119,32.876639],[113.099329,32.875976],[113.100091,32.876929],[113.100321,32.876839],[113.101601,32.878425],[113.100694,32.878855],[113.101166,32.879662],[113.102467,32.87913],[113.102931,32.879448],[113.103462,32.879873],[113.102625,32.880177],[113.103355,32.881243],[113.103545,32.881572],[113.10431,32.882608],[113.104425,32.882718],[113.104656,32.882606],[113.105012,32.883097],[113.10435,32.883362],[113.104229,32.88348],[113.10383,32.882869],[113.103661,32.882876],[113.103414,32.882957],[113.102255,32.883601],[113.102352,32.883754],[113.102295,32.88382],[113.100866,32.884626],[113.100986,32.884777],[113.101295,32.884646],[113.101904,32.884221],[113.102247,32.884022],[113.102408,32.88398],[113.102443,32.884124],[113.102521,32.884239],[113.101375,32.884874],[113.101115,32.884977],[113.101343,32.885338],[113.10166,32.88575],[113.101536,32.885838],[113.10052,32.886288],[113.099404,32.886867],[113.098747,32.886185],[113.098559,32.885899],[113.097698,32.884926],[113.097623,32.884743],[113.097333,32.884482],[113.096883,32.884146],[113.096663,32.884191],[113.095869,32.884667],[113.096392,32.885131],[113.096285,32.885221],[113.095796,32.88548],[113.094925,32.885899],[113.094844,32.885667],[113.094171,32.884714],[113.092774,32.885446],[113.093321,32.886099],[113.091998,32.886682],[113.092181,32.886966],[113.091475,32.88727],[113.091296,32.887214],[113.091207,32.887124],[113.090716,32.886158],[113.090255,32.886403],[113.089941,32.886491],[113.090137,32.886928],[113.089501,32.886791],[113.089445,32.887128],[113.089523,32.887318],[113.08989,32.887568],[113.090491,32.887836],[113.091454,32.887338],[113.093699,32.888484],[113.09485,32.888766],[113.093978,32.889207],[113.093018,32.889635],[113.093887,32.890257],[113.095241,32.891592],[113.095869,32.892],[113.096132,32.892207],[113.097009,32.893338],[113.097526,32.893901],[113.097623,32.894131],[113.097843,32.894469],[113.097964,32.894908],[113.098243,32.895345],[113.098449,32.895559],[113.099101,32.896385],[113.099053,32.896441],[113.098484,32.896606],[113.098393,32.896703],[113.098575,32.897083],[113.098986,32.897574],[113.098414,32.897883],[113.098259,32.897914],[113.098178,32.89789],[113.097964,32.89745],[113.097494,32.896752],[113.097376,32.896739],[113.096944,32.89686],[113.096491,32.897063],[113.096437,32.89716],[113.096429,32.897498],[113.096091,32.897549],[113.095981,32.897613],[113.095799,32.897577],[113.095163,32.896432],[113.094884,32.895741],[113.094592,32.895133],[113.094479,32.895169],[113.094812,32.896009],[113.095348,32.897144],[113.094874,32.897396],[113.094356,32.897471],[113.09431,32.89766],[113.094345,32.897874],[113.094268,32.897941],[113.093731,32.898103],[113.093538,32.898108],[113.093475,32.898048],[113.092951,32.896723],[113.092977,32.896673],[113.093211,32.896529],[113.092937,32.89582],[113.092851,32.895685],[113.092106,32.895912],[113.092208,32.896275],[113.090821,32.896685],[113.090926,32.896998],[113.09106,32.897243],[113.092465,32.89684],[113.092532,32.897122],[113.091006,32.897554],[113.090703,32.8977],[113.090681,32.897763],[113.090848,32.898083],[113.091223,32.897946],[113.09158,32.897887],[113.091923,32.897754],[113.092688,32.897567],[113.092808,32.897874],[113.093031,32.898245],[113.092653,32.898678],[113.09228,32.898507],[113.09206,32.898504],[113.091902,32.898561],[113.091719,32.898709],[113.091682,32.898953],[113.091556,32.899085],[113.091384,32.899092],[113.0911,32.898923],[113.090942,32.89891],[113.091094,32.899925],[113.0911,32.900198],[113.091164,32.900405],[113.091245,32.900509],[113.09128,32.900696],[113.091274,32.900876],[113.091454,32.901414],[113.091615,32.901729],[113.092218,32.902673],[113.092366,32.902871],[113.092497,32.902934],[113.092833,32.903301],[113.093176,32.903612],[113.093592,32.904168],[113.093812,32.90465],[113.094056,32.905362],[113.094061,32.905571],[113.093871,32.906253],[113.093844,32.906449],[113.093686,32.906539],[113.091183,32.907206],[113.090958,32.906407],[113.090732,32.905929],[113.090231,32.906199],[113.089504,32.906512],[113.088396,32.907224],[113.088383,32.907393],[113.088332,32.907474],[113.08749,32.908066],[113.087224,32.908348],[113.086071,32.907348],[113.085931,32.907442],[113.08441,32.908703],[113.084577,32.908904],[113.085076,32.909383],[113.0854,32.909629],[113.083579,32.910424],[113.083252,32.910602],[113.083201,32.910613],[113.082839,32.910223],[113.080934,32.911322],[113.082131,32.912495],[113.080207,32.913725],[113.080435,32.914148],[113.080462,32.914288],[113.080451,32.914535],[113.080374,32.914648],[113.07874,32.915335],[113.078848,32.915429],[113.079062,32.915742],[113.080988,32.914979],[113.081213,32.915211],[113.079953,32.9157],[113.079194,32.915947],[113.07955,32.916287],[113.080559,32.917445],[113.080615,32.917465],[113.078789,32.918215],[113.078459,32.917755],[113.078169,32.917836],[113.076731,32.918417],[113.077976,32.92034],[113.077976,32.920381],[113.077201,32.920588],[113.07712,32.920484],[113.076181,32.920817],[113.076906,32.921792],[113.074532,32.922729],[113.073743,32.921515],[113.073443,32.921628],[113.073379,32.921713],[113.073405,32.92213],[113.073362,32.922452],[113.073392,32.922632],[113.073888,32.923803],[113.072121,32.924399],[113.071842,32.923855],[113.070101,32.924449],[113.068178,32.924996],[113.068569,32.925653],[113.068677,32.925888],[113.068669,32.926142],[113.068768,32.926417],[113.069224,32.927018],[113.069436,32.927394],[113.070074,32.92833],[113.07038,32.9289],[113.070557,32.929084],[113.070659,32.929323],[113.071289,32.929935],[113.071418,32.930138],[113.071504,32.930372],[113.075023,32.929343],[113.075087,32.929429],[113.07532,32.92992],[113.075463,32.930433],[113.075591,32.931691],[113.075787,32.932198],[113.07597,32.932488],[113.076849,32.932342],[113.076916,32.932536],[113.075068,32.932979],[113.076385,32.933542],[113.077168,32.933398],[113.077241,32.933749],[113.074698,32.934379],[113.0748,32.934812],[113.07483,32.935552],[113.075074,32.936286],[113.078059,32.935674],[113.078225,32.936273],[113.077037,32.936552],[113.07726,32.937272],[113.078418,32.937042],[113.078512,32.937326],[113.080041,32.936964],[113.080545,32.937448],[113.080717,32.937774],[113.078917,32.938249],[113.078992,32.938463],[113.080819,32.938001],[113.081291,32.939111],[113.083026,32.938625],[113.083378,32.939548],[113.082798,32.939708],[113.082989,32.940151],[113.084539,32.939753],[113.084494,32.939685],[113.086712,32.939019],[113.086891,32.939375],[113.084773,32.940081],[113.0847,32.939978],[113.08312,32.94043],[113.083171,32.940772],[113.082788,32.94086],[113.082994,32.941045],[113.08359,32.941349],[113.083735,32.941527],[113.079875,32.94244],[113.080148,32.943262],[113.082286,32.94281],[113.082874,32.943122],[113.081782,32.943334],[113.081819,32.943458],[113.082235,32.943381],[113.082372,32.943757],[113.08208,32.943798],[113.082359,32.944511],[113.081146,32.944784],[113.080594,32.944943],[113.080873,32.945382],[113.081664,32.947008],[113.081771,32.947134],[113.082973,32.946805],[113.083552,32.946665],[113.083638,32.94667],[113.083748,32.946751],[113.084064,32.947566],[113.085891,32.946852],[113.087278,32.946454],[113.087854,32.948077],[113.087903,32.948356],[113.087975,32.948522],[113.088163,32.948763],[113.088302,32.949024],[113.09025,32.948477],[113.090644,32.94936],[113.090765,32.949722],[113.092661,32.949198],[113.09334,32.948815],[113.094061,32.949576],[113.099492,32.947523],[113.099348,32.946368],[113.099053,32.945702],[113.098983,32.945418],[113.100667,32.94484],[113.100665,32.94337],[113.101174,32.943312],[113.10535,32.942062],[113.105198,32.941317],[113.106313,32.940856],[113.104905,32.938535],[113.105946,32.93801],[113.105908,32.937682],[113.105527,32.936851],[113.10523,32.936959],[113.104154,32.937218],[113.103674,32.934755],[113.105769,32.933958],[113.106284,32.935143],[113.109803,32.934701],[113.111031,32.934503],[113.113732,32.93437],[113.114312,32.935361],[113.115355,32.935014],[113.114883,32.934109],[113.116334,32.933907],[113.118434,32.933769],[113.119826,32.934798],[113.122844,32.932745],[113.123351,32.933281],[113.125228,32.932565],[113.12617,32.933621],[113.129404,32.932621],[113.129957,32.933751],[113.130673,32.933474],[113.129413,32.931012],[113.130443,32.930588],[113.131022,32.9318],[113.131585,32.932637],[113.13416,32.931703],[113.136405,32.932551],[113.138422,32.933936],[113.138631,32.934517],[113.136169,32.935165],[113.137373,32.935512],[113.137907,32.935624],[113.1388,32.935561],[113.138918,32.935829],[113.138814,32.936489],[113.137456,32.936982],[113.141606,32.943321],[113.14398,32.942621],[113.143918,32.94195],[113.14561,32.941382],[113.145187,32.940707],[113.144827,32.939973],[113.146809,32.939525],[113.146624,32.938814],[113.150516,32.938265],[113.152589,32.937801],[113.152509,32.936858],[113.15212,32.935746],[113.151946,32.934884],[113.151796,32.934559],[113.151264,32.933907],[113.150854,32.932702],[113.151096,32.932477],[113.155752,32.931518],[113.155663,32.931185],[113.155577,32.930386],[113.157034,32.93017],[113.157396,32.931246],[113.160473,32.930656],[113.160446,32.930174],[113.162844,32.929931],[113.163147,32.930674],[113.166349,32.930161],[113.166693,32.930687],[113.16838,32.930329],[113.168114,32.928661],[113.169112,32.928357],[113.169007,32.927779],[113.168991,32.926748],[113.168559,32.926525],[113.168297,32.926029],[113.168165,32.925404],[113.168058,32.924179],[113.167867,32.923623],[113.167551,32.923235],[113.16883,32.922947],[113.168881,32.922567],[113.168667,32.921076],[113.173224,32.919611],[113.173041,32.920135],[113.173103,32.92059],[113.175219,32.92005],[113.175364,32.919768],[113.175429,32.918804],[113.175791,32.91869],[113.175437,32.917893],[113.182952,32.916848],[113.183124,32.917758],[113.187437,32.917125],[113.187713,32.918665],[113.187313,32.91885],[113.187901,32.920752],[113.191369,32.920122],[113.19172,32.920889],[113.194416,32.920574],[113.195135,32.921702],[113.195567,32.921542],[113.195738,32.921184],[113.196095,32.921103],[113.196366,32.920743],[113.196878,32.920545],[113.196943,32.920151],[113.201323,32.918989],[113.201135,32.918541],[113.201081,32.91821],[113.200926,32.917814],[113.200738,32.917395],[113.200325,32.916699],[113.19978,32.915069],[113.199622,32.914207],[113.199222,32.912822],[113.199005,32.912254],[113.198909,32.911748],[113.198729,32.911277],[113.198632,32.910822],[113.199584,32.910374],[113.199483,32.909818],[113.198337,32.910023],[113.198088,32.908816],[113.198056,32.908253],[113.19797,32.907692],[113.19768,32.906636],[113.198463,32.906314],[113.198233,32.90576],[113.197321,32.905913],[113.197044,32.90601],[113.196629,32.905472],[113.193265,32.898317],[113.193515,32.89809],[113.195725,32.897595],[113.196312,32.898295],[113.197272,32.898239],[113.197618,32.89888],[113.198187,32.898793],[113.198179,32.898489],[113.197715,32.896698],[113.197385,32.89673],[113.194998,32.897381],[113.194689,32.896955],[113.194311,32.896872],[113.194582,32.896273],[113.196564,32.895719],[113.196138,32.89361],[113.194984,32.893732],[113.195094,32.893363],[113.196095,32.893156],[113.196149,32.892874],[113.195701,32.891734],[113.19625,32.890921],[113.197734,32.889478],[113.197978,32.889178],[113.199654,32.887669],[113.200099,32.887408],[113.202398,32.886894],[113.20161,32.886304],[113.200636,32.885896],[113.200274,32.885685],[113.199939,32.885378],[113.199635,32.884971],[113.198919,32.88368],[113.198686,32.883353],[113.198109,32.882723],[113.1979,32.882344],[113.197111,32.881369],[113.195663,32.87874],[113.19525,32.877929],[113.194373,32.878033],[113.193732,32.878222],[113.192895,32.877172],[113.192259,32.877562],[113.193048,32.879121],[113.192034,32.879416],[113.191755,32.879067],[113.191567,32.878765],[113.190138,32.879297],[113.189953,32.879074],[113.189577,32.878396],[113.18852,32.878794],[113.187903,32.877513],[113.188169,32.87733],[113.193026,32.874881],[113.192643,32.874625],[113.191661,32.874064],[113.191355,32.873829],[113.191047,32.873449],[113.19057,32.87294],[113.190385,32.872663],[113.190165,32.871991],[113.189811,32.871707],[113.18911,32.871297],[113.188818,32.871027],[113.188209,32.870642],[113.187973,32.870324],[113.187608,32.869286],[113.187528,32.868954],[113.187501,32.868648],[113.187517,32.86836],[113.184309,32.869301],[113.184076,32.868991],[113.181649,32.86915],[113.181517,32.868736],[113.181461,32.868421],[113.181222,32.867686],[113.181276,32.866805],[113.181351,32.866402],[113.181498,32.866044],[113.179256,32.866875],[113.179586,32.86576],[113.1792,32.865451],[113.177944,32.862052],[113.177421,32.860927],[113.17678,32.86102],[113.176123,32.861171],[113.172942,32.855094],[113.171942,32.853415],[113.170088,32.853909],[113.169082,32.852268],[113.16802,32.852647],[113.167999,32.853077],[113.166127,32.853713],[113.16095,32.850419],[113.160076,32.849846],[113.159544,32.849445],[113.160092,32.848857],[113.159625,32.845698],[113.160827,32.844434],[113.161417,32.844019],[113.163267,32.843012],[113.162661,32.84262],[113.160038,32.844093],[113.159759,32.843769],[113.15915,32.842158],[113.159805,32.841943],[113.161409,32.841283],[113.161283,32.841006],[113.161052,32.839228],[113.160658,32.839194],[113.160304,32.83907],[113.159633,32.838919],[113.159255,32.838615],[113.158944,32.838216],[113.158783,32.837838],[113.158791,32.83711],[113.158254,32.836062],[113.158158,32.835778],[113.157967,32.835419],[113.157635,32.835167],[113.156425,32.834392],[113.155028,32.834047],[113.154765,32.833925],[113.154454,32.833731],[113.153909,32.833112],[113.153652,32.83278],[113.15345,32.832411],[113.153314,32.831985],[113.153279,32.83086],[113.153311,32.82995],[113.153273,32.829542],[113.153131,32.829213],[113.152927,32.828874],[113.152686,32.828545],[113.152139,32.827977],[113.151774,32.827684],[113.151361,32.827585],[113.151037,32.827648],[113.150661,32.827815],[113.149982,32.82821],[113.149733,32.828572],[113.149424,32.829271],[113.149317,32.829607],[113.149347,32.829952],[113.149199,32.830245],[113.148716,32.830822],[113.148389,32.830889],[113.14796,32.830804],[113.147654,32.830644],[113.147432,32.8304],[113.147249,32.830105],[113.146949,32.829231],[113.146951,32.828947],[113.146903,32.828566],[113.146815,32.828228],[113.146335,32.826952],[113.145318,32.826832],[113.142893,32.827166],[113.132698,32.829756],[113.129842,32.826526],[113.126189,32.82795],[113.124665,32.827065],[113.123965,32.826868],[113.121956,32.826627],[113.121135,32.8264],[113.119767,32.825629],[113.118893,32.824919],[113.117061,32.825295],[113.114454,32.825615],[113.113317,32.825875],[113.110543,32.826129],[113.109277,32.826152],[113.108333,32.825994],[113.107507,32.825559],[113.106716,32.82502],[113.105884,32.82438],[113.105254,32.823699],[113.104326,32.822439],[113.104213,32.822162],[113.103932,32.8223],[113.103854,32.822403],[113.103709,32.822721],[113.103661,32.822751],[113.103301,32.822784],[113.103202,32.822845],[113.103288,32.823028],[113.103873,32.823871],[113.102022,32.824409],[113.101244,32.82468],[113.100509,32.82498],[113.099881,32.824529],[113.099659,32.823981],[113.099077,32.82422],[113.099361,32.824551],[113.099305,32.824628],[113.098999,32.824739],[113.098666,32.824184],[113.098688,32.82397],[113.09879,32.823765],[113.098787,32.823666],[113.098691,32.8234],[113.097379,32.823835],[113.097272,32.82358]]]}},{"type":"Feature","properties":{"regionCode":"411327110","sourceCode":"411327110000","name":"下洼镇","sourceName":"下洼镇","parentCode":"411327","parentName":"社旗县","regionLevel":"township","regionType":"town","isManagementZone":false,"source":"ruiduobao","sourceVersion":"mixed-legacy~2018-2020","geometryRepaired":false,"match2020":true,"match2023":true},"geometry":{"type":"Polygon","coordinates":[[[113.07778,32.990416],[113.078185,32.991401],[113.07855,32.991999],[113.078866,32.99285],[113.07929,32.993378],[113.079491,32.993819],[113.079668,32.994224],[113.079802,32.994793],[113.079902,32.995012],[113.079977,32.995282],[113.078778,32.995486],[113.079067,32.996341],[113.080207,32.996046],[113.080307,32.996386],[113.080714,32.997374],[113.081007,32.997925],[113.081178,32.998134],[113.081366,32.998449],[113.081447,32.998732],[113.081562,32.998946],[113.081704,32.999425],[113.082104,33.000057],[113.081889,33.000163],[113.080972,33.000469],[113.081318,33.00116],[113.081685,33.001121],[113.082198,33.001155],[113.082908,33.001142],[113.083166,33.001717],[113.083238,33.002017],[113.083563,33.00241],[113.083802,33.002833],[113.086224,33.002192],[113.086449,33.002781],[113.084113,33.003391],[113.084641,33.004361],[113.086867,33.00376],[113.08702,33.004142],[113.084794,33.004752],[113.084874,33.005204],[113.085124,33.00603],[113.085255,33.006286],[113.086146,33.006077],[113.086229,33.006344],[113.08547,33.006556],[113.085625,33.006936],[113.08576,33.007071],[113.085939,33.00739],[113.086782,33.007192],[113.086881,33.007089],[113.088066,33.00681],[113.088259,33.007161],[113.086143,33.007681],[113.086529,33.008002],[113.088426,33.007543],[113.088603,33.007998],[113.086988,33.008407],[113.087195,33.008706],[113.088978,33.008236],[113.089158,33.008679],[113.08742,33.009109],[113.087565,33.009448],[113.089289,33.008987],[113.089491,33.009421],[113.087728,33.009932],[113.087849,33.010211],[113.088131,33.010152],[113.088474,33.011171],[113.088817,33.012062],[113.088568,33.012082],[113.088841,33.012971],[113.087948,33.013124],[113.087637,33.011997],[113.086972,33.012143],[113.087227,33.01327],[113.087758,33.013218],[113.087811,33.013506],[113.086918,33.013693],[113.086937,33.013771],[113.087211,33.013735],[113.087385,33.014502],[113.087516,33.014696],[113.084976,33.01526],[113.085092,33.016005],[113.086036,33.016509],[113.084215,33.016898],[113.08448,33.01744],[113.084646,33.017705],[113.085931,33.017451],[113.086154,33.017979],[113.087559,33.017694],[113.087803,33.017959],[113.085065,33.018546],[113.085178,33.01874],[113.08525,33.018971],[113.086277,33.018771],[113.088257,33.018274],[113.088812,33.018742],[113.087347,33.019099],[113.086725,33.019405],[113.088313,33.019106],[113.088493,33.020139],[113.088833,33.020188],[113.08893,33.020231],[113.088992,33.020462],[113.089649,33.020379],[113.089595,33.020905],[113.090317,33.020831],[113.090397,33.02136],[113.089332,33.021479],[113.08934,33.021639],[113.087763,33.02194],[113.088179,33.022214],[113.088404,33.022432],[113.090333,33.02203],[113.090461,33.022543],[113.090907,33.022507],[113.091229,33.023588],[113.089716,33.023856],[113.089745,33.023935],[113.089984,33.023959],[113.090019,33.024011],[113.091387,33.023789],[113.091513,33.024492],[113.091703,33.024546],[113.091829,33.025007],[113.093208,33.024729],[113.093358,33.025057],[113.093643,33.025884],[113.09408,33.026813],[113.094576,33.028545],[113.094887,33.029013],[113.093704,33.029325],[113.092937,33.029456],[113.092975,33.029606],[113.092197,33.029741],[113.092074,33.029233],[113.090529,33.029471],[113.090708,33.030182],[113.090215,33.030231],[113.090153,33.029932],[113.088211,33.030238],[113.088318,33.030782],[113.088292,33.030906],[113.088139,33.030985],[113.087986,33.030978],[113.086106,33.030031],[113.085054,33.029779],[113.085229,33.030045],[113.085373,33.030366],[113.083131,33.030798],[113.083804,33.032118],[113.084035,33.03244],[113.084038,33.032923],[113.08407,33.033051],[113.084437,33.033436],[113.083198,33.03376],[113.083445,33.034074],[113.082042,33.034547],[113.082096,33.034841],[113.083359,33.034551],[113.084282,33.035871],[113.08315,33.036141],[113.08359,33.03805],[113.08334,33.038088],[113.083576,33.038693],[113.083439,33.039008],[113.083764,33.040024],[113.081658,33.040451],[113.081814,33.040991],[113.083166,33.040667],[113.083262,33.04151],[113.082208,33.041726],[113.080545,33.042144],[113.080572,33.042598],[113.08062,33.042857],[113.079413,33.043107],[113.079462,33.043867],[113.079521,33.044233],[113.079631,33.044546],[113.079692,33.044698],[113.080285,33.045508],[113.080336,33.04571],[113.080661,33.046448],[113.081047,33.047498],[113.08138,33.0485],[113.081557,33.048867],[113.080014,33.049191],[113.07859,33.049418],[113.078491,33.049098],[113.077799,33.049173],[113.076114,33.049463],[113.075476,33.049541],[113.073971,33.049912],[113.07403,33.050272],[113.071024,33.050733],[113.071136,33.05103],[113.069519,33.051257],[113.069358,33.051014],[113.069218,33.050627],[113.069108,33.050072],[113.068183,33.050186],[113.068312,33.051144],[113.067352,33.051248],[113.067432,33.051765],[113.06688,33.051855],[113.066142,33.051857],[113.066198,33.052133],[113.066595,33.053309],[113.066729,33.053954],[113.066775,33.054451],[113.066743,33.054757],[113.067183,33.056227],[113.067129,33.056389],[113.067148,33.056654],[113.067126,33.056866],[113.067234,33.057347],[113.067502,33.057702],[113.067732,33.058412],[113.067928,33.058821],[113.068052,33.059174],[113.068518,33.060687],[113.068878,33.061236],[113.069731,33.062991],[113.069817,33.063297],[113.069817,33.063412],[113.069696,33.06356],[113.069441,33.063774],[113.069787,33.064778],[113.070747,33.064536],[113.071201,33.064345],[113.07174,33.064257],[113.072078,33.06416],[113.07211,33.064545],[113.072252,33.064551],[113.072281,33.064621],[113.072308,33.064828],[113.072622,33.066078],[113.073376,33.068339],[113.072362,33.068539],[113.072413,33.068739],[113.072378,33.068984],[113.076039,33.074963],[113.075079,33.075291],[113.075216,33.075491],[113.076155,33.075145],[113.076313,33.075428],[113.075385,33.075792],[113.075522,33.075983],[113.076463,33.075664],[113.076865,33.076282],[113.076873,33.076509],[113.07704,33.076927],[113.07741,33.077637],[113.078555,33.077147],[113.079043,33.077974],[113.07932,33.078294],[113.078703,33.078489],[113.078692,33.078588],[113.078421,33.078714],[113.079574,33.080761],[113.080038,33.081669],[113.080594,33.083033],[113.080773,33.083294],[113.080918,33.083393],[113.081044,33.083674],[113.081621,33.084058],[113.081903,33.083903],[113.08194,33.083919],[113.082364,33.084301],[113.082117,33.084368],[113.082753,33.084831],[113.082275,33.085004],[113.081291,33.08524],[113.081425,33.085993],[113.081648,33.086582],[113.081707,33.086829],[113.082286,33.088009],[113.083456,33.087636],[113.083587,33.088031],[113.082434,33.088371],[113.082718,33.088993],[113.084193,33.088508],[113.084284,33.088699],[113.083987,33.088924],[113.084013,33.089038],[113.084209,33.088948],[113.084386,33.088908],[113.084762,33.089863],[113.085084,33.090575],[113.08599,33.090211],[113.08624,33.091079],[113.086583,33.09204],[113.087865,33.092135],[113.086988,33.090081],[113.086905,33.089825],[113.087852,33.089566],[113.08852,33.090726],[113.088745,33.091043],[113.088943,33.090982],[113.088968,33.090928],[113.088908,33.09082],[113.089338,33.090613],[113.090014,33.091591],[113.090121,33.091602],[113.090266,33.09156],[113.090684,33.092202],[113.090727,33.092243],[113.090885,33.092249],[113.090947,33.09229],[113.091432,33.093083],[113.090161,33.093506],[113.090343,33.093863],[113.091626,33.093434],[113.091872,33.093989],[113.091532,33.094045],[113.091886,33.094665],[113.092197,33.095303],[113.092264,33.095508],[113.092425,33.095784],[113.092562,33.09595],[113.09268,33.095989],[113.092929,33.095881],[113.093077,33.096213],[113.093227,33.096407],[113.093326,33.096903],[113.093565,33.097499],[113.092918,33.097658],[113.092548,33.097806],[113.093262,33.09891],[113.093578,33.099487],[113.094257,33.099411],[113.094552,33.099458],[113.094962,33.099611],[113.094925,33.099849],[113.094791,33.099939],[113.093506,33.100283],[113.091695,33.10084],[113.091746,33.101208],[113.091883,33.101523],[113.094101,33.100815],[113.094294,33.101242],[113.094504,33.101752],[113.093913,33.102031],[113.093838,33.102105],[113.093262,33.102424],[113.092766,33.102613],[113.09353,33.104311],[113.093326,33.104392],[113.092929,33.104644],[113.09312,33.104772],[113.093331,33.104996],[113.094104,33.105994],[113.094158,33.106169],[113.09415,33.106297],[113.09408,33.106423],[113.094091,33.106495],[113.094324,33.10692],[113.094005,33.106985],[113.092674,33.107517],[113.092835,33.108003],[113.092664,33.108079],[113.092607,33.108149],[113.092811,33.108517],[113.09239,33.108724],[113.092232,33.108531],[113.091937,33.108659],[113.092041,33.108915],[113.091896,33.109005],[113.09272,33.110184],[113.09243,33.110368],[113.092894,33.111042],[113.09339,33.111582],[113.092433,33.112292],[113.091969,33.112588],[113.091207,33.113024],[113.090145,33.113507],[113.090279,33.113516],[113.090502,33.114331],[113.092653,33.115107],[113.092519,33.116616],[113.09342,33.116908],[113.093506,33.117641],[113.093769,33.118162],[113.09519,33.120273],[113.095196,33.120981],[113.094935,33.121444],[113.094667,33.121657],[113.093884,33.122109],[113.093417,33.122479],[113.093109,33.122886],[113.093053,33.123373],[113.093782,33.124515],[113.09375,33.129764],[113.093635,33.130225],[113.092462,33.130775],[113.091073,33.129906],[113.090043,33.1292],[113.087476,33.130193],[113.086417,33.130499],[113.085604,33.130568],[113.084477,33.130492],[113.084327,33.131316],[113.086782,33.131541],[113.087103,33.131727],[113.087251,33.132163],[113.087262,33.132563],[113.087181,33.134016],[113.087213,33.135653],[113.087524,33.135635],[113.088587,33.135328],[113.089871,33.134825],[113.089802,33.134488],[113.088584,33.132884],[113.090821,33.132017],[113.091231,33.132659],[113.091599,33.132796],[113.091969,33.132608],[113.092538,33.131312],[113.09372,33.130966],[113.094093,33.131202],[113.094713,33.131159],[113.095051,33.131049],[113.095314,33.13073],[113.095627,33.130496],[113.096413,33.130233],[113.097046,33.13009],[113.100922,33.130025],[113.101367,33.13018],[113.101705,33.13049],[113.103478,33.132538],[113.107453,33.136163],[113.107598,33.135561],[113.108515,33.135498],[113.108548,33.136904],[113.109481,33.137055],[113.109588,33.136242],[113.110347,33.136192],[113.110377,33.13747],[113.111353,33.137558],[113.111528,33.137212],[113.112059,33.13666],[113.112539,33.137154],[113.114652,33.139658],[113.119344,33.143921],[113.120111,33.144417],[113.120703,33.146166],[113.120856,33.146443],[113.125647,33.148708],[113.126309,33.148789],[113.127814,33.148794],[113.128369,33.14894],[113.130558,33.149829],[113.131698,33.149993],[113.136327,33.15013],[113.137207,33.150725],[113.139315,33.152369],[113.13972,33.152481],[113.145664,33.15454],[113.146007,33.154583],[113.147448,33.153698],[113.148545,33.153121],[113.149336,33.152656],[113.149639,33.152302],[113.149808,33.151965],[113.150023,33.151693],[113.150302,33.151471],[113.150589,33.150916],[113.150594,33.150516],[113.150672,33.150143],[113.151071,33.149052],[113.151358,33.148897],[113.151718,33.149218],[113.152093,33.149863],[113.152378,33.150236],[113.153732,33.150723],[113.154008,33.150999],[113.154285,33.151199],[113.154628,33.151278],[113.154961,33.151237],[113.15528,33.151091],[113.155958,33.150853],[113.156334,33.150833],[113.156106,33.151102],[113.155795,33.151309],[113.155465,33.151751],[113.156224,33.151538],[113.156519,33.151507],[113.156953,33.151511],[113.157514,33.151444],[113.157879,33.151693],[113.158198,33.151709],[113.158796,33.151322],[113.159107,33.15137],[113.158721,33.1517],[113.158453,33.152061],[113.158233,33.152281],[113.157431,33.152924],[113.157493,33.153247],[113.157828,33.15304],[113.158112,33.152939],[113.160067,33.152048],[113.160403,33.152066],[113.160153,33.15234],[113.159899,33.152506],[113.159636,33.152746],[113.159654,33.153038],[113.160086,33.152865],[113.160591,33.152975],[113.16032,33.153265],[113.160674,33.153348],[113.161057,33.153189],[113.161511,33.153076],[113.161835,33.153087],[113.162119,33.153144],[113.162739,33.153379],[113.163882,33.153334],[113.164201,33.153231],[113.164552,33.152959],[113.165073,33.152376],[113.165475,33.152259],[113.165802,33.152596],[113.16644,33.152638],[113.168358,33.152353],[113.169085,33.152183],[113.169965,33.152378],[113.170507,33.152335],[113.170949,33.152205],[113.172379,33.152001],[113.173162,33.151799],[113.174385,33.151053],[113.174796,33.151013],[113.175351,33.151089],[113.175686,33.150988],[113.176676,33.150191],[113.176933,33.149917],[113.177145,33.149614],[113.177303,33.149295],[113.177765,33.148616],[113.177998,33.148183],[113.178478,33.147817],[113.179001,33.147022],[113.179296,33.146364],[113.179623,33.146011],[113.180262,33.145585],[113.180782,33.145362],[113.181128,33.145347],[113.18182,33.144976],[113.18318,33.143377],[113.184095,33.14249],[113.184696,33.14174],[113.185495,33.140594],[113.185991,33.139714],[113.186648,33.138048],[113.186981,33.136801],[113.187069,33.135146],[113.186978,33.1336],[113.186774,33.132646],[113.186418,33.131889],[113.185669,33.130901],[113.184862,33.129674],[113.184591,33.129178],[113.184524,33.128807],[113.183877,33.129627],[113.183094,33.130379],[113.182327,33.130786],[113.180865,33.131291],[113.18105,33.132484],[113.181691,33.134324],[113.181962,33.13482],[113.182756,33.13608],[113.182333,33.136219],[113.180857,33.134144],[113.179961,33.132439],[113.179025,33.131193],[113.179066,33.130692],[113.179511,33.129899],[113.18016,33.128928],[113.180967,33.128088],[113.181297,33.127799],[113.182011,33.127437],[113.183805,33.126689],[113.184213,33.126462],[113.185613,33.124501],[113.186675,33.121412],[113.187726,33.118867],[113.18822,33.117944],[113.18829,33.117573],[113.188072,33.11516],[113.187826,33.113552],[113.187332,33.109315],[113.187319,33.108706],[113.187474,33.107657],[113.187541,33.105174],[113.187708,33.104583],[113.187933,33.104318],[113.189894,33.102999],[113.192756,33.101599],[113.193056,33.101157],[113.192903,33.100725],[113.192568,33.100296],[113.191935,33.099806],[113.190342,33.09709],[113.189958,33.096227],[113.189392,33.094211],[113.189223,33.093712],[113.189231,33.092973],[113.189076,33.091951],[113.189006,33.090636],[113.189322,33.090445],[113.190017,33.090258],[113.191144,33.089737],[113.191924,33.089433],[113.195041,33.088407],[113.195398,33.088225],[113.195805,33.087957],[113.19613,33.087494],[113.196449,33.086813],[113.196664,33.086004],[113.19669,33.085002],[113.196672,33.08424],[113.196505,33.083786],[113.196124,33.083074],[113.194963,33.082092],[113.194113,33.081215],[113.193922,33.080849],[113.193914,33.080478],[113.194035,33.08017],[113.195537,33.077183],[113.196065,33.076543],[113.1969,33.074677],[113.196959,33.074001],[113.19694,33.073261],[113.19701,33.072933],[113.197106,33.072648],[113.197423,33.072371],[113.195974,33.072407],[113.194483,33.073234],[113.194201,33.071879],[113.194107,33.071274],[113.193187,33.070924],[113.192546,33.070757],[113.191093,33.070182],[113.190033,33.069759],[113.188526,33.069054],[113.187646,33.069096],[113.185758,33.069445],[113.184881,33.069899],[113.183829,33.070213],[113.183333,33.070303],[113.182579,33.070299],[113.18215,33.070227],[113.181463,33.070027],[113.180946,33.070083],[113.180554,33.070247],[113.179685,33.070407],[113.179803,33.068833],[113.181469,33.067734],[113.181466,33.066487],[113.182493,33.066311],[113.182341,33.065412],[113.181201,33.065399],[113.181112,33.065021],[113.18605,33.062618],[113.186503,33.062348],[113.186672,33.062115],[113.185916,33.061355],[113.185347,33.060633],[113.184983,33.06026],[113.184637,33.059963],[113.183961,33.059561],[113.183059,33.059156],[113.182574,33.058871],[113.182587,33.058095],[113.182469,33.057783],[113.18204,33.057362],[113.181826,33.056969],[113.181327,33.056367],[113.181093,33.055618],[113.180659,33.055047],[113.180423,33.0548],[113.180144,33.05462],[113.179304,33.054357],[113.178851,33.05428],[113.178398,33.054283],[113.178084,33.054368],[113.177837,33.054624],[113.170381,33.056063],[113.170338,33.056394],[113.170464,33.056805],[113.170579,33.057066],[113.170775,33.057284],[113.17104,33.057477],[113.171183,33.057763],[113.17122,33.058167],[113.171175,33.058655],[113.168103,33.058651],[113.166907,33.055739],[113.165638,33.055906],[113.165161,33.054777],[113.163305,33.055121],[113.16124,33.052459],[113.160118,33.052592],[113.155419,33.0471],[113.152488,33.04727],[113.152294,33.046708],[113.147595,33.039331],[113.149754,33.038715],[113.149368,33.038275],[113.148743,33.037901],[113.147979,33.03731],[113.147528,33.037126],[113.146396,33.036887],[113.146018,33.036723],[113.145771,33.036575],[113.149398,33.035635],[113.148507,33.034189],[113.148164,33.033528],[113.147662,33.032955],[113.1473,33.032473],[113.146855,33.032044],[113.146061,33.031484],[113.145589,33.031306],[113.145152,33.03123],[113.144615,33.031084],[113.143958,33.030483],[113.143526,33.030342],[113.140595,33.029566],[113.140289,33.027854],[113.138731,33.027904],[113.13883,33.029908],[113.137379,33.030045],[113.136373,33.02451],[113.134997,33.024535],[113.134903,33.022887],[113.131856,33.023251],[113.131566,33.021675],[113.129694,33.021951],[113.129378,33.020739],[113.128632,33.020546],[113.128299,33.020339],[113.128543,33.019133],[113.128568,33.018425],[113.127251,33.018292],[113.126958,33.018229],[113.126199,33.01567],[113.122989,33.015908],[113.123029,33.013236],[113.121098,33.013225],[113.120894,33.011925],[113.118292,33.012627],[113.119421,33.011693],[113.118,33.009799],[113.11609,33.010054],[113.115149,33.008173],[113.114859,33.007696],[113.114727,33.007244],[113.11466,33.006848],[113.114457,33.006502],[113.114215,33.006214],[113.114175,33.005654],[113.113974,33.004957],[113.113756,33.004412],[113.113655,33.003195],[113.113738,33.002584],[113.114199,33.001445],[113.11429,33.000845],[113.114457,33.000118],[113.114491,32.999655],[113.114703,32.999081],[113.113861,32.999095],[113.113016,32.996436],[113.112684,32.996404],[113.111511,32.996424],[113.111329,32.995171],[113.111233,32.994726],[113.111042,32.994031],[113.110479,32.992485],[113.110245,32.991603],[113.110109,32.990832],[113.109958,32.990366],[113.109913,32.990058],[113.109883,32.988951],[113.10943,32.988137],[113.108633,32.986508],[113.108346,32.98579],[113.106689,32.986177],[113.103701,32.986994],[113.103671,32.986832],[113.102046,32.987183],[113.102451,32.988123],[113.102569,32.988607],[113.101472,32.988888],[113.101223,32.98889],[113.100378,32.989102],[113.100026,32.98916],[113.098699,32.989556],[113.094978,32.990508],[113.092696,32.991129],[113.092497,32.990326],[113.092248,32.989734],[113.088643,32.990533],[113.088528,32.990713],[113.088444,32.990955],[113.088431,32.991149],[113.088686,32.991927],[113.088351,32.992015],[113.088112,32.991243],[113.087549,32.991327],[113.085279,32.991873],[113.084842,32.990845],[113.084351,32.989943],[113.082672,32.990429],[113.082884,32.991106],[113.080052,32.991779],[113.079765,32.991097],[113.079709,32.99069],[113.079413,32.989896],[113.077734,32.990305],[113.07778,32.990416]]]}},{"type":"Feature","properties":{"regionCode":"411327111","sourceCode":"411327111000","name":"太和镇","sourceName":"太和镇","parentCode":"411327","parentName":"社旗县","regionLevel":"township","regionType":"town","isManagementZone":false,"source":"ruiduobao","sourceVersion":"mixed-legacy~2018-2020","geometryRepaired":false,"match2020":true,"match2023":true},"geometry":{"type":"Polygon","coordinates":[[[112.932284,32.821817],[112.931809,32.821382],[112.931677,32.820999],[112.931543,32.820456],[112.931219,32.820215],[112.93102,32.819989],[112.930983,32.819642],[112.930709,32.819273],[112.930546,32.818869],[112.930291,32.818526],[112.930205,32.818224],[112.930304,32.817943],[112.929803,32.81774],[112.929446,32.817715],[112.928038,32.81785],[112.925481,32.818693],[112.925444,32.819137],[112.923486,32.819859],[112.923499,32.820431],[112.923741,32.821096],[112.923947,32.822002],[112.921885,32.822494],[112.92008,32.822712],[112.91869,32.822989],[112.91674,32.823591],[112.914978,32.82397],[112.913589,32.824342],[112.912687,32.82445],[112.911555,32.824468],[112.910499,32.824421],[112.90529,32.824576],[112.905177,32.825462],[112.89892,32.825696],[112.897128,32.82573],[112.894497,32.825881],[112.8948,32.826037],[112.89506,32.826341],[112.895175,32.826772],[112.895277,32.827657],[112.895682,32.829231],[112.89587,32.829657],[112.896178,32.830055],[112.896476,32.830511],[112.896766,32.830833],[112.897152,32.830991],[112.898871,32.831354],[112.899689,32.831493],[112.900357,32.831678],[112.901068,32.832041],[112.901454,32.832287],[112.901757,32.832598],[112.902149,32.832861],[112.902659,32.833391],[112.903812,32.835072],[112.904496,32.836319],[112.904783,32.836941],[112.904914,32.837306],[112.905282,32.83793],[112.905357,32.838142],[112.905494,32.838935],[112.905445,32.839555],[112.905311,32.84003],[112.90525,32.840179],[112.904517,32.841101],[112.904198,32.841434],[112.903334,32.842563],[112.902661,32.843532],[112.90253,32.843967],[112.902503,32.844186],[112.902586,32.844952],[112.902777,32.845272],[112.903098,32.845581],[112.903536,32.845833],[112.90563,32.846635],[112.905842,32.846673],[112.906854,32.846705],[112.907441,32.846818],[112.907806,32.846953],[112.908323,32.847005],[112.909104,32.847248],[112.909327,32.847282],[112.909533,32.84737],[112.909785,32.847624],[112.90982,32.847744],[112.909804,32.84792],[112.909705,32.848334],[112.909587,32.84853],[112.909107,32.848952],[112.908892,32.849317],[112.908739,32.849734],[112.908541,32.8507],[112.908557,32.850871],[112.908433,32.851216],[112.908463,32.851552],[112.908407,32.851903],[112.908374,32.852368],[112.908393,32.852478],[112.908871,32.853364],[112.909131,32.853593],[112.909214,32.853627],[112.909284,32.853715],[112.910225,32.85417],[112.910526,32.854418],[112.911445,32.855234],[112.911773,32.855639],[112.912065,32.856162],[112.912229,32.856626],[112.912234,32.856757],[112.912167,32.857038],[112.911915,32.857435],[112.911577,32.858667],[112.91147,32.859161],[112.911411,32.859627],[112.911395,32.859853],[112.911427,32.860283],[112.91158,32.860709],[112.911861,32.861094],[112.912097,32.861333],[112.912894,32.861768],[112.913326,32.862085],[112.913631,32.86266],[112.913691,32.862858],[112.913699,32.863203],[112.913645,32.863575],[112.913487,32.863897],[112.91332,32.864018],[112.9117,32.86453],[112.911395,32.8646],[112.910686,32.864681],[112.910171,32.864868],[112.908543,32.865025],[112.908028,32.865118],[112.907452,32.865262],[112.906768,32.865557],[112.90662,32.865647],[112.906459,32.865812],[112.906014,32.86637],[112.905909,32.866668],[112.905845,32.867062],[112.905883,32.867359],[112.906183,32.868098],[112.906454,32.868612],[112.906591,32.868822],[112.907438,32.869829],[112.907621,32.870016],[112.908112,32.87039],[112.908589,32.870651],[112.908863,32.870845],[112.909294,32.871291],[112.910011,32.871687],[112.910381,32.871827],[112.912706,32.872356],[112.913948,32.872771],[112.914911,32.87316],[112.915211,32.873363],[112.915619,32.873708],[112.916528,32.874663],[112.917073,32.875177],[112.917153,32.875309],[112.917266,32.875611],[112.917287,32.875891],[112.917706,32.876938],[112.917784,32.877436],[112.917725,32.877763],[112.91748,32.878118],[112.916976,32.878675],[112.916601,32.878986],[112.915595,32.879695],[112.913575,32.880828],[112.913127,32.881216],[112.912679,32.881678],[112.912105,32.88257],[112.911885,32.883211],[112.911869,32.883689],[112.911952,32.884444],[112.912191,32.884838],[112.912532,32.88529],[112.912875,32.885599],[112.913369,32.885736],[112.914214,32.885709],[112.916493,32.884948],[112.917939,32.884851],[112.918612,32.884908],[112.919245,32.885126],[112.920651,32.886113],[112.920785,32.886293],[112.921265,32.886707],[112.922418,32.888993],[112.922526,32.889192],[112.922735,32.889442],[112.922896,32.889874],[112.922936,32.890367],[112.922947,32.891293],[112.92292,32.891604],[112.922705,32.892047],[112.922716,32.892288],[112.922679,32.892685],[112.922539,32.892827],[112.922488,32.893169],[112.922483,32.893507],[112.922424,32.893761],[112.922201,32.893993],[112.921979,32.894586],[112.921949,32.894766],[112.922003,32.896475],[112.922239,32.897239],[112.92226,32.898446],[112.922319,32.899065],[112.922531,32.899669],[112.92288,32.900083],[112.923577,32.901232],[112.924261,32.901862],[112.924763,32.902418],[112.925106,32.903013],[112.925299,32.903569],[112.925878,32.904902],[112.92686,32.907627],[112.927043,32.907665],[112.927324,32.907654],[112.927705,32.907697],[112.928351,32.907886],[112.928636,32.907927],[112.928883,32.907909],[112.92976,32.907746],[112.930047,32.907665],[112.930658,32.907647],[112.930833,32.907713],[112.931267,32.908204],[112.931356,32.908517],[112.931382,32.909055],[112.931634,32.909309],[112.931913,32.909516],[112.932348,32.909577],[112.933027,32.909456],[112.933539,32.909465],[112.934507,32.909847],[112.935172,32.910057],[112.936379,32.910377],[112.936666,32.910498],[112.93683,32.910735],[112.936827,32.910901],[112.936733,32.911034],[112.936484,32.911205],[112.935961,32.91171],[112.935813,32.911903],[112.935492,32.912457],[112.935483,32.912601],[112.935577,32.912811],[112.935773,32.913013],[112.936175,32.913054],[112.936471,32.913009],[112.936613,32.912883],[112.936744,32.91261],[112.936806,32.912363],[112.936924,32.912106],[112.937267,32.911757],[112.937444,32.911737],[112.937723,32.911867],[112.938182,32.911984],[112.938319,32.911996],[112.938651,32.911878],[112.938976,32.912207],[112.939021,32.912342],[112.939027,32.912603],[112.939102,32.912712],[112.939783,32.912621],[112.940733,32.91275],[112.941159,32.912716],[112.941612,32.912772],[112.942256,32.912786],[112.94243,32.912718],[112.942562,32.912716],[112.942642,32.912543],[112.942747,32.912448],[112.942817,32.912414],[112.942935,32.912412],[112.94302,32.912466],[112.943077,32.912813],[112.943168,32.912989],[112.943299,32.913506],[112.943324,32.913833],[112.943358,32.913871],[112.945078,32.913896],[112.945306,32.913849],[112.945644,32.913684],[112.946231,32.913502],[112.946279,32.914222],[112.946419,32.915119],[112.946381,32.915164],[112.946177,32.915256],[112.946124,32.915722],[112.945923,32.916434],[112.947371,32.91626],[112.947438,32.916848],[112.947669,32.91687],[112.947693,32.9169],[112.947969,32.916886],[112.948245,32.916722],[112.948508,32.916636],[112.94854,32.916643],[112.948621,32.91678],[112.948752,32.916796],[112.949018,32.916726],[112.950214,32.916179],[112.951113,32.915844],[112.951129,32.915794],[112.950887,32.915269],[112.950775,32.914925],[112.951477,32.91461],[112.951936,32.914457],[112.95174,32.9139],[112.951775,32.913842],[112.952996,32.913457],[112.953017,32.913281],[112.953267,32.913189],[112.953599,32.913101],[112.955023,32.912603],[112.955359,32.91254],[112.955479,32.912554],[112.955302,32.912245],[112.956882,32.911723],[112.95752,32.911556],[112.957164,32.91091],[112.956874,32.910464],[112.956512,32.90976],[112.956941,32.909606],[112.956968,32.909492],[112.958025,32.909244],[112.957644,32.908825],[112.957343,32.908404],[112.95696,32.907978],[112.956558,32.907568],[112.956123,32.907285],[112.956045,32.907188],[112.956775,32.907087],[112.956997,32.906981],[112.957191,32.906812],[112.95814,32.906472],[112.958577,32.906371],[112.958757,32.906283],[112.959055,32.905877],[112.959366,32.905688],[112.959457,32.905596],[112.95928,32.905483],[112.958854,32.905096],[112.958612,32.904826],[112.959004,32.904655],[112.959597,32.904461],[112.959626,32.904184],[112.95979,32.903684],[112.959851,32.903639],[112.961332,32.902936],[112.961048,32.902398],[112.960479,32.90188],[112.960256,32.901547],[112.960114,32.901238],[112.959578,32.900624],[112.961391,32.899757],[112.961909,32.899549],[112.96245,32.899439],[112.962885,32.89925],[112.964046,32.898826],[112.964599,32.89866],[112.965294,32.898531],[112.965704,32.8985],[112.966208,32.898207],[112.967614,32.897712],[112.969083,32.897151],[112.968622,32.896408],[112.968319,32.896104],[112.967627,32.895185],[112.967673,32.895126],[112.96808,32.894908],[112.969598,32.894302],[112.96921,32.893581],[112.969196,32.893453],[112.969121,32.893288],[112.969609,32.893056],[112.969765,32.893047],[112.969963,32.893259],[112.970288,32.893779],[112.970771,32.893615],[112.970446,32.893205],[112.970164,32.892784],[112.969636,32.892223],[112.969325,32.891944],[112.969429,32.891851],[112.969703,32.891712],[112.970403,32.891469],[112.971487,32.891018],[112.971959,32.891838],[112.972514,32.891615],[112.97278,32.89155],[112.973638,32.891248],[112.973592,32.891142],[112.973501,32.890394],[112.974276,32.890119],[112.974327,32.890158],[112.974681,32.890746],[112.974995,32.891147],[112.975067,32.89118],[112.975443,32.891072],[112.976639,32.89062],[112.976524,32.89041],[112.976972,32.890293],[112.977688,32.890023],[112.977838,32.889926],[112.978106,32.889901],[112.978404,32.889793],[112.978638,32.889766],[112.978686,32.889881],[112.978758,32.889935],[112.98048,32.889446],[112.981145,32.88916],[112.981867,32.888908],[112.981966,32.888993],[112.982824,32.890234],[112.984061,32.889818],[112.984123,32.889692],[112.984125,32.889545],[112.984069,32.889383],[112.983927,32.889135],[112.983921,32.889036],[112.983972,32.888946],[112.984246,32.888831],[112.985217,32.888583],[112.985997,32.888266],[112.986038,32.888266],[112.98633,32.88861],[112.986405,32.888622],[112.987427,32.888122],[112.987462,32.888117],[112.987711,32.888297],[112.987787,32.888293],[112.988092,32.888097],[112.989146,32.887595],[112.98902,32.88743],[112.988792,32.887525],[112.988736,32.887505],[112.988674,32.887421],[112.988441,32.886939],[112.988181,32.886554],[112.988411,32.886448],[112.988371,32.886306],[112.988119,32.885824],[112.988208,32.885761],[112.989154,32.885455],[112.988959,32.885104],[112.988755,32.884619],[112.988725,32.884432],[112.988774,32.884367],[112.989294,32.884049],[112.989726,32.883953],[112.989946,32.883853],[112.989431,32.882313],[112.990498,32.88282],[112.99056,32.882822],[112.991212,32.882585],[112.991088,32.882286],[112.991488,32.882191],[112.992236,32.881907],[112.992665,32.881806],[112.993301,32.883142],[112.993425,32.883254],[112.993615,32.883252],[112.993655,32.883126],[112.993714,32.882606],[112.993706,32.882414],[112.993803,32.882202],[112.9938,32.882105],[112.99369,32.881876],[112.993687,32.881772],[112.993789,32.88165],[112.993819,32.88156],[112.993585,32.881342],[112.993264,32.881121],[112.993229,32.881067],[112.993231,32.880948],[112.993349,32.880781],[112.993411,32.880626],[112.993433,32.880432],[112.993682,32.879896],[112.993787,32.879774],[112.993878,32.879729],[112.994076,32.87931],[112.994076,32.879218],[112.993961,32.878923],[112.99339,32.8784],[112.993239,32.878109],[112.993199,32.877769],[112.992845,32.877474],[112.992454,32.877447],[112.99226,32.877283],[112.992126,32.876753],[112.992121,32.876641],[112.992167,32.8766],[112.99218,32.876499],[112.992083,32.876003],[112.9921,32.875672],[112.992236,32.875386],[112.992306,32.875138],[112.992236,32.874854],[112.992209,32.874406],[112.992142,32.873971],[112.991821,32.873719],[112.991491,32.873611],[112.991284,32.873591],[112.991027,32.873606],[112.990576,32.87371],[112.990227,32.873843],[112.99016,32.873825],[112.990088,32.873766],[112.989908,32.873307],[112.989962,32.873163],[112.990251,32.872985],[112.990509,32.872969],[112.990879,32.872854],[112.991593,32.872381],[112.991595,32.872032],[112.991453,32.871615],[112.991692,32.871516],[112.992987,32.871471],[112.993033,32.871816],[112.993548,32.871764],[112.993631,32.872111],[112.993848,32.872061],[112.993733,32.871448],[112.994715,32.871374],[112.995672,32.871232],[112.995538,32.870869],[112.995417,32.870365],[112.9942,32.870529],[112.993795,32.870527],[112.993714,32.870464],[112.993569,32.869579],[112.993441,32.869162],[112.993443,32.869112],[112.99362,32.868995],[112.993658,32.868831],[112.993626,32.868571],[112.993467,32.868092],[112.99361,32.868062],[112.993516,32.867869],[112.993333,32.867808],[112.992934,32.867846],[112.99222,32.867999],[112.992046,32.867749],[112.992952,32.867607],[112.992754,32.867148],[112.992558,32.866269],[112.992545,32.866093],[112.992464,32.865855],[112.992333,32.865695],[112.992108,32.865523],[112.991933,32.865449],[112.99144,32.865145],[112.993218,32.864805],[112.993036,32.8643],[112.99144,32.864557],[112.99115,32.863856],[112.991064,32.863575],[112.990943,32.863345],[112.990941,32.863284],[112.992674,32.862975],[112.992601,32.862491],[112.992218,32.861132],[112.992027,32.860632],[112.991515,32.858796],[112.991225,32.858102],[112.990992,32.857651],[112.992966,32.857183],[112.992706,32.856714],[112.992405,32.856811],[112.991713,32.856939],[112.990683,32.857192],[112.990152,32.856092],[112.988674,32.856365],[112.987626,32.856604],[112.986934,32.85671],[112.98688,32.856606],[112.986802,32.856097],[112.986555,32.855101],[112.986145,32.854193],[112.985866,32.853337],[112.985783,32.853005],[112.985775,32.852775],[112.985837,32.852645],[112.985989,32.852537],[112.986209,32.852663],[112.986368,32.852694],[112.986738,32.852688],[112.987572,32.852559],[112.988559,32.852338],[112.988428,32.852059],[112.988393,32.85187],[112.988307,32.851714],[112.987915,32.851313],[112.987666,32.850948],[112.987921,32.850905],[112.989399,32.850479],[112.989712,32.850457],[112.991086,32.850031],[112.991086,32.849961],[112.990952,32.849745],[112.990603,32.849375],[112.990225,32.849049],[112.989734,32.84846],[112.989637,32.848152],[112.989551,32.848028],[112.988956,32.847435],[112.988975,32.847361],[112.989763,32.847059],[112.990351,32.846897],[112.99096,32.846662],[112.992936,32.845997],[112.992794,32.845659],[112.992301,32.844835],[112.993784,32.844253],[112.994082,32.844812],[112.994599,32.845461],[112.995122,32.846261],[112.99627,32.845856],[112.996045,32.845412],[112.995994,32.8452],[112.994809,32.843431],[112.993687,32.843879],[112.993414,32.843949],[112.993234,32.843893],[112.993003,32.843753],[112.99384,32.843474],[112.994699,32.843232],[112.994701,32.843163],[112.99465,32.843068],[112.994433,32.842789],[112.994318,32.842502],[112.994111,32.842153],[112.994033,32.842083],[112.993773,32.842155],[112.993325,32.842363],[112.993341,32.842457],[112.993553,32.842825],[112.993087,32.84298],[112.992813,32.842518],[112.99269,32.84255],[112.992207,32.842822],[112.992488,32.843239],[112.992735,32.843507],[112.992271,32.843719],[112.991904,32.843791],[112.991268,32.844021],[112.990058,32.844391],[112.989503,32.844499],[112.988645,32.844745],[112.988065,32.844718],[112.987805,32.844634],[112.98758,32.84451],[112.987392,32.844359],[112.987046,32.843963],[112.98636,32.843305],[112.986043,32.842913],[112.986011,32.842861],[112.986011,32.842759],[112.986073,32.842694],[112.986126,32.842428],[112.986129,32.842248],[112.986083,32.842137],[112.985472,32.841802],[112.985356,32.841702],[112.985142,32.841423],[112.98512,32.841331],[112.985201,32.841159],[112.985147,32.841107],[112.985021,32.841062],[112.984117,32.840826],[112.983956,32.840758],[112.983895,32.840697],[112.983908,32.840515],[112.984021,32.840341],[112.984023,32.840238],[112.983777,32.839879],[112.983651,32.839753],[112.983471,32.839656],[112.98269,32.83907],[112.982605,32.83905],[112.982497,32.839106],[112.982425,32.839203],[112.982417,32.83942],[112.982465,32.839598],[112.982436,32.839654],[112.982197,32.839665],[112.98198,32.839618],[112.981363,32.839142],[112.981202,32.838822],[112.981113,32.838719],[112.980765,32.8385],[112.979973,32.838243],[112.979418,32.838214],[112.979142,32.838153],[112.979102,32.838072],[112.97912,32.837869],[112.979456,32.837022],[112.979474,32.836821],[112.979429,32.835902],[112.979654,32.835464],[112.979724,32.835],[112.979571,32.834058],[112.979445,32.833781],[112.979085,32.833332],[112.978895,32.833283],[112.978651,32.833071],[112.978549,32.832909],[112.978503,32.832674],[112.978509,32.832483],[112.978587,32.832381],[112.978919,32.832133],[112.979335,32.831757],[112.979552,32.831489],[112.979981,32.830849],[112.980027,32.830691],[112.979987,32.830391],[112.979777,32.830064],[112.979777,32.82972],[112.979705,32.829596],[112.979448,32.829481],[112.979316,32.829449],[112.979134,32.82946],[112.978836,32.829668],[112.97867,32.829672],[112.977833,32.829954],[112.977114,32.829893],[112.976146,32.82951],[112.975902,32.829478],[112.975537,32.829352],[112.975333,32.829219],[112.975137,32.828996],[112.974799,32.828322],[112.974354,32.82843],[112.974182,32.828433],[112.974032,32.828372],[112.973987,32.828313],[112.973869,32.828273],[112.97381,32.828284],[112.973383,32.828575],[112.972734,32.82885],[112.972605,32.828874],[112.972104,32.828764],[112.972026,32.8288],[112.971868,32.829001],[112.971382,32.829233],[112.970881,32.829521],[112.970607,32.82962],[112.970189,32.82969],[112.969899,32.829938],[112.969821,32.829963],[112.969679,32.829974],[112.969451,32.829938],[112.969279,32.829992],[112.968936,32.830326],[112.967871,32.830639],[112.967584,32.830889],[112.967085,32.831191],[112.966664,32.831595],[112.966747,32.83175],[112.966417,32.832192],[112.964902,32.832938],[112.963971,32.831773],[112.963668,32.831315],[112.966431,32.830028],[112.966195,32.829931],[112.963518,32.831158],[112.962898,32.830421],[112.962525,32.829769],[112.961968,32.828685],[112.96178,32.828187],[112.961611,32.827928],[112.961442,32.827743],[112.960892,32.826835],[112.958373,32.827635],[112.95792,32.826925],[112.955227,32.827802],[112.955251,32.827905],[112.953875,32.828372],[112.952773,32.825514],[112.947867,32.826977],[112.947988,32.827285],[112.948248,32.827642],[112.948908,32.828013],[112.946687,32.828741],[112.946008,32.827533],[112.944689,32.827984],[112.943227,32.828532],[112.941765,32.82901],[112.939968,32.829684],[112.939571,32.829713],[112.937715,32.829307],[112.937549,32.828926],[112.936975,32.828088],[112.936363,32.827421],[112.936116,32.827013],[112.935363,32.82608],[112.934944,32.825467],[112.934521,32.824968],[112.93418,32.824272],[112.933456,32.82358],[112.932978,32.822956],[112.932646,32.822467],[112.932509,32.822068],[112.932284,32.821817]]]}},{"type":"Feature","properties":{"regionCode":"411327112","sourceCode":"411327112000","name":"大冯营镇","sourceName":"大冯营镇","parentCode":"411327","parentName":"社旗县","regionLevel":"township","regionType":"town","isManagementZone":false,"source":"ruiduobao","sourceVersion":"mixed-legacy~2018-2020","geometryRepaired":false,"match2020":true,"match2023":true},"geometry":{"type":"Polygon","coordinates":[[[112.850677,32.957649],[112.850366,32.957329],[112.850353,32.956213],[112.849798,32.956384],[112.849578,32.955968],[112.847569,32.956575],[112.847239,32.956701],[112.846877,32.956076],[112.845782,32.956411],[112.845581,32.955965],[112.845938,32.955819],[112.845243,32.954208],[112.846069,32.954149],[112.846488,32.954073],[112.845804,32.952643],[112.846313,32.952353],[112.846169,32.952051],[112.846091,32.951977],[112.845772,32.95195],[112.845694,32.95191],[112.845058,32.950672],[112.842754,32.950183],[112.841968,32.948696],[112.84111,32.948453],[112.840533,32.948347],[112.840155,32.948374],[112.840029,32.94843],[112.839597,32.947514],[112.839243,32.947572],[112.839031,32.946785],[112.836955,32.947235],[112.836875,32.947037],[112.836802,32.946634],[112.836435,32.945517],[112.831602,32.946202],[112.832256,32.948558],[112.832213,32.948592],[112.830714,32.948414],[112.830507,32.948439],[112.830834,32.949985],[112.830944,32.950066],[112.831427,32.950033],[112.831883,32.951167],[112.831052,32.951374],[112.831143,32.951687],[112.831492,32.951631],[112.831846,32.952551],[112.831929,32.952866],[112.832044,32.952965],[112.832374,32.953571],[112.83283,32.954563],[112.832578,32.954647],[112.832272,32.954061],[112.832036,32.954106],[112.832857,32.955603],[112.832331,32.955833],[112.831604,32.954572],[112.830783,32.954923],[112.829871,32.955373],[112.829753,32.955454],[112.829713,32.95563],[112.829163,32.955869],[112.830276,32.957935],[112.830266,32.958054],[112.830108,32.958166],[112.829153,32.958396],[112.827144,32.958988],[112.827345,32.959782],[112.827559,32.960347],[112.825454,32.960813],[112.825749,32.961632],[112.826023,32.962586],[112.825685,32.962658],[112.826304,32.965764],[112.819719,32.966232],[112.820052,32.967107],[112.820277,32.968026],[112.82057,32.96956],[112.822023,32.969232],[112.822589,32.971376],[112.821342,32.971613],[112.821516,32.972468],[112.82326,32.972375],[112.823523,32.972504],[112.825534,32.974034],[112.825939,32.974621],[112.826334,32.975897],[112.825647,32.976304],[112.825376,32.976432],[112.825092,32.975206],[112.824284,32.97526],[112.824579,32.976993],[112.824995,32.978871],[112.825784,32.978793],[112.827061,32.978597],[112.827412,32.978493],[112.827522,32.979321],[112.828096,32.981972],[112.827551,32.982044],[112.827908,32.982939],[112.827047,32.982953],[112.826902,32.982163],[112.826095,32.982177],[112.82635,32.983248],[112.825677,32.983369],[112.825655,32.984328],[112.824174,32.984591],[112.822694,32.984643],[112.822689,32.985081],[112.822863,32.986001],[112.819467,32.986886],[112.819875,32.987781],[112.818472,32.987977],[112.816163,32.988449],[112.817303,32.990989],[112.816844,32.991099],[112.817064,32.991819],[112.818676,32.991511],[112.818526,32.991075],[112.81844,32.990713],[112.821146,32.990071],[112.82209,32.991527],[112.823912,32.995147],[112.824923,32.994868],[112.825151,32.995896],[112.826033,32.995642],[112.825754,32.994789],[112.827219,32.99446],[112.827441,32.995358],[112.828968,32.995183],[112.829528,32.99651],[112.831701,32.996015],[112.832583,32.998555],[112.831542,33.000114],[112.830065,33.001848],[112.829525,33.002435],[112.829249,33.001699],[112.82448,33.003281],[112.822745,33.003767],[112.822042,33.002291],[112.819982,33.002862],[112.817877,33.003843],[112.818813,33.005647],[112.813035,33.00856],[112.812054,33.007546],[112.811327,33.006898],[112.809422,33.005377],[112.808376,33.006205],[112.809261,33.00751],[112.809267,33.007561],[112.8092,33.007656],[112.809221,33.007838],[112.809194,33.007872],[112.809291,33.007928],[112.809693,33.008594],[112.809766,33.00861],[112.810061,33.008511],[112.810128,33.008724],[112.81027,33.008972],[112.810479,33.009473],[112.809999,33.009646],[112.810667,33.010987],[112.811075,33.011945],[112.810195,33.012273],[112.810766,33.013524],[112.81115,33.013425],[112.811581,33.014487],[112.811343,33.014595],[112.810847,33.014752],[112.810597,33.01432],[112.809634,33.014658],[112.809253,33.014847],[112.806394,33.015665],[112.806799,33.016612],[112.805914,33.016891],[112.805474,33.01699],[112.804302,33.017129],[112.803629,33.0175],[112.804417,33.019513],[112.803841,33.019709],[112.804061,33.02021],[112.804407,33.021252],[112.804484,33.021636],[112.804782,33.022601],[112.804916,33.022601],[112.805209,33.022684],[112.805748,33.024259],[112.80527,33.024402],[112.806037,33.026181],[112.805482,33.026363],[112.805858,33.027243],[112.805943,33.027542],[112.805219,33.027769],[112.805576,33.028718],[112.804785,33.028965],[112.804753,33.028855],[112.803757,33.029159],[112.803948,33.029741],[112.804278,33.030575],[112.804458,33.031183],[112.803851,33.031086],[112.803476,33.029973],[112.803326,33.029984],[112.801743,33.030364],[112.80192,33.031012],[112.80247,33.031027],[112.803133,33.030987],[112.80347,33.031007],[112.803497,33.03118],[112.804152,33.03299],[112.803935,33.033166],[112.803626,33.033296],[112.804962,33.036818],[112.805498,33.037971],[112.80416,33.038218],[112.804541,33.039624],[112.804997,33.040986],[112.805233,33.042005],[112.805249,33.042099],[112.80501,33.042146],[112.804967,33.042214],[112.805201,33.043354],[112.805276,33.043529],[112.805463,33.043804],[112.805777,33.043718],[112.806062,33.044316],[112.806357,33.044584],[112.807971,33.043761],[112.808736,33.043462],[112.809108,33.043388],[112.809452,33.044521],[112.811254,33.043938],[112.811512,33.043977],[112.811831,33.044449],[112.812295,33.044251],[112.811828,33.043673],[112.811166,33.042688],[112.81351,33.041845],[112.814663,33.043869],[112.815138,33.043774],[112.817952,33.043062],[112.818325,33.043909],[112.81877,33.043732],[112.819698,33.045944],[112.820988,33.045582],[112.821734,33.045436],[112.82127,33.043997],[112.822941,33.043601],[112.823407,33.045189],[112.824172,33.047489],[112.824255,33.047869],[112.82429,33.047961],[112.824604,33.048192],[112.824673,33.048406],[112.824917,33.049496],[112.824668,33.049705],[112.82466,33.049802],[112.824955,33.051335],[112.826175,33.051284],[112.826331,33.052329],[112.826621,33.052284],[112.827809,33.052239],[112.827954,33.053062],[112.828933,33.052851],[112.829308,33.054663],[112.828021,33.054793],[112.828327,33.0564],[112.828624,33.05636],[112.829351,33.056333],[112.829941,33.056385],[112.832296,33.055622],[112.8321,33.054397],[112.832554,33.054348],[112.832768,33.055524],[112.834399,33.0552],[112.835059,33.055114],[112.835831,33.054937],[112.836829,33.054793],[112.837041,33.054728],[112.837105,33.054411],[112.837194,33.054334],[112.838843,33.054065],[112.838715,33.053646],[112.838583,33.053377],[112.838559,33.053379],[112.83806,33.051747],[112.837859,33.05134],[112.84005,33.050863],[112.839707,33.048757],[112.841775,33.048098],[112.842419,33.050272],[112.842682,33.050384],[112.843596,33.050157],[112.843899,33.04984],[112.845117,33.049375],[112.845141,33.049283],[112.845093,33.049146],[112.846131,33.048905],[112.846557,33.048835],[112.847451,33.050618],[112.84763,33.050645],[112.847708,33.050701],[112.847778,33.050861],[112.847837,33.050886],[112.848387,33.050769],[112.849081,33.052527],[112.853303,33.052109],[112.854038,33.054247],[112.854116,33.05477],[112.854312,33.0546],[112.854626,33.054402],[112.855242,33.054127],[112.855983,33.053855],[112.857689,33.052767],[112.859775,33.05138],[112.860062,33.051882],[112.861484,33.05149],[112.861433,33.05105],[112.865977,33.050602],[112.870402,33.050083],[112.870386,33.049937],[112.871448,33.049851],[112.870944,33.044184],[112.870756,33.041607],[112.870657,33.041108],[112.87041,33.037886],[112.871435,33.037744],[112.871591,33.039138],[112.871792,33.039152],[112.872811,33.03901],[112.872698,33.037674],[112.872714,33.037589],[112.875649,33.037261],[112.875587,33.037371],[112.875603,33.037636],[112.875708,33.038236],[112.876268,33.038198],[112.877052,33.038077],[112.877081,33.037733],[112.877022,33.036552],[112.878696,33.03644],[112.878774,33.036775],[112.87879,33.037315],[112.879251,33.037285],[112.88144,33.037429],[112.881021,33.038342],[112.880879,33.038846],[112.881421,33.038832],[112.881668,33.038891],[112.883269,33.038969],[112.883293,33.03847],[112.882354,33.038414],[112.881686,33.038333],[112.882126,33.037881],[112.884202,33.038093],[112.884218,33.037863],[112.88483,33.037892],[112.884784,33.039163],[112.884999,33.039179],[112.88509,33.038317],[112.885146,33.037276],[112.88601,33.037357],[112.886638,33.037452],[112.887949,33.03753],[112.88796,33.037272],[112.889768,33.037297],[112.890653,33.037398],[112.890691,33.039131],[112.892053,33.039046],[112.89208,33.037326],[112.893142,33.037335],[112.893158,33.036869],[112.895502,33.03693],[112.895816,33.033933],[112.895808,33.033481],[112.895768,33.033386],[112.890575,33.033215],[112.890535,33.032019],[112.888676,33.031961],[112.888754,33.031419],[112.888749,33.031126],[112.888716,33.030883],[112.888505,33.030317],[112.888486,33.030119],[112.885104,33.030009],[112.885326,33.029267],[112.885372,33.02883],[112.885479,33.028646],[112.8855,33.028536],[112.885476,33.028268],[112.884353,33.028369],[112.884299,33.027834],[112.884361,33.027749],[112.884664,33.02774],[112.884723,33.027002],[112.884771,33.026955],[112.885927,33.027036],[112.885962,33.027007],[112.886029,33.026624],[112.886115,33.026363],[112.88616,33.025997],[112.886316,33.025673],[112.886335,33.025309],[112.886383,33.025221],[112.88638,33.024535],[112.886431,33.024115],[112.88653,33.023914],[112.886707,33.023672],[112.886775,33.023462],[112.88689,33.022824],[112.886753,33.022698],[112.884795,33.022844],[112.884763,33.022511],[112.884749,33.02149],[112.885334,33.021472],[112.885315,33.020802],[112.884961,33.020399],[112.884811,33.020276],[112.884184,33.019875],[112.883875,33.019734],[112.883615,33.01957],[112.882834,33.019597],[112.882668,33.018114],[112.884578,33.017986],[112.884548,33.017734],[112.883424,33.017813],[112.883395,33.017365],[112.883403,33.01665],[112.884039,33.016524],[112.884007,33.014988],[112.884323,33.014923],[112.88432,33.014496],[112.882955,33.014541],[112.882808,33.01222],[112.882604,33.012157],[112.882649,33.01105],[112.882746,33.010901],[112.882743,33.010292],[112.882639,33.00937],[112.881971,33.00943],[112.881812,33.009419],[112.881804,33.009113],[112.881458,33.007861],[112.881206,33.007136],[112.881676,33.006938],[112.882172,33.006824],[112.882719,33.006718],[112.884307,33.006533],[112.884516,33.0065],[112.884572,33.006464],[112.884511,33.006099],[112.884224,33.005053],[112.88435,33.005004],[112.884728,33.006401],[112.886801,33.005944],[112.887512,33.005645],[112.887684,33.00562],[112.887831,33.005721],[112.888539,33.0058],[112.888263,33.004102],[112.888687,33.00407],[112.888719,33.004489],[112.888918,33.005847],[112.889081,33.005854],[112.888902,33.004455],[112.888875,33.004034],[112.89105,33.003974],[112.890908,33.001679],[112.890948,33.00089],[112.892265,33.000973],[112.892949,33.001157],[112.893257,33.001191],[112.893255,33.001924],[112.893303,33.002392],[112.893861,33.002401],[112.893775,33.001245],[112.893756,33.000507],[112.894808,33.000494],[112.894738,32.99994],[112.894577,32.997704],[112.89609,32.997752],[112.896194,32.994784],[112.896186,32.994746],[112.895894,32.994737],[112.895768,32.993945],[112.8955,32.99267],[112.896036,32.992557],[112.896916,32.992456],[112.897519,32.992348],[112.899207,32.992319],[112.899228,32.992069],[112.899182,32.991828],[112.898946,32.991032],[112.900862,32.990976],[112.900878,32.990341],[112.900947,32.989891],[112.898796,32.989903],[112.898802,32.989707],[112.900969,32.989617],[112.901114,32.989543],[112.903372,32.989545],[112.903375,32.98941],[112.900969,32.98943],[112.900902,32.988904],[112.898729,32.989007],[112.898686,32.988825],[112.898646,32.988773],[112.900867,32.988613],[112.900768,32.98788],[112.898608,32.988024],[112.898429,32.988078],[112.898364,32.988053],[112.897871,32.987365],[112.897576,32.987045],[112.897069,32.986244],[112.896927,32.985925],[112.896841,32.985574],[112.896758,32.984881],[112.89664,32.98428],[112.896347,32.983554],[112.896307,32.983358],[112.896184,32.983158],[112.895926,32.982507],[112.895905,32.982357],[112.895709,32.981812],[112.89554,32.981524],[112.895261,32.981169],[112.895105,32.980849],[112.894706,32.980458],[112.89447,32.980282],[112.894057,32.979821],[112.894017,32.97963],[112.894014,32.979324],[112.893915,32.979182],[112.893957,32.97857],[112.891181,32.979211],[112.890943,32.978437],[112.890908,32.97841],[112.890334,32.977056],[112.888521,32.977537],[112.88862,32.977906],[112.888706,32.978093],[112.888419,32.978149],[112.887257,32.978507],[112.88616,32.978795],[112.885635,32.978977],[112.885066,32.979112],[112.884803,32.979065],[112.884208,32.978743],[112.883328,32.976666],[112.88273,32.974929],[112.882572,32.974578],[112.882413,32.974346],[112.882231,32.974187],[112.881888,32.974067],[112.880608,32.973788],[112.88001,32.973557],[112.87983,32.973455],[112.879433,32.973354],[112.878269,32.973379],[112.878001,32.973208],[112.877392,32.972981],[112.877137,32.972832],[112.876845,32.97276],[112.876335,32.97276],[112.876231,32.972798],[112.875641,32.972846],[112.875619,32.972981],[112.875649,32.973201],[112.874801,32.973329],[112.874659,32.973291],[112.874554,32.972976],[112.874469,32.972373],[112.874157,32.971993],[112.873935,32.971833],[112.873857,32.971718],[112.873868,32.971615],[112.874412,32.97114],[112.874565,32.970935],[112.87493,32.970283],[112.874839,32.970008],[112.874828,32.969621],[112.874785,32.969479],[112.874616,32.969367],[112.874318,32.968914],[112.874241,32.968721],[112.874163,32.968656],[112.873854,32.968626],[112.873699,32.968712],[112.873554,32.968746],[112.873401,32.96848],[112.87327,32.96853],[112.873162,32.96848],[112.872843,32.968053],[112.872492,32.967427],[112.872301,32.967015],[112.872052,32.96634],[112.872025,32.966151],[112.869895,32.966522],[112.869826,32.966579],[112.869075,32.966781],[112.868629,32.965633],[112.867699,32.965757],[112.866765,32.965836],[112.866679,32.965809],[112.866422,32.965476],[112.866363,32.965444],[112.865427,32.965507],[112.865282,32.965548],[112.865038,32.965633],[112.864692,32.965843],[112.863911,32.966178],[112.863187,32.964643],[112.863128,32.964619],[112.862957,32.964668],[112.863686,32.966275],[112.863077,32.966599],[112.862812,32.966016],[112.862745,32.965791],[112.862069,32.964511],[112.86187,32.963718],[112.862788,32.963478],[112.86202,32.961882],[112.860226,32.961941],[112.859936,32.961997],[112.859183,32.962015],[112.857914,32.962238],[112.857286,32.962384],[112.856983,32.962496],[112.856814,32.962132],[112.855374,32.962584],[112.855106,32.962058],[112.85499,32.961718],[112.854819,32.961391],[112.85458,32.961029],[112.854371,32.961013],[112.854231,32.961072],[112.853797,32.960111],[112.853362,32.960334],[112.852472,32.960869],[112.851678,32.959438],[112.851147,32.958396],[112.851128,32.9582],[112.851002,32.957975],[112.850677,32.957649]]]}},{"type":"Feature","properties":{"regionCode":"411327113","sourceCode":"411327113000","name":"陌陂镇","sourceName":"陌陂镇","parentCode":"411327","parentName":"社旗县","regionLevel":"township","regionType":"town","isManagementZone":false,"source":"ruiduobao","sourceVersion":"mixed-legacy~2018-2020","geometryRepaired":false,"match2020":true,"match2023":true},"geometry":{"type":"Polygon","coordinates":[[[113.065968,33.052183],[113.063411,33.052552],[113.061974,33.052918],[113.062009,33.053093],[113.060482,33.053372],[113.060303,33.053462],[113.060174,33.053608],[113.060026,33.053617],[113.059756,33.053698],[113.059385,33.053869],[113.058819,33.053918],[113.059227,33.054788],[113.058894,33.054896],[113.054895,33.055915],[113.050856,33.057072],[113.049574,33.057383],[113.049885,33.058295],[113.050261,33.058815],[113.050489,33.059251],[113.050682,33.059491],[113.051054,33.060289],[113.051663,33.061845],[113.049668,33.062378],[113.049625,33.062229],[113.049459,33.061919],[113.049292,33.061688],[113.049214,33.06162],[113.048968,33.061521],[113.048812,33.061398],[113.048077,33.060514],[113.047833,33.060283],[113.047589,33.059808],[113.047184,33.058806],[113.047042,33.058529],[113.046605,33.057976],[113.046264,33.056953],[113.046074,33.056535],[113.045148,33.055429],[113.04502,33.055141],[113.044952,33.054674],[113.044743,33.054229],[113.044483,33.054017],[113.044365,33.054017],[113.044311,33.054139],[113.044311,33.054896],[113.044274,33.055225],[113.044183,33.055335],[113.0437,33.05544],[113.042863,33.055533],[113.042836,33.05562],[113.042976,33.055906],[113.042125,33.056187],[113.042391,33.056967],[113.042091,33.057041],[113.042152,33.057273],[113.041264,33.057441],[113.040192,33.057731],[113.039787,33.056695],[113.04112,33.05643],[113.040532,33.055229],[113.0401,33.05426],[113.039671,33.05274],[113.039599,33.052311],[113.039677,33.052235],[113.040409,33.052196],[113.040395,33.052154],[113.03825,33.050771],[113.037721,33.050333],[113.037536,33.04991],[113.037204,33.048307],[113.040588,33.04752],[113.040267,33.046002],[113.039848,33.046097],[113.039601,33.046086],[113.039368,33.045996],[113.038268,33.045207],[113.037635,33.044608],[113.03969,33.044022],[113.039524,33.043612],[113.03704,33.044253],[113.036415,33.044105],[113.039411,33.043282],[113.039245,33.04281],[113.039135,33.042227],[113.036453,33.042963],[113.034465,33.043608],[113.033998,33.043406],[113.033532,33.043008],[113.03321,33.042621],[113.033027,33.042596],[113.032298,33.042722],[113.032617,33.043329],[113.029463,33.044348],[113.029691,33.044921],[113.028932,33.04518],[113.029278,33.045665],[113.026582,33.046499],[113.027435,33.048485],[113.027148,33.048536],[113.027008,33.048129],[113.026721,33.048204],[113.026595,33.047785],[113.024125,33.048455],[113.023894,33.04765],[113.023363,33.047729],[113.022712,33.047945],[113.021944,33.046099],[113.021529,33.046182],[113.022382,33.048102],[113.021306,33.048352],[113.019788,33.048545],[113.018484,33.04893],[113.016272,33.049193],[113.015746,33.046902],[113.015448,33.046801],[113.015703,33.048284],[113.015333,33.04832],[113.015032,33.046843],[113.014399,33.046951],[113.013866,33.043999],[113.013123,33.044152],[113.011489,33.044372],[113.011597,33.044961],[113.011001,33.04513],[113.010781,33.045265],[113.010601,33.04531],[113.009542,33.045391],[113.00907,33.043383],[113.008745,33.04341],[113.009129,33.045497],[113.008721,33.045508],[113.008348,33.043453],[113.007766,33.043448],[113.008193,33.045578],[113.007165,33.045769],[113.005476,33.045962],[113.002936,33.046297],[113.002474,33.046407],[113.001232,33.046551],[113.001232,33.048419],[113.001181,33.048392],[113.000913,33.048399],[113.000291,33.0485],[113.000774,33.050838],[113.000516,33.050863],[113.000385,33.049858],[113.000173,33.048959],[112.999197,33.049089],[112.999502,33.051003],[112.998912,33.051063],[112.999154,33.051969],[112.99744,33.052381],[112.997636,33.053399],[112.997472,33.053419],[112.997925,33.054959],[112.99818,33.054908],[112.998497,33.054899],[112.998902,33.055047],[112.999403,33.055355],[112.999768,33.056519],[112.999977,33.056915],[113.00028,33.05772],[113.000841,33.057522],[113.001232,33.057441],[113.001946,33.057169],[113.002568,33.0587],[113.003099,33.058446],[113.004116,33.058169],[113.005371,33.057906],[113.00587,33.057841],[113.006897,33.057643],[113.008351,33.057302],[113.009024,33.057219],[113.009952,33.056989],[113.010623,33.058552],[113.010727,33.058655],[113.01095,33.059015],[113.011382,33.060015],[113.009209,33.060492],[113.009515,33.061663],[113.008743,33.061645],[113.008128,33.061568],[113.007761,33.061452],[113.008222,33.062474],[113.006811,33.062944],[113.007461,33.06427],[113.006758,33.064473],[113.006463,33.06445],[113.005607,33.064246],[113.005674,33.06463],[113.005717,33.065394],[113.005696,33.066138],[113.005596,33.067264],[113.005283,33.068959],[113.00506,33.069541],[113.003177,33.069912],[113.003381,33.070542],[113.001275,33.071032],[113.001662,33.071625],[113.001525,33.071674],[113.001957,33.072526],[113.002131,33.07354],[113.002295,33.074214],[113.00245,33.074599],[113.002606,33.074877],[113.002724,33.075448],[113.002767,33.075934],[113.002898,33.076349],[113.002893,33.076732],[113.002839,33.077154],[113.00292,33.077734],[113.003115,33.078406],[113.003241,33.07846],[113.004338,33.078431],[113.00454,33.078487],[113.004861,33.078745],[113.005132,33.079175],[113.005224,33.079377],[113.005342,33.079487],[113.005875,33.07957],[113.007994,33.079757],[113.009073,33.082305],[113.008933,33.082406],[113.008657,33.082496],[113.009172,33.083611],[113.009853,33.083449],[113.010293,33.083393],[113.010891,33.083162],[113.011014,33.0834],[113.011339,33.083876],[113.011567,33.084467],[113.012372,33.086175],[113.01271,33.086115],[113.013522,33.085834],[113.013866,33.086759],[113.014383,33.087888],[113.014826,33.088674],[113.016888,33.091719],[113.016486,33.091937],[113.016599,33.092308],[113.015647,33.092683],[113.016296,33.094537],[113.01526,33.094903],[113.013638,33.093989],[113.012723,33.093348],[113.011135,33.092474],[113.010226,33.092029],[113.008367,33.090948],[113.006543,33.090092],[113.004931,33.089425],[113.004019,33.089157],[113.00296,33.089018],[113.002005,33.089025],[113.001232,33.089097],[113.000202,33.089362],[112.999803,33.089245],[112.999473,33.08936],[112.999374,33.089447],[112.999272,33.089652],[112.999092,33.089818],[112.997692,33.090447],[112.997003,33.090587],[112.996541,33.090854],[112.99594,33.091357],[112.995106,33.092135],[112.994586,33.092533],[112.993856,33.092834],[112.993301,33.092924],[112.993146,33.092856],[112.993041,33.092766],[112.992703,33.092306],[112.992408,33.09202],[112.99222,33.091989],[112.991893,33.091995],[112.991359,33.092133],[112.990992,33.092153],[112.991381,33.093524],[112.991692,33.094488],[112.989728,33.09491],[112.987851,33.095375],[112.987601,33.095234],[112.987215,33.095155],[112.98699,33.09442],[112.986958,33.094393],[112.986046,33.094708],[112.984206,33.095047],[112.983238,33.095332],[112.983811,33.096636],[112.983331,33.096786],[112.983554,33.097272],[112.977463,33.09908],[112.977173,33.098541],[112.97783,33.098323],[112.977771,33.0982],[112.978501,33.097968],[112.978241,33.097332],[112.976333,33.097815],[112.975776,33.098004],[112.976183,33.09846],[112.976948,33.099148],[112.977404,33.099422],[112.977886,33.099892],[112.978436,33.100307],[112.979024,33.100694],[112.979402,33.100629],[112.97952,33.100674],[112.97981,33.100871],[112.980553,33.101498],[112.98074,33.101572],[112.981607,33.101125],[112.981797,33.100979],[112.981961,33.10079],[112.982108,33.100694],[112.984353,33.100006],[112.986915,33.099382],[112.986614,33.098465],[112.990179,33.097912],[112.989801,33.09895],[112.989728,33.09904],[112.989471,33.099217],[112.989377,33.099379],[112.989337,33.099595],[112.98939,33.100006],[112.9895,33.100406],[112.989525,33.101348],[112.99005,33.101096],[112.990388,33.101013],[112.990538,33.100925],[112.990619,33.101325],[112.990662,33.102217],[112.990737,33.102343],[112.989798,33.102395],[112.988444,33.10252],[112.988564,33.102833],[112.988747,33.103765],[112.989085,33.103599],[112.989243,33.103561],[112.989871,33.103662],[112.991351,33.10363],[112.99133,33.103323],[112.992733,33.103257],[112.992754,33.103799],[112.994339,33.103444],[112.9945,33.104017],[112.995232,33.10386],[112.995721,33.10514],[112.995991,33.106059],[112.995798,33.106111],[112.996134,33.106711],[112.996587,33.106659],[112.996839,33.107156],[112.997721,33.108448],[112.998515,33.108128],[112.998886,33.109193],[112.998043,33.109463],[112.998641,33.110487],[112.998781,33.110818],[112.999001,33.112002],[112.999202,33.112613],[112.999409,33.112972],[113.000157,33.113936],[113.000412,33.114666],[113.000616,33.11512],[113.001232,33.114999],[113.002453,33.114693],[113.003373,33.114529],[113.003426,33.11483],[113.003941,33.116526],[113.004293,33.116436],[113.004752,33.117542],[113.005063,33.11853],[113.005371,33.118526],[113.006034,33.118407],[113.006136,33.118438],[113.006313,33.119101],[113.006787,33.11906],[113.008029,33.119191],[113.009268,33.119512],[113.010333,33.12203],[113.01102,33.121868],[113.011943,33.124434],[113.013031,33.123683],[113.014643,33.12316],[113.015596,33.122947],[113.015837,33.123409],[113.016113,33.123834],[113.016424,33.123692],[113.017454,33.123461],[113.01897,33.123028],[113.019311,33.123434],[113.019775,33.123308],[113.020654,33.125469],[113.021558,33.127028],[113.022073,33.128039],[113.021746,33.128228],[113.021507,33.128437],[113.021464,33.12858],[113.021464,33.128771],[113.019598,33.129115],[113.01952,33.129782],[113.018672,33.130912],[113.018728,33.131152],[113.018782,33.131875],[113.018664,33.133171],[113.01868,33.133302],[113.018294,33.1336],[113.018146,33.133677],[113.017881,33.134438],[113.017817,33.134741],[113.016569,33.135195],[113.016602,33.135963],[113.015478,33.135577],[113.014075,33.134993],[113.013171,33.134748],[113.011342,33.134566],[113.011318,33.134636],[113.011371,33.13495],[113.011551,33.135323],[113.011583,33.135604],[113.011701,33.135813],[113.011224,33.138919],[113.017884,33.136273],[113.018138,33.135516],[113.019533,33.135474],[113.019496,33.136372],[113.02295,33.138187],[113.02493,33.139413],[113.025997,33.140484],[113.026394,33.140936],[113.02699,33.142167],[113.02758,33.144161],[113.029052,33.144098],[113.029396,33.144206],[113.029677,33.145052],[113.030573,33.145104],[113.030817,33.145892],[113.032081,33.146014],[113.033454,33.147934],[113.033998,33.148646],[113.034554,33.148473],[113.034891,33.148412],[113.0356,33.149115],[113.037064,33.14914],[113.038558,33.151004],[113.039583,33.152151],[113.040792,33.152928],[113.043279,33.15106],[113.045875,33.148556],[113.046806,33.147568],[113.047374,33.146923],[113.046924,33.145856],[113.048099,33.145131],[113.048163,33.144511],[113.048131,33.144129],[113.048034,33.143844],[113.047307,33.142827],[113.047096,33.142467],[113.04702,33.142182],[113.047018,33.141628],[113.050169,33.13816],[113.050411,33.137794],[113.050454,33.137398],[113.050167,33.136731],[113.049933,33.136487],[113.049662,33.136298],[113.04941,33.136006],[113.049011,33.135413],[113.04849,33.134939],[113.047962,33.134339],[113.048016,33.13329],[113.050762,33.132388],[113.051958,33.132176],[113.052503,33.132149],[113.052975,33.132904],[113.055469,33.132453],[113.055601,33.131725],[113.056821,33.131601],[113.057414,33.132125],[113.058777,33.131779],[113.058672,33.130721],[113.059442,33.130631],[113.060002,33.131291],[113.06093,33.13119],[113.060861,33.130168],[113.062642,33.128279],[113.062923,33.12776],[113.063344,33.126321],[113.063709,33.125438],[113.063951,33.125051],[113.064323,33.124586],[113.064702,33.124238],[113.067116,33.121812],[113.067448,33.121444],[113.0678,33.120961],[113.068014,33.120386],[113.068049,33.119927],[113.06764,33.118974],[113.067411,33.117894],[113.067749,33.115848],[113.067837,33.114797],[113.067944,33.114489],[113.069749,33.113181],[113.07142,33.111894],[113.07285,33.110973],[113.075562,33.109584],[113.076865,33.109261],[113.078528,33.108713],[113.080221,33.1084],[113.080905,33.10836],[113.081371,33.108421],[113.081728,33.108672],[113.081895,33.109036],[113.081833,33.109342],[113.081653,33.109712],[113.081203,33.110411],[113.080964,33.110892],[113.080701,33.111582],[113.080578,33.111999],[113.084392,33.112869],[113.084797,33.11228],[113.088166,33.112377],[113.088571,33.114136],[113.089241,33.11421],[113.08945,33.113462],[113.090145,33.113507],[113.091207,33.113024],[113.092433,33.112292],[113.09339,33.111582],[113.092894,33.111042],[113.092465,33.110434],[113.09243,33.110368],[113.09272,33.110184],[113.091896,33.109005],[113.092041,33.108915],[113.091937,33.108659],[113.092232,33.108531],[113.09239,33.108724],[113.092811,33.108517],[113.092607,33.108149],[113.092664,33.108079],[113.092835,33.108003],[113.092674,33.107517],[113.094005,33.106985],[113.094324,33.10692],[113.094091,33.106495],[113.09408,33.106423],[113.09415,33.106297],[113.094158,33.106169],[113.094104,33.105994],[113.093331,33.104996],[113.09312,33.104772],[113.092929,33.104644],[113.093326,33.104392],[113.09353,33.104311],[113.092766,33.102613],[113.093262,33.102424],[113.093838,33.102105],[113.093913,33.102031],[113.094504,33.101752],[113.094101,33.100815],[113.091883,33.101523],[113.091746,33.101208],[113.091695,33.10084],[113.093506,33.100283],[113.094791,33.099939],[113.094925,33.099849],[113.094962,33.099611],[113.094552,33.099458],[113.094257,33.099411],[113.093578,33.099487],[113.093262,33.09891],[113.092548,33.097806],[113.092918,33.097658],[113.093565,33.097499],[113.093326,33.096903],[113.093227,33.096407],[113.093077,33.096213],[113.092929,33.095881],[113.09268,33.095989],[113.092562,33.09595],[113.092425,33.095784],[113.092264,33.095508],[113.092197,33.095303],[113.091886,33.094665],[113.091532,33.094045],[113.091872,33.093989],[113.091626,33.093434],[113.090343,33.093863],[113.090161,33.093506],[113.091432,33.093083],[113.090947,33.09229],[113.090885,33.092249],[113.090727,33.092243],[113.090684,33.092202],[113.090266,33.09156],[113.090121,33.091602],[113.090014,33.091591],[113.089338,33.090613],[113.088908,33.09082],[113.088968,33.090928],[113.088943,33.090982],[113.088745,33.091043],[113.08852,33.090726],[113.087852,33.089566],[113.086905,33.089825],[113.086988,33.090081],[113.087865,33.092135],[113.086583,33.09204],[113.08624,33.091079],[113.08599,33.090211],[113.085084,33.090575],[113.084762,33.089863],[113.084386,33.088908],[113.084209,33.088948],[113.084013,33.089038],[113.083987,33.088924],[113.084284,33.088699],[113.084193,33.088508],[113.082718,33.088993],[113.082434,33.088371],[113.083587,33.088031],[113.083456,33.087636],[113.082286,33.088009],[113.081707,33.086829],[113.081648,33.086582],[113.081425,33.085993],[113.081291,33.08524],[113.082275,33.085004],[113.082753,33.084831],[113.082117,33.084368],[113.082364,33.084301],[113.08194,33.083919],[113.081903,33.083903],[113.081621,33.084058],[113.081044,33.083674],[113.080918,33.083393],[113.080773,33.083294],[113.080594,33.083033],[113.080038,33.081669],[113.079574,33.080761],[113.078421,33.078714],[113.078692,33.078588],[113.078703,33.078489],[113.07932,33.078294],[113.079043,33.077974],[113.078555,33.077147],[113.07741,33.077637],[113.07704,33.076927],[113.076873,33.076509],[113.076865,33.076282],[113.076463,33.075664],[113.075522,33.075983],[113.075385,33.075792],[113.076313,33.075428],[113.076155,33.075145],[113.075216,33.075491],[113.075079,33.075291],[113.076039,33.074963],[113.072378,33.068984],[113.072413,33.068739],[113.072362,33.068539],[113.073376,33.068339],[113.072622,33.066078],[113.072308,33.064828],[113.072281,33.064621],[113.072252,33.064551],[113.07211,33.064545],[113.072078,33.06416],[113.07174,33.064257],[113.071201,33.064345],[113.070747,33.064536],[113.069787,33.064778],[113.069441,33.063774],[113.069696,33.06356],[113.069817,33.063412],[113.069817,33.063297],[113.069731,33.062991],[113.068878,33.061236],[113.068518,33.060687],[113.068052,33.059174],[113.067928,33.058821],[113.067732,33.058412],[113.067502,33.057702],[113.067234,33.057347],[113.067126,33.056866],[113.067148,33.056654],[113.067129,33.056389],[113.067183,33.056227],[113.066743,33.054757],[113.066775,33.054451],[113.066729,33.053954],[113.066595,33.053309],[113.066198,33.052133],[113.065968,33.052183]]]}},{"type":"Feature","properties":{"regionCode":"411327313","sourceCode":"411327313000","name":"唐庄乡","sourceName":"唐庄乡","parentCode":"411327","parentName":"社旗县","regionLevel":"township","regionType":"township","isManagementZone":false,"source":"ruiduobao","sourceVersion":"mixed-legacy~2018-2020","geometryRepaired":false,"match2020":true,"match2023":true},"geometry":{"type":"Polygon","coordinates":[[[112.949962,33.054487],[112.949715,33.054672],[112.949452,33.054986],[112.949114,33.055728],[112.949026,33.056029],[112.949004,33.056229],[112.949023,33.05636],[112.949203,33.056744],[112.949257,33.056758],[112.949629,33.056636],[112.949702,33.056902],[112.95074,33.056625],[112.951976,33.058617],[112.95026,33.059109],[112.950018,33.059082],[112.949772,33.058938],[112.949305,33.058504],[112.949173,33.058152],[112.94897,33.058644],[112.948661,33.059172],[112.948562,33.059588],[112.948602,33.059862],[112.949063,33.060229],[112.949434,33.060732],[112.949688,33.061193],[112.950225,33.061443],[112.950485,33.061539],[112.952084,33.061571],[112.953682,33.061924],[112.954154,33.062148],[112.954892,33.062683],[112.955423,33.063225],[112.955525,33.063553],[112.955538,33.064055],[112.955439,33.064255],[112.955082,33.064545],[112.95464,33.064796],[112.954366,33.064992],[112.954157,33.064846],[112.953916,33.064772],[112.953191,33.06465],[112.952872,33.064657],[112.952432,33.064747],[112.951582,33.065023],[112.949927,33.065853],[112.948093,33.066979],[112.947443,33.067561],[112.946757,33.068056],[112.946387,33.068409],[112.946151,33.068579],[112.945625,33.06886],[112.945378,33.069139],[112.945188,33.069458],[112.945008,33.069894],[112.944818,33.070249],[112.944547,33.070479],[112.943949,33.070802],[112.941889,33.071686],[112.941191,33.072176],[112.94081,33.07252],[112.94048,33.072753],[112.940167,33.072848],[112.939976,33.072823],[112.939539,33.072616],[112.939381,33.072423],[112.939316,33.07212],[112.939292,33.071441],[112.939217,33.070807],[112.939083,33.07049],[112.938871,33.070333],[112.938732,33.070288],[112.937946,33.069883],[112.93764,33.069854],[112.937286,33.069953],[112.93702,33.070189],[112.936776,33.070474],[112.936674,33.071639],[112.936787,33.072344],[112.93705,33.073279],[112.938222,33.075334],[112.938732,33.076478],[112.938901,33.077417],[112.939271,33.078381],[112.939595,33.078894],[112.936854,33.079514],[112.936905,33.080049],[112.936245,33.080148],[112.935671,33.080202],[112.935457,33.079467],[112.933603,33.079725],[112.931873,33.080026],[112.931675,33.079318],[112.931372,33.078487],[112.929998,33.078615],[112.927944,33.078945],[112.925455,33.079235],[112.925052,33.077302],[112.924521,33.077248],[112.924489,33.077192],[112.923923,33.077168],[112.924106,33.076918],[112.923269,33.077075],[112.923017,33.076986],[112.922555,33.076909],[112.920857,33.076705],[112.921249,33.078678],[112.921037,33.078586],[112.921287,33.079797],[112.92108,33.079833],[112.920664,33.077527],[112.918977,33.077777],[112.919337,33.080177],[112.918894,33.08028],[112.918497,33.077817],[112.918191,33.077851],[112.918374,33.079469],[112.918551,33.080631],[112.917218,33.080766],[112.915914,33.080977],[112.913374,33.081114],[112.913422,33.081564],[112.911411,33.08166],[112.906135,33.081995],[112.906017,33.081031],[112.902562,33.081002],[112.902581,33.081298],[112.902533,33.081575],[112.902168,33.08231],[112.901838,33.082656],[112.901342,33.082975],[112.900553,33.083146],[112.900003,33.083022],[112.899563,33.082672],[112.899013,33.08191],[112.898756,33.081689],[112.89848,33.081561],[112.898265,33.081516],[112.897943,33.081566],[112.897525,33.081743],[112.896967,33.082083],[112.89653,33.082445],[112.895698,33.083256],[112.894094,33.084242],[112.891812,33.085292],[112.889848,33.085791],[112.889486,33.085971],[112.889285,33.086209],[112.88914,33.086548],[112.889092,33.08689],[112.889215,33.087627],[112.889792,33.089337],[112.889905,33.090243],[112.889902,33.090452],[112.889797,33.090816],[112.889368,33.091674],[112.889336,33.092175],[112.889288,33.092357],[112.889103,33.092472],[112.888373,33.092751],[112.887547,33.093162],[112.887359,33.093297],[112.887086,33.093732],[112.887024,33.094011],[112.887045,33.094845],[112.887016,33.095512],[112.88704,33.095825],[112.88726,33.0966],[112.887343,33.096955],[112.887354,33.097148],[112.886935,33.097979],[112.886235,33.098907],[112.885922,33.099633],[112.885798,33.101264],[112.885624,33.102995],[112.885517,33.103226],[112.885264,33.10341],[112.884884,33.103541],[112.884521,33.103579],[112.884202,33.103545],[112.883567,33.103186],[112.882939,33.103042],[112.882067,33.102898],[112.881244,33.102891],[112.880654,33.10299],[112.88001,33.103325],[112.8795,33.10363],[112.879259,33.10383],[112.879128,33.104028],[112.879136,33.104244],[112.879272,33.104435],[112.879487,33.104594],[112.87975,33.104731],[112.880056,33.104841],[112.880579,33.104913],[112.880699,33.104987],[112.880871,33.105176],[112.881158,33.105644],[112.881241,33.105915],[112.881287,33.106237],[112.881512,33.106769],[112.881536,33.107151],[112.881469,33.107322],[112.881236,33.107562],[112.880882,33.107675],[112.880595,33.10765],[112.879989,33.107488],[112.879755,33.107549],[112.879093,33.107955],[112.878264,33.108692],[112.878194,33.108814],[112.878194,33.109011],[112.87839,33.109259],[112.878634,33.109436],[112.879841,33.10978],[112.880434,33.110036],[112.880769,33.110234],[112.880997,33.110521],[112.881099,33.110921],[112.881166,33.112071],[112.881075,33.112824],[112.880892,33.113228],[112.880571,33.113556],[112.879889,33.113929],[112.879428,33.114114],[112.878664,33.114491],[112.879659,33.11452],[112.880758,33.114287],[112.880884,33.114985],[112.881056,33.115286],[112.883137,33.116632],[112.883245,33.117647],[112.88366,33.117721],[112.885846,33.117385],[112.886844,33.117306],[112.887072,33.117578],[112.887145,33.118416],[112.887472,33.120723],[112.887566,33.121212],[112.887772,33.121817],[112.888,33.122115],[112.888341,33.122461],[112.888572,33.122832],[112.888778,33.123481],[112.889041,33.124061],[112.889712,33.124308],[112.891603,33.12449],[112.894333,33.124984],[112.89506,33.125184],[112.896425,33.125467],[112.897702,33.125472],[112.899252,33.125308],[112.899582,33.125114],[112.900338,33.122933],[112.900639,33.122706],[112.904115,33.122414],[112.904517,33.121805],[112.905775,33.121565],[112.906709,33.121482],[112.90835,33.121269],[112.91015,33.121172],[112.910316,33.121707],[112.910662,33.121747],[112.91229,33.121349],[112.912569,33.121415],[112.912827,33.121761],[112.913669,33.123452],[112.914101,33.12411],[112.914517,33.124162],[112.914747,33.123879],[112.914045,33.12227],[112.914433,33.122082],[112.91689,33.121664],[112.91667,33.120983],[112.916499,33.120667],[112.916365,33.120267],[112.916373,33.119862],[112.920404,33.119249],[112.920227,33.118896],[112.920061,33.118461],[112.919342,33.113788],[112.920691,33.113527],[112.922105,33.113467],[112.92255,33.113516],[112.923998,33.113496],[112.924089,33.113204],[112.92406,33.112889],[112.92414,33.112483],[112.924744,33.111254],[112.925055,33.110517],[112.925675,33.109674],[112.925937,33.109254],[112.927938,33.109542],[112.929314,33.109605],[112.929416,33.109142],[112.929339,33.107547],[112.928874,33.107335],[112.928247,33.107326],[112.927303,33.107365],[112.927209,33.106852],[112.924709,33.106751],[112.924749,33.106073],[112.927858,33.106095],[112.927861,33.104904],[112.926053,33.104722],[112.924859,33.104671],[112.923996,33.104567],[112.923381,33.10439],[112.923389,33.103433],[112.923566,33.100078],[112.925114,33.099903],[112.929124,33.099975],[112.930655,33.100035],[112.930951,33.100788],[112.935014,33.100532],[112.936511,33.100847],[112.93698,33.10084],[112.937779,33.100595],[112.938437,33.100141],[112.93896,33.099921],[112.94007,33.099952],[112.941124,33.100029],[112.941695,33.100159],[112.941902,33.100572],[112.941679,33.10086],[112.941223,33.101228],[112.940998,33.101455],[112.940561,33.102033],[112.940362,33.102422],[112.940287,33.102788],[112.940317,33.10317],[112.940483,33.103657],[112.940741,33.103922],[112.941961,33.104808],[112.942176,33.104999],[112.942353,33.105246],[112.942463,33.105666],[112.942396,33.106169],[112.942227,33.106518],[112.942055,33.106771],[112.94184,33.106958],[112.941446,33.107171],[112.940692,33.107506],[112.940041,33.107922],[112.939748,33.108421],[112.939847,33.108778],[112.940269,33.109171],[112.940588,33.109521],[112.940757,33.109757],[112.940896,33.110049],[112.941403,33.110616],[112.941626,33.111128],[112.942562,33.112429],[112.943817,33.113997],[112.944694,33.114707],[112.946183,33.1155],[112.94669,33.115866],[112.947114,33.116279],[112.947714,33.117063],[112.948294,33.118106],[112.949029,33.120056],[112.949192,33.121197],[112.949077,33.122115],[112.949187,33.123477],[112.949557,33.12564],[112.949495,33.126116],[112.950152,33.128531],[112.950828,33.12869],[112.951105,33.129807],[112.951553,33.131247],[112.95199,33.132244],[112.952161,33.132475],[112.952642,33.132772],[112.954291,33.133376],[112.955627,33.133564],[112.956571,33.133621],[112.957354,33.133794],[112.958221,33.134061],[112.96127,33.135274],[112.965828,33.137372],[112.967721,33.138301],[112.968931,33.138982],[112.969464,33.139323],[112.970162,33.139476],[112.971023,33.13944],[112.972069,33.139119],[112.973675,33.138908],[112.9758,33.13836],[112.976323,33.138164],[112.976283,33.13758],[112.976599,33.136945],[112.976913,33.135983],[112.977313,33.13458],[112.975741,33.129955],[112.976851,33.129539],[112.978589,33.129162],[112.97956,33.129146],[112.980679,33.129292],[112.982291,33.129618],[112.983624,33.12969],[112.984646,33.129463],[112.986078,33.128949],[112.987902,33.12801],[112.987765,33.126215],[112.987626,33.125002],[112.987725,33.124393],[112.987738,33.122527],[112.988508,33.122304],[112.992054,33.12199],[112.99369,33.12194],[112.994216,33.122133],[112.994468,33.122688],[112.994707,33.123668],[112.994733,33.124],[112.994811,33.12431],[112.994935,33.124589],[112.995259,33.126136],[112.995484,33.126871],[112.996024,33.129382],[112.996493,33.130966],[112.996632,33.131689],[112.996694,33.132215],[112.996622,33.13265],[112.996147,33.133169],[112.996029,33.133661],[112.996241,33.133931],[112.996329,33.134297],[112.996305,33.134719],[112.99601,33.135669],[112.995991,33.136222],[112.996053,33.136639],[112.995932,33.137055],[112.995817,33.137969],[112.996018,33.138393],[112.996793,33.138957],[112.996936,33.139222],[112.996978,33.139867],[112.997373,33.14119],[112.997743,33.141652],[112.998113,33.142018],[112.99859,33.142339],[112.999092,33.1424],[112.999867,33.142272],[113.000071,33.14207],[112.999918,33.140916],[112.999945,33.140262],[113.000565,33.140015],[113.001004,33.139921],[113.001377,33.139934],[113.001694,33.14169],[113.002751,33.141661],[113.002654,33.138847],[113.003775,33.13882],[113.003995,33.141479],[113.004765,33.141448],[113.004829,33.139251],[113.005669,33.139229],[113.005765,33.141556],[113.010937,33.141452],[113.010947,33.139029],[113.011224,33.138919],[113.011701,33.135813],[113.011583,33.135604],[113.011551,33.135323],[113.011371,33.13495],[113.011318,33.134636],[113.011342,33.134566],[113.013171,33.134748],[113.014075,33.134993],[113.015478,33.135577],[113.016602,33.135963],[113.016572,33.135194],[113.017817,33.134741],[113.017881,33.134438],[113.018146,33.133677],[113.018294,33.1336],[113.01868,33.133302],[113.018664,33.133171],[113.018782,33.131875],[113.018728,33.131152],[113.018672,33.130912],[113.01952,33.129782],[113.019598,33.129115],[113.021464,33.128771],[113.021464,33.12858],[113.021507,33.128437],[113.021746,33.128228],[113.022073,33.128039],[113.021558,33.127028],[113.020654,33.125469],[113.019775,33.123308],[113.019311,33.123434],[113.01897,33.123028],[113.017454,33.123461],[113.016424,33.123692],[113.016113,33.123834],[113.015837,33.123409],[113.015596,33.122947],[113.014643,33.12316],[113.013031,33.123683],[113.011943,33.124434],[113.01102,33.121868],[113.010333,33.12203],[113.009268,33.119512],[113.008029,33.119191],[113.006787,33.11906],[113.006313,33.119101],[113.006136,33.118438],[113.006034,33.118407],[113.005371,33.118526],[113.005063,33.11853],[113.004752,33.117542],[113.004293,33.116436],[113.003941,33.116526],[113.003426,33.11483],[113.003373,33.114529],[113.002453,33.114693],[113.001232,33.114999],[113.000616,33.11512],[113.000412,33.114666],[113.000157,33.113936],[112.999409,33.112972],[112.999202,33.112613],[112.999001,33.112002],[112.998781,33.110818],[112.998641,33.110487],[112.998043,33.109463],[112.998886,33.109193],[112.998515,33.108128],[112.997721,33.108448],[112.996839,33.107156],[112.996587,33.106659],[112.996134,33.106711],[112.995798,33.106111],[112.995991,33.106059],[112.995721,33.10514],[112.995232,33.10386],[112.9945,33.104017],[112.994339,33.103444],[112.992754,33.103799],[112.992733,33.103257],[112.99133,33.103323],[112.991351,33.10363],[112.989871,33.103662],[112.989243,33.103561],[112.989085,33.103599],[112.988747,33.103765],[112.988564,33.102833],[112.988444,33.10252],[112.989798,33.102395],[112.990737,33.102343],[112.990662,33.102217],[112.990619,33.101325],[112.990538,33.100925],[112.990388,33.101013],[112.99005,33.101096],[112.989525,33.101348],[112.9895,33.100406],[112.98939,33.100006],[112.989337,33.099595],[112.989377,33.099379],[112.989471,33.099217],[112.989728,33.09904],[112.989801,33.09895],[112.990179,33.097912],[112.986614,33.098465],[112.986915,33.099382],[112.984353,33.100006],[112.982108,33.100694],[112.981961,33.10079],[112.981797,33.100979],[112.981607,33.101125],[112.98074,33.101572],[112.980553,33.101498],[112.97981,33.100871],[112.97952,33.100674],[112.979402,33.100629],[112.979024,33.100694],[112.978436,33.100307],[112.977886,33.099892],[112.977404,33.099422],[112.976948,33.099148],[112.976183,33.09846],[112.975776,33.098004],[112.976333,33.097815],[112.978241,33.097332],[112.978501,33.097968],[112.977771,33.0982],[112.97783,33.098323],[112.977173,33.098541],[112.977463,33.09908],[112.983554,33.097272],[112.983331,33.096786],[112.983811,33.096636],[112.983238,33.095332],[112.984206,33.095047],[112.986046,33.094708],[112.986958,33.094393],[112.98699,33.09442],[112.987215,33.095155],[112.987601,33.095234],[112.987851,33.095375],[112.989728,33.09491],[112.991692,33.094488],[112.991381,33.093524],[112.990992,33.092153],[112.991359,33.092133],[112.991893,33.091995],[112.99222,33.091989],[112.992408,33.09202],[112.992703,33.092306],[112.993041,33.092766],[112.993146,33.092856],[112.993301,33.092924],[112.993856,33.092834],[112.994599,33.092524],[112.995106,33.092135],[112.99594,33.091357],[112.996541,33.090854],[112.997003,33.090587],[112.997692,33.090447],[112.999092,33.089818],[112.999272,33.089652],[112.999374,33.089447],[112.999473,33.08936],[112.999803,33.089245],[113.000202,33.089362],[113.001232,33.089097],[113.002005,33.089025],[113.00296,33.089018],[113.004019,33.089157],[113.004931,33.089425],[113.006543,33.090092],[113.008367,33.090948],[113.010226,33.092029],[113.011135,33.092474],[113.012723,33.093348],[113.013638,33.093989],[113.01526,33.094903],[113.016296,33.094537],[113.015647,33.092683],[113.016599,33.092308],[113.016486,33.091937],[113.016888,33.091719],[113.014826,33.088674],[113.014383,33.087888],[113.013866,33.086759],[113.013522,33.085834],[113.01271,33.086115],[113.012372,33.086175],[113.011567,33.084467],[113.011339,33.083876],[113.011014,33.0834],[113.010891,33.083162],[113.010293,33.083393],[113.009853,33.083449],[113.009172,33.083611],[113.008657,33.082496],[113.008933,33.082406],[113.009073,33.082305],[113.007994,33.079757],[113.005875,33.07957],[113.005342,33.079487],[113.005224,33.079377],[113.005132,33.079175],[113.004861,33.078745],[113.00454,33.078487],[113.004338,33.078431],[113.003241,33.07846],[113.003115,33.078406],[113.00292,33.077734],[113.002839,33.077154],[113.002893,33.076732],[113.002898,33.076349],[113.002767,33.075934],[113.002692,33.075275],[113.001155,33.0757],[113.001342,33.076356],[113.001415,33.076493],[113.001232,33.076561],[113.000473,33.076642],[112.995627,33.073264],[112.99487,33.072769],[112.99291,33.071364],[112.993186,33.07129],[112.993103,33.071171],[112.99277,33.070906],[112.991657,33.069899],[112.991182,33.069425],[112.991314,33.069371],[112.990656,33.068588],[112.990088,33.067833],[112.989672,33.06724],[112.989283,33.066529],[112.989168,33.066507],[112.988626,33.066705],[112.988481,33.066374],[112.988393,33.065988],[112.988149,33.066073],[112.987564,33.06501],[112.987196,33.06514],[112.986861,33.064551],[112.986824,33.064527],[112.986628,33.064565],[112.985767,33.063254],[112.985619,33.063216],[112.985013,33.063391],[112.982835,33.064144],[112.982682,33.064014],[112.98504,33.063311],[112.985083,33.063263],[112.985053,33.063155],[112.984914,33.062969],[112.984782,33.062937],[112.984383,33.063048],[112.983238,33.063535],[112.98317,33.063535],[112.983109,33.06352],[112.982972,33.063277],[112.982889,33.063005],[112.982894,33.062697],[112.982862,33.062681],[112.982358,33.062645],[112.982326,33.062681],[112.982242,33.06303],[112.982108,33.063059],[112.981451,33.062937],[112.981009,33.062589],[112.980858,33.062387],[112.981001,33.06191],[112.981175,33.061501],[112.981137,33.061496],[112.980947,33.061618],[112.979724,33.062173],[112.978871,33.061739],[112.979555,33.061384],[112.978978,33.060471],[112.979053,33.060101],[112.979485,33.060123],[112.979469,33.05944],[112.979209,33.059343],[112.979093,33.059215],[112.979088,33.05872],[112.977886,33.058565],[112.977583,33.058495],[112.977307,33.057895],[112.976047,33.057677],[112.975381,33.057522],[112.975239,33.057551],[112.975191,33.057637],[112.975153,33.057969],[112.975108,33.058059],[112.974896,33.058084],[112.974389,33.058019],[112.974381,33.057985],[112.974563,33.057621],[112.974518,33.057567],[112.97404,33.057477],[112.973987,33.057421],[112.974319,33.057142],[112.974762,33.056636],[112.974845,33.056614],[112.975177,33.056652],[112.975805,33.056762],[112.975405,33.055993],[112.975349,33.055964],[112.975226,33.056045],[112.975041,33.056328],[112.974923,33.056409],[112.974158,33.056742],[112.974035,33.056735],[112.973603,33.056322],[112.973528,33.056131],[112.974585,33.055721],[112.974088,33.055515],[112.97348,33.055193],[112.973126,33.054813],[112.972514,33.055058],[112.972176,33.05446],[112.971739,33.054577],[112.971519,33.054422],[112.970867,33.05464],[112.970816,33.054568],[112.97024,33.054784],[112.970191,33.054618],[112.970089,33.054447],[112.96907,33.054768],[112.969014,33.054642],[112.967557,33.055094],[112.966865,33.055384],[112.965176,33.055825],[112.964907,33.05651],[112.964205,33.057875],[112.963867,33.058752],[112.963572,33.059039],[112.963317,33.059467],[112.961292,33.058477],[112.959245,33.057275],[112.958183,33.056459],[112.957419,33.055805],[112.957228,33.055593],[112.956769,33.055186],[112.95656,33.054935],[112.956405,33.054806],[112.956303,33.05466],[112.956179,33.054577],[112.955549,33.054314],[112.955469,33.0546],[112.955039,33.055128],[112.954527,33.055429],[112.954136,33.055472],[112.953846,33.055465],[112.953323,33.055339],[112.952808,33.05504],[112.951714,33.054319],[112.951239,33.05419],[112.950759,33.054204],[112.950456,33.054256],[112.949962,33.054487]]]}}]}