{"type":"FeatureCollection","name":"淅川县","features":[{"type":"Feature","properties":{"regionCode":"411326001","sourceCode":"411326001000","name":"龙城街道","sourceName":"龙城街道办事处","parentCode":"411326","parentName":"淅川县","regionLevel":"township","regionType":"street","isManagementZone":false,"source":"ruiduobao","sourceVersion":"mixed-legacy~2018-2020","geometryRepaired":false,"match2020":true,"match2023":true},"geometry":{"type":"Polygon","coordinates":[[[111.472448,33.135343],[111.470354,33.138045],[111.470195,33.138198],[111.468752,33.137479],[111.468439,33.137978],[111.466523,33.140716],[111.464573,33.143229],[111.464007,33.143766],[111.463248,33.144397],[111.462661,33.144826],[111.459772,33.14662],[111.459281,33.146991],[111.46048,33.148324],[111.462782,33.149757],[111.474664,33.1539],[111.476442,33.146582],[111.481007,33.147316],[111.481951,33.152692],[111.485613,33.154972],[111.487893,33.154954],[111.491519,33.151848],[111.494673,33.146054],[111.497388,33.142957],[111.496465,33.141041],[111.49418,33.139905],[111.490146,33.139552],[111.485672,33.139588],[111.479505,33.139276],[111.478325,33.139294],[111.479116,33.136563],[111.475461,33.135051],[111.472668,33.135074],[111.472448,33.135343]]]}},{"type":"Feature","properties":{"regionCode":"411326002","sourceCode":"411326002000","name":"商圣街道","sourceName":"商圣街道办事处","parentCode":"411326","parentName":"淅川县","regionLevel":"township","regionType":"street","isManagementZone":false,"source":"ruiduobao","sourceVersion":"mixed-legacy~2018-2020","geometryRepaired":false,"match2020":true,"match2023":true},"geometry":{"type":"Polygon","coordinates":[[[111.478486,33.118494],[111.475509,33.118514],[111.475458,33.11933],[111.475487,33.120539],[111.475463,33.12165],[111.475249,33.123621],[111.475066,33.126458],[111.474819,33.129063],[111.474752,33.129427],[111.474535,33.130126],[111.4742,33.131024],[111.473586,33.13296],[111.473266,33.133782],[111.473057,33.134517],[111.472929,33.134755],[111.472668,33.135074],[111.475461,33.135051],[111.479116,33.136563],[111.478325,33.139294],[111.479505,33.139276],[111.485672,33.139588],[111.490146,33.139552],[111.492498,33.139743],[111.492793,33.136828],[111.49507,33.136823],[111.495507,33.133742],[111.495486,33.130667],[111.486366,33.129968],[111.488177,33.127648],[111.489539,33.126869],[111.489969,33.123019],[111.488131,33.120727],[111.488121,33.118804],[111.484473,33.118447],[111.478486,33.118494]]]}},{"type":"Feature","properties":{"regionCode":"411326101","sourceCode":"411326101000","name":"荆紫关镇","sourceName":"荆紫关镇","parentCode":"411326","parentName":"淅川县","regionLevel":"township","regionType":"town","isManagementZone":false,"source":"ruiduobao","sourceVersion":"mixed-legacy~2018-2020","geometryRepaired":false,"match2020":true,"match2023":true},"geometry":{"type":"MultiPolygon","coordinates":[[[[111.011602,33.174342],[111.01069,33.174456],[111.010433,33.174521],[111.010331,33.174577],[111.010132,33.174618],[111.009783,33.174851],[111.009655,33.175383],[111.009896,33.175931],[111.011114,33.177222],[111.01319,33.178829],[111.013855,33.179166],[111.016025,33.180589],[111.017168,33.181146],[111.018109,33.181806],[111.01856,33.182383],[111.019364,33.183943],[111.019938,33.184673],[111.020606,33.185166],[111.022154,33.185943],[111.022529,33.186257],[111.022733,33.186679],[111.022867,33.187348],[111.023412,33.187802],[111.023675,33.188163],[111.023798,33.189065],[111.023924,33.189328],[111.024254,33.189523],[111.025048,33.189766],[111.026177,33.190556],[111.027282,33.190691],[111.028567,33.190453],[111.029562,33.190118],[111.031029,33.189366],[111.031496,33.189012],[111.031834,33.188659],[111.032024,33.188376],[111.032201,33.188035],[111.032301,33.187683],[111.032333,33.187364],[111.032309,33.18703],[111.032086,33.186592],[111.031799,33.186264],[111.031523,33.185986],[111.030903,33.185256],[111.030077,33.184495],[111.029624,33.183977],[111.0295,33.183701],[111.029519,33.183537],[111.029549,33.183317],[111.029956,33.182585],[111.029841,33.182228],[111.029176,33.181597],[111.028918,33.181285],[111.028191,33.17986],[111.027693,33.179141],[111.027411,33.179016],[111.026974,33.179031],[111.026445,33.179103],[111.02604,33.179076],[111.025769,33.178852],[111.024986,33.17757],[111.024737,33.17726],[111.024308,33.176887],[111.023921,33.176658],[111.023524,33.176584],[111.022795,33.176596],[111.021912,33.176703],[111.021003,33.176876],[111.02059,33.176919],[111.020247,33.176804],[111.020013,33.176553],[111.019791,33.176176],[111.0196,33.17576],[111.019396,33.175473],[111.019136,33.175323],[111.018511,33.175165],[111.018128,33.175121],[111.017122,33.175103],[111.01639,33.175035],[111.015963,33.174896],[111.014944,33.174173],[111.014649,33.174131],[111.013404,33.174169],[111.011602,33.174342]]],[[[111.033108,33.15496],[111.032767,33.155037],[111.032073,33.155306],[111.031772,33.155571],[111.031523,33.155995],[111.031279,33.156615],[111.03122,33.157213],[111.031297,33.157684],[111.031474,33.158122],[111.031686,33.158378],[111.034999,33.161225],[111.035951,33.161953],[111.036536,33.162754],[111.03675,33.163196],[111.03774,33.164171],[111.03855,33.16453],[111.038837,33.164719],[111.0391,33.164999],[111.039347,33.165374],[111.039481,33.165763],[111.039556,33.1668],[111.039532,33.167114],[111.039559,33.167934],[111.039677,33.16874],[111.039832,33.169052],[111.040141,33.169384],[111.040567,33.169515],[111.041721,33.169474],[111.042061,33.169595],[111.042708,33.170096],[111.043056,33.170287],[111.0434,33.170424],[111.044113,33.170568],[111.04455,33.170599],[111.045647,33.170561],[111.04745,33.170399],[111.048917,33.170426],[111.04984,33.170514],[111.051178,33.170916],[111.051977,33.171261],[111.052672,33.171598],[111.05312,33.171888],[111.053351,33.172144],[111.053402,33.172474],[111.053391,33.173122],[111.053332,33.173576],[111.053246,33.173861],[111.053042,33.174209],[111.052801,33.174485],[111.052342,33.174925],[111.051505,33.175592],[111.051213,33.17594],[111.051199,33.176373],[111.051275,33.17695],[111.051468,33.177965],[111.051698,33.178906],[111.051798,33.179923],[111.051969,33.180847],[111.052117,33.181276],[111.052369,33.181842],[111.052814,33.182583],[111.053316,33.183276],[111.053898,33.183905],[111.054753,33.184592],[111.055115,33.184843],[111.056816,33.185905],[111.057124,33.186134],[111.057371,33.186455],[111.057476,33.186897],[111.057462,33.187344],[111.057339,33.188098],[111.057242,33.188471],[111.0571,33.188843],[111.056666,33.189768],[111.056446,33.190141],[111.055939,33.190801],[111.055834,33.191155],[111.056014,33.192551],[111.056014,33.193079],[111.055974,33.193671],[111.055872,33.194185],[111.055714,33.194547],[111.055392,33.194839],[111.055105,33.194919],[111.052597,33.195184],[111.051701,33.195463],[111.050899,33.195925],[111.049209,33.196226],[111.048828,33.196363],[111.048566,33.19652],[111.047037,33.197871],[111.046581,33.198214],[111.044856,33.199305],[111.044413,33.199541],[111.043949,33.199707],[111.043617,33.199776],[111.04318,33.199801],[111.042734,33.199776],[111.041806,33.199673],[111.040505,33.199453],[111.040031,33.199482],[111.03973,33.199572],[111.039443,33.19974],[111.039084,33.19999],[111.038719,33.200349],[111.038035,33.201282],[111.037813,33.201745],[111.037265,33.203334],[111.037088,33.203886],[111.036933,33.204714],[111.036858,33.20538],[111.036844,33.205688],[111.036882,33.206031],[111.037123,33.207023],[111.036957,33.207425],[111.036683,33.207634],[111.036321,33.207791],[111.035728,33.207865],[111.033323,33.207748],[111.032582,33.207757],[111.03226,33.207782],[111.031603,33.207912],[111.030807,33.208159],[111.029924,33.208551],[111.029109,33.209088],[111.028253,33.209752],[111.027972,33.209902],[111.02706,33.210246],[111.026081,33.210555],[111.024943,33.211116],[111.024372,33.211529],[111.02354,33.212252],[111.02287,33.212539],[111.021875,33.212768],[111.021513,33.212957],[111.021215,33.213242],[111.02103,33.213569],[111.02085,33.214498],[111.020665,33.214947],[111.0204,33.215403],[111.020142,33.21573],[111.019887,33.21597],[111.019115,33.216482],[111.018439,33.216854],[111.017304,33.21762],[111.015615,33.21865],[111.014579,33.219354],[111.013565,33.220128],[111.012798,33.220761],[111.012045,33.221537],[111.011422,33.222368],[111.009885,33.225118],[111.0094,33.226103],[111.007992,33.229276],[111.00767,33.229837],[111.007254,33.230472],[111.006715,33.231145],[111.006356,33.23152],[111.005602,33.232148],[111.002665,33.234053],[111.001745,33.234759],[111.000921,33.235444],[111.000468,33.235877],[111.000254,33.236139],[110.999001,33.236731],[110.997966,33.237108],[110.997032,33.237597],[110.996364,33.238032],[110.99553,33.238809],[110.995235,33.239022],[110.99384,33.239592],[110.993553,33.239677],[110.992987,33.239782],[110.992422,33.239814],[110.992051,33.23974],[110.991668,33.239583],[110.991405,33.239417],[110.990276,33.238474],[110.989841,33.238221],[110.989004,33.238326],[110.988481,33.238461],[110.988111,33.238977],[110.988296,33.23956],[110.988621,33.240372],[110.988742,33.241048],[110.988758,33.242465],[110.988731,33.243035],[110.988546,33.244058],[110.988522,33.244435],[110.98854,33.244722],[110.988688,33.245081],[110.988932,33.245532],[110.989171,33.245909],[110.989785,33.246743],[110.990209,33.247508],[110.990541,33.247954],[110.990869,33.248244],[110.991255,33.248511],[110.991571,33.248845],[110.991735,33.249352],[110.991633,33.249877],[110.991324,33.250698],[110.990525,33.25208],[110.990217,33.25271],[110.989973,33.25306],[110.989659,33.253313],[110.989029,33.25369],[110.98824,33.254062],[110.988361,33.25461],[110.988581,33.254899],[110.988956,33.255155],[110.989423,33.255419],[110.989895,33.255749],[110.990058,33.255996],[110.990002,33.256334],[110.989865,33.256714],[110.989629,33.257153],[110.989372,33.25749],[110.988725,33.258151],[110.987953,33.258838],[110.987366,33.259223],[110.986561,33.259645],[110.984914,33.260753],[110.983809,33.261643],[110.982076,33.264148],[110.981486,33.264918],[110.981186,33.265243],[110.980456,33.266205],[110.97981,33.266737],[110.979466,33.266977],[110.978246,33.267687],[110.977911,33.267934],[110.977589,33.268295],[110.977452,33.268842],[110.977114,33.269457],[110.976913,33.269733],[110.976323,33.27024],[110.975982,33.270477],[110.975719,33.270751],[110.975569,33.271141],[110.975478,33.27161],[110.975558,33.271957],[110.975947,33.272285],[110.977111,33.272661],[110.977401,33.272812],[110.978273,33.273637],[110.978882,33.27413],[110.979271,33.27422],[110.980215,33.274081],[110.980537,33.274124],[110.980845,33.274245],[110.981084,33.274413],[110.981572,33.274888],[110.982138,33.275225],[110.98258,33.275393],[110.98353,33.275435],[110.983865,33.275478],[110.984324,33.275624],[110.984895,33.275835],[110.985284,33.276043],[110.985507,33.2764],[110.98552,33.276936],[110.985386,33.277288],[110.985225,33.277525],[110.985091,33.27781],[110.984989,33.278243],[110.985091,33.278779],[110.985241,33.279283],[110.985268,33.279716],[110.98537,33.280174],[110.985598,33.280584],[110.985872,33.28086],[110.986258,33.281095],[110.986759,33.281799],[110.987073,33.282367],[110.987462,33.282824],[110.988149,33.283425],[110.988393,33.283781],[110.98853,33.284207],[110.988449,33.284846],[110.988471,33.285196],[110.988658,33.28555],[110.989203,33.286136],[110.989855,33.286557],[110.990372,33.28699],[110.991156,33.287553],[110.991574,33.287956],[110.991751,33.288181],[110.991898,33.288503],[110.991762,33.289219],[110.991574,33.289723],[110.991402,33.290445],[110.991346,33.290849],[110.991354,33.291293],[110.991145,33.292039],[110.991078,33.292566],[110.991102,33.293055],[110.990911,33.293514],[110.990445,33.293712],[110.990166,33.29394],[110.989895,33.294969],[110.990029,33.295326],[110.99027,33.295694],[110.990453,33.296077],[110.990453,33.29666],[110.990206,33.29709],[110.990139,33.297411],[110.99016,33.297917],[110.990362,33.299213],[110.991392,33.301128],[110.991735,33.302132],[110.99199,33.302475],[110.99232,33.302769],[110.992703,33.30321],[110.993221,33.303461],[110.993645,33.303544],[110.994184,33.303511],[110.994642,33.303522],[110.995029,33.303594],[110.995975,33.303594],[110.996413,33.303504],[110.997308,33.303257],[110.997681,33.303197],[110.998384,33.303186],[110.998786,33.303136],[110.999275,33.303161],[110.999588,33.303222],[111.0005,33.303468],[111.000822,33.303813],[111.001689,33.304405],[111.001512,33.304867],[111.001455,33.305244],[111.001635,33.305692],[111.001683,33.306019],[111.001579,33.306571],[111.001222,33.306777],[111.001002,33.307041],[111.001246,33.307248],[111.00182,33.30751],[111.002397,33.307893],[111.002174,33.308189],[111.001458,33.308534],[111.001192,33.308788],[111.00098,33.309126],[111.00071,33.310079],[111.0005,33.310449],[111.00017,33.310756],[110.999757,33.310966],[110.999508,33.311157],[110.999334,33.311964],[110.999151,33.31243],[110.998931,33.312674],[110.998639,33.312919],[110.998395,33.313244],[110.99843,33.313587],[110.998282,33.313883],[110.99799,33.314268],[110.99877,33.315066],[110.998977,33.315429],[110.999068,33.315904],[110.999162,33.316202],[110.999494,33.316604],[110.99998,33.317041],[111.000447,33.317227],[111.000959,33.31768],[111.001077,33.318016],[111.001115,33.318305],[111.001007,33.318991],[111.001174,33.319392],[111.001482,33.319771],[111.001914,33.32017],[111.00255,33.32056],[111.00347,33.321286],[111.003746,33.321579],[111.003928,33.321857],[111.004003,33.32218],[111.003781,33.323247],[111.003773,33.323771],[111.003947,33.324282],[111.004408,33.325286],[111.004813,33.326351],[111.005291,33.327093],[111.005768,33.327758],[111.006302,33.328343],[111.006635,33.328652],[111.007683,33.329224],[111.008252,33.329394],[111.008633,33.329428],[111.009231,33.329282],[111.009845,33.329296],[111.010443,33.329255],[111.010996,33.329193],[111.011618,33.32904],[111.011969,33.329009],[111.01256,33.328993],[111.013002,33.32902],[111.013622,33.329069],[111.01485,33.329231],[111.015263,33.329177],[111.016073,33.328966],[111.016811,33.329007],[111.01716,33.329069],[111.01786,33.32947],[111.0182,33.329591],[111.019295,33.329423],[111.019606,33.329439],[111.019957,33.329502],[111.020343,33.329625],[111.021059,33.32995],[111.021373,33.330165],[111.021706,33.330459],[111.022049,33.330683],[111.022596,33.330613],[111.023047,33.330645],[111.023377,33.330894],[111.023986,33.331841],[111.024739,33.332758],[111.025386,33.333437],[111.025949,33.333834],[111.026252,33.334002],[111.026917,33.334264],[111.027339,33.334387],[111.028146,33.334432],[111.028803,33.334528],[111.030791,33.334376],[111.031684,33.334587],[111.033162,33.335154],[111.034004,33.335617],[111.034747,33.335936],[111.035629,33.336187],[111.037319,33.335985],[111.039961,33.335752],[111.041908,33.335985],[111.044448,33.336926],[111.045446,33.337473],[111.04646,33.33808],[111.046999,33.338448],[111.046562,33.340231],[111.046444,33.340906],[111.047324,33.342685],[111.047308,33.343274],[111.047375,33.343597],[111.04771,33.344186],[111.048364,33.344776],[111.04882,33.345109],[111.049496,33.346093],[111.049756,33.346557],[111.051143,33.347381],[111.051623,33.347511],[111.05231,33.347489],[111.053351,33.347193],[111.053892,33.347213],[111.054442,33.347583],[111.055534,33.348464],[111.055727,33.349239],[111.055598,33.349826],[111.05551,33.350453],[111.055338,33.351018],[111.05478,33.351912],[111.054394,33.352638],[111.054426,33.353164],[111.054378,33.353655],[111.054147,33.354735],[111.054128,33.355261],[111.054284,33.355622],[111.054657,33.356],[111.055335,33.356249],[111.055931,33.356337],[111.057151,33.356619],[111.059171,33.357224],[111.059407,33.357553],[111.059565,33.357981],[111.059815,33.358447],[111.060051,33.358731],[111.060343,33.358884],[111.060732,33.358935],[111.061389,33.358951],[111.062728,33.358779],[111.06339,33.358637],[111.06398,33.358384],[111.064358,33.35829],[111.064771,33.358436],[111.06516,33.358783],[111.065627,33.359354],[111.065944,33.359567],[111.066614,33.359737],[111.067623,33.359724],[111.068167,33.35978],[111.068341,33.360008],[111.068443,33.360338],[111.06862,33.360645],[111.068956,33.361494],[111.069205,33.361724],[111.069425,33.362094],[111.069575,33.362533],[111.069768,33.362856],[111.070442,33.362959],[111.071777,33.363091],[111.072716,33.363299],[111.073113,33.363429],[111.073489,33.363602],[111.074022,33.363474],[111.075532,33.363586],[111.077745,33.363844],[111.078268,33.36364],[111.079483,33.363465],[111.080124,33.363118],[111.080835,33.362683],[111.081221,33.361565],[111.081777,33.360889],[111.082463,33.358749],[111.082404,33.358386],[111.082726,33.357988],[111.083257,33.357793],[111.083804,33.357531],[111.084078,33.357183],[111.08499,33.356749],[111.08543,33.356693],[111.08687,33.356827],[111.087364,33.356901],[111.087908,33.356885],[111.088297,33.356789],[111.088683,33.356464],[111.089035,33.355985],[111.090467,33.354945],[111.090971,33.354468],[111.093187,33.352954],[111.09375,33.352353],[111.094227,33.351773],[111.094624,33.351499],[111.094976,33.351461],[111.095797,33.351484],[111.096094,33.351452],[111.097046,33.351098],[111.098755,33.35083],[111.099431,33.350534],[111.100233,33.350092],[111.102237,33.349671],[111.103159,33.349671],[111.10446,33.349924],[111.105715,33.35031],[111.10612,33.350518],[111.105833,33.350677],[111.103639,33.350693],[111.103124,33.350724],[111.102435,33.350899],[111.10207,33.351076],[111.101544,33.351278],[111.101,33.351694],[111.100734,33.351948],[111.100313,33.35223],[111.099817,33.352405],[111.09846,33.352523],[111.097789,33.352723],[111.097419,33.353005],[111.097068,33.353554],[111.097028,33.354009],[111.097862,33.355228],[111.09827,33.355604],[111.098363,33.355884],[111.098355,33.356269],[111.098224,33.356552],[111.097867,33.35676],[111.097052,33.356928],[111.096585,33.357101],[111.096312,33.357342],[111.096062,33.357802],[111.095904,33.358223],[111.095877,33.358843],[111.095923,33.359186],[111.09724,33.359778],[111.098004,33.35995],[111.098768,33.359717],[111.099326,33.359482],[111.10016,33.35954],[111.101204,33.359831],[111.102666,33.360064],[111.1035,33.360006],[111.104127,33.359596],[111.104473,33.359186],[111.104602,33.358442],[111.104691,33.358106],[111.104688,33.35693],[111.103639,33.354759],[111.103114,33.353953],[111.102797,33.353231],[111.102797,33.352882],[111.103143,33.352591],[111.103631,33.352707],[111.104329,33.353231],[111.106627,33.355389],[111.108508,33.356731],[111.1095,33.357087],[111.110444,33.35726],[111.111208,33.357481],[111.112475,33.358129],[111.113451,33.35918],[111.114357,33.360929],[111.114636,33.36239],[111.114534,33.36392],[111.114907,33.364281],[111.115444,33.364449],[111.115803,33.364482],[111.116366,33.364384],[111.11764,33.364256],[111.118864,33.364923],[111.118872,33.365616],[111.118925,33.366057],[111.119231,33.366326],[111.120918,33.367173],[111.121897,33.368237],[111.12223,33.368694],[111.122364,33.369083],[111.122729,33.369314],[111.123238,33.369731],[111.123936,33.370071],[111.124552,33.370197],[111.125274,33.370284],[111.125786,33.37058],[111.12628,33.371435],[111.126634,33.372273],[111.126486,33.373268],[111.126411,33.374078],[111.126709,33.374336],[111.127251,33.374697],[111.128015,33.374755],[111.128332,33.374556],[111.128619,33.374235],[111.128927,33.373402],[111.129174,33.373162],[111.12989,33.373084],[111.130486,33.372976],[111.130767,33.372636],[111.131556,33.370978],[111.131816,33.370743],[111.13353,33.370667],[111.135464,33.370884],[111.137242,33.371321],[111.138079,33.371276],[111.138913,33.37088],[111.139895,33.370067],[111.140426,33.369433],[111.14097,33.368559],[111.141383,33.368004],[111.141523,33.367466],[111.139948,33.365004],[111.1389,33.3639],[111.138594,33.363788],[111.138157,33.363781],[111.137808,33.363588],[111.137473,33.362717],[111.137011,33.361966],[111.135686,33.361017],[111.135332,33.360535],[111.135338,33.360035],[111.135268,33.359504],[111.134085,33.35739],[111.133219,33.356704],[111.133111,33.356298],[111.133111,33.35592],[111.133345,33.355257],[111.133699,33.354813],[111.134275,33.354343],[111.135541,33.353957],[111.137213,33.353662],[111.138014,33.353787],[111.140587,33.354672],[111.142301,33.35506],[111.142695,33.355189],[111.143964,33.355743],[111.14428,33.355725],[111.144334,33.355116],[111.145611,33.353142],[111.145959,33.352483],[111.145959,33.352165],[111.145855,33.35087],[111.145723,33.35031],[111.145552,33.349969],[111.145184,33.349633],[111.144843,33.349086],[111.144731,33.34869],[111.144725,33.348215],[111.144154,33.34724],[111.143733,33.346449],[111.143658,33.34573],[111.14361,33.344762],[111.143478,33.344489],[111.141453,33.343348],[111.140871,33.342781],[111.140581,33.3426],[111.139366,33.34227],[111.138326,33.341842],[111.137875,33.34137],[111.137245,33.340494],[111.13688,33.340319],[111.136043,33.340321],[111.133798,33.34076],[111.13265,33.341025],[111.131655,33.341027],[111.130571,33.340937],[111.131363,33.342013],[111.13176,33.342996],[111.13173,33.34338],[111.131333,33.344083],[111.131132,33.344699],[111.130268,33.345849],[111.130005,33.346012],[111.129185,33.346095],[111.128737,33.346095],[111.127248,33.345831],[111.125591,33.345396],[111.125424,33.345085],[111.125899,33.344493],[111.126205,33.343917],[111.126135,33.343635],[111.125845,33.343333],[111.125601,33.34268],[111.125531,33.341605],[111.125376,33.340666],[111.125188,33.340375],[111.124989,33.339885],[111.124829,33.339283],[111.124807,33.338887],[111.124904,33.337769],[111.124703,33.337307],[111.124075,33.336299],[111.123552,33.33564],[111.123549,33.335116],[111.123801,33.334143],[111.124051,33.333957],[111.123246,33.333332],[111.122774,33.333341],[111.122353,33.333175],[111.12198,33.332884],[111.121023,33.332662],[111.120484,33.332386],[111.12014,33.332039],[111.119657,33.331387],[111.119483,33.330591],[111.119349,33.330322],[111.119019,33.330279],[111.118673,33.330282],[111.117675,33.329946],[111.116906,33.329778],[111.116543,33.329739],[111.116342,33.329782],[111.115521,33.33012],[111.114985,33.33012],[111.112609,33.329663],[111.11175,33.32963],[111.110385,33.329679],[111.11024,33.329697],[111.109524,33.329946],[111.109087,33.330028],[111.108639,33.33004],[111.108282,33.329946],[111.107663,33.329845],[111.107494,33.329795],[111.10726,33.329665],[111.107121,33.329426],[111.107014,33.328957],[111.107027,33.328818],[111.107145,33.328523],[111.10714,33.328345],[111.107043,33.328144],[111.106807,33.327991],[111.106391,33.327884],[111.106024,33.327572],[111.105686,33.327384],[111.10557,33.32729],[111.10553,33.327194],[111.10619,33.325822],[111.106748,33.324975],[111.107689,33.324296],[111.107968,33.324034],[111.108288,33.323644],[111.108575,33.323224],[111.108596,33.323054],[111.108556,33.322996],[111.108274,33.322985],[111.107703,33.323027],[111.107196,33.323074],[111.106692,33.323173],[111.106085,33.323211],[111.105611,33.323175],[111.105538,33.322619],[111.105447,33.322436],[111.105208,33.321653],[111.10519,33.321136],[111.10505,33.320728],[111.104675,33.320311],[111.103739,33.319609],[111.103494,33.319282],[111.103148,33.31865],[111.102819,33.318368],[111.102435,33.318175],[111.101697,33.318038],[111.101499,33.318045],[111.10126,33.318114],[111.100477,33.318078],[111.09964,33.318226],[111.098996,33.318105],[111.098492,33.318137],[111.097969,33.31794],[111.097628,33.317765],[111.097304,33.31744],[111.096778,33.316778],[111.096776,33.316406],[111.096872,33.315777],[111.096872,33.314952],[111.096754,33.314994],[111.096177,33.315337],[111.095845,33.315344],[111.095504,33.315252],[111.095086,33.315274],[111.094936,33.315308],[111.094587,33.315566],[111.094292,33.315622],[111.093822,33.315817],[111.093616,33.315848],[111.093189,33.315763],[111.092328,33.315398],[111.092047,33.315241],[111.091561,33.314562],[111.091408,33.314013],[111.091317,33.313818],[111.090961,33.313609],[111.090652,33.31349],[111.090507,33.313349],[111.090403,33.313156],[111.090285,33.313114],[111.090032,33.313127],[111.088404,33.313629],[111.087967,33.31382],[111.087763,33.313934],[111.086985,33.314499],[111.08698,33.314542],[111.087377,33.315008],[111.0875,33.315292],[111.087535,33.315685],[111.087433,33.316012],[111.08727,33.316362],[111.087283,33.316492],[111.087345,33.316631],[111.087667,33.316873],[111.087956,33.317254],[111.088013,33.317357],[111.088029,33.317574],[111.08709,33.317776],[111.0861,33.318329],[111.085508,33.318585],[111.085054,33.318621],[111.084486,33.318433],[111.083837,33.318464],[111.082525,33.318888],[111.0823,33.318921],[111.082182,33.318872],[111.082037,33.318755],[111.081356,33.317836],[111.08116,33.317704],[111.080739,33.317162],[111.080513,33.317056],[111.080162,33.316978],[111.079929,33.316879],[111.078561,33.315949],[111.078228,33.315633],[111.077839,33.315543],[111.077509,33.315373],[111.077351,33.315127],[111.077271,33.315084],[111.077928,33.314613],[111.078142,33.314308],[111.078199,33.314073],[111.078896,33.312515],[111.079341,33.312094],[111.079419,33.311906],[111.079644,33.311637],[111.080071,33.311354],[111.081047,33.310848],[111.081567,33.310328],[111.081618,33.310204],[111.081315,33.309686],[111.081267,33.309556],[111.081278,33.30937],[111.081651,33.308335],[111.081766,33.307523],[111.081852,33.307268],[111.082292,33.306925],[111.082954,33.306194],[111.083437,33.305853],[111.084172,33.305495],[111.084215,33.305347],[111.084242,33.30452],[111.084204,33.304221],[111.084169,33.303166],[111.083641,33.303112],[111.083464,33.303062],[111.083319,33.302881],[111.083,33.30228],[111.082705,33.301908],[111.082501,33.301778],[111.082316,33.301697],[111.081897,33.301601],[111.081393,33.301542],[111.081052,33.301433],[111.080264,33.301036],[111.08014,33.300756],[111.080025,33.300197],[111.07984,33.300058],[111.079317,33.299834],[111.079151,33.299718],[111.078942,33.299348],[111.078767,33.298673],[111.078673,33.298527],[111.078427,33.298303],[111.078123,33.298115],[111.077608,33.29796],[111.07738,33.297826],[111.076806,33.297274],[111.076552,33.297137],[111.076434,33.296664],[111.076353,33.296545],[111.07572,33.295817],[111.075082,33.295303],[111.074961,33.295124],[111.074645,33.294297],[111.074545,33.294142],[111.074071,33.293714],[111.073912,33.293463],[111.073639,33.293216],[111.073371,33.292893],[111.073076,33.292694],[111.072638,33.292526],[111.072233,33.292481],[111.072115,33.292416],[111.072062,33.292017],[111.072043,33.291284],[111.072099,33.290454],[111.071936,33.289728],[111.071979,33.289441],[111.07222,33.288734],[111.072198,33.288533],[111.07215,33.28849],[111.072035,33.288463],[111.071227,33.288322],[111.070938,33.288198],[111.070847,33.288026],[111.07089,33.287001],[111.071244,33.286113],[111.071608,33.28601],[111.071689,33.285903],[111.071732,33.285698],[111.071818,33.285613],[111.07196,33.285609],[111.072156,33.285674],[111.072252,33.285669],[111.072579,33.285494],[111.072542,33.285364],[111.072223,33.284828],[111.072231,33.284584],[111.07226,33.284544],[111.072333,33.284499],[111.072547,33.284488],[111.072641,33.284438],[111.072617,33.284342],[111.072418,33.284203],[111.072394,33.284138],[111.072451,33.284006],[111.072636,33.283954],[111.072818,33.28397],[111.073413,33.284394],[111.073644,33.284474],[111.073802,33.284454],[111.073867,33.284147],[111.073939,33.284073],[111.074001,33.284082],[111.07403,33.284102],[111.074063,33.284463],[111.074111,33.284535],[111.07436,33.284611],[111.074427,33.284575],[111.074527,33.284342],[111.074626,33.28425],[111.074749,33.284237],[111.074859,33.284286],[111.075165,33.284562],[111.075312,33.284645],[111.075366,33.284629],[111.07561,33.284297],[111.075825,33.284261],[111.075937,33.284328],[111.075962,33.284378],[111.075948,33.28449],[111.075838,33.284663],[111.075857,33.284737],[111.075967,33.284822],[111.076254,33.284882],[111.076455,33.284822],[111.076578,33.28473],[111.076627,33.284741],[111.076707,33.284822],[111.076823,33.285026],[111.076935,33.285057],[111.076989,33.28505],[111.07704,33.284981],[111.077099,33.284416],[111.077142,33.284369],[111.077421,33.284268],[111.077617,33.284268],[111.077684,33.284308],[111.077718,33.284391],[111.077442,33.284728],[111.077423,33.284813],[111.077512,33.284929],[111.077584,33.284945],[111.077804,33.2849],[111.077944,33.284817],[111.078013,33.284685],[111.078027,33.284467],[111.078142,33.284248],[111.078161,33.284075],[111.078113,33.283916],[111.07767,33.28373],[111.077249,33.283454],[111.077268,33.283393],[111.077434,33.283219],[111.077507,33.283163],[111.077627,33.283149],[111.07815,33.283317],[111.078204,33.283351],[111.078322,33.283526],[111.078424,33.283535],[111.078491,33.283494],[111.078456,33.283129],[111.078488,33.282207],[111.078456,33.282003],[111.078453,33.281158],[111.078464,33.281111],[111.078545,33.281046],[111.078692,33.281062],[111.07874,33.281138],[111.078727,33.281463],[111.078866,33.281994],[111.078958,33.282656],[111.079089,33.282797],[111.079094,33.28284],[111.079025,33.282985],[111.078824,33.283201],[111.078781,33.283328],[111.078786,33.283438],[111.079038,33.283831],[111.07925,33.284041],[111.079454,33.284131],[111.07962,33.284151],[111.079644,33.284133],[111.079612,33.284001],[111.079644,33.283882],[111.079853,33.283694],[111.079912,33.283689],[111.080111,33.283893],[111.080213,33.283893],[111.080602,33.283378],[111.080862,33.283304],[111.081122,33.283308],[111.081476,33.283447],[111.081573,33.283517],[111.082026,33.284044],[111.082133,33.284055],[111.082182,33.284024],[111.082198,33.283692],[111.082147,33.283057],[111.082115,33.28301],[111.081567,33.282674],[111.081508,33.282562],[111.081522,33.282483],[111.081693,33.282169],[111.081862,33.281918],[111.081964,33.281858],[111.082318,33.281965],[111.082815,33.282521],[111.082903,33.28273],[111.08301,33.282842],[111.083332,33.283037],[111.083552,33.283073],[111.084011,33.283062],[111.084056,33.283026],[111.084129,33.282808],[111.084199,33.28271],[111.084679,33.282353],[111.085129,33.281938],[111.085092,33.281662],[111.085113,33.281577],[111.085524,33.281418],[111.085706,33.28121],[111.085787,33.281178],[111.086025,33.281194],[111.08613,33.281236],[111.086454,33.281517],[111.086621,33.281613],[111.087519,33.281882],[111.08771,33.28188],[111.088015,33.281801],[111.088206,33.281669],[111.088624,33.281176],[111.088791,33.280795],[111.088943,33.280754],[111.089021,33.28077],[111.089088,33.280831],[111.08915,33.281324],[111.089357,33.281595],[111.089488,33.281631],[111.089917,33.281544],[111.090051,33.281555],[111.090094,33.281591],[111.089898,33.28212],[111.089748,33.282308],[111.089485,33.282508],[111.089432,33.282678],[111.089499,33.282745],[111.089829,33.282878],[111.09003,33.283068],[111.090116,33.283104],[111.090159,33.283102],[111.090282,33.282916],[111.090553,33.28264],[111.090636,33.282685],[111.091041,33.283212],[111.091548,33.283701],[111.09202,33.284057],[111.092326,33.284474],[111.092559,33.284703],[111.092632,33.284822],[111.092795,33.285259],[111.09301,33.285519],[111.093055,33.285616],[111.093104,33.285911],[111.093262,33.286237],[111.093514,33.286537],[111.094273,33.286645],[111.094769,33.286672],[111.095196,33.286611],[111.095939,33.286378],[111.096341,33.286342],[111.096381,33.286358],[111.096708,33.286846],[111.096886,33.287035],[111.09717,33.287302],[111.097537,33.287571],[111.098012,33.288113],[111.098299,33.288333],[111.098948,33.288705],[111.099573,33.288981],[111.10026,33.289241],[111.101129,33.289452],[111.101357,33.289472],[111.101738,33.289438],[111.102679,33.289189],[111.103457,33.289033],[111.10369,33.289021],[111.104522,33.289107],[111.104972,33.289109],[111.106075,33.28903],[111.107588,33.289086],[111.107907,33.289026],[111.108132,33.28892],[111.10832,33.288723],[111.108349,33.28862],[111.10833,33.288425],[111.108207,33.288228],[111.108062,33.288107],[111.107681,33.287811],[111.107526,33.287755],[111.105611,33.287914],[111.104857,33.287902],[111.104318,33.288019],[111.103835,33.287963],[111.103728,33.287979],[111.103355,33.288207],[111.103232,33.288228],[111.102524,33.28808],[111.102405,33.288145],[111.102333,33.288228],[111.102159,33.288665],[111.1021,33.288737],[111.101904,33.288878],[111.101528,33.288994],[111.101247,33.288954],[111.100574,33.288627],[111.100493,33.288524],[111.100445,33.288382],[111.100348,33.288299],[111.100211,33.288246],[111.099439,33.288115],[111.099093,33.288019],[111.098803,33.28786],[111.098589,33.287654],[111.098025,33.286894],[111.097867,33.286755],[111.0975,33.286582],[111.09714,33.286322],[111.097232,33.286174],[111.097865,33.285752],[111.098189,33.285506],[111.098184,33.285479],[111.097639,33.284795],[111.097025,33.283721],[111.096837,33.283243],[111.096894,33.283084],[111.096886,33.282992],[111.096776,33.282869],[111.096818,33.28268],[111.096679,33.282228],[111.09662,33.282131],[111.09647,33.281999],[111.096312,33.281943],[111.096145,33.281934],[111.095821,33.281988],[111.095743,33.281958],[111.096167,33.281373],[111.096196,33.28129],[111.096167,33.281205],[111.095984,33.281041],[111.095984,33.280961],[111.096196,33.280721],[111.096344,33.280701],[111.096515,33.280615],[111.096609,33.280613],[111.096671,33.280649],[111.09673,33.280878],[111.09684,33.280797],[111.096987,33.280613],[111.097253,33.280714],[111.097282,33.280701],[111.097234,33.280519],[111.097264,33.28014],[111.097315,33.28005],[111.097473,33.280035],[111.097553,33.280131],[111.097486,33.280508],[111.097559,33.281136],[111.097599,33.281189],[111.097687,33.281196],[111.097875,33.28112],[111.098036,33.28112],[111.098165,33.281216],[111.098165,33.281288],[111.098114,33.281328],[111.097913,33.281297],[111.097808,33.281324],[111.097704,33.281409],[111.097666,33.281492],[111.097679,33.281674],[111.097824,33.281958],[111.097913,33.282021],[111.098033,33.282053],[111.098414,33.28203],[111.098543,33.281945],[111.098806,33.281544],[111.098873,33.281512],[111.099358,33.281579],[111.099498,33.281629],[111.099654,33.281736],[111.099761,33.281916],[111.099841,33.281916],[111.099914,33.281831],[111.100032,33.281586],[111.100217,33.28134],[111.100185,33.280873],[111.100238,33.28077],[111.100394,33.280624],[111.100394,33.280577],[111.100278,33.280454],[111.100268,33.280405],[111.100329,33.280212],[111.100646,33.280039],[111.101381,33.279927],[111.101638,33.279846],[111.101754,33.279768],[111.101762,33.279691],[111.101341,33.279351],[111.10126,33.279198],[111.101268,33.279133],[111.101335,33.27907],[111.101494,33.279117],[111.101652,33.279037],[111.101738,33.27903],[111.101823,33.279086],[111.10188,33.279373],[111.101917,33.279409],[111.102261,33.279463],[111.102365,33.279505],[111.102515,33.279642],[111.102695,33.279714],[111.10295,33.279714],[111.103178,33.279404],[111.103291,33.279348],[111.103374,33.279398],[111.103401,33.279461],[111.103393,33.279709],[111.103575,33.279949],[111.103612,33.280086],[111.103503,33.280174],[111.103269,33.280174],[111.103127,33.280375],[111.103122,33.280434],[111.103347,33.280727],[111.10336,33.280795],[111.10335,33.28086],[111.103304,33.280902],[111.103022,33.281019],[111.102974,33.281079],[111.103017,33.281584],[111.103342,33.281849],[111.103776,33.282057],[111.104071,33.281671],[111.104085,33.281151],[111.104127,33.281003],[111.104763,33.280873],[111.104758,33.280947],[111.10472,33.280985],[111.104396,33.281115],[111.104315,33.281212],[111.104304,33.281279],[111.104364,33.281488],[111.104581,33.281777],[111.10465,33.281932],[111.104755,33.282017],[111.105023,33.282109],[111.105093,33.282109],[111.10527,33.282023],[111.105324,33.282032],[111.10557,33.282371],[111.105694,33.282407],[111.105852,33.282351],[111.106035,33.282198],[111.106281,33.282122],[111.106386,33.282127],[111.106692,33.28225],[111.106764,33.282248],[111.106796,33.282187],[111.106796,33.281965],[111.107043,33.281853],[111.107102,33.281721],[111.107129,33.281476],[111.107048,33.281288],[111.106609,33.280976],[111.106289,33.28064],[111.106265,33.280537],[111.106289,33.280064],[111.10623,33.27994],[111.106077,33.279759],[111.106077,33.279631],[111.106126,33.279494],[111.106182,33.279443],[111.106303,33.279438],[111.106592,33.279595],[111.106764,33.279846],[111.106761,33.279967],[111.106659,33.28007],[111.106638,33.280203],[111.106681,33.280609],[111.106737,33.280687],[111.106796,33.280757],[111.107129,33.280967],[111.107692,33.281196],[111.107837,33.281564],[111.107993,33.281656],[111.10817,33.281696],[111.108298,33.281781],[111.108427,33.282124],[111.108508,33.282219],[111.108567,33.28223],[111.108709,33.282165],[111.10877,33.282093],[111.108856,33.281768],[111.108904,33.281732],[111.109014,33.281712],[111.109328,33.281795],[111.109444,33.281757],[111.109645,33.281606],[111.11005,33.281575],[111.110101,33.281544],[111.110136,33.28149],[111.110144,33.281111],[111.110192,33.28099],[111.110326,33.280846],[111.110879,33.280405],[111.110916,33.280335],[111.110935,33.28012],[111.110825,33.27981],[111.110919,33.279671],[111.1109,33.279321],[111.110924,33.279093],[111.111048,33.278658],[111.111195,33.278525],[111.111276,33.278593],[111.111439,33.278965],[111.111683,33.279333],[111.111817,33.279638],[111.111866,33.279649],[111.112161,33.27953],[111.112322,33.279505],[111.112633,33.279642],[111.112684,33.2797],[111.112694,33.27997],[111.112643,33.280138],[111.112332,33.280487],[111.112265,33.280615],[111.112271,33.280754],[111.11233,33.28081],[111.113067,33.281124],[111.113317,33.281198],[111.113716,33.281259],[111.113837,33.281375],[111.113842,33.281584],[111.11388,33.281631],[111.11451,33.281947],[111.114781,33.282035],[111.115087,33.282203],[111.115192,33.282308],[111.115245,33.282306],[111.115269,33.282248],[111.115291,33.281357],[111.115243,33.281113],[111.114808,33.280375],[111.114776,33.280149],[111.114846,33.280055],[111.115084,33.280012],[111.115272,33.280039],[111.115471,33.28016],[111.115696,33.280436],[111.115749,33.280456],[111.115886,33.280416],[111.115905,33.280268],[111.115943,33.280239],[111.116077,33.280239],[111.116203,33.28031],[111.116334,33.280591],[111.116704,33.280831],[111.117048,33.280687],[111.117394,33.280658],[111.117498,33.280662],[111.117935,33.280864],[111.117981,33.280855],[111.117997,33.28081],[111.117847,33.280479],[111.117681,33.280257],[111.117037,33.279777],[111.116745,33.279754],[111.11664,33.279774],[111.116541,33.27983],[111.116468,33.27997],[111.116358,33.280005],[111.116243,33.279999],[111.116219,33.279943],[111.116262,33.279826],[111.116238,33.279714],[111.116109,33.279611],[111.115843,33.279514],[111.115784,33.279449],[111.115739,33.279286],[111.1158,33.279093],[111.116066,33.279052],[111.116353,33.279108],[111.116396,33.279261],[111.116543,33.279393],[111.117168,33.279597],[111.117284,33.27966],[111.117627,33.279954],[111.118354,33.280306],[111.118424,33.280301],[111.118467,33.280261],[111.118472,33.280165],[111.11852,33.280097],[111.118654,33.28012],[111.118716,33.28016],[111.11874,33.280461],[111.118826,33.280557],[111.11896,33.280517],[111.118839,33.279983],[111.118823,33.279667],[111.118982,33.279564],[111.119207,33.279514],[111.119277,33.279514],[111.119617,33.279658],[111.11973,33.279662],[111.119816,33.279602],[111.119816,33.279519],[111.119588,33.278969],[111.119438,33.2787],[111.119389,33.27842],[111.119314,33.278292],[111.119223,33.278209],[111.118976,33.278124],[111.118611,33.27822],[111.11845,33.278198],[111.118096,33.277873],[111.118169,33.277752],[111.118721,33.277696],[111.118807,33.277655],[111.118893,33.277523],[111.118973,33.277472],[111.119033,33.277472],[111.119218,33.277579],[111.119427,33.277496],[111.119572,33.277519],[111.119615,33.277548],[111.119617,33.277644],[111.119523,33.277711],[111.119298,33.277772],[111.119255,33.277799],[111.119242,33.277868],[111.11947,33.278084],[111.119692,33.278505],[111.120299,33.278857],[111.12076,33.279041],[111.121868,33.2794],[111.122015,33.279384],[111.12231,33.279106],[111.122777,33.27892],[111.122812,33.278882],[111.122801,33.278765],[111.122621,33.27859],[111.122557,33.278458],[111.122495,33.278402],[111.122334,33.278366],[111.122281,33.278317],[111.122273,33.278225],[111.122391,33.278113],[111.122404,33.277853],[111.122442,33.277806],[111.122557,33.277864],[111.122691,33.27799],[111.122978,33.278337],[111.123211,33.278281],[111.123278,33.278308],[111.123517,33.278606],[111.123531,33.278638],[111.123466,33.278743],[111.123488,33.278765],[111.124056,33.278893],[111.124126,33.278882],[111.124142,33.278842],[111.123493,33.277768],[111.123372,33.27748],[111.123115,33.277223],[111.122031,33.276514],[111.121267,33.276202],[111.12109,33.276092],[111.121023,33.275996],[111.120883,33.275218],[111.120701,33.274698],[111.120521,33.27433],[111.120352,33.274081],[111.120245,33.273994],[111.119952,33.273924],[111.119279,33.273933],[111.118998,33.27389],[111.118686,33.27389],[111.117699,33.274074],[111.116675,33.274216],[111.11605,33.274368],[111.11554,33.274559],[111.115063,33.274565],[111.114052,33.274467],[111.113738,33.27448],[111.112434,33.274754],[111.110428,33.275267],[111.110004,33.275287],[111.109478,33.275245],[111.108963,33.275274],[111.108376,33.275254],[111.106372,33.275332],[111.105691,33.275404],[111.105337,33.275485],[111.10487,33.2755],[111.103999,33.27559],[111.10354,33.275579],[111.103398,33.27553],[111.103374,33.275487],[111.103757,33.274379],[111.103843,33.273846],[111.104114,33.273884],[111.105994,33.273881],[111.106649,33.273776],[111.108269,33.27335],[111.108998,33.273094],[111.109291,33.273081],[111.1095,33.273153],[111.109819,33.273157],[111.11012,33.273045],[111.110511,33.273005],[111.110691,33.272742],[111.110997,33.272659],[111.111485,33.27265],[111.111664,33.272554],[111.111836,33.272401],[111.111933,33.272377],[111.11226,33.272401],[111.112603,33.272332],[111.113419,33.272536],[111.114931,33.272462],[111.115323,33.272363],[111.115723,33.27241],[111.116106,33.272415],[111.11686,33.27233],[111.11726,33.272417],[111.117488,33.272417],[111.117689,33.272372],[111.117903,33.272433],[111.117989,33.272388],[111.118037,33.272188],[111.118166,33.272056],[111.118252,33.272047],[111.118627,33.272242],[111.11878,33.272256],[111.119462,33.272103],[111.120084,33.271861],[111.120569,33.271845],[111.121862,33.271648],[111.121972,33.271614],[111.122337,33.271363],[111.122452,33.271323],[111.122611,33.271334],[111.122833,33.271466],[111.123053,33.271437],[111.123219,33.271504],[111.12337,33.271502],[111.123936,33.271347],[111.12418,33.271314],[111.12437,33.271139],[111.124598,33.271128],[111.124837,33.27124],[111.125086,33.27115],[111.125175,33.271159],[111.125223,33.271206],[111.125156,33.271359],[111.125156,33.271435],[111.125196,33.271484],[111.125352,33.2715],[111.125566,33.271379],[111.125859,33.271134],[111.125953,33.27111],[111.126068,33.27111],[111.126164,33.271175],[111.126148,33.271287],[111.126097,33.271359],[111.125778,33.271522],[111.125435,33.271832],[111.125301,33.271843],[111.124968,33.271776],[111.124823,33.271816],[111.124799,33.272034],[111.124976,33.272285],[111.12525,33.2725],[111.125561,33.272816],[111.125733,33.272814],[111.125813,33.272765],[111.125875,33.272648],[111.125864,33.272529],[111.125816,33.272464],[111.125845,33.272363],[111.126084,33.272211],[111.126291,33.2722],[111.126441,33.272426],[111.126733,33.272513],[111.126757,33.272576],[111.126663,33.272711],[111.126392,33.272821],[111.126229,33.272935],[111.126095,33.273153],[111.126089,33.273278],[111.126229,33.273493],[111.12628,33.273525],[111.126476,33.273471],[111.126594,33.273673],[111.126886,33.273215],[111.12728,33.272446],[111.127924,33.272128],[111.127854,33.272018],[111.127495,33.271699],[111.127409,33.271578],[111.127473,33.271262],[111.127479,33.271058],[111.127436,33.270634],[111.1272,33.270327],[111.126867,33.270154],[111.126658,33.269968],[111.126548,33.269827],[111.126368,33.26941],[111.126229,33.269237],[111.12577,33.268946],[111.125523,33.268874],[111.125175,33.268903],[111.124392,33.268903],[111.124271,33.268988],[111.124088,33.269058],[111.123775,33.269103],[111.123193,33.2693],[111.12246,33.269264],[111.121742,33.269347],[111.121318,33.269325],[111.12095,33.269345],[111.120685,33.26941],[111.120071,33.269307],[111.11929,33.269334],[111.118826,33.269152],[111.118518,33.269132],[111.118389,33.269179],[111.118166,33.269363],[111.118032,33.269396],[111.117635,33.269378],[111.117509,33.269423],[111.117136,33.26967],[111.116728,33.269692],[111.116417,33.269935],[111.116219,33.270026],[111.116074,33.27004],[111.115768,33.26993],[111.115551,33.270056],[111.115079,33.270018],[111.114116,33.270251],[111.113459,33.270475],[111.113086,33.27065],[111.112925,33.270744],[111.112775,33.270912],[111.112732,33.270836],[111.112724,33.27067],[111.112829,33.270435],[111.113067,33.270098],[111.11304,33.269887],[111.11314,33.269699],[111.113148,33.269614],[111.11311,33.269217],[111.113081,33.269172],[111.112904,33.269118],[111.112126,33.269107],[111.111563,33.269136],[111.109183,33.269461],[111.108333,33.269499],[111.107743,33.26956],[111.107531,33.26952],[111.107488,33.269482],[111.107475,33.269316],[111.107641,33.268863],[111.107727,33.268313],[111.107759,33.267205],[111.107738,33.266499],[111.10655,33.266375],[111.106075,33.266281],[111.105318,33.266068],[111.105155,33.265902],[111.104854,33.265449],[111.103175,33.263348],[111.103081,33.263379],[111.102902,33.263527],[111.102711,33.263626],[111.102263,33.263978],[111.10195,33.264088],[111.100922,33.264357],[111.10038,33.264669],[111.099941,33.264855],[111.099383,33.265178],[111.098334,33.266218],[111.098211,33.266382],[111.098168,33.266604],[111.097835,33.267037],[111.097299,33.267553],[111.097167,33.2676],[111.096995,33.267542],[111.096971,33.267463],[111.097006,33.267389],[111.097371,33.267024],[111.097596,33.26675],[111.097677,33.266604],[111.097781,33.26625],[111.097891,33.266064],[111.098428,33.265741],[111.099399,33.264817],[111.100351,33.264462],[111.100616,33.264328],[111.100973,33.264048],[111.101544,33.263978],[111.101982,33.263886],[111.102068,33.263814],[111.10218,33.263547],[111.102625,33.263411],[111.102971,33.263229],[111.103009,33.263182],[111.103004,33.263097],[111.102902,33.26294],[111.102355,33.262309],[111.101566,33.261262],[111.101437,33.260789],[111.101343,33.260255],[111.101402,33.260089],[111.101649,33.259827],[111.101727,33.259674],[111.101754,33.25932],[111.101727,33.259046],[111.101131,33.25797],[111.100598,33.257158],[111.100442,33.256853],[111.100287,33.256355],[111.100241,33.255774],[111.100209,33.255682],[111.100075,33.255509],[111.099997,33.255469],[111.099667,33.255466],[111.099814,33.255229],[111.100284,33.254737],[111.100383,33.254668],[111.100493,33.254641],[111.100954,33.254576],[111.101671,33.254408],[111.101789,33.254316],[111.101891,33.253986],[111.102161,33.253578],[111.102827,33.253277],[111.103661,33.253071],[111.103991,33.25295],[111.104412,33.252743],[111.104589,33.252613],[111.104814,33.252299],[111.105648,33.25221],[111.105884,33.252237],[111.106032,33.252331],[111.106582,33.252849],[111.10682,33.252986],[111.107633,33.253228],[111.108521,33.253338],[111.109202,33.253028],[111.109774,33.253035],[111.110095,33.252853],[111.111163,33.25249],[111.111702,33.252456],[111.112453,33.252333],[111.112485,33.252302],[111.112405,33.252241],[111.111984,33.252109],[111.111565,33.251905],[111.111536,33.251822],[111.11167,33.25173],[111.112024,33.251889],[111.113038,33.251914],[111.11325,33.252068],[111.113816,33.252358],[111.114433,33.252739],[111.115253,33.2533],[111.115312,33.253282],[111.115363,33.25321],[111.115358,33.252921],[111.115175,33.252102],[111.11517,33.2519],[111.115106,33.251649],[111.115122,33.251517],[111.115299,33.251508],[111.115629,33.25157],[111.115846,33.251647],[111.115972,33.251651],[111.116356,33.251566],[111.116342,33.25129],[111.116224,33.251137],[111.115543,33.250456],[111.115379,33.250079],[111.115291,33.250011],[111.115004,33.249949],[111.114623,33.249758],[111.114357,33.249567],[111.113977,33.249442],[111.113553,33.249096],[111.113392,33.249],[111.112748,33.248764],[111.112196,33.248762],[111.111729,33.248535],[111.1112,33.24819],[111.110637,33.248037],[111.110549,33.24799],[111.110315,33.247728],[111.110044,33.247607],[111.109197,33.247089],[111.108607,33.246582],[111.108465,33.245884],[111.108483,33.245729],[111.108558,33.245518],[111.108617,33.245054],[111.108679,33.244834],[111.108835,33.244534],[111.108915,33.243726],[111.108972,33.243585],[111.109157,33.2433],[111.109605,33.242777],[111.1095,33.242773],[111.109382,33.24271],[111.10909,33.242351],[111.108572,33.242198],[111.108459,33.242095],[111.108116,33.241586],[111.107925,33.241406],[111.10736,33.241169],[111.107094,33.241007],[111.106896,33.240814],[111.106405,33.241397],[111.106179,33.241853],[111.106075,33.241956],[111.105943,33.242028],[111.105326,33.242198],[111.103795,33.242364],[111.103106,33.242398],[111.102929,33.24238],[111.102658,33.242288],[111.102025,33.241833],[111.101515,33.241613],[111.10038,33.241285],[111.099442,33.241092],[111.099066,33.240693],[111.098785,33.240262],[111.098785,33.240034],[111.09872,33.23967],[111.098959,33.239008],[111.098978,33.238885],[111.098919,33.237963],[111.098849,33.237745],[111.09853,33.237166],[111.09846,33.236971],[111.098441,33.236951],[111.097811,33.236992],[111.097567,33.236965],[111.097331,33.23692],[111.096346,33.236599],[111.096317,33.236428],[111.096419,33.235838],[111.096424,33.235612],[111.096368,33.235349],[111.096242,33.235107],[111.096164,33.235046],[111.096008,33.235062],[111.095569,33.235201],[111.095126,33.235392],[111.094045,33.235726],[111.093817,33.235746],[111.093334,33.235702],[111.09286,33.235585],[111.092739,33.23552],[111.09264,33.235417],[111.091779,33.233873],[111.092192,33.233642],[111.094126,33.232722],[111.095035,33.232356],[111.095075,33.232175],[111.095019,33.231665],[111.095032,33.23128],[111.095099,33.23099],[111.095263,33.23055],[111.094531,33.230378],[111.094093,33.230342],[111.093916,33.230295],[111.093865,33.230209],[111.093852,33.230104],[111.093884,33.229846],[111.093911,33.229794],[111.095046,33.229848],[111.095853,33.230012],[111.096073,33.229954],[111.09625,33.229814],[111.096601,33.229415],[111.096877,33.228993],[111.097057,33.228547],[111.096939,33.228372],[111.096749,33.228224],[111.096432,33.227703],[111.096365,33.227548],[111.096325,33.227338],[111.096153,33.227286],[111.094603,33.227268],[111.094214,33.227192],[111.09427,33.226981],[111.094297,33.226599],[111.094501,33.226442],[111.094252,33.226287],[111.093374,33.225931],[111.093291,33.225442],[111.093106,33.225013],[111.092776,33.224468],[111.092414,33.223961],[111.091956,33.223846],[111.091084,33.223705],[111.090357,33.223714],[111.090255,33.223779],[111.090008,33.223851],[111.089571,33.223938],[111.08937,33.22403],[111.089013,33.224259],[111.088925,33.224371],[111.088799,33.224645],[111.088831,33.224768],[111.089115,33.225011],[111.089171,33.225112],[111.089201,33.225276],[111.089166,33.225428],[111.088868,33.225821],[111.088254,33.22583],[111.086342,33.226009],[111.084558,33.225298],[111.084204,33.22513],[111.082101,33.223963],[111.081283,33.223346],[111.080926,33.223009],[111.080613,33.222603],[111.080548,33.222437],[111.080543,33.222139],[111.080513,33.222042],[111.080419,33.22191],[111.080194,33.221706],[111.079894,33.221528],[111.079422,33.221542],[111.079207,33.221484],[111.079011,33.221387],[111.078818,33.221248],[111.07848,33.220718],[111.078437,33.220691],[111.078341,33.220683],[111.078126,33.220831],[111.077839,33.220938],[111.077633,33.221073],[111.076836,33.221127],[111.076187,33.22125],[111.076171,33.221134],[111.075653,33.220153],[111.075025,33.219303],[111.075095,33.219121],[111.07527,33.218899],[111.075814,33.218418],[111.07601,33.218205],[111.076514,33.217974],[111.076514,33.217943],[111.07631,33.217806],[111.076286,33.217528],[111.076232,33.217366],[111.075919,33.216911],[111.075886,33.216902],[111.075795,33.217],[111.075559,33.217121],[111.075369,33.217029],[111.075162,33.216756],[111.075106,33.216724],[111.074167,33.216691],[111.074073,33.216659],[111.073816,33.216049],[111.07373,33.215317],[111.073668,33.21505],[111.073448,33.214613],[111.07307,33.214108],[111.072826,33.213722],[111.072719,33.213657],[111.072274,33.213639],[111.072083,33.213529],[111.071914,33.212826],[111.071152,33.211321],[111.071083,33.210843],[111.071107,33.210661],[111.071335,33.210627],[111.071466,33.210542],[111.071965,33.209768],[111.072274,33.209362],[111.07241,33.209256],[111.072815,33.209312],[111.073853,33.209736],[111.074001,33.209808],[111.074232,33.210044],[111.074682,33.210309],[111.074999,33.210392],[111.075331,33.210385],[111.075653,33.210434],[111.075862,33.2106],[111.076128,33.210971],[111.076659,33.211507],[111.076777,33.211473],[111.076975,33.210856],[111.076978,33.210513],[111.076916,33.210246],[111.076825,33.210118],[111.076597,33.209941],[111.076342,33.20981],[111.075675,33.209604],[111.075428,33.209465],[111.075154,33.209144],[111.074937,33.208722],[111.074843,33.208412],[111.074843,33.207928],[111.07491,33.207737],[111.075001,33.20764],[111.075358,33.207427],[111.075575,33.207405],[111.075793,33.207443],[111.075937,33.207508],[111.076074,33.207607],[111.076324,33.207871],[111.077144,33.208412],[111.077211,33.208617],[111.077289,33.208718],[111.078292,33.20918],[111.078424,33.209211],[111.078663,33.209216],[111.078789,33.209166],[111.07925,33.208787],[111.079644,33.208349],[111.080012,33.208116],[111.080269,33.208051],[111.080454,33.207943],[111.080444,33.207784],[111.080288,33.207483],[111.080084,33.207212],[111.079988,33.207138],[111.079695,33.206987],[111.079521,33.20694],[111.079078,33.20701],[111.078891,33.20701],[111.078684,33.206949],[111.078547,33.206823],[111.078443,33.206617],[111.078397,33.20644],[111.078397,33.206274],[111.078464,33.20591],[111.078596,33.205558],[111.078633,33.205544],[111.079269,33.205885],[111.079601,33.206004],[111.080154,33.206092],[111.080358,33.206074],[111.080446,33.205966],[111.080594,33.205255],[111.080749,33.204855],[111.080784,33.20459],[111.080763,33.204454],[111.080634,33.204177],[111.079338,33.202018],[111.081833,33.201172],[111.083735,33.200394],[111.083979,33.200353],[111.084019,33.20027],[111.083898,33.199516],[111.083855,33.198297],[111.083485,33.196376],[111.083437,33.195876],[111.083437,33.195252],[111.083281,33.194369],[111.083324,33.19393],[111.08341,33.193676],[111.083555,33.1934],[111.083901,33.193054],[111.084335,33.192731],[111.085964,33.191844],[111.086487,33.191514],[111.086825,33.191333],[111.087474,33.19107],[111.088184,33.19067],[111.088493,33.190365],[111.089011,33.189681],[111.089332,33.189436],[111.089888,33.189158],[111.09091,33.188731],[111.09121,33.188639],[111.091685,33.188556],[111.092117,33.188325],[111.092645,33.187968],[111.093321,33.187503],[111.094104,33.186902],[111.096234,33.185808],[111.096928,33.185566],[111.098125,33.185218],[111.098658,33.185115],[111.099632,33.18505],[111.101558,33.185063],[111.103822,33.185359],[111.10461,33.185353],[111.105353,33.185274],[111.105686,33.185202],[111.107123,33.184605],[111.107467,33.184437],[111.108435,33.18373],[111.108888,33.183292],[111.10947,33.182675],[111.110431,33.181575],[111.110565,33.181357],[111.110618,33.181207],[111.109116,33.180116],[111.104431,33.176398],[111.104428,33.176367],[111.105316,33.175707],[111.105646,33.175545],[111.105764,33.175446],[111.105774,33.175368],[111.104117,33.174234],[111.104557,33.173549],[111.104554,33.173484],[111.10446,33.173383],[111.103409,33.17275],[111.102593,33.173879],[111.10232,33.173726],[111.102237,33.17372],[111.101912,33.174025],[111.101614,33.174171],[111.10155,33.17418],[111.101448,33.174016],[111.101376,33.173991],[111.10118,33.174072],[111.100756,33.174328],[111.100533,33.174005],[111.100303,33.173852],[111.100053,33.173807],[111.099286,33.173827],[111.09901,33.173787],[111.098865,33.173666],[111.098755,33.173275],[111.09831,33.173399],[111.09813,33.173383],[111.097481,33.173488],[111.095442,33.173621],[111.094367,33.173753],[111.093361,33.173825],[111.092428,33.173807],[111.090558,33.173536],[111.089182,33.173488],[111.088517,33.17356],[111.087836,33.173726],[111.087369,33.173805],[111.08668,33.173827],[111.086387,33.173807],[111.085062,33.173479],[111.084689,33.173376],[111.083957,33.173055],[111.083592,33.173026],[111.083206,33.173208],[111.08293,33.173569],[111.082941,33.173928],[111.083177,33.174294],[111.083501,33.174667],[111.085306,33.176551],[111.085687,33.177062],[111.086495,33.177882],[111.087103,33.178652],[111.087248,33.178968],[111.08724,33.179355],[111.087087,33.17977],[111.086857,33.180152],[111.086696,33.180556],[111.086658,33.18091],[111.086701,33.18124],[111.086983,33.181972],[111.087264,33.182827],[111.087275,33.183249],[111.08712,33.183669],[111.086862,33.184013],[111.086586,33.18423],[111.086049,33.1845],[111.085521,33.184648],[111.084695,33.184735],[111.084231,33.184742],[111.083448,33.184587],[111.082764,33.184363],[111.081187,33.183532],[111.080854,33.183636],[111.080253,33.184046],[111.079947,33.184343],[111.07917,33.185303],[111.078896,33.185476],[111.078252,33.18566],[111.077823,33.185663],[111.07749,33.185577],[111.07719,33.185416],[111.076943,33.185074],[111.076745,33.184717],[111.076578,33.184349],[111.076503,33.183988],[111.076495,33.183299],[111.076452,33.182928],[111.076259,33.182616],[111.076007,33.182327],[111.075342,33.181793],[111.075068,33.181615],[111.074795,33.181487],[111.073432,33.180989],[111.073097,33.180778],[111.072606,33.180295],[111.072397,33.1799],[111.072029,33.179469],[111.071496,33.179449],[111.071067,33.17953],[111.070774,33.179626],[111.070434,33.179801],[111.070165,33.179992],[111.069092,33.180888],[111.068776,33.181034],[111.068486,33.180946],[111.067625,33.18001],[111.067287,33.179714],[111.066456,33.179108],[111.066051,33.178858],[111.064954,33.178304],[111.0638,33.177925],[111.063208,33.177633],[111.062864,33.177401],[111.062628,33.17706],[111.062422,33.176674],[111.062298,33.176319],[111.062333,33.175929],[111.062481,33.175426],[111.06262,33.174456],[111.062516,33.174063],[111.062151,33.173664],[111.061499,33.173241],[111.061167,33.172986],[111.060635,33.172469],[111.060131,33.17185],[111.059506,33.170992],[111.059265,33.170592],[111.058538,33.169584],[111.058074,33.16878],[111.057605,33.167716],[111.057299,33.166868],[111.057245,33.166383],[111.057143,33.165916],[111.0568,33.165354],[111.05614,33.164571],[111.055791,33.164234],[111.055005,33.163827],[111.05368,33.163399],[111.051779,33.162723],[111.051285,33.162505],[111.050979,33.162253],[111.050808,33.162011],[111.050666,33.161535],[111.050711,33.161079],[111.050878,33.160686],[111.051068,33.159929],[111.051049,33.159487],[111.050896,33.159139],[111.050776,33.158598],[111.050502,33.158073],[111.05003,33.157819],[111.049435,33.157704],[111.048008,33.157664],[111.045524,33.157372],[111.042362,33.156465],[111.041702,33.15635],[111.040728,33.156258],[111.037062,33.155791],[111.033854,33.155023],[111.033108,33.15496]]]]}},{"type":"Feature","properties":{"regionCode":"411326102","sourceCode":"411326102000","name":"老城镇","sourceName":"老城镇","parentCode":"411326","parentName":"淅川县","regionLevel":"township","regionType":"town","isManagementZone":false,"source":"ruiduobao","sourceVersion":"mixed-legacy~2018-2020","geometryRepaired":false,"match2020":true,"match2023":true},"geometry":{"type":"Polygon","coordinates":[[[111.478057,32.941288],[111.473827,32.941301],[111.4707,32.941592],[111.469667,32.941545],[111.468827,32.941455],[111.466896,32.941473],[111.466376,32.941515],[111.464753,32.941819],[111.464021,32.942013],[111.46316,32.942308],[111.461658,32.942918],[111.461095,32.943208],[111.460207,32.943732],[111.459869,32.943969],[111.459005,32.944752],[111.458488,32.945094],[111.457251,32.945839],[111.455985,32.946481],[111.454888,32.946956],[111.452351,32.947933],[111.451672,32.948106],[111.450819,32.948239],[111.449258,32.948381],[111.448207,32.948378],[111.447531,32.94832],[111.446385,32.948326],[111.444046,32.948275],[111.440742,32.948126],[111.438725,32.948308],[111.437668,32.948633],[111.436676,32.949195],[111.436003,32.949623],[111.435311,32.950172],[111.434205,32.951171],[111.433218,32.952344],[111.432744,32.95283],[111.432025,32.953454],[111.430678,32.955038],[111.429415,32.956724],[111.429037,32.957181],[111.428876,32.9575],[111.428519,32.957896],[111.428353,32.95841],[111.427894,32.95913],[111.427535,32.959769],[111.427326,32.960023],[111.427149,32.960338],[111.426896,32.960622],[111.426135,32.961299],[111.425765,32.961576],[111.425365,32.961738],[111.425005,32.96195],[111.424837,32.962015],[111.423659,32.962208],[111.422825,32.962478],[111.422358,32.962487],[111.421508,32.962445],[111.420864,32.962512],[111.419657,32.962465],[111.41797,32.962548],[111.416573,32.962757],[111.415905,32.962895],[111.41573,32.962958],[111.414993,32.962996],[111.414625,32.96307],[111.413743,32.96337],[111.413051,32.9637],[111.41248,32.964004],[111.41083,32.964999],[111.408615,32.966108],[111.408145,32.9663],[111.407544,32.966482],[111.406761,32.966844],[111.406461,32.966934],[111.406104,32.967094],[111.405541,32.967247],[111.403604,32.967999],[111.402931,32.968172],[111.402542,32.968235],[111.402148,32.968401],[111.400943,32.968755],[111.400541,32.968928],[111.400058,32.969],[111.399224,32.969061],[111.398098,32.969351],[111.397516,32.969457],[111.397105,32.969567],[111.39648,32.96963],[111.396325,32.969704],[111.39567,32.969826],[111.395244,32.969846],[111.395043,32.969914],[111.39419,32.969945],[111.393342,32.970069],[111.392599,32.970121],[111.392089,32.970089],[111.390982,32.970118],[111.390555,32.970159],[111.390043,32.970339],[111.389474,32.97044],[111.38827,32.970737],[111.387854,32.970906],[111.385395,32.971651],[111.384483,32.971871],[111.383485,32.972031],[111.3826,32.972297],[111.382278,32.972348],[111.381779,32.972486],[111.380897,32.972767],[111.380701,32.972864],[111.379885,32.973075],[111.378614,32.973496],[111.377761,32.973698],[111.375967,32.974196],[111.375677,32.974268],[111.374663,32.974288],[111.373802,32.974355],[111.372482,32.974657],[111.372153,32.974697],[111.371356,32.974983],[111.3705,32.975346],[111.370119,32.975519],[111.368811,32.976268],[111.367528,32.977119],[111.366767,32.977746],[111.366305,32.977971],[111.365785,32.978383],[111.365329,32.978822],[111.365066,32.979006],[111.364806,32.97927],[111.364492,32.979663],[111.364259,32.98021],[111.363883,32.980633],[111.363744,32.98102],[111.36358,32.981853],[111.363309,32.982705],[111.36303,32.984634],[111.362891,32.985263],[111.362639,32.986006],[111.36225,32.986829],[111.361987,32.987516],[111.361912,32.987822],[111.361585,32.98842],[111.361359,32.988645],[111.361166,32.988915],[111.360713,32.989781],[111.360077,32.990575],[111.359801,32.991138],[111.359675,32.991477],[111.359334,32.991979],[111.359085,32.992303],[111.358318,32.993111],[111.357977,32.993342],[111.357655,32.993653],[111.357121,32.993957],[111.355928,32.994011],[111.354651,32.993999],[111.352167,32.994137],[111.350242,32.994148],[111.349391,32.994186],[111.348579,32.994245],[111.347868,32.994447],[111.347514,32.994589],[111.346892,32.994926],[111.346315,32.995158],[111.345768,32.995426],[111.344115,32.996438],[111.343332,32.996852],[111.342713,32.99729],[111.342359,32.997502],[111.341581,32.997842],[111.340637,32.998512],[111.339886,32.998919],[111.339387,32.99927],[111.338845,32.999715],[111.338542,33.000073],[111.337855,33.000642],[111.336219,33.001789],[111.335731,33.00208],[111.33586,33.003209],[111.335986,33.00385],[111.336047,33.004608],[111.335986,33.005539],[111.336605,33.007159],[111.336718,33.007755],[111.336758,33.008484],[111.336943,33.009352],[111.33711,33.009849],[111.337354,33.010452],[111.337973,33.011698],[111.338129,33.011689],[111.338866,33.011471],[111.338992,33.011504],[111.339038,33.011563],[111.339623,33.013157],[111.339711,33.013472],[111.339698,33.013583],[111.339494,33.013861],[111.339017,33.014361],[111.338767,33.014473],[111.337866,33.014752],[111.337818,33.01479],[111.337818,33.014842],[111.338917,33.017042],[111.339486,33.018245],[111.33955,33.018438],[111.339515,33.018499],[111.338617,33.018807],[111.338593,33.018913],[111.338727,33.019108],[111.339188,33.019338],[111.339287,33.019516],[111.339317,33.019704],[111.339405,33.019815],[111.339601,33.01981],[111.33969,33.019731],[111.339797,33.019704],[111.339861,33.019707],[111.339953,33.019772],[111.340178,33.020269],[111.340191,33.020359],[111.340114,33.02057],[111.339963,33.02071],[111.339931,33.021085],[111.339802,33.02131],[111.3398,33.021515],[111.339768,33.02158],[111.339617,33.02172],[111.339532,33.021751],[111.339282,33.021738],[111.339226,33.021771],[111.339167,33.021926],[111.339159,33.022246],[111.339094,33.022435],[111.339054,33.022741],[111.338778,33.023127],[111.338641,33.023267],[111.338638,33.023314],[111.338735,33.023492],[111.338858,33.023636],[111.33903,33.023771],[111.339076,33.023937],[111.339199,33.024144],[111.339317,33.024268],[111.339424,33.024308],[111.339832,33.024306],[111.340178,33.024456],[111.340516,33.024551],[111.340586,33.024675],[111.340505,33.02485],[111.340449,33.025151],[111.340615,33.025196],[111.340682,33.025471],[111.340545,33.025527],[111.340218,33.025507],[111.340108,33.025572],[111.340084,33.025781],[111.340175,33.026343],[111.339534,33.026514],[111.3394,33.026613],[111.339346,33.026721],[111.339298,33.027088],[111.339304,33.027164],[111.339405,33.027366],[111.339411,33.027472],[111.339285,33.027569],[111.338971,33.027587],[111.338775,33.027697],[111.338641,33.027841],[111.338585,33.027969],[111.338555,33.02823],[111.33852,33.028284],[111.338676,33.028405],[111.339341,33.028716],[111.339786,33.028963],[111.340044,33.02897],[111.340462,33.028756],[111.340688,33.028722],[111.341066,33.028936],[111.341409,33.029255],[111.341766,33.029415],[111.34186,33.029525],[111.342023,33.029975],[111.342171,33.030114],[111.342246,33.030238],[111.342259,33.030434],[111.342163,33.030996],[111.342428,33.031421],[111.342428,33.031479],[111.342174,33.031805],[111.34212,33.032048],[111.342115,33.032287],[111.342002,33.03259],[111.341868,33.032736],[111.34168,33.032799],[111.341425,33.032946],[111.341181,33.033179],[111.340881,33.033377],[111.34032,33.033993],[111.34024,33.034038],[111.339561,33.034193],[111.338936,33.034238],[111.338858,33.034274],[111.338732,33.034409],[111.338544,33.034508],[111.338062,33.034686],[111.338121,33.034949],[111.338671,33.035812],[111.338893,33.036105],[111.339132,33.036008],[111.33962,33.03588],[111.339926,33.035945],[111.340253,33.035954],[111.340647,33.035828],[111.340725,33.035862],[111.340725,33.035893],[111.340537,33.036255],[111.340596,33.036321],[111.340763,33.036341],[111.340961,33.036305],[111.341203,33.035907],[111.341543,33.035639],[111.341723,33.035592],[111.341924,33.035457],[111.342334,33.035354],[111.342675,33.035208],[111.342908,33.035212],[111.343155,33.035289],[111.343426,33.035304],[111.343649,33.035133],[111.343828,33.03505],[111.344107,33.035201],[111.344526,33.03552],[111.344724,33.035736],[111.345121,33.036478],[111.345344,33.036759],[111.34551,33.037155],[111.34566,33.037683],[111.345819,33.037879],[111.345939,33.037872],[111.346165,33.037784],[111.346436,33.037638],[111.346696,33.037416],[111.346776,33.037384],[111.346846,33.037488],[111.3469,33.037706],[111.34691,33.037883],[111.346862,33.038093],[111.346824,33.038128],[111.345862,33.038628],[111.345781,33.038695],[111.345577,33.039129],[111.345591,33.03968],[111.345473,33.039786],[111.345483,33.039882],[111.345636,33.04015],[111.345845,33.041061],[111.34595,33.041182],[111.34632,33.041159],[111.346425,33.041189],[111.346567,33.04133],[111.346578,33.041555],[111.346524,33.041605],[111.346358,33.04162],[111.346275,33.041587],[111.346141,33.041353],[111.345926,33.041384],[111.345819,33.041654],[111.345821,33.041836],[111.345502,33.041901],[111.345365,33.042039],[111.345306,33.04216],[111.345352,33.042198],[111.345435,33.042203],[111.345693,33.042077],[111.345776,33.042095],[111.345792,33.042347],[111.345741,33.042403],[111.345411,33.042367],[111.345183,33.042378],[111.345049,33.042486],[111.344775,33.042558],[111.344759,33.042628],[111.345108,33.043255],[111.345601,33.043822],[111.345647,33.04399],[111.345601,33.044202],[111.345314,33.044633],[111.34528,33.044856],[111.345322,33.045508],[111.345786,33.04772],[111.345988,33.047763],[111.346033,33.048118],[111.346014,33.048489],[111.345821,33.048595],[111.345778,33.048748],[111.34573,33.049665],[111.345749,33.050276],[111.345414,33.050964],[111.345212,33.051558],[111.345111,33.052095],[111.345121,33.052248],[111.344824,33.053775],[111.344692,33.054017],[111.344644,33.054863],[111.344464,33.056077],[111.344515,33.056648],[111.344647,33.057221],[111.344746,33.057866],[111.344866,33.058255],[111.344968,33.05848],[111.345204,33.058837],[111.345827,33.059476],[111.34598,33.060274],[111.345966,33.060557],[111.345829,33.060842],[111.345583,33.061137],[111.344971,33.061492],[111.34418,33.061804],[111.343815,33.06191],[111.3437,33.061987],[111.3436,33.062137],[111.343587,33.062366],[111.343745,33.06338],[111.343794,33.064061],[111.343914,33.064677],[111.344317,33.065477],[111.344751,33.066033],[111.345288,33.066437],[111.346473,33.067188],[111.346819,33.067456],[111.347401,33.067723],[111.347881,33.06804],[111.348214,33.068287],[111.348257,33.0684],[111.348501,33.068723],[111.348675,33.068894],[111.348895,33.069024],[111.349161,33.069114],[111.350258,33.069647],[111.351108,33.069986],[111.351213,33.070099],[111.351314,33.070276],[111.351481,33.07031],[111.351642,33.070506],[111.351779,33.070877],[111.351824,33.07118],[111.353077,33.071519],[111.353881,33.071791],[111.354281,33.071764],[111.355233,33.071535],[111.35559,33.071492],[111.355729,33.071405],[111.356617,33.071117],[111.35681,33.071128],[111.357636,33.071544],[111.358079,33.071618],[111.358162,33.071955],[111.35865,33.072951],[111.358771,33.073342],[111.359106,33.073855],[111.35956,33.074239],[111.359852,33.074592],[111.360096,33.074945],[111.360238,33.075282],[111.360276,33.075511],[111.360756,33.076024],[111.362312,33.077102],[111.362558,33.07721],[111.362998,33.077015],[111.363417,33.076702],[111.364125,33.076599],[111.364664,33.076608],[111.365509,33.076385],[111.367123,33.076021],[111.368357,33.075864],[111.369894,33.076293],[111.370696,33.076338],[111.371007,33.076289],[111.371235,33.076358],[111.371377,33.076475],[111.371493,33.076642],[111.371632,33.07677],[111.371887,33.076941],[111.372257,33.077127],[111.372831,33.077345],[111.373378,33.077487],[111.373703,33.077464],[111.37406,33.077395],[111.374204,33.077228],[111.374371,33.077136],[111.374765,33.077075],[111.375425,33.076864],[111.375629,33.076682],[111.375798,33.076585],[111.376227,33.076408],[111.377238,33.076316],[111.378056,33.076098],[111.378735,33.075392],[111.378807,33.075331],[111.378941,33.075311],[111.37907,33.075318],[111.380395,33.075628],[111.380964,33.075821],[111.381221,33.075972],[111.381688,33.076786],[111.381755,33.076848],[111.381833,33.07686],[111.38216,33.076812],[111.382814,33.076473],[111.383568,33.075988],[111.383705,33.075884],[111.383901,33.075561],[111.383863,33.075338],[111.383705,33.075232],[111.383439,33.075086],[111.382659,33.074796],[111.381602,33.074554],[111.381079,33.074486],[111.380577,33.074356],[111.380577,33.074282],[111.380797,33.074165],[111.381092,33.074244],[111.381302,33.074255],[111.38154,33.074185],[111.381645,33.074219],[111.381744,33.074322],[111.381835,33.074347],[111.382112,33.074248],[111.382171,33.074253],[111.383903,33.075041],[111.384153,33.075044],[111.384303,33.074938],[111.384456,33.074756],[111.3847,33.074354],[111.384847,33.073949],[111.384992,33.072996],[111.385344,33.072133],[111.385486,33.071681],[111.38555,33.071252],[111.385604,33.071117],[111.385958,33.0706],[111.38625,33.070346],[111.386591,33.070121],[111.38676,33.070085],[111.38735,33.070058],[111.387476,33.070027],[111.38775,33.069858],[111.388568,33.068867],[111.389313,33.068062],[111.389482,33.068004],[111.389641,33.068074],[111.390322,33.068514],[111.390842,33.069209],[111.391231,33.06962],[111.391293,33.06962],[111.391644,33.069328],[111.391971,33.068804],[111.392414,33.068375],[111.392757,33.067901],[111.393586,33.067098],[111.39412,33.066332],[111.394978,33.065484],[111.395236,33.065304],[111.396016,33.064931],[111.396142,33.064893],[111.39641,33.06488],[111.398186,33.064291],[111.398672,33.064021],[111.399213,33.063663],[111.399243,33.06356],[111.399122,33.063039],[111.398926,33.062623],[111.398883,33.062456],[111.398905,33.06202],[111.399052,33.061811],[111.399138,33.061607],[111.399149,33.061078],[111.399082,33.060136],[111.399023,33.059984],[111.398832,33.059694],[111.398661,33.059527],[111.398167,33.059181],[111.398047,33.059066],[111.397963,33.058905],[111.397926,33.058671],[111.398106,33.058109],[111.398103,33.057859],[111.398057,33.057715],[111.39795,33.0575],[111.397365,33.056868],[111.396888,33.056668],[111.396762,33.056571],[111.396534,33.056099],[111.396512,33.055984],[111.396515,33.055874],[111.396689,33.05553],[111.396842,33.055476],[111.397124,33.05529],[111.397462,33.055126],[111.397569,33.055103],[111.397682,33.055105],[111.397853,33.055168],[111.398124,33.05535],[111.398398,33.055413],[111.399278,33.05498],[111.399439,33.054955],[111.399508,33.055031],[111.3995,33.055114],[111.399455,33.055175],[111.398647,33.055634],[111.398583,33.055685],[111.398543,33.055807],[111.398562,33.055928],[111.398698,33.056117],[111.399248,33.056522],[111.399358,33.056546],[111.400101,33.056207],[111.401558,33.055802],[111.401791,33.055685],[111.40203,33.055625],[111.40303,33.055139],[111.404757,33.054377],[111.405122,33.054163],[111.405243,33.054123],[111.405366,33.054125],[111.406015,33.054346],[111.40674,33.054739],[111.407096,33.054896],[111.40741,33.054993],[111.408175,33.055022],[111.408545,33.054962],[111.40983,33.054453],[111.410328,33.054089],[111.410731,33.053703],[111.410833,33.053529],[111.410929,33.053208],[111.411106,33.05294],[111.411393,33.052372],[111.411527,33.052203],[111.411892,33.051965],[111.412466,33.051807],[111.412482,33.051776],[111.412461,33.051726],[111.412061,33.051374],[111.411557,33.051086],[111.410779,33.050726],[111.410355,33.050623],[111.410149,33.050458],[111.409685,33.049977],[111.409663,33.049872],[111.409972,33.049132],[111.410135,33.048844],[111.410374,33.048516],[111.410658,33.048228],[111.411581,33.0477],[111.412139,33.047111],[111.412506,33.04658],[111.413217,33.045359],[111.413373,33.045348],[111.413713,33.045416],[111.415127,33.045854],[111.415401,33.045964],[111.415559,33.045973],[111.415628,33.045964],[111.416221,33.045602],[111.416538,33.045472],[111.417662,33.045366],[111.418579,33.04544],[111.419743,33.045416],[111.41996,33.045305],[111.420395,33.044878],[111.420518,33.044712],[111.420674,33.04433],[111.420628,33.044094],[111.420298,33.043399],[111.420186,33.042529],[111.420202,33.042299],[111.420322,33.041744],[111.42032,33.041596],[111.4201,33.040582],[111.41951,33.039329],[111.419185,33.038895],[111.418576,33.03838],[111.418378,33.038284],[111.417774,33.038111],[111.417629,33.038034],[111.417538,33.037922],[111.419389,33.037209],[111.421248,33.036741],[111.421446,33.036635],[111.421376,33.036375],[111.4211,33.035916],[111.421181,33.035927],[111.423125,33.035529],[111.424461,33.035201],[111.424458,33.034605],[111.424354,33.033539],[111.424335,33.032871],[111.424276,33.032419],[111.424289,33.031776],[111.424249,33.031673],[111.42423,33.031097],[111.42411,33.030809],[111.423393,33.029917],[111.423187,33.029465],[111.423182,33.029332],[111.423267,33.028603],[111.423396,33.02839],[111.423589,33.028174],[111.424201,33.027661],[111.423552,33.026548],[111.423278,33.026168],[111.423219,33.02599],[111.423101,33.025124],[111.423106,33.024816],[111.423029,33.024569],[111.422852,33.024373],[111.422616,33.024238],[111.422321,33.024142],[111.421618,33.024007],[111.421575,33.0236],[111.421572,33.023114],[111.421629,33.022648],[111.421757,33.022307],[111.422264,33.021447],[111.422575,33.021043],[111.423174,33.020161],[111.42367,33.019221],[111.424037,33.018627],[111.42441,33.017782],[111.424879,33.01715],[111.425665,33.015787],[111.425789,33.015456],[111.425856,33.015114],[111.425885,33.014507],[111.426103,33.013834],[111.426741,33.011549],[111.426819,33.011147],[111.427033,33.010881],[111.427798,33.010407],[111.427996,33.010175],[111.42827,33.009977],[111.428527,33.009853],[111.428838,33.009804],[111.429479,33.009595],[111.430426,33.009399],[111.431888,33.009574],[111.432129,33.009577],[111.432395,33.009527],[111.43261,33.009327],[111.433066,33.008619],[111.433154,33.008342],[111.433232,33.007674],[111.433414,33.007022],[111.433755,33.00605],[111.433959,33.005218],[111.434133,33.004698],[111.434326,33.004379],[111.434543,33.004196],[111.434986,33.003848],[111.435321,33.003645],[111.435785,33.003468],[111.43596,33.003247],[111.436126,33.002943],[111.436153,33.002691],[111.436153,33.001837],[111.436491,33.001812],[111.436826,33.001846],[111.43751,33.001992],[111.437953,33.002154],[111.438062,33.002165],[111.438728,33.002077],[111.439444,33.00194],[111.439715,33.002003],[111.4399,33.001985],[111.44009,33.001891],[111.440155,33.00183],[111.440168,33.001744],[111.440098,33.001544],[111.439779,33.001261],[111.43976,33.001137],[111.439849,33.000842],[111.439868,33.000469],[111.439774,33.000073],[111.439833,32.99985],[111.440066,32.999383],[111.440141,32.999281],[111.440391,32.999158],[111.440772,32.999124],[111.440965,32.999218],[111.441324,32.999569],[111.441469,32.999598],[111.441635,32.999558],[111.441911,32.999873],[111.442193,33.000116],[111.442322,33.000165],[111.442526,33.000132],[111.442877,32.999956],[111.443631,32.999738],[111.444682,32.999558],[111.444907,32.999473],[111.445495,32.999101],[111.44565,32.998942],[111.445996,32.998406],[111.446302,32.997646],[111.446157,32.997263],[111.445897,32.996391],[111.445774,32.996168],[111.445385,32.995624],[111.445044,32.99505],[111.444918,32.994793],[111.44487,32.994557],[111.445771,32.993882],[111.446546,32.993378],[111.446884,32.993216],[111.447091,32.993192],[111.447405,32.993345],[111.447619,32.993552],[111.448397,32.994121],[111.448494,32.994251],[111.448622,32.994544],[111.44873,32.994672],[111.448888,32.994818],[111.449135,32.994962],[111.449682,32.995444],[111.450162,32.996019],[111.450312,32.996233],[111.450433,32.996517],[111.45046,32.996874],[111.450379,32.997248],[111.45028,32.997455],[111.449971,32.997875],[111.449856,32.998157],[111.449867,32.998487],[111.449945,32.998863],[111.449937,32.998987],[111.449862,32.999059],[111.449617,32.999155],[111.449196,32.999416],[111.449068,32.999468],[111.448931,32.999468],[111.44888,32.99945],[111.448448,32.998827],[111.448384,32.99878],[111.448279,32.998773],[111.447102,32.999198],[111.446914,32.999293],[111.446887,32.999331],[111.446895,32.99963],[111.446959,33.000033],[111.446871,33.000073],[111.446876,33.000447],[111.446847,33.000514],[111.446544,33.000548],[111.44645,33.000721],[111.446232,33.000761],[111.446152,33.000815],[111.446224,33.001151],[111.44623,33.001326],[111.446077,33.001765],[111.446114,33.001861],[111.44619,33.001886],[111.446334,33.001855],[111.446482,33.001553],[111.446589,33.001463],[111.446638,33.001666],[111.44678,33.001801],[111.447684,33.002248],[111.447603,33.00244],[111.447584,33.002631],[111.447705,33.002964],[111.447705,33.003056],[111.447595,33.003438],[111.447928,33.003668],[111.448054,33.003697],[111.448236,33.003683],[111.44848,33.003362],[111.448614,33.003105],[111.448633,33.003004],[111.448392,33.002566],[111.44829,33.00248],[111.448177,33.002296],[111.447917,33.002062],[111.447815,33.001765],[111.447681,33.001529],[111.447708,33.001178],[111.447533,33.000687],[111.447515,33.000561],[111.447638,33.00062],[111.448051,33.001081],[111.448244,33.001398],[111.448601,33.00244],[111.448668,33.002523],[111.449011,33.002662],[111.449033,33.002714],[111.448987,33.002928],[111.448625,33.003591],[111.448528,33.003832],[111.448663,33.003836],[111.449336,33.004066],[111.449325,33.004169],[111.449207,33.004426],[111.44918,33.004608],[111.449306,33.00468],[111.449706,33.004711],[111.449835,33.004201],[111.450497,33.004255],[111.450921,33.004253],[111.451224,33.004385],[111.451098,33.00508],[111.451262,33.005024],[111.451656,33.005049],[111.452214,33.005233],[111.452254,33.005281],[111.452278,33.005418],[111.452249,33.006025],[111.452737,33.006165],[111.45278,33.006232],[111.452718,33.006423],[111.452723,33.006524],[111.452828,33.006542],[111.45359,33.006376],[111.453826,33.006232],[111.4544,33.005989],[111.454714,33.005964],[111.454958,33.005879],[111.454995,33.005807],[111.454985,33.005712],[111.455596,33.00542],[111.455896,33.005463],[111.456481,33.005249],[111.456867,33.005294],[111.457187,33.005272],[111.457372,33.005299],[111.457334,33.005371],[111.457364,33.005463],[111.457817,33.005663],[111.457938,33.005679],[111.457922,33.00544],[111.457983,33.005265],[111.458091,33.005249],[111.458286,33.005317],[111.458474,33.005328],[111.458694,33.005134],[111.459695,33.004594],[111.460282,33.004343],[111.460429,33.004309],[111.461121,33.005681],[111.461974,33.007613],[111.462366,33.008376],[111.462495,33.008731],[111.463546,33.010895],[111.464007,33.011938],[111.46441,33.011934],[111.464997,33.01199],[111.466432,33.012172],[111.468701,33.012233],[111.470917,33.012197],[111.473191,33.011974],[111.474015,33.011929],[111.474404,33.011866],[111.476595,33.011729],[111.478001,33.011549],[111.478432,33.011554],[111.47965,33.011428],[111.480254,33.01143],[111.480428,33.011444],[111.481423,33.011664],[111.482566,33.01199],[111.484304,33.01275],[111.484768,33.013002],[111.485731,33.012004],[111.486956,33.009997],[111.487069,33.009896],[111.487981,33.009727],[111.489424,33.009586],[111.490148,33.009568],[111.490484,33.009624],[111.492047,33.010072],[111.492863,33.010508],[111.493152,33.010584],[111.493469,33.010605],[111.494536,33.010587],[111.49522,33.010506],[111.495698,33.010389],[111.496148,33.010344],[111.49661,33.010341],[111.497371,33.010526],[111.497766,33.010681],[111.498219,33.01094],[111.498289,33.010679],[111.498308,33.009781],[111.498281,33.009296],[111.498426,33.008663],[111.498702,33.007701],[111.499013,33.006041],[111.499134,33.005852],[111.499737,33.005267],[111.49956,33.005231],[111.499059,33.00526],[111.498069,33.005188],[111.497079,33.005083],[111.496449,33.004966],[111.496218,33.004968],[111.495958,33.004894],[111.495076,33.004408],[111.494502,33.003668],[111.494311,33.003391],[111.494107,33.00293],[111.49389,33.001506],[111.493807,33.000073],[111.4936,32.999162],[111.493458,32.998964],[111.493101,32.998651],[111.492796,32.998332],[111.492723,32.998204],[111.492616,32.997502],[111.492683,32.996465],[111.492653,32.996058],[111.492603,32.995977],[111.492058,32.995776],[111.490937,32.995594],[111.489419,32.995504],[111.488236,32.995408],[111.48786,32.995347],[111.487345,32.995185],[111.486879,32.994991],[111.486015,32.994532],[111.485532,32.994195],[111.485251,32.994044],[111.485154,32.99393],[111.485489,32.992841],[111.48591,32.99217],[111.486055,32.991729],[111.48631,32.99114],[111.486527,32.990488],[111.487453,32.989075],[111.488796,32.987846],[111.489446,32.987077],[111.490392,32.985455],[111.490757,32.984931],[111.490889,32.984456],[111.491197,32.983592],[111.492117,32.981769],[111.492286,32.981513],[111.492415,32.981214],[111.492586,32.980413],[111.492817,32.979546],[111.493021,32.977888],[111.493037,32.977472],[111.492967,32.9758],[111.492788,32.974146],[111.492672,32.971977],[111.492522,32.970841],[111.492267,32.969468],[111.491801,32.96812],[111.491739,32.967834],[111.491345,32.966729],[111.490886,32.964857],[111.490639,32.963682],[111.490376,32.962242],[111.49032,32.961731],[111.490162,32.961034],[111.490009,32.96014],[111.489859,32.958774],[111.489609,32.957845],[111.489287,32.957115],[111.488815,32.956217],[111.483593,32.945274],[111.48167,32.941398],[111.480916,32.941299],[111.479151,32.941337],[111.478513,32.941286],[111.478057,32.941288]]]}},{"type":"Feature","properties":{"regionCode":"411326103","sourceCode":"411326103000","name":"香花镇","sourceName":"香花镇","parentCode":"411326","parentName":"淅川县","regionLevel":"township","regionType":"town","isManagementZone":false,"source":"ruiduobao","sourceVersion":"mixed-legacy~2018-2020","geometryRepaired":false,"match2020":true,"match2023":true},"geometry":{"type":"Polygon","coordinates":[[[111.572109,32.590979],[111.571873,32.591201],[111.570212,32.592062],[111.569797,32.592351],[111.569424,32.592475],[111.56911,32.592518],[111.568345,32.592756],[111.566699,32.59316],[111.566079,32.593169],[111.565374,32.592984],[111.564633,32.592842],[111.563316,32.592462],[111.562828,32.592462],[111.562434,32.592573],[111.561227,32.59312],[111.560843,32.5934],[111.56065,32.593694],[111.560385,32.593996],[111.560111,32.59446],[111.559974,32.594927],[111.559931,32.595208],[111.559666,32.595524],[111.558909,32.59584],[111.557555,32.596731],[111.557249,32.596783],[111.556831,32.596746],[111.555862,32.596728],[111.555321,32.596758],[111.554926,32.596936],[111.554835,32.597298],[111.55479,32.597775],[111.554819,32.598179],[111.55495,32.598911],[111.555028,32.599637],[111.555144,32.599971],[111.555219,32.600355],[111.555203,32.600825],[111.555015,32.60127],[111.554511,32.601858],[111.554427,32.602414],[111.554178,32.603171],[111.553977,32.603417],[111.55376,32.603833],[111.553811,32.604266],[111.554221,32.604768],[111.554607,32.605154],[111.554961,32.605361],[111.55527,32.605613],[111.555549,32.605966],[111.555626,32.606305],[111.555355,32.606472],[111.554752,32.606562],[111.553609,32.60658],[111.553175,32.606664],[111.552773,32.606612],[111.552427,32.606467],[111.552032,32.606474],[111.551667,32.606707],[111.551329,32.607023],[111.550959,32.607613],[111.550592,32.607891],[111.549629,32.608923],[111.548859,32.609551],[111.54854,32.609994],[111.54846,32.610399],[111.548307,32.610873],[111.547808,32.611519],[111.547529,32.611727],[111.547102,32.611797],[111.546252,32.611768],[111.545565,32.611632],[111.545093,32.611607],[111.544482,32.61161],[111.543921,32.611727],[111.543441,32.612043],[111.542816,32.612574],[111.542524,32.612895],[111.541416,32.613455],[111.540515,32.614108],[111.5403,32.614407],[111.540161,32.614734],[111.539917,32.614917],[111.539555,32.615098],[111.539163,32.615107],[111.538873,32.614969],[111.538551,32.614913],[111.538098,32.614967],[111.537248,32.615204],[111.536872,32.615475],[111.536494,32.615581],[111.53489,32.615656],[111.534346,32.615715],[111.533442,32.615733],[111.532023,32.616167],[111.529416,32.61719],[111.528217,32.617917],[111.527938,32.618175],[111.527557,32.618381],[111.527206,32.618521],[111.52686,32.618625],[111.524435,32.618916],[111.523998,32.619038],[111.522732,32.619646],[111.522547,32.619908],[111.522654,32.62022],[111.523166,32.620525],[111.524271,32.620999],[111.52454,32.621159],[111.52502,32.621381],[111.52591,32.621889],[111.526707,32.622269],[111.527289,32.622497],[111.527656,32.622763],[111.528297,32.623457],[111.52844,32.62376],[111.528576,32.624155],[111.528898,32.624616],[111.529625,32.625072],[111.530532,32.625384],[111.531012,32.625711],[111.531135,32.62603],[111.531157,32.626421],[111.531017,32.627148],[111.530824,32.62767],[111.530746,32.628289],[111.530615,32.628702],[111.530687,32.629443],[111.53091,32.629725],[111.531124,32.630139],[111.531073,32.630473],[111.530848,32.630862],[111.530465,32.631275],[111.529971,32.631946],[111.528603,32.633132],[111.527933,32.633651],[111.527627,32.634187],[111.527283,32.634501],[111.526613,32.634754],[111.524988,32.635273],[111.523853,32.63614],[111.523148,32.636737],[111.522313,32.637559],[111.522182,32.637825],[111.521932,32.638489],[111.521855,32.639183],[111.521613,32.639556],[111.521219,32.639865],[111.520473,32.640369],[111.519749,32.640705],[111.518735,32.641606],[111.518625,32.64211],[111.518515,32.642885],[111.518585,32.643214],[111.518829,32.643508],[111.519422,32.643939],[111.520369,32.644378],[111.521096,32.644676],[111.523266,32.645414],[111.524116,32.645669],[111.524628,32.645934],[111.525009,32.6463],[111.525296,32.646693],[111.525441,32.647025],[111.52554,32.647436],[111.525562,32.647788],[111.525307,32.648418],[111.524376,32.650168],[111.524022,32.650575],[111.522424,32.652898],[111.521444,32.654107],[111.520339,32.655328],[111.519207,32.656428],[111.518572,32.657316],[111.518392,32.657876],[111.518126,32.659477],[111.517998,32.659876],[111.517764,32.660382],[111.517483,32.661197],[111.51722,32.661841],[111.518816,32.662735],[111.520012,32.66325],[111.522284,32.664122],[111.52359,32.664451],[111.526828,32.664887],[111.527619,32.664955],[111.528528,32.664966],[111.530668,32.665181],[111.531374,32.665201],[111.531889,32.665251],[111.532989,32.665418],[111.533976,32.665634],[111.534147,32.665641],[111.534544,32.665741],[111.536049,32.666005],[111.538334,32.666477],[111.53894,32.666673],[111.540037,32.666892],[111.541161,32.667007],[111.541499,32.667075],[111.5431,32.667213],[111.543975,32.667364],[111.547226,32.667793],[111.550498,32.668552],[111.552724,32.669437],[111.555731,32.670484],[111.557643,32.671202],[111.55847,32.671636],[111.558668,32.671819],[111.559567,32.672505],[111.562724,32.6747],[111.562871,32.674867],[111.563346,32.675278],[111.563724,32.675711],[111.564998,32.67696],[111.565784,32.677967],[111.566589,32.679102],[111.566988,32.679777],[111.567932,32.681999],[111.568209,32.683035],[111.568426,32.684175],[111.568609,32.685439],[111.568665,32.686363],[111.56875,32.686785],[111.568877,32.689229],[111.568893,32.69211],[111.568938,32.693135],[111.568925,32.694108],[111.56896,32.694545],[111.569008,32.698331],[111.568925,32.701175],[111.568936,32.701956],[111.568828,32.705657],[111.568793,32.70584],[111.568761,32.706842],[111.56874,32.708298],[111.568767,32.709011],[111.56871,32.713175],[111.568724,32.715215],[111.568699,32.716763],[111.568734,32.720229],[111.568686,32.725415],[111.568718,32.728208],[111.568662,32.73111],[111.568678,32.732409],[111.568638,32.73567],[111.568662,32.736482],[111.568646,32.738145],[111.568683,32.738601],[111.56864,32.739431],[111.568675,32.74182],[111.568643,32.742955],[111.568665,32.74531],[111.568557,32.750142],[111.568557,32.751924],[111.568611,32.753564],[111.568592,32.758588],[111.568627,32.760606],[111.568614,32.763387],[111.568686,32.770783],[111.568673,32.773879],[111.568705,32.777812],[111.568627,32.783547],[111.568506,32.787561],[111.568458,32.792948],[111.568563,32.795538],[111.568785,32.797752],[111.568938,32.800124],[111.569078,32.803689],[111.569064,32.806588],[111.569107,32.807318],[111.569126,32.81051],[111.569282,32.819052],[111.571382,32.819038],[111.578653,32.819088],[111.581086,32.819054],[111.586668,32.819058],[111.587408,32.819025],[111.589291,32.819016],[111.590576,32.819034],[111.590677,32.821984],[111.590712,32.822347],[111.590779,32.822412],[111.591139,32.82241],[111.591509,32.822455],[111.592222,32.822696],[111.59252,32.823055],[111.592901,32.823341],[111.593193,32.823625],[111.593454,32.823938],[111.593545,32.82411],[111.593628,32.824757],[111.593861,32.825234],[111.59407,32.825829],[111.594116,32.82608],[111.594569,32.826914],[111.594773,32.827497],[111.594822,32.827768],[111.594843,32.828063],[111.594639,32.828579],[111.594387,32.829014],[111.594312,32.829267],[111.594679,32.830017],[111.59491,32.830801],[111.595235,32.831392],[111.595422,32.831928],[111.595701,32.832133],[111.595846,32.832185],[111.596602,32.832226],[111.597595,32.832151],[111.597667,32.832188],[111.598349,32.833222],[111.598499,32.833402],[111.598968,32.834193],[111.599188,32.834455],[111.59922,32.834619],[111.599226,32.835546],[111.599456,32.835852],[111.599585,32.836116],[111.599727,32.836555],[111.599945,32.836844],[111.600175,32.836965],[111.600352,32.837141],[111.600382,32.8374],[111.600272,32.83786],[111.600202,32.83793],[111.599808,32.838155],[111.59969,32.838275],[111.599143,32.838935],[111.598901,32.839278],[111.598815,32.839458],[111.598794,32.839649],[111.598662,32.840044],[111.598617,32.840449],[111.598638,32.840657],[111.598746,32.840938],[111.598923,32.841261],[111.599218,32.841623],[111.599464,32.842169],[111.600261,32.843566],[111.600489,32.844373],[111.601138,32.84342],[111.601422,32.842913],[111.602321,32.841551],[111.602705,32.841971],[111.602804,32.8422],[111.602841,32.842554],[111.602796,32.843212],[111.602879,32.843913],[111.60297,32.844341],[111.603134,32.844492],[111.603279,32.844452],[111.603383,32.844269],[111.603614,32.843543],[111.603737,32.842279],[111.603633,32.841824],[111.60404,32.841813],[111.605204,32.841878],[111.605301,32.841962],[111.605379,32.842635],[111.605682,32.843327],[111.605768,32.843652],[111.606481,32.845166],[111.60665,32.845382],[111.606752,32.845461],[111.607347,32.845308],[111.607967,32.845035],[111.608772,32.844754],[111.609356,32.844398],[111.60989,32.844005],[111.610212,32.844411],[111.611062,32.845166],[111.611403,32.845389],[111.611438,32.845376],[111.611473,32.845283],[111.611478,32.844923],[111.611341,32.84453],[111.610765,32.843649],[111.610545,32.843228],[111.610453,32.842845],[111.6104,32.842363],[111.610419,32.841928],[111.610596,32.841146],[111.610676,32.840932],[111.610832,32.841008],[111.611119,32.841231],[111.611349,32.841576],[111.611548,32.841793],[111.611778,32.84218],[111.612141,32.842996],[111.612259,32.844096],[111.612318,32.844337],[111.612543,32.844607],[111.614284,32.845691],[111.614984,32.846072],[111.61537,32.846376],[111.615874,32.846689],[111.616397,32.846964],[111.617315,32.847372],[111.61765,32.847559],[111.617937,32.847629],[111.619211,32.847503],[111.619675,32.847361],[111.619838,32.847676],[111.620091,32.848499],[111.62023,32.848816],[111.620324,32.849127],[111.62063,32.849326],[111.621432,32.849263],[111.621641,32.849161],[111.622024,32.848812],[111.622298,32.849393],[111.622395,32.84951],[111.622529,32.849857],[111.622942,32.851559],[111.623138,32.852018],[111.623146,32.852149],[111.623092,32.852368],[111.622995,32.852561],[111.622483,32.853188],[111.622282,32.853501],[111.622287,32.854123],[111.622129,32.854425],[111.622159,32.854506],[111.622306,32.854637],[111.622333,32.8547],[111.622279,32.854794],[111.621094,32.855919],[111.620386,32.85648],[111.620603,32.85716],[111.621338,32.856917],[111.623274,32.856554],[111.624948,32.856502],[111.626367,32.856667],[111.626488,32.856583],[111.626354,32.856437],[111.62627,32.856268],[111.62623,32.855894],[111.626262,32.855628],[111.626576,32.855333],[111.626716,32.85543],[111.626917,32.855511],[111.627051,32.855346],[111.627252,32.855249],[111.627606,32.855488],[111.627842,32.855409],[111.628309,32.855412],[111.6287,32.85506],[111.629207,32.855295],[111.629406,32.85531],[111.630082,32.854848],[111.63039,32.854556],[111.631345,32.854031],[111.631632,32.853967],[111.633132,32.853057],[111.633738,32.852661],[111.634003,32.852446],[111.633663,32.852023],[111.634277,32.85166],[111.63498,32.851124],[111.635444,32.850572],[111.635588,32.850355],[111.635436,32.850213],[111.635197,32.850092],[111.63513,32.849979],[111.635728,32.849423],[111.636216,32.848911],[111.636876,32.848467],[111.637098,32.84828],[111.637493,32.848107],[111.637308,32.847859],[111.63657,32.847286],[111.636565,32.846791],[111.63664,32.84645],[111.636307,32.846448],[111.635942,32.84652],[111.635677,32.846692],[111.635551,32.846728],[111.635293,32.846739],[111.635178,32.846453],[111.635036,32.84629],[111.635004,32.846182],[111.635401,32.846196],[111.635454,32.846175],[111.635516,32.846081],[111.635398,32.846056],[111.635191,32.846083],[111.635017,32.846006],[111.635039,32.845833],[111.634819,32.845934],[111.634617,32.844995],[111.634454,32.844645],[111.634365,32.844147],[111.634379,32.843505],[111.635363,32.843449],[111.63547,32.843111],[111.635468,32.842998],[111.634494,32.842964],[111.634969,32.842451],[111.635605,32.841608],[111.635824,32.841204],[111.636323,32.840416],[111.636479,32.84074],[111.636696,32.841056],[111.636897,32.841285],[111.637927,32.840618],[111.638102,32.840814],[111.638555,32.840481],[111.638708,32.840416],[111.639014,32.840835],[111.63874,32.841074],[111.638314,32.841342],[111.638351,32.841511],[111.638761,32.84175],[111.638922,32.841633],[111.639126,32.841603],[111.638914,32.841067],[111.639362,32.840907],[111.640011,32.840781],[111.640202,32.840645],[111.640207,32.840235],[111.640331,32.840145],[111.640529,32.840156],[111.640623,32.840204],[111.640636,32.840911],[111.640671,32.840986],[111.640762,32.841017],[111.641175,32.841031],[111.642106,32.840943],[111.642305,32.841256],[111.642348,32.841826],[111.642696,32.841867],[111.642728,32.842324],[111.643029,32.842322],[111.643243,32.842268],[111.643407,32.842279],[111.643463,32.842626],[111.643884,32.842658],[111.644587,32.842583],[111.645539,32.842674],[111.646524,32.842721],[111.647267,32.842622],[111.647243,32.84287],[111.647269,32.843363],[111.647361,32.843796],[111.647567,32.844242],[111.647902,32.844587],[111.648141,32.844643],[111.648782,32.844636],[111.649356,32.844571],[111.649472,32.844461],[111.649469,32.844084],[111.649517,32.84396],[111.650013,32.84371],[111.650223,32.843769],[111.650311,32.843246],[111.650437,32.843122],[111.650416,32.843036],[111.650711,32.842836],[111.650759,32.842858],[111.65077,32.843063],[111.650818,32.843212],[111.651019,32.843255],[111.651303,32.843208],[111.652001,32.843021],[111.652628,32.842958],[111.653165,32.842707],[111.654364,32.842408],[111.654498,32.842383],[111.654844,32.842482],[111.655042,32.84246],[111.655118,32.842324],[111.655375,32.842284],[111.655447,32.842149],[111.655598,32.842074],[111.655702,32.841921],[111.655509,32.841396],[111.655504,32.841261],[111.655351,32.840954],[111.655391,32.840857],[111.65596,32.840889],[111.655922,32.8404],[111.656161,32.840391],[111.657022,32.84054],[111.657062,32.840659],[111.657156,32.840733],[111.657156,32.840851],[111.657405,32.840972],[111.657701,32.840995],[111.658154,32.840911],[111.658792,32.841231],[111.65909,32.841434],[111.659565,32.841563],[111.659876,32.841529],[111.659629,32.842376],[111.660316,32.842473],[111.660356,32.842674],[111.660705,32.843199],[111.661032,32.843566],[111.661018,32.843636],[111.660731,32.843658],[111.66078,32.844168],[111.660718,32.844407],[111.660431,32.844864],[111.660302,32.845001],[111.660147,32.845078],[111.65961,32.845143],[111.659519,32.845229],[111.659677,32.845596],[111.659718,32.845777],[111.659645,32.845982],[111.659583,32.846056],[111.659447,32.846067],[111.659302,32.845898],[111.659077,32.845788],[111.659009,32.845912],[111.658934,32.846182],[111.65883,32.846308],[111.658559,32.846408],[111.658427,32.846899],[111.65817,32.847187],[111.657671,32.847539],[111.657623,32.84792],[111.657502,32.848138],[111.657714,32.848722],[111.657735,32.849501],[111.657583,32.849538],[111.657274,32.84986],[111.656992,32.850542],[111.656628,32.850957],[111.656842,32.851016],[111.657497,32.851077],[111.657644,32.851151],[111.657588,32.851338],[111.657518,32.851935],[111.657553,32.852302],[111.657735,32.852397],[111.657875,32.852573],[111.657896,32.852825],[111.657636,32.852861],[111.657585,32.852911],[111.657548,32.853068],[111.657231,32.853082],[111.65681,32.852859],[111.656772,32.853249],[111.656502,32.85314],[111.656072,32.853154],[111.655592,32.853246],[111.655595,32.85337],[111.655482,32.853512],[111.655445,32.85367],[111.65548,32.853862],[111.655654,32.854071],[111.65563,32.854136],[111.655678,32.854328],[111.655662,32.854459],[111.655788,32.854706],[111.656282,32.85511],[111.656472,32.855096],[111.656775,32.854954],[111.657604,32.854677],[111.657937,32.85447],[111.658186,32.854368],[111.658481,32.854319],[111.658942,32.854797],[111.659063,32.855135],[111.659189,32.855295],[111.659307,32.855369],[111.659449,32.855409],[111.659095,32.856025],[111.658562,32.856752],[111.658291,32.856975],[111.658266,32.857081],[111.658513,32.857361],[111.658881,32.858039],[111.659146,32.858832],[111.659559,32.858667],[111.660571,32.858634],[111.66215,32.858402],[111.662896,32.858239],[111.664312,32.858773],[111.6638,32.85963],[111.663644,32.860082],[111.663851,32.861029],[111.663795,32.861421],[111.663789,32.862013],[111.663754,32.862266],[111.663178,32.862622],[111.662802,32.862696],[111.662486,32.862721],[111.662078,32.863237],[111.66163,32.863919],[111.661354,32.864492],[111.661303,32.864949],[111.66251,32.86653],[111.662708,32.866918],[111.663116,32.866817],[111.663931,32.866418],[111.663977,32.866859],[111.663942,32.867229],[111.663784,32.86754],[111.663615,32.868094],[111.663867,32.868132],[111.664824,32.868057],[111.66539,32.868035],[111.665541,32.868056],[111.665645,32.868182],[111.66572,32.868466],[111.66572,32.868547],[111.66553,32.868621],[111.664867,32.86859],[111.664143,32.868716],[111.663593,32.868867],[111.663443,32.868921],[111.663156,32.869238],[111.663073,32.869428],[111.663223,32.87018],[111.663231,32.870495],[111.663076,32.870932],[111.663306,32.871457],[111.663395,32.87198],[111.663403,32.873147],[111.663591,32.873766],[111.663947,32.874003],[111.664596,32.873998],[111.666316,32.873681],[111.668456,32.873073],[111.66995,32.872516],[111.670792,32.871917],[111.671718,32.870982],[111.672361,32.870549],[111.673614,32.869822],[111.674775,32.868835],[111.676927,32.867835],[111.678616,32.867139],[111.680207,32.86622],[111.682093,32.865399],[111.68375,32.864437],[111.685325,32.863331],[111.685673,32.862962],[111.685684,32.862473],[111.684831,32.861572],[111.684032,32.86067],[111.683916,32.860384],[111.684056,32.860123],[111.684533,32.859596],[111.685236,32.859258],[111.685883,32.859089],[111.686843,32.859082],[111.687889,32.859267],[111.68905,32.859546],[111.689501,32.859544],[111.690289,32.859373],[111.690769,32.859204],[111.691048,32.858987],[111.691357,32.858485],[111.691714,32.857435],[111.691936,32.856982],[111.692245,32.856669],[111.693988,32.855612],[111.694267,32.855324],[111.694715,32.854846],[111.695329,32.854008],[111.695635,32.853267],[111.695911,32.852742],[111.6967,32.852262],[111.700608,32.850166],[111.701311,32.849876],[111.701788,32.849565],[111.701898,32.849278],[111.70189,32.848048],[111.701938,32.847156],[111.702271,32.846489],[111.702408,32.845939],[111.702346,32.845344],[111.702319,32.844614],[111.703,32.843875],[111.703985,32.842547],[111.704969,32.841518],[111.705388,32.840943],[111.70564,32.840488],[111.706004,32.840152],[111.706106,32.840098],[111.705972,32.840028],[111.705194,32.839823],[111.705117,32.83976],[111.70506,32.839564],[111.705042,32.839138],[111.705076,32.838867],[111.705538,32.837664],[111.705696,32.837461],[111.706077,32.836596],[111.70619,32.836163],[111.706254,32.835627],[111.706482,32.834951],[111.706895,32.834374],[111.70741,32.833402],[111.707509,32.83278],[111.70771,32.832136],[111.707751,32.831453],[111.707968,32.830662],[111.708129,32.830389],[111.708207,32.830168],[111.708003,32.830161],[111.707238,32.829839],[111.706849,32.829641],[111.706498,32.829411],[111.706538,32.829327],[111.706903,32.829095],[111.706951,32.829021],[111.706943,32.828741],[111.707329,32.828455],[111.707498,32.828259],[111.707584,32.828072],[111.70792,32.827729],[111.708249,32.826963],[111.708333,32.826476],[111.708494,32.825938],[111.708472,32.825827],[111.708354,32.825622],[111.707885,32.825284],[111.707726,32.825097],[111.707643,32.824777],[111.707665,32.824601],[111.707635,32.824473],[111.70749,32.824236],[111.707418,32.824346],[111.707305,32.824802],[111.706941,32.825654],[111.706747,32.825832],[111.706589,32.825789],[111.706544,32.82571],[111.706554,32.825092],[111.7066,32.824606],[111.706584,32.824376],[111.706549,32.824272],[111.70649,32.824236],[111.706418,32.824249],[111.706369,32.824335],[111.706356,32.82459],[111.706439,32.825007],[111.706434,32.825379],[111.706358,32.825627],[111.706222,32.825647],[111.706149,32.825561],[111.706267,32.825074],[111.706367,32.824813],[111.706342,32.824759],[111.706294,32.824741],[111.706243,32.824761],[111.706214,32.824826],[111.70609,32.825381],[111.706012,32.825539],[111.704881,32.825309],[111.704524,32.825203],[111.704757,32.825126],[111.705066,32.824937],[111.7055,32.824522],[111.705543,32.824394],[111.705487,32.823799],[111.705492,32.823503],[111.705548,32.823264],[111.705626,32.823168],[111.70579,32.823053],[111.706573,32.822805],[111.706823,32.822627],[111.707193,32.820476],[111.707287,32.820147],[111.70686,32.82003],[111.706251,32.819782],[111.706232,32.819662],[111.706334,32.819475],[111.70634,32.819387],[111.706192,32.819196],[111.705243,32.818531],[111.705135,32.818393],[111.704958,32.818303],[111.704701,32.818249],[111.704419,32.8181],[111.704266,32.818076],[111.703666,32.818141],[111.702813,32.817877],[111.702601,32.81778],[111.702493,32.817904],[111.702198,32.818434],[111.702102,32.818511],[111.701973,32.818538],[111.700326,32.817916],[111.699522,32.817699],[111.699473,32.817663],[111.699436,32.81684],[111.699302,32.816308],[111.699428,32.816067],[111.699369,32.815952],[111.699157,32.815907],[111.698937,32.816083],[111.698821,32.816083],[111.698725,32.815925],[111.698266,32.815504],[111.697234,32.814895],[111.697499,32.814839],[111.698046,32.81444],[111.698478,32.814302],[111.699312,32.81373],[111.700155,32.813231],[111.700594,32.812925],[111.701064,32.812496],[111.701201,32.812298],[111.701429,32.81185],[111.7016,32.811653],[111.701922,32.811547],[111.70226,32.811579],[111.702893,32.811308],[111.7034,32.810986],[111.703931,32.810565],[111.704266,32.810364],[111.705063,32.809794],[111.705288,32.809692],[111.705669,32.80937],[111.705184,32.809047],[111.704784,32.808714],[111.705117,32.808373],[111.705286,32.808247],[111.705162,32.808098],[111.704215,32.807289],[111.702925,32.806013],[111.703456,32.805677],[111.703719,32.80547],[111.703958,32.805357],[111.704167,32.805181],[111.704379,32.804929],[111.704505,32.804847],[111.704637,32.80464],[111.70484,32.804611],[111.704921,32.804543],[111.70509,32.8043],[111.705535,32.804113],[111.705924,32.803844],[111.705937,32.803801],[111.705755,32.803515],[111.705755,32.803429],[111.705857,32.803281],[111.705854,32.803251],[111.705758,32.803199],[111.704843,32.802915],[111.704516,32.802877],[111.703601,32.802688],[111.703679,32.802395],[111.703668,32.801874],[111.70399,32.801874],[111.704768,32.801953],[111.705468,32.802083],[111.705709,32.802077],[111.705988,32.802372],[111.706321,32.802584],[111.706619,32.802674],[111.706726,32.802622],[111.70748,32.801935],[111.707759,32.801222],[111.708134,32.800848],[111.708233,32.80083],[111.708317,32.800852],[111.708614,32.801006],[111.70877,32.801046],[111.708888,32.801017],[111.709049,32.800862],[111.709725,32.799948],[111.710103,32.799631],[111.710763,32.798925],[111.711211,32.798535],[111.712115,32.797435],[111.712546,32.797053],[111.713005,32.79683],[111.713815,32.796278],[111.714016,32.796253],[111.714373,32.795935],[111.715473,32.795218],[111.716505,32.794774],[111.716768,32.794625],[111.717396,32.794397],[111.717999,32.794258],[111.717932,32.794032],[111.717911,32.79364],[111.717546,32.792747],[111.71746,32.79242],[111.717492,32.792357],[111.717822,32.792082],[111.717911,32.791935],[111.717921,32.791667],[111.717956,32.791529],[111.718013,32.791457],[111.718021,32.791196],[111.717766,32.790555],[111.717417,32.789816],[111.717323,32.789365],[111.717117,32.788943],[111.716583,32.787561],[111.716377,32.7872],[111.71595,32.786672],[111.715808,32.786641],[111.715719,32.786571],[111.715159,32.785949],[111.715025,32.785716],[111.714577,32.785931],[111.714341,32.786118],[111.714019,32.786298],[111.713651,32.786418],[111.71349,32.786258],[111.713112,32.785991],[111.712833,32.785743],[111.712147,32.78527],[111.711339,32.784639],[111.710741,32.784289],[111.71032,32.784113],[111.710154,32.783955],[111.7101,32.783696],[111.709861,32.783286],[111.709786,32.783087],[111.709792,32.78299],[111.709848,32.782904],[111.710036,32.782785],[111.710266,32.782688],[111.710693,32.782584],[111.710065,32.781642],[111.710047,32.781583],[111.7101,32.781493],[111.71036,32.781251],[111.710701,32.781105],[111.710991,32.781123],[111.711047,32.781082],[111.711087,32.78085],[111.711425,32.780643],[111.712243,32.780255],[111.712812,32.780065],[111.713499,32.779693],[111.713933,32.779369],[111.714097,32.779105],[111.714142,32.7788],[111.71411,32.778665],[111.713917,32.778451],[111.713633,32.778236],[111.713429,32.777977],[111.713509,32.777819],[111.713836,32.777573],[111.713895,32.777447],[111.713874,32.776638],[111.713622,32.776182],[111.713297,32.775758],[111.712241,32.774676],[111.71186,32.774233],[111.711618,32.773837],[111.711401,32.773582],[111.711168,32.773232],[111.71106,32.773137],[111.711087,32.773104],[111.71109,32.772887],[111.711195,32.772698],[111.711406,32.772479],[111.711937,32.772337],[111.712128,32.77224],[111.712474,32.771947],[111.712702,32.771568],[111.712849,32.771469],[111.713533,32.771232],[111.714523,32.771299],[111.714904,32.771241],[111.71514,32.771279],[111.715263,32.771175],[111.715867,32.770289],[111.715953,32.770242],[111.716041,32.770242],[111.716446,32.770515],[111.716618,32.770555],[111.716661,32.770521],[111.716682,32.770354],[111.716615,32.770271],[111.716605,32.770192],[111.716744,32.770052],[111.716873,32.770025],[111.716918,32.769942],[111.716733,32.769838],[111.716489,32.769757],[111.716401,32.769635],[111.715955,32.769274],[111.715754,32.769058],[111.716358,32.76881],[111.716782,32.768557],[111.717259,32.768931],[111.717377,32.768963],[111.717498,32.768895],[111.718179,32.768212],[111.7182,32.768128],[111.71735,32.767682],[111.716977,32.76756],[111.716747,32.767407],[111.716326,32.767201],[111.71602,32.76712],[111.715572,32.767195],[111.71521,32.767353],[111.714687,32.76749],[111.714228,32.767565],[111.713853,32.767558],[111.713686,32.767596],[111.713536,32.767689],[111.713458,32.767556],[111.713397,32.766816],[111.713552,32.766586],[111.714107,32.765961],[111.714998,32.765686],[111.715835,32.765519],[111.715891,32.765404],[111.715894,32.76477],[111.716009,32.76466],[111.71621,32.76466],[111.716261,32.764698],[111.716242,32.765363],[111.716253,32.765519],[111.716312,32.765605],[111.716444,32.765663],[111.71665,32.765699],[111.716977,32.765914],[111.717111,32.765968],[111.717216,32.764948],[111.717334,32.764883],[111.717479,32.764887],[111.717911,32.765025],[111.718029,32.765149],[111.718085,32.765424],[111.717997,32.765887],[111.718042,32.765995],[111.71871,32.766031],[111.719356,32.766164],[111.719558,32.766335],[111.719525,32.76661],[111.71959,32.766658],[111.719753,32.766649],[111.719759,32.766845],[111.71978,32.766901],[111.71982,32.766915],[111.719939,32.766904],[111.720003,32.766863],[111.720083,32.766286],[111.720486,32.766238],[111.720998,32.766085],[111.721188,32.766121],[111.721414,32.766272],[111.721516,32.766295],[111.722382,32.766243],[111.723149,32.766121],[111.723763,32.765965],[111.724101,32.76581],[111.724292,32.765566],[111.724415,32.765246],[111.724431,32.765029],[111.724187,32.764238],[111.724211,32.763987],[111.724437,32.763629],[111.724756,32.763345],[111.725013,32.762614],[111.725196,32.762336],[111.725421,32.762212],[111.725542,32.762192],[111.725786,32.762271],[111.725944,32.762551],[111.725987,32.762706],[111.726051,32.762724],[111.726497,32.762494],[111.726623,32.762391],[111.726727,32.76219],[111.726974,32.761328],[111.72732,32.760861],[111.727822,32.760421],[111.72832,32.760173],[111.728988,32.759968],[111.729104,32.759839],[111.729286,32.75949],[111.729798,32.758773],[111.729994,32.758405],[111.729785,32.758312],[111.729077,32.757873],[111.728972,32.757875],[111.728269,32.757372],[111.72824,32.757309],[111.728283,32.757212],[111.728039,32.757061],[111.727492,32.757304],[111.72717,32.757117],[111.726781,32.756828],[111.726483,32.756776],[111.726097,32.756652],[111.726349,32.755824],[111.726743,32.755136],[111.7268,32.754868],[111.726885,32.754766],[111.727358,32.754631],[111.727854,32.754611],[111.728304,32.754645],[111.728299,32.754494],[111.727996,32.753571],[111.727854,32.753424],[111.727374,32.753178],[111.727307,32.753086],[111.727304,32.75296],[111.727588,32.752511],[111.727658,32.75226],[111.727068,32.751897],[111.726808,32.751805],[111.726059,32.751645],[111.725131,32.751304],[111.724592,32.751162],[111.724536,32.75104],[111.724547,32.750984],[111.724683,32.750864],[111.724683,32.750776],[111.724622,32.750697],[111.724313,32.75049],[111.724193,32.75049],[111.724042,32.750587],[111.723951,32.750605],[111.723323,32.750268],[111.722586,32.750255],[111.722296,32.750126],[111.722127,32.750384],[111.721939,32.750557],[111.721939,32.750623],[111.72121,32.750347],[111.720955,32.750228],[111.720454,32.749905],[111.719989,32.749524],[111.719721,32.749199],[111.719311,32.748859],[111.719072,32.748617],[111.718946,32.748712],[111.718694,32.749093],[111.718597,32.749429],[111.7186,32.749644],[111.718557,32.749813],[111.717822,32.749853],[111.717036,32.749799],[111.716857,32.749736],[111.716763,32.749617],[111.716698,32.749585],[111.716307,32.749551],[111.716205,32.749357],[111.716114,32.749262],[111.715835,32.749084],[111.715639,32.749003],[111.714807,32.74889],[111.714765,32.748933],[111.714735,32.749138],[111.714794,32.749533],[111.715097,32.75044],[111.715387,32.750934],[111.715486,32.751202],[111.715282,32.751358],[111.714593,32.751597],[111.714038,32.75185],[111.713635,32.751958],[111.713507,32.751947],[111.713335,32.751852],[111.713244,32.751839],[111.713201,32.751527],[111.713056,32.751333],[111.71293,32.751241],[111.712745,32.751166],[111.712565,32.751148],[111.712334,32.751035],[111.711573,32.750449],[111.711487,32.750323],[111.711449,32.750169],[111.711358,32.750074],[111.711406,32.749964],[111.711428,32.749734],[111.711683,32.749535],[111.711752,32.749386],[111.71179,32.749231],[111.711699,32.749107],[111.711685,32.74898],[111.712262,32.748335],[111.711747,32.747952],[111.711302,32.747697],[111.710559,32.74771],[111.710122,32.747699],[111.709971,32.747667],[111.709727,32.747598],[111.709346,32.747419],[111.709223,32.747325],[111.708775,32.747185],[111.708587,32.747079],[111.708437,32.746803],[111.708314,32.745759],[111.708295,32.745682],[111.708241,32.745639],[111.707445,32.745646],[111.707198,32.745682],[111.706879,32.745815],[111.70675,32.74577],[111.706713,32.745637],[111.706696,32.745718],[111.706584,32.745768],[111.706361,32.745951],[111.706318,32.746102],[111.706211,32.746201],[111.706047,32.746255],[111.70542,32.745966],[111.705304,32.745822],[111.705076,32.745906],[111.705028,32.74577],[111.704991,32.745342],[111.704913,32.745109],[111.704848,32.745001],[111.704661,32.744949],[111.704274,32.745181],[111.704315,32.745897],[111.703867,32.74619],[111.703376,32.746282],[111.702751,32.746449],[111.702021,32.746386],[111.701584,32.746632],[111.701466,32.74679],[111.701378,32.747153],[111.701319,32.747248],[111.700989,32.747546],[111.700653,32.747649],[111.700163,32.747607],[111.699342,32.747478],[111.699248,32.747505],[111.699095,32.747828],[111.69873,32.748189],[111.698593,32.748295],[111.698221,32.748457],[111.698164,32.748651],[111.698631,32.748854],[111.698679,32.748913],[111.698293,32.749598],[111.698084,32.750072],[111.697864,32.750819],[111.697805,32.751223],[111.697885,32.751313],[111.698202,32.751354],[111.698309,32.751437],[111.698366,32.751563],[111.698374,32.751866],[111.698264,32.752247],[111.698256,32.752574],[111.697633,32.752502],[111.697378,32.752384],[111.697081,32.752296],[111.697,32.752346],[111.696635,32.751802],[111.69648,32.751773],[111.695962,32.751737],[111.695606,32.751789],[111.695359,32.751766],[111.694774,32.751841],[111.693803,32.751895],[111.693031,32.75187],[111.692612,32.751672],[111.692585,32.752019],[111.691912,32.754329],[111.691974,32.754369],[111.691982,32.75441],[111.691834,32.754566],[111.691732,32.754798],[111.691899,32.754981],[111.691899,32.755096],[111.69159,32.755445],[111.691555,32.755615],[111.691561,32.755971],[111.691247,32.756598],[111.691392,32.756621],[111.691934,32.756984],[111.692199,32.757121],[111.691904,32.757455],[111.691735,32.757462],[111.691306,32.757203],[111.691175,32.757198],[111.69059,32.757331],[111.690273,32.757079],[111.690064,32.756806],[111.68927,32.756021],[111.689039,32.756397],[111.688779,32.757022],[111.688653,32.75718],[111.688618,32.757374],[111.687985,32.757027],[111.687765,32.756936],[111.687264,32.756808],[111.687049,32.756702],[111.68691,32.756596],[111.686945,32.756492],[111.68728,32.755815],[111.687468,32.755567],[111.687543,32.755414],[111.687792,32.755382],[111.688042,32.755048],[111.688404,32.754665],[111.687854,32.754439],[111.687371,32.754291],[111.687165,32.754496],[111.686813,32.75499],[111.68647,32.754834],[111.685703,32.754408],[111.685561,32.754254],[111.68503,32.753909],[111.685129,32.753691],[111.685799,32.752784],[111.686207,32.752393],[111.685687,32.752051],[111.685469,32.751717],[111.685303,32.75159],[111.685083,32.751775],[111.684726,32.752321],[111.684552,32.752479],[111.68448,32.752384],[111.68415,32.752143],[111.68401,32.751999],[111.68382,32.751908],[111.6836,32.752107],[111.683219,32.752696],[111.683144,32.752698],[111.682932,32.752569],[111.682895,32.752499],[111.682919,32.752421],[111.683039,32.752199],[111.68342,32.751658],[111.683619,32.751523],[111.683876,32.751254],[111.684211,32.750792],[111.684013,32.75065],[111.684032,32.750458],[111.68422,32.750149],[111.684407,32.75007],[111.684611,32.749862],[111.684619,32.749783],[111.684461,32.749716],[111.683839,32.749666],[111.683198,32.749486],[111.682854,32.749314],[111.682538,32.749059],[111.682146,32.748534],[111.681996,32.748414],[111.681811,32.74834],[111.681765,32.748279],[111.682613,32.74734],[111.68276,32.747302],[111.683093,32.74751],[111.683187,32.747537],[111.68327,32.747512],[111.683546,32.747006],[111.683629,32.746961],[111.684177,32.747216],[111.684488,32.747318],[111.684705,32.747329],[111.684764,32.747304],[111.684812,32.747207],[111.684842,32.746519],[111.684673,32.746456],[111.684461,32.746321],[111.684367,32.746197],[111.68438,32.745946],[111.684268,32.744836],[111.684228,32.74478],[111.683774,32.74476],[111.683678,32.744793],[111.6836,32.744906],[111.683565,32.745615],[111.683498,32.745723],[111.683479,32.745863],[111.683297,32.745781],[111.683348,32.745481],[111.683359,32.744899],[111.683324,32.744805],[111.683144,32.744769],[111.682978,32.744651],[111.683047,32.74402],[111.681972,32.743968],[111.681347,32.743875],[111.681266,32.743801],[111.681374,32.742977],[111.681438,32.742817],[111.681465,32.742777],[111.681832,32.742779],[111.681859,32.742752],[111.681891,32.742652],[111.681948,32.741865],[111.682009,32.741664],[111.682283,32.741394],[111.68246,32.740543],[111.682739,32.740139],[111.683064,32.739512],[111.683026,32.739442],[111.682895,32.739347],[111.682613,32.739221],[111.682549,32.739228],[111.682396,32.739526],[111.682304,32.739526],[111.682245,32.739415],[111.682082,32.738749],[111.682149,32.738702],[111.682398,32.738641],[111.682734,32.738632],[111.683037,32.73851],[111.683426,32.738278],[111.683595,32.738337],[111.68367,32.738452],[111.683729,32.738774],[111.683874,32.738939],[111.684048,32.739018],[111.684252,32.739013],[111.684389,32.738966],[111.684995,32.738397],[111.685174,32.738397],[111.68577,32.738549],[111.686325,32.739131],[111.686381,32.739092],[111.686446,32.738555],[111.686443,32.738334],[111.686328,32.738],[111.686322,32.737766],[111.68599,32.737696],[111.685534,32.73752],[111.685389,32.737504],[111.685164,32.737524],[111.684818,32.737648],[111.684812,32.737827],[111.684633,32.737811],[111.684641,32.736823],[111.68459,32.736746],[111.68404,32.736624],[111.683541,32.736581],[111.68357,32.737064],[111.683404,32.737082],[111.683077,32.737014],[111.68287,32.736841],[111.682693,32.736561],[111.682484,32.736579],[111.682299,32.736644],[111.682229,32.736737],[111.682066,32.737236],[111.681924,32.737813],[111.678981,32.738014],[111.678968,32.738167],[111.67918,32.739282],[111.679161,32.739363],[111.67911,32.739406],[111.678995,32.739465],[111.677436,32.73965],[111.677294,32.739602],[111.677184,32.739429],[111.677096,32.739386],[111.677104,32.739149],[111.677141,32.739074],[111.677206,32.739031],[111.67742,32.73904],[111.677458,32.738928],[111.677455,32.738483],[111.677426,32.738384],[111.677141,32.73814],[111.677077,32.737987],[111.677144,32.737671],[111.67724,32.737574],[111.677624,32.736681],[111.677573,32.736602],[111.677369,32.736444],[111.67734,32.736353],[111.677627,32.73585],[111.677686,32.735512],[111.677999,32.734713],[111.678096,32.73437],[111.678388,32.734501],[111.678434,32.734571],[111.678303,32.735002],[111.678305,32.73514],[111.67837,32.735239],[111.678386,32.735329],[111.678335,32.735492],[111.678305,32.735749],[111.678321,32.735853],[111.678895,32.73615],[111.679384,32.736295],[111.67955,32.736274],[111.679901,32.736119],[111.680067,32.735947],[111.680212,32.735622],[111.680274,32.735575],[111.680384,32.735555],[111.681256,32.735762],[111.681575,32.735816],[111.681848,32.735819],[111.682101,32.73588],[111.682412,32.735363],[111.682425,32.735176],[111.68235,32.735031],[111.682326,32.734889],[111.682506,32.734469],[111.682455,32.734388],[111.682184,32.734266],[111.682034,32.734154],[111.681942,32.734014],[111.682186,32.733488],[111.682299,32.733438],[111.68242,32.733445],[111.683321,32.733732],[111.683729,32.733714],[111.683514,32.734632],[111.683538,32.734691],[111.683836,32.734695],[111.683941,32.734497],[111.684045,32.734436],[111.684174,32.734436],[111.684681,32.734539],[111.685166,32.734695],[111.685507,32.734821],[111.685531,32.734973],[111.685512,32.735248],[111.685553,32.735309],[111.686127,32.73557],[111.686443,32.735677],[111.686513,32.735654],[111.686749,32.735004],[111.686851,32.734862],[111.687012,32.734803],[111.688146,32.734709],[111.687776,32.734474],[111.686813,32.734045],[111.686467,32.733944],[111.686524,32.733693],[111.686711,32.733172],[111.686918,32.732369],[111.687199,32.731721],[111.687288,32.731408],[111.687385,32.731322],[111.687583,32.731399],[111.687698,32.731342],[111.687798,32.731275],[111.687961,32.731067],[111.687988,32.731013],[111.688044,32.730325],[111.687878,32.730302],[111.687854,32.730234],[111.687787,32.730182],[111.687556,32.730076],[111.68721,32.729977],[111.686435,32.729851],[111.686336,32.729937],[111.686258,32.730334],[111.686092,32.730261],[111.685641,32.730205],[111.685531,32.730146],[111.685169,32.728885],[111.684995,32.728833],[111.6847,32.728858],[111.684354,32.728957],[111.684238,32.72896],[111.684193,32.728926],[111.684123,32.728682],[111.684131,32.728565],[111.684262,32.728533],[111.684287,32.728459],[111.684174,32.727825],[111.684203,32.727518],[111.684128,32.727552],[111.683697,32.727549],[111.683131,32.727387],[111.682814,32.727376],[111.681368,32.727834],[111.681089,32.727861],[111.68084,32.72784],[111.680776,32.72796],[111.680757,32.729156],[111.680698,32.729266],[111.680363,32.729321],[111.680338,32.729819],[111.680285,32.730076],[111.68022,32.73016],[111.679797,32.730228],[111.679561,32.730304],[111.679306,32.730451],[111.679217,32.730435],[111.679351,32.729754],[111.679504,32.729409],[111.679609,32.729379],[111.680118,32.729379],[111.680204,32.728407],[111.680196,32.728082],[111.680153,32.727989],[111.679783,32.727795],[111.679705,32.72782],[111.679641,32.727924],[111.679536,32.729178],[111.67948,32.729219],[111.679378,32.729181],[111.6794,32.728811],[111.679333,32.728716],[111.679204,32.728668],[111.678941,32.728644],[111.67885,32.728684],[111.678753,32.728835],[111.678638,32.72933],[111.677812,32.729271],[111.677742,32.7294],[111.677721,32.728912],[111.677482,32.72882],[111.677093,32.728732],[111.676527,32.728515],[111.676231,32.728387],[111.676009,32.728235],[111.67595,32.728231],[111.67587,32.728271],[111.675738,32.728425],[111.675757,32.728571],[111.676492,32.729783],[111.675685,32.730097],[111.675516,32.730025],[111.675207,32.730013],[111.67432,32.730061],[111.674346,32.730532],[111.674832,32.730656],[111.674944,32.730729],[111.674974,32.730938],[111.67502,32.731015],[111.675376,32.7312],[111.675535,32.731369],[111.675706,32.731475],[111.67565,32.731715],[111.675379,32.732091],[111.674969,32.731857],[111.674639,32.731784],[111.674266,32.731766],[111.674124,32.7318],[111.674067,32.731845],[111.673955,32.732421],[111.673574,32.732403],[111.673461,32.732477],[111.673314,32.732965],[111.673236,32.733558],[111.673249,32.733594],[111.673386,32.733603],[111.673491,32.733693],[111.673684,32.73372],[111.673767,32.733687],[111.673909,32.733242],[111.673965,32.733174],[111.674483,32.733256],[111.67451,32.733382],[111.674419,32.734014],[111.67447,32.734095],[111.67525,32.734463],[111.675532,32.734467],[111.675704,32.73428],[111.675816,32.734251],[111.675867,32.734287],[111.67587,32.734345],[111.675658,32.734862],[111.675666,32.734968],[111.676063,32.735367],[111.676103,32.735521],[111.676084,32.735598],[111.676025,32.735618],[111.675773,32.736017],[111.675618,32.736042],[111.67551,32.736015],[111.674877,32.735699],[111.674727,32.735555],[111.6744,32.734718],[111.674379,32.734539],[111.674234,32.734451],[111.674105,32.734418],[111.673794,32.734368],[111.673429,32.734354],[111.673405,32.734429],[111.673469,32.73509],[111.673842,32.735801],[111.673971,32.735765],[111.674185,32.735494],[111.674236,32.735487],[111.674285,32.735767],[111.674242,32.736229],[111.674279,32.736283],[111.675054,32.736315],[111.675183,32.736649],[111.675752,32.736899],[111.676393,32.737351],[111.676345,32.738163],[111.676685,32.738185],[111.676693,32.738224],[111.676699,32.739241],[111.676645,32.739379],[111.676347,32.739408],[111.675687,32.73939],[111.675636,32.739293],[111.675757,32.738194],[111.675258,32.738152],[111.67513,32.73921],[111.67513,32.739905],[111.67506,32.740022],[111.675009,32.740042],[111.674429,32.740096],[111.674218,32.740146],[111.673649,32.740464],[111.672646,32.740868],[111.672297,32.740877],[111.671315,32.74064],[111.66896,32.740656],[111.668631,32.740622],[111.667713,32.740315],[111.667488,32.740205],[111.667099,32.739941],[111.666782,32.739679],[111.666085,32.739338],[111.665503,32.739198],[111.664999,32.739225],[111.664551,32.739196],[111.664082,32.739013],[111.663915,32.738928],[111.663797,32.738786],[111.663497,32.738562],[111.663046,32.738285],[111.662284,32.737906],[111.660774,32.737344],[111.660579,32.737186],[111.660436,32.736967],[111.660192,32.736534],[111.660109,32.736322],[111.660106,32.73601],[111.660579,32.735162],[111.660855,32.734806],[111.661238,32.734501],[111.661678,32.733969],[111.661767,32.733747],[111.661676,32.733502],[111.661037,32.732809],[111.659932,32.732256],[111.659726,32.732107],[111.659629,32.731988],[111.659591,32.731879],[111.6596,32.731791],[111.659707,32.731687],[111.65998,32.731554],[111.660031,32.731372],[111.660007,32.731306],[111.659954,32.731272],[111.6596,32.731214],[111.659519,32.731121],[111.659476,32.730932],[111.659723,32.730016],[111.660045,32.729246],[111.66031,32.728759],[111.660595,32.728389],[111.660461,32.72824],[111.660265,32.728145],[111.660415,32.727915],[111.660866,32.727524],[111.660938,32.727364],[111.660906,32.726861],[111.660847,32.726545],[111.660876,32.726502],[111.660967,32.72652],[111.661166,32.72666],[111.661431,32.726685],[111.661563,32.726751],[111.66218,32.727276],[111.662319,32.727317],[111.662582,32.72713],[111.662714,32.727168],[111.662743,32.727306],[111.662818,32.727364],[111.662899,32.727339],[111.663017,32.726854],[111.663068,32.72676],[111.663143,32.726755],[111.663183,32.726931],[111.663164,32.727276],[111.663363,32.727394],[111.663556,32.7274],[111.663862,32.727308],[111.664004,32.727215],[111.66431,32.726906],[111.664725,32.72666],[111.664878,32.726342],[111.664943,32.726335],[111.665042,32.726423],[111.665457,32.726243],[111.665613,32.72622],[111.665774,32.726234],[111.666796,32.726514],[111.667244,32.726604],[111.667906,32.726814],[111.668196,32.726823],[111.668424,32.726782],[111.669111,32.726742],[111.669159,32.726705],[111.669167,32.726399],[111.669242,32.725909],[111.669371,32.725491],[111.669422,32.725467],[111.669835,32.725491],[111.670653,32.72546],[111.670551,32.724684],[111.670235,32.724677],[111.670159,32.724587],[111.670133,32.724352],[111.67009,32.724302],[111.669824,32.724305],[111.669765,32.724262],[111.669626,32.724038],[111.669247,32.723075],[111.669261,32.723003],[111.669508,32.722933],[111.670253,32.722851],[111.670159,32.722666],[111.670154,32.722567],[111.670422,32.721865],[111.670615,32.721504],[111.67112,32.721651],[111.671348,32.721768],[111.671425,32.721849],[111.671417,32.722206],[111.67135,32.72235],[111.671366,32.723118],[111.671264,32.723801],[111.671273,32.724097],[111.671315,32.72416],[111.671562,32.724246],[111.671683,32.724354],[111.671745,32.724465],[111.671793,32.724598],[111.671817,32.724835],[111.671809,32.725135],[111.672093,32.725069],[111.672072,32.724332],[111.672093,32.724286],[111.672308,32.724298],[111.672429,32.724262],[111.672522,32.724176],[111.67253,32.724101],[111.672598,32.724002],[111.672981,32.723955],[111.67367,32.723998],[111.67392,32.723855],[111.67418,32.723754],[111.674421,32.723777],[111.674746,32.723745],[111.674888,32.723761],[111.675012,32.723578],[111.675315,32.723294],[111.675427,32.723291],[111.675631,32.723366],[111.675738,32.723334],[111.675905,32.723124],[111.676165,32.722928],[111.676197,32.722817],[111.676157,32.722752],[111.675738,32.722465],[111.675717,32.722402],[111.675811,32.722249],[111.675969,32.722127],[111.676288,32.721985],[111.676414,32.721886],[111.676511,32.721655],[111.676532,32.721504],[111.676626,32.721515],[111.676803,32.721606],[111.677007,32.721637],[111.677106,32.721617],[111.677353,32.721193],[111.677407,32.721163],[111.677479,32.721159],[111.677664,32.721283],[111.677785,32.721319],[111.678085,32.720699],[111.678976,32.720757],[111.679389,32.720613],[111.679402,32.720583],[111.679292,32.720333],[111.679252,32.720114],[111.680349,32.71999],[111.68051,32.719904],[111.681615,32.719631],[111.682189,32.719733],[111.682471,32.719819],[111.683283,32.719848],[111.683635,32.719735],[111.683753,32.719663],[111.683788,32.719573],[111.6839,32.719512],[111.684791,32.719381],[111.684799,32.719211],[111.684646,32.719015],[111.684166,32.718555],[111.684,32.718201],[111.683938,32.717982],[111.683831,32.717815],[111.683595,32.717679],[111.683058,32.717557],[111.682988,32.717512],[111.682927,32.717291],[111.682801,32.717205],[111.682801,32.717153],[111.682994,32.716955],[111.683066,32.716691],[111.683157,32.715878],[111.682237,32.716224],[111.681958,32.716255],[111.681765,32.716224],[111.68154,32.716039],[111.681586,32.715547],[111.681189,32.715779],[111.680628,32.715729],[111.679644,32.715836],[111.679574,32.71582],[111.679561,32.715714],[111.679721,32.715118],[111.679775,32.714653],[111.679748,32.714585],[111.679603,32.714439],[111.679343,32.714276],[111.679357,32.713795],[111.679569,32.713601],[111.679609,32.713342],[111.679542,32.7132],[111.679418,32.713148],[111.679126,32.713103],[111.678329,32.713182],[111.677348,32.713168],[111.6772,32.713114],[111.677171,32.713066],[111.677144,32.71269],[111.676959,32.712599],[111.676806,32.712464],[111.676707,32.712423],[111.676441,32.71241],[111.676278,32.712342],[111.676146,32.71222],[111.676109,32.712119],[111.676004,32.71199],[111.675746,32.711798],[111.675006,32.711606],[111.675135,32.711002],[111.67543,32.710225],[111.675645,32.709517],[111.675658,32.70937],[111.675612,32.709293],[111.674239,32.709564],[111.673713,32.709553],[111.673526,32.709586],[111.673123,32.709593],[111.672952,32.709645],[111.672753,32.709778],[111.672614,32.709828],[111.672093,32.709857],[111.671989,32.709898],[111.671881,32.709799],[111.671804,32.709449],[111.671694,32.709289],[111.671425,32.709049],[111.671281,32.709083],[111.67109,32.709212],[111.670972,32.709187],[111.67087,32.708731],[111.670736,32.708465],[111.671404,32.708334],[111.671597,32.70825],[111.671562,32.70791],[111.671332,32.70679],[111.672319,32.706867],[111.672852,32.706858],[111.672887,32.706887],[111.672887,32.70714],[111.673236,32.707147],[111.673265,32.707106],[111.673284,32.706878],[111.673593,32.70688],[111.673724,32.706285],[111.673778,32.706271],[111.674081,32.706346],[111.674183,32.706084],[111.67455,32.705835],[111.674486,32.705382],[111.674314,32.704928],[111.674711,32.704883],[111.675253,32.704876],[111.675757,32.704662],[111.675787,32.704461],[111.675779,32.704206],[111.675722,32.703973],[111.675575,32.703725],[111.675231,32.703389],[111.675213,32.703332],[111.675328,32.703184],[111.675543,32.703028],[111.67624,32.702847],[111.676283,32.702752],[111.676111,32.702585],[111.676004,32.702538],[111.675811,32.702558],[111.675419,32.702712],[111.675202,32.702705],[111.674706,32.702509],[111.674338,32.702403],[111.674041,32.702373],[111.673829,32.702513],[111.673351,32.703014],[111.673107,32.703317],[111.672565,32.702937],[111.672643,32.702804],[111.672852,32.702624],[111.672919,32.70252],[111.673185,32.702301],[111.67245,32.701911],[111.672335,32.701913],[111.672308,32.701678],[111.672522,32.70127],[111.67282,32.701039],[111.672952,32.700881],[111.673453,32.70043],[111.673676,32.700121],[111.673818,32.700046],[111.674231,32.699949],[111.674926,32.699721],[111.675189,32.699547],[111.675097,32.699514],[111.674408,32.699498],[111.673689,32.699385],[111.673051,32.699425],[111.672563,32.699414],[111.671967,32.699328],[111.671275,32.699123],[111.670803,32.699536],[111.670747,32.69945],[111.67054,32.698746],[111.670473,32.69864],[111.670186,32.697787],[111.670023,32.696922],[111.670009,32.696706],[111.670071,32.696114],[111.670208,32.695891],[111.670465,32.695674],[111.670133,32.695471],[111.670403,32.695089],[111.669534,32.694573],[111.669087,32.694229],[111.668741,32.694536],[111.668499,32.694832],[111.66785,32.694374],[111.668134,32.694114],[111.668598,32.69378],[111.66858,32.693746],[111.668381,32.693658],[111.668335,32.693539],[111.668547,32.692864],[111.668604,32.692507],[111.668668,32.692403],[111.668861,32.692439],[111.669089,32.69253],[111.668995,32.693216],[111.669001,32.693342],[111.669044,32.693354],[111.669328,32.693358],[111.669347,32.692597],[111.670125,32.692584],[111.670173,32.693157],[111.670344,32.693182],[111.670361,32.693381],[111.670597,32.693462],[111.670766,32.693584],[111.671315,32.694099],[111.67102,32.694394],[111.670758,32.694753],[111.670712,32.69483],[111.670739,32.694936],[111.67123,32.695505],[111.671766,32.695706],[111.672316,32.694891],[111.671838,32.694588],[111.671554,32.694146],[111.671573,32.693947],[111.673475,32.693931],[111.674094,32.693871],[111.675025,32.693891],[111.674883,32.693512],[111.674872,32.693306],[111.674974,32.693058],[111.675178,32.692814],[111.675355,32.692509],[111.675371,32.692421],[111.675371,32.692378],[111.675076,32.692372],[111.675103,32.691241],[111.675218,32.691182],[111.675366,32.691157],[111.675934,32.691155],[111.675781,32.6906],[111.675736,32.690058],[111.675132,32.69009],[111.674963,32.689846],[111.67521,32.68964],[111.675451,32.689103],[111.675505,32.689047],[111.675768,32.688911],[111.676186,32.688803],[111.676334,32.688733],[111.676087,32.688279],[111.676328,32.687782],[111.677077,32.687746],[111.677538,32.687331],[111.6779,32.686886],[111.678246,32.686613],[111.678037,32.686369],[111.678796,32.686033],[111.67893,32.685986],[111.679105,32.685986],[111.679416,32.685913],[111.679721,32.685771],[111.679907,32.685164],[111.680204,32.684839],[111.680392,32.684581],[111.680566,32.684417],[111.680695,32.684324],[111.681028,32.684182],[111.681559,32.684049],[111.684777,32.683615],[111.685655,32.683349],[111.686175,32.683247],[111.686671,32.683094],[111.688224,32.682419],[111.688887,32.682094],[111.689361,32.681922],[111.690989,32.681676],[111.690716,32.681306],[111.690238,32.680893],[111.689672,32.680233],[111.689064,32.679929],[111.688946,32.679515],[111.688723,32.679082],[111.688203,32.678996],[111.688101,32.678886],[111.688031,32.677775],[111.688699,32.67775],[111.688629,32.676657],[111.687495,32.676657],[111.687408,32.676525],[111.687068,32.675732],[111.685716,32.676005],[111.685338,32.675314],[111.685185,32.674901],[111.685123,32.67481],[111.685,32.674752],[111.684241,32.674576],[111.684335,32.674248],[111.684405,32.67421],[111.685078,32.674223],[111.685298,32.67416],[111.685874,32.674165],[111.686507,32.674537],[111.686784,32.674607],[111.687092,32.6746],[111.687655,32.67449],[111.68769,32.674361],[111.687674,32.674239],[111.687505,32.673819],[111.687425,32.673343],[111.688208,32.6733],[111.688221,32.672839],[111.688165,32.671444],[111.688286,32.670051],[111.688723,32.670107],[111.689265,32.670238],[111.689238,32.66997],[111.689144,32.669678],[111.690112,32.669721],[111.690134,32.669658],[111.690201,32.669629],[111.690067,32.669222],[111.689903,32.668881],[111.689163,32.668793],[111.689573,32.667741],[111.689249,32.667655],[111.689053,32.667536],[111.688954,32.667673],[111.688822,32.667969],[111.688626,32.668689],[111.687417,32.668367],[111.687234,32.668362],[111.687613,32.667247],[111.687808,32.666395],[111.686921,32.666382],[111.685832,32.666423],[111.685762,32.666334],[111.685746,32.6657],[111.685711,32.665481],[111.685676,32.665452],[111.685013,32.665528],[111.684938,32.665506],[111.684904,32.665321],[111.684702,32.664849],[111.684627,32.664731],[111.684163,32.664237],[111.684064,32.664047],[111.684091,32.664004],[111.68415,32.663988],[111.684536,32.663986],[111.684622,32.663966],[111.684673,32.663912],[111.684863,32.662396],[111.685199,32.661857],[111.685376,32.661676],[111.685512,32.661593],[111.686102,32.661405],[111.686797,32.661026],[111.687473,32.660538],[111.687924,32.660364],[111.688044,32.660114],[111.688103,32.660082],[111.68842,32.660154],[111.688457,32.660215],[111.688465,32.660305],[111.688415,32.660373],[111.688283,32.660436],[111.688288,32.660473],[111.689294,32.660518],[111.689428,32.660436],[111.689517,32.660145],[111.690021,32.660159],[111.690155,32.659867],[111.690236,32.659795],[111.690426,32.659759],[111.691368,32.659811],[111.691917,32.659802],[111.69188,32.659585],[111.691789,32.659402],[111.691681,32.658842],[111.691499,32.658307],[111.691499,32.658183],[111.691413,32.657923],[111.69137,32.657645],[111.691268,32.65735],[111.691234,32.65697],[111.691035,32.656548],[111.690743,32.656207],[111.690601,32.655931],[111.690574,32.65583],[111.690584,32.65557],[111.690657,32.655471],[111.691309,32.654917],[111.6914,32.654807],[111.691813,32.654482],[111.692663,32.653992],[111.693275,32.653664],[111.693414,32.653633],[111.693538,32.653533],[111.693838,32.653418],[111.694661,32.653217],[111.694779,32.653156],[111.694836,32.653059],[111.694841,32.652923],[111.694795,32.652625],[111.694415,32.651817],[111.694353,32.651336],[111.69438,32.651094],[111.694439,32.651074],[111.69461,32.651101],[111.694857,32.651065],[111.695656,32.650864],[111.696198,32.650652],[111.696244,32.650609],[111.696644,32.650509],[111.69755,32.650444],[111.697842,32.650385],[111.698146,32.650046],[111.698266,32.649708],[111.698366,32.649059],[111.698411,32.649028],[111.700071,32.648723],[111.70045,32.648685],[111.700806,32.648567],[111.700667,32.648032],[111.700627,32.647587],[111.700412,32.646562],[111.700348,32.646415],[111.699996,32.646437],[111.699983,32.646699],[111.70005,32.646943],[111.700104,32.647585],[111.699771,32.647619],[111.699406,32.647734],[111.699079,32.647657],[111.698824,32.647637],[111.698293,32.648027],[111.698258,32.647989],[111.698231,32.647853],[111.698143,32.647113],[111.698022,32.646742],[111.698054,32.646288],[111.698041,32.645943],[111.697915,32.646017],[111.697781,32.646169],[111.697518,32.646315],[111.697437,32.646403],[111.69733,32.646607],[111.697325,32.646699],[111.697451,32.647131],[111.69748,32.647366],[111.697089,32.647515],[111.696893,32.647528],[111.696936,32.64732],[111.69692,32.647104],[111.696904,32.647031],[111.69678,32.646894],[111.696461,32.647058],[111.696268,32.647217],[111.696131,32.647278],[111.695909,32.647535],[111.695568,32.647623],[111.69434,32.647625],[111.694348,32.645667],[111.694417,32.644926],[111.694463,32.64333],[111.694527,32.642607],[111.694479,32.642307],[111.694433,32.641297],[111.694452,32.639224],[111.69409,32.639388],[111.693688,32.63965],[111.693393,32.640098],[111.693293,32.640382],[111.692998,32.640863],[111.691727,32.642365],[111.691239,32.642605],[111.690566,32.642855],[111.689388,32.643034],[111.686081,32.643312],[111.685298,32.643476],[111.684152,32.643827],[111.683482,32.643991],[111.682028,32.644265],[111.680413,32.644427],[111.678539,32.644486],[111.677814,32.644416],[111.674979,32.643741],[111.674322,32.643759],[111.673936,32.644021],[111.673585,32.644454],[111.672941,32.64473],[111.671737,32.644859],[111.669124,32.644631],[111.668317,32.644649],[111.666935,32.645069],[111.666115,32.645353],[111.665669,32.645279],[111.665382,32.645125],[111.664656,32.644642],[111.663939,32.64424],[111.663438,32.644052],[111.663263,32.643691],[111.663449,32.642849],[111.663371,32.642252],[111.662614,32.641412],[111.661922,32.640807],[111.66126,32.640351],[111.660501,32.63989],[111.660002,32.639888],[111.659723,32.640073],[111.659404,32.640161],[111.659122,32.640055],[111.658808,32.639802],[111.658406,32.639316],[111.657998,32.63902],[111.657081,32.638447],[111.656295,32.63802],[111.65585,32.637636],[111.65515,32.637204],[111.65412,32.637329],[111.652655,32.637805],[111.651947,32.637968],[111.650434,32.638555],[111.650129,32.638858],[111.650094,32.639851],[111.650164,32.640348],[111.6504,32.640945],[111.650008,32.64136],[111.649482,32.641636],[111.649203,32.641728],[111.64812,32.640292],[111.647672,32.639982],[111.647205,32.63982],[111.645633,32.639603],[111.645105,32.63902],[111.644855,32.638578],[111.644515,32.638243],[111.644252,32.638056],[111.643981,32.637934],[111.643707,32.637541],[111.64422,32.636942],[111.646022,32.636229],[111.646838,32.635838],[111.646905,32.635447],[111.646615,32.634988],[111.646239,32.63448],[111.64474,32.633443],[111.64257,32.631194],[111.641849,32.630096],[111.641835,32.629633],[111.641774,32.629355],[111.641422,32.629084],[111.640891,32.628797],[111.640086,32.628655],[111.639818,32.628506],[111.639698,32.628605],[111.639394,32.62877],[111.638496,32.629158],[111.637791,32.629615],[111.636991,32.629915],[111.636584,32.629897],[111.636128,32.629755],[111.635527,32.62975],[111.634663,32.629879],[111.634019,32.62971],[111.633512,32.629434],[111.63322,32.629188],[111.632877,32.628971],[111.632499,32.628878],[111.631646,32.628892],[111.630742,32.629256],[111.62983,32.629378],[111.629033,32.629411],[111.628293,32.629547],[111.627161,32.630015],[111.626657,32.630091],[111.626356,32.630046],[111.625214,32.629515],[111.624787,32.629475],[111.624345,32.629527],[111.622615,32.630636],[111.62199,32.630688],[111.621273,32.630536],[111.620418,32.630033],[111.620158,32.629777],[111.619855,32.62957],[111.619447,32.629558],[111.619015,32.629658],[111.61842,32.629714],[111.61787,32.629814],[111.617422,32.629847],[111.61647,32.629847],[111.615998,32.629771],[111.615662,32.62928],[111.615424,32.62882],[111.614951,32.627455],[111.614686,32.626843],[111.614418,32.62636],[111.614442,32.625684],[111.614605,32.625223],[111.614206,32.624681],[111.613702,32.624367],[111.613348,32.624247],[111.611947,32.623958],[111.611545,32.623807],[111.611011,32.623497],[111.610872,32.623206],[111.611033,32.622445],[111.610711,32.621968],[111.610451,32.621647],[111.610132,32.621074],[111.610011,32.620683],[111.609869,32.619926],[111.609515,32.618376],[111.609139,32.617468],[111.60893,32.616722],[111.607876,32.616347],[111.606846,32.616173],[111.60643,32.615898],[111.604947,32.614637],[111.604523,32.613916],[111.60441,32.613548],[111.604166,32.612229],[111.603968,32.611912],[111.603649,32.61158],[111.603018,32.610512],[111.602903,32.610193],[111.602992,32.609746],[111.602981,32.609364],[111.602782,32.609131],[111.600996,32.608038],[111.600164,32.607886],[111.599706,32.607687],[111.598813,32.607159],[111.597539,32.606257],[111.596602,32.606015],[111.594846,32.60599],[111.594285,32.605706],[111.59402,32.605195],[111.594113,32.604924],[111.594304,32.60466],[111.594419,32.60435],[111.594545,32.603767],[111.594682,32.602886],[111.594569,32.602384],[111.594151,32.602382],[111.593797,32.602267],[111.593341,32.602018],[111.592697,32.601564],[111.591595,32.600276],[111.591415,32.599924],[111.591206,32.599707],[111.590935,32.599517],[111.590525,32.599302],[111.59012,32.599198],[111.589366,32.599167],[111.588432,32.599295],[111.587199,32.599587],[111.586818,32.599747],[111.586024,32.600195],[111.585297,32.600479],[111.584774,32.600531],[111.583551,32.600726],[111.580187,32.601494],[111.579605,32.601657],[111.579061,32.600832],[111.578946,32.600507],[111.5789,32.600159],[111.578798,32.599747],[111.578629,32.599311],[111.578554,32.598968],[111.578484,32.59838],[111.578669,32.598048],[111.578803,32.59765],[111.5789,32.597201],[111.578862,32.59641],[111.578884,32.596102],[111.578849,32.595528],[111.578747,32.595108],[111.578481,32.594679],[111.578098,32.594342],[111.577604,32.594032],[111.57647,32.593106],[111.57537,32.59215],[111.573943,32.590794],[111.57367,32.590654],[111.572964,32.590539],[111.572677,32.590426],[111.572323,32.590722],[111.572109,32.590979]]]}},{"type":"Feature","properties":{"regionCode":"411326104","sourceCode":"411326104000","name":"厚坡镇","sourceName":"厚坡镇","parentCode":"411326","parentName":"淅川县","regionLevel":"township","regionType":"town","isManagementZone":false,"source":"ruiduobao","sourceVersion":"mixed-legacy~2018-2020","geometryRepaired":false,"match2020":true,"match2023":true},"geometry":{"type":"Polygon","coordinates":[[[111.740216,32.72699],[111.739545,32.726945],[111.739304,32.726888],[111.739226,32.726807],[111.738929,32.726766],[111.739001,32.726371],[111.73924,32.72606],[111.739242,32.725961],[111.739221,32.725911],[111.739065,32.725875],[111.738462,32.725857],[111.738403,32.725627],[111.738406,32.725392],[111.737598,32.725295],[111.737445,32.725309],[111.737547,32.725861],[111.737284,32.725866],[111.736716,32.725787],[111.736273,32.725807],[111.736134,32.725778],[111.736155,32.726708],[111.736131,32.726807],[111.735401,32.72671],[111.735157,32.72678],[111.735096,32.727852],[111.735152,32.727935],[111.735281,32.727953],[111.736005,32.72791],[111.736155,32.727942],[111.735914,32.728005],[111.73579,32.728163],[111.73549,32.72814],[111.734911,32.728156],[111.73442,32.728116],[111.734162,32.728172],[111.734025,32.728159],[111.734093,32.728468],[111.733572,32.728639],[111.733272,32.728808],[111.733207,32.72893],[111.732481,32.729641],[111.732041,32.729873],[111.731837,32.730173],[111.731298,32.73041],[111.7314,32.730859],[111.731384,32.731011],[111.7313,32.731042],[111.731115,32.731022],[111.730549,32.731338],[111.730002,32.731527],[111.729514,32.731739],[111.729407,32.73176],[111.729235,32.731728],[111.728862,32.731554],[111.728685,32.731586],[111.728355,32.731692],[111.727988,32.731906],[111.727467,32.732033],[111.727341,32.732227],[111.72717,32.732342],[111.72655,32.732403],[111.726092,32.732412],[111.726153,32.732649],[111.726089,32.732804],[111.72518,32.733289],[111.724834,32.733506],[111.724115,32.733863],[111.72405,32.733932],[111.724037,32.734174],[111.724171,32.734415],[111.724066,32.734515],[111.723887,32.734621],[111.722905,32.734986],[111.722669,32.735203],[111.722476,32.735295],[111.721907,32.734449],[111.721703,32.734257],[111.72121,32.733939],[111.720842,32.733932],[111.720837,32.734061],[111.720773,32.734246],[111.720462,32.734817],[111.720276,32.734894],[111.719952,32.73516],[111.719796,32.7352],[111.719909,32.735395],[111.720091,32.735591],[111.720553,32.735938],[111.720494,32.736019],[111.720338,32.73613],[111.720333,32.736168],[111.72058,32.736705],[111.720553,32.736825],[111.720502,32.736884],[111.720199,32.737037],[111.719963,32.737247],[111.720006,32.737592],[111.719981,32.737657],[111.719939,32.737689],[111.719721,32.737689],[111.719657,32.737716],[111.719633,32.737867],[111.719662,32.737969],[111.719598,32.738075],[111.719196,32.738077],[111.718691,32.737921],[111.718431,32.7381],[111.718133,32.738154],[111.717667,32.737996],[111.717221,32.737917],[111.716698,32.738113],[111.716516,32.738289],[111.716395,32.738258],[111.716283,32.738161],[111.716242,32.738163],[111.716183,32.738287],[111.716119,32.738309],[111.715819,32.738319],[111.715719,32.738285],[111.715658,32.737962],[111.715577,32.737836],[111.715524,32.737847],[111.715465,32.737912],[111.715411,32.737915],[111.715322,32.737748],[111.715266,32.737741],[111.715129,32.7378],[111.714778,32.738134],[111.714459,32.738623],[111.714319,32.738725],[111.71393,32.738806],[111.713912,32.738894],[111.714038,32.739185],[111.714003,32.739248],[111.713826,32.739334],[111.713466,32.739302],[111.713144,32.739212],[111.712839,32.739183],[111.712627,32.739212],[111.712611,32.739262],[111.712933,32.739898],[111.712989,32.740471],[111.712683,32.740617],[111.712678,32.740705],[111.712635,32.740746],[111.712396,32.740818],[111.712222,32.740922],[111.712069,32.740918],[111.711868,32.740987],[111.710913,32.741389],[111.7105,32.741524],[111.71013,32.741563],[111.710004,32.741549],[111.7098,32.741436],[111.709515,32.741409],[111.70932,32.741721],[111.708483,32.741209],[111.708169,32.741479],[111.707976,32.741987],[111.708021,32.742158],[111.707944,32.742445],[111.707831,32.742528],[111.70748,32.742673],[111.707761,32.743052],[111.708099,32.743135],[111.708177,32.743207],[111.708172,32.743295],[111.708153,32.743332],[111.708054,32.743347],[111.70749,32.743304],[111.707456,32.743875],[111.707378,32.743993],[111.707195,32.74406],[111.706922,32.744225],[111.706887,32.74445],[111.706911,32.744575],[111.707032,32.744811],[111.707056,32.745245],[111.706989,32.745409],[111.706831,32.745567],[111.706713,32.745637],[111.70675,32.74577],[111.706879,32.745815],[111.707198,32.745682],[111.707445,32.745646],[111.708241,32.745639],[111.708295,32.745682],[111.708314,32.745759],[111.708437,32.746803],[111.708587,32.747079],[111.708775,32.747185],[111.709223,32.747325],[111.709346,32.747419],[111.709727,32.747598],[111.709971,32.747667],[111.710122,32.747699],[111.710559,32.74771],[111.711302,32.747697],[111.711747,32.747952],[111.712262,32.748335],[111.711685,32.74898],[111.711699,32.749107],[111.71179,32.749231],[111.711752,32.749386],[111.711683,32.749535],[111.711428,32.749734],[111.711406,32.749964],[111.711358,32.750074],[111.711449,32.750169],[111.711487,32.750323],[111.711573,32.750449],[111.712334,32.751035],[111.712565,32.751148],[111.712745,32.751166],[111.71293,32.751241],[111.713056,32.751333],[111.713201,32.751527],[111.713244,32.751839],[111.713335,32.751852],[111.713507,32.751947],[111.713635,32.751958],[111.714038,32.75185],[111.714593,32.751597],[111.715282,32.751358],[111.715486,32.751202],[111.715387,32.750934],[111.715097,32.75044],[111.714794,32.749533],[111.714735,32.749138],[111.714765,32.748933],[111.714826,32.748881],[111.715639,32.749003],[111.715835,32.749084],[111.716114,32.749262],[111.716205,32.749357],[111.716307,32.749551],[111.716698,32.749585],[111.716763,32.749617],[111.716857,32.749736],[111.717036,32.749799],[111.717822,32.749853],[111.718557,32.749813],[111.7186,32.749644],[111.718597,32.749429],[111.718694,32.749093],[111.718946,32.748712],[111.719072,32.748617],[111.719311,32.748859],[111.719721,32.749199],[111.719989,32.749524],[111.720454,32.749905],[111.720955,32.750228],[111.721939,32.750623],[111.721939,32.750557],[111.722127,32.750384],[111.722296,32.750126],[111.722586,32.750255],[111.723323,32.750268],[111.723951,32.750605],[111.724042,32.750587],[111.724193,32.75049],[111.724313,32.75049],[111.724622,32.750697],[111.724683,32.750776],[111.724683,32.750864],[111.724547,32.750984],[111.724536,32.75104],[111.724592,32.751162],[111.725131,32.751304],[111.726059,32.751645],[111.726808,32.751805],[111.727068,32.751897],[111.727658,32.75226],[111.727588,32.752511],[111.727304,32.75296],[111.727307,32.753086],[111.727374,32.753178],[111.727854,32.753424],[111.727996,32.753571],[111.728299,32.754494],[111.728304,32.754645],[111.727854,32.754611],[111.727358,32.754631],[111.726885,32.754766],[111.7268,32.754868],[111.726743,32.755136],[111.726349,32.755824],[111.726097,32.756652],[111.726483,32.756776],[111.726781,32.756828],[111.72717,32.757117],[111.727492,32.757304],[111.728039,32.757061],[111.728283,32.757212],[111.72824,32.757309],[111.728269,32.757372],[111.728972,32.757875],[111.729077,32.757873],[111.729785,32.758312],[111.729994,32.758405],[111.729798,32.758773],[111.729286,32.75949],[111.729104,32.759839],[111.728988,32.759968],[111.72832,32.760173],[111.727822,32.760421],[111.72732,32.760861],[111.726974,32.761328],[111.726727,32.76219],[111.726623,32.762391],[111.726497,32.762494],[111.726051,32.762724],[111.725987,32.762706],[111.725944,32.762551],[111.725786,32.762271],[111.725542,32.762192],[111.725421,32.762212],[111.725196,32.762336],[111.725013,32.762614],[111.724756,32.763345],[111.724437,32.763629],[111.724211,32.763987],[111.724187,32.764238],[111.724431,32.765029],[111.724415,32.765246],[111.724292,32.765566],[111.724101,32.76581],[111.723763,32.765965],[111.723149,32.766121],[111.722382,32.766243],[111.721516,32.766295],[111.721414,32.766272],[111.721188,32.766121],[111.720998,32.766085],[111.720486,32.766238],[111.720083,32.766286],[111.720003,32.766863],[111.719939,32.766904],[111.71982,32.766915],[111.71978,32.766901],[111.719759,32.766845],[111.719753,32.766649],[111.71959,32.766658],[111.719525,32.76661],[111.719558,32.766335],[111.719356,32.766164],[111.71871,32.766031],[111.718042,32.765995],[111.717997,32.765887],[111.718085,32.765424],[111.718029,32.765149],[111.717911,32.765025],[111.717479,32.764887],[111.717334,32.764883],[111.717216,32.764948],[111.717111,32.765968],[111.716977,32.765914],[111.71665,32.765699],[111.716444,32.765663],[111.716312,32.765605],[111.716253,32.765519],[111.716242,32.765363],[111.716261,32.764698],[111.71621,32.76466],[111.716009,32.76466],[111.715894,32.76477],[111.715891,32.765404],[111.715835,32.765519],[111.714998,32.765686],[111.714107,32.765961],[111.713552,32.766586],[111.713397,32.766816],[111.713458,32.767556],[111.713536,32.767689],[111.713686,32.767596],[111.713853,32.767558],[111.714228,32.767565],[111.714687,32.76749],[111.71521,32.767353],[111.715572,32.767195],[111.71602,32.76712],[111.716326,32.767201],[111.716747,32.767407],[111.716977,32.76756],[111.71735,32.767682],[111.7182,32.768128],[111.718179,32.768212],[111.717498,32.768895],[111.717377,32.768963],[111.717259,32.768931],[111.716782,32.768557],[111.716358,32.76881],[111.715754,32.769058],[111.715955,32.769274],[111.716401,32.769635],[111.716489,32.769757],[111.716733,32.769838],[111.716918,32.769942],[111.716873,32.770025],[111.716744,32.770052],[111.716605,32.770192],[111.716615,32.770271],[111.716682,32.770354],[111.716661,32.770521],[111.716618,32.770555],[111.716446,32.770515],[111.716041,32.770242],[111.715953,32.770242],[111.715867,32.770289],[111.715263,32.771175],[111.71514,32.771279],[111.714904,32.771241],[111.714523,32.771299],[111.713533,32.771232],[111.712849,32.771469],[111.712702,32.771568],[111.712474,32.771947],[111.712128,32.77224],[111.711937,32.772337],[111.711406,32.772479],[111.711195,32.772698],[111.71109,32.772887],[111.711087,32.773104],[111.71106,32.773137],[111.711168,32.773232],[111.711401,32.773582],[111.711618,32.773837],[111.71186,32.774233],[111.712241,32.774676],[111.713297,32.775758],[111.713622,32.776182],[111.713874,32.776638],[111.713895,32.777447],[111.713836,32.777573],[111.713509,32.777819],[111.713429,32.777977],[111.713633,32.778236],[111.713917,32.778451],[111.71411,32.778665],[111.714142,32.7788],[111.714097,32.779105],[111.713933,32.779369],[111.713499,32.779693],[111.712812,32.780065],[111.712243,32.780255],[111.711425,32.780643],[111.711087,32.78085],[111.711047,32.781082],[111.710991,32.781123],[111.710701,32.781105],[111.71036,32.781251],[111.7101,32.781493],[111.710047,32.781583],[111.710065,32.781642],[111.710693,32.782584],[111.710266,32.782688],[111.710036,32.782785],[111.709848,32.782904],[111.709792,32.78299],[111.709786,32.783087],[111.709861,32.783286],[111.7101,32.783696],[111.710154,32.783955],[111.71032,32.784113],[111.710741,32.784289],[111.711339,32.784639],[111.712147,32.78527],[111.712833,32.785743],[111.713112,32.785991],[111.71349,32.786258],[111.713651,32.786418],[111.714019,32.786298],[111.714341,32.786118],[111.714577,32.785931],[111.715025,32.785716],[111.715159,32.785949],[111.715719,32.786571],[111.715808,32.786641],[111.71595,32.786672],[111.716377,32.7872],[111.716583,32.787561],[111.717117,32.788943],[111.717323,32.789365],[111.717417,32.789816],[111.717766,32.790555],[111.718021,32.791196],[111.718013,32.791457],[111.717956,32.791529],[111.717921,32.791667],[111.717911,32.791935],[111.717822,32.792082],[111.717492,32.792357],[111.71746,32.79242],[111.717546,32.792747],[111.717911,32.79364],[111.717932,32.794032],[111.717999,32.794258],[111.717396,32.794397],[111.716768,32.794625],[111.716505,32.794774],[111.715473,32.795218],[111.714373,32.795935],[111.714016,32.796253],[111.713815,32.796278],[111.713005,32.79683],[111.712546,32.797053],[111.712115,32.797435],[111.711211,32.798535],[111.710763,32.798925],[111.710103,32.799631],[111.709725,32.799948],[111.709049,32.800862],[111.708888,32.801017],[111.70877,32.801046],[111.708614,32.801006],[111.708317,32.800852],[111.708233,32.80083],[111.708134,32.800848],[111.707759,32.801222],[111.70748,32.801935],[111.706726,32.802622],[111.706619,32.802674],[111.706321,32.802584],[111.705988,32.802372],[111.705709,32.802077],[111.705468,32.802083],[111.704768,32.801953],[111.70399,32.801874],[111.703668,32.801874],[111.703679,32.802395],[111.703601,32.802688],[111.704516,32.802877],[111.704843,32.802915],[111.705758,32.803199],[111.705854,32.803251],[111.705857,32.803281],[111.705755,32.803429],[111.705755,32.803515],[111.705937,32.803801],[111.705924,32.803844],[111.705535,32.804113],[111.70509,32.8043],[111.704921,32.804543],[111.70484,32.804611],[111.704637,32.80464],[111.704505,32.804847],[111.704379,32.804929],[111.704167,32.805181],[111.703958,32.805357],[111.703719,32.80547],[111.703456,32.805677],[111.702925,32.806013],[111.704215,32.807289],[111.705162,32.808098],[111.705286,32.808247],[111.705117,32.808373],[111.704784,32.808714],[111.705184,32.809047],[111.705669,32.80937],[111.705288,32.809692],[111.705063,32.809794],[111.704266,32.810364],[111.703931,32.810565],[111.7034,32.810986],[111.702893,32.811308],[111.70226,32.811579],[111.701922,32.811547],[111.7016,32.811653],[111.701429,32.81185],[111.701201,32.812298],[111.701064,32.812496],[111.700594,32.812925],[111.700155,32.813231],[111.699312,32.81373],[111.698478,32.814302],[111.698046,32.81444],[111.697499,32.814839],[111.697234,32.814895],[111.698266,32.815504],[111.698725,32.815925],[111.698821,32.816083],[111.698937,32.816083],[111.699157,32.815907],[111.699369,32.815952],[111.699428,32.816067],[111.699302,32.816308],[111.699436,32.81684],[111.699473,32.817663],[111.699522,32.817699],[111.700326,32.817916],[111.701973,32.818538],[111.702102,32.818511],[111.702198,32.818434],[111.702493,32.817904],[111.702601,32.81778],[111.702813,32.817877],[111.703666,32.818141],[111.704266,32.818076],[111.704419,32.8181],[111.704701,32.818249],[111.704958,32.818303],[111.705135,32.818393],[111.705243,32.818531],[111.706192,32.819196],[111.70634,32.819387],[111.706334,32.819475],[111.706232,32.819662],[111.706251,32.819782],[111.70686,32.82003],[111.707287,32.820147],[111.707193,32.820476],[111.706823,32.822627],[111.706573,32.822805],[111.70579,32.823053],[111.705626,32.823168],[111.705548,32.823264],[111.705492,32.823503],[111.705487,32.823799],[111.705543,32.824391],[111.7055,32.824522],[111.705066,32.824937],[111.704757,32.825126],[111.704524,32.825203],[111.704881,32.825309],[111.706012,32.825539],[111.70609,32.825381],[111.706214,32.824826],[111.706243,32.824761],[111.706294,32.824741],[111.706342,32.824759],[111.706367,32.824813],[111.706267,32.825074],[111.706149,32.825561],[111.706222,32.825647],[111.706358,32.825627],[111.706434,32.825379],[111.706439,32.825007],[111.706356,32.82459],[111.706369,32.824348],[111.706418,32.824249],[111.70649,32.824236],[111.706549,32.824272],[111.706584,32.824376],[111.7066,32.824606],[111.706554,32.825092],[111.706544,32.82571],[111.706589,32.825789],[111.706747,32.825832],[111.706941,32.825654],[111.707305,32.824802],[111.707418,32.824346],[111.70749,32.824236],[111.707635,32.824473],[111.707665,32.824601],[111.707643,32.824777],[111.707726,32.825097],[111.707885,32.825284],[111.708354,32.825622],[111.708472,32.825827],[111.708494,32.825938],[111.708333,32.826476],[111.708249,32.826963],[111.70792,32.827729],[111.707584,32.828072],[111.707498,32.828259],[111.707329,32.828455],[111.706943,32.828741],[111.706951,32.829021],[111.706903,32.829095],[111.706538,32.829327],[111.706498,32.829411],[111.706849,32.829641],[111.707238,32.829839],[111.708003,32.830161],[111.708207,32.830168],[111.708129,32.830389],[111.707968,32.830662],[111.707751,32.831453],[111.70771,32.832136],[111.707509,32.83278],[111.70741,32.833402],[111.706895,32.834374],[111.706482,32.834951],[111.706254,32.835627],[111.70619,32.836163],[111.706077,32.836596],[111.705696,32.837461],[111.705538,32.837664],[111.705076,32.838867],[111.705042,32.839138],[111.70506,32.839564],[111.705117,32.83976],[111.705194,32.839823],[111.705972,32.840028],[111.706106,32.840098],[111.706678,32.839791],[111.709199,32.839102],[111.7147,32.837362],[111.715263,32.837218],[111.715773,32.837238],[111.716674,32.837137],[111.717267,32.83699],[111.719544,32.836048],[111.720671,32.835685],[111.721065,32.835491],[111.7214,32.835156],[111.72162,32.834536],[111.721701,32.833986],[111.721864,32.833497],[111.721961,32.833048],[111.721829,32.83184],[111.722063,32.830387],[111.722387,32.829902],[111.722991,32.828721],[111.723307,32.827373],[111.723667,32.826298],[111.723745,32.825642],[111.723659,32.825018],[111.723535,32.824707],[111.723104,32.824349],[111.722516,32.823938],[111.720979,32.823454],[111.720118,32.823071],[111.719904,32.822865],[111.719775,32.82227],[111.719764,32.821028],[111.719914,32.820589],[111.720188,32.820199],[111.720582,32.81973],[111.721132,32.819572],[111.721795,32.819841],[111.722666,32.82005],[111.724099,32.820194],[111.726344,32.819901],[111.727057,32.819615],[111.727532,32.819527],[111.727569,32.819847],[111.727438,32.820107],[111.726995,32.820686],[111.727081,32.82099],[111.727513,32.821596],[111.727569,32.821921],[111.727561,32.822309],[111.727408,32.82292],[111.727537,32.823235],[111.72831,32.824008],[111.728742,32.824211],[111.729232,32.824389],[111.729817,32.824515],[111.730372,32.825032],[111.731665,32.825514],[111.732435,32.825976],[111.733328,32.826436],[111.73416,32.827182],[111.734503,32.827878],[111.734937,32.828498],[111.735841,32.83033],[111.736211,32.830639],[111.736861,32.831074],[111.737201,32.831487],[111.737483,32.832262],[111.73755,32.833116],[111.737453,32.833472],[111.737373,32.834002],[111.737351,32.834608],[111.737381,32.834924],[111.737545,32.835505],[111.737799,32.837121],[111.737842,32.837705],[111.73762,32.8382],[111.737043,32.839124],[111.736568,32.839712],[111.735946,32.840783],[111.735157,32.842022],[111.73443,32.842757],[111.734004,32.843546],[111.73361,32.844165],[111.732923,32.845488],[111.732467,32.846586],[111.731424,32.849314],[111.731032,32.850047],[111.730439,32.850919],[111.73008,32.851651],[111.729334,32.853816],[111.728422,32.856067],[111.72783,32.856885],[111.727615,32.85725],[111.727001,32.857311],[111.725469,32.856926],[111.72497,32.856928],[111.724241,32.857102],[111.723745,32.857638],[111.723187,32.858512],[111.722859,32.859129],[111.722795,32.859497],[111.722833,32.859889],[111.722969,32.860224],[111.723675,32.86109],[111.724777,32.861925],[111.726751,32.863291],[111.727422,32.86396],[111.727725,32.864435],[111.728197,32.865386],[111.728366,32.865665],[111.728666,32.865805],[111.730367,32.866132],[111.731067,32.866323],[111.731732,32.866573],[111.733336,32.867405],[111.734205,32.867934],[111.738974,32.86956],[111.739771,32.869725],[111.741045,32.870588],[111.742751,32.871671],[111.743786,32.872424],[111.744424,32.872953],[111.744693,32.87326],[111.744894,32.873622],[111.744969,32.874634],[111.745149,32.876147],[111.745269,32.878589],[111.745178,32.879767],[111.745175,32.880547],[111.745288,32.880808],[111.745924,32.881919],[111.74675,32.881819],[111.746986,32.883389],[111.747329,32.883745],[111.748209,32.884128],[111.748909,32.884349],[111.749609,32.884484],[111.750435,32.884585],[111.751532,32.884552],[111.752538,32.884757],[111.753292,32.884991],[111.754461,32.885831],[111.755185,32.886144],[111.75613,32.88643],[111.757323,32.886714],[111.757953,32.887002],[111.758836,32.887579],[111.759533,32.888237],[111.760872,32.890822],[111.761574,32.89209],[111.762146,32.893014],[111.762749,32.893777],[111.763195,32.894543],[111.763578,32.895097],[111.763988,32.895464],[111.764809,32.896041],[111.765469,32.89625],[111.766445,32.896455],[111.767513,32.896581],[111.768173,32.896788],[111.769055,32.897234],[111.769594,32.897601],[111.770195,32.898126],[111.77067,32.898759],[111.771083,32.899392],[111.771686,32.900772],[111.772703,32.901058],[111.772676,32.901349],[111.772821,32.901723],[111.773489,32.901813],[111.774902,32.901599],[111.775871,32.901349],[111.776496,32.901054],[111.776933,32.900707],[111.77777,32.899378],[111.778537,32.897387],[111.77906,32.896259],[111.780524,32.895151],[111.780868,32.894725],[111.78102,32.894378],[111.781136,32.893133],[111.781318,32.892604],[111.781498,32.892282],[111.781836,32.892351],[111.782185,32.891194],[111.782284,32.890728],[111.782233,32.890065],[111.781806,32.886671],[111.781906,32.886214],[111.782249,32.885392],[111.782785,32.884531],[111.783257,32.88391],[111.78377,32.882871],[111.784422,32.881772],[111.785213,32.880114],[111.785433,32.879801],[111.785991,32.879173],[111.786192,32.878893],[111.786331,32.878553],[111.786457,32.878064],[111.78657,32.877116],[111.786709,32.876839],[111.787133,32.876341],[111.787399,32.875573],[111.787737,32.875289],[111.78838,32.875249],[111.788796,32.875141],[111.790435,32.875141],[111.790279,32.873613],[111.789899,32.872102],[111.78974,32.871108],[111.789601,32.870604],[111.7897,32.870236],[111.789652,32.869576],[111.789504,32.868655],[111.789376,32.868225],[111.789075,32.867792],[111.788748,32.866954],[111.788649,32.866192],[111.790931,32.86508],[111.791983,32.864537],[111.79227,32.864345],[111.793477,32.861617],[111.794123,32.860332],[111.79444,32.859871],[111.797006,32.860535],[111.797575,32.85844],[111.796588,32.858197],[111.796025,32.857958],[111.795003,32.857241],[111.793273,32.856358],[111.791985,32.855531],[111.79147,32.855132],[111.791645,32.851903],[111.792106,32.851748],[111.793117,32.851329],[111.794077,32.850883],[111.794794,32.850484],[111.794922,32.847676],[111.794415,32.84769],[111.794448,32.845231],[111.794576,32.844776],[111.794627,32.844258],[111.794635,32.843604],[111.795231,32.841585],[111.79537,32.84129],[111.79655,32.837788],[111.797476,32.835334],[111.798031,32.833562],[111.799241,32.830436],[111.800568,32.830675],[111.801022,32.830409],[111.801183,32.83015],[111.801386,32.829643],[111.801856,32.829659],[111.802972,32.829913],[111.806072,32.83031],[111.807775,32.830659],[111.809371,32.830883],[111.810273,32.829147],[111.81093,32.827412],[111.810983,32.826639],[111.813668,32.826075],[111.815294,32.825638],[111.816903,32.825054],[111.817496,32.824473],[111.817834,32.824213],[111.818488,32.824171],[111.819325,32.824006],[111.819735,32.823983],[111.820122,32.823896],[111.820422,32.823699],[111.820857,32.823095],[111.821173,32.822802],[111.82153,32.822566],[111.824985,32.820848],[111.82665,32.820102],[111.827103,32.819863],[111.827423,32.819554],[111.827624,32.819151],[111.827779,32.818177],[111.82779,32.817505],[111.826302,32.817183],[111.822933,32.816284],[111.8222,32.816119],[111.822549,32.815073],[111.822887,32.814417],[111.822565,32.813619],[111.822444,32.812965],[111.825821,32.811974],[111.826422,32.811703],[111.826621,32.811482],[111.826704,32.81107],[111.826637,32.809884],[111.826803,32.809372],[111.827404,32.809223],[111.828895,32.809018],[111.830295,32.808258],[111.830596,32.806511],[111.830665,32.804935],[111.831537,32.80554],[111.832366,32.806054],[111.832996,32.806256],[111.834324,32.806171],[111.833975,32.802658],[111.834053,32.801858],[111.834069,32.800379],[111.834203,32.799457],[111.83445,32.798688],[111.835231,32.798886],[111.836207,32.798902],[111.836719,32.79885],[111.837006,32.798323],[111.838506,32.796034],[111.8389,32.795132],[111.839136,32.792756],[111.839415,32.791906],[111.839774,32.790643],[111.839908,32.78955],[111.840262,32.787608],[111.840734,32.785811],[111.839004,32.784902],[111.838822,32.782699],[111.837604,32.783211],[111.836773,32.783461],[111.836717,32.782807],[111.837607,32.782753],[111.837561,32.780961],[111.839286,32.782499],[111.840123,32.782088],[111.842049,32.780967],[111.842448,32.780814],[111.83754,32.779299],[111.83805,32.777975],[111.836438,32.777427],[111.837218,32.774319],[111.834936,32.773462],[111.834796,32.770747],[111.832473,32.770763],[111.832945,32.769256],[111.832967,32.76848],[111.833093,32.766613],[111.834241,32.766703],[111.834136,32.764594],[111.834568,32.764711],[111.834842,32.763356],[111.834665,32.762812],[111.834455,32.762316],[111.833825,32.761218],[111.833691,32.760794],[111.833675,32.760457],[111.833734,32.759894],[111.833932,32.759483],[111.834252,32.759779],[111.834635,32.760061],[111.835223,32.760133],[111.835598,32.760239],[111.835896,32.760672],[111.836242,32.760891],[111.836636,32.761082],[111.83703,32.761173],[111.837392,32.761193],[111.837425,32.760304],[111.838401,32.760419],[111.8385,32.75882],[111.838884,32.756781],[111.839745,32.754304],[111.839246,32.754033],[111.837441,32.752637],[111.837111,32.752344],[111.836438,32.751836],[111.835936,32.751532],[111.835448,32.751281],[111.834742,32.750977],[111.833981,32.750767],[111.833584,32.750708],[111.833085,32.750438],[111.832524,32.74986],[111.830746,32.749267],[111.8307,32.748944],[111.830421,32.748498],[111.830067,32.748019],[111.828729,32.747805],[111.828686,32.746156],[111.826846,32.745757],[111.826551,32.744836],[111.822219,32.744816],[111.822149,32.743435],[111.819939,32.743426],[111.819945,32.740735],[111.820103,32.739302],[111.820116,32.73763],[111.820162,32.736746],[111.820288,32.736277],[111.81976,32.736365],[111.819196,32.736692],[111.818947,32.736938],[111.818528,32.737249],[111.818201,32.737371],[111.818067,32.737475],[111.81785,32.737529],[111.817659,32.737533],[111.816938,32.737321],[111.816522,32.737163],[111.816203,32.737107],[111.815991,32.737017],[111.815833,32.736908],[111.815487,32.736547],[111.815304,32.736324],[111.815176,32.736089],[111.81509,32.736015],[111.814714,32.735778],[111.814237,32.735577],[111.813912,32.735584],[111.813725,32.735674],[111.81277,32.73592],[111.812263,32.735941],[111.812011,32.735995],[111.811598,32.735972],[111.811185,32.735807],[111.810814,32.735719],[111.810554,32.735704],[111.810144,32.735916],[111.810031,32.736051],[111.810029,32.736351],[111.810133,32.736843],[111.809865,32.737134],[111.80972,32.73706],[111.809009,32.7371],[111.808698,32.737087],[111.808583,32.737021],[111.808521,32.736866],[111.808588,32.736421],[111.808559,32.736013],[111.808591,32.735688],[111.80747,32.735656],[111.807373,32.735401],[111.807019,32.735744],[111.806652,32.735999],[111.806434,32.736015],[111.806241,32.735981],[111.806145,32.735931],[111.805589,32.735401],[111.805061,32.735686],[111.804678,32.735794],[111.804444,32.735925],[111.80398,32.735999],[111.803229,32.73604],[111.802937,32.73601],[111.802816,32.735959],[111.802663,32.73583],[111.802435,32.735422],[111.802384,32.735133],[111.802365,32.734528],[111.802285,32.734045],[111.802146,32.733558],[111.801944,32.733231],[111.801724,32.733032],[111.801016,32.732696],[111.80085,32.732543],[111.800059,32.731277],[111.799691,32.73062],[111.79953,32.730182],[111.799361,32.730115],[111.799066,32.730101],[111.798871,32.730243],[111.798696,32.730318],[111.797366,32.73046],[111.797444,32.730512],[111.797934,32.73062],[111.798085,32.730713],[111.798162,32.730821],[111.798125,32.730875],[111.798012,32.730932],[111.797741,32.731013],[111.797285,32.731092],[111.796591,32.731153],[111.796266,32.731349],[111.796046,32.731067],[111.795966,32.730889],[111.795976,32.730559],[111.796011,32.730327],[111.796121,32.729964],[111.796564,32.729124],[111.796553,32.728984],[111.796427,32.72856],[111.796274,32.728208],[111.796027,32.727919],[111.795526,32.727901],[111.794815,32.727971],[111.794405,32.728104],[111.794185,32.728129],[111.793892,32.728222],[111.793978,32.728723],[111.794088,32.729023],[111.794182,32.729133],[111.79437,32.729196],[111.794627,32.729221],[111.794847,32.730133],[111.794807,32.730413],[111.794732,32.73055],[111.794627,32.730641],[111.794271,32.730808],[111.794246,32.730871],[111.794169,32.731446],[111.794236,32.731805],[111.794252,32.732229],[111.794311,32.732619],[111.793402,32.732624],[111.793257,32.73236],[111.79305,32.732371],[111.793037,32.732335],[111.793141,32.732112],[111.793115,32.732026],[111.793007,32.731965],[111.792897,32.731782],[111.792701,32.73122],[111.792624,32.730884],[111.792425,32.730465],[111.792626,32.730419],[111.79301,32.730444],[111.793568,32.730419],[111.793613,32.730372],[111.793646,32.729907],[111.793616,32.729436],[111.793554,32.729242],[111.793992,32.729203],[111.794013,32.72916],[111.793785,32.728215],[111.793348,32.728278],[111.793316,32.727734],[111.793267,32.727599],[111.792999,32.727511],[111.792645,32.727543],[111.792538,32.727227],[111.792114,32.726859],[111.792039,32.726701],[111.791865,32.726527],[111.791457,32.726423],[111.791132,32.726462],[111.791071,32.726602],[111.790735,32.726861],[111.790572,32.72692],[111.790328,32.726929],[111.790159,32.727098],[111.789781,32.727348],[111.789359,32.727788],[111.789271,32.727955],[111.789271,32.728014],[111.789504,32.72863],[111.789477,32.729045],[111.789421,32.729352],[111.789217,32.729393],[111.788989,32.729395],[111.788834,32.729377],[111.788203,32.729183],[111.787943,32.729149],[111.787619,32.729154],[111.78697,32.729296],[111.786819,32.729573],[111.786608,32.729853],[111.786519,32.729957],[111.786409,32.729955],[111.786358,32.729907],[111.786355,32.729826],[111.786412,32.729652],[111.786213,32.729603],[111.78613,32.729334],[111.786125,32.729151],[111.786066,32.72907],[111.785881,32.728982],[111.785784,32.729111],[111.785736,32.729585],[111.785296,32.729815],[111.785114,32.729853],[111.785328,32.730158],[111.785701,32.731065],[111.784529,32.731144],[111.784137,32.73169],[111.783496,32.731428],[111.783102,32.731342],[111.783054,32.731295],[111.783054,32.731218],[111.783107,32.731029],[111.783035,32.730974],[111.782616,32.730909],[111.782544,32.730868],[111.782509,32.730805],[111.782522,32.730304],[111.782568,32.730169],[111.782705,32.72997],[111.782638,32.729706],[111.782582,32.729618],[111.782498,32.729564],[111.782378,32.729551],[111.782185,32.729594],[111.782107,32.729431],[111.781637,32.729366],[111.780835,32.728883],[111.780159,32.72865],[111.779945,32.728644],[111.779824,32.728894],[111.77954,32.729806],[111.779459,32.729905],[111.779376,32.729903],[111.779148,32.729524],[111.779084,32.729467],[111.778974,32.729481],[111.778682,32.72967],[111.778529,32.729682],[111.77811,32.729609],[111.777606,32.72958],[111.777617,32.729305],[111.777681,32.729025],[111.777665,32.728921],[111.777437,32.728872],[111.776603,32.728847],[111.776555,32.729095],[111.776372,32.729133],[111.776262,32.729219],[111.775675,32.729934],[111.775165,32.730336],[111.774642,32.730604],[111.773341,32.730798],[111.77328,32.730519],[111.773226,32.730446],[111.772488,32.73048],[111.772512,32.730828],[111.772762,32.731568],[111.772829,32.731956],[111.772346,32.732058],[111.772255,32.732021],[111.772193,32.731852],[111.772019,32.731922],[111.771877,32.731938],[111.771823,32.731787],[111.77178,32.731784],[111.771686,32.731877],[111.771633,32.731886],[111.771279,32.73183],[111.770184,32.731094],[111.769562,32.730616],[111.76928,32.730458],[111.769168,32.730591],[111.768961,32.730968],[111.76887,32.731044],[111.768462,32.730794],[111.767711,32.730404],[111.767451,32.73016],[111.767078,32.729946],[111.766738,32.729794],[111.766577,32.73039],[111.766555,32.730805],[111.766614,32.731096],[111.766829,32.731674],[111.766756,32.731735],[111.765861,32.73194],[111.765684,32.731782],[111.765413,32.731663],[111.765244,32.731649],[111.765088,32.731554],[111.764962,32.731451],[111.764895,32.731322],[111.764857,32.731178],[111.764892,32.730776],[111.76511,32.73041],[111.765144,32.730302],[111.764833,32.730185],[111.764297,32.730092],[111.76405,32.730081],[111.763471,32.730198],[111.763291,32.730295],[111.763219,32.730458],[111.76316,32.73051],[111.763068,32.73051],[111.762913,32.73021],[111.763146,32.72981],[111.76273,32.729623],[111.76225,32.729271],[111.761642,32.728928],[111.760483,32.728382],[111.760043,32.728614],[111.759847,32.728655],[111.759662,32.728641],[111.759278,32.728522],[111.759332,32.727974],[111.759099,32.728251],[111.758997,32.728235],[111.758745,32.72801],[111.758745,32.728269],[111.75867,32.728524],[111.758409,32.728459],[111.757642,32.728118],[111.757624,32.728007],[111.757677,32.727809],[111.757648,32.727793],[111.756932,32.727901],[111.756221,32.72789],[111.7561,32.727856],[111.755944,32.727703],[111.755714,32.727581],[111.754896,32.727644],[111.754459,32.727427],[111.75429,32.727441],[111.75455,32.726031],[111.754453,32.726008],[111.754314,32.726058],[111.754193,32.726496],[111.754062,32.727443],[111.753997,32.727513],[111.753761,32.727576],[111.75375,32.727136],[111.753847,32.726116],[111.751224,32.726031],[111.751114,32.727019],[111.751117,32.727394],[111.751087,32.727678],[111.751039,32.727825],[111.751377,32.728007],[111.751666,32.728285],[111.75164,32.728323],[111.751275,32.728371],[111.751438,32.728745],[111.751513,32.728989],[111.751497,32.729081],[111.751387,32.729235],[111.750929,32.729618],[111.750703,32.729718],[111.750301,32.730025],[111.749931,32.730246],[111.749786,32.730295],[111.749478,32.730307],[111.749386,32.73028],[111.749274,32.730212],[111.749185,32.730099],[111.749137,32.729977],[111.749298,32.729774],[111.749309,32.729648],[111.749228,32.729433],[111.749113,32.729289],[111.748855,32.729219],[111.748576,32.729187],[111.74845,32.729228],[111.748332,32.729316],[111.748271,32.729411],[111.748268,32.729476],[111.748332,32.729761],[111.748732,32.730726],[111.748727,32.731094],[111.748567,32.73166],[111.748295,32.732441],[111.74823,32.732606],[111.748169,32.732658],[111.74811,32.732664],[111.747632,32.732484],[111.74749,32.732346],[111.7473,32.73208],[111.747209,32.732024],[111.74675,32.732003],[111.746589,32.731687],[111.746578,32.731557],[111.746407,32.731444],[111.746243,32.731112],[111.746173,32.73104],[111.746066,32.730981],[111.745674,32.730866],[111.745532,32.730776],[111.74488,32.730598],[111.744741,32.730521],[111.744636,32.730356],[111.744754,32.730286],[111.745926,32.730092],[111.746179,32.72997],[111.746213,32.72993],[111.746262,32.729492],[111.746404,32.729339],[111.746428,32.728969],[111.746919,32.728763],[111.746876,32.728608],[111.746616,32.728517],[111.746404,32.728495],[111.745639,32.728745],[111.744792,32.728942],[111.744365,32.728928],[111.744068,32.728883],[111.744027,32.728901],[111.744019,32.728957],[111.743773,32.728409],[111.743617,32.728283],[111.743588,32.728298],[111.74355,32.728517],[111.743435,32.728531],[111.742201,32.728156],[111.741839,32.72808],[111.741611,32.728075],[111.741187,32.72791],[111.740476,32.727728],[111.740551,32.727051],[111.740216,32.72699]]]}},{"type":"Feature","properties":{"regionCode":"411326105","sourceCode":"411326105000","name":"丹阳镇","sourceName":"丹阳镇","parentCode":"411326","parentName":"淅川县","regionLevel":"township","regionType":"town","isManagementZone":false,"source":"ruiduobao","sourceVersion":"mixed-legacy~2018-2020","geometryRepaired":false,"match2020":true,"match2023":true},"geometry":{"type":"Polygon","coordinates":[[[111.709279,32.640321],[111.708837,32.639745],[111.708282,32.639314],[111.707619,32.639104],[111.707034,32.638422],[111.706259,32.638038],[111.704824,32.6379],[111.70451,32.637726],[111.704248,32.637408],[111.704012,32.63643],[111.703781,32.636161],[111.703416,32.636075],[111.702856,32.636197],[111.701761,32.636603],[111.700538,32.636843],[111.698189,32.637022],[111.69692,32.637071],[111.696338,32.637055],[111.695962,32.637087],[111.695651,32.637297],[111.695345,32.63825],[111.694954,32.638946],[111.694452,32.639224],[111.694433,32.641297],[111.694479,32.642307],[111.694527,32.642607],[111.694463,32.64333],[111.694417,32.644926],[111.694348,32.645667],[111.69434,32.647625],[111.695568,32.647623],[111.695909,32.647535],[111.696131,32.647278],[111.696268,32.647217],[111.696461,32.647058],[111.69678,32.646894],[111.696904,32.647031],[111.69692,32.647104],[111.696936,32.64732],[111.696893,32.647528],[111.697089,32.647515],[111.69748,32.647366],[111.697451,32.647131],[111.697325,32.646699],[111.69733,32.646607],[111.697437,32.646403],[111.697518,32.646315],[111.697781,32.646169],[111.697915,32.646017],[111.698041,32.645943],[111.698054,32.646288],[111.698022,32.646742],[111.698143,32.647113],[111.698231,32.647853],[111.698258,32.647989],[111.698293,32.648027],[111.698824,32.647637],[111.699079,32.647657],[111.699406,32.647734],[111.699771,32.647619],[111.700104,32.647585],[111.70005,32.646943],[111.699983,32.646699],[111.699996,32.646437],[111.700348,32.646415],[111.700474,32.646787],[111.700627,32.647587],[111.700667,32.648032],[111.700806,32.648567],[111.70045,32.648685],[111.700071,32.648723],[111.698411,32.649028],[111.698366,32.649059],[111.698266,32.649708],[111.698146,32.650046],[111.697842,32.650385],[111.69755,32.650444],[111.696644,32.650509],[111.696244,32.650609],[111.696198,32.650652],[111.695656,32.650864],[111.694857,32.651065],[111.69461,32.651101],[111.694439,32.651074],[111.69438,32.651094],[111.694353,32.651336],[111.694415,32.651817],[111.694795,32.652625],[111.694841,32.652923],[111.694836,32.653059],[111.694779,32.653156],[111.694661,32.653217],[111.693838,32.653418],[111.693538,32.653533],[111.693414,32.653633],[111.693275,32.653664],[111.692663,32.653992],[111.691813,32.654482],[111.6914,32.654807],[111.691309,32.654917],[111.690657,32.655471],[111.690584,32.65557],[111.690574,32.65583],[111.690601,32.655931],[111.690743,32.656207],[111.691035,32.656548],[111.691234,32.65697],[111.691268,32.65735],[111.69137,32.657645],[111.691413,32.657923],[111.691499,32.658183],[111.691499,32.658307],[111.691681,32.658842],[111.691789,32.659402],[111.69188,32.659585],[111.691917,32.659802],[111.691368,32.659811],[111.690426,32.659759],[111.690236,32.659795],[111.690155,32.659867],[111.690021,32.660159],[111.689517,32.660145],[111.689428,32.660436],[111.689294,32.660518],[111.688288,32.660473],[111.688283,32.660436],[111.688415,32.660373],[111.688465,32.660305],[111.688457,32.660215],[111.68842,32.660154],[111.688103,32.660082],[111.688044,32.660114],[111.687924,32.660364],[111.687473,32.660538],[111.687301,32.660642],[111.68695,32.660936],[111.686102,32.661405],[111.685512,32.661593],[111.685376,32.661676],[111.685199,32.661857],[111.684863,32.662396],[111.684673,32.663912],[111.684622,32.663966],[111.684536,32.663986],[111.68415,32.663988],[111.684091,32.664004],[111.684064,32.664047],[111.684163,32.664237],[111.684627,32.664731],[111.684702,32.664849],[111.684904,32.665321],[111.684938,32.665506],[111.685013,32.665528],[111.685676,32.665452],[111.685711,32.665481],[111.685746,32.6657],[111.685762,32.666334],[111.685832,32.666423],[111.686921,32.666382],[111.687808,32.666395],[111.687613,32.667247],[111.687234,32.668362],[111.687417,32.668367],[111.688626,32.668689],[111.688822,32.667969],[111.688954,32.667673],[111.689053,32.667536],[111.689249,32.667655],[111.689573,32.667741],[111.689163,32.668793],[111.689903,32.668881],[111.690067,32.669222],[111.690201,32.669629],[111.690134,32.669658],[111.690112,32.669721],[111.689144,32.669678],[111.689238,32.66997],[111.689265,32.670238],[111.688723,32.670107],[111.688286,32.670051],[111.688165,32.671444],[111.688221,32.672839],[111.688208,32.6733],[111.687425,32.673343],[111.687505,32.673819],[111.687674,32.674239],[111.68769,32.674361],[111.687655,32.67449],[111.687092,32.6746],[111.686784,32.674607],[111.686507,32.674537],[111.685874,32.674165],[111.685298,32.67416],[111.685078,32.674223],[111.684405,32.67421],[111.684335,32.674248],[111.684241,32.674576],[111.685,32.674752],[111.685123,32.67481],[111.685185,32.674901],[111.685338,32.675314],[111.685716,32.676005],[111.687068,32.675732],[111.687419,32.676553],[111.687495,32.676657],[111.688629,32.676657],[111.688699,32.67775],[111.688031,32.677775],[111.688101,32.678886],[111.688203,32.678996],[111.688723,32.679082],[111.688946,32.679515],[111.689064,32.679929],[111.689672,32.680233],[111.690238,32.680893],[111.690716,32.681306],[111.690989,32.681676],[111.689361,32.681922],[111.688887,32.682094],[111.688224,32.682419],[111.686671,32.683094],[111.686175,32.683247],[111.685655,32.683349],[111.684777,32.683615],[111.681559,32.684049],[111.681028,32.684182],[111.680695,32.684324],[111.680566,32.684417],[111.680392,32.684581],[111.680204,32.684839],[111.679907,32.685164],[111.679721,32.685771],[111.679416,32.685913],[111.679105,32.685986],[111.67893,32.685986],[111.678796,32.686033],[111.678037,32.686369],[111.678246,32.686613],[111.6779,32.686886],[111.677538,32.687331],[111.677077,32.687746],[111.676328,32.687782],[111.676087,32.688279],[111.676334,32.688733],[111.676186,32.688803],[111.675768,32.688911],[111.675505,32.689047],[111.675451,32.689103],[111.67521,32.68964],[111.674963,32.689846],[111.675132,32.69009],[111.675736,32.690058],[111.675781,32.6906],[111.675934,32.691155],[111.675366,32.691157],[111.675218,32.691182],[111.675103,32.691241],[111.675076,32.692372],[111.675371,32.692378],[111.675371,32.692421],[111.675355,32.692509],[111.675178,32.692814],[111.674974,32.693058],[111.674872,32.693306],[111.674883,32.693512],[111.675025,32.693891],[111.674094,32.693871],[111.673475,32.693931],[111.671573,32.693947],[111.671554,32.694146],[111.671838,32.694588],[111.672316,32.694891],[111.671766,32.695706],[111.67123,32.695505],[111.670739,32.694936],[111.670712,32.69483],[111.670758,32.694753],[111.67102,32.694394],[111.671315,32.694099],[111.670766,32.693584],[111.670597,32.693462],[111.670361,32.693381],[111.670344,32.693182],[111.670173,32.693157],[111.670125,32.692584],[111.669347,32.692597],[111.669328,32.693358],[111.669044,32.693354],[111.669001,32.693342],[111.668995,32.693216],[111.669089,32.69253],[111.668861,32.692439],[111.668668,32.692403],[111.668604,32.692507],[111.668547,32.692864],[111.668335,32.693539],[111.668381,32.693658],[111.66858,32.693746],[111.668598,32.69378],[111.668134,32.694114],[111.66785,32.694374],[111.668499,32.694832],[111.668741,32.694536],[111.669087,32.694229],[111.669534,32.694573],[111.670403,32.695089],[111.670133,32.695471],[111.670465,32.695674],[111.670208,32.695891],[111.670071,32.696114],[111.670009,32.696706],[111.670023,32.696922],[111.670186,32.697787],[111.670473,32.69864],[111.67054,32.698746],[111.670747,32.69945],[111.670803,32.699536],[111.671275,32.699123],[111.671967,32.699328],[111.672563,32.699414],[111.673051,32.699425],[111.673689,32.699385],[111.674408,32.699498],[111.675097,32.699514],[111.675189,32.699547],[111.674926,32.699721],[111.674231,32.699949],[111.673818,32.700046],[111.673676,32.700121],[111.673453,32.70043],[111.672952,32.700881],[111.67282,32.701039],[111.672522,32.70127],[111.672308,32.701678],[111.672335,32.701913],[111.67245,32.701911],[111.673185,32.702301],[111.672919,32.70252],[111.672852,32.702624],[111.672643,32.702804],[111.672565,32.702937],[111.673107,32.703317],[111.673351,32.703014],[111.673829,32.702513],[111.674041,32.702373],[111.674338,32.702403],[111.674706,32.702509],[111.675202,32.702705],[111.675419,32.702712],[111.675811,32.702558],[111.676004,32.702538],[111.676111,32.702585],[111.676283,32.702752],[111.676243,32.702845],[111.675543,32.703028],[111.675328,32.703184],[111.675213,32.703332],[111.675231,32.703389],[111.675575,32.703725],[111.675722,32.703973],[111.675779,32.704206],[111.675787,32.704461],[111.675757,32.704662],[111.675253,32.704876],[111.674711,32.704883],[111.674314,32.704928],[111.674486,32.705382],[111.67455,32.705835],[111.674183,32.706084],[111.674081,32.706346],[111.673778,32.706271],[111.673724,32.706285],[111.673593,32.70688],[111.673284,32.706878],[111.673265,32.707106],[111.673236,32.707147],[111.672887,32.70714],[111.672887,32.706887],[111.672852,32.706858],[111.672319,32.706867],[111.671332,32.70679],[111.671562,32.70791],[111.671597,32.70825],[111.671404,32.708334],[111.670736,32.708465],[111.67087,32.708731],[111.670972,32.709187],[111.67109,32.709212],[111.671281,32.709083],[111.671425,32.709049],[111.671694,32.709289],[111.671804,32.709449],[111.671881,32.709799],[111.671989,32.709898],[111.672093,32.709857],[111.672614,32.709828],[111.672753,32.709778],[111.672952,32.709645],[111.673123,32.709593],[111.673526,32.709586],[111.673713,32.709553],[111.674239,32.709564],[111.675612,32.709293],[111.675658,32.70937],[111.675645,32.709517],[111.67543,32.710225],[111.675135,32.711002],[111.675006,32.711606],[111.675746,32.711798],[111.676004,32.71199],[111.67624,32.712319],[111.676441,32.71241],[111.676707,32.712423],[111.676806,32.712464],[111.676959,32.712599],[111.677144,32.71269],[111.677171,32.713066],[111.6772,32.713114],[111.677348,32.713168],[111.678329,32.713182],[111.679126,32.713103],[111.679418,32.713148],[111.679542,32.7132],[111.679609,32.713342],[111.679569,32.713601],[111.679357,32.713795],[111.679343,32.714276],[111.679603,32.714439],[111.679748,32.714585],[111.679775,32.714653],[111.679721,32.715118],[111.679561,32.715714],[111.679574,32.71582],[111.679644,32.715836],[111.680628,32.715729],[111.681189,32.715779],[111.681586,32.715547],[111.68154,32.716039],[111.681765,32.716224],[111.681958,32.716255],[111.682237,32.716224],[111.683157,32.715878],[111.683066,32.716691],[111.682994,32.716955],[111.682801,32.717153],[111.682801,32.717205],[111.682927,32.717291],[111.682988,32.717512],[111.683058,32.717557],[111.683595,32.717679],[111.683831,32.717815],[111.683938,32.717982],[111.684,32.718201],[111.684166,32.718555],[111.684646,32.719015],[111.684799,32.719211],[111.684791,32.719381],[111.6839,32.719512],[111.683788,32.719573],[111.683753,32.719663],[111.683635,32.719735],[111.683283,32.719848],[111.682471,32.719819],[111.682189,32.719733],[111.681615,32.719631],[111.68051,32.719904],[111.680349,32.71999],[111.679252,32.720114],[111.679292,32.720333],[111.679402,32.720583],[111.679389,32.720613],[111.678976,32.720757],[111.678085,32.720699],[111.677785,32.721319],[111.677664,32.721283],[111.677479,32.721159],[111.677407,32.721163],[111.677353,32.721193],[111.677106,32.721617],[111.677007,32.721637],[111.676803,32.721606],[111.676626,32.721515],[111.676532,32.721504],[111.676511,32.721655],[111.676414,32.721886],[111.676288,32.721985],[111.675969,32.722127],[111.675813,32.722244],[111.675717,32.722402],[111.675738,32.722465],[111.676157,32.722752],[111.676197,32.722817],[111.676165,32.722928],[111.675905,32.723124],[111.675738,32.723334],[111.675631,32.723366],[111.675427,32.723291],[111.675315,32.723294],[111.675012,32.723578],[111.674888,32.723761],[111.674746,32.723745],[111.674421,32.723777],[111.67418,32.723754],[111.67392,32.723855],[111.67367,32.723998],[111.672981,32.723955],[111.672598,32.724002],[111.67253,32.724101],[111.672522,32.724176],[111.672429,32.724262],[111.672308,32.724298],[111.672093,32.724286],[111.672072,32.724332],[111.672093,32.725069],[111.671809,32.725135],[111.671817,32.724835],[111.671793,32.724598],[111.671745,32.724465],[111.671683,32.724354],[111.671562,32.724246],[111.671315,32.72416],[111.671273,32.724097],[111.671264,32.723801],[111.671366,32.723118],[111.67135,32.72235],[111.671417,32.722206],[111.671425,32.721849],[111.671348,32.721768],[111.67112,32.721651],[111.670615,32.721504],[111.670422,32.721865],[111.670154,32.722567],[111.670159,32.722666],[111.670253,32.722851],[111.669508,32.722933],[111.669261,32.723003],[111.669247,32.723075],[111.669626,32.724038],[111.669765,32.724262],[111.669824,32.724305],[111.67009,32.724302],[111.670133,32.724352],[111.670159,32.724587],[111.670235,32.724677],[111.670551,32.724684],[111.670653,32.72546],[111.669835,32.725491],[111.669422,32.725467],[111.669371,32.725491],[111.669242,32.725909],[111.669167,32.726399],[111.669159,32.726705],[111.669111,32.726742],[111.668424,32.726782],[111.668196,32.726823],[111.667906,32.726814],[111.667244,32.726604],[111.666796,32.726514],[111.665774,32.726234],[111.665613,32.72622],[111.665457,32.726243],[111.665042,32.726423],[111.664943,32.726335],[111.664878,32.726342],[111.664725,32.72666],[111.66431,32.726906],[111.664004,32.727215],[111.663862,32.727308],[111.663556,32.7274],[111.663363,32.727394],[111.663164,32.727276],[111.663183,32.726931],[111.663143,32.726755],[111.663068,32.72676],[111.663017,32.726854],[111.662899,32.727339],[111.662818,32.727364],[111.662743,32.727306],[111.662714,32.727168],[111.662582,32.72713],[111.662319,32.727317],[111.66218,32.727276],[111.661563,32.726751],[111.661431,32.726685],[111.661166,32.72666],[111.660967,32.72652],[111.660876,32.726502],[111.660847,32.726545],[111.660906,32.726861],[111.660938,32.727364],[111.660866,32.727524],[111.660415,32.727915],[111.660265,32.728145],[111.660461,32.72824],[111.660595,32.728389],[111.66031,32.728759],[111.660045,32.729246],[111.659723,32.730016],[111.659476,32.730932],[111.659519,32.731121],[111.6596,32.731214],[111.659954,32.731272],[111.660007,32.731306],[111.660031,32.731372],[111.65998,32.731554],[111.659707,32.731687],[111.6596,32.731791],[111.659591,32.731879],[111.659629,32.731988],[111.659726,32.732107],[111.660109,32.73236],[111.661037,32.732809],[111.661676,32.733502],[111.661767,32.733747],[111.661678,32.733969],[111.661238,32.734501],[111.660855,32.734806],[111.660579,32.735162],[111.660106,32.73601],[111.660109,32.736322],[111.660192,32.736534],[111.660579,32.737186],[111.660774,32.737344],[111.662284,32.737906],[111.663046,32.738285],[111.663497,32.738562],[111.663797,32.738786],[111.663915,32.738928],[111.664082,32.739013],[111.664551,32.739196],[111.664999,32.739225],[111.665503,32.739198],[111.666085,32.739338],[111.666782,32.739679],[111.667413,32.740166],[111.667713,32.740315],[111.668295,32.74052],[111.668631,32.740622],[111.66896,32.740656],[111.671315,32.74064],[111.672297,32.740877],[111.672646,32.740868],[111.672753,32.740836],[111.673649,32.740464],[111.674218,32.740146],[111.67506,32.740022],[111.67513,32.739905],[111.67513,32.73921],[111.675258,32.738152],[111.675757,32.738194],[111.675636,32.739293],[111.675687,32.73939],[111.676575,32.739404],[111.676645,32.739379],[111.676699,32.739241],[111.676685,32.738185],[111.676345,32.738163],[111.676393,32.737351],[111.675752,32.736899],[111.675183,32.736649],[111.675054,32.736315],[111.674279,32.736283],[111.674242,32.736229],[111.674285,32.735767],[111.674236,32.735487],[111.674185,32.735494],[111.673971,32.735765],[111.673842,32.735801],[111.673469,32.73509],[111.673405,32.734429],[111.673429,32.734354],[111.673794,32.734368],[111.674234,32.734451],[111.674379,32.734539],[111.6744,32.734718],[111.674727,32.735555],[111.674877,32.735699],[111.67551,32.736015],[111.675618,32.736042],[111.675773,32.736017],[111.676025,32.735618],[111.676084,32.735598],[111.676103,32.735521],[111.676063,32.735367],[111.675666,32.734968],[111.675658,32.734862],[111.67587,32.734345],[111.675867,32.734287],[111.675816,32.734251],[111.675704,32.73428],[111.675532,32.734467],[111.67525,32.734463],[111.67447,32.734095],[111.674419,32.734014],[111.67451,32.733382],[111.674483,32.733256],[111.674421,32.733233],[111.673965,32.733174],[111.673909,32.733242],[111.673767,32.733687],[111.673684,32.73372],[111.673491,32.733693],[111.673386,32.733603],[111.673249,32.733594],[111.673236,32.733558],[111.673314,32.732965],[111.673461,32.732477],[111.673574,32.732403],[111.673955,32.732421],[111.674067,32.731845],[111.674124,32.7318],[111.674266,32.731766],[111.674639,32.731784],[111.674969,32.731857],[111.675379,32.732091],[111.67565,32.731715],[111.675706,32.731475],[111.675535,32.731369],[111.675376,32.7312],[111.67502,32.731015],[111.674974,32.730938],[111.674944,32.730729],[111.674832,32.730656],[111.674346,32.730532],[111.67432,32.730061],[111.675207,32.730013],[111.675516,32.730025],[111.675685,32.730097],[111.676492,32.729783],[111.675757,32.728571],[111.675738,32.728425],[111.67587,32.728271],[111.676009,32.728235],[111.67624,32.728393],[111.676527,32.728515],[111.677093,32.728732],[111.677482,32.72882],[111.677721,32.728912],[111.677742,32.7294],[111.677812,32.729271],[111.678638,32.72933],[111.678753,32.728835],[111.67885,32.728684],[111.678941,32.728644],[111.679204,32.728668],[111.679333,32.728716],[111.6794,32.728811],[111.679378,32.729181],[111.67948,32.729219],[111.679536,32.729178],[111.679641,32.727924],[111.679671,32.727867],[111.679705,32.72782],[111.679783,32.727795],[111.680153,32.727989],[111.680196,32.728082],[111.680204,32.728407],[111.680118,32.729379],[111.679609,32.729379],[111.679504,32.729409],[111.679351,32.729754],[111.679217,32.730435],[111.679306,32.730451],[111.679561,32.730304],[111.679797,32.730228],[111.68022,32.73016],[111.680285,32.730076],[111.680338,32.729819],[111.680363,32.729321],[111.680698,32.729266],[111.680757,32.729156],[111.680776,32.72796],[111.68084,32.72784],[111.681089,32.727861],[111.681368,32.727834],[111.682814,32.727376],[111.683131,32.727387],[111.683697,32.727549],[111.684128,32.727552],[111.684203,32.727518],[111.684174,32.727825],[111.684287,32.728459],[111.684262,32.728533],[111.684131,32.728565],[111.684123,32.728682],[111.684193,32.728926],[111.684238,32.72896],[111.684354,32.728957],[111.6847,32.728858],[111.684995,32.728833],[111.685169,32.728885],[111.685531,32.730146],[111.685641,32.730205],[111.686092,32.730261],[111.686258,32.730334],[111.686336,32.729937],[111.686435,32.729851],[111.687226,32.729982],[111.687556,32.730076],[111.687787,32.730182],[111.687854,32.730234],[111.687878,32.730302],[111.688044,32.730325],[111.687988,32.731013],[111.687961,32.731067],[111.687798,32.731275],[111.687698,32.731342],[111.687583,32.731399],[111.687385,32.731322],[111.687288,32.731408],[111.687199,32.731721],[111.686918,32.732369],[111.686711,32.733172],[111.686524,32.733693],[111.686467,32.733944],[111.686813,32.734045],[111.687776,32.734474],[111.688146,32.734709],[111.687012,32.734803],[111.686851,32.734862],[111.686749,32.735004],[111.686513,32.735654],[111.686443,32.735677],[111.686127,32.73557],[111.685553,32.735309],[111.685512,32.735248],[111.685531,32.734973],[111.685507,32.734821],[111.685166,32.734695],[111.684681,32.734539],[111.684174,32.734436],[111.684045,32.734436],[111.683941,32.734497],[111.683836,32.734695],[111.683538,32.734691],[111.683514,32.734632],[111.683729,32.733714],[111.683321,32.733732],[111.68242,32.733445],[111.682299,32.733438],[111.682186,32.733488],[111.681942,32.734014],[111.682034,32.734154],[111.682184,32.734266],[111.682455,32.734388],[111.682506,32.734469],[111.682326,32.734889],[111.68235,32.735031],[111.682425,32.735176],[111.682412,32.735363],[111.682101,32.73588],[111.681848,32.735819],[111.681575,32.735816],[111.681256,32.735762],[111.680384,32.735555],[111.680274,32.735575],[111.680212,32.735622],[111.680067,32.735947],[111.679901,32.736119],[111.67955,32.736274],[111.679384,32.736295],[111.678895,32.73615],[111.678321,32.735853],[111.678305,32.735749],[111.678335,32.735492],[111.678386,32.735329],[111.67837,32.735239],[111.678305,32.73514],[111.678303,32.735002],[111.678434,32.734571],[111.678388,32.734501],[111.678096,32.73437],[111.677999,32.734713],[111.677686,32.735512],[111.677627,32.73585],[111.67734,32.736353],[111.677369,32.736444],[111.677573,32.736602],[111.677624,32.736681],[111.67724,32.737574],[111.677144,32.737671],[111.677077,32.737987],[111.677141,32.73814],[111.677426,32.738384],[111.677455,32.738483],[111.677458,32.738928],[111.67742,32.73904],[111.677206,32.739031],[111.677141,32.739074],[111.677104,32.739149],[111.677096,32.739386],[111.677184,32.739429],[111.677294,32.739602],[111.677436,32.73965],[111.678995,32.739465],[111.67911,32.739406],[111.679161,32.739363],[111.67918,32.739282],[111.678968,32.738167],[111.678981,32.738014],[111.681924,32.737813],[111.682066,32.737236],[111.682229,32.736737],[111.682299,32.736644],[111.682484,32.736579],[111.682693,32.736561],[111.68287,32.736841],[111.683077,32.737014],[111.683404,32.737082],[111.68357,32.737064],[111.683541,32.736581],[111.68404,32.736624],[111.68459,32.736746],[111.684641,32.736823],[111.684633,32.737811],[111.684812,32.737827],[111.684818,32.737648],[111.685164,32.737524],[111.685389,32.737504],[111.685534,32.73752],[111.68599,32.737696],[111.686322,32.737766],[111.686328,32.738],[111.686443,32.738334],[111.686446,32.738555],[111.686381,32.739092],[111.686325,32.739131],[111.68577,32.738549],[111.685174,32.738397],[111.684995,32.738397],[111.684389,32.738966],[111.684252,32.739013],[111.684048,32.739018],[111.683874,32.738939],[111.683729,32.738774],[111.68367,32.738452],[111.683595,32.738337],[111.683426,32.738278],[111.683037,32.73851],[111.682734,32.738632],[111.682398,32.738641],[111.682149,32.738702],[111.682082,32.738749],[111.682245,32.739415],[111.682304,32.739526],[111.682396,32.739526],[111.682549,32.739228],[111.682613,32.739221],[111.682895,32.739347],[111.683026,32.739442],[111.683064,32.739512],[111.682739,32.740139],[111.68246,32.740543],[111.682283,32.741394],[111.682009,32.741664],[111.681948,32.741865],[111.681891,32.742652],[111.681859,32.742752],[111.681832,32.742779],[111.681465,32.742777],[111.681438,32.742817],[111.681374,32.742977],[111.681266,32.743801],[111.681347,32.743875],[111.681972,32.743968],[111.683047,32.74402],[111.682978,32.744651],[111.683144,32.744769],[111.683324,32.744805],[111.683359,32.744899],[111.683348,32.745481],[111.683297,32.745781],[111.683479,32.745863],[111.683498,32.745723],[111.683565,32.745615],[111.6836,32.744906],[111.683637,32.744848],[111.683678,32.744793],[111.683774,32.74476],[111.684228,32.74478],[111.684268,32.744836],[111.684335,32.745339],[111.68438,32.745946],[111.684367,32.746197],[111.684461,32.746321],[111.684673,32.746456],[111.684842,32.746519],[111.684839,32.746758],[111.684812,32.747207],[111.684764,32.747304],[111.684705,32.747329],[111.684488,32.747318],[111.684177,32.747216],[111.683629,32.746961],[111.683546,32.747006],[111.68327,32.747512],[111.683187,32.747537],[111.683093,32.74751],[111.68276,32.747302],[111.682613,32.74734],[111.681765,32.748279],[111.681811,32.74834],[111.681996,32.748414],[111.682146,32.748534],[111.682538,32.749059],[111.682854,32.749314],[111.683198,32.749486],[111.683839,32.749666],[111.684461,32.749716],[111.684619,32.749783],[111.684611,32.749862],[111.684407,32.75007],[111.68422,32.750149],[111.684032,32.750458],[111.684013,32.75065],[111.684211,32.750792],[111.683876,32.751254],[111.683619,32.751523],[111.68342,32.751658],[111.683039,32.752199],[111.682919,32.752421],[111.682895,32.752499],[111.682932,32.752569],[111.683144,32.752698],[111.683219,32.752696],[111.6836,32.752107],[111.68382,32.751908],[111.68401,32.751999],[111.68415,32.752143],[111.68448,32.752384],[111.684552,32.752479],[111.684726,32.752321],[111.685083,32.751775],[111.685169,32.75169],[111.685303,32.75159],[111.685402,32.751656],[111.685687,32.752051],[111.686207,32.752393],[111.685799,32.752784],[111.685129,32.753691],[111.68503,32.753909],[111.685561,32.754254],[111.685703,32.754408],[111.68647,32.754834],[111.686813,32.75499],[111.687165,32.754496],[111.687371,32.754291],[111.687854,32.754439],[111.688404,32.754665],[111.688042,32.755048],[111.687792,32.755382],[111.687543,32.755414],[111.687468,32.755567],[111.68728,32.755815],[111.68691,32.756596],[111.687264,32.756808],[111.687765,32.756936],[111.687985,32.757027],[111.688618,32.757374],[111.688653,32.75718],[111.688779,32.757022],[111.689039,32.756397],[111.68927,32.756021],[111.690064,32.756806],[111.690273,32.757079],[111.69059,32.757331],[111.691175,32.757198],[111.691306,32.757203],[111.691735,32.757462],[111.691904,32.757455],[111.692191,32.757142],[111.692199,32.757121],[111.691934,32.756984],[111.691392,32.756621],[111.691247,32.756598],[111.691561,32.755971],[111.691555,32.755615],[111.69159,32.755445],[111.691899,32.755096],[111.691899,32.754981],[111.691732,32.754798],[111.691834,32.754566],[111.691982,32.75441],[111.691974,32.754369],[111.691912,32.754329],[111.692585,32.752019],[111.692612,32.751672],[111.693031,32.75187],[111.693803,32.751895],[111.694774,32.751841],[111.695359,32.751766],[111.695606,32.751789],[111.695962,32.751737],[111.69648,32.751773],[111.696635,32.751802],[111.697,32.752346],[111.697081,32.752296],[111.697378,32.752384],[111.697633,32.752502],[111.698256,32.752574],[111.698264,32.752247],[111.698374,32.751866],[111.698366,32.751563],[111.698309,32.751437],[111.698202,32.751354],[111.697885,32.751313],[111.697805,32.751223],[111.697864,32.750819],[111.698084,32.750072],[111.698293,32.749598],[111.698679,32.748913],[111.698631,32.748854],[111.698164,32.748651],[111.698221,32.748457],[111.698593,32.748295],[111.699007,32.747929],[111.699159,32.747726],[111.699248,32.747505],[111.699342,32.747478],[111.700163,32.747607],[111.700653,32.747649],[111.700777,32.747631],[111.700989,32.747546],[111.701319,32.747248],[111.701378,32.747153],[111.701466,32.74679],[111.701584,32.746632],[111.702021,32.746386],[111.702751,32.746449],[111.703376,32.746282],[111.703867,32.74619],[111.704315,32.745897],[111.704274,32.745181],[111.704661,32.744949],[111.704848,32.745001],[111.704913,32.745109],[111.704991,32.745342],[111.705028,32.74577],[111.705076,32.745906],[111.705304,32.745822],[111.70542,32.745966],[111.706047,32.746255],[111.706211,32.746201],[111.706318,32.746102],[111.706361,32.745951],[111.706584,32.745768],[111.706696,32.745718],[111.706713,32.745637],[111.706831,32.745567],[111.707016,32.745364],[111.707056,32.745245],[111.707032,32.744811],[111.706911,32.744575],[111.706895,32.744317],[111.706922,32.744225],[111.707195,32.74406],[111.707378,32.743993],[111.707456,32.743875],[111.70749,32.743304],[111.708054,32.743347],[111.708153,32.743332],[111.708172,32.743295],[111.708177,32.743207],[111.708099,32.743135],[111.707761,32.743052],[111.70748,32.742673],[111.707831,32.742528],[111.707944,32.742445],[111.708021,32.742158],[111.707976,32.741987],[111.708003,32.741874],[111.708169,32.741479],[111.708426,32.741242],[111.708483,32.741209],[111.70932,32.741721],[111.709515,32.741409],[111.7098,32.741436],[111.710004,32.741549],[111.71013,32.741563],[111.7105,32.741524],[111.710913,32.741389],[111.711868,32.740987],[111.712069,32.740918],[111.712222,32.740922],[111.712396,32.740818],[111.712635,32.740746],[111.712678,32.740705],[111.712683,32.740617],[111.712989,32.740471],[111.712933,32.739898],[111.712611,32.739262],[111.712627,32.739212],[111.712729,32.739183],[111.713144,32.739212],[111.713466,32.739302],[111.713826,32.739334],[111.714003,32.739248],[111.714038,32.739185],[111.713912,32.738894],[111.71393,32.738806],[111.714319,32.738725],[111.714459,32.738623],[111.714778,32.738134],[111.715129,32.7378],[111.715266,32.737741],[111.715322,32.737748],[111.715411,32.737915],[111.715465,32.737912],[111.715524,32.737847],[111.715577,32.737836],[111.715658,32.737962],[111.715719,32.738285],[111.715819,32.738319],[111.716119,32.738309],[111.716183,32.738287],[111.716242,32.738163],[111.716283,32.738161],[111.716395,32.738258],[111.716516,32.738289],[111.716698,32.738113],[111.717221,32.737917],[111.717667,32.737996],[111.718133,32.738154],[111.718431,32.7381],[111.718691,32.737921],[111.719196,32.738077],[111.719598,32.738075],[111.719662,32.737969],[111.719633,32.737867],[111.719657,32.737716],[111.719721,32.737689],[111.719939,32.737689],[111.719981,32.737657],[111.720006,32.737592],[111.719963,32.737247],[111.720185,32.737046],[111.720502,32.736884],[111.720553,32.736825],[111.72058,32.736705],[111.720333,32.736168],[111.720338,32.73613],[111.720494,32.736019],[111.720553,32.735938],[111.720091,32.735591],[111.719909,32.735395],[111.719796,32.7352],[111.719952,32.73516],[111.720276,32.734894],[111.720462,32.734817],[111.720773,32.734246],[111.720837,32.734061],[111.720842,32.733932],[111.72121,32.733939],[111.721703,32.734257],[111.721907,32.734449],[111.722476,32.735295],[111.722669,32.735203],[111.722905,32.734986],[111.723887,32.734621],[111.724066,32.734515],[111.724171,32.734415],[111.724037,32.734174],[111.72405,32.733932],[111.724115,32.733863],[111.724834,32.733506],[111.72518,32.733289],[111.726089,32.732804],[111.726153,32.732649],[111.726092,32.732412],[111.72655,32.732403],[111.72717,32.732342],[111.727341,32.732227],[111.727467,32.732033],[111.727988,32.731906],[111.728355,32.731692],[111.728685,32.731586],[111.728862,32.731554],[111.729235,32.731728],[111.729407,32.73176],[111.729514,32.731739],[111.730002,32.731527],[111.730549,32.731338],[111.731115,32.731022],[111.7313,32.731042],[111.731384,32.731011],[111.7314,32.730859],[111.731298,32.73041],[111.731837,32.730173],[111.732041,32.729873],[111.732481,32.729641],[111.733207,32.72893],[111.733272,32.728808],[111.733572,32.728639],[111.734093,32.728468],[111.734025,32.728159],[111.734162,32.728172],[111.73442,32.728116],[111.734911,32.728156],[111.73549,32.72814],[111.73579,32.728163],[111.735914,32.728005],[111.736144,32.727953],[111.736136,32.727919],[111.736005,32.72791],[111.735281,32.727953],[111.735117,32.72791],[111.735096,32.727852],[111.735136,32.726809],[111.735203,32.726751],[111.735401,32.72671],[111.736131,32.726807],[111.736155,32.726708],[111.736134,32.725778],[111.736273,32.725807],[111.736716,32.725787],[111.737284,32.725866],[111.737547,32.725861],[111.737445,32.725309],[111.737598,32.725295],[111.738406,32.725392],[111.738403,32.725627],[111.738462,32.725857],[111.739065,32.725875],[111.739221,32.725911],[111.739253,32.726022],[111.739001,32.726371],[111.738929,32.726766],[111.739226,32.726807],[111.739304,32.726888],[111.739545,32.726945],[111.740216,32.72699],[111.740551,32.727051],[111.740476,32.727728],[111.741187,32.72791],[111.741611,32.728075],[111.741839,32.72808],[111.742201,32.728156],[111.743435,32.728531],[111.74355,32.728517],[111.743588,32.728298],[111.743617,32.728283],[111.743773,32.728409],[111.744019,32.728957],[111.744027,32.728901],[111.744068,32.728883],[111.744365,32.728928],[111.744792,32.728942],[111.745639,32.728745],[111.746404,32.728495],[111.746616,32.728517],[111.746876,32.728608],[111.746919,32.728763],[111.746428,32.728969],[111.746404,32.729339],[111.746262,32.729492],[111.746213,32.72993],[111.746179,32.72997],[111.745926,32.730092],[111.744754,32.730286],[111.744636,32.730356],[111.744741,32.730521],[111.74488,32.730598],[111.745532,32.730776],[111.745674,32.730866],[111.746066,32.730981],[111.746173,32.73104],[111.746243,32.731112],[111.746407,32.731444],[111.746578,32.731557],[111.746589,32.731687],[111.74675,32.732003],[111.747203,32.732021],[111.7473,32.73208],[111.74749,32.732346],[111.747632,32.732484],[111.74811,32.732664],[111.748169,32.732658],[111.74823,32.732606],[111.748295,32.732441],[111.748558,32.731694],[111.748727,32.731094],[111.748732,32.730726],[111.748332,32.729761],[111.748268,32.729476],[111.748271,32.729411],[111.748332,32.729316],[111.74845,32.729228],[111.748576,32.729187],[111.748855,32.729219],[111.749113,32.729289],[111.749228,32.729433],[111.749309,32.729648],[111.749298,32.729774],[111.749137,32.729977],[111.749185,32.730099],[111.749274,32.730212],[111.749386,32.73028],[111.749478,32.730307],[111.749786,32.730295],[111.749931,32.730246],[111.750301,32.730025],[111.750703,32.729718],[111.750929,32.729618],[111.751387,32.729235],[111.751497,32.729081],[111.751513,32.728989],[111.751438,32.728745],[111.751275,32.728371],[111.75164,32.728323],[111.751666,32.728285],[111.751377,32.728007],[111.751039,32.727825],[111.751087,32.727678],[111.751117,32.727394],[111.751114,32.727019],[111.751224,32.726031],[111.753847,32.726116],[111.75375,32.727136],[111.753761,32.727576],[111.753997,32.727513],[111.754062,32.727443],[111.754193,32.726496],[111.754314,32.726058],[111.754453,32.726008],[111.75455,32.726031],[111.75429,32.727441],[111.754459,32.727427],[111.754896,32.727644],[111.755714,32.727581],[111.755944,32.727703],[111.7561,32.727856],[111.756221,32.72789],[111.756932,32.727901],[111.757648,32.727793],[111.757677,32.727809],[111.757624,32.728007],[111.757642,32.728118],[111.758409,32.728459],[111.75867,32.728524],[111.758745,32.728269],[111.758745,32.72801],[111.758997,32.728235],[111.759099,32.728251],[111.759332,32.727974],[111.759278,32.728522],[111.759662,32.728641],[111.759847,32.728655],[111.760043,32.728614],[111.760483,32.728382],[111.761642,32.728928],[111.76225,32.729271],[111.76273,32.729623],[111.763146,32.72981],[111.762913,32.73021],[111.763068,32.73051],[111.76316,32.73051],[111.763219,32.730458],[111.763291,32.730295],[111.763471,32.730198],[111.76405,32.730081],[111.764297,32.730092],[111.764833,32.730185],[111.765144,32.730302],[111.76511,32.73041],[111.764892,32.730776],[111.764857,32.731178],[111.764895,32.731322],[111.764962,32.731451],[111.765088,32.731554],[111.765244,32.731649],[111.765413,32.731663],[111.765684,32.731782],[111.765861,32.73194],[111.766756,32.731735],[111.766829,32.731674],[111.766614,32.731096],[111.766555,32.730805],[111.766577,32.73039],[111.766738,32.729794],[111.767078,32.729946],[111.767451,32.73016],[111.767711,32.730404],[111.768462,32.730794],[111.76887,32.731044],[111.768961,32.730968],[111.769168,32.730591],[111.76928,32.730458],[111.769562,32.730616],[111.770184,32.731094],[111.771279,32.73183],[111.771633,32.731886],[111.771686,32.731877],[111.77178,32.731784],[111.771823,32.731787],[111.771877,32.731938],[111.772019,32.731922],[111.772193,32.731852],[111.772255,32.732021],[111.772346,32.732058],[111.772829,32.731956],[111.772762,32.731568],[111.772512,32.730828],[111.772488,32.73048],[111.773226,32.730446],[111.77328,32.730519],[111.773341,32.730798],[111.774642,32.730604],[111.775165,32.730336],[111.775675,32.729934],[111.776262,32.729219],[111.776372,32.729133],[111.776555,32.729095],[111.776603,32.728847],[111.777437,32.728872],[111.777665,32.728921],[111.777681,32.729025],[111.777617,32.729305],[111.777606,32.72958],[111.77811,32.729609],[111.778529,32.729682],[111.778682,32.72967],[111.778974,32.729481],[111.779084,32.729467],[111.779148,32.729524],[111.779376,32.729903],[111.779459,32.729905],[111.77954,32.729806],[111.779824,32.728894],[111.779945,32.728644],[111.780159,32.72865],[111.780835,32.728883],[111.781637,32.729366],[111.782107,32.729431],[111.782185,32.729594],[111.782378,32.729551],[111.782498,32.729564],[111.782582,32.729618],[111.782638,32.729706],[111.782705,32.72997],[111.782568,32.730169],[111.782522,32.730304],[111.782509,32.730805],[111.782544,32.730868],[111.782616,32.730909],[111.783035,32.730974],[111.783107,32.731029],[111.783054,32.731218],[111.783054,32.731295],[111.783102,32.731342],[111.783496,32.731428],[111.784137,32.73169],[111.784529,32.731144],[111.785701,32.731065],[111.785328,32.730158],[111.785114,32.729853],[111.785296,32.729815],[111.785736,32.729585],[111.785784,32.729111],[111.785881,32.728982],[111.786066,32.72907],[111.786125,32.729151],[111.78613,32.729334],[111.786213,32.729603],[111.786412,32.729652],[111.786355,32.729826],[111.786358,32.729907],[111.786409,32.729955],[111.786519,32.729957],[111.786608,32.729853],[111.786819,32.729573],[111.78697,32.729296],[111.787619,32.729154],[111.787943,32.729149],[111.788203,32.729183],[111.788834,32.729377],[111.788989,32.729395],[111.789217,32.729393],[111.789421,32.729352],[111.789477,32.729045],[111.789504,32.72863],[111.789271,32.728014],[111.789271,32.727955],[111.789359,32.727788],[111.789781,32.727348],[111.790159,32.727098],[111.790328,32.726929],[111.790572,32.72692],[111.790735,32.726861],[111.791071,32.726602],[111.791132,32.726462],[111.791457,32.726423],[111.791865,32.726527],[111.791945,32.726588],[111.792114,32.726859],[111.792538,32.727227],[111.792645,32.727543],[111.792999,32.727511],[111.793267,32.727599],[111.793316,32.727734],[111.793348,32.728278],[111.793705,32.72821],[111.793785,32.728215],[111.793812,32.728283],[111.794013,32.72916],[111.793992,32.729203],[111.793554,32.729242],[111.793616,32.729436],[111.793646,32.729907],[111.793613,32.730372],[111.793568,32.730419],[111.793418,32.730435],[111.792626,32.730419],[111.792425,32.730465],[111.792624,32.730884],[111.792701,32.73122],[111.792897,32.731782],[111.793007,32.731965],[111.793115,32.732026],[111.793141,32.732112],[111.793037,32.732335],[111.79305,32.732371],[111.793257,32.73236],[111.793402,32.732624],[111.794311,32.732619],[111.794252,32.732229],[111.794236,32.731805],[111.794169,32.731446],[111.794246,32.730871],[111.794271,32.730808],[111.794627,32.730641],[111.794732,32.73055],[111.794807,32.730413],[111.794847,32.730133],[111.794627,32.729221],[111.79437,32.729196],[111.794182,32.729133],[111.794088,32.729023],[111.793978,32.728723],[111.793892,32.728222],[111.794185,32.728129],[111.794405,32.728104],[111.794815,32.727971],[111.795526,32.727901],[111.796027,32.727919],[111.796274,32.728208],[111.796427,32.72856],[111.796553,32.728984],[111.796564,32.729124],[111.796121,32.729964],[111.796011,32.730327],[111.795976,32.730559],[111.795966,32.730889],[111.796046,32.731067],[111.796266,32.731349],[111.796591,32.731153],[111.797285,32.731092],[111.797741,32.731013],[111.798012,32.730932],[111.798125,32.730875],[111.798162,32.730821],[111.798085,32.730713],[111.797934,32.73062],[111.797444,32.730512],[111.797366,32.73046],[111.798696,32.730318],[111.798871,32.730243],[111.799066,32.730101],[111.799361,32.730115],[111.79953,32.730182],[111.799691,32.73062],[111.800059,32.731277],[111.80085,32.732543],[111.801016,32.732696],[111.801724,32.733032],[111.801944,32.733231],[111.802146,32.733558],[111.802285,32.734045],[111.802365,32.734528],[111.802384,32.735133],[111.802435,32.735422],[111.802663,32.73583],[111.802816,32.735959],[111.802937,32.73601],[111.803229,32.73604],[111.80398,32.735999],[111.804444,32.735925],[111.804678,32.735794],[111.805061,32.735686],[111.805589,32.735401],[111.806145,32.735931],[111.806241,32.735981],[111.806434,32.736015],[111.806652,32.735999],[111.807019,32.735744],[111.807373,32.735401],[111.80747,32.735656],[111.808591,32.735688],[111.808559,32.736013],[111.808588,32.736421],[111.808521,32.736866],[111.808583,32.737021],[111.808698,32.737087],[111.809009,32.7371],[111.80972,32.73706],[111.809865,32.737134],[111.810133,32.736843],[111.810029,32.736351],[111.810031,32.736051],[111.810144,32.735916],[111.810554,32.735704],[111.810814,32.735719],[111.811185,32.735807],[111.811598,32.735972],[111.812011,32.735995],[111.812263,32.735941],[111.81277,32.73592],[111.813725,32.735674],[111.813912,32.735584],[111.814237,32.735577],[111.814714,32.735778],[111.81509,32.736015],[111.815176,32.736089],[111.815304,32.736324],[111.815487,32.736547],[111.815833,32.736908],[111.815991,32.737017],[111.816203,32.737107],[111.816522,32.737163],[111.816938,32.737321],[111.817659,32.737533],[111.81785,32.737529],[111.818067,32.737475],[111.818201,32.737371],[111.818528,32.737249],[111.818947,32.736938],[111.819196,32.736692],[111.81976,32.736365],[111.820288,32.736277],[111.820339,32.736114],[111.820664,32.735803],[111.8226,32.735329],[111.822938,32.735293],[111.823646,32.735498],[111.823984,32.735749],[111.824451,32.736028],[111.824754,32.736126],[111.825272,32.736119],[111.825733,32.736022],[111.826631,32.735677],[111.827248,32.735383],[111.827844,32.734997],[111.828573,32.734442],[111.828962,32.734075],[111.829252,32.733709],[111.829542,32.733423],[111.830357,32.732432],[111.830883,32.731647],[111.831414,32.730956],[111.831792,32.730255],[111.832283,32.729219],[111.832505,32.72845],[111.832583,32.727728],[111.832707,32.727231],[111.832809,32.726947],[111.832964,32.726701],[111.833608,32.726315],[111.835536,32.725489],[111.835966,32.725004],[111.836261,32.724453],[111.836703,32.723474],[111.837049,32.722398],[111.83717,32.722134],[111.837738,32.721515],[111.838385,32.720963],[111.839257,32.720459],[111.83978,32.720297],[111.840209,32.720283],[111.840587,32.720344],[111.840844,32.720527],[111.841236,32.72108],[111.841579,32.721443],[111.842325,32.721773],[111.843173,32.721599],[111.843672,32.721328],[111.843977,32.721071],[111.844522,32.720259],[111.845061,32.719661],[111.845611,32.719119],[111.845847,32.718934],[111.845984,32.718656],[111.846254,32.717598],[111.846541,32.717077],[111.847011,32.716689],[111.848089,32.715908],[111.848419,32.715867],[111.848719,32.716043],[111.849355,32.716497],[111.849489,32.71707],[111.849926,32.717246],[111.850817,32.717483],[111.852633,32.717607],[111.853094,32.717505],[111.853647,32.717169],[111.854266,32.716625],[111.854776,32.715919],[111.855908,32.714524],[111.856264,32.713933],[111.856522,32.713703],[111.856922,32.713608],[111.857418,32.713633],[111.857788,32.713346],[111.858027,32.712949],[111.858273,32.712789],[111.859239,32.712362],[111.859558,32.712177],[111.85995,32.711904],[111.860403,32.71153],[111.860607,32.711205],[111.860634,32.710805],[111.860744,32.710176],[111.861087,32.710011],[111.861377,32.709959],[111.861674,32.710024],[111.86208,32.710584],[111.862273,32.710792],[111.862613,32.711029],[111.863541,32.71115],[111.863911,32.711141],[111.864426,32.711329],[111.86492,32.711381],[111.865333,32.711275],[111.865679,32.711051],[111.86599,32.710609],[111.866285,32.710047],[111.866347,32.709514],[111.866371,32.708873],[111.866519,32.708359],[111.867575,32.707546],[111.867747,32.707066],[111.867573,32.706429],[111.867382,32.706179],[111.867025,32.705804],[111.866111,32.704958],[111.865907,32.704707],[111.865813,32.704346],[111.866618,32.702477],[111.866693,32.701994],[111.866717,32.701051],[111.86687,32.699884],[111.867774,32.698437],[111.868954,32.696694],[111.870472,32.695401],[111.87084,32.695126],[111.871644,32.693848],[111.872618,32.692715],[111.873237,32.692044],[111.873975,32.691494],[111.874066,32.691058],[111.873989,32.69062],[111.873755,32.690234],[111.872859,32.689489],[111.871617,32.688722],[111.870319,32.687737],[111.868933,32.686825],[111.868471,32.686561],[111.868069,32.68625],[111.867836,32.685936],[111.867688,32.6855],[111.86768,32.684748],[111.867047,32.684437],[111.866814,32.684148],[111.866752,32.683518],[111.866744,32.682647],[111.866304,32.681825],[111.865987,32.681536],[111.863737,32.680145],[111.861728,32.679917],[111.861135,32.679922],[111.860923,32.679558],[111.859979,32.676874],[111.85763,32.676842],[111.857386,32.675438],[111.856785,32.67549],[111.855642,32.675838],[111.851667,32.676833],[111.851439,32.677052],[111.851152,32.677104],[111.850036,32.677086],[111.849693,32.677138],[111.849234,32.677335],[111.847866,32.678265],[111.847268,32.678475],[111.847038,32.678271],[111.847081,32.67689],[111.847349,32.674851],[111.847258,32.674293],[111.847016,32.674011],[111.846533,32.673302],[111.84597,32.672282],[111.845721,32.672072],[111.845224,32.671977],[111.844862,32.671616],[111.844723,32.671239],[111.844452,32.669864],[111.844398,32.668906],[111.844417,32.667766],[111.846654,32.667969],[111.847193,32.667434],[111.847907,32.666833],[111.848116,32.666556],[111.84825,32.666097],[111.848132,32.665501],[111.8477,32.663792],[111.847357,32.662742],[111.846976,32.662828],[111.845943,32.662789],[111.845825,32.6618],[111.843806,32.662037],[111.84148,32.662148],[111.840338,32.662074],[111.839997,32.662141],[111.839758,32.66255],[111.83968,32.662855],[111.839726,32.66334],[111.83968,32.664194],[111.83754,32.664307],[111.836902,32.664169],[111.835314,32.66404],[111.835405,32.664438],[111.833385,32.664476],[111.83316,32.66605],[111.832291,32.665964],[111.830979,32.665752],[111.83062,32.665585],[111.829834,32.665307],[111.829019,32.665065],[111.828359,32.664944],[111.824826,32.664679],[111.824998,32.665982],[111.821669,32.666147],[111.821184,32.666095],[111.821095,32.665824],[111.82105,32.665445],[111.820618,32.665185],[111.819727,32.664571],[111.818528,32.663191],[111.818359,32.662828],[111.817796,32.662433],[111.818035,32.661085],[111.818193,32.660685],[111.817871,32.660615],[111.814342,32.66059],[111.814379,32.661633],[111.813845,32.661604],[111.813958,32.662311],[111.81403,32.663092],[111.81403,32.663885],[111.812488,32.663623],[111.811332,32.66327],[111.811163,32.663964],[111.809559,32.664232],[111.810163,32.666477],[111.808631,32.666727],[111.808325,32.667574],[111.808194,32.668676],[111.808054,32.669107],[111.807775,32.669371],[111.806987,32.66971],[111.806593,32.669737],[111.806365,32.669525],[111.806217,32.669046],[111.806155,32.668353],[111.805914,32.668186],[111.805375,32.668172],[111.805182,32.668516],[111.80486,32.668857],[111.804297,32.669137],[111.803717,32.66927],[111.803237,32.669487],[111.803154,32.670017],[111.803272,32.670701],[111.803028,32.67113],[111.802658,32.671175],[111.802403,32.671342],[111.802357,32.671735],[111.802551,32.6726],[111.802626,32.673106],[111.801665,32.673196],[111.800574,32.67314],[111.800407,32.671582],[111.800209,32.670469],[111.799925,32.670168],[111.79934,32.670092],[111.799233,32.670539],[111.799163,32.671239],[111.797811,32.671437],[111.797508,32.67144],[111.797318,32.670932],[111.797159,32.670168],[111.797186,32.669087],[111.796891,32.665526],[111.792519,32.665054],[111.792267,32.663383],[111.791081,32.662767],[111.788415,32.661685],[111.786854,32.660786],[111.785969,32.660371],[111.785696,32.660723],[111.785521,32.66131],[111.78546,32.661672],[111.783936,32.66169],[111.784041,32.66311],[111.779575,32.663115],[111.778896,32.663017],[111.777657,32.663026],[111.77568,32.662988],[111.773701,32.66285],[111.772386,32.662821],[111.771802,32.662238],[111.771445,32.662279],[111.770305,32.662975],[111.769353,32.663419],[111.768315,32.663853],[111.767424,32.664119],[111.766486,32.664298],[111.763739,32.664384],[111.763031,32.664515],[111.762309,32.664842],[111.760791,32.664826],[111.75949,32.664609],[111.759316,32.663051],[111.757666,32.6618],[111.757272,32.661703],[111.755413,32.661807],[111.753761,32.66227],[111.753117,32.662507],[111.75209,32.662762],[111.750575,32.663726],[111.749494,32.664295],[111.748397,32.664697],[111.743995,32.665508],[111.743225,32.665639],[111.742681,32.66568],[111.742319,32.66521],[111.741549,32.664381],[111.741144,32.664183],[111.740825,32.664113],[111.738971,32.664612],[111.737764,32.664833],[111.736517,32.664851],[111.735962,32.664957],[111.733293,32.666176],[111.732357,32.666355],[111.731767,32.66635],[111.730957,32.666066],[111.730445,32.665944],[111.729879,32.665946],[111.729396,32.666009],[111.72864,32.66624],[111.72718,32.666863],[111.726926,32.667021],[111.726328,32.667217],[111.724667,32.667445],[111.723849,32.667644],[111.723431,32.667798],[111.722991,32.667854],[111.722334,32.667859],[111.721475,32.667748],[111.72114,32.667771],[111.720443,32.66794],[111.719753,32.668242],[111.718973,32.668796],[111.71786,32.668832],[111.716527,32.668353],[111.716092,32.668082],[111.715837,32.667626],[111.715577,32.666818],[111.714424,32.664995],[111.713869,32.66404],[111.713067,32.662956],[111.712367,32.6619],[111.710771,32.659147],[111.710618,32.658835],[111.711127,32.658675],[111.713394,32.658612],[111.713764,32.658368],[111.71356,32.65786],[111.713499,32.657252],[111.713552,32.65679],[111.713775,32.656144],[111.7144,32.655103],[111.714606,32.654888],[111.715376,32.653129],[111.715674,32.652359],[111.715701,32.651918],[111.715414,32.651596],[111.71506,32.651376],[111.713979,32.650439],[111.713668,32.650044],[111.713525,32.649773],[111.713523,32.649482],[111.713576,32.649093],[111.713973,32.648337],[111.714714,32.647605],[111.715339,32.646751],[111.715706,32.645972],[111.715786,32.645243],[111.715722,32.644491],[111.715588,32.643849],[111.714899,32.643718],[111.713941,32.644138],[111.712705,32.64461],[111.711017,32.644879],[111.710489,32.645046],[111.709405,32.645518],[111.709081,32.645516],[111.709025,32.645231],[111.709102,32.64424],[111.709499,32.642573],[111.709588,32.641977],[111.709593,32.641286],[111.709279,32.640321]]]}},{"type":"Feature","properties":{"regionCode":"411326106","sourceCode":"411326106000","name":"盛湾镇","sourceName":"盛湾镇","parentCode":"411326","parentName":"淅川县","regionLevel":"township","regionType":"town","isManagementZone":false,"source":"ruiduobao","sourceVersion":"mixed-legacy~2018-2020","geometryRepaired":false,"match2020":true,"match2023":true},"geometry":{"type":"Polygon","coordinates":[[[111.403398,32.814798],[111.403175,32.814965],[111.403084,32.815213],[111.403044,32.815488],[111.402955,32.815702],[111.402864,32.816187],[111.402794,32.816358],[111.402529,32.816565],[111.402279,32.816669],[111.401984,32.816721],[111.401662,32.816687],[111.40141,32.816746],[111.400616,32.816622],[111.400273,32.816674],[111.399892,32.816412],[111.399801,32.816392],[111.399441,32.816435],[111.399254,32.816419],[111.399087,32.816383],[111.398779,32.816214],[111.398811,32.816701],[111.398693,32.817097],[111.398098,32.817895],[111.397974,32.817898],[111.397762,32.817846],[111.39721,32.817629],[111.396547,32.817474],[111.395914,32.817426],[111.395364,32.817499],[111.39522,32.817433],[111.395072,32.817167],[111.394975,32.817095],[111.394825,32.817043],[111.394525,32.817093],[111.394096,32.817348],[111.393956,32.817377],[111.3936,32.817025],[111.393374,32.816752],[111.393294,32.816728],[111.392218,32.817201],[111.39202,32.817239],[111.391829,32.817251],[111.391529,32.817215],[111.391207,32.81712],[111.390617,32.817021],[111.390488,32.817045],[111.390078,32.817269],[111.389842,32.817323],[111.389686,32.817309],[111.389396,32.81721],[111.389123,32.817194],[111.388965,32.817219],[111.388734,32.817316],[111.388342,32.817375],[111.388157,32.817359],[111.387524,32.817169],[111.387058,32.817136],[111.386859,32.81716],[111.386577,32.817244],[111.386135,32.817048],[111.385687,32.817032],[111.384662,32.817228],[111.383667,32.817311],[111.382785,32.817652],[111.382517,32.817733],[111.382256,32.817765],[111.381782,32.817677],[111.381634,32.81732],[111.381267,32.817397],[111.380596,32.817447],[111.377842,32.818001],[111.375851,32.818019],[111.375108,32.818247],[111.374038,32.819196],[111.37385,32.81948],[111.373534,32.820235],[111.373201,32.821188],[111.373078,32.82177],[111.372767,32.822507],[111.372373,32.822712],[111.371538,32.822701],[111.370755,32.82292],[111.369701,32.823614],[111.369326,32.82369],[111.36887,32.823681],[111.367284,32.823289],[111.366056,32.823181],[111.365283,32.823267],[111.364862,32.823566],[111.364549,32.824051],[111.363516,32.825113],[111.363409,32.825462],[111.363618,32.825879],[111.36361,32.826179],[111.363505,32.826832],[111.36361,32.827101],[111.364441,32.82809],[111.364602,32.828442],[111.364752,32.829041],[111.364709,32.829512],[111.364608,32.829907],[111.364355,32.830587],[111.364114,32.83093],[111.362912,32.832237],[111.362569,32.832438],[111.362151,32.832764],[111.361571,32.833328],[111.361314,32.833488],[111.360388,32.83395],[111.359128,32.834739],[111.357663,32.835419],[111.357124,32.83557],[111.356708,32.835509],[111.356317,32.835302],[111.355681,32.835068],[111.354544,32.835086],[111.353956,32.834809],[111.353471,32.834784],[111.353082,32.834865],[111.352095,32.835491],[111.351698,32.835674],[111.351245,32.835724],[111.350451,32.835681],[111.349544,32.835446],[111.348994,32.835165],[111.348498,32.835147],[111.347927,32.835235],[111.34698,32.835721],[111.346098,32.836415],[111.345652,32.836359],[111.345226,32.836201],[111.344864,32.836143],[111.343783,32.836206],[111.343043,32.83599],[111.342608,32.835933],[111.342192,32.835987],[111.34131,32.836188],[111.339904,32.836183],[111.33892,32.836314],[111.337866,32.836679],[111.337147,32.837053],[111.33635,32.837213],[111.335296,32.837581],[111.333328,32.837238],[111.332759,32.837238],[111.33241,32.837202],[111.332062,32.837092],[111.331402,32.836794],[111.330938,32.836672],[111.330329,32.836591],[111.328282,32.836422],[111.326338,32.836201],[111.325984,32.835985],[111.325648,32.835442],[111.325093,32.83413],[111.324565,32.833799],[111.324093,32.833833],[111.32346,32.83418],[111.322998,32.834673],[111.322615,32.835291],[111.322483,32.835674],[111.322534,32.83619],[111.32217,32.836977],[111.322038,32.838439],[111.321888,32.838773],[111.320987,32.839176],[111.319361,32.840289],[111.318956,32.840819],[111.318396,32.841245],[111.317433,32.841734],[111.316942,32.842629],[111.31673,32.843415],[111.316719,32.843854],[111.316333,32.845218],[111.31617,32.845567],[111.315933,32.845797],[111.31562,32.846015],[111.3146,32.846376],[111.31335,32.846642],[111.313144,32.847347],[111.313139,32.847766],[111.313278,32.849127],[111.313114,32.849492],[111.312846,32.849752],[111.312197,32.850087],[111.310829,32.850914],[111.310454,32.851074],[111.309542,32.851189],[111.308879,32.851331],[111.307707,32.851367],[111.306999,32.851439],[111.305934,32.851809],[111.305417,32.851858],[111.30495,32.851827],[111.304102,32.851615],[111.303249,32.851649],[111.302909,32.851798],[111.302233,32.852938],[111.301771,32.853519],[111.301594,32.853841],[111.301278,32.854089],[111.300876,32.854105],[111.29984,32.85406],[111.299221,32.854427],[111.298124,32.854447],[111.29781,32.854524],[111.297552,32.854655],[111.296614,32.855657],[111.296222,32.855957],[111.29575,32.856214],[111.295291,32.856653],[111.294983,32.856791],[111.294556,32.856698],[111.294132,32.856365],[111.293011,32.855258],[111.29259,32.855268],[111.292027,32.855576],[111.290957,32.855923],[111.290364,32.85593],[111.289457,32.855885],[111.288376,32.85577],[111.287328,32.8557],[111.286781,32.855696],[111.285785,32.855957],[111.285335,32.856106],[111.284908,32.856191],[111.284074,32.856662],[111.284109,32.858055],[111.28405,32.85867],[111.283675,32.859835],[111.283098,32.861387],[111.283315,32.862613],[111.283473,32.86309],[111.283374,32.863482],[111.282827,32.864437],[111.281727,32.865902],[111.281164,32.866485],[111.28085,32.86701],[111.280815,32.867357],[111.280276,32.868889],[111.279683,32.869977],[111.278538,32.872638],[111.278436,32.87344],[111.278527,32.873746],[111.278785,32.87389],[111.279742,32.874084],[111.28159,32.874039],[111.2825,32.874066],[111.282781,32.874307],[111.283042,32.874706],[111.283589,32.875251],[111.283932,32.875915],[111.2842,32.876287],[111.284844,32.876821],[111.285608,32.877382],[111.286089,32.877686],[111.287188,32.878927],[111.287314,32.879441],[111.287255,32.880146],[111.287317,32.880558],[111.287534,32.880887],[111.287636,32.881236],[111.287655,32.881919],[111.287778,32.882392],[111.288004,32.882664],[111.288623,32.883144],[111.288671,32.883437],[111.288245,32.883944],[111.287955,32.88477],[111.287802,32.88616],[111.287746,32.887097],[111.287864,32.887876],[111.28784,32.888216],[111.28751,32.888964],[111.287556,32.889412],[111.287947,32.889619],[111.288309,32.889719],[111.288731,32.88989],[111.289672,32.89052],[111.290152,32.890921],[111.290356,32.891448],[111.290351,32.891973],[111.290074,32.892824],[111.289809,32.893101],[111.289339,32.893252],[111.287878,32.893408],[111.28607,32.893455],[111.284873,32.893635],[111.284176,32.893845],[111.283522,32.894223],[111.283259,32.894534],[111.28294,32.895207],[111.282728,32.895543],[111.282403,32.895764],[111.281368,32.896333],[111.280367,32.896802],[111.279557,32.897529],[111.278616,32.89829],[111.277028,32.899306],[111.275851,32.899997],[111.274791,32.900563],[111.273766,32.900923],[111.273029,32.901024],[111.272302,32.900984],[111.271589,32.900792],[111.271682,32.900905],[111.271814,32.901428],[111.271908,32.901585],[111.272117,32.901761],[111.272195,32.902],[111.272227,32.902324],[111.272345,32.902632],[111.272449,32.902785],[111.272565,32.903312],[111.27286,32.903855],[111.273418,32.904092],[111.273844,32.904202],[111.274383,32.90445],[111.274585,32.90467],[111.27463,32.904783],[111.274649,32.905037],[111.27456,32.905454],[111.274273,32.905916],[111.274104,32.906521],[111.273994,32.906684],[111.273984,32.906801],[111.274129,32.9074],[111.274244,32.907465],[111.274601,32.907501],[111.275682,32.907526],[111.276451,32.907632],[111.276537,32.907706],[111.276722,32.907976],[111.276819,32.908406],[111.276889,32.908541],[111.276964,32.909257],[111.276915,32.909836],[111.276977,32.910052],[111.277071,32.910167],[111.277602,32.910485],[111.27812,32.910919],[111.278399,32.91107],[111.278761,32.911228],[111.279732,32.911529],[111.281625,32.91223],[111.281899,32.91227],[111.284072,32.912788],[111.284707,32.912869],[111.284793,32.912907],[111.284849,32.912971],[111.285083,32.913542],[111.285646,32.915146],[111.286107,32.916305],[111.286327,32.916744],[111.286389,32.91699],[111.287014,32.917818],[111.287092,32.917978],[111.28711,32.918086],[111.287041,32.918244],[111.287022,32.918487],[111.287027,32.919196],[111.287368,32.919462],[111.287658,32.919622],[111.287765,32.919836],[111.287899,32.920014],[111.28824,32.920279],[111.289275,32.920745],[111.289476,32.921079],[111.289624,32.921412],[111.289667,32.921675],[111.289648,32.921873],[111.289495,32.922398],[111.2895,32.923638],[111.289334,32.923985],[111.289028,32.924278],[111.288575,32.924616],[111.288038,32.924987],[111.287129,32.925527],[111.286974,32.925964],[111.286813,32.926207],[111.286453,32.926489],[111.28556,32.927101],[111.285289,32.927461],[111.284683,32.928553],[111.284608,32.929359],[111.28475,32.930136],[111.284906,32.930424],[111.284879,32.930656],[111.284747,32.930872],[111.284699,32.931099],[111.284734,32.931457],[111.284713,32.931928],[111.284554,32.932367],[111.284257,32.93388],[111.284393,32.93388],[111.284592,32.933956],[111.284943,32.934233],[111.285048,32.93435],[111.285219,32.934868],[111.285287,32.934929],[111.285659,32.935111],[111.286405,32.935363],[111.287245,32.935494],[111.287456,32.935584],[111.288124,32.935987],[111.288438,32.936565],[111.288607,32.936734],[111.288798,32.936849],[111.288932,32.937162],[111.289085,32.937418],[111.28949,32.937756],[111.289519,32.937873],[111.289495,32.937988],[111.289586,32.938193],[111.289696,32.93835],[111.289814,32.938443],[111.29064,32.938533],[111.291161,32.938533],[111.291431,32.938488],[111.291912,32.938267],[111.292231,32.93792],[111.292408,32.937817],[111.292641,32.937767],[111.293395,32.937871],[111.293679,32.937954],[111.293896,32.938062],[111.294232,32.93833],[111.294511,32.938461],[111.294615,32.938551],[111.294688,32.938744],[111.294709,32.939032],[111.294835,32.939172],[111.295388,32.9396],[111.295444,32.939836],[111.295554,32.940016],[111.296664,32.940252],[111.297212,32.940538],[111.297448,32.9407],[111.297788,32.941067],[111.297976,32.941189],[111.298078,32.941229],[111.298574,32.941243],[111.299038,32.941484],[111.299365,32.941664],[111.299945,32.942173],[111.30054,32.942368],[111.300876,32.942582],[111.302412,32.943413],[111.304102,32.944446],[111.304537,32.94484],[111.304802,32.945024],[111.30643,32.94577],[111.307946,32.946411],[111.308893,32.946722],[111.309885,32.947172],[111.310545,32.947545],[111.310875,32.948036],[111.311256,32.948272],[111.311484,32.948554],[111.31169,32.94888],[111.31194,32.949051],[111.312154,32.949321],[111.312422,32.949069],[111.31264,32.948648],[111.312811,32.94845],[111.313047,32.948275],[111.313249,32.948383],[111.31367,32.948705],[111.313726,32.948653],[111.31401,32.948592],[111.314359,32.948387],[111.314651,32.948101],[111.315011,32.947527],[111.315545,32.946328],[111.315005,32.946116],[111.314922,32.945698],[111.315016,32.945484],[111.31514,32.945304],[111.315566,32.945448],[111.315673,32.945529],[111.315783,32.945684],[111.316081,32.945839],[111.315883,32.946562],[111.316043,32.946602],[111.316068,32.946485],[111.316513,32.946733],[111.316591,32.946609],[111.316698,32.946564],[111.317041,32.946809],[111.316537,32.947399],[111.316397,32.947489],[111.316167,32.947566],[111.31629,32.947912],[111.316424,32.948108],[111.316526,32.948205],[111.316974,32.94818],[111.31717,32.94807],[111.317245,32.947933],[111.31739,32.947872],[111.317572,32.947926],[111.317696,32.948135],[111.317749,32.948365],[111.317497,32.948862],[111.317358,32.949357],[111.317387,32.94981],[111.317183,32.949801],[111.317154,32.950035],[111.316955,32.950629],[111.316923,32.950775],[111.317036,32.950917],[111.316998,32.951122],[111.316741,32.95155],[111.31669,32.951788],[111.316743,32.952407],[111.316652,32.952589],[111.316333,32.953001],[111.316424,32.953231],[111.316971,32.954295],[111.317173,32.955022],[111.3175,32.955227],[111.317824,32.95534],[111.3189,32.955918],[111.319281,32.956001],[111.319538,32.955999],[111.319989,32.955855],[111.320727,32.955563],[111.321368,32.955403],[111.322513,32.955236],[111.322905,32.955121],[111.323221,32.955067],[111.323516,32.955124],[111.323763,32.955214],[111.323755,32.955333],[111.323647,32.955524],[111.323854,32.955414],[111.324162,32.955389],[111.324272,32.955166],[111.324326,32.954532],[111.324407,32.954244],[111.324463,32.953301],[111.324731,32.953276],[111.325007,32.953294],[111.325091,32.953044],[111.325479,32.952542],[111.325898,32.951914],[111.326228,32.951523],[111.326772,32.951921],[111.327049,32.951606],[111.32718,32.951559],[111.327467,32.95155],[111.327649,32.951478],[111.327856,32.951237],[111.328011,32.951198],[111.328213,32.951248],[111.328274,32.95141],[111.328371,32.951923],[111.328046,32.952124],[111.327665,32.952423],[111.327386,32.952715],[111.32722,32.95297],[111.327089,32.953368],[111.327073,32.953809],[111.326971,32.954568],[111.327164,32.955504],[111.327231,32.955995],[111.327231,32.95642],[111.327054,32.956692],[111.326501,32.957379],[111.327126,32.957685],[111.327368,32.957552],[111.327564,32.9575],[111.328167,32.957602],[111.328419,32.95755],[111.328956,32.957399],[111.329395,32.957199],[111.329975,32.957223],[111.330173,32.957311],[111.330369,32.957568],[111.330678,32.957725],[111.331187,32.957887],[111.331522,32.957908],[111.331734,32.95789],[111.331868,32.957829],[111.331986,32.957838],[111.331885,32.957971],[111.33175,32.958067],[111.331721,32.958155],[111.331909,32.95841],[111.331995,32.958646],[111.332115,32.959488],[111.332268,32.960133],[111.332349,32.960412],[111.332807,32.961544],[111.332931,32.962607],[111.333041,32.962913],[111.333749,32.963781],[111.333942,32.963923],[111.334036,32.96393],[111.334159,32.963885],[111.334248,32.963786],[111.334253,32.963662],[111.33432,32.963662],[111.334425,32.963799],[111.33454,32.964036],[111.334669,32.964436],[111.334666,32.964877],[111.334862,32.965246],[111.33517,32.965568],[111.335371,32.966174],[111.335503,32.966984],[111.33557,32.967227],[111.335916,32.967931],[111.336002,32.968188],[111.335653,32.968703],[111.33608,32.969211],[111.336627,32.969542],[111.336734,32.96959],[111.336914,32.969599],[111.337147,32.969677],[111.337482,32.969704],[111.337611,32.969754],[111.337775,32.970256],[111.337933,32.970481],[111.338131,32.970901],[111.338247,32.970989],[111.338652,32.971066],[111.338791,32.971052],[111.33896,32.970919],[111.339081,32.970886],[111.33955,32.970233],[111.339738,32.970019],[111.339982,32.969437],[111.340242,32.969081],[111.340258,32.96895],[111.340315,32.968829],[111.340414,32.968761],[111.340567,32.968791],[111.34098,32.969137],[111.34234,32.970076],[111.342477,32.970121],[111.342737,32.970172],[111.342949,32.970172],[111.344038,32.9699],[111.344212,32.969907],[111.344545,32.970463],[111.344759,32.970978],[111.344995,32.971273],[111.345094,32.971333],[111.345231,32.971313],[111.345754,32.971021],[111.346428,32.970496],[111.346572,32.970584],[111.347036,32.970998],[111.346395,32.971466],[111.345639,32.971912],[111.346704,32.973206],[111.346267,32.973566],[111.347098,32.974619],[111.347822,32.975451],[111.348764,32.974844],[111.34893,32.97481],[111.34911,32.974936],[111.349306,32.975024],[111.349702,32.975064],[111.350223,32.975184],[111.350478,32.975195],[111.350813,32.97513],[111.350909,32.975026],[111.351277,32.974817],[111.351559,32.974747],[111.352151,32.974693],[111.353321,32.974851],[111.353932,32.975019],[111.355362,32.975546],[111.355933,32.975836],[111.356491,32.976072],[111.357001,32.976358],[111.357497,32.976689],[111.358323,32.977346],[111.359098,32.977848],[111.360201,32.978471],[111.360976,32.978982],[111.362223,32.979614],[111.363559,32.980388],[111.363883,32.980633],[111.364259,32.98021],[111.364492,32.979663],[111.364806,32.97927],[111.365066,32.979006],[111.365329,32.978822],[111.365785,32.978383],[111.366305,32.977971],[111.366767,32.977746],[111.367528,32.977119],[111.369148,32.976059],[111.370119,32.975519],[111.3705,32.975346],[111.371356,32.974983],[111.372153,32.974697],[111.372482,32.974657],[111.373802,32.974355],[111.374663,32.974288],[111.375677,32.974268],[111.377761,32.973698],[111.378614,32.973496],[111.379885,32.973075],[111.380701,32.972864],[111.380897,32.972767],[111.382278,32.972348],[111.3826,32.972297],[111.383485,32.972031],[111.384483,32.971871],[111.385395,32.971651],[111.387854,32.970906],[111.38827,32.970737],[111.389474,32.97044],[111.390043,32.970339],[111.390555,32.970159],[111.390982,32.970118],[111.392089,32.970089],[111.392599,32.970121],[111.393342,32.970069],[111.39419,32.969945],[111.395043,32.969914],[111.395244,32.969846],[111.39567,32.969826],[111.396325,32.969704],[111.39648,32.96963],[111.397105,32.969567],[111.397516,32.969457],[111.398098,32.969351],[111.399224,32.969061],[111.400058,32.969],[111.400541,32.968928],[111.400943,32.968755],[111.402148,32.968401],[111.402542,32.968235],[111.402931,32.968172],[111.403604,32.967999],[111.405541,32.967247],[111.406104,32.967094],[111.406461,32.966934],[111.406761,32.966844],[111.407544,32.966482],[111.408145,32.9663],[111.408615,32.966108],[111.41083,32.964999],[111.41248,32.964004],[111.413051,32.9637],[111.413743,32.96337],[111.414625,32.96307],[111.414993,32.962996],[111.41573,32.962958],[111.415905,32.962895],[111.416537,32.962765],[111.41797,32.962548],[111.419657,32.962465],[111.420864,32.962512],[111.421508,32.962445],[111.422358,32.962487],[111.422825,32.962478],[111.423659,32.962208],[111.424837,32.962015],[111.425005,32.96195],[111.425365,32.961738],[111.425765,32.961576],[111.426135,32.961299],[111.426896,32.960622],[111.427149,32.960338],[111.427326,32.960023],[111.427535,32.959769],[111.427894,32.95913],[111.428353,32.95841],[111.428519,32.957896],[111.428876,32.9575],[111.429037,32.957181],[111.429415,32.956724],[111.430678,32.955038],[111.432025,32.953454],[111.432744,32.95283],[111.433218,32.952344],[111.434205,32.951171],[111.435311,32.950172],[111.436003,32.949623],[111.436676,32.949195],[111.437668,32.948633],[111.438725,32.948308],[111.440742,32.948126],[111.444046,32.948275],[111.446385,32.948326],[111.447531,32.94832],[111.448207,32.948378],[111.449258,32.948381],[111.450819,32.948239],[111.451672,32.948106],[111.452351,32.947933],[111.454888,32.946956],[111.455985,32.946481],[111.456733,32.946109],[111.457251,32.945839],[111.459005,32.944752],[111.459859,32.943977],[111.460207,32.943732],[111.461095,32.943208],[111.461658,32.942918],[111.46316,32.942308],[111.464021,32.942013],[111.464753,32.941819],[111.466376,32.941515],[111.466896,32.941473],[111.468827,32.941455],[111.469667,32.941545],[111.4707,32.941592],[111.473827,32.941301],[111.475187,32.94129],[111.478513,32.941286],[111.479151,32.941337],[111.480916,32.941299],[111.48167,32.941398],[111.481847,32.941151],[111.482222,32.940775],[111.482812,32.940246],[111.484336,32.938765],[111.488204,32.934929],[111.489829,32.933396],[111.49286,32.930431],[111.495263,32.928008],[111.499244,32.924154],[111.501226,32.921599],[111.501703,32.921072],[111.502095,32.920527],[111.50287,32.919354],[111.503586,32.918161],[111.503876,32.917575],[111.504246,32.91674],[111.504364,32.916375],[111.50441,32.916109],[111.504383,32.915625],[111.504133,32.914792],[111.504123,32.914542],[111.503881,32.91406],[111.503868,32.91379],[111.503613,32.912957],[111.503565,32.912678],[111.50339,32.912286],[111.503358,32.912005],[111.503203,32.911536],[111.502921,32.910919],[111.502285,32.908764],[111.50225,32.908447],[111.50214,32.908262],[111.502127,32.908053],[111.502012,32.90767],[111.501931,32.906517],[111.501655,32.905799],[111.501502,32.905238],[111.501379,32.903526],[111.501164,32.901853],[111.501135,32.901216],[111.501226,32.900027],[111.501304,32.899554],[111.501422,32.899079],[111.501674,32.898558],[111.501982,32.898052],[111.502347,32.897696],[111.503184,32.897153],[111.503932,32.896608],[111.504994,32.895928],[111.505482,32.895671],[111.505807,32.895419],[111.506175,32.895221],[111.506891,32.895065],[111.50795,32.894721],[111.509554,32.89461],[111.509948,32.894644],[111.510643,32.894813],[111.51174,32.895264],[111.513003,32.895923],[111.513875,32.89627],[111.515906,32.897203],[111.517815,32.898182],[111.519846,32.899045],[111.520366,32.899329],[111.521798,32.900015],[111.523378,32.900479],[111.523794,32.900657],[111.524151,32.900865],[111.524515,32.900997],[111.525398,32.901247],[111.52565,32.901274],[111.526685,32.900984],[111.527874,32.900603],[111.528547,32.900279],[111.529185,32.899867],[111.529451,32.899597],[111.530121,32.899022],[111.53201,32.897016],[111.532597,32.89657],[111.533568,32.895996],[111.535432,32.894818],[111.535711,32.894689],[111.540027,32.893489],[111.540695,32.893291],[111.540933,32.893176],[111.541993,32.892354],[111.54239,32.89193],[111.542808,32.891543],[111.543076,32.89125],[111.543259,32.89098],[111.543492,32.890496],[111.543559,32.890237],[111.543551,32.889721],[111.543463,32.889061],[111.543323,32.888556],[111.543189,32.888338],[111.542763,32.887869],[111.542408,32.88757],[111.541818,32.88734],[111.53967,32.887209],[111.539302,32.887135],[111.538077,32.887007],[111.537554,32.886917],[111.537025,32.886908],[111.535885,32.886759],[111.535901,32.886468],[111.535993,32.886068],[111.536247,32.885417],[111.536521,32.884844],[111.537039,32.88425],[111.537693,32.883671],[111.537664,32.883308],[111.53779,32.883081],[111.538133,32.882662],[111.538608,32.881925],[111.538616,32.88156],[111.538581,32.881403],[111.538484,32.88127],[111.538152,32.881072],[111.537918,32.880671],[111.537892,32.880558],[111.537699,32.880565],[111.537216,32.880695],[111.536805,32.880878],[111.53639,32.881137],[111.535397,32.881612],[111.533729,32.882229],[111.532602,32.882594],[111.532149,32.882711],[111.532398,32.881964],[111.53279,32.880991],[111.532852,32.880711],[111.532913,32.880164],[111.533056,32.879801],[111.533764,32.878524],[111.533855,32.878193],[111.534061,32.877801],[111.534322,32.877051],[111.534635,32.876283],[111.534732,32.875942],[111.534815,32.875828],[111.535006,32.875719],[111.536915,32.876012],[111.537827,32.876244],[111.537688,32.875075],[111.537674,32.874501],[111.537825,32.873861],[111.537964,32.873679],[111.537943,32.87351],[111.537843,32.873345],[111.537527,32.872971],[111.537511,32.872908],[111.537575,32.872728],[111.537666,32.872602],[111.537709,32.872403],[111.537696,32.872244],[111.537642,32.872122],[111.536958,32.871119],[111.536685,32.870599],[111.536451,32.870315],[111.536239,32.869664],[111.535982,32.86913],[111.535585,32.868533],[111.535652,32.868161],[111.535681,32.867623],[111.535588,32.866587],[111.534965,32.866616],[111.534378,32.866244],[111.534091,32.865999],[111.533627,32.865451],[111.533163,32.864773],[111.533021,32.864458],[111.532798,32.864235],[111.533359,32.863714],[111.533662,32.863536],[111.533968,32.86341],[111.534445,32.863273],[111.53503,32.863153],[111.536044,32.862996],[111.53728,32.862923],[111.538176,32.862912],[111.53937,32.863171],[111.539756,32.863221],[111.540601,32.863437],[111.541526,32.86355],[111.544232,32.86364],[111.546137,32.863527],[111.547464,32.863144],[111.549117,32.86257],[111.549803,32.862279],[111.551879,32.861153],[111.553352,32.859862],[111.553532,32.859623],[111.554159,32.859141],[111.554339,32.85894],[111.554862,32.857969],[111.555063,32.856635],[111.555074,32.855894],[111.555031,32.855671],[111.554741,32.854934],[111.554197,32.854107],[111.553566,32.853427],[111.552813,32.852859],[111.55219,32.852483],[111.550436,32.851773],[111.549074,32.851484],[111.545791,32.851173],[111.545332,32.851182],[111.543299,32.851383],[111.541169,32.851543],[111.539506,32.85184],[111.538975,32.851874],[111.538332,32.851845],[111.536282,32.851532],[111.535255,32.851191],[111.534228,32.850666],[111.533203,32.849948],[111.532565,32.849456],[111.531014,32.848156],[111.530438,32.847503],[111.530065,32.847147],[111.528413,32.844878],[111.528115,32.844427],[111.527557,32.843296],[111.527165,32.842401],[111.526999,32.841862],[111.526734,32.840546],[111.526546,32.83928],[111.526425,32.838097],[111.526417,32.83672],[111.52638,32.836152],[111.526409,32.835478],[111.526181,32.835374],[111.525958,32.835313],[111.524684,32.835219],[111.523198,32.835027],[111.522933,32.835027],[111.52263,32.835066],[111.521573,32.835363],[111.521254,32.835552],[111.520978,32.835798],[111.520688,32.835996],[111.520532,32.836062],[111.520232,32.836073],[111.520095,32.836053],[111.519964,32.835981],[111.519331,32.835449],[111.519199,32.835392],[111.519084,32.835399],[111.518918,32.835473],[111.518633,32.835667],[111.518438,32.835908],[111.518054,32.836181],[111.517735,32.836249],[111.517105,32.836262],[111.516745,32.836186],[111.516429,32.83603],[111.515463,32.835753],[111.514986,32.835498],[111.514366,32.835397],[111.513618,32.83516],[111.512287,32.834946],[111.510954,32.83432],[111.510431,32.834004],[111.510117,32.833876],[111.509938,32.833844],[111.509281,32.833858],[111.508484,32.834002],[111.508127,32.834029],[111.507073,32.833788],[111.506722,32.833743],[111.504571,32.833646],[111.501486,32.833679],[111.500317,32.833659],[111.499493,32.833801],[111.497897,32.834196],[111.497208,32.834313],[111.496478,32.834347],[111.495499,32.834498],[111.494392,32.83461],[111.493831,32.834583],[111.49326,32.834484],[111.492729,32.834274],[111.491752,32.834277],[111.490907,32.834326],[111.4905,32.833932],[111.490097,32.833641],[111.48969,32.833249],[111.4891,32.832778],[111.487799,32.832088],[111.487351,32.831804],[111.486723,32.831491],[111.486586,32.831358],[111.486458,32.831155],[111.486093,32.830865],[111.485476,32.830578],[111.484749,32.829965],[111.484261,32.829427],[111.484036,32.829255],[111.482131,32.828559],[111.480774,32.827948],[111.480541,32.827905],[111.480286,32.827747],[111.479932,32.827603],[111.479623,32.827567],[111.478953,32.827563],[111.478167,32.827736],[111.477596,32.828011],[111.477386,32.828059],[111.477223,32.828268],[111.477032,32.828437],[111.47671,32.828651],[111.476499,32.828744],[111.475662,32.828789],[111.475533,32.828825],[111.475233,32.829116],[111.474527,32.82944],[111.474152,32.829776],[111.473095,32.830592],[111.472727,32.830741],[111.471947,32.830914],[111.471679,32.830896],[111.471097,32.830937],[111.47059,32.830833],[111.470442,32.830914],[111.470402,32.831031],[111.470421,32.831358],[111.470321,32.831455],[111.469849,32.831559],[111.468629,32.831739],[111.468481,32.831793],[111.4682,32.832],[111.467961,32.832131],[111.467768,32.832151],[111.466502,32.832064],[111.466432,32.831931],[111.4664,32.831784],[111.466387,32.831457],[111.466314,32.831261],[111.466159,32.831004],[111.465606,32.830533],[111.465311,32.830193],[111.465193,32.82999],[111.464984,32.829767],[111.465016,32.829607],[111.465123,32.829451],[111.465182,32.82921],[111.465201,32.828895],[111.46518,32.828593],[111.465088,32.828248],[111.464933,32.82798],[111.464734,32.827707],[111.464557,32.827547],[111.46353,32.826995],[111.463305,32.826801],[111.463216,32.826663],[111.463125,32.826314],[111.463197,32.82585],[111.463184,32.825604],[111.463149,32.825358],[111.463079,32.825219],[111.462846,32.825223],[111.462664,32.825264],[111.46235,32.825417],[111.461921,32.825557],[111.46158,32.825618],[111.459509,32.825789],[111.459239,32.825771],[111.458976,32.825699],[111.458656,32.825518],[111.458509,32.825266],[111.458109,32.824953],[111.457774,32.824811],[111.45761,32.824702],[111.457364,32.824482],[111.457146,32.824204],[111.456532,32.823736],[111.456417,32.823515],[111.456436,32.822906],[111.456299,32.822719],[111.456031,32.822581],[111.455765,32.822482],[111.455347,32.822397],[111.454625,32.822327],[111.454228,32.822241],[111.451803,32.821919],[111.450653,32.821842],[111.450299,32.821752],[111.449899,32.821707],[111.44966,32.821707],[111.449009,32.821966],[111.448566,32.822306],[111.448378,32.822512],[111.448378,32.822656],[111.448872,32.824218],[111.448362,32.824847],[111.447678,32.825534],[111.447335,32.825836],[111.447155,32.826071],[111.447198,32.826413],[111.447051,32.826519],[111.446756,32.826573],[111.445787,32.827024],[111.445026,32.827502],[111.444733,32.827648],[111.44465,32.827596],[111.44413,32.827042],[111.443548,32.826539],[111.443078,32.826233],[111.442223,32.8258],[111.441962,32.825719],[111.441514,32.825651],[111.441498,32.825192],[111.441405,32.824705],[111.441354,32.824567],[111.441059,32.824125],[111.441061,32.823848],[111.441126,32.823695],[111.440718,32.823337],[111.440509,32.823199],[111.440144,32.8231],[111.438985,32.823041],[111.438138,32.822938],[111.438014,32.822969],[111.437346,32.823278],[111.437191,32.823379],[111.436005,32.824524],[111.435702,32.824919],[111.434656,32.825884],[111.434283,32.826086],[111.433822,32.826246],[111.432969,32.826787],[111.431518,32.827556],[111.431311,32.827648],[111.430837,32.827725],[111.4303,32.8277],[111.429874,32.827772],[111.429356,32.827802],[111.429125,32.8277],[111.429002,32.827608],[111.428897,32.827407],[111.428836,32.827351],[111.428576,32.827283],[111.428412,32.827297],[111.428098,32.827396],[111.427862,32.827398],[111.427739,32.827454],[111.427618,32.827549],[111.427411,32.827793],[111.42691,32.828009],[111.426269,32.828095],[111.425598,32.828117],[111.425145,32.828261],[111.424957,32.82839],[111.424555,32.828487],[111.424276,32.828444],[111.423667,32.828214],[111.423273,32.828124],[111.42272,32.82807],[111.422487,32.828083],[111.422227,32.828029],[111.422184,32.828002],[111.421918,32.827529],[111.421832,32.827445],[111.421465,32.827317],[111.421245,32.827285],[111.420148,32.827254],[111.419968,32.827301],[111.419494,32.827303],[111.419217,32.827355],[111.418788,32.8275],[111.418324,32.827752],[111.417919,32.827869],[111.417482,32.827984],[111.417173,32.828029],[111.416894,32.828022],[111.416782,32.827995],[111.416559,32.827853],[111.416135,32.827536],[111.415274,32.82699],[111.4151,32.826905],[111.414615,32.826772],[111.413724,32.827056],[111.412769,32.82731],[111.412284,32.827315],[111.411847,32.827231],[111.411203,32.827225],[111.409795,32.827391],[111.409138,32.827542],[111.407646,32.827642],[111.407107,32.827626],[111.406994,32.827371],[111.406327,32.826512],[111.406305,32.826244],[111.406399,32.825676],[111.406345,32.825588],[111.405723,32.825002],[111.405586,32.824581],[111.405471,32.824335],[111.405482,32.824267],[111.40597,32.824008],[111.407601,32.823244],[111.407657,32.823116],[111.407847,32.822115],[111.407842,32.821887],[111.407762,32.821745],[111.407405,32.821319],[111.40737,32.820907],[111.40729,32.820688],[111.406461,32.820149],[111.405205,32.819475],[111.405171,32.819406],[111.405519,32.818662],[111.405726,32.818035],[111.405782,32.81771],[111.405782,32.817485],[111.405737,32.817275],[111.405645,32.817075],[111.405281,32.8165],[111.405036,32.816187],[111.40494,32.815982],[111.404634,32.815571],[111.404318,32.814564],[111.404272,32.814221],[111.40377,32.814471],[111.403551,32.814629],[111.403398,32.814798]]]}},{"type":"Feature","properties":{"regionCode":"411326107","sourceCode":"411326107000","name":"金河镇","sourceName":"金河镇","parentCode":"411326","parentName":"淅川县","regionLevel":"township","regionType":"town","isManagementZone":false,"source":"ruiduobao","sourceVersion":"mixed-legacy~2018-2020","geometryRepaired":false,"match2020":true,"match2023":true},"geometry":{"type":"Polygon","coordinates":[[[111.446235,32.99781],[111.445996,32.998406],[111.44565,32.998942],[111.445495,32.999101],[111.444907,32.999473],[111.444454,32.999614],[111.44395,32.999664],[111.443631,32.999738],[111.442877,32.999956],[111.442665,33.000073],[111.442418,33.000161],[111.442322,33.000165],[111.442193,33.000116],[111.441734,32.999691],[111.441681,32.999583],[111.441598,32.999558],[111.441396,32.999598],[111.441324,32.999569],[111.440965,32.999218],[111.440772,32.999124],[111.440391,32.999158],[111.440211,32.999234],[111.440141,32.999281],[111.440031,32.99945],[111.439833,32.99985],[111.439774,33.000073],[111.439868,33.000469],[111.439849,33.000842],[111.43976,33.001137],[111.439779,33.001261],[111.440098,33.001544],[111.440168,33.001744],[111.440155,33.00183],[111.439996,33.001947],[111.439715,33.002003],[111.439444,33.00194],[111.438728,33.002077],[111.438062,33.002165],[111.437953,33.002154],[111.43751,33.001992],[111.436826,33.001846],[111.436491,33.001812],[111.436153,33.001837],[111.436153,33.002691],[111.436126,33.002943],[111.43596,33.003247],[111.435785,33.003468],[111.435321,33.003645],[111.434986,33.003848],[111.434543,33.004196],[111.434326,33.004379],[111.434133,33.004698],[111.433959,33.005218],[111.433755,33.00605],[111.433414,33.007022],[111.433232,33.007674],[111.433154,33.008342],[111.433066,33.008619],[111.43261,33.009327],[111.432395,33.009527],[111.432129,33.009577],[111.431888,33.009574],[111.430426,33.009399],[111.429479,33.009595],[111.428838,33.009804],[111.428527,33.009853],[111.42827,33.009977],[111.427996,33.010175],[111.427798,33.010407],[111.427033,33.010881],[111.426819,33.011147],[111.426741,33.011549],[111.426103,33.013834],[111.425885,33.014507],[111.425856,33.015114],[111.425789,33.015456],[111.425665,33.015787],[111.424879,33.01715],[111.42441,33.017782],[111.424037,33.018627],[111.42367,33.019221],[111.423174,33.020161],[111.422575,33.021043],[111.422264,33.021447],[111.421757,33.022307],[111.421629,33.022648],[111.421572,33.023114],[111.421575,33.0236],[111.421618,33.024007],[111.422321,33.024142],[111.422616,33.024238],[111.422852,33.024373],[111.423029,33.024569],[111.423106,33.024816],[111.423101,33.025124],[111.423219,33.02599],[111.423278,33.026168],[111.423552,33.026548],[111.424201,33.027661],[111.423589,33.028174],[111.423396,33.02839],[111.423267,33.028603],[111.423182,33.029332],[111.423187,33.029465],[111.423393,33.029917],[111.42411,33.030809],[111.42423,33.031097],[111.424249,33.031673],[111.424289,33.031776],[111.424276,33.032419],[111.424335,33.032871],[111.424354,33.033539],[111.424458,33.034605],[111.424461,33.035201],[111.423106,33.035531],[111.421181,33.035927],[111.4211,33.035916],[111.421376,33.036375],[111.421446,33.036635],[111.421248,33.036741],[111.419389,33.037209],[111.417538,33.037922],[111.417629,33.038034],[111.417774,33.038111],[111.418378,33.038284],[111.418576,33.03838],[111.419185,33.038895],[111.41951,33.039329],[111.419974,33.040276],[111.4201,33.040582],[111.42032,33.041596],[111.420322,33.041744],[111.420202,33.042299],[111.420186,33.042529],[111.420298,33.043399],[111.420628,33.044094],[111.420668,33.044244],[111.420652,33.044404],[111.420518,33.044712],[111.420395,33.044878],[111.41996,33.045305],[111.419743,33.045416],[111.418579,33.04544],[111.417662,33.045366],[111.416538,33.045472],[111.416221,33.045602],[111.415628,33.045964],[111.415559,33.045973],[111.415401,33.045964],[111.415127,33.045854],[111.413713,33.045416],[111.413373,33.045348],[111.413217,33.045359],[111.412506,33.04658],[111.412142,33.047106],[111.411581,33.0477],[111.410658,33.048228],[111.410374,33.048516],[111.410135,33.048844],[111.409972,33.049132],[111.409663,33.049872],[111.409685,33.049977],[111.410149,33.050458],[111.410355,33.050623],[111.410779,33.050726],[111.411557,33.051086],[111.412061,33.051374],[111.412461,33.051726],[111.412482,33.051776],[111.412466,33.051807],[111.411892,33.051965],[111.411527,33.052203],[111.411393,33.052372],[111.411106,33.05294],[111.410929,33.053208],[111.410833,33.053529],[111.410731,33.053703],[111.410328,33.054089],[111.40983,33.054453],[111.408545,33.054962],[111.408175,33.055022],[111.40741,33.054993],[111.407094,33.054895],[111.40674,33.054739],[111.406015,33.054346],[111.405366,33.054125],[111.405243,33.054123],[111.405122,33.054163],[111.404757,33.054377],[111.40303,33.055139],[111.40203,33.055625],[111.401791,33.055685],[111.401558,33.055802],[111.400101,33.056207],[111.399358,33.056546],[111.399248,33.056522],[111.398698,33.056117],[111.398562,33.055928],[111.398543,33.055807],[111.398583,33.055685],[111.398647,33.055634],[111.399455,33.055175],[111.3995,33.055114],[111.399508,33.055031],[111.399439,33.054955],[111.399278,33.05498],[111.398398,33.055413],[111.398124,33.05535],[111.397853,33.055168],[111.397682,33.055105],[111.397569,33.055103],[111.397462,33.055126],[111.397124,33.05529],[111.396842,33.055476],[111.396689,33.05553],[111.396515,33.055874],[111.396512,33.055984],[111.396534,33.056099],[111.396762,33.056571],[111.396888,33.056668],[111.397365,33.056868],[111.39795,33.0575],[111.398057,33.057715],[111.398103,33.057859],[111.398106,33.058109],[111.397926,33.058671],[111.397963,33.058905],[111.398047,33.059066],[111.398167,33.059181],[111.398661,33.059527],[111.398832,33.059694],[111.399023,33.059984],[111.399082,33.060136],[111.399149,33.061078],[111.399138,33.061607],[111.399052,33.061811],[111.398905,33.06202],[111.398883,33.062456],[111.398926,33.062623],[111.399122,33.063039],[111.399243,33.06356],[111.399213,33.063663],[111.398672,33.064021],[111.398186,33.064291],[111.39641,33.06488],[111.396142,33.064893],[111.396016,33.064931],[111.395236,33.065304],[111.394978,33.065484],[111.39412,33.066332],[111.393586,33.067098],[111.392757,33.067901],[111.392414,33.068375],[111.391971,33.068804],[111.391644,33.069328],[111.391293,33.06962],[111.391231,33.06962],[111.390842,33.069209],[111.390322,33.068514],[111.389641,33.068074],[111.389482,33.068004],[111.389313,33.068062],[111.388568,33.068867],[111.38775,33.069858],[111.387476,33.070027],[111.38735,33.070058],[111.38676,33.070085],[111.386591,33.070121],[111.38625,33.070346],[111.385958,33.0706],[111.385604,33.071117],[111.38555,33.071252],[111.385486,33.071681],[111.385344,33.072133],[111.384992,33.072996],[111.384847,33.073949],[111.3847,33.074354],[111.384456,33.074756],[111.384303,33.074938],[111.384153,33.075044],[111.383903,33.075041],[111.382171,33.074253],[111.382112,33.074248],[111.381835,33.074347],[111.381744,33.074322],[111.381645,33.074219],[111.38154,33.074185],[111.381302,33.074255],[111.381092,33.074244],[111.380797,33.074165],[111.380577,33.074282],[111.380577,33.074356],[111.381079,33.074486],[111.381602,33.074554],[111.382659,33.074796],[111.383439,33.075086],[111.383863,33.075338],[111.383901,33.075561],[111.383705,33.075884],[111.382814,33.076473],[111.38216,33.076812],[111.381948,33.076855],[111.381755,33.076848],[111.381688,33.076786],[111.381221,33.075972],[111.380964,33.075821],[111.380395,33.075628],[111.37907,33.075318],[111.378941,33.075311],[111.378807,33.075331],[111.378735,33.075392],[111.378056,33.076098],[111.377238,33.076316],[111.376227,33.076408],[111.375798,33.076585],[111.375629,33.076682],[111.375425,33.076864],[111.374765,33.077075],[111.374371,33.077136],[111.374204,33.077228],[111.37406,33.077395],[111.373703,33.077464],[111.373378,33.077487],[111.372831,33.077345],[111.372257,33.077127],[111.371887,33.076941],[111.371632,33.07677],[111.371493,33.076642],[111.371377,33.076475],[111.371235,33.076358],[111.371007,33.076289],[111.370696,33.076338],[111.369894,33.076293],[111.368357,33.075864],[111.367123,33.076021],[111.365509,33.076385],[111.364664,33.076608],[111.364125,33.076599],[111.363417,33.076702],[111.362998,33.077015],[111.362558,33.07721],[111.362312,33.077102],[111.360756,33.076024],[111.360276,33.075511],[111.360238,33.075282],[111.360096,33.074945],[111.359852,33.074592],[111.35956,33.074239],[111.359106,33.073855],[111.358771,33.073342],[111.358656,33.072962],[111.358162,33.071955],[111.358079,33.071618],[111.357639,33.071544],[111.35681,33.071128],[111.356617,33.071117],[111.355729,33.071405],[111.35559,33.071492],[111.355233,33.071535],[111.354281,33.071764],[111.353881,33.071791],[111.353077,33.071519],[111.351824,33.07118],[111.35128,33.07163],[111.351137,33.071791],[111.350805,33.072012],[111.350684,33.072144],[111.350572,33.07234],[111.350475,33.072749],[111.350389,33.073349],[111.350341,33.073486],[111.350132,33.073825],[111.350019,33.074147],[111.349169,33.074938],[111.348697,33.075316],[111.348482,33.075597],[111.348356,33.076017],[111.348192,33.07628],[111.348096,33.076505],[111.348069,33.077581],[111.347828,33.077932],[111.347602,33.078361],[111.347103,33.079049],[111.346934,33.079235],[111.346664,33.079372],[111.346564,33.079489],[111.346436,33.079741],[111.346393,33.079941],[111.346218,33.080195],[111.345969,33.080402],[111.345301,33.080791],[111.3451,33.080952],[111.344574,33.081087],[111.343295,33.083022],[111.343254,33.083173],[111.343311,33.083833],[111.343123,33.084719],[111.343123,33.084991],[111.343195,33.085162],[111.343185,33.085243],[111.34308,33.085411],[111.342165,33.085802],[111.34197,33.085919],[111.341763,33.086375],[111.3416,33.086553],[111.341326,33.08671],[111.340924,33.087202],[111.340205,33.08796],[111.3401,33.088294],[111.34002,33.088288],[111.339727,33.088443],[111.339384,33.088537],[111.337177,33.088721],[111.336423,33.088712],[111.335492,33.088627],[111.332813,33.087973],[111.33277,33.088386],[111.332831,33.088989],[111.333057,33.089357],[111.333159,33.089573],[111.333167,33.089708],[111.333419,33.090171],[111.33358,33.090557],[111.333698,33.091243],[111.333427,33.092292],[111.333065,33.0932],[111.3331,33.093285],[111.333564,33.093533],[111.335165,33.094593],[111.335801,33.095096],[111.336157,33.095472],[111.33623,33.09549],[111.336399,33.095296],[111.336552,33.09518],[111.336678,33.095144],[111.337024,33.095171],[111.337144,33.095121],[111.338341,33.094168],[111.338687,33.09393],[111.338823,33.093879],[111.339022,33.094229],[111.339191,33.094708],[111.339301,33.095198],[111.339199,33.095804],[111.339113,33.096045],[111.339092,33.096222],[111.339132,33.096371],[111.339325,33.096633],[111.339971,33.097126],[111.34054,33.097656],[111.340755,33.098029],[111.34084,33.098294],[111.341138,33.098689],[111.341235,33.098907],[111.341323,33.099224],[111.341366,33.099676],[111.341275,33.100184],[111.341079,33.100665],[111.341079,33.100745],[111.341085,33.100844],[111.341229,33.101038],[111.341264,33.101148],[111.341227,33.101276],[111.341093,33.10146],[111.341012,33.10166],[111.340913,33.102058],[111.340548,33.102538],[111.340422,33.102878],[111.340277,33.102909],[111.340033,33.102898],[111.339837,33.102797],[111.339556,33.10272],[111.339084,33.102759],[111.338992,33.102819],[111.338968,33.102864],[111.339,33.103022],[111.338984,33.10312],[111.339014,33.103233],[111.339073,33.10328],[111.339105,33.103372],[111.339025,33.103821],[111.338958,33.10399],[111.338013,33.103851],[111.337383,33.103682],[111.336946,33.103651],[111.336898,33.103693],[111.336965,33.104183],[111.337284,33.104635],[111.337756,33.10494],[111.337976,33.105185],[111.338217,33.105394],[111.338376,33.105605],[111.338681,33.10585],[111.33862,33.106043],[111.337895,33.107311],[111.337734,33.107648],[111.337705,33.107789],[111.337726,33.107834],[111.337909,33.107953],[111.338459,33.108218],[111.33884,33.108349],[111.339177,33.108369],[111.339177,33.108461],[111.338928,33.108571],[111.338705,33.108605],[111.338105,33.108533],[111.336637,33.10798],[111.336144,33.107715],[111.335755,33.107407],[111.335492,33.107342],[111.335251,33.10745],[111.335114,33.107724],[111.335017,33.108423],[111.334953,33.108522],[111.334425,33.109097],[111.333885,33.109418],[111.333328,33.109948],[111.333247,33.110076],[111.333067,33.110699],[111.332917,33.110719],[111.332703,33.11069],[111.332496,33.110586],[111.332341,33.110458],[111.332078,33.10989],[111.332005,33.109852],[111.331839,33.109856],[111.331697,33.109894],[111.331576,33.109991],[111.331273,33.110476],[111.330871,33.111384],[111.330463,33.111876],[111.33046,33.112155],[111.330415,33.112285],[111.330324,33.112357],[111.330144,33.112361],[111.329935,33.112244],[111.329221,33.111651],[111.32909,33.111593],[111.328939,33.111604],[111.328593,33.111815],[111.328347,33.112184],[111.32828,33.112458],[111.328159,33.112624],[111.327875,33.112833],[111.327789,33.112997],[111.327786,33.113105],[111.327711,33.113305],[111.327274,33.113756],[111.327067,33.113842],[111.32692,33.113864],[111.326772,33.113781],[111.326737,33.113815],[111.326606,33.114374],[111.326426,33.114835],[111.326351,33.114895],[111.326198,33.115125],[111.325973,33.11561],[111.32475,33.11645],[111.324179,33.116762],[111.323216,33.117113],[111.323017,33.117232],[111.322872,33.117472],[111.322623,33.117726],[111.322441,33.117861],[111.322086,33.118011],[111.32162,33.118146],[111.321217,33.118344],[111.320812,33.118672],[111.320617,33.118874],[111.320005,33.119638],[111.319764,33.120267],[111.319638,33.120406],[111.319447,33.120521],[111.319155,33.120568],[111.31828,33.120597],[111.318095,33.120765],[111.31736,33.121203],[111.316824,33.121601],[111.316625,33.121882],[111.316794,33.122037],[111.317127,33.122248],[111.317245,33.122277],[111.317368,33.122288],[111.317655,33.121884],[111.317814,33.121747],[111.318211,33.121597],[111.318299,33.121588],[111.318347,33.121691],[111.318546,33.121844],[111.31882,33.121823],[111.319007,33.121657],[111.319195,33.121781],[111.319251,33.121893],[111.319235,33.121974],[111.319133,33.122028],[111.318747,33.122014],[111.318205,33.122226],[111.318149,33.1223],[111.31779,33.122408],[111.317669,33.122495],[111.317604,33.122682],[111.317615,33.122816],[111.317722,33.122947],[111.31772,33.123072],[111.317653,33.123171],[111.317621,33.123576],[111.31768,33.123753],[111.317661,33.124014],[111.317505,33.12427],[111.317358,33.124436],[111.31724,33.124813],[111.316961,33.125078],[111.316896,33.125258],[111.316939,33.125683],[111.317001,33.12595],[111.316907,33.126125],[111.316821,33.126386],[111.316829,33.126619],[111.31702,33.127188],[111.317438,33.127897],[111.317438,33.128259],[111.317529,33.128933],[111.317529,33.129137],[111.317591,33.129351],[111.317535,33.129539],[111.317202,33.129849],[111.316819,33.130013],[111.316312,33.130166],[111.316089,33.13029],[111.315561,33.130692],[111.315134,33.131166],[111.314531,33.131428],[111.314268,33.131878],[111.313967,33.132161],[111.313715,33.132309],[111.312846,33.132608],[111.3122,33.133194],[111.312055,33.133374],[111.311567,33.13431],[111.311476,33.134571],[111.311548,33.134773],[111.311744,33.134959],[111.311886,33.13517],[111.311972,33.135366],[111.312017,33.136037],[111.312076,33.136266],[111.312197,33.13646],[111.312412,33.136996],[111.312141,33.137583],[111.311975,33.137798],[111.311977,33.137922],[111.311881,33.138191],[111.311639,33.13845],[111.311331,33.138656],[111.311065,33.138694],[111.310502,33.138694],[111.31029,33.138757],[111.30978,33.138955],[111.308858,33.139449],[111.308541,33.139543],[111.308335,33.139557],[111.307611,33.139894],[111.306991,33.14013],[111.306664,33.140325],[111.305481,33.141356],[111.3054,33.141497],[111.305025,33.141926],[111.304279,33.143175],[111.304145,33.14355],[111.304051,33.144284],[111.304065,33.144942],[111.304263,33.145814],[111.304582,33.146306],[111.305041,33.146696],[111.306374,33.147671],[111.306666,33.148024],[111.306911,33.148464],[111.306913,33.148747],[111.306996,33.149003],[111.30712,33.149095],[111.307452,33.149151],[111.307629,33.149218],[111.307498,33.149497],[111.30735,33.149629],[111.307002,33.149807],[111.306747,33.150006],[111.306355,33.150397],[111.306033,33.150653],[111.305494,33.150905],[111.304928,33.150999],[111.304472,33.151174],[111.304102,33.151367],[111.303743,33.151727],[111.303536,33.152084],[111.30296,33.153424],[111.304692,33.15421],[111.305972,33.154716],[111.30731,33.155019],[111.307935,33.155064],[111.308724,33.154904],[111.310202,33.154507],[111.310934,33.154237],[111.311325,33.154046],[111.312535,33.152764],[111.312929,33.15243],[111.314209,33.151583],[111.314413,33.151688],[111.314866,33.151814],[111.315523,33.151877],[111.316092,33.15203],[111.316269,33.152025],[111.316556,33.151861],[111.316939,33.151769],[111.317669,33.15183],[111.318066,33.151763],[111.318243,33.151763],[111.318653,33.151893],[111.318989,33.151918],[111.3192,33.151877],[111.320879,33.151763],[111.321494,33.151897],[111.321931,33.15194],[111.32221,33.152079],[111.32251,33.152106],[111.322835,33.152025],[111.323379,33.151814],[111.323621,33.151765],[111.323712,33.151704],[111.324053,33.15161],[111.324594,33.151635],[111.324905,33.151608],[111.325707,33.151397],[111.32707,33.150936],[111.327612,33.150826],[111.328191,33.150651],[111.328339,33.150557],[111.328948,33.150303],[111.329653,33.150191],[111.330342,33.149748],[111.330726,33.149578],[111.331691,33.1492],[111.33207,33.14909],[111.333311,33.148533],[111.334089,33.148345],[111.334307,33.148228],[111.334409,33.147853],[111.334403,33.147424],[111.334449,33.147112],[111.334548,33.146822],[111.334626,33.146373],[111.334733,33.146252],[111.334915,33.146137],[111.335202,33.146027],[111.336117,33.145883],[111.336399,33.145751],[111.336533,33.145661],[111.336707,33.145461],[111.337337,33.145001],[111.337799,33.144543],[111.338426,33.14415],[111.338815,33.143961],[111.339202,33.144051],[111.339373,33.144129],[111.340264,33.144327],[111.340752,33.144381],[111.34131,33.14443],[111.341833,33.144433],[111.342302,33.144327],[111.342469,33.142654],[111.342592,33.142158],[111.342828,33.141852],[111.343128,33.141277],[111.3436,33.140669],[111.344298,33.140267],[111.344488,33.140201],[111.345856,33.139995],[111.346173,33.140296],[111.346476,33.140785],[111.346556,33.140949],[111.346615,33.141232],[111.347286,33.141623],[111.347398,33.141756],[111.347817,33.14211],[111.348182,33.142497],[111.348404,33.142991],[111.348549,33.143231],[111.348997,33.143786],[111.349214,33.143952],[111.350346,33.144055],[111.350901,33.144013],[111.351151,33.144035],[111.351199,33.14399],[111.351328,33.143599],[111.351331,33.143507],[111.351293,33.143429],[111.351092,33.143272],[111.350853,33.143247],[111.350416,33.14326],[111.35022,33.143215],[111.3497,33.143],[111.349397,33.142912],[111.349263,33.142836],[111.349306,33.142672],[111.349378,33.142609],[111.349863,33.142688],[111.350215,33.142782],[111.350472,33.142894],[111.351626,33.14328],[111.352082,33.143251],[111.352543,33.142955],[111.352674,33.143063],[111.352656,33.143108],[111.352288,33.14333],[111.352363,33.143626],[111.352326,33.143779],[111.352248,33.143947],[111.351913,33.144367],[111.351913,33.144451],[111.351974,33.144502],[111.352125,33.14452],[111.352342,33.144644],[111.352607,33.144985],[111.352817,33.145418],[111.3528,33.145549],[111.352623,33.145773],[111.352382,33.146205],[111.35228,33.146292],[111.352216,33.14624],[111.352149,33.146077],[111.352159,33.14598],[111.352355,33.145513],[111.352361,33.145353],[111.352251,33.145196],[111.352151,33.145153],[111.351929,33.145133],[111.351762,33.145153],[111.351419,33.14536],[111.350572,33.145697],[111.350344,33.145935],[111.350035,33.146092],[111.349807,33.146281],[111.349855,33.146348],[111.350153,33.146505],[111.350526,33.146654],[111.35073,33.146813],[111.351207,33.147078],[111.351312,33.147184],[111.351787,33.14777],[111.351829,33.147851],[111.351862,33.148134],[111.352114,33.148533],[111.35242,33.148872],[111.35257,33.149272],[111.352639,33.149371],[111.352733,33.149445],[111.353063,33.149524],[111.353492,33.149715],[111.35382,33.149784],[111.354018,33.149878],[111.35548,33.150954],[111.35567,33.151033],[111.356328,33.15145],[111.356623,33.151679],[111.357245,33.152046],[111.357366,33.152203],[111.357414,33.152373],[111.357636,33.152573],[111.35805,33.152773],[111.35831,33.152838],[111.358653,33.153004],[111.358961,33.153105],[111.359978,33.153963],[111.360032,33.154062],[111.360678,33.154219],[111.360938,33.154343],[111.361727,33.154374],[111.362092,33.154302],[111.362542,33.154273],[111.36277,33.154186],[111.363384,33.153864],[111.364264,33.153784],[111.364621,33.153867],[111.365045,33.153898],[111.365345,33.153977],[111.365817,33.154004],[111.366434,33.154226],[111.366305,33.154837],[111.366332,33.155948],[111.366295,33.156308],[111.366394,33.156386],[111.366844,33.156489],[111.367056,33.156456],[111.367091,33.155378],[111.367043,33.155144],[111.367051,33.155007],[111.367231,33.154361],[111.367359,33.154291],[111.367491,33.154273],[111.367687,33.154298],[111.36862,33.154536],[111.369554,33.154918],[111.370095,33.15487],[111.370457,33.154738],[111.370637,33.154711],[111.370991,33.154718],[111.371219,33.154781],[111.371691,33.154837],[111.371766,33.154875],[111.371866,33.155016],[111.372217,33.155306],[111.37241,33.155728],[111.372574,33.155948],[111.372619,33.156242],[111.372603,33.156532],[111.372936,33.156743],[111.373022,33.156972],[111.373137,33.157051],[111.373435,33.157374],[111.373561,33.157451],[111.373813,33.157531],[111.374194,33.157814],[111.37444,33.15794],[111.374722,33.158023],[111.374913,33.15803],[111.375602,33.15825],[111.37591,33.158257],[111.376101,33.158398],[111.376213,33.158863],[111.376305,33.159085],[111.376423,33.159242],[111.377337,33.159157],[111.378214,33.159126],[111.379008,33.158915],[111.379765,33.158598],[111.380108,33.158405],[111.380492,33.158097],[111.380564,33.157983],[111.380669,33.157938],[111.380886,33.157754],[111.381758,33.157341],[111.38209,33.157235],[111.38286,33.156802],[111.383109,33.156548],[111.384241,33.156211],[111.385395,33.155647],[111.386878,33.154978],[111.387326,33.154846],[111.388198,33.154318],[111.389772,33.153649],[111.389903,33.153954],[111.389984,33.154983],[111.390137,33.155769],[111.390158,33.155867],[111.390263,33.156],[111.390185,33.156065],[111.389705,33.156251],[111.389509,33.156494],[111.389472,33.156635],[111.389472,33.156833],[111.389512,33.156963],[111.390166,33.157282],[111.390451,33.157376],[111.391518,33.157909],[111.391859,33.158313],[111.392484,33.15865],[111.39302,33.15913],[111.393516,33.159882],[111.393675,33.160001],[111.393881,33.160062],[111.394418,33.160026],[111.394766,33.160051],[111.395053,33.160172],[111.395107,33.160228],[111.395069,33.160385],[111.394801,33.16067],[111.394587,33.160837],[111.393774,33.161292],[111.392556,33.162251],[111.392344,33.162381],[111.39228,33.162476],[111.392277,33.162687],[111.39243,33.163758],[111.392548,33.163996],[111.392897,33.164281],[111.393254,33.164503],[111.39386,33.165062],[111.394149,33.165444],[111.394361,33.166057],[111.394297,33.166165],[111.393929,33.166497],[111.393578,33.166742],[111.393157,33.167727],[111.392865,33.168194],[111.392677,33.16834],[111.391939,33.168628],[111.391625,33.168843],[111.391542,33.168967],[111.391478,33.169279],[111.391295,33.169568],[111.391186,33.169831],[111.391199,33.169988],[111.391346,33.170334],[111.391623,33.170815],[111.3921,33.171511],[111.392299,33.171928],[111.392379,33.172375],[111.392331,33.17286],[111.392336,33.17314],[111.392435,33.173668],[111.392645,33.173634],[111.393245,33.173392],[111.394313,33.173051],[111.395386,33.17242],[111.396078,33.172103],[111.396542,33.171962],[111.39681,33.171969],[111.397078,33.172043],[111.397805,33.172402],[111.398116,33.172501],[111.3985,33.172543],[111.399254,33.172523],[111.399817,33.172568],[111.399905,33.17266],[111.400241,33.173264],[111.400509,33.173976],[111.400632,33.174521],[111.400662,33.174597],[111.400745,33.174615],[111.40119,33.174521],[111.402124,33.174544],[111.402486,33.174508],[111.403017,33.174377],[111.4038,33.174081],[111.403851,33.173697],[111.40398,33.173298],[111.404559,33.17257],[111.404731,33.17242],[111.404975,33.172278],[111.405246,33.172182],[111.406058,33.172126],[111.40623,33.172083],[111.40675,33.171612],[111.407239,33.171225],[111.40859,33.170406],[111.409398,33.169849],[111.409703,33.169723],[111.410801,33.169445],[111.411243,33.169277],[111.411348,33.169207],[111.412032,33.168462],[111.412579,33.167786],[111.412788,33.167644],[111.412989,33.167555],[111.414073,33.167294],[111.414151,33.167164],[111.41425,33.166872],[111.414338,33.166742],[111.415009,33.1661],[111.415478,33.165875],[111.41561,33.165754],[111.415808,33.165336],[111.415862,33.165011],[111.416034,33.164353],[111.416342,33.164175],[111.416803,33.16409],[111.41731,33.164191],[111.418016,33.164411],[111.419177,33.165008],[111.419365,33.165092],[111.419518,33.165092],[111.421773,33.164371],[111.422224,33.164324],[111.422983,33.164014],[111.423214,33.16383],[111.423957,33.163104],[111.424091,33.163057],[111.424609,33.163295],[111.424917,33.163479],[111.424721,33.163749],[111.424238,33.164178],[111.423766,33.164539],[111.423249,33.164699],[111.422436,33.164878],[111.421028,33.165318],[111.420819,33.16544],[111.420808,33.165514],[111.421602,33.16577],[111.422055,33.165871],[111.423951,33.166531],[111.424281,33.166742],[111.424515,33.166847],[111.425655,33.167117],[111.426006,33.167164],[111.427747,33.167721],[111.428345,33.16795],[111.428508,33.168033],[111.428608,33.168138],[111.428495,33.168181],[111.427731,33.168244],[111.427487,33.168206],[111.427382,33.168244],[111.42735,33.168291],[111.427428,33.168399],[111.428101,33.168421],[111.42897,33.16854],[111.429136,33.168531],[111.429345,33.168446],[111.430067,33.167918],[111.430391,33.167788],[111.430464,33.167788],[111.431287,33.168626],[111.431606,33.16883],[111.432078,33.169093],[111.432521,33.169203],[111.433197,33.169301],[111.433846,33.169476],[111.434256,33.169748],[111.434605,33.17013],[111.434704,33.170296],[111.435005,33.170253],[111.435729,33.17026],[111.436029,33.170303],[111.436354,33.170505],[111.436493,33.170639],[111.436536,33.17074],[111.436536,33.170922],[111.435978,33.171376],[111.435893,33.171569],[111.435858,33.171715],[111.435842,33.172126],[111.435646,33.17301],[111.435646,33.173226],[111.436847,33.173513],[111.437389,33.172959],[111.438014,33.172658],[111.438816,33.172397],[111.438773,33.172254],[111.438784,33.172137],[111.438832,33.171942],[111.438985,33.171643],[111.438985,33.171573],[111.438961,33.171519],[111.438899,33.171499],[111.438374,33.17154],[111.438215,33.171524],[111.438073,33.171385],[111.438046,33.171232],[111.438073,33.170561],[111.438138,33.1705],[111.438312,33.17059],[111.438532,33.170617],[111.439135,33.170886],[111.439441,33.171055],[111.439793,33.171302],[111.43979,33.170844],[111.439755,33.170729],[111.439645,33.170577],[111.439471,33.170404],[111.439355,33.170348],[111.438988,33.170285],[111.438937,33.170172],[111.438991,33.170089],[111.439927,33.170071],[111.439852,33.169613],[111.439766,33.169313],[111.43961,33.169012],[111.439337,33.168697],[111.438513,33.16797],[111.438081,33.167462],[111.438065,33.167357],[111.43817,33.167202],[111.4385,33.166892],[111.438569,33.166742],[111.43843,33.165907],[111.438191,33.165249],[111.4381,33.164721],[111.438116,33.164636],[111.438181,33.164544],[111.438272,33.164506],[111.438728,33.16451],[111.439184,33.164447],[111.43987,33.164285],[111.440895,33.163823],[111.441,33.163713],[111.440814,33.162918],[111.442048,33.162599],[111.442193,33.162709],[111.442456,33.162777],[111.443309,33.162359],[111.442947,33.161039],[111.442727,33.160538],[111.44255,33.160028],[111.4424,33.159799],[111.442185,33.159368],[111.442182,33.159283],[111.442236,33.1592],[111.442507,33.159063],[111.442657,33.158908],[111.44277,33.158699],[111.442888,33.158342],[111.442939,33.157646],[111.442797,33.156972],[111.442826,33.156555],[111.442754,33.15624],[111.444076,33.155504],[111.444985,33.154897],[111.44649,33.153653],[111.446879,33.153732],[111.446954,33.153707],[111.447069,33.153606],[111.44741,33.15388],[111.447477,33.153889],[111.447826,33.153692],[111.448652,33.153662],[111.448622,33.153456],[111.44866,33.15318],[111.448735,33.153101],[111.449368,33.153458],[111.449719,33.153617],[111.451331,33.153968],[111.451683,33.153941],[111.451844,33.15404],[111.452195,33.154412],[111.452149,33.154682],[111.452168,33.154805],[111.452691,33.155382],[111.452874,33.155481],[111.454928,33.155407],[111.454976,33.154365],[111.455086,33.153903],[111.455698,33.152319],[111.456299,33.15121],[111.45683,33.150523],[111.45768,33.149721],[111.458085,33.149288],[111.458619,33.14863],[111.458844,33.14823],[111.459115,33.147507],[111.459193,33.147381],[111.459456,33.147184],[111.459281,33.146991],[111.459772,33.14662],[111.462661,33.144826],[111.463248,33.144397],[111.464007,33.143766],[111.464573,33.143229],[111.466523,33.140716],[111.468439,33.137978],[111.468752,33.137479],[111.470195,33.138198],[111.470354,33.138045],[111.472929,33.134755],[111.473057,33.134517],[111.473266,33.133782],[111.473586,33.13296],[111.4742,33.131024],[111.474535,33.130126],[111.474752,33.129427],[111.474819,33.129063],[111.475066,33.126458],[111.475249,33.123621],[111.475463,33.12165],[111.475487,33.120539],[111.475461,33.11915],[111.475509,33.118514],[111.475774,33.118512],[111.475769,33.117863],[111.475742,33.117611],[111.473312,33.117167],[111.471198,33.11685],[111.471072,33.116803],[111.470311,33.115145],[111.470201,33.114808],[111.470622,33.113646],[111.470708,33.113179],[111.470718,33.112089],[111.470611,33.111633],[111.470606,33.11078],[111.470504,33.110184],[111.470426,33.109957],[111.470268,33.109721],[111.470034,33.109097],[111.469377,33.107699],[111.468852,33.106479],[111.468626,33.105412],[111.468184,33.104518],[111.467886,33.103758],[111.467704,33.10346],[111.466789,33.102181],[111.466362,33.101678],[111.464831,33.100035],[111.464649,33.099914],[111.464171,33.09977],[111.463892,33.099573],[111.463806,33.099453],[111.463525,33.099343],[111.463447,33.099283],[111.463037,33.098793],[111.462988,33.098629],[111.461966,33.09793],[111.460494,33.096753],[111.459239,33.095386],[111.459118,33.095319],[111.458064,33.09429],[111.457109,33.09318],[111.456653,33.092456],[111.456468,33.092007],[111.456387,33.091598],[111.456538,33.090719],[111.456674,33.090319],[111.45768,33.088288],[111.458479,33.086879],[111.460097,33.084198],[111.460373,33.083411],[111.460387,33.083211],[111.460534,33.082755],[111.460652,33.082494],[111.461046,33.081357],[111.461253,33.080631],[111.461416,33.080188],[111.460419,33.080265],[111.459346,33.080411],[111.458493,33.080467],[111.4569,33.074803],[111.457675,33.074619],[111.459668,33.074347],[111.458783,33.073234],[111.458128,33.072544],[111.457208,33.071407],[111.456613,33.070342],[111.455875,33.068723],[111.454786,33.066006],[111.454274,33.063974],[111.454185,33.063717],[111.453775,33.062816],[111.453579,33.062148],[111.45333,33.061566],[111.453209,33.061355],[111.453134,33.061],[111.453094,33.059138],[111.453024,33.058547],[111.455513,33.058534],[111.45555,33.058062],[111.455701,33.057322],[111.455974,33.056272],[111.456108,33.055573],[111.456224,33.054492],[111.456449,33.053754],[111.456639,33.05337],[111.456878,33.053055],[111.457745,33.052419],[111.458879,33.051481],[111.458249,33.050805],[111.4597,33.04986],[111.461341,33.04897],[111.463766,33.047558],[111.46283,33.046666],[111.462658,33.04656],[111.462001,33.046331],[111.459534,33.045854],[111.459469,33.044692],[111.459365,33.04415],[111.459383,33.043415],[111.459627,33.042729],[111.460612,33.041744],[111.460727,33.041324],[111.460899,33.040046],[111.461057,33.03932],[111.461087,33.039032],[111.46114,33.038886],[111.461628,33.038513],[111.4622,33.038185],[111.463578,33.037634],[111.463817,33.037587],[111.464281,33.037564],[111.464748,33.037029],[111.465464,33.036404],[111.466086,33.035752],[111.466733,33.035486],[111.467704,33.035149],[111.468109,33.035091],[111.468331,33.034945],[111.468675,33.034828],[111.469283,33.034704],[111.46968,33.034686],[111.469734,33.034645],[111.470005,33.034032],[111.470673,33.0327],[111.469613,33.031637],[111.469203,33.031133],[111.468771,33.030706],[111.468693,33.030674],[111.468557,33.030744],[111.468422,33.030949],[111.468283,33.031079],[111.468243,33.030973],[111.46827,33.030879],[111.468256,33.030654],[111.468173,33.030589],[111.467532,33.030436],[111.467433,33.029615],[111.467414,33.029127],[111.468428,33.028873],[111.468876,33.028871],[111.469034,33.028828],[111.469085,33.02908],[111.469074,33.029388],[111.46957,33.029831],[111.470091,33.03011],[111.470348,33.030324],[111.470665,33.030526],[111.470952,33.0306],[111.471563,33.030222],[111.471614,33.03015],[111.47151,33.03],[111.470938,33.029653],[111.470394,33.029413],[111.47019,33.029361],[111.470048,33.029278],[111.469911,33.029129],[111.469734,33.02854],[111.469731,33.028136],[111.469809,33.027753],[111.469868,33.027621],[111.47001,33.027528],[111.470536,33.027436],[111.47049,33.027148],[111.470708,33.027223],[111.470759,33.027281],[111.470869,33.027553],[111.470938,33.027603],[111.470914,33.027728],[111.470764,33.02801],[111.470641,33.028358],[111.470633,33.028558],[111.470681,33.028722],[111.470834,33.029019],[111.471021,33.02924],[111.471322,33.02948],[111.471845,33.029804],[111.472794,33.029109],[111.473583,33.028426],[111.474157,33.028039],[111.474653,33.027787],[111.475461,33.027499],[111.47568,33.027315],[111.475946,33.026941],[111.476144,33.026748],[111.476295,33.026433],[111.47649,33.026186],[111.477022,33.025768],[111.477368,33.025408],[111.47774,33.025165],[111.478271,33.024895],[111.478859,33.024672],[111.478958,33.024688],[111.479173,33.025599],[111.47925,33.025729],[111.479937,33.026161],[111.480213,33.026433],[111.480396,33.026514],[111.480581,33.026674],[111.481388,33.027533],[111.482061,33.028318],[111.482174,33.028426],[111.482263,33.028462],[111.483167,33.026721],[111.483848,33.025599],[111.484068,33.025511],[111.485379,33.026258],[111.485511,33.026271],[111.486334,33.025372],[111.486573,33.025046],[111.487107,33.02445],[111.487632,33.023791],[111.488059,33.022959],[111.488574,33.021582],[111.48899,33.020044],[111.489019,33.019394],[111.489003,33.019019],[111.488947,33.018697],[111.488732,33.017991],[111.488488,33.01737],[111.4883,33.01668],[111.487871,33.015836],[111.487426,33.015134],[111.487292,33.014808],[111.487136,33.014631],[111.486291,33.01399],[111.484846,33.013079],[111.484596,33.012892],[111.483341,33.012312],[111.482566,33.01199],[111.481898,33.011785],[111.480428,33.011444],[111.47965,33.011428],[111.478432,33.011554],[111.478001,33.011549],[111.476595,33.011729],[111.474404,33.011866],[111.474015,33.011929],[111.473191,33.011974],[111.470917,33.012197],[111.468701,33.012233],[111.466432,33.012172],[111.464997,33.01199],[111.46441,33.011934],[111.464007,33.011938],[111.463546,33.010895],[111.462495,33.008731],[111.462366,33.008376],[111.461974,33.007613],[111.461121,33.005681],[111.460429,33.004309],[111.460282,33.004343],[111.459695,33.004594],[111.458694,33.005134],[111.458474,33.005328],[111.458286,33.005317],[111.458091,33.005249],[111.457983,33.005265],[111.457922,33.00544],[111.457938,33.005679],[111.457817,33.005663],[111.457364,33.005463],[111.457334,33.005371],[111.457372,33.005299],[111.457187,33.005272],[111.456867,33.005294],[111.456481,33.005249],[111.455896,33.005463],[111.455596,33.00542],[111.454985,33.005712],[111.454995,33.005807],[111.454958,33.005879],[111.454714,33.005964],[111.4544,33.005989],[111.453826,33.006232],[111.45359,33.006376],[111.453005,33.006522],[111.452723,33.006524],[111.452718,33.006423],[111.45278,33.006232],[111.452764,33.006192],[111.452249,33.006025],[111.452278,33.005418],[111.452254,33.005281],[111.452214,33.005233],[111.451656,33.005049],[111.451262,33.005024],[111.451098,33.00508],[111.451224,33.004385],[111.450921,33.004253],[111.450497,33.004255],[111.449835,33.004201],[111.449706,33.004711],[111.449306,33.00468],[111.44918,33.004608],[111.449207,33.004426],[111.449325,33.004169],[111.449336,33.004066],[111.448663,33.003836],[111.448528,33.003832],[111.448625,33.003591],[111.448987,33.002928],[111.449033,33.002714],[111.449011,33.002662],[111.448668,33.002523],[111.448601,33.00244],[111.448244,33.001398],[111.448051,33.001081],[111.447638,33.00062],[111.447515,33.000561],[111.447533,33.000687],[111.447708,33.001178],[111.447681,33.001529],[111.447815,33.001765],[111.447917,33.002062],[111.448177,33.002296],[111.44829,33.00248],[111.448392,33.002566],[111.448633,33.003004],[111.448614,33.003105],[111.44848,33.003362],[111.448236,33.003683],[111.448054,33.003697],[111.447928,33.003668],[111.447595,33.003438],[111.447705,33.003056],[111.447705,33.002964],[111.447584,33.002631],[111.447603,33.00244],[111.447684,33.002248],[111.44678,33.001801],[111.446638,33.001666],[111.446589,33.001463],[111.446482,33.001553],[111.446334,33.001855],[111.446294,33.001882],[111.446114,33.001861],[111.446077,33.001798],[111.44623,33.001326],[111.446224,33.001151],[111.446152,33.000815],[111.446232,33.000761],[111.44645,33.000721],[111.446544,33.000548],[111.446847,33.000514],[111.446876,33.000447],[111.446871,33.000073],[111.446959,33.000033],[111.446895,32.999626],[111.446887,32.999331],[111.446914,32.999293],[111.447102,32.999198],[111.448279,32.998773],[111.448384,32.99878],[111.448448,32.998827],[111.44888,32.99945],[111.448931,32.999468],[111.449068,32.999468],[111.449196,32.999416],[111.449617,32.999155],[111.449862,32.999059],[111.449937,32.998987],[111.449945,32.998863],[111.449867,32.998487],[111.449856,32.998157],[111.449971,32.997875],[111.45028,32.997455],[111.450379,32.997248],[111.45046,32.996874],[111.450433,32.996517],[111.450312,32.996233],[111.449682,32.995444],[111.449135,32.994962],[111.448888,32.994818],[111.44873,32.994672],[111.448622,32.994544],[111.448494,32.994251],[111.448397,32.994121],[111.447619,32.993552],[111.447405,32.993345],[111.447091,32.993192],[111.446884,32.993216],[111.446546,32.993378],[111.445771,32.993882],[111.44487,32.994557],[111.444918,32.994793],[111.445044,32.99505],[111.445385,32.995624],[111.445774,32.996168],[111.445897,32.996391],[111.446157,32.997263],[111.446302,32.997646],[111.446235,32.99781]]]}},{"type":"Feature","properties":{"regionCode":"411326108","sourceCode":"411326108000","name":"寺湾镇","sourceName":"寺湾镇","parentCode":"411326","parentName":"淅川县","regionLevel":"township","regionType":"town","isManagementZone":false,"source":"ruiduobao","sourceVersion":"mixed-legacy~2018-2020","geometryRepaired":false,"match2020":true,"match2023":true},"geometry":{"type":"Polygon","coordinates":[[[111.176893,33.116654],[111.175383,33.117225],[111.173961,33.117643],[111.174061,33.117508],[111.173567,33.116818],[111.172167,33.117396],[111.171606,33.117542],[111.170145,33.117847],[111.169426,33.118034],[111.169013,33.118189],[111.167664,33.118854],[111.166768,33.11935],[111.165893,33.119892],[111.164488,33.1207],[111.163887,33.121087],[111.159478,33.124207],[111.158083,33.125238],[111.156653,33.126359],[111.156342,33.126482],[111.155765,33.126415],[111.155127,33.126296],[111.153019,33.125719],[111.150243,33.124753],[111.148451,33.124032],[111.147877,33.123861],[111.147569,33.123852],[111.147118,33.123926],[111.145667,33.124474],[111.144379,33.124791],[111.14292,33.124948],[111.141984,33.125103],[111.141383,33.125267],[111.140965,33.12546],[111.140466,33.125773],[111.140211,33.126015],[111.139938,33.126417],[111.139576,33.127329],[111.139297,33.128171],[111.139125,33.12925],[111.139085,33.129782],[111.138985,33.130472],[111.138782,33.130811],[111.138452,33.13119],[111.13788,33.131626],[111.137548,33.131783],[111.137263,33.131869],[111.136976,33.131887],[111.136663,33.131808],[111.136231,33.131835],[111.135786,33.13199],[111.13545,33.13223],[111.135246,33.132453],[111.133693,33.13533],[111.133141,33.135896],[111.132814,33.136127],[111.132039,33.136558],[111.131448,33.136841],[111.12996,33.137452],[111.127688,33.138021],[111.126883,33.138434],[111.126242,33.138982],[111.126049,33.139215],[111.125631,33.140013],[111.125376,33.140803],[111.125215,33.141686],[111.125113,33.142551],[111.125022,33.143979],[111.1251,33.14488],[111.125835,33.147673],[111.125875,33.148086],[111.125735,33.148351],[111.125472,33.148596],[111.12488,33.148996],[111.124174,33.149357],[111.12381,33.14964],[111.123514,33.149993],[111.123136,33.150671],[111.122911,33.151318],[111.122753,33.152378],[111.122731,33.153016],[111.122793,33.154612],[111.122983,33.156128],[111.12374,33.157936],[111.124802,33.16008],[111.1251,33.160765],[111.125223,33.161254],[111.125269,33.161602],[111.125177,33.162164],[111.124866,33.162714],[111.124582,33.162985],[111.124268,33.163161],[111.123756,33.163264],[111.123136,33.163271],[111.122544,33.163199],[111.121736,33.163026],[111.121245,33.162846],[111.120744,33.162617],[111.120339,33.162352],[111.119684,33.161827],[111.119204,33.161371],[111.118684,33.160789],[111.117898,33.159624],[111.116731,33.157498],[111.116393,33.157051],[111.115476,33.15615],[111.11495,33.155899],[111.114435,33.155912],[111.113749,33.156236],[111.113462,33.156433],[111.113344,33.157028],[111.113335,33.158692],[111.113215,33.159031],[111.112807,33.159431],[111.112276,33.159833],[111.111694,33.160347],[111.111179,33.161097],[111.110873,33.161654],[111.110466,33.162512],[111.109894,33.163567],[111.10965,33.163895],[111.10928,33.164247],[111.108816,33.164503],[111.107939,33.164779],[111.107346,33.164892],[111.106643,33.164943],[111.104093,33.164997],[111.102631,33.164946],[111.101676,33.164827],[111.101244,33.164811],[111.100962,33.164836],[111.100051,33.165145],[111.099656,33.165361],[111.099063,33.165844],[111.098841,33.166187],[111.098645,33.166607],[111.098565,33.166933],[111.098817,33.167999],[111.099131,33.168706],[111.099522,33.169977],[111.09982,33.170714],[111.099876,33.171064],[111.099855,33.171448],[111.099777,33.171769],[111.099616,33.172209],[111.099375,33.17259],[111.099173,33.172822],[111.09894,33.173017],[111.098578,33.173226],[111.09813,33.173383],[111.09831,33.173399],[111.098755,33.173275],[111.098865,33.173666],[111.09901,33.173787],[111.099286,33.173827],[111.100053,33.173807],[111.100303,33.173852],[111.100533,33.174005],[111.100756,33.174328],[111.10118,33.174072],[111.101376,33.173991],[111.101448,33.174016],[111.10155,33.17418],[111.101614,33.174171],[111.101912,33.174025],[111.102237,33.17372],[111.10232,33.173726],[111.102593,33.173879],[111.103409,33.17275],[111.10446,33.173383],[111.104554,33.173484],[111.104557,33.173549],[111.104117,33.174234],[111.105774,33.175368],[111.105764,33.175446],[111.105646,33.175545],[111.105316,33.175707],[111.104428,33.176367],[111.104431,33.176398],[111.109116,33.180116],[111.110618,33.181207],[111.110565,33.181357],[111.110431,33.181575],[111.10947,33.182675],[111.108435,33.18373],[111.107467,33.184437],[111.105686,33.185202],[111.105353,33.185274],[111.104736,33.185342],[111.103961,33.185364],[111.101558,33.185063],[111.099632,33.18505],[111.099045,33.185086],[111.098658,33.185115],[111.098125,33.185218],[111.096928,33.185566],[111.096234,33.185808],[111.094104,33.186902],[111.093321,33.187503],[111.092645,33.187968],[111.092117,33.188325],[111.091685,33.188556],[111.09121,33.188639],[111.09091,33.188731],[111.089888,33.189158],[111.089332,33.189436],[111.089011,33.189681],[111.088493,33.190365],[111.088184,33.19067],[111.087474,33.19107],[111.086825,33.191333],[111.086487,33.191514],[111.085964,33.191844],[111.08429,33.192758],[111.083901,33.193054],[111.083555,33.1934],[111.08341,33.193676],[111.083281,33.194165],[111.083311,33.194585],[111.083437,33.195252],[111.083437,33.195876],[111.083485,33.196376],[111.083855,33.198297],[111.083898,33.199516],[111.084019,33.20027],[111.083979,33.200353],[111.083735,33.200394],[111.081833,33.201172],[111.079338,33.202018],[111.080634,33.204177],[111.080763,33.204454],[111.080784,33.20459],[111.080749,33.204855],[111.080594,33.205255],[111.080446,33.205966],[111.080358,33.206074],[111.080154,33.206092],[111.079601,33.206004],[111.079269,33.205885],[111.078633,33.205544],[111.078596,33.205558],[111.078464,33.20591],[111.078397,33.206274],[111.078397,33.20644],[111.078443,33.206617],[111.078547,33.206823],[111.078684,33.206949],[111.078891,33.20701],[111.079078,33.20701],[111.079521,33.20694],[111.079695,33.206987],[111.079988,33.207138],[111.080084,33.207212],[111.080288,33.207483],[111.080444,33.207784],[111.080454,33.207943],[111.080269,33.208051],[111.080012,33.208116],[111.079644,33.208349],[111.07925,33.208787],[111.078789,33.209166],[111.078663,33.209216],[111.078424,33.209211],[111.078292,33.20918],[111.077289,33.208718],[111.077211,33.208617],[111.077144,33.208412],[111.076324,33.207871],[111.076074,33.207607],[111.075937,33.207508],[111.075793,33.207443],[111.075575,33.207405],[111.075358,33.207427],[111.075001,33.20764],[111.07491,33.207737],[111.074824,33.208017],[111.074843,33.208412],[111.074937,33.208722],[111.075154,33.209144],[111.075428,33.209465],[111.075538,33.209543],[111.076342,33.20981],[111.076721,33.21003],[111.076916,33.210246],[111.076978,33.210513],[111.076975,33.210856],[111.076844,33.211318],[111.076777,33.211473],[111.076705,33.211514],[111.076659,33.211507],[111.076128,33.210971],[111.075862,33.2106],[111.075653,33.210434],[111.075331,33.210385],[111.074999,33.210392],[111.074682,33.210309],[111.074232,33.210044],[111.074001,33.209808],[111.072815,33.209312],[111.072563,33.209263],[111.07241,33.209256],[111.072274,33.209362],[111.071965,33.209768],[111.071429,33.21058],[111.071335,33.210627],[111.071107,33.210661],[111.071083,33.210843],[111.071152,33.211321],[111.071914,33.212826],[111.072083,33.213529],[111.072274,33.213639],[111.072719,33.213657],[111.072826,33.213722],[111.07307,33.214108],[111.073448,33.214613],[111.073668,33.21505],[111.07373,33.215317],[111.073816,33.216049],[111.074073,33.216659],[111.074167,33.216691],[111.075106,33.216724],[111.075162,33.216756],[111.075369,33.217029],[111.075559,33.217121],[111.075795,33.217],[111.075886,33.216902],[111.075919,33.216911],[111.076232,33.217366],[111.076286,33.217528],[111.07631,33.217806],[111.076514,33.217943],[111.07649,33.218003],[111.07601,33.218205],[111.075814,33.218418],[111.07527,33.218899],[111.075095,33.219121],[111.075028,33.219264],[111.075034,33.219338],[111.075221,33.219547],[111.075653,33.220153],[111.076171,33.221134],[111.076187,33.22125],[111.076836,33.221127],[111.077633,33.221073],[111.077839,33.220938],[111.078126,33.220831],[111.078341,33.220683],[111.078437,33.220691],[111.07848,33.220718],[111.078818,33.221248],[111.079011,33.221387],[111.079207,33.221484],[111.079422,33.221542],[111.079894,33.221528],[111.080194,33.221706],[111.080419,33.22191],[111.080513,33.222042],[111.080543,33.222139],[111.080548,33.222437],[111.080613,33.222603],[111.080926,33.223009],[111.081283,33.223346],[111.082101,33.223963],[111.084204,33.22513],[111.084558,33.225298],[111.086342,33.226009],[111.088254,33.22583],[111.088868,33.225821],[111.089166,33.225428],[111.089201,33.225276],[111.089171,33.225112],[111.089115,33.225011],[111.088831,33.224768],[111.088799,33.224645],[111.088925,33.224371],[111.089013,33.224259],[111.08937,33.22403],[111.089571,33.223938],[111.090008,33.223851],[111.090255,33.223779],[111.090357,33.223714],[111.091084,33.223705],[111.091956,33.223846],[111.092414,33.223961],[111.092776,33.224468],[111.093106,33.225013],[111.093291,33.225442],[111.093374,33.225931],[111.094252,33.226287],[111.094501,33.226442],[111.094297,33.226599],[111.09427,33.226981],[111.094214,33.227192],[111.094603,33.227268],[111.096153,33.227286],[111.096325,33.227338],[111.096365,33.227548],[111.096432,33.227703],[111.096749,33.228224],[111.096939,33.228372],[111.097057,33.228547],[111.096877,33.228993],[111.096601,33.229415],[111.09625,33.229814],[111.096073,33.229954],[111.095853,33.230012],[111.095046,33.229848],[111.093911,33.229794],[111.093884,33.229846],[111.093852,33.230104],[111.093865,33.230209],[111.093916,33.230295],[111.094093,33.230342],[111.094531,33.230378],[111.095263,33.23055],[111.095099,33.23099],[111.095032,33.23128],[111.095019,33.231665],[111.095075,33.232175],[111.095035,33.232356],[111.094126,33.232722],[111.093058,33.23322],[111.092192,33.233642],[111.091779,33.233873],[111.091779,33.2339],[111.092559,33.235311],[111.092739,33.23552],[111.09286,33.235585],[111.093535,33.235728],[111.094045,33.235726],[111.095126,33.235392],[111.095569,33.235201],[111.096008,33.235062],[111.096164,33.235046],[111.096242,33.235107],[111.096368,33.235349],[111.096424,33.235612],[111.096419,33.235838],[111.096317,33.236428],[111.096346,33.236599],[111.097331,33.23692],[111.097567,33.236965],[111.098194,33.236987],[111.098441,33.236951],[111.098849,33.237745],[111.098919,33.237963],[111.098978,33.238885],[111.098959,33.239008],[111.09872,33.23967],[111.098785,33.240034],[111.098785,33.240262],[111.099066,33.240693],[111.099442,33.241092],[111.10038,33.241285],[111.101515,33.241613],[111.102025,33.241833],[111.102658,33.242288],[111.102929,33.24238],[111.103106,33.242398],[111.103795,33.242364],[111.105326,33.242198],[111.105943,33.242028],[111.106075,33.241956],[111.106179,33.241853],[111.106405,33.241397],[111.106896,33.240814],[111.107094,33.241007],[111.10736,33.241169],[111.107925,33.241406],[111.108116,33.241586],[111.108459,33.242095],[111.108572,33.242198],[111.10909,33.242351],[111.109433,33.24275],[111.109605,33.242777],[111.109985,33.242741],[111.110385,33.242909],[111.110761,33.243013],[111.110903,33.243004],[111.111179,33.242894],[111.111635,33.242925],[111.112099,33.2428],[111.112815,33.24247],[111.113048,33.242411],[111.1137,33.242409],[111.114025,33.242324],[111.11425,33.242176],[111.114564,33.24188],[111.114934,33.24179],[111.115031,33.241736],[111.115393,33.241402],[111.115723,33.241249],[111.116192,33.24111],[111.116946,33.240594],[111.117348,33.240381],[111.117785,33.240363],[111.118386,33.240399],[111.118756,33.240251],[111.11889,33.240164],[111.119604,33.239401],[111.119966,33.238739],[111.120049,33.238338],[111.120028,33.237846],[111.119934,33.237503],[111.119961,33.237465],[111.120113,33.237366],[111.122181,33.236384],[111.122372,33.236368],[111.122691,33.236455],[111.122793,33.236455],[111.124445,33.235852],[111.124799,33.235787],[111.125387,33.235737],[111.12573,33.235852],[111.125961,33.235861],[111.126229,33.235749],[111.126347,33.235643],[111.126612,33.235569],[111.126787,33.235587],[111.127253,33.235787],[111.12787,33.235955],[111.127999,33.235964],[111.128182,33.235885],[111.128415,33.235672],[111.128739,33.235865],[111.129115,33.236018],[111.129662,33.236332],[111.130075,33.236336],[111.130228,33.236265],[111.130373,33.23611],[111.130461,33.236099],[111.130539,33.236179],[111.130601,33.236435],[111.130671,33.236554],[111.130751,33.236633],[111.131003,33.236742],[111.131727,33.236754],[111.132352,33.23661],[111.132224,33.236516],[111.13217,33.236413],[111.132012,33.235524],[111.131918,33.235394],[111.131754,33.235396],[111.131628,33.235453],[111.131266,33.235531],[111.130515,33.235412],[111.12985,33.235493],[111.129571,33.235574],[111.129367,33.235549],[111.129327,33.235511],[111.129321,33.235421],[111.129515,33.23532],[111.129834,33.235262],[111.130486,33.235255],[111.130268,33.234737],[111.130131,33.234544],[111.129751,33.234145],[111.130233,33.233761],[111.13048,33.233458],[111.130638,33.233332],[111.131794,33.232527],[111.132055,33.232493],[111.132591,33.232567],[111.132752,33.232601],[111.133058,33.232765],[111.133181,33.232751],[111.133251,33.23272],[111.133417,33.232536],[111.133879,33.232294],[111.134168,33.232195],[111.134793,33.231787],[111.135236,33.23134],[111.135429,33.231053],[111.13559,33.230615],[111.13604,33.229985],[111.136327,33.229675],[111.136714,33.229449],[111.136748,33.229319],[111.136971,33.228928],[111.136976,33.22867],[111.137054,33.228529],[111.137537,33.228392],[111.13784,33.228159],[111.138114,33.227827],[111.138296,33.227546],[111.138323,33.227456],[111.13861,33.227106],[111.138908,33.226949],[111.139146,33.226947],[111.139307,33.226911],[111.139455,33.226835],[111.140152,33.226267],[111.140619,33.226054],[111.140925,33.225807],[111.140986,33.225727],[111.141016,33.225574],[111.140927,33.225181],[111.140844,33.225044],[111.140718,33.224961],[111.140678,33.224876],[111.140654,33.223721],[111.140729,33.223503],[111.140729,33.222803],[111.14064,33.221358],[111.140654,33.221118],[111.14074,33.220772],[111.140887,33.220649],[111.141697,33.220523],[111.14218,33.220323],[111.142239,33.220225],[111.142255,33.220027],[111.142631,33.219884],[111.142679,33.219628],[111.142714,33.219588],[111.143108,33.219397],[111.143202,33.218923],[111.143384,33.218634],[111.143379,33.218293],[111.143559,33.21816],[111.143982,33.218066],[111.144095,33.217956],[111.144157,33.217483],[111.144117,33.217279],[111.143982,33.216944],[111.143945,33.216702],[111.143958,33.216495],[111.144454,33.215921],[111.144516,33.215786],[111.144562,33.215346],[111.144554,33.215106],[111.144664,33.214689],[111.143073,33.214301],[111.142169,33.214043],[111.142057,33.213987],[111.142362,33.213313],[111.142432,33.213064],[111.142564,33.212856],[111.142609,33.212593],[111.142682,33.212402],[111.142636,33.212304],[111.14085,33.212364],[111.140517,33.212411],[111.140391,33.212391],[111.140426,33.21179],[111.140635,33.210544],[111.14074,33.210208],[111.14085,33.210059],[111.141737,33.210221],[111.142223,33.210275],[111.14262,33.210412],[111.143247,33.210688],[111.143403,33.210459],[111.143634,33.210297],[111.143969,33.209909],[111.144066,33.209837],[111.145028,33.209559],[111.146037,33.209014],[111.14682,33.208412],[111.147075,33.208029],[111.147137,33.207827],[111.147115,33.207757],[111.146179,33.207355],[111.145761,33.207225],[111.145688,33.207171],[111.145804,33.206444],[111.146058,33.205288],[111.145825,33.205015],[111.145511,33.20448],[111.145423,33.204402],[111.145315,33.204386],[111.14453,33.204467],[111.144519,33.203895],[111.144436,33.203482],[111.144366,33.203358],[111.144288,33.202885],[111.144387,33.202461],[111.144358,33.202371],[111.14424,33.202292],[111.1442,33.202205],[111.144519,33.201065],[111.14464,33.200791],[111.14431,33.20095],[111.14424,33.201047],[111.144154,33.201303],[111.144114,33.201262],[111.144127,33.200948],[111.144098,33.200833],[111.144055,33.2008],[111.143797,33.200771],[111.143757,33.20073],[111.143787,33.200613],[111.143784,33.200178],[111.143803,33.200124],[111.143956,33.200066],[111.14402,33.199992],[111.144047,33.199543],[111.14417,33.199444],[111.144371,33.19935],[111.144412,33.199271],[111.144412,33.199168],[111.144334,33.198901],[111.144433,33.198665],[111.14475,33.198432],[111.144795,33.198279],[111.144795,33.198093],[111.145047,33.197554],[111.145251,33.197254],[111.145661,33.196838],[111.145656,33.196706],[111.145707,33.196513],[111.145879,33.196232],[111.146142,33.196019],[111.146592,33.196073],[111.147008,33.196192],[111.147121,33.196181],[111.147196,33.196053],[111.147324,33.195629],[111.147611,33.195579],[111.14767,33.19551],[111.147735,33.195265],[111.147829,33.195155],[111.148097,33.194982],[111.148531,33.194587],[111.149146,33.194217],[111.149457,33.193986],[111.149572,33.193743],[111.149773,33.193433],[111.149835,33.193092],[111.149776,33.192403],[111.149776,33.191748],[111.149835,33.191737],[111.150087,33.191752],[111.150138,33.191885],[111.150251,33.191997],[111.150326,33.192026],[111.151299,33.192154],[111.152169,33.192226],[111.152866,33.192352],[111.153249,33.192504],[111.154113,33.192964],[111.154486,33.193306],[111.154824,33.19388],[111.154824,33.194134],[111.154907,33.194713],[111.155047,33.194958],[111.155291,33.195142],[111.155521,33.195258],[111.155846,33.195595],[111.15606,33.195723],[111.156428,33.195882],[111.156503,33.195662],[111.156634,33.195483],[111.156825,33.195326],[111.156895,33.195198],[111.156811,33.195043],[111.156895,33.194926],[111.157039,33.194805],[111.157106,33.194693],[111.15701,33.193604],[111.157069,33.192944],[111.157235,33.192399],[111.157407,33.192194],[111.158308,33.191422],[111.158445,33.191265],[111.158665,33.191166],[111.158831,33.191166],[111.159453,33.191308],[111.160481,33.191427],[111.160556,33.191472],[111.160564,33.191663],[111.16066,33.191786],[111.160859,33.191882],[111.161065,33.19186],[111.161245,33.191882],[111.161385,33.191941],[111.161535,33.191934],[111.161618,33.191887],[111.161824,33.191916],[111.161956,33.192022],[111.16224,33.192118],[111.163335,33.192129],[111.163308,33.192455],[111.163592,33.192679],[111.16364,33.192836],[111.163729,33.192924],[111.163935,33.192922],[111.164019,33.192951],[111.164061,33.19302],[111.164,33.19309],[111.163874,33.193144],[111.163841,33.193214],[111.163882,33.193368],[111.163807,33.193467],[111.163683,33.193514],[111.163552,33.193514],[111.163447,33.193467],[111.163227,33.193665],[111.163222,33.193822],[111.16327,33.193939],[111.163415,33.194111],[111.165057,33.195124],[111.165341,33.1952],[111.165609,33.195135],[111.165727,33.195157],[111.165845,33.195227],[111.165845,33.196125],[111.16588,33.196208],[111.165896,33.196874],[111.165971,33.196886],[111.166314,33.19674],[111.166709,33.19663],[111.167135,33.196661],[111.167575,33.196771],[111.168412,33.197269],[111.169093,33.197884],[111.169673,33.198145],[111.17,33.198376],[111.17026,33.198448],[111.170689,33.198302],[111.171593,33.197694],[111.171877,33.197548],[111.172921,33.197386],[111.173618,33.197321],[111.173747,33.197198],[111.173817,33.196841],[111.173937,33.196645],[111.174125,33.196443],[111.174307,33.196145],[111.174133,33.195855],[111.173884,33.195682],[111.173919,33.195624],[111.17427,33.195638],[111.174366,33.195608],[111.174546,33.195492],[111.174562,33.195406],[111.174519,33.195124],[111.174216,33.194515],[111.174088,33.194298],[111.17357,33.193725],[111.17357,33.193631],[111.173758,33.193306],[111.17387,33.193014],[111.174482,33.192985],[111.174584,33.193101],[111.174774,33.193222],[111.175284,33.193229],[111.175429,33.192578],[111.175737,33.191802],[111.175987,33.191431],[111.17615,33.191294],[111.176271,33.191321],[111.176349,33.191467],[111.176952,33.191663],[111.177247,33.191981],[111.1774,33.191871],[111.177875,33.191276],[111.178028,33.191016],[111.17821,33.190581],[111.179063,33.19034],[111.179433,33.190383],[111.180337,33.190563],[111.181045,33.190852],[111.181485,33.190852],[111.181976,33.190785],[111.182397,33.190603],[111.182845,33.190334],[111.183043,33.190168],[111.183121,33.190051],[111.183094,33.189927],[111.182958,33.18982],[111.182483,33.189842],[111.1823,33.189784],[111.18219,33.189705],[111.181233,33.18938],[111.181,33.189178],[111.181008,33.189041],[111.181265,33.188989],[111.181818,33.189133],[111.182059,33.189045],[111.182231,33.189032],[111.182818,33.189095],[111.183301,33.189007],[111.183542,33.188854],[111.18366,33.188617],[111.183773,33.188484],[111.183937,33.188412],[111.184108,33.188412],[111.18417,33.188441],[111.184076,33.188585],[111.184033,33.188753],[111.184111,33.189043],[111.18406,33.18918],[111.183955,33.18929],[111.183888,33.189593],[111.183792,33.18971],[111.183526,33.189849],[111.183491,33.189927],[111.183674,33.189979],[111.183947,33.189963],[111.184293,33.18984],[111.184562,33.18966],[111.184859,33.189597],[111.184905,33.189272],[111.185197,33.189074],[111.185361,33.188895],[111.185385,33.188816],[111.185358,33.188464],[111.185409,33.188381],[111.185651,33.188181],[111.185696,33.187979],[111.185728,33.187914],[111.18579,33.187898],[111.186208,33.187916],[111.186597,33.188291],[111.186989,33.188471],[111.187185,33.18863],[111.187139,33.189048],[111.187043,33.189178],[111.186809,33.189351],[111.187147,33.189389],[111.187313,33.189337],[111.187512,33.189184],[111.188089,33.188837],[111.189145,33.188464],[111.189647,33.188163],[111.189942,33.188109],[111.191176,33.188037],[111.191597,33.188069],[111.191975,33.18815],[111.19249,33.188114],[111.195891,33.18812],[111.194684,33.189806],[111.19462,33.18997],[111.194647,33.190132],[111.194749,33.190266],[111.195028,33.190439],[111.195111,33.190527],[111.195148,33.19083],[111.195234,33.191074],[111.195459,33.191523],[111.195596,33.191719],[111.196138,33.192221],[111.196586,33.192695],[111.196972,33.193032],[111.198284,33.194814],[111.198045,33.194872],[111.197538,33.195079],[111.195905,33.196158],[111.195599,33.196286],[111.195371,33.196309],[111.194676,33.196253],[111.194413,33.196311],[111.19415,33.196468],[111.193896,33.196704],[111.192986,33.197703],[111.192455,33.198205],[111.191924,33.198553],[111.191179,33.199182],[111.189416,33.200052],[111.189261,33.200091],[111.188432,33.201305],[111.187485,33.201749],[111.187075,33.20198],[111.186836,33.202187],[111.186554,33.202326],[111.187853,33.203071],[111.188727,33.203385],[111.189339,33.203506],[111.190339,33.203513],[111.190782,33.203598],[111.191382,33.203874],[111.191508,33.20396],[111.191635,33.203951],[111.191782,33.203989],[111.192281,33.204321],[111.192976,33.204397],[111.194647,33.204797],[111.195974,33.2053],[111.19653,33.205719],[111.197039,33.20523],[111.197501,33.205374],[111.19768,33.205479],[111.198252,33.205414],[111.198549,33.205515],[111.198925,33.205594],[111.199933,33.206336],[111.199856,33.206408],[111.199609,33.206538],[111.19926,33.206689],[111.198799,33.206783],[111.198238,33.206992],[111.198007,33.207106],[111.198007,33.207207],[111.198316,33.207436],[111.198852,33.207963],[111.199056,33.208296],[111.199566,33.208637],[111.199767,33.208854],[111.200113,33.209317],[111.20202,33.210728],[111.202162,33.210921],[111.202406,33.211139],[111.203297,33.211152],[111.203595,33.211267],[111.204193,33.211363],[111.204979,33.211258],[111.205384,33.211116],[111.20559,33.211123],[111.205799,33.211211],[111.205831,33.211269],[111.205719,33.212138],[111.205971,33.212209],[111.206258,33.212405],[111.206384,33.212586],[111.206373,33.212809],[111.206282,33.213019],[111.206295,33.213199],[111.206333,33.213269],[111.206435,33.21332],[111.206773,33.213322],[111.206859,33.213444],[111.206835,33.213607],[111.206633,33.213944],[111.206843,33.213953],[111.207368,33.214076],[111.207645,33.214083],[111.207907,33.214025],[111.208093,33.213798],[111.208256,33.213681],[111.208728,33.213773],[111.208908,33.213872],[111.208956,33.213935],[111.209034,33.214065],[111.209053,33.214251],[111.209259,33.214512],[111.209444,33.214667],[111.209654,33.214783],[111.210131,33.214983],[111.210123,33.215127],[111.2103,33.215441],[111.210356,33.215456],[111.210474,33.215405],[111.210697,33.215127],[111.211362,33.214925],[111.21287,33.215212],[111.212904,33.215165],[111.213194,33.214049],[111.213237,33.213773],[111.213234,33.213538],[111.213323,33.21334],[111.213688,33.212824],[111.213883,33.212488],[111.214071,33.212014],[111.214221,33.211913],[111.214809,33.211725],[111.215198,33.211502],[111.215683,33.211426],[111.216045,33.211404],[111.216292,33.211467],[111.216829,33.211819],[111.216947,33.211848],[111.21715,33.211794],[111.217542,33.211556],[111.217596,33.21146],[111.217582,33.211348],[111.217183,33.210051],[111.217161,33.209768],[111.217207,33.209514],[111.217215,33.209218],[111.217268,33.209065],[111.217478,33.208996],[111.218422,33.208913],[111.218486,33.208937],[111.218575,33.209211],[111.218596,33.209597],[111.218577,33.210017],[111.218454,33.210484],[111.218422,33.210775],[111.218298,33.211116],[111.218229,33.21148],[111.218264,33.211514],[111.218414,33.211527],[111.218864,33.211471],[111.219377,33.211312],[111.219905,33.211231],[111.220197,33.211125],[111.221053,33.21117],[111.221501,33.211139],[111.222204,33.211027],[111.2223,33.210964],[111.223059,33.210739],[111.223204,33.210643],[111.223338,33.210603],[111.223751,33.210618],[111.224156,33.210414],[111.224484,33.210329],[111.225095,33.210082],[111.225838,33.210077],[111.22609,33.210131],[111.226251,33.210261],[111.22638,33.210515],[111.226391,33.211366],[111.226342,33.211803],[111.226391,33.212016],[111.226493,33.212149],[111.226774,33.212369],[111.227152,33.212503],[111.227246,33.212582],[111.227378,33.212914],[111.227496,33.213107],[111.227737,33.213338],[111.228088,33.213859],[111.228147,33.213996],[111.228276,33.214171],[111.228416,33.214287],[111.228738,33.214521],[111.228982,33.214635],[111.229376,33.21472],[111.229778,33.214967],[111.229961,33.215028],[111.231082,33.215026],[111.231616,33.215086],[111.233895,33.215649],[111.234815,33.216067],[111.235116,33.21628],[111.235322,33.216372],[111.235601,33.216666],[111.235888,33.216747],[111.235982,33.216827],[111.236285,33.217184],[111.236422,33.217487],[111.236744,33.218001],[111.237114,33.218183],[111.237342,33.218472],[111.237393,33.21867],[111.23746,33.21878],[111.238222,33.219412],[111.238587,33.219298],[111.239936,33.219161],[111.240244,33.218764],[111.240496,33.218596],[111.240708,33.218676],[111.240888,33.218829],[111.241178,33.218984],[111.241518,33.218957],[111.241677,33.218982],[111.241768,33.219027],[111.24199,33.219303],[111.242183,33.21943],[111.242398,33.219496],[111.242816,33.219386],[111.242988,33.219401],[111.243248,33.219478],[111.243415,33.219563],[111.243731,33.219576],[111.244219,33.21972],[111.244533,33.219868],[111.244772,33.219899],[111.245252,33.219859],[111.245767,33.219931],[111.246569,33.21998],[111.246708,33.219973],[111.247207,33.219807],[111.247827,33.219733],[111.248473,33.21978],[111.249533,33.219729],[111.249879,33.219742],[111.249951,33.21972],[111.25015,33.219377],[111.250294,33.218838],[111.250992,33.219338],[111.251067,33.219484],[111.251094,33.219635],[111.251147,33.219691],[111.251434,33.219846],[111.251676,33.219872],[111.252046,33.219825],[111.252491,33.219688],[111.253805,33.219538],[111.254031,33.219538],[111.254379,33.219671],[111.254599,33.219711],[111.254967,33.219715],[111.255908,33.21959],[111.256799,33.219677],[111.257292,33.219601],[111.257909,33.219415],[111.258156,33.219531],[111.258856,33.220025],[111.259537,33.220189],[111.259784,33.220377],[111.260194,33.220994],[111.260414,33.221699],[111.260661,33.222013],[111.260865,33.222114],[111.261069,33.222444],[111.262174,33.22193],[111.262458,33.221643],[111.262769,33.221075],[111.263008,33.220768],[111.263775,33.219994],[111.263907,33.219917],[111.26444,33.219953],[111.265403,33.219953],[111.266592,33.219857],[111.268201,33.219623],[111.269531,33.219325],[111.270424,33.219071],[111.271548,33.218643],[111.272409,33.218405],[111.273933,33.218156],[111.274086,33.218158],[111.274163,33.218266],[111.274008,33.217638],[111.273614,33.216899],[111.273426,33.216394],[111.273225,33.215454],[111.27331,33.214193],[111.273327,33.21275],[111.273404,33.211543],[111.273364,33.21137],[111.273182,33.210989],[111.27271,33.210342],[111.272691,33.209599],[111.27261,33.209294],[111.27223,33.208884],[111.271894,33.20874],[111.271369,33.208652],[111.270368,33.208632],[111.270154,33.208693],[111.269794,33.208888],[111.269491,33.208996],[111.269437,33.20898],[111.26933,33.208823],[111.268512,33.20819],[111.268236,33.208033],[111.267919,33.207883],[111.267557,33.207815],[111.267048,33.207775],[111.266707,33.207669],[111.266404,33.207393],[111.266278,33.207169],[111.266221,33.20701],[111.266197,33.206408],[111.266093,33.206074],[111.265521,33.205724],[111.265232,33.205625],[111.265119,33.205522],[111.264971,33.205288],[111.264658,33.20466],[111.264135,33.204059],[111.264011,33.203697],[111.264041,33.203286],[111.264389,33.202272],[111.26462,33.201848],[111.265245,33.201197],[111.265379,33.200966],[111.265377,33.200771],[111.265256,33.200326],[111.265159,33.200109],[111.264875,33.199081],[111.264666,33.198594],[111.264371,33.19808],[111.264078,33.197696],[111.264057,33.197622],[111.264084,33.197222],[111.264274,33.196951],[111.264285,33.196663],[111.26425,33.196592],[111.263944,33.196304],[111.263531,33.196021],[111.26337,33.195799],[111.262735,33.194841],[111.262507,33.194329],[111.262008,33.193438],[111.262756,33.192962],[111.263295,33.1923],[111.263448,33.192001],[111.263646,33.191492],[111.263633,33.191344],[111.263534,33.191063],[111.263362,33.190814],[111.26337,33.190475],[111.263437,33.19012],[111.263888,33.189355],[111.264035,33.188962],[111.264135,33.188601],[111.264135,33.188484],[111.2641,33.188331],[111.263979,33.1881],[111.263582,33.187472],[111.263534,33.187027],[111.263553,33.186935],[111.263877,33.186509],[111.26417,33.185977],[111.264237,33.185764],[111.264376,33.185564],[111.264411,33.1854],[111.264314,33.185211],[111.264188,33.185115],[111.263781,33.184545],[111.263671,33.184291],[111.263697,33.184134],[111.263638,33.183761],[111.263638,33.183537],[111.26366,33.18298],[111.263883,33.182623],[111.26406,33.182457],[111.264368,33.181947],[111.264419,33.18159],[111.264373,33.181478],[111.264271,33.181368],[111.26362,33.181204],[111.26293,33.18111],[111.263048,33.18021],[111.263196,33.179768],[111.263317,33.179162],[111.262949,33.179022],[111.262869,33.178926],[111.262858,33.178811],[111.262898,33.178603],[111.263064,33.178383],[111.263115,33.178203],[111.263067,33.178066],[111.262866,33.177848],[111.263115,33.177648],[111.263534,33.177392],[111.263869,33.177065],[111.264038,33.176834],[111.264191,33.176407],[111.264384,33.175641],[111.264451,33.1755],[111.26458,33.17537],[111.265478,33.175017],[111.265926,33.174905],[111.266667,33.174631],[111.266779,33.17453],[111.266527,33.173919],[111.266154,33.172795],[111.265945,33.171746],[111.265857,33.170907],[111.268002,33.170352],[111.268804,33.170047],[111.269317,33.169887],[111.270449,33.169631],[111.272661,33.169299],[111.27356,33.169126],[111.27367,33.169059],[111.273428,33.167635],[111.273313,33.167191],[111.273142,33.166744],[111.271476,33.164883],[111.270065,33.165145],[111.26937,33.165417],[111.268182,33.165783],[111.267434,33.166093],[111.266109,33.166805],[111.265245,33.167119],[111.264709,33.167433],[111.264092,33.167739],[111.263593,33.16788],[111.263244,33.167929],[111.261428,33.167878],[111.260659,33.168026],[111.260157,33.168176],[111.259728,33.168358],[111.25921,33.168509],[111.258403,33.168432],[111.257341,33.16817],[111.256852,33.167972],[111.256525,33.167633],[111.256152,33.16733],[111.255383,33.167016],[111.254988,33.166744],[111.254868,33.166322],[111.254908,33.165996],[111.255101,33.165745],[111.255307,33.165264],[111.25575,33.164607],[111.255965,33.164101],[111.256246,33.163798],[111.256297,33.163574],[111.256284,33.163217],[111.25616,33.162709],[111.25623,33.162209],[111.256174,33.161764],[111.256718,33.161248],[111.256812,33.161007],[111.256863,33.160736],[111.257029,33.160417],[111.257225,33.159492],[111.257209,33.159036],[111.257083,33.158436],[111.256973,33.158212],[111.256474,33.157612],[111.256252,33.157421],[111.25535,33.156474],[111.25479,33.156162],[111.254184,33.15596],[111.253859,33.155957],[111.253296,33.156092],[111.252408,33.15622],[111.251228,33.156323],[111.250611,33.156602],[111.250257,33.156692],[111.249157,33.156754],[111.248465,33.156905],[111.248007,33.156903],[111.247982,33.156934],[111.247711,33.156961],[111.246416,33.15697],[111.245823,33.157044],[111.24504,33.157058],[111.244187,33.157147],[111.243814,33.157118],[111.243157,33.156907],[111.242996,33.156826],[111.242757,33.156633],[111.242489,33.156339],[111.24258,33.155973],[111.242851,33.15538],[111.243026,33.155084],[111.24316,33.154945],[111.2436,33.154736],[111.244056,33.154745],[111.244107,33.154718],[111.244037,33.154426],[111.243919,33.154125],[111.243667,33.15366],[111.243275,33.15344],[111.242709,33.153451],[111.242521,33.153781],[111.242216,33.154709],[111.242159,33.154776],[111.241736,33.154653],[111.241435,33.154675],[111.240952,33.153817],[111.240794,33.153696],[111.240708,33.153552],[111.240373,33.153168],[111.240233,33.153242],[111.240107,33.153456],[111.239783,33.153793],[111.239732,33.153797],[111.238777,33.152926],[111.237876,33.152526],[111.237114,33.152587],[111.236261,33.152782],[111.236084,33.152791],[111.235714,33.152753],[111.235038,33.152553],[111.234955,33.15262],[111.234882,33.152897],[111.234837,33.152915],[111.234314,33.152706],[111.233606,33.15201],[111.233407,33.151891],[111.232933,33.151832],[111.232069,33.15196],[111.231414,33.152203],[111.231219,33.152308],[111.231101,33.152324],[111.231039,33.152299],[111.230991,33.152239],[111.230996,33.15179],[111.230881,33.151482],[111.230875,33.151143],[111.230907,33.150961],[111.230854,33.150617],[111.231272,33.150364],[111.231801,33.150101],[111.231806,33.150054],[111.231782,33.149953],[111.231685,33.149822],[111.231355,33.149724],[111.231219,33.14916],[111.231162,33.148621],[111.231455,33.148616],[111.231498,33.148585],[111.231369,33.14761],[111.231194,33.146867],[111.231202,33.145953],[111.231307,33.145787],[111.231495,33.145645],[111.231736,33.145502],[111.232053,33.145376],[111.232085,33.145308],[111.232085,33.145145],[111.232031,33.144978],[111.231862,33.144765],[111.231717,33.144462],[111.231516,33.144199],[111.230784,33.143741],[111.230006,33.143615],[111.22988,33.143554],[111.229582,33.143521],[111.229357,33.143415],[111.229065,33.143458],[111.228662,33.143465],[111.228236,33.143377],[111.227839,33.143193],[111.227598,33.143276],[111.227525,33.143249],[111.227474,33.143092],[111.227477,33.142802],[111.227268,33.142398],[111.227678,33.142216],[111.228067,33.141964],[111.22815,33.141816],[111.228193,33.141239],[111.228169,33.140974],[111.227914,33.140826],[111.227458,33.140669],[111.226404,33.140669],[111.226224,33.14055],[111.226168,33.140428],[111.226147,33.140244],[111.225975,33.139874],[111.225927,33.139701],[111.225935,33.139568],[111.226128,33.13922],[111.226195,33.138751],[111.226181,33.138593],[111.22605,33.138247],[111.225967,33.138171],[111.225696,33.138101],[111.225221,33.137859],[111.225143,33.137848],[111.225044,33.137906],[111.224835,33.138128],[111.224344,33.138472],[111.224296,33.138393],[111.224202,33.138337],[111.224119,33.138337],[111.222818,33.138609],[111.222177,33.139],[111.221914,33.139072],[111.221839,33.139031],[111.221724,33.138827],[111.221544,33.138279],[111.22127,33.137843],[111.221061,33.137693],[111.220814,33.137407],[111.219825,33.136752],[111.219551,33.136538],[111.219277,33.136379],[111.219079,33.136213],[111.218577,33.135626],[111.218773,33.135548],[111.219106,33.135602],[111.219208,33.135561],[111.219471,33.135348],[111.219639,33.135094],[111.219677,33.134894],[111.219658,33.134831],[111.219028,33.134683],[111.218886,33.134602],[111.218687,33.134191],[111.218781,33.134025],[111.218931,33.133922],[111.218966,33.133549],[111.218891,33.133398],[111.218958,33.133207],[111.218947,33.133073],[111.218685,33.133041],[111.218373,33.133066],[111.218325,33.132882],[111.2184,33.132843],[111.218693,33.132819],[111.219229,33.132826],[111.219484,33.132635],[111.219521,33.132572],[111.219473,33.132325],[111.219417,33.132309],[111.219079,33.132421],[111.218513,33.132486],[111.218483,33.132367],[111.218642,33.131788],[111.218424,33.131543],[111.218207,33.131478],[111.21769,33.13148],[111.217633,33.131521],[111.217483,33.13175],[111.217378,33.131806],[111.216917,33.131727],[111.216842,33.131759],[111.216474,33.131736],[111.216528,33.131062],[111.216415,33.130539],[111.21645,33.130317],[111.216432,33.130085],[111.216308,33.129499],[111.216177,33.129333],[111.215949,33.129126],[111.215099,33.128749],[111.214854,33.128677],[111.213808,33.12852],[111.212242,33.128055],[111.211676,33.127769],[111.211174,33.12774],[111.210657,33.12785],[111.209554,33.127924],[111.209506,33.127877],[111.209487,33.127774],[111.209611,33.127599],[111.209629,33.127464],[111.209506,33.127123],[111.20942,33.127084],[111.20876,33.126965],[111.208543,33.12688],[111.208326,33.126705],[111.208146,33.126428],[111.208023,33.126094],[111.207607,33.125595],[111.207502,33.125573],[111.205713,33.125638],[111.205523,33.125622],[111.205362,33.125552],[111.205316,33.12548],[111.205249,33.125081],[111.205767,33.124869],[111.20805,33.12473],[111.208766,33.124728],[111.208844,33.124663],[111.208844,33.124602],[111.208693,33.124456],[111.208079,33.123499],[111.207956,33.123183],[111.20798,33.122886],[111.208337,33.12201],[111.208892,33.120898],[111.209061,33.120826],[111.20942,33.120941],[111.209485,33.121051],[111.209694,33.121257],[111.210136,33.121531],[111.21019,33.121612],[111.210171,33.122095],[111.210061,33.122214],[111.209364,33.122491],[111.209286,33.122605],[111.20923,33.122819],[111.209412,33.122922],[111.209672,33.123421],[111.210155,33.123425],[111.210667,33.12356],[111.210963,33.123767],[111.211351,33.123542],[111.211695,33.123225],[111.211818,33.123016],[111.212089,33.122497],[111.212349,33.12208],[111.212392,33.121725],[111.212373,33.121352],[111.212333,33.121291],[111.212049,33.121331],[111.211963,33.121255],[111.211958,33.121129],[111.212135,33.120864],[111.211874,33.120491],[111.211706,33.12033],[111.212111,33.120004],[111.212298,33.119896],[111.213014,33.119092],[111.213234,33.119047],[111.213529,33.119051],[111.214476,33.118652],[111.214669,33.11838],[111.215219,33.117937],[111.215273,33.117845],[111.215259,33.117616],[111.214983,33.117214],[111.214849,33.117088],[111.214935,33.116553],[111.215107,33.116351],[111.215168,33.116223],[111.215168,33.116066],[111.215117,33.115947],[111.214755,33.11547],[111.214712,33.114709],[111.214774,33.114354],[111.214771,33.113613],[111.214634,33.113237],[111.214584,33.112864],[111.214503,33.11257],[111.214074,33.111743],[111.214074,33.111582],[111.21439,33.111182],[111.214385,33.111036],[111.214334,33.110946],[111.214138,33.110789],[111.214093,33.110627],[111.213883,33.110391],[111.213674,33.110013],[111.212915,33.10973],[111.212738,33.109616],[111.212666,33.109519],[111.212636,33.109328],[111.212502,33.109043],[111.212153,33.109261],[111.210971,33.1096],[111.21037,33.10984],[111.209278,33.110373],[111.208181,33.110793],[111.207706,33.111006],[111.20655,33.111321],[111.206277,33.111332],[111.205853,33.111447],[111.204107,33.111716],[111.203803,33.111734],[111.202329,33.111703],[111.201223,33.111759],[111.199432,33.111795],[111.19834,33.111773],[111.197337,33.11164],[111.196656,33.111627],[111.19617,33.111642],[111.195848,33.111719],[111.195569,33.111743],[111.194757,33.11175],[111.193888,33.111716],[111.193222,33.111743],[111.19297,33.111766],[111.190409,33.112287],[111.189491,33.112352],[111.188604,33.112368],[111.186608,33.11255],[111.184368,33.112662],[111.184138,33.112732],[111.183309,33.113107],[111.181185,33.114264],[111.180399,33.114545],[111.178929,33.115549],[111.177277,33.116502],[111.176893,33.116654]]]}},{"type":"Feature","properties":{"regionCode":"411326109","sourceCode":"411326109000","name":"仓房镇","sourceName":"仓房镇","parentCode":"411326","parentName":"淅川县","regionLevel":"township","regionType":"town","isManagementZone":false,"source":"ruiduobao","sourceVersion":"mixed-legacy~2018-2020","geometryRepaired":false,"match2020":true,"match2023":true},"geometry":{"type":"Polygon","coordinates":[[[111.517029,32.662256],[111.516477,32.663548],[111.515584,32.665282],[111.515002,32.666224],[111.514741,32.666874],[111.514414,32.667337],[111.514304,32.667628],[111.514181,32.668247],[111.51383,32.66889],[111.513382,32.669527],[111.512649,32.670098],[111.512336,32.670426],[111.511912,32.671189],[111.511531,32.671523],[111.511225,32.671729],[111.50949,32.672458],[111.506789,32.673849],[111.505901,32.674896],[111.505201,32.675425],[111.504697,32.675899],[111.504388,32.67612],[111.503401,32.676594],[111.501693,32.677034],[111.50081,32.677411],[111.500212,32.677815],[111.499472,32.678086],[111.498643,32.678339],[111.497685,32.678703],[111.496806,32.679107],[111.49624,32.679477],[111.49463,32.680662],[111.494188,32.680852],[111.492932,32.681261],[111.492688,32.681441],[111.492088,32.682245],[111.491833,32.682462],[111.491261,32.683134],[111.490639,32.684243],[111.490411,32.685078],[111.490049,32.685805],[111.48977,32.686171],[111.489108,32.686785],[111.488807,32.687295],[111.488515,32.68757],[111.487651,32.687755],[111.486739,32.688031],[111.485975,32.68846],[111.485275,32.688764],[111.48473,32.689047],[111.484196,32.689419],[111.483934,32.689767],[111.483757,32.690532],[111.483588,32.691044],[111.483298,32.69139],[111.48244,32.691943],[111.482134,32.692184],[111.481573,32.692769],[111.481335,32.693078],[111.48109,32.693288],[111.480326,32.693604],[111.479508,32.693884],[111.478271,32.694394],[111.476753,32.69488],[111.475903,32.695288],[111.475479,32.695575],[111.475042,32.69576],[111.474117,32.695949],[111.47302,32.696284],[111.472239,32.696627],[111.471837,32.696864],[111.47111,32.697466],[111.470737,32.697949],[111.470072,32.698439],[111.469506,32.699146],[111.469216,32.699852],[111.469077,32.700965],[111.468892,32.701823],[111.468846,32.702303],[111.468876,32.703556],[111.468838,32.704111],[111.468801,32.704443],[111.468666,32.70489],[111.468409,32.705213],[111.468012,32.705456],[111.467428,32.705745],[111.467036,32.705921],[111.465853,32.706258],[111.464423,32.707228],[111.463519,32.707752],[111.46287,32.708192],[111.462935,32.708659],[111.464002,32.709496],[111.464308,32.709805],[111.46474,32.710388],[111.465016,32.710649],[111.465531,32.711284],[111.465791,32.711744],[111.466239,32.712699],[111.466456,32.713285],[111.466784,32.714504],[111.46692,32.714897],[111.466963,32.7154],[111.466985,32.716488],[111.46692,32.716982],[111.466765,32.717435],[111.466556,32.717894],[111.466121,32.718656],[111.465314,32.719615],[111.464807,32.720049],[111.463903,32.720674],[111.463458,32.720884],[111.463031,32.720994],[111.462605,32.721033],[111.462272,32.720992],[111.461846,32.720834],[111.460615,32.720286],[111.460306,32.720182],[111.459944,32.720164],[111.459485,32.72025],[111.459,32.720523],[111.458608,32.720922],[111.45834,32.721279],[111.458128,32.721748],[111.458112,32.722544],[111.458064,32.722903],[111.457863,32.723303],[111.457168,32.72421],[111.456717,32.724722],[111.456119,32.725282],[111.455741,32.725577],[111.455105,32.725848],[111.454569,32.725965],[111.453745,32.726033],[111.453324,32.726015],[111.452871,32.725922],[111.452549,32.725708],[111.452219,32.725374],[111.451999,32.72504],[111.451793,32.724824],[111.451455,32.724686],[111.451023,32.724632],[111.449416,32.724648],[111.44862,32.724688],[111.447802,32.724796],[111.447179,32.724835],[111.445047,32.724713],[111.443856,32.724582],[111.442904,32.724611],[111.440364,32.725155],[111.438768,32.725559],[111.437475,32.725695],[111.435828,32.725755],[111.433725,32.725773],[111.431636,32.72622],[111.430496,32.726516],[111.42967,32.726836],[111.428948,32.72726],[111.427704,32.727655],[111.426124,32.728256],[111.425821,32.728517],[111.425282,32.729086],[111.424904,32.729693],[111.424254,32.730896],[111.423815,32.731311],[111.42309,32.731803],[111.421508,32.732561],[111.420231,32.733339],[111.419912,32.73359],[111.419689,32.733847],[111.419215,32.734627],[111.419118,32.734964],[111.419024,32.735534],[111.419062,32.736326],[111.419174,32.736705],[111.419389,32.736978],[111.420127,32.737502],[111.420486,32.737599],[111.420907,32.737635],[111.422361,32.737551],[111.423125,32.737373],[111.42482,32.73685],[111.426508,32.736234],[111.427012,32.735992],[111.427374,32.735744],[111.428023,32.735275],[111.428846,32.734569],[111.429318,32.734235],[111.430078,32.73358],[111.431255,32.73264],[111.4325,32.731742],[111.434061,32.730456],[111.435316,32.729576],[111.43589,32.729266],[111.436418,32.729061],[111.437387,32.728779],[111.437853,32.728727],[111.43817,32.728885],[111.43836,32.729104],[111.438473,32.729429],[111.438438,32.729758],[111.437472,32.73166],[111.436904,32.732863],[111.436652,32.733283],[111.436332,32.733761],[111.436029,32.73409],[111.435383,32.734494],[111.434739,32.734959],[111.4339,32.735618],[111.4335,32.735974],[111.432875,32.736604],[111.432636,32.737082],[111.432623,32.737452],[111.432776,32.737761],[111.433009,32.737942],[111.433656,32.738235],[111.434165,32.738364],[111.435337,32.738571],[111.43619,32.738616],[111.436737,32.738578],[111.437148,32.738508],[111.437502,32.738384],[111.438256,32.737919],[111.438604,32.737608],[111.438851,32.737326],[111.439951,32.735848],[111.440294,32.735498],[111.440581,32.735142],[111.440959,32.734792],[111.442437,32.733578],[111.44314,32.733141],[111.444596,32.732351],[111.446662,32.731369],[111.447209,32.731017],[111.447667,32.730783],[111.450312,32.729483],[111.451275,32.729163],[111.452034,32.728804],[111.452479,32.728752],[111.453043,32.728878],[111.453359,32.72909],[111.453914,32.73028],[111.45392,32.730643],[111.454006,32.731121],[111.454132,32.731444],[111.454526,32.732087],[111.454703,32.732473],[111.454907,32.7328],[111.455422,32.733285],[111.456465,32.734093],[111.457417,32.734533],[111.457986,32.734876],[111.458171,32.735228],[111.458528,32.736737],[111.459,32.737633],[111.459571,32.738427],[111.459869,32.738774],[111.460204,32.739099],[111.462178,32.740818],[111.462868,32.741477],[111.463471,32.742206],[111.463659,32.742573],[111.463726,32.742968],[111.463702,32.74346],[111.4636,32.743905],[111.463026,32.745315],[111.462809,32.746109],[111.462607,32.746657],[111.462205,32.748389],[111.462012,32.750005],[111.46199,32.750503],[111.462063,32.751123],[111.462154,32.751557],[111.46232,32.751886],[111.463356,32.752757],[111.463887,32.753284],[111.464469,32.754151],[111.465628,32.75617],[111.466188,32.757216],[111.466899,32.758058],[111.467358,32.759122],[111.467865,32.759984],[111.46795,32.760318],[111.468007,32.76106],[111.467958,32.761385],[111.467733,32.7621],[111.467242,32.763069],[111.467063,32.763299],[111.465995,32.764017],[111.465351,32.764554],[111.464992,32.764998],[111.46419,32.765767],[111.463546,32.766523],[111.463098,32.767637],[111.462495,32.76963],[111.462369,32.770208],[111.462264,32.770481],[111.462117,32.771051],[111.461942,32.771387],[111.461658,32.772213],[111.461301,32.772833],[111.460778,32.773399],[111.460531,32.773598],[111.460035,32.773934],[111.459327,32.774258],[111.458158,32.775217],[111.457117,32.775799],[111.456379,32.776067],[111.456033,32.775945],[111.455848,32.77521],[111.454909,32.773749],[111.454746,32.77325],[111.454751,32.772901],[111.455057,32.772091],[111.454403,32.77159],[111.454099,32.771058],[111.454405,32.770181],[111.454647,32.769754],[111.454875,32.769186],[111.454944,32.768891],[111.45492,32.768521],[111.454708,32.768016],[111.454665,32.767468],[111.45466,32.765977],[111.454625,32.765393],[111.454381,32.764635],[111.454129,32.764272],[111.453641,32.763191],[111.452815,32.762607],[111.451811,32.762104],[111.451468,32.762021],[111.450862,32.761973],[111.449746,32.761996],[111.44899,32.762072],[111.448193,32.762203],[111.445683,32.76274],[111.443599,32.763135],[111.443245,32.763268],[111.442408,32.763491],[111.441812,32.763604],[111.441136,32.763615],[111.440675,32.763557],[111.439921,32.763216],[111.439597,32.762934],[111.439404,32.762598],[111.439288,32.762217],[111.439259,32.761813],[111.439299,32.760726],[111.439342,32.760446],[111.439548,32.759756],[111.440439,32.7579],[111.440648,32.757552],[111.440906,32.756824],[111.440935,32.756499],[111.440847,32.75603],[111.440645,32.755551],[111.440139,32.754523],[111.439793,32.754248],[111.438631,32.753702],[111.437024,32.753093],[111.43633,32.7527],[111.435442,32.752299],[111.435029,32.752161],[111.434616,32.752116],[111.4342,32.752154],[111.433725,32.752263],[111.433283,32.752423],[111.431842,32.753113],[111.431362,32.753303],[111.43066,32.753526],[111.430365,32.753553],[111.430016,32.753537],[111.429203,32.7534],[111.428852,32.753253],[111.427701,32.752563],[111.427213,32.752384],[111.426701,32.752238],[111.426207,32.752215],[111.425907,32.752249],[111.425563,32.752314],[111.425188,32.75245],[111.424812,32.752646],[111.424415,32.752896],[111.423927,32.753431],[111.423592,32.753706],[111.423208,32.753932],[111.422683,32.753981],[111.422165,32.753882],[111.421733,32.753963],[111.421358,32.754085],[111.421079,32.754234],[111.42076,32.754311],[111.420438,32.754311],[111.419172,32.754006],[111.418761,32.753754],[111.41838,32.753641],[111.417552,32.753327],[111.41687,32.753334],[111.416436,32.753578],[111.416181,32.753903],[111.415873,32.754099],[111.415586,32.754153],[111.414821,32.754018],[111.41455,32.753927],[111.41425,32.753993],[111.41407,32.754236],[111.414011,32.754669],[111.413815,32.75522],[111.413633,32.755493],[111.413247,32.755536],[111.412753,32.755357],[111.41234,32.755301],[111.411903,32.755475],[111.411364,32.755962],[111.411053,32.756109],[111.410736,32.756054],[111.409964,32.755698],[111.409647,32.75561],[111.409325,32.755655],[111.409041,32.755994],[111.408875,32.756325],[111.408344,32.757976],[111.408089,32.759059],[111.407901,32.759562],[111.407882,32.759961],[111.407762,32.7605],[111.407547,32.76099],[111.407351,32.761251],[111.406359,32.761687],[111.406029,32.761975],[111.405517,32.762799],[111.405267,32.763083],[111.40491,32.763636],[111.404623,32.764213],[111.404012,32.765016],[111.403628,32.765433],[111.403414,32.765857],[111.403513,32.766236],[111.403669,32.766507],[111.40369,32.766992],[111.403491,32.768316],[111.403599,32.76929],[111.403548,32.769628],[111.403314,32.770578],[111.403148,32.771022],[111.402325,32.772752],[111.402083,32.773122],[111.40178,32.773485],[111.400884,32.774184],[111.399042,32.776256],[111.397851,32.777014],[111.397548,32.777456],[111.397446,32.7779],[111.397489,32.778663],[111.397577,32.779409],[111.397808,32.780158],[111.39806,32.780634],[111.39832,32.781249],[111.398583,32.781732],[111.398806,32.782442],[111.398824,32.782762],[111.398749,32.784054],[111.398524,32.784341],[111.398006,32.784812],[111.397398,32.785148],[111.397113,32.785272],[111.396893,32.785572],[111.39674,32.786244],[111.396579,32.786544],[111.396083,32.78693],[111.395134,32.787428],[111.39434,32.788208],[111.394045,32.788715],[111.394359,32.789198],[111.394619,32.790005],[111.394597,32.79042],[111.394533,32.790781],[111.394388,32.791173],[111.394174,32.791563],[111.393913,32.791919],[111.393605,32.792224],[111.393313,32.792407],[111.392535,32.79279],[111.392065,32.792991],[111.391258,32.793202],[111.39088,32.793342],[111.390555,32.793556],[111.389624,32.794312],[111.38808,32.795457],[111.387664,32.795919],[111.387178,32.79633],[111.386586,32.796715],[111.385912,32.79702],[111.38559,32.797281],[111.385529,32.797825],[111.385542,32.798402],[111.385499,32.798808],[111.385507,32.799184],[111.385558,32.799698],[111.385695,32.800471],[111.38591,32.800848],[111.386527,32.80166],[111.386781,32.80209],[111.386712,32.802386],[111.386666,32.802825],[111.386781,32.803754],[111.386907,32.804169],[111.386897,32.804541],[111.386768,32.805001],[111.386583,32.80629],[111.385346,32.807828],[111.382922,32.80996],[111.382541,32.810364],[111.382283,32.810835],[111.38238,32.811277],[111.382576,32.811746],[111.382651,32.812032],[111.382782,32.813123],[111.382656,32.813585],[111.382294,32.814354],[111.381841,32.815799],[111.381656,32.816926],[111.381634,32.81732],[111.381782,32.817677],[111.382256,32.817765],[111.382517,32.817733],[111.383252,32.817485],[111.383667,32.817311],[111.384662,32.817228],[111.385687,32.817032],[111.386135,32.817048],[111.386577,32.817244],[111.386859,32.81716],[111.387058,32.817136],[111.387524,32.817169],[111.388157,32.817359],[111.388342,32.817375],[111.388734,32.817316],[111.388965,32.817219],[111.389123,32.817194],[111.389396,32.81721],[111.389686,32.817309],[111.389842,32.817323],[111.390078,32.817269],[111.390488,32.817045],[111.390617,32.817021],[111.391207,32.81712],[111.391529,32.817215],[111.391829,32.817251],[111.39202,32.817239],[111.392218,32.817201],[111.393294,32.816728],[111.393374,32.816752],[111.3936,32.817025],[111.393956,32.817377],[111.394096,32.817348],[111.394525,32.817093],[111.394825,32.817043],[111.394975,32.817095],[111.395072,32.817167],[111.39522,32.817433],[111.395364,32.817499],[111.395914,32.817426],[111.396547,32.817474],[111.39721,32.817629],[111.397762,32.817846],[111.397974,32.817898],[111.398098,32.817895],[111.398693,32.817097],[111.398811,32.816701],[111.398779,32.816214],[111.399087,32.816383],[111.399254,32.816419],[111.399441,32.816435],[111.399801,32.816392],[111.399892,32.816412],[111.400273,32.816674],[111.400616,32.816622],[111.401367,32.816743],[111.401662,32.816687],[111.401984,32.816721],[111.402279,32.816669],[111.402529,32.816565],[111.402794,32.816358],[111.402864,32.816187],[111.402955,32.815702],[111.403044,32.815488],[111.403084,32.815213],[111.403175,32.814965],[111.40377,32.814471],[111.404272,32.814221],[111.404318,32.814564],[111.404634,32.815571],[111.40494,32.815982],[111.405036,32.816187],[111.405281,32.8165],[111.405645,32.817075],[111.405737,32.817275],[111.405782,32.817485],[111.405782,32.81771],[111.405726,32.818035],[111.405519,32.818662],[111.405171,32.819406],[111.405205,32.819475],[111.406461,32.820149],[111.40729,32.820688],[111.40737,32.820907],[111.407405,32.821319],[111.407762,32.821745],[111.407842,32.821887],[111.407847,32.822115],[111.407657,32.823116],[111.407601,32.823244],[111.40597,32.824008],[111.405482,32.824267],[111.405471,32.824335],[111.405586,32.824581],[111.405723,32.825002],[111.406345,32.825588],[111.406399,32.825676],[111.406305,32.826244],[111.406327,32.826512],[111.406994,32.827371],[111.407107,32.827626],[111.407646,32.827642],[111.409138,32.827542],[111.409795,32.827391],[111.411203,32.827225],[111.411847,32.827231],[111.412284,32.827315],[111.412769,32.82731],[111.413724,32.827056],[111.414615,32.826772],[111.4151,32.826905],[111.415274,32.82699],[111.416135,32.827536],[111.416559,32.827853],[111.416782,32.827995],[111.416894,32.828022],[111.417173,32.828029],[111.417482,32.827984],[111.417919,32.827869],[111.418324,32.827752],[111.418788,32.8275],[111.419217,32.827355],[111.419494,32.827303],[111.419968,32.827301],[111.420148,32.827254],[111.421245,32.827285],[111.421465,32.827317],[111.421832,32.827445],[111.421918,32.827529],[111.422184,32.828002],[111.422227,32.828029],[111.422487,32.828083],[111.42272,32.82807],[111.423273,32.828124],[111.423667,32.828214],[111.424276,32.828444],[111.424555,32.828487],[111.424957,32.82839],[111.425145,32.828261],[111.425598,32.828117],[111.426269,32.828095],[111.42691,32.828009],[111.427411,32.827793],[111.427618,32.827549],[111.427739,32.827454],[111.427862,32.827398],[111.428098,32.827396],[111.428412,32.827297],[111.428576,32.827283],[111.428836,32.827351],[111.428897,32.827407],[111.429002,32.827608],[111.429125,32.8277],[111.429356,32.827802],[111.429874,32.827772],[111.4303,32.8277],[111.430837,32.827725],[111.431311,32.827648],[111.431518,32.827556],[111.432969,32.826787],[111.433822,32.826246],[111.434283,32.826086],[111.434656,32.825884],[111.435702,32.824919],[111.436005,32.824524],[111.437191,32.823379],[111.437346,32.823278],[111.438014,32.822969],[111.438138,32.822938],[111.438985,32.823041],[111.440144,32.8231],[111.440509,32.823199],[111.440718,32.823337],[111.441126,32.823695],[111.441061,32.823848],[111.441059,32.824125],[111.441354,32.824567],[111.441405,32.824705],[111.441498,32.825192],[111.441514,32.825651],[111.441962,32.825719],[111.442223,32.8258],[111.443078,32.826233],[111.443548,32.826539],[111.44413,32.827042],[111.44465,32.827596],[111.444733,32.827648],[111.445026,32.827502],[111.445787,32.827024],[111.446756,32.826573],[111.447051,32.826519],[111.447198,32.826413],[111.447155,32.826071],[111.447335,32.825836],[111.447678,32.825534],[111.448362,32.824847],[111.448872,32.824218],[111.448378,32.822656],[111.448378,32.822512],[111.448566,32.822306],[111.449009,32.821966],[111.44966,32.821707],[111.449899,32.821707],[111.450299,32.821752],[111.450653,32.821842],[111.451803,32.821919],[111.454228,32.822241],[111.454625,32.822327],[111.455347,32.822397],[111.455765,32.822482],[111.456031,32.822581],[111.456299,32.822719],[111.456436,32.822906],[111.456417,32.823515],[111.456532,32.823736],[111.457149,32.824211],[111.457364,32.824482],[111.45761,32.824702],[111.457774,32.824811],[111.458109,32.824953],[111.458509,32.825266],[111.458656,32.825518],[111.458976,32.825699],[111.459239,32.825771],[111.459509,32.825789],[111.46158,32.825618],[111.461921,32.825557],[111.46235,32.825417],[111.462664,32.825264],[111.462846,32.825223],[111.463079,32.825219],[111.463149,32.825358],[111.463184,32.825604],[111.463197,32.82585],[111.463125,32.826314],[111.463216,32.826663],[111.463305,32.826801],[111.46353,32.826995],[111.464557,32.827547],[111.464734,32.827707],[111.464933,32.82798],[111.465088,32.828248],[111.46518,32.828593],[111.465201,32.828895],[111.465182,32.82921],[111.465123,32.829451],[111.465016,32.829607],[111.464984,32.829767],[111.465193,32.82999],[111.465311,32.830193],[111.465606,32.830533],[111.466159,32.831004],[111.466314,32.831261],[111.466387,32.831457],[111.4664,32.831784],[111.466432,32.831931],[111.466502,32.832064],[111.467768,32.832151],[111.467961,32.832131],[111.4682,32.832],[111.468481,32.831793],[111.468629,32.831739],[111.469849,32.831559],[111.470321,32.831455],[111.470421,32.831358],[111.470402,32.831031],[111.470442,32.830914],[111.47059,32.830833],[111.471097,32.830937],[111.471679,32.830896],[111.471947,32.830914],[111.472727,32.830741],[111.473095,32.830592],[111.474152,32.829776],[111.474527,32.82944],[111.475233,32.829116],[111.475533,32.828825],[111.475662,32.828789],[111.476499,32.828744],[111.47671,32.828651],[111.477032,32.828437],[111.477223,32.828268],[111.477386,32.828059],[111.477596,32.828011],[111.478167,32.827736],[111.478953,32.827563],[111.479623,32.827567],[111.479932,32.827603],[111.480286,32.827747],[111.480541,32.827905],[111.480774,32.827948],[111.482131,32.828559],[111.484036,32.829255],[111.484261,32.829427],[111.484749,32.829965],[111.485476,32.830578],[111.486093,32.830865],[111.486458,32.831155],[111.486586,32.831358],[111.486723,32.831491],[111.487351,32.831804],[111.487799,32.832088],[111.4891,32.832778],[111.48969,32.833249],[111.490097,32.833641],[111.4905,32.833932],[111.490907,32.834326],[111.491752,32.834277],[111.492729,32.834274],[111.49326,32.834484],[111.493831,32.834583],[111.494392,32.83461],[111.495499,32.834498],[111.496478,32.834347],[111.497208,32.834313],[111.497897,32.834196],[111.499493,32.833801],[111.500317,32.833659],[111.501486,32.833679],[111.504571,32.833646],[111.506722,32.833743],[111.507073,32.833788],[111.508127,32.834029],[111.508484,32.834002],[111.509281,32.833858],[111.509938,32.833844],[111.510117,32.833876],[111.510431,32.834004],[111.510954,32.83432],[111.512287,32.834946],[111.513618,32.83516],[111.514366,32.835397],[111.514986,32.835498],[111.515463,32.835753],[111.516429,32.83603],[111.516745,32.836186],[111.517105,32.836262],[111.517735,32.836249],[111.518054,32.836181],[111.518438,32.835908],[111.518633,32.835667],[111.518918,32.835473],[111.519084,32.835399],[111.519199,32.835392],[111.519331,32.835449],[111.519964,32.835981],[111.520095,32.836053],[111.520532,32.836062],[111.520688,32.835996],[111.520978,32.835798],[111.521254,32.835552],[111.521573,32.835363],[111.52263,32.835066],[111.522933,32.835027],[111.523198,32.835027],[111.524684,32.835219],[111.525958,32.835313],[111.526409,32.835478],[111.526414,32.835176],[111.526543,32.834227],[111.526586,32.834011],[111.526742,32.83358],[111.52675,32.833405],[111.526567,32.832879],[111.526519,32.832528],[111.526506,32.830274],[111.526597,32.82969],[111.526766,32.829267],[111.528909,32.828086],[111.533624,32.825586],[111.535362,32.82479],[111.536605,32.824391],[111.53743,32.824211],[111.53835,32.82395],[111.540976,32.823377],[111.542754,32.822931],[111.543975,32.822584],[111.545139,32.822185],[111.546499,32.821813],[111.548417,32.821423],[111.550855,32.82101],[111.553325,32.820438],[111.557751,32.819597],[111.559754,32.819313],[111.562136,32.81911],[111.563094,32.818998],[111.564215,32.819016],[111.5648,32.819061],[111.569282,32.819052],[111.569126,32.81051],[111.569107,32.807318],[111.569064,32.806588],[111.569078,32.803689],[111.568938,32.800124],[111.568785,32.797752],[111.568563,32.795538],[111.568458,32.792948],[111.568506,32.787561],[111.568627,32.783547],[111.568705,32.777812],[111.568673,32.773879],[111.568686,32.770783],[111.568614,32.763387],[111.568627,32.760606],[111.568592,32.758588],[111.568611,32.753564],[111.568557,32.751924],[111.568557,32.750323],[111.568665,32.74531],[111.568643,32.742955],[111.568675,32.74182],[111.56864,32.739431],[111.568683,32.738601],[111.568646,32.738145],[111.568662,32.736482],[111.568638,32.73567],[111.568678,32.732409],[111.568662,32.73111],[111.568718,32.728208],[111.568686,32.725415],[111.568734,32.720229],[111.568699,32.716763],[111.568713,32.712791],[111.568767,32.709011],[111.56874,32.708298],[111.568761,32.706842],[111.568793,32.70584],[111.568828,32.705657],[111.568936,32.701956],[111.568925,32.701175],[111.569008,32.698331],[111.56896,32.694545],[111.568925,32.694108],[111.568938,32.693135],[111.568893,32.69211],[111.568877,32.689229],[111.56875,32.686785],[111.568665,32.686363],[111.568608,32.685432],[111.568426,32.684175],[111.568209,32.683035],[111.567932,32.681999],[111.566988,32.679777],[111.566589,32.679102],[111.565784,32.677967],[111.564998,32.67696],[111.563724,32.675711],[111.563346,32.675278],[111.562871,32.674867],[111.562724,32.6747],[111.559567,32.672505],[111.558668,32.671819],[111.55847,32.671636],[111.557643,32.671202],[111.555731,32.670484],[111.552724,32.669437],[111.550498,32.668552],[111.547226,32.667793],[111.543921,32.667355],[111.5431,32.667213],[111.541499,32.667075],[111.541161,32.667007],[111.540037,32.666892],[111.53894,32.666673],[111.538334,32.666477],[111.536049,32.666005],[111.534544,32.665741],[111.534147,32.665641],[111.533976,32.665634],[111.533029,32.665424],[111.531889,32.665251],[111.531374,32.665201],[111.530668,32.665181],[111.528528,32.664966],[111.527619,32.664955],[111.526828,32.664887],[111.52359,32.664451],[111.522284,32.664122],[111.520012,32.66325],[111.518816,32.662735],[111.51722,32.661841],[111.517029,32.662256]]]}},{"type":"Feature","properties":{"regionCode":"411326110","sourceCode":"411326110000","name":"上集镇","sourceName":"上集镇","parentCode":"411326","parentName":"淅川县","regionLevel":"township","regionType":"town","isManagementZone":false,"source":"ruiduobao","sourceVersion":"mixed-legacy~2018-2020","geometryRepaired":false,"match2020":true,"match2023":true},"geometry":{"type":"Polygon","coordinates":[[[111.522305,32.997342],[111.522472,32.997371],[111.522718,32.997572],[111.522887,32.997639],[111.524041,32.997842],[111.524497,32.997277],[111.524135,32.997124],[111.524118,32.997086],[111.524312,32.996735],[111.523456,32.996382],[111.522984,32.996305],[111.52216,32.996411],[111.521069,32.996755],[111.520825,32.996773],[111.520691,32.996852],[111.520578,32.996978],[111.520288,32.997443],[111.520224,32.997482],[111.520007,32.99736],[111.519701,32.997027],[111.520039,32.996402],[111.519805,32.99633],[111.519425,32.996892],[111.519395,32.996886],[111.519004,32.996589],[111.519191,32.996136],[111.518912,32.995995],[111.518631,32.995911],[111.518057,32.995812],[111.51792,32.995819],[111.517751,32.9959],[111.517684,32.996008],[111.517705,32.996172],[111.517676,32.996429],[111.517636,32.996494],[111.517351,32.996514],[111.517357,32.996775],[111.517316,32.997043],[111.516877,32.997012],[111.516868,32.996805],[111.516911,32.996571],[111.517217,32.996379],[111.517255,32.996085],[111.517043,32.996055],[111.516697,32.99606],[111.51557,32.996301],[111.515337,32.996296],[111.514886,32.996204],[111.513915,32.996098],[111.5135,32.995986],[111.512287,32.995923],[111.510946,32.996026],[111.510882,32.996208],[111.510428,32.996944],[111.509688,32.99783],[111.5092,32.998552],[111.508985,32.999018],[111.508682,33.000073],[111.508575,33.000273],[111.508492,33.000613],[111.508208,33.00118],[111.507931,33.001369],[111.50769,33.001621],[111.507014,33.002575],[111.506748,33.002754],[111.505898,33.00309],[111.505094,33.003533],[111.504587,33.003965],[111.504195,33.004565],[111.503707,33.004954],[111.502626,33.005388],[111.501625,33.005589],[111.50103,33.005564],[111.49996,33.005272],[111.499737,33.005267],[111.499134,33.005852],[111.499013,33.006041],[111.498959,33.006243],[111.498702,33.007701],[111.498426,33.008663],[111.498281,33.009296],[111.498308,33.009781],[111.498289,33.010679],[111.498219,33.01094],[111.497766,33.010681],[111.497371,33.010526],[111.49661,33.010341],[111.496148,33.010344],[111.495698,33.010389],[111.49522,33.010506],[111.494536,33.010587],[111.493469,33.010605],[111.493152,33.010584],[111.492863,33.010508],[111.492047,33.010072],[111.490484,33.009624],[111.490148,33.009568],[111.489424,33.009586],[111.488654,33.009653],[111.487981,33.009727],[111.487069,33.009896],[111.486956,33.009997],[111.485731,33.012004],[111.484768,33.013002],[111.484846,33.013079],[111.486291,33.01399],[111.487136,33.014631],[111.487292,33.014808],[111.487426,33.015134],[111.487871,33.015836],[111.4883,33.01668],[111.488488,33.01737],[111.488732,33.017991],[111.488947,33.018697],[111.489003,33.019019],[111.489019,33.019394],[111.48899,33.020044],[111.488445,33.021974],[111.487898,33.023296],[111.487632,33.023791],[111.487107,33.02445],[111.486573,33.025046],[111.486334,33.025372],[111.485511,33.026271],[111.485379,33.026258],[111.484068,33.025511],[111.483848,33.025599],[111.483062,33.026908],[111.482263,33.028462],[111.482174,33.028426],[111.482061,33.028318],[111.481388,33.027533],[111.480581,33.026674],[111.480396,33.026514],[111.480213,33.026433],[111.479937,33.026161],[111.47925,33.025729],[111.479173,33.025599],[111.478958,33.024688],[111.478859,33.024672],[111.478749,33.024704],[111.478271,33.024895],[111.47774,33.025165],[111.477368,33.025408],[111.477022,33.025768],[111.47649,33.026186],[111.476295,33.026433],[111.476144,33.026748],[111.475946,33.026941],[111.47568,33.027315],[111.475461,33.027499],[111.474653,33.027787],[111.474157,33.028039],[111.473583,33.028426],[111.472794,33.029109],[111.471845,33.029804],[111.471322,33.02948],[111.471021,33.02924],[111.470834,33.029019],[111.470681,33.028722],[111.470633,33.028558],[111.470641,33.028358],[111.470764,33.02801],[111.470914,33.027728],[111.470938,33.027603],[111.470869,33.027553],[111.470759,33.027281],[111.470708,33.027223],[111.47049,33.027148],[111.470536,33.027436],[111.47001,33.027528],[111.469868,33.027621],[111.469809,33.027753],[111.469731,33.028136],[111.469734,33.02854],[111.469841,33.028963],[111.469911,33.029129],[111.470048,33.029278],[111.47019,33.029361],[111.470394,33.029413],[111.470938,33.029653],[111.47151,33.03],[111.471614,33.03015],[111.471563,33.030222],[111.470952,33.0306],[111.470665,33.030526],[111.470348,33.030324],[111.470091,33.03011],[111.46957,33.029831],[111.469074,33.029388],[111.469085,33.02908],[111.469034,33.028828],[111.468876,33.028871],[111.468428,33.028873],[111.467414,33.029127],[111.467433,33.029615],[111.467532,33.030436],[111.468173,33.030589],[111.468256,33.030654],[111.46827,33.030879],[111.468243,33.030973],[111.468283,33.031079],[111.468422,33.030949],[111.468557,33.030744],[111.468693,33.030674],[111.468771,33.030706],[111.469203,33.031133],[111.469613,33.031637],[111.470673,33.0327],[111.470005,33.034032],[111.469734,33.034645],[111.46968,33.034686],[111.469283,33.034704],[111.468675,33.034828],[111.468331,33.034945],[111.468109,33.035091],[111.467704,33.035149],[111.466733,33.035486],[111.466086,33.035752],[111.465464,33.036404],[111.464748,33.037029],[111.464281,33.037564],[111.463817,33.037587],[111.463578,33.037634],[111.4622,33.038185],[111.461628,33.038513],[111.46114,33.038886],[111.461087,33.039032],[111.461057,33.03932],[111.460899,33.040046],[111.460727,33.041324],[111.460612,33.041744],[111.459627,33.042729],[111.459383,33.043415],[111.459365,33.04415],[111.459469,33.044692],[111.459534,33.045854],[111.462001,33.046331],[111.462658,33.04656],[111.46283,33.046666],[111.463766,33.047558],[111.461341,33.04897],[111.4597,33.04986],[111.458249,33.050805],[111.458879,33.051481],[111.457745,33.052419],[111.456878,33.053055],[111.456639,33.05337],[111.456449,33.053754],[111.456224,33.054492],[111.456108,33.055573],[111.455974,33.056272],[111.455701,33.057322],[111.45555,33.058062],[111.455513,33.058534],[111.453024,33.058547],[111.453094,33.059138],[111.453134,33.061],[111.453209,33.061355],[111.45333,33.061566],[111.453579,33.062148],[111.453775,33.062816],[111.454185,33.063717],[111.454274,33.063974],[111.454786,33.066006],[111.455875,33.068723],[111.456613,33.070342],[111.457208,33.071407],[111.458128,33.072544],[111.458783,33.073234],[111.459668,33.074347],[111.457675,33.074619],[111.4569,33.074803],[111.458493,33.080467],[111.459346,33.080411],[111.460419,33.080265],[111.461416,33.080188],[111.461253,33.080631],[111.461046,33.081357],[111.460652,33.082494],[111.460534,33.082755],[111.460387,33.083211],[111.460373,33.083411],[111.460097,33.084198],[111.458479,33.086879],[111.45768,33.088288],[111.456674,33.090319],[111.456538,33.090719],[111.456387,33.091598],[111.456468,33.092007],[111.456653,33.092456],[111.457109,33.09318],[111.458064,33.09429],[111.459118,33.095319],[111.459239,33.095386],[111.460494,33.096753],[111.461966,33.09793],[111.462988,33.098629],[111.463037,33.098793],[111.463447,33.099283],[111.463525,33.099343],[111.463806,33.099453],[111.463892,33.099573],[111.464171,33.09977],[111.464649,33.099914],[111.464831,33.100035],[111.466362,33.101678],[111.466789,33.102181],[111.467704,33.10346],[111.467886,33.103758],[111.468184,33.104518],[111.468626,33.105412],[111.468852,33.106479],[111.469377,33.107699],[111.470034,33.109097],[111.470268,33.109721],[111.470426,33.109957],[111.470504,33.110184],[111.470606,33.11078],[111.470611,33.111633],[111.470718,33.112089],[111.470708,33.113179],[111.470622,33.113646],[111.470201,33.114808],[111.470311,33.115145],[111.471072,33.116803],[111.471198,33.11685],[111.473312,33.117167],[111.475742,33.117611],[111.475774,33.118512],[111.484473,33.118447],[111.488121,33.118804],[111.488131,33.120727],[111.489969,33.123019],[111.489539,33.126869],[111.488177,33.127648],[111.486366,33.129968],[111.495486,33.130667],[111.495507,33.133742],[111.49507,33.136823],[111.492793,33.136828],[111.492498,33.139743],[111.49418,33.139905],[111.496465,33.141041],[111.497388,33.142957],[111.494673,33.146054],[111.491519,33.151848],[111.487893,33.154954],[111.485613,33.154972],[111.481951,33.152692],[111.481007,33.147316],[111.476442,33.146582],[111.474664,33.1539],[111.462782,33.149757],[111.46048,33.148324],[111.459456,33.147184],[111.459193,33.147381],[111.459115,33.147507],[111.458844,33.14823],[111.458619,33.14863],[111.458085,33.149288],[111.45768,33.149721],[111.45683,33.150523],[111.456299,33.15121],[111.455698,33.152319],[111.455086,33.153903],[111.454976,33.154365],[111.454928,33.155407],[111.45503,33.155769],[111.455733,33.157111],[111.455998,33.157529],[111.456465,33.158117],[111.456806,33.158659],[111.456985,33.158888],[111.457914,33.160401],[111.458139,33.160621],[111.458724,33.161492],[111.459375,33.162384],[111.460134,33.16306],[111.461113,33.164164],[111.461631,33.164797],[111.462117,33.165267],[111.462779,33.165841],[111.46349,33.166742],[111.463675,33.166879],[111.463903,33.166966],[111.464705,33.167123],[111.46489,33.167204],[111.465772,33.168405],[111.467132,33.170451],[111.46743,33.170949],[111.468004,33.17218],[111.468205,33.172105],[111.468809,33.171713],[111.469179,33.171396],[111.469855,33.170716],[111.469983,33.170702],[111.470123,33.170761],[111.470651,33.171232],[111.47074,33.171344],[111.470708,33.171542],[111.470625,33.171663],[111.470592,33.171782],[111.470557,33.172193],[111.470453,33.172339],[111.470268,33.172386],[111.470112,33.172366],[111.470002,33.172296],[111.469847,33.172128],[111.469774,33.172],[111.469699,33.171969],[111.469621,33.171984],[111.469536,33.172132],[111.469345,33.172256],[111.468573,33.172474],[111.468363,33.172554],[111.468184,33.172691],[111.46853,33.173778],[111.468763,33.174633],[111.469533,33.174508],[111.469651,33.17444],[111.469718,33.174357],[111.470147,33.173354],[111.470313,33.173172],[111.470429,33.173145],[111.471156,33.173396],[111.471499,33.173482],[111.47185,33.173666],[111.472301,33.173958],[111.472655,33.174288],[111.472802,33.174593],[111.47306,33.17548],[111.473183,33.175709],[111.474557,33.177047],[111.474924,33.177514],[111.475136,33.177709],[111.475262,33.177783],[111.474895,33.178196],[111.474715,33.17865],[111.474634,33.178717],[111.474495,33.178766],[111.474213,33.178755],[111.473521,33.178643],[111.472963,33.17847],[111.472687,33.178333],[111.472118,33.177792],[111.471837,33.177325],[111.471713,33.177004],[111.47144,33.176899],[111.470804,33.175951],[111.470582,33.175745],[111.470289,33.175769],[111.469664,33.175927],[111.469246,33.176086],[111.469053,33.176198],[111.469004,33.176286],[111.469114,33.177071],[111.469208,33.177422],[111.469353,33.178279],[111.469428,33.179081],[111.469431,33.179581],[111.469468,33.17979],[111.469549,33.180008],[111.469662,33.180583],[111.469852,33.180942],[111.470517,33.181898],[111.470743,33.182529],[111.471008,33.183925],[111.471207,33.184536],[111.471384,33.18531],[111.471397,33.185849],[111.471346,33.186019],[111.471255,33.186183],[111.471072,33.186374],[111.470622,33.186736],[111.470182,33.18716],[111.470101,33.187321],[111.469047,33.18817],[111.467242,33.18924],[111.465759,33.189921],[111.46485,33.190255],[111.464525,33.190468],[111.463983,33.191048],[111.463635,33.191337],[111.463431,33.191555],[111.462948,33.192174],[111.462884,33.192403],[111.462916,33.192911],[111.462897,33.193081],[111.462691,33.193101],[111.462135,33.193074],[111.461972,33.193108],[111.461894,33.193162],[111.461851,33.193243],[111.461819,33.193503],[111.461846,33.193766],[111.461921,33.194037],[111.462015,33.194246],[111.462551,33.194996],[111.462766,33.195413],[111.4629,33.195831],[111.463031,33.196607],[111.463938,33.196722],[111.464227,33.196782],[111.464391,33.196874],[111.464485,33.196984],[111.46475,33.19746],[111.46519,33.19803],[111.4653,33.198219],[111.465351,33.198511],[111.465303,33.198629],[111.465201,33.198766],[111.464477,33.199343],[111.464386,33.199464],[111.464348,33.19959],[111.464345,33.199808],[111.464442,33.19994],[111.464812,33.200126],[111.465982,33.200501],[111.466204,33.200622],[111.466344,33.200732],[111.46648,33.200896],[111.466706,33.201307],[111.466939,33.201583],[111.467183,33.201781],[111.467481,33.201884],[111.467586,33.201868],[111.46773,33.201704],[111.467832,33.20137],[111.46802,33.201101],[111.468165,33.200995],[111.468444,33.200966],[111.468551,33.201017],[111.469004,33.201383],[111.469597,33.202095],[111.470091,33.201608],[111.470214,33.201383],[111.470338,33.20124],[111.470726,33.200982],[111.471239,33.20051],[111.471362,33.200438],[111.471738,33.200369],[111.472049,33.200369],[111.474152,33.200542],[111.474876,33.200497],[111.475128,33.200328],[111.475208,33.200205],[111.475337,33.19957],[111.475367,33.199274],[111.475294,33.199074],[111.475756,33.198634],[111.476045,33.198212],[111.476552,33.197577],[111.476708,33.197435],[111.476957,33.197328],[111.480637,33.196241],[111.480889,33.196143],[111.482673,33.196107],[111.484148,33.196286],[111.48528,33.196304],[111.48531,33.196194],[111.488617,33.195999],[111.491227,33.195752],[111.491886,33.19575],[111.492785,33.195835],[111.493818,33.196084],[111.494378,33.196163],[111.496122,33.196131],[111.496451,33.196208],[111.496741,33.196322],[111.497235,33.196686],[111.497514,33.197009],[111.497846,33.197552],[111.498013,33.198131],[111.498061,33.198636],[111.498031,33.199193],[111.497822,33.199758],[111.497739,33.200221],[111.497672,33.201803],[111.497723,33.20343],[111.497814,33.203899],[111.498487,33.206087],[111.498648,33.206835],[111.49868,33.207589],[111.498812,33.208179],[111.499021,33.208991],[111.499206,33.209294],[111.499635,33.209018],[111.5,33.20828],[111.500486,33.206989],[111.501835,33.206379],[111.502146,33.206323],[111.502551,33.206404],[111.503203,33.206673],[111.503889,33.206891],[111.504573,33.207023],[111.505482,33.206911],[111.507054,33.206859],[111.507368,33.207236],[111.50739,33.207766],[111.506998,33.209916],[111.507113,33.210297],[111.507784,33.210432],[111.50923,33.210306],[111.510549,33.210235],[111.511129,33.210158],[111.511751,33.210187],[111.512234,33.21036],[111.513323,33.211449],[111.513682,33.211529],[111.514138,33.211473],[111.514591,33.211334],[111.515565,33.210755],[111.517743,33.210035],[111.51825,33.209828],[111.518537,33.209658],[111.519572,33.208715],[111.519859,33.208349],[111.520058,33.207867],[111.520248,33.207609],[111.520801,33.207665],[111.523346,33.208868],[111.52665,33.209862],[111.528619,33.210618],[111.530516,33.211471],[111.531197,33.211538],[111.531556,33.211482],[111.533831,33.210706],[111.535357,33.210315],[111.536658,33.2099],[111.537481,33.209748],[111.5386,33.209685],[111.539273,33.209685],[111.541236,33.209566],[111.541708,33.209757],[111.542307,33.210232],[111.542824,33.210735],[111.543117,33.210809],[111.544597,33.21058],[111.545158,33.210383],[111.547076,33.209353],[111.547751,33.209151],[111.54843,33.209032],[111.550294,33.208206],[111.551721,33.20775],[111.554232,33.206651],[111.555007,33.206067],[111.555828,33.205589],[111.557067,33.205026],[111.557405,33.204826],[111.557831,33.204669],[111.558684,33.20446],[111.559575,33.204384],[111.560884,33.204344],[111.562045,33.204373],[111.563099,33.204186],[111.564287,33.203769],[111.56547,33.202867],[111.566162,33.202099],[111.566631,33.201412],[111.566774,33.200593],[111.566945,33.199891],[111.567246,33.199491],[111.567747,33.199076],[111.568083,33.198686],[111.568193,33.198297],[111.568125,33.197913],[111.567975,33.197534],[111.567624,33.196863],[111.567377,33.196248],[111.567436,33.195864],[111.567586,33.195505],[111.568431,33.194347],[111.569043,33.193692],[111.569566,33.193178],[111.570105,33.192801],[111.57066,33.192498],[111.570821,33.192206],[111.571189,33.1919],[111.5714,33.191618],[111.57161,33.190926],[111.571746,33.188798],[111.571867,33.188287],[111.572015,33.187927],[111.572924,33.187101],[111.573959,33.186399],[111.574515,33.185613],[111.574756,33.185337],[111.574826,33.184967],[111.574552,33.184421],[111.574171,33.184053],[111.574018,33.183728],[111.573951,33.18338],[111.574077,33.18245],[111.574201,33.181947],[111.575078,33.180661],[111.575255,33.180122],[111.575671,33.178277],[111.57585,33.177839],[111.576486,33.177119],[111.578031,33.175805],[111.578487,33.175574],[111.578943,33.175392],[111.57952,33.175311],[111.581775,33.175379],[111.583328,33.17532],[111.584484,33.175161],[111.585643,33.175181],[111.58689,33.175098],[111.588081,33.17517],[111.588902,33.175141],[111.589511,33.174984],[111.589814,33.17475],[111.590205,33.174083],[111.590686,33.173107],[111.590989,33.172849],[111.591871,33.17246],[111.592539,33.172227],[111.593757,33.172094],[111.59531,33.172137],[111.59601,33.172056],[111.597469,33.171358],[111.598166,33.170817],[111.598861,33.170148],[111.599408,33.169683],[111.600591,33.16896],[111.601653,33.168444],[111.602262,33.16821],[111.603112,33.16795],[111.603721,33.167665],[111.604217,33.16753],[111.604429,33.167067],[111.604612,33.166358],[111.604494,33.165689],[111.604255,33.164833],[111.603397,33.163118],[111.603297,33.16266],[111.603008,33.161798],[111.602949,33.161429],[111.602836,33.161068],[111.602468,33.160224],[111.6023,33.159444],[111.602104,33.158962],[111.601693,33.158668],[111.601028,33.158117],[111.600508,33.157924],[111.599942,33.157776],[111.599472,33.157531],[111.59888,33.15686],[111.598622,33.156707],[111.598249,33.156595],[111.597646,33.156494],[111.596659,33.15637],[111.594856,33.156216],[111.594457,33.156063],[111.59355,33.155414],[111.592936,33.155075],[111.59218,33.154774],[111.591597,33.154446],[111.590715,33.15366],[111.590133,33.153242],[111.589377,33.15287],[111.588269,33.152153],[111.588041,33.151745],[111.588057,33.151352],[111.588489,33.150197],[111.588628,33.149654],[111.588457,33.149221],[111.588312,33.148605],[111.588033,33.148028],[111.586874,33.146348],[111.586673,33.145951],[111.58674,33.145452],[111.587183,33.145046],[111.587496,33.144857],[111.587727,33.144444],[111.587877,33.143855],[111.587719,33.143054],[111.587502,33.142618],[111.586998,33.142663],[111.586048,33.143112],[111.585691,33.143058],[111.585176,33.14289],[111.584238,33.142227],[111.584058,33.141946],[111.583993,33.141477],[111.583792,33.140743],[111.583586,33.140462],[111.582891,33.139847],[111.582269,33.139467],[111.581553,33.13929],[111.581046,33.139222],[111.580536,33.139209],[111.579812,33.139285],[111.579275,33.139231],[111.578881,33.139096],[111.578449,33.138852],[111.577693,33.138283],[111.577543,33.137929],[111.577626,33.137513],[111.57817,33.136664],[111.578323,33.136273],[111.578345,33.135642],[111.57805,33.133906],[111.577803,33.131887],[111.57754,33.131148],[111.577226,33.130454],[111.576939,33.129955],[111.576186,33.129178],[111.575612,33.128506],[111.57522,33.127812],[111.574775,33.126857],[111.574228,33.126188],[111.573133,33.124649],[111.572425,33.123111],[111.57206,33.122524],[111.571696,33.122113],[111.571333,33.121767],[111.570891,33.121531],[111.568927,33.121062],[111.567997,33.120914],[111.566961,33.12057],[111.565666,33.120229],[111.564786,33.119885],[111.564373,33.119584],[111.564303,33.118953],[111.56506,33.118124],[111.566548,33.116791],[111.567911,33.115938],[111.569327,33.114954],[111.570534,33.114035],[111.572304,33.112244],[111.572894,33.111764],[111.573511,33.111197],[111.574077,33.11089],[111.574823,33.110669],[111.576526,33.1104],[111.57699,33.110247],[111.577376,33.110004],[111.577838,33.109526],[111.578015,33.109002],[111.578141,33.108416],[111.57806,33.107895],[111.577902,33.107612],[111.577486,33.10707],[111.577044,33.106769],[111.576837,33.106574],[111.576497,33.106012],[111.576132,33.105273],[111.575818,33.104907],[111.5753,33.104561],[111.574134,33.103893],[111.573721,33.103785],[111.572712,33.103702],[111.572143,33.103489],[111.571575,33.103154],[111.57095,33.102428],[111.570767,33.102105],[111.570456,33.101867],[111.56929,33.101242],[111.569029,33.101004],[111.568769,33.100593],[111.568635,33.100071],[111.568453,33.09955],[111.568217,33.099009],[111.568109,33.09853],[111.568211,33.098247],[111.568469,33.097941],[111.568879,33.097788],[111.570169,33.097631],[111.571561,33.097319],[111.57254,33.097054],[111.574085,33.096373],[111.574858,33.096218],[111.575813,33.096105],[111.576768,33.096101],[111.577543,33.095946],[111.578031,33.095703],[111.578184,33.095398],[111.578047,33.094357],[111.577814,33.093901],[111.577527,33.093467],[111.577422,33.093164],[111.577417,33.09236],[111.57736,33.091685],[111.577226,33.09122],[111.576628,33.09056],[111.576033,33.090151],[111.575799,33.089825],[111.575553,33.089398],[111.57522,33.088413],[111.575011,33.08796],[111.573393,33.085359],[111.57308,33.08458],[111.572843,33.083905],[111.572709,33.083341],[111.572599,33.082337],[111.572672,33.081429],[111.572506,33.079799],[111.572374,33.079127],[111.572111,33.078606],[111.571899,33.077565],[111.571317,33.075655],[111.570926,33.074745],[111.570569,33.073936],[111.569821,33.073055],[111.568235,33.07207],[111.56775,33.071621],[111.567431,33.071131],[111.56746,33.070773],[111.56804,33.070191],[111.568509,33.069982],[111.568957,33.069899],[111.569394,33.069879],[111.570529,33.07024],[111.570861,33.070288],[111.571202,33.070274],[111.571577,33.070189],[111.572481,33.069827],[111.57301,33.069845],[111.573967,33.07022],[111.574228,33.070492],[111.574466,33.071513],[111.574858,33.072075],[111.57522,33.072466],[111.575689,33.07292],[111.576025,33.07309],[111.576671,33.073315],[111.577084,33.073282],[111.577934,33.072931],[111.578541,33.072819],[111.57938,33.07301],[111.580694,33.072614],[111.581695,33.071955],[111.58306,33.071234],[111.583393,33.070883],[111.583664,33.070101],[111.584018,33.069791],[111.584181,33.069555],[111.584377,33.069148],[111.584728,33.068654],[111.584989,33.06851],[111.585804,33.068334],[111.58648,33.068121],[111.587196,33.068411],[111.587531,33.068604],[111.587818,33.068973],[111.588135,33.069613],[111.588529,33.070969],[111.588738,33.071358],[111.589414,33.072225],[111.59035,33.073349],[111.591002,33.074324],[111.591445,33.074693],[111.591935,33.074907],[111.592531,33.075012],[111.593665,33.07492],[111.59395,33.074832],[111.594296,33.074439],[111.594097,33.073963],[111.593448,33.073248],[111.592823,33.072425],[111.592145,33.071146],[111.591485,33.069108],[111.591289,33.068782],[111.590964,33.068566],[111.590755,33.068242],[111.590409,33.066592],[111.590117,33.065376],[111.589822,33.063531],[111.589658,33.062292],[111.589186,33.060991],[111.588972,33.059752],[111.588655,33.058907],[111.588025,33.057389],[111.587295,33.05611],[111.586877,33.055503],[111.586796,33.055027],[111.586818,33.054395],[111.586971,33.054069],[111.587791,33.053413],[111.589304,33.051929],[111.590101,33.051077],[111.590535,33.050749],[111.590973,33.050573],[111.592703,33.050598],[111.593601,33.050083],[111.594964,33.049121],[111.59568,33.048379],[111.596731,33.047156],[111.598013,33.045955],[111.598346,33.045584],[111.598783,33.045256],[111.59922,33.045144],[111.600948,33.045049],[111.602004,33.044806],[111.604241,33.043817],[111.604781,33.043336],[111.605113,33.042922],[111.605188,33.042596],[111.605161,33.042313],[111.604979,33.042052],[111.604279,33.041643],[111.60371,33.041472],[111.603399,33.041452],[111.602755,33.041499],[111.601675,33.041787],[111.60139,33.041767],[111.600173,33.041099],[111.59929,33.040341],[111.598485,33.039541],[111.598043,33.038913],[111.597831,33.038153],[111.597852,33.037589],[111.598056,33.037198],[111.598772,33.036195],[111.598949,33.035585],[111.59892,33.035172],[111.598762,33.034695],[111.598397,33.034131],[111.598008,33.033719],[111.597619,33.033571],[111.597101,33.033463],[111.596702,33.033487],[111.596098,33.033838],[111.595562,33.034362],[111.594945,33.035059],[111.594666,33.035495],[111.594513,33.035974],[111.594366,33.036824],[111.594344,33.037605],[111.594425,33.038214],[111.594583,33.03867],[111.594948,33.039255],[111.59539,33.03984],[111.595446,33.040251],[111.594862,33.040822],[111.593349,33.041218],[111.592485,33.04133],[111.591171,33.041326],[111.590683,33.041969],[111.589843,33.043669],[111.589511,33.044082],[111.588199,33.044784],[111.585289,33.045645],[111.583613,33.045544],[111.582655,33.045222],[111.580818,33.044514],[111.579576,33.043738],[111.57868,33.042927],[111.578506,33.042558],[111.579096,33.041665],[111.580123,33.040701],[111.581225,33.039358],[111.581534,33.038808],[111.581874,33.037818],[111.581936,33.037474],[111.581912,33.036838],[111.581799,33.036384],[111.581571,33.035833],[111.579817,33.03324],[111.579477,33.032633],[111.579442,33.032363],[111.57868,33.031513],[111.57765,33.030539],[111.577473,33.030285],[111.57725,33.029683],[111.577071,33.029345],[111.57681,33.029024],[111.574815,33.027661],[111.574592,33.027472],[111.574555,33.027463],[111.574287,33.027663],[111.573919,33.027805],[111.572953,33.028082],[111.571516,33.028192],[111.571449,33.028109],[111.571293,33.02767],[111.571162,33.027571],[111.570904,33.027544],[111.570835,33.027501],[111.570714,33.027097],[111.570676,33.027056],[111.570169,33.027047],[111.569984,33.026993],[111.57,33.026368],[111.569979,33.026305],[111.569577,33.026141],[111.56974,33.025914],[111.570014,33.025997],[111.57011,33.025986],[111.570169,33.025529],[111.570196,33.0255],[111.571052,33.025707],[111.571175,33.025723],[111.571197,33.025696],[111.571325,33.024762],[111.571301,33.024283],[111.571194,33.024013],[111.571197,33.023932],[111.571891,33.023431],[111.57253,33.022839],[111.572433,33.022754],[111.572173,33.022648],[111.572165,33.022592],[111.572288,33.02239],[111.571763,33.022055],[111.57154,33.022104],[111.571331,33.022023],[111.571223,33.022194],[111.571146,33.022187],[111.570438,33.021875],[111.570454,33.021704],[111.570344,33.021666],[111.570247,33.021693],[111.570129,33.021823],[111.569834,33.021789],[111.569418,33.022212],[111.569231,33.022349],[111.569072,33.022298],[111.568571,33.021965],[111.568555,33.021915],[111.568619,33.021657],[111.568493,33.021567],[111.568241,33.021551],[111.567723,33.021456],[111.567045,33.021398],[111.565441,33.021276],[111.564362,33.021229],[111.565105,33.020168],[111.565207,33.019889],[111.565631,33.019365],[111.566602,33.018672],[111.566138,33.017752],[111.566017,33.017579],[111.565559,33.017165],[111.565376,33.017035],[111.565229,33.016983],[111.565108,33.016884],[111.565052,33.016698],[111.565089,33.016475],[111.565231,33.016277],[111.565489,33.016057],[111.565846,33.01585],[111.566119,33.015728],[111.566489,33.01564],[111.566918,33.015629],[111.566994,33.015591],[111.56698,33.015353],[111.566948,33.015287],[111.566645,33.015256],[111.566618,33.015224],[111.566159,33.013432],[111.56554,33.013675],[111.565175,33.013762],[111.564859,33.013882],[111.564295,33.013742],[111.563464,33.013753],[111.563158,33.013866],[111.56388,33.014851],[111.564338,33.015622],[111.564703,33.016021],[111.564714,33.016095],[111.564682,33.016142],[111.564539,33.016146],[111.564362,33.016104],[111.564228,33.016122],[111.564097,33.016466],[111.564038,33.016767],[111.564177,33.016866],[111.564188,33.016904],[111.563925,33.017118],[111.562203,33.016572],[111.560846,33.016086],[111.559639,33.015488],[111.557024,33.013299],[111.557885,33.011716],[111.555962,33.011261],[111.554036,33.010719],[111.553848,33.0106],[111.553191,33.011095],[111.552577,33.011455],[111.552445,33.011729],[111.552,33.01228],[111.551603,33.012424],[111.551308,33.013243],[111.550667,33.013713],[111.550173,33.013708],[111.550015,33.013634],[111.549406,33.013623],[111.549071,33.013526],[111.548398,33.013151],[111.547631,33.012939],[111.54718,33.012919],[111.546617,33.013137],[111.546265,33.013398],[111.546284,33.013495],[111.545925,33.01383],[111.545801,33.013884],[111.544975,33.014428],[111.543886,33.015287],[111.543294,33.016115],[111.542803,33.016563],[111.542521,33.016713],[111.54236,33.016648],[111.541977,33.015951],[111.541861,33.015631],[111.54026,33.013484],[111.54004,33.013328],[111.53978,33.012721],[111.539477,33.012211],[111.539125,33.012152],[111.538621,33.011938],[111.538503,33.011745],[111.537685,33.011785],[111.53743,33.012233],[111.537017,33.012265],[111.536864,33.011909],[111.536634,33.011531],[111.536492,33.011228],[111.536816,33.011135],[111.536843,33.010973],[111.536797,33.010854],[111.536902,33.010823],[111.536921,33.010674],[111.536821,33.010528],[111.536502,33.010409],[111.536017,33.010314],[111.535692,33.010362],[111.535427,33.010452],[111.535175,33.010609],[111.535059,33.010825],[111.534973,33.010883],[111.534936,33.010861],[111.534917,33.010506],[111.534818,33.010022],[111.534737,33.009853],[111.534745,33.009734],[111.534665,33.009489],[111.534635,33.00928],[111.534791,33.008499],[111.534976,33.008461],[111.536272,33.008695],[111.536272,33.008479],[111.536049,33.008175],[111.53595,33.007982],[111.535942,33.007843],[111.536011,33.007566],[111.535813,33.00712],[111.535655,33.006988],[111.535204,33.006752],[111.535043,33.00659],[111.53466,33.005892],[111.534405,33.00582],[111.534067,33.005478],[111.53356,33.004835],[111.533461,33.004406],[111.533418,33.004406],[111.533203,33.004894],[111.533007,33.005121],[111.532707,33.005321],[111.532795,33.005395],[111.532825,33.005553],[111.532702,33.005679],[111.53212,33.005688],[111.531546,33.005483],[111.531492,33.005393],[111.531666,33.005096],[111.531838,33.004545],[111.531285,33.004689],[111.530068,33.004646],[111.52996,33.004599],[111.529805,33.004399],[111.529199,33.004016],[111.529123,33.003924],[111.529121,33.003861],[111.529697,33.003202],[111.530435,33.002732],[111.530768,33.002374],[111.531178,33.001785],[111.531419,33.001697],[111.531028,33.001364],[111.530277,33.001038],[111.529829,33.000768],[111.529223,33.00033],[111.528847,33.000456],[111.528716,33.000674],[111.52844,33.000977],[111.528244,33.001031],[111.527579,33.000408],[111.527165,33.000073],[111.526589,32.999828],[111.526299,32.999407],[111.526219,32.999007],[111.525894,32.998843],[111.525701,32.998795],[111.525216,32.998944],[111.52502,32.998951],[111.524679,32.998885],[111.524475,32.998897],[111.524296,32.998953],[111.523963,32.999358],[111.523703,32.999263],[111.523711,32.999149],[111.523574,32.999038],[111.523432,32.999016],[111.523284,32.998876],[111.523257,32.998744],[111.523298,32.998568],[111.523287,32.998242],[111.523215,32.998118],[111.523107,32.998161],[111.522901,32.998375],[111.522759,32.998372],[111.522316,32.998292],[111.522222,32.998208],[111.522203,32.998114],[111.52204,32.997997],[111.522042,32.997365],[111.522305,32.997342]]]}},{"type":"Feature","properties":{"regionCode":"411326111","sourceCode":"411326111000","name":"马蹬镇","sourceName":"马蹬镇","parentCode":"411326","parentName":"淅川县","regionLevel":"township","regionType":"town","isManagementZone":false,"source":"ruiduobao","sourceVersion":"mixed-legacy~2018-2020","geometryRepaired":false,"match2020":true,"match2023":true},"geometry":{"type":"Polygon","coordinates":[[[111.5495,32.821245],[111.547894,32.82152],[111.546499,32.821813],[111.545139,32.822185],[111.543964,32.822586],[111.542754,32.822931],[111.540976,32.823377],[111.53835,32.82395],[111.53743,32.824211],[111.536601,32.824391],[111.535362,32.82479],[111.533624,32.825586],[111.52683,32.82921],[111.526766,32.829267],[111.526691,32.829411],[111.526597,32.82969],[111.526506,32.830274],[111.526519,32.832528],[111.526567,32.832879],[111.52675,32.833405],[111.526742,32.83358],[111.526586,32.834011],[111.526543,32.834227],[111.526414,32.835176],[111.52638,32.836152],[111.526417,32.83672],[111.526425,32.838097],[111.526546,32.83928],[111.526734,32.840546],[111.526999,32.841862],[111.527165,32.842401],[111.527361,32.842854],[111.528115,32.844427],[111.528413,32.844878],[111.530065,32.847147],[111.530438,32.847503],[111.531014,32.848156],[111.532565,32.849456],[111.533203,32.849948],[111.534228,32.850666],[111.535255,32.851191],[111.536282,32.851532],[111.538332,32.851845],[111.538975,32.851874],[111.539997,32.851771],[111.541169,32.851543],[111.543299,32.851383],[111.545332,32.851182],[111.545791,32.851173],[111.549074,32.851484],[111.550436,32.851773],[111.55219,32.852483],[111.552813,32.852859],[111.553566,32.853427],[111.554197,32.854107],[111.554449,32.854472],[111.554741,32.854934],[111.555031,32.855671],[111.555074,32.855894],[111.555063,32.856635],[111.554862,32.857969],[111.554339,32.85894],[111.553961,32.859312],[111.553532,32.859623],[111.553352,32.859862],[111.551879,32.861153],[111.549803,32.862279],[111.549117,32.86257],[111.547464,32.863144],[111.546137,32.863527],[111.544189,32.86364],[111.542277,32.863584],[111.541027,32.8635],[111.540601,32.863437],[111.539756,32.863221],[111.53937,32.863171],[111.538176,32.862912],[111.53728,32.862923],[111.536044,32.862996],[111.53503,32.863153],[111.534445,32.863273],[111.533968,32.86341],[111.533662,32.863536],[111.533359,32.863714],[111.532798,32.864235],[111.533021,32.864458],[111.533163,32.864773],[111.533627,32.865451],[111.534091,32.865999],[111.534378,32.866244],[111.534965,32.866616],[111.535588,32.866587],[111.535681,32.867623],[111.535652,32.868161],[111.535585,32.868533],[111.535982,32.86913],[111.536239,32.869664],[111.536451,32.870315],[111.536685,32.870599],[111.536958,32.871119],[111.537642,32.872122],[111.537696,32.872244],[111.537709,32.872403],[111.537666,32.872602],[111.537575,32.872728],[111.537511,32.872908],[111.537527,32.872971],[111.537843,32.873345],[111.537943,32.87351],[111.537964,32.873679],[111.537825,32.873861],[111.537674,32.874501],[111.537688,32.875075],[111.537827,32.876244],[111.536915,32.876012],[111.535006,32.875719],[111.534815,32.875828],[111.534732,32.875942],[111.534635,32.876283],[111.534322,32.877051],[111.534061,32.877801],[111.533855,32.878193],[111.533764,32.878524],[111.533056,32.879801],[111.532913,32.880164],[111.532852,32.880711],[111.53279,32.880991],[111.532398,32.881964],[111.532149,32.882711],[111.532602,32.882594],[111.533729,32.882229],[111.535397,32.881612],[111.53639,32.881137],[111.536805,32.880878],[111.537216,32.880695],[111.537699,32.880565],[111.537892,32.880558],[111.537918,32.880671],[111.538152,32.881072],[111.538484,32.88127],[111.538581,32.881403],[111.538616,32.88156],[111.538608,32.881925],[111.538133,32.882662],[111.53779,32.883081],[111.537664,32.883308],[111.537693,32.883671],[111.537039,32.88425],[111.536521,32.884844],[111.536247,32.885417],[111.535993,32.886068],[111.535901,32.886468],[111.535885,32.886759],[111.537025,32.886908],[111.537554,32.886917],[111.538077,32.887007],[111.539302,32.887135],[111.53967,32.887209],[111.541818,32.88734],[111.542408,32.88757],[111.542763,32.887869],[111.543189,32.888338],[111.543323,32.888556],[111.543463,32.889061],[111.543551,32.889721],[111.543559,32.890237],[111.543492,32.890496],[111.543259,32.89098],[111.543076,32.89125],[111.542808,32.891543],[111.54239,32.89193],[111.541993,32.892354],[111.540933,32.893176],[111.540695,32.893291],[111.540027,32.893489],[111.535711,32.894689],[111.535432,32.894818],[111.533568,32.895996],[111.532597,32.89657],[111.53201,32.897016],[111.530121,32.899022],[111.529451,32.899597],[111.529185,32.899867],[111.528547,32.900279],[111.527874,32.900603],[111.526685,32.900984],[111.52565,32.901274],[111.525398,32.901247],[111.524515,32.900997],[111.524151,32.900865],[111.523794,32.900657],[111.523378,32.900479],[111.521798,32.900015],[111.520366,32.899329],[111.519846,32.899045],[111.517815,32.898182],[111.515906,32.897203],[111.513875,32.89627],[111.513003,32.895923],[111.51174,32.895264],[111.510643,32.894813],[111.509948,32.894644],[111.509554,32.89461],[111.50795,32.894721],[111.506891,32.895065],[111.506175,32.895221],[111.505807,32.895419],[111.505482,32.895671],[111.504994,32.895928],[111.503932,32.896608],[111.503184,32.897153],[111.502347,32.897696],[111.501982,32.898052],[111.501674,32.898558],[111.501422,32.899079],[111.501226,32.900027],[111.501135,32.901216],[111.501164,32.901853],[111.501379,32.903526],[111.501502,32.905238],[111.501655,32.905799],[111.501931,32.906517],[111.502012,32.90767],[111.502127,32.908053],[111.50214,32.908262],[111.50225,32.908447],[111.502285,32.908764],[111.502921,32.910919],[111.503203,32.911536],[111.503358,32.912005],[111.50339,32.912286],[111.503565,32.912678],[111.503613,32.912957],[111.503868,32.91379],[111.503881,32.91406],[111.504123,32.914542],[111.504133,32.914792],[111.504383,32.915625],[111.50441,32.916109],[111.504364,32.916375],[111.504246,32.91674],[111.503876,32.917575],[111.503586,32.918161],[111.50287,32.919354],[111.502095,32.920527],[111.501703,32.921072],[111.501226,32.921599],[111.499244,32.924154],[111.495263,32.928008],[111.49286,32.930431],[111.489829,32.933396],[111.488019,32.935109],[111.484336,32.938765],[111.482812,32.940246],[111.482222,32.940775],[111.481847,32.941151],[111.48167,32.941398],[111.483593,32.945274],[111.488815,32.956217],[111.489287,32.957115],[111.489609,32.957845],[111.489859,32.958774],[111.490009,32.96014],[111.490162,32.961034],[111.49032,32.961731],[111.490376,32.962242],[111.490639,32.963682],[111.490886,32.964857],[111.491345,32.966729],[111.491739,32.967834],[111.491801,32.96812],[111.492267,32.969468],[111.492415,32.97017],[111.492673,32.971984],[111.492788,32.974146],[111.492967,32.9758],[111.493037,32.977472],[111.493021,32.977888],[111.492817,32.979546],[111.492586,32.980413],[111.492415,32.981214],[111.492286,32.981513],[111.492117,32.981769],[111.491197,32.983592],[111.490889,32.984456],[111.490757,32.984931],[111.490392,32.985455],[111.489446,32.987077],[111.488796,32.987846],[111.487453,32.989075],[111.486527,32.990488],[111.48631,32.99114],[111.486055,32.991729],[111.48591,32.99217],[111.485489,32.992841],[111.485154,32.99393],[111.485251,32.994044],[111.485532,32.994195],[111.486015,32.994532],[111.486879,32.994991],[111.487345,32.995185],[111.48786,32.995347],[111.488236,32.995408],[111.489258,32.995493],[111.490937,32.995594],[111.492058,32.995776],[111.492603,32.995977],[111.492653,32.996058],[111.492683,32.996465],[111.492616,32.997502],[111.492723,32.998204],[111.492796,32.998332],[111.493101,32.998651],[111.493458,32.998964],[111.4936,32.999162],[111.493807,33.000073],[111.49389,33.001506],[111.494107,33.00293],[111.494311,33.003391],[111.495076,33.004408],[111.495958,33.004894],[111.496218,33.004968],[111.496449,33.004966],[111.497079,33.005083],[111.498611,33.005236],[111.499059,33.00526],[111.49956,33.005231],[111.49996,33.005272],[111.50103,33.005564],[111.501226,33.005586],[111.501625,33.005589],[111.502626,33.005388],[111.503707,33.004954],[111.504195,33.004565],[111.504587,33.003965],[111.505094,33.003533],[111.505898,33.00309],[111.506748,33.002754],[111.507014,33.002575],[111.50769,33.001621],[111.507931,33.001369],[111.508208,33.00118],[111.508492,33.000613],[111.508575,33.000273],[111.508682,33.000073],[111.508985,32.999018],[111.5092,32.998552],[111.509688,32.99783],[111.510428,32.996944],[111.510882,32.996208],[111.510946,32.996026],[111.512287,32.995923],[111.5135,32.995986],[111.513915,32.996098],[111.514886,32.996204],[111.515337,32.996296],[111.51557,32.996301],[111.516697,32.99606],[111.517043,32.996055],[111.517255,32.996085],[111.517217,32.996379],[111.516911,32.996571],[111.516868,32.996805],[111.516877,32.997012],[111.517316,32.997043],[111.517357,32.996775],[111.517351,32.996514],[111.517636,32.996494],[111.517676,32.996429],[111.517705,32.996172],[111.517684,32.996008],[111.517751,32.9959],[111.51792,32.995819],[111.518057,32.995812],[111.518631,32.995911],[111.518912,32.995995],[111.519191,32.996136],[111.519004,32.996589],[111.519395,32.996886],[111.519425,32.996892],[111.519805,32.99633],[111.520039,32.996402],[111.519701,32.997027],[111.520007,32.99736],[111.520224,32.997482],[111.520288,32.997443],[111.520578,32.996978],[111.520691,32.996852],[111.520825,32.996773],[111.521069,32.996755],[111.52216,32.996411],[111.522984,32.996305],[111.523456,32.996382],[111.524019,32.996593],[111.524312,32.996735],[111.524118,32.997086],[111.524135,32.997124],[111.524497,32.997277],[111.524041,32.997842],[111.522887,32.997639],[111.522718,32.997572],[111.522472,32.997371],[111.522067,32.997349],[111.522042,32.997365],[111.52204,32.997997],[111.522203,32.998114],[111.522222,32.998208],[111.522316,32.998292],[111.522759,32.998372],[111.522901,32.998375],[111.523107,32.998161],[111.523215,32.998118],[111.523287,32.998242],[111.523298,32.998568],[111.523257,32.998744],[111.523284,32.998876],[111.523432,32.999016],[111.523574,32.999038],[111.523711,32.999149],[111.523703,32.999263],[111.523963,32.999358],[111.524296,32.998953],[111.524475,32.998897],[111.524679,32.998885],[111.52502,32.998951],[111.525216,32.998944],[111.525701,32.998795],[111.525894,32.998843],[111.526219,32.999007],[111.526299,32.999407],[111.526589,32.999828],[111.527165,33.000073],[111.527579,33.000408],[111.528244,33.001031],[111.52844,33.000977],[111.528716,33.000674],[111.528847,33.000456],[111.529223,33.00033],[111.529829,33.000768],[111.530277,33.001038],[111.531028,33.001364],[111.531419,33.001697],[111.531178,33.001785],[111.530768,33.002374],[111.530435,33.002732],[111.529697,33.003202],[111.529121,33.003861],[111.529123,33.003924],[111.529199,33.004016],[111.529805,33.004399],[111.52996,33.004599],[111.530068,33.004646],[111.531285,33.004689],[111.531838,33.004545],[111.531666,33.005096],[111.531492,33.005393],[111.531546,33.005483],[111.53212,33.005688],[111.532702,33.005679],[111.532825,33.005553],[111.532795,33.005395],[111.532707,33.005321],[111.533007,33.005121],[111.533203,33.004894],[111.533418,33.004406],[111.533461,33.004406],[111.53356,33.004835],[111.534067,33.005478],[111.534405,33.00582],[111.53466,33.005892],[111.535043,33.00659],[111.535204,33.006752],[111.535655,33.006988],[111.535813,33.00712],[111.536011,33.007566],[111.535942,33.007843],[111.53595,33.007982],[111.536049,33.008175],[111.536272,33.008479],[111.536272,33.008695],[111.534976,33.008461],[111.534791,33.008499],[111.534635,33.00928],[111.534665,33.009489],[111.534745,33.009734],[111.534737,33.009853],[111.534818,33.010022],[111.534917,33.010506],[111.534936,33.010861],[111.534973,33.010883],[111.535059,33.010825],[111.535175,33.010609],[111.535427,33.010452],[111.535692,33.010362],[111.536017,33.010314],[111.536502,33.010409],[111.536821,33.010528],[111.536921,33.010674],[111.536902,33.010823],[111.536797,33.010854],[111.536843,33.010973],[111.536816,33.011135],[111.536492,33.011228],[111.536634,33.011531],[111.536864,33.011909],[111.537017,33.012265],[111.53743,33.012233],[111.537685,33.011785],[111.538503,33.011745],[111.538621,33.011938],[111.539125,33.012152],[111.539477,33.012211],[111.53978,33.012721],[111.54004,33.013328],[111.54026,33.013484],[111.541861,33.015631],[111.541977,33.015951],[111.54236,33.016648],[111.542521,33.016713],[111.542803,33.016563],[111.543294,33.016115],[111.543886,33.015287],[111.544975,33.014428],[111.545801,33.013884],[111.545925,33.01383],[111.546284,33.013495],[111.546265,33.013398],[111.546617,33.013137],[111.54718,33.012919],[111.547631,33.012939],[111.548398,33.013151],[111.549071,33.013526],[111.549406,33.013623],[111.550015,33.013634],[111.550173,33.013708],[111.550667,33.013713],[111.551308,33.013243],[111.551603,33.012424],[111.552,33.01228],[111.552445,33.011729],[111.552577,33.011455],[111.553191,33.011095],[111.553848,33.0106],[111.554036,33.010719],[111.555962,33.011261],[111.557885,33.011716],[111.557024,33.013299],[111.559639,33.015488],[111.560846,33.016086],[111.562203,33.016572],[111.563925,33.017118],[111.564188,33.016904],[111.564177,33.016866],[111.564038,33.016767],[111.564097,33.016466],[111.564228,33.016122],[111.564362,33.016104],[111.564539,33.016146],[111.564682,33.016142],[111.564714,33.016095],[111.564703,33.016021],[111.564338,33.015622],[111.56388,33.014851],[111.563158,33.013866],[111.563464,33.013753],[111.564295,33.013742],[111.564859,33.013882],[111.565175,33.013762],[111.56554,33.013675],[111.566159,33.013432],[111.566618,33.015224],[111.566645,33.015256],[111.566948,33.015287],[111.56698,33.015353],[111.566994,33.015591],[111.566918,33.015629],[111.566489,33.01564],[111.566119,33.015728],[111.565846,33.01585],[111.565489,33.016057],[111.565231,33.016277],[111.565089,33.016475],[111.565052,33.016698],[111.565108,33.016884],[111.565229,33.016983],[111.565376,33.017035],[111.565559,33.017165],[111.566017,33.017579],[111.566138,33.017752],[111.566602,33.018672],[111.565631,33.019365],[111.565207,33.019889],[111.565105,33.020168],[111.564362,33.021229],[111.565441,33.021276],[111.567045,33.021398],[111.567723,33.021456],[111.568241,33.021551],[111.568493,33.021567],[111.568619,33.021657],[111.568555,33.021915],[111.568571,33.021965],[111.569072,33.022298],[111.569231,33.022349],[111.569418,33.022212],[111.569834,33.021789],[111.570129,33.021823],[111.570247,33.021693],[111.570344,33.021666],[111.570454,33.021704],[111.570438,33.021875],[111.571146,33.022187],[111.571223,33.022194],[111.571331,33.022023],[111.57154,33.022104],[111.571763,33.022055],[111.572288,33.02239],[111.572165,33.022592],[111.572173,33.022648],[111.572433,33.022754],[111.57253,33.022839],[111.571891,33.023431],[111.571197,33.023932],[111.571194,33.024013],[111.571301,33.024283],[111.571325,33.024762],[111.571197,33.025696],[111.571175,33.025723],[111.571052,33.025707],[111.570196,33.0255],[111.570169,33.025529],[111.57011,33.025986],[111.570014,33.025997],[111.56974,33.025914],[111.569577,33.026141],[111.569979,33.026305],[111.57,33.026368],[111.569984,33.026993],[111.570169,33.027047],[111.570676,33.027056],[111.570714,33.027097],[111.570835,33.027501],[111.570904,33.027544],[111.571162,33.027571],[111.571293,33.02767],[111.571449,33.028109],[111.571516,33.028192],[111.572953,33.028082],[111.573919,33.027805],[111.574287,33.027663],[111.574555,33.027463],[111.574592,33.027472],[111.574815,33.027661],[111.57681,33.029024],[111.577071,33.029345],[111.57725,33.029683],[111.577473,33.030285],[111.57765,33.030539],[111.57868,33.031513],[111.579442,33.032363],[111.579423,33.032199],[111.579627,33.031873],[111.581166,33.030519],[111.581858,33.030168],[111.582631,33.029838],[111.58317,33.029467],[111.583889,33.02868],[111.584782,33.027524],[111.585241,33.026631],[111.585431,33.02599],[111.584661,33.025264],[111.585045,33.024328],[111.585238,33.023957],[111.58574,33.023912],[111.586799,33.024038],[111.588135,33.024054],[111.588449,33.023986],[111.589065,33.023593],[111.59009,33.022763],[111.59153,33.021778],[111.59289,33.020881],[111.593215,33.020699],[111.594041,33.020109],[111.594771,33.019758],[111.597024,33.018915],[111.598137,33.018373],[111.599837,33.017338],[111.600728,33.016666],[111.601506,33.01591],[111.602227,33.015294],[111.602785,33.014725],[111.602817,33.014356],[111.602434,33.014037],[111.601913,33.013684],[111.598274,33.01201],[111.597858,33.011729],[111.59752,33.011383],[111.59726,33.011014],[111.59705,33.010429],[111.59697,33.00993],[111.596965,33.00932],[111.597093,33.009039],[111.597324,33.008733],[111.597522,33.007905],[111.59726,33.006907],[111.597152,33.006257],[111.597174,33.005692],[111.597348,33.005038],[111.59786,33.004298],[111.598115,33.003753],[111.598314,33.002664],[111.598386,33.001992],[111.598327,33.000971],[111.598402,33.000579],[111.598536,33.000147],[111.598711,32.999171],[111.598708,32.998804],[111.598536,32.998357],[111.598193,32.997626],[111.597557,32.996548],[111.596605,32.995045],[111.596313,32.99467],[111.59602,32.994411],[111.595194,32.994404],[111.594712,32.994256],[111.594323,32.994056],[111.593877,32.993698],[111.593609,32.993313],[111.593537,32.99287],[111.593615,32.992479],[111.594186,32.991741],[111.594277,32.991297],[111.5941,32.990841],[111.593727,32.990353],[111.593448,32.99008],[111.593097,32.989903],[111.592638,32.989804],[111.592027,32.989374],[111.59182,32.989153],[111.591917,32.98858],[111.591675,32.988296],[111.591514,32.987959],[111.591568,32.987093],[111.590951,32.986397],[111.590742,32.985497],[111.590305,32.985133],[111.589972,32.984973],[111.58958,32.985194],[111.588891,32.985842],[111.587319,32.985752],[111.585284,32.985763],[111.584688,32.985682],[111.58446,32.98536],[111.584374,32.985052],[111.584452,32.984312],[111.584463,32.983646],[111.583878,32.982885],[111.583167,32.982269],[111.583014,32.981916],[111.583039,32.980973],[111.582955,32.980422],[111.582617,32.980147],[111.581716,32.979855],[111.581086,32.97954],[111.579868,32.979299],[111.579155,32.979108],[111.579286,32.97861],[111.580442,32.97623],[111.581252,32.974749],[111.581697,32.973651],[111.581901,32.972317],[111.581706,32.971973],[111.581196,32.971613],[111.581196,32.971165],[111.581523,32.970566],[111.581547,32.970053],[111.581247,32.969389],[111.581271,32.969007],[111.581579,32.968386],[111.583486,32.966423],[111.584329,32.965442],[111.584836,32.965107],[111.586289,32.964535],[111.587858,32.964853],[111.588706,32.965111],[111.58946,32.965462],[111.589878,32.965519],[111.59248,32.965003],[111.593349,32.964776],[111.593762,32.964587],[111.594921,32.963804],[111.596305,32.962652],[111.596329,32.962001],[111.596592,32.961695],[111.597045,32.961407],[111.597501,32.961202],[111.598593,32.960824],[111.599073,32.960446],[111.599923,32.959422],[111.600478,32.958425],[111.601345,32.957262],[111.601514,32.956974],[111.601567,32.956569],[111.601422,32.956022],[111.601138,32.955666],[111.599886,32.954455],[111.599006,32.953935],[111.598241,32.953629],[111.597866,32.953377],[111.597836,32.953046],[111.598048,32.952605],[111.599175,32.951635],[111.599963,32.951147],[111.60072,32.950089],[111.601334,32.949405],[111.601739,32.949026],[111.602122,32.948777],[111.603557,32.948101],[111.604762,32.947359],[111.605124,32.947053],[111.605821,32.94689],[111.606827,32.946418],[111.607994,32.945792],[111.60856,32.945254],[111.609059,32.944642],[111.609241,32.944084],[111.60922,32.943147],[111.609297,32.942621],[111.609536,32.942308],[111.610174,32.942024],[111.610778,32.941855],[111.611129,32.941558],[111.611408,32.941175],[111.611714,32.940365],[111.612414,32.939314],[111.612441,32.938978],[111.612323,32.938548],[111.611896,32.937956],[111.6114,32.93738],[111.610107,32.936824],[111.608562,32.935917],[111.608042,32.935383],[111.606851,32.934337],[111.606352,32.933461],[111.604671,32.930798],[111.60385,32.929629],[111.60308,32.928796],[111.602595,32.92811],[111.602326,32.927662],[111.602297,32.927135],[111.602498,32.926885],[111.606216,32.925356],[111.606733,32.925239],[111.607087,32.924899],[111.608013,32.923823],[111.60863,32.923177],[111.60922,32.922792],[111.614994,32.919153],[111.616354,32.918579],[111.618229,32.917271],[111.619656,32.91619],[111.620879,32.915475],[111.622244,32.914866],[111.624133,32.914119],[111.625766,32.913347],[111.626608,32.912795],[111.627126,32.91227],[111.627233,32.911457],[111.627027,32.909676],[111.626783,32.908066],[111.6266,32.907481],[111.626429,32.907197],[111.625946,32.906913],[111.625069,32.906654],[111.624248,32.90647],[111.623371,32.906139],[111.62269,32.905713],[111.622491,32.905404],[111.622287,32.904621],[111.622038,32.904344],[111.620839,32.903646],[111.620434,32.903495],[111.619232,32.903231],[111.618294,32.90252],[111.618312,32.902067],[111.61842,32.901601],[111.618307,32.901229],[111.618028,32.900844],[111.617041,32.899829],[111.615684,32.898966],[111.615418,32.898662],[111.614801,32.897676],[111.614439,32.897225],[111.61401,32.896297],[111.613997,32.895631],[111.614372,32.895773],[111.614884,32.896032],[111.616384,32.896691],[111.617333,32.896973],[111.617797,32.896804],[111.618049,32.896493],[111.618688,32.89475],[111.61916,32.893746],[111.619774,32.892696],[111.620222,32.892002],[111.620581,32.891047],[111.620887,32.890426],[111.621252,32.89009],[111.621676,32.889827],[111.622521,32.889489],[111.623873,32.889243],[111.624578,32.889074],[111.626356,32.888921],[111.62788,32.888651],[111.628387,32.888507],[111.62888,32.888255],[111.629202,32.887883],[111.629425,32.887333],[111.629714,32.885928],[111.630122,32.885293],[111.630524,32.884504],[111.631018,32.88418],[111.632174,32.883716],[111.633207,32.883531],[111.636004,32.883322],[111.63764,32.883099],[111.638287,32.882858],[111.638595,32.882594],[111.638735,32.882187],[111.638729,32.881671],[111.638145,32.880709],[111.637182,32.87883],[111.636766,32.878283],[111.636761,32.877898],[111.637203,32.877206],[111.637895,32.876702],[111.639057,32.87599],[111.640406,32.875102],[111.641387,32.874287],[111.641806,32.873498],[111.642087,32.87326],[111.64312,32.871872],[111.643597,32.871511],[111.644979,32.871124],[111.645767,32.870833],[111.646218,32.870498],[111.647256,32.869635],[111.648712,32.868125],[111.649463,32.867087],[111.649734,32.866796],[111.649992,32.866222],[111.650434,32.86571],[111.65177,32.865194],[111.653012,32.865046],[111.653312,32.865251],[111.653543,32.865523],[111.653779,32.866073],[111.654002,32.866314],[111.654592,32.866697],[111.655185,32.866837],[111.656759,32.866765],[111.657338,32.866864],[111.659495,32.867736],[111.660345,32.868209],[111.661568,32.869227],[111.662365,32.870031],[111.663076,32.870932],[111.663231,32.870495],[111.663229,32.870221],[111.663073,32.869428],[111.663156,32.869238],[111.663443,32.868921],[111.664143,32.868716],[111.664867,32.86859],[111.66553,32.868621],[111.66572,32.868547],[111.66572,32.868466],[111.665645,32.868182],[111.665541,32.868056],[111.66539,32.868035],[111.664857,32.868053],[111.663867,32.868132],[111.663615,32.868094],[111.663784,32.86754],[111.663942,32.867229],[111.663977,32.866859],[111.663931,32.866418],[111.663116,32.866817],[111.662708,32.866918],[111.66251,32.86653],[111.661303,32.864949],[111.661354,32.864492],[111.66163,32.863919],[111.662078,32.863237],[111.662486,32.862721],[111.662802,32.862696],[111.663178,32.862622],[111.663754,32.862266],[111.663789,32.862013],[111.663795,32.861421],[111.663851,32.861029],[111.663644,32.860082],[111.6638,32.85963],[111.664312,32.858773],[111.662896,32.858239],[111.66215,32.858402],[111.660571,32.858634],[111.659559,32.858667],[111.659146,32.858832],[111.658881,32.858039],[111.658513,32.857361],[111.658266,32.857081],[111.658291,32.856975],[111.658562,32.856752],[111.659095,32.856025],[111.659449,32.855409],[111.659307,32.855369],[111.659189,32.855295],[111.659063,32.855135],[111.658942,32.854797],[111.658481,32.854319],[111.658186,32.854368],[111.657937,32.85447],[111.657604,32.854677],[111.656775,32.854954],[111.656472,32.855096],[111.656282,32.85511],[111.655788,32.854706],[111.655662,32.854459],[111.655678,32.854328],[111.65563,32.854136],[111.655654,32.854071],[111.65548,32.853862],[111.655445,32.85367],[111.655482,32.853512],[111.655595,32.85337],[111.655592,32.853246],[111.656072,32.853154],[111.656502,32.85314],[111.656772,32.853249],[111.65681,32.852859],[111.657231,32.853082],[111.657548,32.853068],[111.657585,32.852911],[111.657636,32.852861],[111.657896,32.852825],[111.657875,32.852573],[111.657735,32.852397],[111.657553,32.852302],[111.657518,32.851935],[111.657588,32.851338],[111.657644,32.851151],[111.657497,32.851077],[111.656842,32.851016],[111.656628,32.850957],[111.656992,32.850542],[111.657274,32.84986],[111.657583,32.849538],[111.657735,32.849501],[111.657714,32.848722],[111.657502,32.848138],[111.657623,32.84792],[111.657671,32.847539],[111.65817,32.847187],[111.658427,32.846899],[111.658559,32.846408],[111.65883,32.846308],[111.658934,32.846182],[111.659009,32.845912],[111.659077,32.845788],[111.659302,32.845898],[111.659447,32.846067],[111.659583,32.846056],[111.659645,32.845982],[111.659718,32.845777],[111.659677,32.845596],[111.659519,32.845229],[111.65961,32.845143],[111.660147,32.845078],[111.660302,32.845001],[111.660431,32.844864],[111.660718,32.844407],[111.66078,32.844168],[111.660731,32.843658],[111.661018,32.843636],[111.661032,32.843566],[111.660705,32.843199],[111.660356,32.842674],[111.660316,32.842473],[111.659629,32.842376],[111.659876,32.841529],[111.659565,32.841563],[111.65909,32.841434],[111.658792,32.841231],[111.658154,32.840911],[111.657701,32.840995],[111.657405,32.840972],[111.657156,32.840851],[111.657156,32.840733],[111.657062,32.840659],[111.657022,32.84054],[111.656161,32.840391],[111.655922,32.8404],[111.65596,32.840889],[111.655391,32.840857],[111.655351,32.840954],[111.655504,32.841261],[111.655509,32.841396],[111.655702,32.841921],[111.655598,32.842074],[111.655447,32.842149],[111.655375,32.842284],[111.655118,32.842324],[111.655042,32.84246],[111.654844,32.842482],[111.654498,32.842383],[111.654364,32.842408],[111.653165,32.842707],[111.652628,32.842958],[111.652001,32.843021],[111.651303,32.843208],[111.651019,32.843255],[111.650818,32.843212],[111.65077,32.843063],[111.650759,32.842858],[111.650711,32.842836],[111.650416,32.843036],[111.650437,32.843122],[111.650311,32.843246],[111.650223,32.843769],[111.650013,32.84371],[111.649517,32.84396],[111.649469,32.844084],[111.649472,32.844461],[111.649356,32.844571],[111.648782,32.844636],[111.648141,32.844643],[111.647902,32.844587],[111.647567,32.844242],[111.647361,32.843796],[111.647269,32.843363],[111.647243,32.84287],[111.647267,32.842622],[111.646524,32.842721],[111.645539,32.842674],[111.644587,32.842583],[111.643884,32.842658],[111.643463,32.842626],[111.643407,32.842279],[111.643243,32.842268],[111.643029,32.842322],[111.642728,32.842324],[111.642696,32.841867],[111.642348,32.841826],[111.642305,32.841256],[111.642106,32.840943],[111.641175,32.841031],[111.640762,32.841017],[111.640671,32.840986],[111.640636,32.840911],[111.640623,32.840204],[111.640529,32.840156],[111.640331,32.840145],[111.640207,32.840235],[111.640202,32.840645],[111.640011,32.840781],[111.639362,32.840907],[111.638914,32.841067],[111.639126,32.841603],[111.638922,32.841633],[111.638761,32.84175],[111.638351,32.841511],[111.638314,32.841342],[111.63874,32.841074],[111.639014,32.840835],[111.638708,32.840416],[111.638555,32.840481],[111.638102,32.840814],[111.637927,32.840618],[111.636897,32.841285],[111.636696,32.841056],[111.636479,32.84074],[111.636323,32.840416],[111.635824,32.841204],[111.635605,32.841608],[111.634969,32.842451],[111.634494,32.842964],[111.635468,32.842998],[111.63547,32.843111],[111.635363,32.843449],[111.634379,32.843505],[111.634365,32.844147],[111.634454,32.844645],[111.634617,32.844995],[111.634819,32.845934],[111.635039,32.845833],[111.635017,32.846006],[111.635191,32.846083],[111.635398,32.846056],[111.635516,32.846081],[111.635454,32.846175],[111.635401,32.846196],[111.635004,32.846182],[111.635036,32.84629],[111.635178,32.846453],[111.635293,32.846739],[111.635551,32.846728],[111.635677,32.846692],[111.635942,32.84652],[111.636307,32.846448],[111.63664,32.84645],[111.636565,32.846791],[111.63657,32.847286],[111.637308,32.847859],[111.637493,32.848107],[111.637098,32.84828],[111.636876,32.848467],[111.636216,32.848911],[111.635728,32.849423],[111.63513,32.849979],[111.635197,32.850092],[111.635436,32.850213],[111.635588,32.850355],[111.635444,32.850572],[111.63498,32.851124],[111.634277,32.85166],[111.633663,32.852023],[111.634003,32.852446],[111.633738,32.852661],[111.633132,32.853057],[111.631632,32.853967],[111.631345,32.854031],[111.63039,32.854556],[111.630082,32.854848],[111.629406,32.85531],[111.629207,32.855295],[111.6287,32.85506],[111.628309,32.855412],[111.627842,32.855409],[111.627606,32.855488],[111.627252,32.855249],[111.627051,32.855346],[111.626917,32.855511],[111.626716,32.85543],[111.626576,32.855333],[111.626262,32.855628],[111.62623,32.855894],[111.62627,32.856268],[111.626354,32.856437],[111.626488,32.856583],[111.626367,32.856667],[111.624948,32.856502],[111.623274,32.856554],[111.621338,32.856917],[111.620603,32.85716],[111.620386,32.85648],[111.621094,32.855919],[111.622279,32.854794],[111.622333,32.8547],[111.622306,32.854637],[111.622159,32.854506],[111.622129,32.854425],[111.622287,32.854123],[111.622282,32.853501],[111.622483,32.853188],[111.622995,32.852561],[111.623092,32.852368],[111.623146,32.852149],[111.623138,32.852018],[111.622942,32.851559],[111.622529,32.849857],[111.622395,32.84951],[111.622298,32.849393],[111.622024,32.848812],[111.621641,32.849161],[111.621432,32.849263],[111.62063,32.849326],[111.620324,32.849127],[111.62023,32.848816],[111.620091,32.848499],[111.619838,32.847676],[111.619675,32.847361],[111.619211,32.847503],[111.617937,32.847629],[111.61765,32.847559],[111.617315,32.847372],[111.616397,32.846964],[111.615874,32.846689],[111.61537,32.846376],[111.614984,32.846072],[111.614284,32.845691],[111.612543,32.844607],[111.612318,32.844337],[111.612259,32.844096],[111.612141,32.842996],[111.611778,32.84218],[111.611548,32.841793],[111.611349,32.841576],[111.611119,32.841231],[111.610832,32.841008],[111.610676,32.840932],[111.610596,32.841146],[111.610419,32.841928],[111.6104,32.842363],[111.610453,32.842854],[111.610545,32.843228],[111.610765,32.843649],[111.611341,32.84453],[111.611478,32.844923],[111.611473,32.845283],[111.611438,32.845376],[111.611403,32.845389],[111.611062,32.845166],[111.610212,32.844411],[111.60989,32.844005],[111.609356,32.844398],[111.608772,32.844754],[111.607967,32.845035],[111.607347,32.845308],[111.606752,32.845461],[111.60665,32.845382],[111.606481,32.845166],[111.605768,32.843652],[111.605682,32.843327],[111.605379,32.842635],[111.605301,32.841962],[111.605204,32.841878],[111.60404,32.841813],[111.603633,32.841824],[111.603737,32.842279],[111.603614,32.843543],[111.603383,32.844269],[111.603279,32.844452],[111.603134,32.844492],[111.60297,32.844341],[111.602879,32.843913],[111.602796,32.843212],[111.602841,32.842554],[111.602804,32.8422],[111.602705,32.841971],[111.602321,32.841551],[111.601422,32.842913],[111.601138,32.84342],[111.600489,32.844373],[111.600261,32.843566],[111.599464,32.842169],[111.599218,32.841623],[111.598923,32.841261],[111.598746,32.840938],[111.598638,32.840657],[111.598617,32.840449],[111.598662,32.840044],[111.598794,32.839649],[111.598815,32.839458],[111.598901,32.839278],[111.599143,32.838935],[111.59969,32.838275],[111.599808,32.838155],[111.600202,32.83793],[111.600272,32.83786],[111.600382,32.8374],[111.600352,32.837141],[111.600175,32.836965],[111.599945,32.836844],[111.599727,32.836555],[111.599585,32.836116],[111.599456,32.835852],[111.599226,32.835546],[111.59922,32.834619],[111.599188,32.834455],[111.598968,32.834193],[111.598499,32.833402],[111.598349,32.833222],[111.597667,32.832188],[111.597595,32.832151],[111.596602,32.832226],[111.595846,32.832185],[111.595701,32.832133],[111.595422,32.831928],[111.595235,32.831392],[111.59491,32.830801],[111.594679,32.830017],[111.594312,32.829267],[111.594387,32.829014],[111.594639,32.828579],[111.594843,32.828063],[111.594822,32.827768],[111.594773,32.827497],[111.594569,32.826914],[111.594116,32.82608],[111.59407,32.825829],[111.593861,32.825234],[111.593628,32.824757],[111.593545,32.82411],[111.593454,32.823938],[111.593193,32.823625],[111.592901,32.823341],[111.59252,32.823055],[111.592222,32.822696],[111.591509,32.822455],[111.591139,32.82241],[111.590779,32.822412],[111.590712,32.822347],[111.590677,32.821984],[111.590576,32.819034],[111.588349,32.81902],[111.586668,32.819058],[111.581086,32.819054],[111.578653,32.819088],[111.571382,32.819038],[111.5648,32.819061],[111.564215,32.819016],[111.563094,32.818998],[111.562136,32.81911],[111.559754,32.819313],[111.557751,32.819597],[111.554409,32.820217],[111.553325,32.820438],[111.550855,32.82101],[111.5495,32.821245]]]}},{"type":"Feature","properties":{"regionCode":"411326301","sourceCode":"411326301000","name":"西簧乡","sourceName":"西簧乡","parentCode":"411326","parentName":"淅川县","regionLevel":"township","regionType":"township","isManagementZone":false,"source":"ruiduobao","sourceVersion":"mixed-legacy~2018-2020","geometryRepaired":false,"match2020":true,"match2023":true},"geometry":{"type":"Polygon","coordinates":[[[111.126065,33.235836],[111.125961,33.235861],[111.12573,33.235852],[111.125387,33.235737],[111.124799,33.235787],[111.124445,33.235852],[111.122793,33.236455],[111.122691,33.236455],[111.122372,33.236368],[111.122181,33.236384],[111.120113,33.237366],[111.119934,33.237503],[111.120028,33.237846],[111.120049,33.238338],[111.119966,33.238739],[111.119604,33.239401],[111.11889,33.240164],[111.118544,33.240357],[111.118386,33.240399],[111.117437,33.240366],[111.117241,33.240428],[111.116946,33.240594],[111.116192,33.24111],[111.115964,33.241198],[111.115717,33.241249],[111.115393,33.241402],[111.115031,33.241736],[111.114934,33.24179],[111.114564,33.24188],[111.11425,33.242176],[111.114025,33.242324],[111.1137,33.242409],[111.113048,33.242411],[111.112815,33.24247],[111.112099,33.2428],[111.111635,33.242925],[111.111179,33.242894],[111.110828,33.243013],[111.110385,33.242909],[111.109985,33.242741],[111.109605,33.242777],[111.109157,33.2433],[111.108972,33.243585],[111.108915,33.243726],[111.108835,33.244534],[111.108679,33.244834],[111.108617,33.245054],[111.108558,33.245518],[111.108483,33.245729],[111.108465,33.245884],[111.108607,33.246582],[111.109197,33.247089],[111.110044,33.247607],[111.110315,33.247728],[111.110549,33.24799],[111.110637,33.248037],[111.1112,33.24819],[111.111729,33.248535],[111.112196,33.248762],[111.112748,33.248764],[111.113392,33.249],[111.113553,33.249096],[111.113977,33.249442],[111.114357,33.249567],[111.114623,33.249758],[111.115004,33.249949],[111.115291,33.250011],[111.115379,33.250079],[111.115543,33.250456],[111.116224,33.251137],[111.116342,33.25129],[111.116356,33.251566],[111.115972,33.251651],[111.115846,33.251647],[111.115629,33.25157],[111.115299,33.251508],[111.115122,33.251517],[111.115106,33.251649],[111.11517,33.2519],[111.115175,33.252102],[111.115358,33.252921],[111.115363,33.25321],[111.115312,33.253282],[111.115253,33.2533],[111.114433,33.252739],[111.113816,33.252358],[111.11325,33.252068],[111.113038,33.251914],[111.112024,33.251889],[111.11167,33.25173],[111.111536,33.251822],[111.111565,33.251905],[111.111984,33.252109],[111.112405,33.252241],[111.112485,33.252302],[111.112453,33.252333],[111.111702,33.252456],[111.111163,33.25249],[111.110095,33.252853],[111.109774,33.253035],[111.109202,33.253028],[111.108521,33.253338],[111.107633,33.253228],[111.10682,33.252986],[111.106582,33.252849],[111.106032,33.252331],[111.105798,33.25221],[111.104814,33.252299],[111.104589,33.252613],[111.104412,33.252743],[111.103991,33.25295],[111.103661,33.253071],[111.102827,33.253277],[111.102161,33.253578],[111.101891,33.253986],[111.101789,33.254316],[111.101671,33.254408],[111.100954,33.254576],[111.100493,33.254641],[111.100383,33.254668],[111.100284,33.254737],[111.099814,33.255229],[111.099667,33.255466],[111.099997,33.255469],[111.100075,33.255509],[111.100209,33.255682],[111.100241,33.255774],[111.100287,33.256355],[111.100442,33.256853],[111.100598,33.257158],[111.101131,33.25797],[111.101727,33.259046],[111.101754,33.259163],[111.101727,33.259674],[111.101649,33.259827],[111.101402,33.260089],[111.101343,33.260255],[111.101437,33.260789],[111.101566,33.261262],[111.102355,33.262309],[111.102902,33.26294],[111.103004,33.263097],[111.103009,33.263182],[111.102971,33.263229],[111.102625,33.263411],[111.10218,33.263547],[111.102068,33.263814],[111.101982,33.263886],[111.101544,33.263978],[111.100973,33.264048],[111.100616,33.264328],[111.100351,33.264462],[111.099399,33.264817],[111.098428,33.265741],[111.097891,33.266064],[111.097781,33.26625],[111.097677,33.266604],[111.097596,33.26675],[111.097371,33.267024],[111.097006,33.267389],[111.096971,33.267463],[111.096995,33.267542],[111.097167,33.2676],[111.097299,33.267553],[111.097835,33.267037],[111.098063,33.266754],[111.098168,33.266604],[111.098211,33.266382],[111.098334,33.266218],[111.099383,33.265178],[111.099941,33.264855],[111.10038,33.264669],[111.100922,33.264357],[111.10195,33.264088],[111.102263,33.263978],[111.102711,33.263626],[111.102902,33.263527],[111.103081,33.263379],[111.103175,33.263348],[111.104854,33.265449],[111.105155,33.265902],[111.105318,33.266068],[111.106075,33.266281],[111.10655,33.266375],[111.107738,33.266499],[111.107759,33.267205],[111.107727,33.268313],[111.107641,33.268863],[111.107475,33.269316],[111.107488,33.269482],[111.107531,33.26952],[111.107743,33.26956],[111.108333,33.269499],[111.109183,33.269461],[111.111563,33.269136],[111.112126,33.269107],[111.112904,33.269118],[111.113081,33.269172],[111.11311,33.269217],[111.113148,33.269614],[111.11314,33.269699],[111.11304,33.269887],[111.113067,33.270098],[111.112829,33.270435],[111.112724,33.27067],[111.112732,33.270836],[111.112775,33.270912],[111.112925,33.270744],[111.113086,33.27065],[111.113459,33.270475],[111.114116,33.270251],[111.115079,33.270018],[111.115551,33.270056],[111.115768,33.26993],[111.116074,33.27004],[111.116219,33.270026],[111.116417,33.269935],[111.116728,33.269692],[111.117136,33.26967],[111.117509,33.269423],[111.117635,33.269378],[111.118032,33.269396],[111.118166,33.269363],[111.118389,33.269179],[111.118518,33.269132],[111.118826,33.269152],[111.11929,33.269334],[111.120071,33.269307],[111.120685,33.26941],[111.12095,33.269345],[111.121318,33.269325],[111.121742,33.269347],[111.12246,33.269264],[111.123262,33.269291],[111.12348,33.26919],[111.123775,33.269103],[111.124088,33.269058],[111.124271,33.268988],[111.124392,33.268903],[111.124547,33.268883],[111.124971,33.268907],[111.125523,33.268874],[111.12577,33.268946],[111.126229,33.269237],[111.126368,33.26941],[111.126548,33.269827],[111.126658,33.269968],[111.126867,33.270154],[111.1272,33.270327],[111.127436,33.270634],[111.127479,33.271058],[111.127473,33.271262],[111.127409,33.271578],[111.127495,33.271699],[111.127919,33.272094],[111.127924,33.272128],[111.12728,33.272446],[111.126886,33.273215],[111.126594,33.273673],[111.126476,33.273471],[111.12628,33.273525],[111.126229,33.273493],[111.126089,33.273278],[111.126095,33.273153],[111.126229,33.272935],[111.126392,33.272821],[111.126663,33.272711],[111.126757,33.272576],[111.126733,33.272513],[111.126441,33.272426],[111.126291,33.2722],[111.126084,33.272211],[111.125845,33.272363],[111.125816,33.272464],[111.125864,33.272529],[111.125875,33.272648],[111.125813,33.272765],[111.125733,33.272814],[111.125561,33.272816],[111.12525,33.2725],[111.124976,33.272285],[111.124799,33.272034],[111.124799,33.271883],[111.124848,33.271805],[111.124968,33.271776],[111.125301,33.271843],[111.125486,33.271807],[111.125778,33.271522],[111.126097,33.271359],[111.126148,33.271287],[111.126164,33.271175],[111.126068,33.27111],[111.125859,33.271134],[111.125566,33.271379],[111.125352,33.2715],[111.125263,33.271504],[111.125156,33.271435],[111.125156,33.271359],[111.125223,33.271206],[111.125175,33.271159],[111.125008,33.271163],[111.124837,33.27124],[111.124598,33.271128],[111.124456,33.271132],[111.124316,33.271163],[111.12418,33.271314],[111.123936,33.271347],[111.12337,33.271502],[111.123219,33.271504],[111.123053,33.271437],[111.122833,33.271466],[111.122611,33.271334],[111.122452,33.271323],[111.122337,33.271363],[111.121972,33.271614],[111.121862,33.271648],[111.120569,33.271845],[111.120084,33.271861],[111.119462,33.272103],[111.11878,33.272256],[111.118627,33.272242],[111.118252,33.272047],[111.118166,33.272056],[111.118037,33.272188],[111.117989,33.272388],[111.117903,33.272433],[111.117689,33.272372],[111.117488,33.272417],[111.11726,33.272417],[111.11686,33.27233],[111.116106,33.272415],[111.115723,33.27241],[111.115323,33.272363],[111.114931,33.272462],[111.113419,33.272536],[111.112603,33.272332],[111.11226,33.272401],[111.111933,33.272377],[111.111836,33.272401],[111.111664,33.272554],[111.111485,33.27265],[111.110997,33.272659],[111.110691,33.272742],[111.110511,33.273005],[111.11012,33.273045],[111.109819,33.273157],[111.1095,33.273153],[111.109291,33.273081],[111.108998,33.273094],[111.108269,33.27335],[111.106649,33.273776],[111.105994,33.273881],[111.104114,33.273884],[111.103843,33.273846],[111.103757,33.274379],[111.103374,33.275487],[111.103398,33.27553],[111.10354,33.275579],[111.103999,33.27559],[111.104667,33.275516],[111.105337,33.275485],[111.105691,33.275404],[111.106372,33.275332],[111.108376,33.275254],[111.108963,33.275274],[111.109478,33.275245],[111.110004,33.275287],[111.110428,33.275267],[111.112434,33.274754],[111.113738,33.27448],[111.114052,33.274467],[111.115063,33.274565],[111.11554,33.274559],[111.11605,33.274368],[111.116447,33.274265],[111.117699,33.274074],[111.118507,33.273906],[111.118998,33.27389],[111.119279,33.273933],[111.119952,33.273924],[111.120245,33.273994],[111.120352,33.274081],[111.120521,33.27433],[111.120701,33.274698],[111.120883,33.275218],[111.121023,33.275996],[111.12109,33.276092],[111.121267,33.276202],[111.122031,33.276514],[111.123115,33.277223],[111.123372,33.27748],[111.123493,33.277768],[111.124142,33.278842],[111.124126,33.278882],[111.124056,33.278893],[111.123488,33.278765],[111.123466,33.278743],[111.123531,33.278638],[111.123517,33.278606],[111.123278,33.278308],[111.123211,33.278281],[111.122978,33.278337],[111.122691,33.27799],[111.122557,33.277864],[111.122442,33.277806],[111.122404,33.277853],[111.122391,33.278113],[111.122273,33.278225],[111.122281,33.278317],[111.122334,33.278366],[111.122495,33.278402],[111.122557,33.278458],[111.122621,33.27859],[111.122801,33.278765],[111.122812,33.278882],[111.122777,33.27892],[111.12231,33.279106],[111.122015,33.279384],[111.121868,33.2794],[111.12076,33.279041],[111.120299,33.278857],[111.119692,33.278505],[111.11947,33.278084],[111.119242,33.277868],[111.119255,33.277799],[111.119298,33.277772],[111.119523,33.277711],[111.119617,33.277644],[111.119615,33.277548],[111.119572,33.277519],[111.119427,33.277496],[111.119218,33.277579],[111.119033,33.277472],[111.118973,33.277472],[111.118893,33.277523],[111.118807,33.277655],[111.118721,33.277696],[111.118169,33.277752],[111.118096,33.277873],[111.11845,33.278198],[111.118611,33.27822],[111.118976,33.278124],[111.119223,33.278209],[111.119314,33.278292],[111.119389,33.27842],[111.119438,33.2787],[111.119588,33.278969],[111.119816,33.279519],[111.119816,33.279602],[111.11973,33.279662],[111.119617,33.279658],[111.119277,33.279514],[111.119207,33.279514],[111.118982,33.279564],[111.118823,33.279667],[111.118839,33.279983],[111.11896,33.280517],[111.118826,33.280557],[111.11874,33.280461],[111.118716,33.28016],[111.118654,33.28012],[111.11852,33.280097],[111.118472,33.280165],[111.118467,33.280261],[111.118424,33.280301],[111.118354,33.280306],[111.117627,33.279954],[111.117284,33.27966],[111.117168,33.279597],[111.116543,33.279393],[111.116396,33.279261],[111.116353,33.279108],[111.116066,33.279052],[111.1158,33.279093],[111.115739,33.279286],[111.115784,33.279449],[111.115843,33.279514],[111.116109,33.279611],[111.116238,33.279714],[111.116262,33.279826],[111.116219,33.279943],[111.116243,33.279999],[111.116358,33.280005],[111.116468,33.27997],[111.116541,33.27983],[111.11664,33.279774],[111.116745,33.279754],[111.117037,33.279777],[111.117681,33.280257],[111.117847,33.280479],[111.117997,33.28081],[111.117981,33.280855],[111.117935,33.280864],[111.117498,33.280662],[111.117394,33.280658],[111.117048,33.280687],[111.116704,33.280831],[111.116334,33.280591],[111.116203,33.28031],[111.116077,33.280239],[111.115943,33.280239],[111.115905,33.280268],[111.115886,33.280416],[111.115749,33.280456],[111.115696,33.280436],[111.115471,33.28016],[111.115272,33.280039],[111.115084,33.280012],[111.114846,33.280055],[111.114776,33.280149],[111.114808,33.280375],[111.115243,33.281113],[111.115291,33.281357],[111.115269,33.282248],[111.115245,33.282306],[111.115192,33.282308],[111.115087,33.282203],[111.114781,33.282035],[111.11451,33.281947],[111.11388,33.281631],[111.113842,33.281584],[111.113837,33.281375],[111.113716,33.281259],[111.113317,33.281198],[111.113067,33.281124],[111.11233,33.28081],[111.112271,33.280754],[111.112265,33.280615],[111.112332,33.280487],[111.112643,33.280138],[111.112694,33.27997],[111.112684,33.2797],[111.112633,33.279642],[111.112322,33.279505],[111.112161,33.27953],[111.111866,33.279649],[111.111817,33.279638],[111.111683,33.279333],[111.111439,33.278965],[111.111276,33.278593],[111.111195,33.278525],[111.111048,33.278658],[111.110924,33.279093],[111.1109,33.279321],[111.110919,33.279671],[111.110825,33.27981],[111.110935,33.28012],[111.110916,33.280335],[111.110879,33.280405],[111.110326,33.280846],[111.110192,33.28099],[111.110144,33.281111],[111.110136,33.28149],[111.110101,33.281544],[111.11005,33.281575],[111.109645,33.281606],[111.109444,33.281757],[111.109328,33.281795],[111.109014,33.281712],[111.108904,33.281732],[111.108856,33.281768],[111.10877,33.282093],[111.108709,33.282165],[111.108567,33.28223],[111.108508,33.282219],[111.108427,33.282124],[111.108298,33.281781],[111.10817,33.281696],[111.107993,33.281656],[111.107837,33.281564],[111.107692,33.281196],[111.107129,33.280967],[111.106796,33.280757],[111.106737,33.280687],[111.106681,33.280609],[111.106638,33.280203],[111.106659,33.28007],[111.106761,33.279967],[111.106764,33.279846],[111.106592,33.279595],[111.106303,33.279438],[111.106182,33.279443],[111.106126,33.279494],[111.106077,33.279631],[111.106077,33.279759],[111.10623,33.27994],[111.106289,33.280064],[111.106265,33.280537],[111.106289,33.28064],[111.106609,33.280976],[111.107048,33.281288],[111.107129,33.281476],[111.107102,33.281721],[111.107043,33.281853],[111.106796,33.281965],[111.106796,33.282187],[111.106764,33.282248],[111.106692,33.28225],[111.106386,33.282127],[111.106281,33.282122],[111.106035,33.282198],[111.105852,33.282351],[111.105694,33.282407],[111.10557,33.282371],[111.105324,33.282032],[111.10527,33.282023],[111.105093,33.282109],[111.105023,33.282109],[111.104755,33.282017],[111.10465,33.281932],[111.104581,33.281777],[111.104364,33.281488],[111.104304,33.281279],[111.104315,33.281212],[111.104396,33.281115],[111.10472,33.280985],[111.104758,33.280947],[111.104763,33.280873],[111.104127,33.281003],[111.104085,33.281151],[111.104071,33.281671],[111.103776,33.282057],[111.103342,33.281849],[111.103017,33.281584],[111.102974,33.281079],[111.103022,33.281019],[111.103304,33.280902],[111.10335,33.28086],[111.10336,33.280795],[111.103347,33.280727],[111.103122,33.280434],[111.103127,33.280375],[111.103269,33.280174],[111.103503,33.280174],[111.103612,33.280086],[111.103575,33.279949],[111.103393,33.279709],[111.103401,33.279461],[111.103374,33.279398],[111.103291,33.279348],[111.103178,33.279404],[111.10295,33.279714],[111.102695,33.279714],[111.102515,33.279642],[111.102365,33.279505],[111.102261,33.279463],[111.101917,33.279409],[111.10188,33.279373],[111.101823,33.279086],[111.101738,33.27903],[111.101652,33.279037],[111.101494,33.279117],[111.101335,33.27907],[111.101268,33.279133],[111.10126,33.279198],[111.101341,33.279351],[111.101762,33.279691],[111.101754,33.279768],[111.101638,33.279846],[111.101381,33.279927],[111.100646,33.280039],[111.100329,33.280212],[111.100268,33.280405],[111.100278,33.280454],[111.100394,33.280577],[111.100394,33.280624],[111.100238,33.28077],[111.100185,33.280873],[111.100217,33.28134],[111.100032,33.281586],[111.099914,33.281831],[111.099841,33.281916],[111.099761,33.281916],[111.099654,33.281736],[111.099498,33.281629],[111.099358,33.281579],[111.098873,33.281512],[111.098806,33.281544],[111.098543,33.281945],[111.098414,33.28203],[111.098033,33.282053],[111.097913,33.282021],[111.097824,33.281958],[111.097679,33.281674],[111.097666,33.281492],[111.097704,33.281409],[111.097808,33.281324],[111.097913,33.281297],[111.098114,33.281328],[111.098165,33.281288],[111.098165,33.281216],[111.098036,33.28112],[111.097875,33.28112],[111.097687,33.281196],[111.097599,33.281189],[111.097559,33.281136],[111.097486,33.280508],[111.097553,33.280131],[111.097473,33.280035],[111.097315,33.28005],[111.097264,33.28014],[111.097234,33.280519],[111.097282,33.280701],[111.097253,33.280714],[111.096987,33.280613],[111.09684,33.280797],[111.09673,33.280878],[111.096671,33.280649],[111.096609,33.280613],[111.096515,33.280615],[111.096344,33.280701],[111.096196,33.280721],[111.096081,33.280822],[111.095984,33.280961],[111.095984,33.281041],[111.096167,33.281205],[111.096196,33.28129],[111.096167,33.281373],[111.095743,33.281958],[111.095821,33.281988],[111.096145,33.281934],[111.096312,33.281943],[111.09647,33.281999],[111.09662,33.282131],[111.096679,33.282228],[111.096818,33.28268],[111.096776,33.282869],[111.096886,33.282992],[111.096894,33.283084],[111.096837,33.283243],[111.097025,33.283721],[111.097639,33.284795],[111.098184,33.285479],[111.098189,33.285506],[111.097865,33.285752],[111.097232,33.286174],[111.09714,33.286322],[111.0975,33.286582],[111.097867,33.286755],[111.098025,33.286894],[111.098589,33.287654],[111.098803,33.28786],[111.099093,33.288019],[111.099439,33.288115],[111.100211,33.288246],[111.100348,33.288299],[111.100445,33.288382],[111.100493,33.288524],[111.100574,33.288627],[111.101247,33.288954],[111.101528,33.288994],[111.101904,33.288878],[111.1021,33.288737],[111.102159,33.288665],[111.102333,33.288228],[111.102405,33.288145],[111.102524,33.28808],[111.103232,33.288228],[111.103355,33.288207],[111.103728,33.287979],[111.103835,33.287963],[111.104318,33.288019],[111.104857,33.287902],[111.105611,33.287914],[111.107526,33.287755],[111.107681,33.287811],[111.108207,33.288228],[111.10833,33.288425],[111.108349,33.28862],[111.10832,33.288723],[111.108132,33.28892],[111.107907,33.289026],[111.107588,33.289086],[111.106075,33.28903],[111.104736,33.289107],[111.10369,33.289021],[111.103457,33.289033],[111.102679,33.289189],[111.101738,33.289438],[111.101357,33.289472],[111.101129,33.289452],[111.10026,33.289241],[111.099573,33.288981],[111.098948,33.288705],[111.098299,33.288333],[111.098012,33.288113],[111.097537,33.287571],[111.09717,33.287302],[111.096886,33.287035],[111.096708,33.286846],[111.096381,33.286358],[111.096341,33.286342],[111.095939,33.286378],[111.095196,33.286611],[111.094769,33.286672],[111.094273,33.286645],[111.093514,33.286537],[111.093262,33.286237],[111.093104,33.285911],[111.093055,33.285616],[111.09301,33.285519],[111.092795,33.285259],[111.092632,33.284822],[111.092559,33.284703],[111.092326,33.284474],[111.09202,33.284057],[111.091548,33.283701],[111.091041,33.283212],[111.090636,33.282685],[111.090553,33.28264],[111.090282,33.282916],[111.090159,33.283102],[111.090116,33.283104],[111.09003,33.283068],[111.089829,33.282878],[111.089499,33.282745],[111.089432,33.282678],[111.089485,33.282508],[111.089748,33.282308],[111.089898,33.28212],[111.090094,33.281591],[111.090051,33.281555],[111.089917,33.281544],[111.089488,33.281631],[111.089357,33.281595],[111.08915,33.281324],[111.089088,33.280831],[111.089021,33.28077],[111.088943,33.280754],[111.088791,33.280795],[111.088624,33.281176],[111.088206,33.281669],[111.088015,33.281801],[111.08771,33.28188],[111.087519,33.281882],[111.086621,33.281613],[111.086454,33.281517],[111.08613,33.281236],[111.086025,33.281194],[111.085787,33.281178],[111.085706,33.28121],[111.085524,33.281418],[111.085113,33.281577],[111.085092,33.281662],[111.085129,33.281938],[111.084679,33.282353],[111.084199,33.28271],[111.084129,33.282808],[111.084056,33.283026],[111.084011,33.283062],[111.083552,33.283073],[111.083332,33.283037],[111.08301,33.282842],[111.082903,33.28273],[111.082815,33.282521],[111.082318,33.281965],[111.081964,33.281858],[111.081862,33.281918],[111.081693,33.282169],[111.081522,33.282483],[111.081508,33.282562],[111.081567,33.282674],[111.082115,33.28301],[111.082147,33.283057],[111.082198,33.283692],[111.082182,33.284024],[111.082133,33.284055],[111.082026,33.284044],[111.081573,33.283517],[111.081476,33.283447],[111.081122,33.283308],[111.080862,33.283304],[111.080602,33.283378],[111.080213,33.283893],[111.080111,33.283893],[111.079912,33.283689],[111.079853,33.283694],[111.079644,33.283882],[111.079612,33.284001],[111.079644,33.284133],[111.07962,33.284151],[111.079454,33.284131],[111.07925,33.284041],[111.079038,33.283831],[111.078786,33.283438],[111.078781,33.283328],[111.078824,33.283201],[111.079025,33.282985],[111.079094,33.28284],[111.079089,33.282797],[111.078958,33.282656],[111.078866,33.281994],[111.078727,33.281463],[111.07874,33.281138],[111.078692,33.281062],[111.078545,33.281046],[111.078464,33.281111],[111.078453,33.281158],[111.078456,33.282003],[111.078488,33.282207],[111.078456,33.283129],[111.078491,33.283494],[111.078424,33.283535],[111.078322,33.283526],[111.078204,33.283351],[111.07815,33.283317],[111.077627,33.283149],[111.077507,33.283163],[111.077434,33.283219],[111.077268,33.283393],[111.077249,33.283454],[111.07767,33.28373],[111.078113,33.283916],[111.078161,33.284075],[111.078142,33.284248],[111.078027,33.284467],[111.078013,33.284685],[111.077944,33.284817],[111.077708,33.284929],[111.077512,33.284929],[111.077423,33.284813],[111.077442,33.284728],[111.077718,33.284391],[111.077684,33.284308],[111.077617,33.284268],[111.077421,33.284268],[111.077142,33.284369],[111.077099,33.284416],[111.07704,33.284981],[111.076989,33.28505],[111.076935,33.285057],[111.076823,33.285026],[111.076707,33.284822],[111.076627,33.284741],[111.076578,33.28473],[111.076455,33.284822],[111.076254,33.284882],[111.075967,33.284822],[111.075857,33.284737],[111.075838,33.284663],[111.075948,33.28449],[111.075962,33.284378],[111.075937,33.284328],[111.075825,33.284261],[111.07561,33.284297],[111.075366,33.284629],[111.075312,33.284645],[111.075165,33.284562],[111.074859,33.284286],[111.074749,33.284237],[111.074626,33.28425],[111.074527,33.284342],[111.074427,33.284575],[111.07436,33.284611],[111.074111,33.284535],[111.074063,33.284463],[111.07403,33.284102],[111.074001,33.284082],[111.073939,33.284073],[111.073867,33.284147],[111.073802,33.284454],[111.073644,33.284474],[111.073413,33.284394],[111.072818,33.28397],[111.072636,33.283954],[111.072451,33.284006],[111.072394,33.284138],[111.072418,33.284203],[111.072617,33.284342],[111.072641,33.284438],[111.072547,33.284488],[111.072333,33.284499],[111.07226,33.284544],[111.072231,33.284584],[111.072223,33.284828],[111.072542,33.285364],[111.072579,33.285494],[111.072252,33.285669],[111.072156,33.285674],[111.07196,33.285609],[111.071818,33.285613],[111.071732,33.285698],[111.071689,33.285903],[111.071608,33.28601],[111.071244,33.286113],[111.07089,33.287001],[111.070884,33.287577],[111.070847,33.287887],[111.070847,33.288026],[111.070938,33.288198],[111.070989,33.28823],[111.071227,33.288322],[111.072035,33.288463],[111.07215,33.28849],[111.072198,33.288533],[111.07222,33.288734],[111.071979,33.289441],[111.071936,33.289728],[111.072099,33.290454],[111.072043,33.291284],[111.072062,33.292017],[111.072115,33.292416],[111.072233,33.292481],[111.072638,33.292526],[111.073076,33.292694],[111.073371,33.292893],[111.073639,33.293216],[111.073912,33.293463],[111.074071,33.293714],[111.074545,33.294142],[111.074645,33.294297],[111.074961,33.295124],[111.075082,33.295303],[111.07572,33.295817],[111.076353,33.296545],[111.076434,33.296664],[111.076552,33.297137],[111.076806,33.297274],[111.07738,33.297826],[111.077608,33.29796],[111.078123,33.298115],[111.078427,33.298303],[111.078673,33.298527],[111.078767,33.298673],[111.078942,33.299348],[111.079151,33.299718],[111.079317,33.299834],[111.07984,33.300058],[111.080025,33.300197],[111.08014,33.300756],[111.080264,33.301036],[111.081052,33.301433],[111.081393,33.301542],[111.081897,33.301601],[111.082316,33.301697],[111.082501,33.301778],[111.082705,33.301908],[111.083,33.30228],[111.083273,33.302807],[111.083464,33.303062],[111.083641,33.303112],[111.084169,33.303166],[111.084204,33.304221],[111.084242,33.30452],[111.084215,33.305347],[111.084172,33.305495],[111.083437,33.305853],[111.082954,33.306194],[111.082292,33.306925],[111.081852,33.307268],[111.081766,33.307523],[111.081651,33.308335],[111.081278,33.30937],[111.081267,33.309556],[111.081315,33.309686],[111.081618,33.310204],[111.081567,33.310328],[111.081047,33.310848],[111.080071,33.311354],[111.079644,33.311637],[111.079419,33.311906],[111.079341,33.312094],[111.078896,33.312515],[111.078199,33.314073],[111.078142,33.314308],[111.077928,33.314613],[111.077271,33.315084],[111.077351,33.315127],[111.077509,33.315373],[111.077839,33.315543],[111.078228,33.315633],[111.078561,33.315949],[111.079929,33.316879],[111.080162,33.316978],[111.080513,33.317056],[111.080739,33.317162],[111.08116,33.317704],[111.081356,33.317836],[111.082037,33.318755],[111.082182,33.318872],[111.0823,33.318921],[111.082549,33.318881],[111.083837,33.318464],[111.084486,33.318433],[111.085054,33.318621],[111.085508,33.318585],[111.0861,33.318329],[111.08709,33.317776],[111.088029,33.317574],[111.088013,33.317357],[111.087956,33.317254],[111.087667,33.316873],[111.087345,33.316631],[111.087283,33.316492],[111.08727,33.316362],[111.087433,33.316012],[111.087535,33.315685],[111.0875,33.315292],[111.087377,33.315008],[111.08698,33.314542],[111.086985,33.314499],[111.087763,33.313934],[111.087967,33.31382],[111.088404,33.313629],[111.090032,33.313127],[111.090285,33.313114],[111.090403,33.313156],[111.090507,33.313349],[111.090652,33.31349],[111.090961,33.313609],[111.091317,33.313818],[111.091408,33.314013],[111.091561,33.314562],[111.092047,33.315241],[111.092328,33.315398],[111.093189,33.315763],[111.093616,33.315848],[111.093822,33.315817],[111.094292,33.315622],[111.094587,33.315566],[111.094936,33.315308],[111.095086,33.315274],[111.095504,33.315252],[111.095845,33.315344],[111.096177,33.315337],[111.096754,33.314994],[111.096872,33.314952],[111.096872,33.315777],[111.096776,33.316406],[111.096778,33.316778],[111.097304,33.31744],[111.097628,33.317765],[111.097969,33.31794],[111.098492,33.318137],[111.098996,33.318105],[111.09964,33.318226],[111.100477,33.318078],[111.10126,33.318114],[111.101499,33.318045],[111.101697,33.318038],[111.102435,33.318175],[111.102819,33.318368],[111.103148,33.31865],[111.103494,33.319282],[111.103739,33.319609],[111.104675,33.320311],[111.10505,33.320728],[111.10519,33.321136],[111.105208,33.321653],[111.105447,33.322436],[111.105538,33.322619],[111.105611,33.323175],[111.106085,33.323211],[111.106692,33.323173],[111.107196,33.323074],[111.107703,33.323027],[111.108274,33.322985],[111.108556,33.322996],[111.108596,33.323054],[111.108575,33.323224],[111.108288,33.323644],[111.107968,33.324034],[111.107689,33.324296],[111.106748,33.324975],[111.10619,33.325822],[111.10553,33.327194],[111.10557,33.32729],[111.105686,33.327384],[111.106024,33.327572],[111.106391,33.327884],[111.106807,33.327991],[111.107043,33.328144],[111.10714,33.328345],[111.107145,33.328523],[111.107027,33.328818],[111.107014,33.328957],[111.107059,33.329237],[111.107158,33.329515],[111.10726,33.329665],[111.107494,33.329795],[111.108639,33.33004],[111.109087,33.330028],[111.109524,33.329946],[111.11024,33.329697],[111.110385,33.329679],[111.11175,33.32963],[111.112609,33.329663],[111.114604,33.330064],[111.114985,33.33012],[111.115521,33.33012],[111.116342,33.329782],[111.116543,33.329739],[111.116906,33.329778],[111.117675,33.329946],[111.118673,33.330282],[111.119019,33.330279],[111.119349,33.330322],[111.119483,33.330591],[111.119657,33.331387],[111.12014,33.332039],[111.120484,33.332386],[111.121023,33.332662],[111.12198,33.332884],[111.122353,33.333175],[111.122774,33.333341],[111.123246,33.333332],[111.124051,33.333957],[111.124705,33.333749],[111.12595,33.333473],[111.127817,33.333359],[111.129287,33.332805],[111.130727,33.331962],[111.131242,33.331799],[111.131564,33.331859],[111.131926,33.332151],[111.132224,33.332722],[111.132712,33.333473],[111.133683,33.334138],[111.134624,33.33484],[111.135617,33.335234],[111.136612,33.335319],[111.137709,33.335846],[111.138178,33.336182],[111.140187,33.337802],[111.141196,33.337894],[111.141697,33.33763],[111.141995,33.337336],[111.142306,33.337202],[111.143631,33.337036],[111.143937,33.336926],[111.144733,33.337126],[111.145026,33.337305],[111.145286,33.337547],[111.146176,33.339431],[111.147941,33.340771],[111.149095,33.341285],[111.151093,33.342407],[111.152139,33.342582],[111.154073,33.343194],[111.154647,33.343149],[111.155379,33.342797],[111.157729,33.342049],[111.158094,33.342223],[111.159987,33.343326],[111.161216,33.343646],[111.162117,33.344453],[111.165164,33.345894],[111.165504,33.345941],[111.166309,33.346183],[111.167527,33.346649],[111.168133,33.346727],[111.168761,33.347164],[111.169547,33.348479],[111.170281,33.349048],[111.172162,33.348914],[111.174235,33.348529],[111.175713,33.348208],[111.177548,33.347236],[111.177848,33.347104],[111.178564,33.346893],[111.179221,33.346431],[111.179586,33.346066],[111.179996,33.345573],[111.180192,33.345235],[111.180273,33.344865],[111.180562,33.34446],[111.182531,33.343274],[111.182931,33.342831],[111.183738,33.341018],[111.183853,33.340534],[111.183867,33.340207],[111.18354,33.339895],[111.182947,33.339465],[111.182239,33.338645],[111.181933,33.337887],[111.181681,33.337388],[111.181678,33.336886],[111.181957,33.336341],[111.182008,33.335647],[111.180924,33.333805],[111.180678,33.333334],[111.180549,33.3325],[111.180182,33.331922],[111.179575,33.331362],[111.178907,33.330943],[111.177875,33.330423],[111.177322,33.330037],[111.177054,33.329713],[111.176834,33.329343],[111.176727,33.328836],[111.176772,33.328321],[111.176907,33.327483],[111.177086,33.326947],[111.177312,33.326508],[111.177698,33.325992],[111.178264,33.325459],[111.178658,33.325033],[111.178808,33.324744],[111.178773,33.324361],[111.178489,33.323971],[111.178014,33.323646],[111.177384,33.323536],[111.176957,33.323339],[111.176595,33.323029],[111.176282,33.322541],[111.175941,33.321349],[111.175678,33.320284],[111.175563,33.319627],[111.17537,33.31913],[111.175077,33.318753],[111.174415,33.318036],[111.173328,33.318043],[111.172982,33.317955],[111.172663,33.317753],[111.172186,33.317355],[111.171762,33.31711],[111.170225,33.31698],[111.169007,33.316691],[111.167441,33.31607],[111.166891,33.315741],[111.16658,33.315593],[111.166086,33.31549],[111.165507,33.315514],[111.16434,33.315452],[111.161875,33.314988],[111.161478,33.314777],[111.161465,33.314378],[111.161983,33.313741],[111.162439,33.313822],[111.16275,33.313748],[111.162771,33.313439],[111.162704,33.312648],[111.162903,33.312399],[111.163241,33.312327],[111.163654,33.312526],[111.165089,33.313071],[111.1654,33.31302],[111.166591,33.312029],[111.167253,33.311722],[111.168031,33.311489],[111.16845,33.31161],[111.16871,33.311935],[111.16904,33.312621],[111.169359,33.31289],[111.169753,33.312968],[111.170134,33.312959],[111.170987,33.31271],[111.171502,33.312334],[111.171714,33.311953],[111.171682,33.311509],[111.171185,33.310644],[111.17125,33.310287],[111.171467,33.310011],[111.171832,33.30976],[111.172253,33.309651],[111.172945,33.309572],[111.173398,33.309438],[111.173763,33.309435],[111.174187,33.309561],[111.175244,33.310079],[111.175525,33.310108],[111.175737,33.30989],[111.175799,33.309052],[111.17563,33.308523],[111.175024,33.307985],[111.174989,33.307671],[111.175211,33.307187],[111.17608,33.306051],[111.17652,33.305309],[111.176974,33.305156],[111.177405,33.305235],[111.177647,33.305423],[111.17803,33.305941],[111.178049,33.306669],[111.178199,33.307458],[111.17851,33.308308],[111.179245,33.309249],[111.179685,33.309536],[111.179988,33.309561],[111.180345,33.309518],[111.180662,33.30933],[111.18078,33.309003],[111.18079,33.308162],[111.180906,33.307783],[111.181563,33.307283],[111.182145,33.307378],[111.183271,33.30838],[111.183784,33.308628],[111.184763,33.308599],[111.18506,33.308718],[111.185559,33.309335],[111.185913,33.309642],[111.186259,33.309612],[111.186656,33.309422],[111.187091,33.308888],[111.187426,33.308572],[111.187815,33.308342],[111.188161,33.308279],[111.188467,33.30833],[111.188765,33.30844],[111.189896,33.309252],[111.190226,33.30961],[111.190414,33.309922],[111.190725,33.310823],[111.191015,33.311231],[111.191541,33.311312],[111.191707,33.311018],[111.191672,33.310406],[111.191286,33.307866],[111.191476,33.307541],[111.192184,33.307304],[111.192563,33.307369],[111.193426,33.307626],[111.193826,33.307954],[111.194183,33.308129],[111.19458,33.308104],[111.195636,33.307844],[111.196605,33.3074],[111.197474,33.307151],[111.197865,33.307458],[111.197694,33.308812],[111.197911,33.309218],[111.198407,33.309478],[111.198909,33.309539],[111.199381,33.309364],[111.199609,33.308496],[111.199872,33.308014],[111.200161,33.307568],[111.200328,33.307178],[111.200556,33.306981],[111.200971,33.30699],[111.201403,33.307201],[111.201923,33.307606],[111.202817,33.308028],[111.203324,33.308203],[111.203619,33.308494],[111.203659,33.309395],[111.203825,33.309711],[111.204321,33.309841],[111.206183,33.30979],[111.207178,33.309491],[111.207427,33.30931],[111.207768,33.308862],[111.208103,33.308709],[111.208465,33.308673],[111.208943,33.30877],[111.210005,33.309471],[111.209908,33.309778],[111.208956,33.310381],[111.209055,33.310794],[111.20938,33.310939],[111.209959,33.310957],[111.210482,33.310852],[111.210767,33.310502],[111.211708,33.309547],[111.212446,33.309079],[111.21284,33.309007],[111.213208,33.309001],[111.213591,33.309144],[111.214385,33.308736],[111.215107,33.307958],[111.215434,33.307685],[111.21693,33.307028],[111.217373,33.306761],[111.2177,33.306387],[111.218025,33.306174],[111.218899,33.306246],[111.219173,33.306468],[111.219672,33.30705],[111.219985,33.307304],[111.220377,33.307463],[111.220809,33.307492],[111.221686,33.307449],[111.223853,33.307996],[111.224411,33.308106],[111.224754,33.308106],[111.225232,33.307994],[111.226104,33.307703],[111.22752,33.307122],[111.228909,33.306474],[111.230178,33.305582],[111.231369,33.304535],[111.232029,33.304179],[111.232938,33.303778],[111.233726,33.302228],[111.233667,33.301899],[111.233099,33.301148],[111.232943,33.300612],[111.233123,33.300262],[111.233995,33.29957],[111.234357,33.299198],[111.235019,33.298751],[111.23588,33.297965],[111.236275,33.297319],[111.236537,33.296519],[111.23654,33.296214],[111.236465,33.295904],[111.236178,33.295413],[111.23592,33.295158],[111.235625,33.294584],[111.235279,33.293407],[111.235328,33.29292],[111.235529,33.292205],[111.236047,33.29184],[111.236304,33.291449],[111.236685,33.291102],[111.237546,33.290734],[111.237895,33.290501],[111.238101,33.290142],[111.238104,33.288925],[111.238412,33.287629],[111.238745,33.286651],[111.238866,33.285835],[111.239233,33.284633],[111.239069,33.282927],[111.239104,33.282456],[111.239501,33.281241],[111.240335,33.280362],[111.240719,33.280026],[111.241435,33.279866],[111.241961,33.280023],[111.242251,33.280167],[111.242878,33.280819],[111.243141,33.281012],[111.243562,33.281012],[111.244772,33.28018],[111.245268,33.279913],[111.245665,33.279902],[111.246357,33.280931],[111.246593,33.28144],[111.246867,33.281752],[111.248103,33.282658],[111.248344,33.283084],[111.248047,33.284385],[111.248267,33.284737],[111.24868,33.284808],[111.249133,33.284683],[111.249431,33.284369],[111.250144,33.284035],[111.250488,33.283824],[111.251131,33.283627],[111.252317,33.283759],[111.253073,33.283743],[111.253682,33.283358],[111.254227,33.2824],[111.254417,33.281869],[111.254661,33.281481],[111.255613,33.280736],[111.256134,33.280546],[111.256702,33.279896],[111.257129,33.278694],[111.258397,33.277781],[111.258655,33.277487],[111.259368,33.276938],[111.26156,33.276456],[111.26182,33.276332],[111.262445,33.275527],[111.262987,33.275074],[111.264542,33.274397],[111.265934,33.273312],[111.266409,33.273238],[111.266811,33.272771],[111.267394,33.272195],[111.268735,33.271302],[111.269952,33.270215],[111.270829,33.269535],[111.271489,33.269282],[111.271905,33.26923],[111.272286,33.269284],[111.272795,33.269549],[111.273096,33.269834],[111.273836,33.270789],[111.275024,33.270852],[111.275641,33.270814],[111.275912,33.270621],[111.277031,33.269277],[111.277723,33.268383],[111.278374,33.267681],[111.279911,33.266546],[111.280416,33.26607],[111.280837,33.265503],[111.281266,33.264575],[111.281454,33.264308],[111.281743,33.264034],[111.282164,33.263772],[111.282865,33.263462],[111.283208,33.263215],[111.283747,33.262653],[111.284157,33.262307],[111.286059,33.261596],[111.286528,33.260872],[111.286732,33.260623],[111.289755,33.259349],[111.290579,33.259118],[111.292142,33.258775],[111.292429,33.258257],[111.292609,33.257853],[111.292982,33.257604],[111.294261,33.257292],[111.295447,33.25696],[111.295903,33.256913],[111.296726,33.257095],[111.297107,33.257373],[111.297166,33.257176],[111.297188,33.256859],[111.297099,33.256429],[111.297131,33.255924],[111.297104,33.255657],[111.296831,33.255081],[111.296683,33.254681],[111.296445,33.253872],[111.296415,33.253636],[111.296123,33.25336],[111.295881,33.252896],[111.295758,33.252726],[111.295484,33.252521],[111.295323,33.252461],[111.294755,33.252351],[111.293963,33.25225],[111.292845,33.252234],[111.291828,33.252275],[111.290887,33.25146],[111.29067,33.251391],[111.290128,33.251456],[111.289838,33.251454],[111.288189,33.251144],[111.287802,33.251196],[111.287443,33.251326],[111.287322,33.251328],[111.287156,33.250819],[111.28673,33.250079],[111.286547,33.249866],[111.286177,33.249688],[111.285268,33.249749],[111.285037,33.249713],[111.284876,33.249623],[111.28445,33.249128],[111.284192,33.248932],[111.283972,33.248858],[111.283565,33.248876],[111.283154,33.248825],[111.282814,33.248708],[111.282089,33.248129],[111.281934,33.247968],[111.281765,33.24773],[111.281537,33.247284],[111.281411,33.247165],[111.280995,33.24697],[111.279581,33.246936],[111.278761,33.246777],[111.278275,33.246754],[111.276773,33.247216],[111.276355,33.247282],[111.27625,33.247223],[111.275944,33.246772],[111.275357,33.246243],[111.275108,33.246097],[111.274705,33.245942],[111.274413,33.245864],[111.273992,33.245862],[111.273809,33.24581],[111.273541,33.245693],[111.273281,33.245505],[111.273125,33.245462],[111.272471,33.245469],[111.272069,33.245512],[111.271256,33.2457],[111.270907,33.245709],[111.270564,33.245545],[111.269952,33.245155],[111.269842,33.245038],[111.270011,33.244242],[111.270006,33.244071],[111.269842,33.24387],[111.269816,33.243787],[111.269832,33.243529],[111.269877,33.243439],[111.269993,33.243544],[111.270172,33.243919],[111.270331,33.244096],[111.270427,33.244154],[111.270666,33.244206],[111.270827,33.244213],[111.271473,33.244125],[111.271884,33.243971],[111.272047,33.243834],[111.272152,33.243663],[111.272264,33.243284],[111.272047,33.243221],[111.27187,33.243116],[111.271452,33.242743],[111.271379,33.242629],[111.271261,33.242326],[111.271216,33.241826],[111.271253,33.241653],[111.272211,33.241359],[111.272385,33.241274],[111.272621,33.241061],[111.272745,33.240917],[111.272943,33.240464],[111.27374,33.239414],[111.274013,33.238748],[111.274327,33.238225],[111.274456,33.23808],[111.274724,33.237862],[111.275569,33.237368],[111.276811,33.23722],[111.277605,33.236855],[111.278946,33.23609],[111.279595,33.235919],[111.279962,33.235778],[111.280129,33.235675],[111.28055,33.235269],[111.280665,33.235076],[111.280754,33.23475],[111.281003,33.234508],[111.280499,33.233925],[111.279992,33.232807],[111.279614,33.232112],[111.279469,33.231607],[111.279112,33.231008],[111.278847,33.230629],[111.278509,33.230301],[111.278409,33.230162],[111.278377,33.229792],[111.27872,33.229254],[111.278871,33.228955],[111.279329,33.226494],[111.278924,33.226023],[111.278565,33.225516],[111.278495,33.22537],[111.278447,33.224876],[111.278458,33.224225],[111.278415,33.223851],[111.278254,33.223184],[111.27787,33.222404],[111.277809,33.221997],[111.277696,33.221903],[111.277465,33.221802],[111.275448,33.221495],[111.27445,33.221199],[111.274405,33.221084],[111.274354,33.220566],[111.273968,33.219509],[111.273933,33.219334],[111.273943,33.219139],[111.274163,33.218266],[111.274086,33.218158],[111.273933,33.218156],[111.272409,33.218405],[111.271548,33.218643],[111.270424,33.219071],[111.269481,33.219337],[111.268201,33.219623],[111.266592,33.219857],[111.265403,33.219953],[111.26444,33.219953],[111.263907,33.219917],[111.263775,33.219994],[111.263008,33.220768],[111.262769,33.221075],[111.262458,33.221643],[111.262174,33.22193],[111.261069,33.222444],[111.260865,33.222114],[111.260661,33.222013],[111.260414,33.221699],[111.260194,33.220994],[111.259784,33.220377],[111.259537,33.220189],[111.258856,33.220025],[111.258156,33.219531],[111.257909,33.219415],[111.257292,33.219601],[111.256799,33.219677],[111.255908,33.21959],[111.254967,33.219715],[111.254599,33.219711],[111.254379,33.219671],[111.254031,33.219538],[111.253805,33.219538],[111.252491,33.219688],[111.252046,33.219825],[111.251676,33.219872],[111.251434,33.219846],[111.251147,33.219691],[111.251094,33.219635],[111.251067,33.219484],[111.250992,33.219338],[111.250294,33.218838],[111.25015,33.219377],[111.249951,33.21972],[111.249879,33.219742],[111.249533,33.219729],[111.248473,33.21978],[111.247827,33.219733],[111.247207,33.219807],[111.246708,33.219973],[111.246569,33.21998],[111.245767,33.219931],[111.245252,33.219859],[111.244772,33.219899],[111.244533,33.219868],[111.244219,33.21972],[111.243731,33.219576],[111.243415,33.219563],[111.243248,33.219478],[111.242988,33.219401],[111.242816,33.219386],[111.242398,33.219496],[111.242183,33.21943],[111.24199,33.219303],[111.241768,33.219027],[111.241677,33.218982],[111.241518,33.218957],[111.241178,33.218984],[111.240888,33.218829],[111.240708,33.218676],[111.240496,33.218596],[111.240244,33.218764],[111.239936,33.219161],[111.238587,33.219298],[111.238222,33.219412],[111.23746,33.21878],[111.237393,33.21867],[111.237342,33.218472],[111.237114,33.218183],[111.236744,33.218001],[111.236422,33.217487],[111.236285,33.217184],[111.235982,33.216827],[111.235888,33.216747],[111.235601,33.216666],[111.235322,33.216372],[111.235116,33.21628],[111.234815,33.216067],[111.233895,33.215649],[111.231616,33.215086],[111.231082,33.215026],[111.229961,33.215028],[111.229778,33.214967],[111.229376,33.21472],[111.228982,33.214635],[111.228738,33.214521],[111.228416,33.214287],[111.228276,33.214171],[111.228147,33.213996],[111.228088,33.213859],[111.227737,33.213338],[111.227496,33.213107],[111.227378,33.212914],[111.227246,33.212582],[111.227152,33.212503],[111.226774,33.212369],[111.226493,33.212149],[111.226391,33.212016],[111.226342,33.211803],[111.226391,33.211366],[111.22638,33.210515],[111.226251,33.210261],[111.22609,33.210131],[111.225838,33.210077],[111.225583,33.210064],[111.225095,33.210082],[111.224484,33.210329],[111.224156,33.210414],[111.223751,33.210618],[111.223338,33.210603],[111.223204,33.210643],[111.223059,33.210739],[111.2223,33.210964],[111.222204,33.211027],[111.221501,33.211139],[111.221053,33.21117],[111.220197,33.211125],[111.219905,33.211231],[111.219377,33.211312],[111.218864,33.211471],[111.218414,33.211527],[111.218264,33.211514],[111.218229,33.21148],[111.218298,33.211116],[111.218422,33.210775],[111.218454,33.210484],[111.218577,33.210017],[111.218596,33.209597],[111.218575,33.209211],[111.218486,33.208937],[111.218422,33.208913],[111.217478,33.208996],[111.217268,33.209065],[111.217215,33.209218],[111.217207,33.209514],[111.217161,33.209768],[111.217183,33.210051],[111.217582,33.211348],[111.217596,33.21146],[111.217542,33.211556],[111.21715,33.211794],[111.216947,33.211848],[111.216829,33.211819],[111.216292,33.211467],[111.216045,33.211404],[111.215683,33.211426],[111.215198,33.211502],[111.21481,33.211724],[111.214221,33.211913],[111.214071,33.212014],[111.213883,33.212488],[111.213688,33.212824],[111.213323,33.21334],[111.213234,33.213538],[111.213237,33.213773],[111.213194,33.214049],[111.212904,33.215165],[111.21287,33.215212],[111.211362,33.214925],[111.210697,33.215127],[111.210474,33.215405],[111.210356,33.215456],[111.2103,33.215441],[111.210123,33.215127],[111.210131,33.214983],[111.209654,33.214783],[111.209444,33.214667],[111.209259,33.214512],[111.209053,33.214251],[111.209034,33.214065],[111.208956,33.213935],[111.208908,33.213872],[111.208728,33.213773],[111.208256,33.213681],[111.208093,33.213798],[111.207907,33.214025],[111.207645,33.214083],[111.207368,33.214076],[111.206843,33.213953],[111.206633,33.213944],[111.206835,33.213607],[111.206859,33.213444],[111.206773,33.213322],[111.206435,33.21332],[111.206333,33.213269],[111.206295,33.213199],[111.206282,33.213019],[111.206373,33.212809],[111.206384,33.212586],[111.206258,33.212405],[111.205971,33.212209],[111.205719,33.212138],[111.205831,33.211269],[111.205799,33.211211],[111.20559,33.211123],[111.205384,33.211116],[111.204979,33.211258],[111.204193,33.211363],[111.203608,33.21127],[111.203297,33.211152],[111.202406,33.211139],[111.202162,33.210921],[111.20202,33.210728],[111.200113,33.209317],[111.199767,33.208854],[111.199566,33.208637],[111.199056,33.208296],[111.198852,33.207963],[111.198316,33.207436],[111.198007,33.207207],[111.198007,33.207106],[111.198238,33.206992],[111.198799,33.206783],[111.19926,33.206689],[111.199609,33.206538],[111.199856,33.206408],[111.199933,33.206336],[111.198925,33.205594],[111.198549,33.205515],[111.198252,33.205414],[111.19768,33.205479],[111.197501,33.205374],[111.197039,33.20523],[111.19653,33.205719],[111.195974,33.2053],[111.194647,33.204797],[111.192976,33.204397],[111.192281,33.204321],[111.191782,33.203989],[111.191635,33.203951],[111.191508,33.20396],[111.191382,33.203874],[111.190782,33.203598],[111.190339,33.203513],[111.189339,33.203506],[111.188727,33.203385],[111.187853,33.203071],[111.186554,33.202326],[111.186836,33.202187],[111.187075,33.20198],[111.187485,33.201749],[111.188432,33.201305],[111.189261,33.200091],[111.189416,33.200052],[111.191179,33.199182],[111.191924,33.198553],[111.192455,33.198205],[111.192986,33.197703],[111.193896,33.196704],[111.19415,33.196468],[111.194413,33.196311],[111.194676,33.196253],[111.195371,33.196309],[111.195599,33.196286],[111.195905,33.196158],[111.197538,33.195079],[111.198045,33.194872],[111.198284,33.194814],[111.196972,33.193032],[111.196586,33.192695],[111.196138,33.192221],[111.195596,33.191719],[111.195459,33.191523],[111.195234,33.191074],[111.195148,33.19083],[111.195111,33.190527],[111.195028,33.190439],[111.194749,33.190266],[111.194647,33.190132],[111.19462,33.18997],[111.194684,33.189806],[111.195891,33.18812],[111.19249,33.188114],[111.191975,33.18815],[111.191597,33.188069],[111.191176,33.188037],[111.189942,33.188109],[111.189647,33.188163],[111.189145,33.188464],[111.188089,33.188837],[111.187512,33.189184],[111.187313,33.189337],[111.187147,33.189389],[111.186809,33.189351],[111.187043,33.189178],[111.187139,33.189048],[111.187185,33.18863],[111.186989,33.188471],[111.186597,33.188291],[111.186208,33.187916],[111.18579,33.187898],[111.185728,33.187914],[111.185696,33.187979],[111.185651,33.188181],[111.185409,33.188381],[111.185358,33.188464],[111.185385,33.188816],[111.185361,33.188895],[111.185197,33.189074],[111.184905,33.189272],[111.184859,33.189597],[111.184562,33.18966],[111.184293,33.18984],[111.183947,33.189963],[111.183674,33.189979],[111.183491,33.189927],[111.183526,33.189849],[111.183792,33.18971],[111.183888,33.189593],[111.183955,33.18929],[111.18406,33.18918],[111.184111,33.189043],[111.184033,33.188753],[111.184076,33.188585],[111.18417,33.188441],[111.184108,33.188412],[111.183937,33.188412],[111.183773,33.188484],[111.18366,33.188617],[111.183542,33.188854],[111.183301,33.189007],[111.182818,33.189095],[111.182231,33.189032],[111.182059,33.189045],[111.181818,33.189133],[111.181265,33.188989],[111.181008,33.189041],[111.181,33.189178],[111.181233,33.18938],[111.18219,33.189705],[111.1823,33.189784],[111.182483,33.189842],[111.182958,33.18982],[111.183094,33.189927],[111.183121,33.190051],[111.183043,33.190168],[111.182845,33.190334],[111.182397,33.190603],[111.181976,33.190785],[111.181485,33.190852],[111.181045,33.190852],[111.180337,33.190563],[111.179433,33.190383],[111.179063,33.19034],[111.17821,33.190581],[111.178028,33.191016],[111.177875,33.191276],[111.1774,33.191871],[111.177247,33.191981],[111.176952,33.191663],[111.176349,33.191467],[111.176271,33.191321],[111.17615,33.191294],[111.175987,33.191431],[111.175737,33.191802],[111.175437,33.192551],[111.175284,33.193229],[111.174774,33.193222],[111.174584,33.193101],[111.174482,33.192985],[111.17387,33.193014],[111.173758,33.193306],[111.17357,33.193631],[111.17357,33.193725],[111.174088,33.194298],[111.174216,33.194515],[111.174519,33.195124],[111.174562,33.195406],[111.174546,33.195492],[111.174366,33.195608],[111.17427,33.195638],[111.173919,33.195624],[111.173884,33.195682],[111.174133,33.195855],[111.174307,33.196145],[111.174125,33.196443],[111.173937,33.196645],[111.173817,33.196841],[111.173747,33.197198],[111.173618,33.197321],[111.172921,33.197386],[111.171877,33.197548],[111.171593,33.197694],[111.170689,33.198302],[111.17026,33.198448],[111.17,33.198376],[111.169673,33.198145],[111.169093,33.197884],[111.168412,33.197269],[111.167575,33.196771],[111.167135,33.196661],[111.166709,33.19663],[111.166314,33.19674],[111.165971,33.196886],[111.165896,33.196874],[111.16588,33.196208],[111.165845,33.196125],[111.165845,33.195227],[111.165727,33.195157],[111.165609,33.195135],[111.165341,33.1952],[111.165057,33.195124],[111.163415,33.194111],[111.16327,33.193939],[111.163222,33.193822],[111.163227,33.193665],[111.163447,33.193467],[111.163552,33.193514],[111.163683,33.193514],[111.163807,33.193467],[111.163882,33.193368],[111.163841,33.193214],[111.163874,33.193144],[111.164,33.19309],[111.164061,33.19302],[111.164019,33.192951],[111.163935,33.192922],[111.163729,33.192924],[111.16364,33.192836],[111.163592,33.192679],[111.163308,33.192455],[111.163335,33.192129],[111.16224,33.192118],[111.161956,33.192022],[111.161824,33.191916],[111.161618,33.191887],[111.161535,33.191934],[111.161385,33.191941],[111.161245,33.191882],[111.161065,33.19186],[111.160859,33.191882],[111.16066,33.191786],[111.160564,33.191663],[111.160556,33.191472],[111.160481,33.191427],[111.159582,33.191328],[111.158831,33.191166],[111.158665,33.191166],[111.158445,33.191265],[111.158308,33.191422],[111.157407,33.192194],[111.157235,33.192399],[111.157069,33.192944],[111.15701,33.193604],[111.157106,33.194693],[111.157039,33.194805],[111.156895,33.194926],[111.156811,33.195043],[111.156895,33.195198],[111.156825,33.195326],[111.156634,33.195483],[111.156503,33.195662],[111.156428,33.195882],[111.15606,33.195723],[111.155846,33.195595],[111.155521,33.195258],[111.155291,33.195142],[111.155047,33.194958],[111.154907,33.194713],[111.154824,33.194134],[111.154824,33.19388],[111.154486,33.193306],[111.154113,33.192964],[111.153249,33.192504],[111.152866,33.192352],[111.152169,33.192226],[111.151299,33.192154],[111.150326,33.192026],[111.150251,33.191997],[111.150138,33.191885],[111.150087,33.191752],[111.149776,33.191748],[111.149776,33.192403],[111.149835,33.193092],[111.149773,33.193433],[111.149572,33.193743],[111.149457,33.193986],[111.149146,33.194217],[111.148531,33.194587],[111.148097,33.194982],[111.147829,33.195155],[111.147735,33.195265],[111.14767,33.19551],[111.147611,33.195579],[111.147324,33.195629],[111.147196,33.196053],[111.147121,33.196181],[111.147008,33.196192],[111.146592,33.196073],[111.146142,33.196019],[111.145879,33.196232],[111.145707,33.196513],[111.145656,33.196706],[111.145661,33.196838],[111.145251,33.197254],[111.145047,33.197554],[111.144795,33.198093],[111.144795,33.198279],[111.14475,33.198432],[111.144433,33.198665],[111.144334,33.198901],[111.144412,33.199168],[111.144412,33.199271],[111.144371,33.19935],[111.14417,33.199444],[111.144047,33.199543],[111.14402,33.199992],[111.143956,33.200066],[111.143803,33.200124],[111.143784,33.200178],[111.143787,33.200613],[111.143757,33.20073],[111.143797,33.200771],[111.144055,33.2008],[111.144098,33.200833],[111.144127,33.200948],[111.144114,33.201262],[111.144154,33.201303],[111.14424,33.201047],[111.14431,33.20095],[111.14464,33.200791],[111.144519,33.201065],[111.1442,33.202205],[111.14424,33.202292],[111.144358,33.202371],[111.144387,33.202461],[111.144288,33.202885],[111.144366,33.203358],[111.144436,33.203482],[111.144519,33.203895],[111.14453,33.204467],[111.145315,33.204386],[111.145423,33.204402],[111.145511,33.20448],[111.145825,33.205015],[111.146058,33.205288],[111.145804,33.206444],[111.145688,33.207171],[111.145761,33.207225],[111.146179,33.207355],[111.147115,33.207757],[111.147137,33.207827],[111.147075,33.208029],[111.14682,33.208412],[111.146037,33.209014],[111.145028,33.209559],[111.144066,33.209837],[111.143969,33.209909],[111.143634,33.210297],[111.143403,33.210459],[111.143247,33.210688],[111.14262,33.210412],[111.142223,33.210275],[111.141737,33.210221],[111.14085,33.210059],[111.14074,33.210208],[111.140635,33.210544],[111.140426,33.21179],[111.140391,33.212391],[111.140517,33.212411],[111.14085,33.212364],[111.142636,33.212304],[111.142682,33.212402],[111.142609,33.212593],[111.142564,33.212856],[111.142432,33.213064],[111.142362,33.213313],[111.142057,33.213987],[111.142169,33.214043],[111.143073,33.214301],[111.144664,33.214689],[111.144554,33.215106],[111.144562,33.215346],[111.144516,33.215786],[111.144454,33.215921],[111.143958,33.216495],[111.143945,33.216702],[111.143982,33.216944],[111.144117,33.217279],[111.144157,33.217483],[111.144095,33.217956],[111.143982,33.218066],[111.143559,33.21816],[111.143379,33.218293],[111.143384,33.218634],[111.143202,33.218923],[111.143108,33.219397],[111.142714,33.219588],[111.142679,33.219628],[111.142631,33.219884],[111.142255,33.220027],[111.142239,33.220225],[111.14218,33.220323],[111.141697,33.220523],[111.140887,33.220649],[111.14074,33.220772],[111.140654,33.221118],[111.14064,33.221358],[111.140729,33.222803],[111.140729,33.223503],[111.140654,33.223721],[111.140678,33.224876],[111.140718,33.224961],[111.140844,33.225044],[111.140927,33.225181],[111.141016,33.225574],[111.140986,33.225727],[111.140619,33.226054],[111.140152,33.226267],[111.139455,33.226835],[111.139307,33.226911],[111.139146,33.226947],[111.138908,33.226949],[111.13861,33.227106],[111.138323,33.227456],[111.138296,33.227546],[111.138114,33.227827],[111.13784,33.228159],[111.137537,33.228392],[111.137054,33.228529],[111.136976,33.22867],[111.136971,33.228928],[111.136748,33.229319],[111.136714,33.229449],[111.136322,33.229678],[111.13604,33.229985],[111.13559,33.230615],[111.135429,33.231053],[111.135236,33.23134],[111.134793,33.231787],[111.134168,33.232195],[111.133879,33.232294],[111.133417,33.232536],[111.133251,33.23272],[111.133181,33.232751],[111.133058,33.232765],[111.132752,33.232601],[111.132591,33.232567],[111.132055,33.232493],[111.131794,33.232527],[111.130638,33.233332],[111.13048,33.233458],[111.130233,33.233761],[111.129751,33.234145],[111.130131,33.234544],[111.130268,33.234737],[111.130486,33.235255],[111.129834,33.235262],[111.129515,33.23532],[111.129321,33.235421],[111.129327,33.235511],[111.129402,33.235571],[111.129571,33.235574],[111.12985,33.235493],[111.130515,33.235412],[111.131266,33.235531],[111.131628,33.235453],[111.131754,33.235396],[111.131918,33.235394],[111.132012,33.235524],[111.13217,33.236413],[111.132224,33.236516],[111.132352,33.23661],[111.132326,33.236635],[111.131727,33.236754],[111.131003,33.236742],[111.130751,33.236633],[111.130671,33.236554],[111.130601,33.236435],[111.130539,33.236179],[111.130461,33.236099],[111.130373,33.23611],[111.130228,33.236265],[111.130075,33.236336],[111.129662,33.236332],[111.129115,33.236018],[111.128739,33.235865],[111.128415,33.235672],[111.128182,33.235885],[111.127999,33.235964],[111.12787,33.235955],[111.127253,33.235787],[111.126787,33.235587],[111.126612,33.235569],[111.126347,33.235643],[111.126229,33.235749],[111.126065,33.235836]]]}},{"type":"Feature","properties":{"regionCode":"411326302","sourceCode":"411326302000","name":"毛堂乡","sourceName":"毛堂乡","parentCode":"411326","parentName":"淅川县","regionLevel":"township","regionType":"township","isManagementZone":false,"source":"ruiduobao","sourceVersion":"mixed-legacy~2018-2020","geometryRepaired":false,"match2020":true,"match2023":true},"geometry":{"type":"Polygon","coordinates":[[[111.344799,33.140143],[111.344298,33.140267],[111.3436,33.140669],[111.343128,33.141277],[111.342828,33.141852],[111.342592,33.142158],[111.342469,33.142654],[111.342302,33.144327],[111.341833,33.144433],[111.34131,33.14443],[111.340752,33.144381],[111.340264,33.144327],[111.339373,33.144129],[111.339202,33.144051],[111.338815,33.143961],[111.338426,33.14415],[111.337799,33.144543],[111.337337,33.145001],[111.336707,33.145461],[111.336533,33.145661],[111.336399,33.145751],[111.336117,33.145883],[111.335202,33.146027],[111.334915,33.146137],[111.334733,33.146252],[111.334626,33.146373],[111.334548,33.146822],[111.334449,33.147112],[111.334403,33.147424],[111.334409,33.147853],[111.334376,33.148026],[111.334307,33.148228],[111.334089,33.148345],[111.333311,33.148533],[111.33207,33.14909],[111.331691,33.1492],[111.330726,33.149578],[111.330342,33.149748],[111.329653,33.150191],[111.328948,33.150303],[111.328339,33.150557],[111.328191,33.150651],[111.327612,33.150826],[111.32707,33.150936],[111.325707,33.151397],[111.324905,33.151608],[111.324594,33.151635],[111.324053,33.15161],[111.323712,33.151704],[111.323621,33.151765],[111.323379,33.151814],[111.322835,33.152025],[111.32251,33.152106],[111.32221,33.152079],[111.321931,33.15194],[111.321494,33.151897],[111.320879,33.151763],[111.3192,33.151877],[111.318989,33.151918],[111.318653,33.151893],[111.318243,33.151763],[111.318066,33.151763],[111.317669,33.15183],[111.316939,33.151769],[111.316556,33.151861],[111.316269,33.152025],[111.316092,33.15203],[111.315523,33.151877],[111.314866,33.151814],[111.314413,33.151688],[111.314209,33.151583],[111.312929,33.15243],[111.312535,33.152764],[111.311325,33.154046],[111.310934,33.154237],[111.310202,33.154507],[111.308724,33.154904],[111.307935,33.155064],[111.30731,33.155019],[111.305972,33.154716],[111.304692,33.15421],[111.303265,33.153548],[111.302442,33.153249],[111.301203,33.15302],[111.300476,33.152928],[111.299505,33.152903],[111.298893,33.152643],[111.298625,33.15258],[111.298443,33.152506],[111.298352,33.152427],[111.297662,33.151403],[111.297614,33.151141],[111.297525,33.151107],[111.297002,33.151075],[111.296614,33.151105],[111.295565,33.151379],[111.294816,33.151745],[111.294331,33.152117],[111.294293,33.151839],[111.29424,33.151774],[111.293972,33.151623],[111.293733,33.151596],[111.293532,33.151614],[111.293129,33.151729],[111.292813,33.151621],[111.292727,33.151457],[111.292781,33.151383],[111.29318,33.151073],[111.293221,33.15099],[111.293135,33.150676],[111.293017,33.150698],[111.292649,33.150867],[111.291909,33.151421],[111.291866,33.151581],[111.291788,33.151709],[111.291485,33.151886],[111.291413,33.151983],[111.29137,33.152414],[111.291244,33.152571],[111.290997,33.152769],[111.290546,33.153072],[111.290388,33.153269],[111.289707,33.154707],[111.289578,33.154846],[111.289245,33.155043],[111.288347,33.155448],[111.288084,33.155713],[111.287169,33.157477],[111.287081,33.157951],[111.286984,33.158272],[111.286807,33.158432],[111.285844,33.158867],[111.284412,33.15933],[111.284176,33.15944],[111.283701,33.159882],[111.283149,33.160466],[111.282505,33.161234],[111.282022,33.162002],[111.281631,33.16246],[111.280799,33.163324],[111.280051,33.163848],[111.279286,33.163958],[111.278133,33.164021],[111.276805,33.164157],[111.275853,33.163978],[111.275062,33.163904],[111.273962,33.164088],[111.272755,33.164409],[111.271476,33.164883],[111.273142,33.166744],[111.273313,33.167191],[111.273428,33.167635],[111.27367,33.169059],[111.273638,33.169097],[111.272661,33.169299],[111.270449,33.169631],[111.269354,33.169878],[111.268804,33.170047],[111.268002,33.170352],[111.265857,33.170907],[111.265945,33.171746],[111.266154,33.172795],[111.266527,33.173919],[111.266779,33.17453],[111.266667,33.174631],[111.265926,33.174905],[111.265478,33.175017],[111.26458,33.17537],[111.264451,33.1755],[111.264384,33.175641],[111.264191,33.176407],[111.264038,33.176834],[111.263869,33.177065],[111.263534,33.177392],[111.263115,33.177648],[111.262866,33.177848],[111.263067,33.178066],[111.263115,33.178203],[111.263064,33.178383],[111.262898,33.178603],[111.262858,33.178811],[111.262869,33.178926],[111.262949,33.179022],[111.263317,33.179162],[111.263196,33.179768],[111.263048,33.18021],[111.26293,33.18111],[111.26362,33.181204],[111.264271,33.181368],[111.264373,33.181478],[111.264419,33.18159],[111.264368,33.181947],[111.26406,33.182457],[111.263883,33.182623],[111.26366,33.18298],[111.263638,33.183537],[111.263638,33.183761],[111.263697,33.184134],[111.263671,33.184291],[111.263781,33.184545],[111.264188,33.185115],[111.264314,33.185211],[111.264411,33.1854],[111.264376,33.185564],[111.264237,33.185764],[111.26417,33.185977],[111.263877,33.186509],[111.263553,33.186935],[111.263534,33.187027],[111.263582,33.187472],[111.263979,33.1881],[111.2641,33.188331],[111.264135,33.188484],[111.264135,33.188601],[111.264035,33.188962],[111.263888,33.189355],[111.263437,33.19012],[111.26337,33.190475],[111.263362,33.190814],[111.263534,33.191063],[111.263633,33.191344],[111.263646,33.191492],[111.263448,33.192001],[111.263295,33.1923],[111.262756,33.192962],[111.262008,33.193438],[111.262507,33.194329],[111.262735,33.194841],[111.26337,33.195799],[111.263531,33.196021],[111.263944,33.196304],[111.26425,33.196592],[111.264285,33.196663],[111.264274,33.196951],[111.264084,33.197222],[111.264057,33.197622],[111.264078,33.197696],[111.264371,33.19808],[111.264666,33.198594],[111.264875,33.199081],[111.265159,33.200109],[111.265256,33.200326],[111.265377,33.200771],[111.265379,33.200966],[111.265245,33.201197],[111.26462,33.201848],[111.264389,33.202272],[111.264041,33.203286],[111.264011,33.203697],[111.264033,33.203821],[111.264135,33.204059],[111.264658,33.20466],[111.264971,33.205288],[111.265119,33.205522],[111.265232,33.205625],[111.265521,33.205724],[111.266093,33.206074],[111.266197,33.206408],[111.266221,33.20701],[111.266278,33.207169],[111.266404,33.207393],[111.266707,33.207669],[111.267048,33.207775],[111.267557,33.207815],[111.267919,33.207883],[111.268236,33.208033],[111.268512,33.20819],[111.26933,33.208823],[111.269437,33.20898],[111.269491,33.208996],[111.269746,33.208911],[111.270154,33.208693],[111.270368,33.208632],[111.271369,33.208652],[111.271894,33.20874],[111.27223,33.208884],[111.27261,33.209294],[111.272691,33.209599],[111.27271,33.210342],[111.273182,33.210989],[111.273364,33.21137],[111.273404,33.211543],[111.273327,33.21275],[111.27331,33.214193],[111.273225,33.215454],[111.273426,33.216394],[111.273614,33.216899],[111.274008,33.217638],[111.274129,33.218046],[111.274163,33.218266],[111.273943,33.219139],[111.273933,33.219334],[111.273968,33.219509],[111.274354,33.220566],[111.274405,33.221084],[111.27445,33.221199],[111.275448,33.221495],[111.277465,33.221802],[111.277696,33.221903],[111.277809,33.221997],[111.27787,33.222404],[111.278254,33.223184],[111.278415,33.223851],[111.278458,33.224225],[111.278447,33.224876],[111.278495,33.22537],[111.278565,33.225516],[111.278924,33.226023],[111.279329,33.226494],[111.278871,33.228955],[111.27872,33.229254],[111.278377,33.229792],[111.278409,33.230162],[111.278509,33.230301],[111.278847,33.230629],[111.279112,33.231008],[111.279469,33.231607],[111.279614,33.232112],[111.279992,33.232807],[111.280499,33.233925],[111.281003,33.234508],[111.280754,33.23475],[111.280665,33.235076],[111.28055,33.235269],[111.280129,33.235675],[111.279962,33.235778],[111.279595,33.235919],[111.278946,33.23609],[111.277605,33.236855],[111.276811,33.23722],[111.275569,33.237368],[111.274724,33.237862],[111.274456,33.23808],[111.274327,33.238225],[111.274013,33.238748],[111.27374,33.239414],[111.272943,33.240464],[111.272745,33.240917],[111.272621,33.241061],[111.272385,33.241274],[111.272211,33.241359],[111.271253,33.241653],[111.271216,33.241826],[111.271261,33.242326],[111.271379,33.242629],[111.271452,33.242743],[111.27187,33.243116],[111.272047,33.243221],[111.272264,33.243284],[111.272152,33.243663],[111.272047,33.243834],[111.271884,33.243971],[111.271473,33.244125],[111.270827,33.244213],[111.270666,33.244206],[111.270427,33.244154],[111.270331,33.244096],[111.270172,33.243919],[111.269993,33.243544],[111.269877,33.243439],[111.269832,33.243529],[111.269816,33.243787],[111.269842,33.24387],[111.270006,33.244071],[111.270011,33.244242],[111.269842,33.245038],[111.269952,33.245155],[111.270564,33.245545],[111.270907,33.245709],[111.271256,33.2457],[111.272069,33.245512],[111.272471,33.245469],[111.273125,33.245462],[111.273281,33.245505],[111.273541,33.245693],[111.273809,33.24581],[111.273992,33.245862],[111.274413,33.245864],[111.274705,33.245942],[111.275108,33.246097],[111.275357,33.246243],[111.275944,33.246772],[111.27625,33.247223],[111.276355,33.247282],[111.276773,33.247216],[111.278275,33.246754],[111.278761,33.246777],[111.279581,33.246936],[111.280995,33.24697],[111.281411,33.247165],[111.281537,33.247284],[111.281765,33.24773],[111.281934,33.247968],[111.282089,33.248129],[111.282814,33.248708],[111.283154,33.248825],[111.283565,33.248876],[111.283972,33.248858],[111.284192,33.248932],[111.28445,33.249128],[111.284876,33.249623],[111.285037,33.249713],[111.285268,33.249749],[111.286177,33.249688],[111.286547,33.249866],[111.28673,33.250079],[111.287156,33.250819],[111.287322,33.251328],[111.287443,33.251326],[111.287802,33.251196],[111.288189,33.251144],[111.289838,33.251454],[111.290128,33.251456],[111.29067,33.251391],[111.290887,33.25146],[111.291828,33.252275],[111.292845,33.252234],[111.293963,33.25225],[111.294755,33.252351],[111.295323,33.252461],[111.295484,33.252521],[111.295758,33.252726],[111.295881,33.252896],[111.296123,33.25336],[111.296415,33.253636],[111.296445,33.253872],[111.296683,33.254681],[111.296831,33.255081],[111.297104,33.255657],[111.297131,33.255924],[111.297099,33.256429],[111.297188,33.256859],[111.297166,33.257176],[111.297107,33.257373],[111.297424,33.257689],[111.298534,33.258133],[111.300412,33.258589],[111.301085,33.258528],[111.302061,33.258221],[111.302713,33.258127],[111.303577,33.258369],[111.303893,33.258387],[111.304856,33.258293],[111.30551,33.257938],[111.30639,33.258026],[111.307007,33.258216],[111.307664,33.2594],[111.307983,33.259896],[111.308855,33.26069],[111.310236,33.26187],[111.311105,33.262271],[111.311773,33.2622],[111.313176,33.261883],[111.314158,33.261762],[111.315477,33.261663],[111.315799,33.261139],[111.316009,33.260865],[111.317009,33.260652],[111.317934,33.260403],[111.318551,33.259912],[111.31942,33.259048],[111.32001,33.258263],[111.321958,33.256036],[111.322577,33.255617],[111.323479,33.255536],[111.325378,33.255949],[111.328457,33.256332],[111.329049,33.256725],[111.330299,33.257844],[111.331198,33.258584],[111.332539,33.259024],[111.33366,33.25947],[111.334132,33.259845],[111.335406,33.260102],[111.33634,33.260049],[111.336806,33.2601],[111.33715,33.260255],[111.338526,33.261796],[111.33922,33.262998],[111.339918,33.264543],[111.340097,33.265162],[111.340079,33.266784],[111.340347,33.267999],[111.340926,33.26923],[111.341165,33.26982],[111.341409,33.27008],[111.341769,33.270242],[111.342758,33.270522],[111.343136,33.270751],[111.34484,33.271921],[111.346063,33.272428],[111.346508,33.272821],[111.346444,33.274198],[111.346591,33.27452],[111.347337,33.275052],[111.347543,33.275373],[111.347573,33.275711],[111.347482,33.277709],[111.347667,33.278712],[111.347994,33.279638],[111.349284,33.279324],[111.350124,33.279321],[111.350832,33.279012],[111.351355,33.278294],[111.351682,33.278205],[111.352374,33.278413],[111.352908,33.278025],[111.353565,33.277211],[111.353973,33.276976],[111.35438,33.276866],[111.354724,33.276841],[111.355732,33.27688],[111.356183,33.276792],[111.356499,33.276682],[111.357285,33.276223],[111.358578,33.275924],[111.358956,33.275808],[111.359364,33.275505],[111.361279,33.274438],[111.362196,33.274198],[111.36255,33.273323],[111.363135,33.272182],[111.363819,33.27154],[111.364557,33.27061],[111.365385,33.269679],[111.365841,33.26908],[111.366445,33.268105],[111.366732,33.267892],[111.367215,33.267672],[111.367601,33.267255],[111.368202,33.26677],[111.369127,33.266521],[111.370085,33.265795],[111.370385,33.265685],[111.372104,33.265588],[111.372912,33.265602],[111.374162,33.265523],[111.374666,33.265559],[111.375031,33.265718],[111.377726,33.267595],[111.378153,33.268134],[111.37892,33.269244],[111.379655,33.270031],[111.381031,33.270506],[111.381862,33.270679],[111.382358,33.270816],[111.383072,33.272451],[111.383654,33.272937],[111.384155,33.273772],[111.384244,33.275095],[111.384582,33.276034],[111.385413,33.276974],[111.385542,33.277774],[111.385368,33.278472],[111.385663,33.278653],[111.387948,33.278969],[111.388747,33.278936],[111.390595,33.279066],[111.391137,33.279041],[111.392111,33.278913],[111.393205,33.27883],[111.394085,33.278691],[111.394477,33.278577],[111.395233,33.278234],[111.395786,33.277913],[111.396121,33.277617],[111.396464,33.277133],[111.395877,33.27635],[111.395753,33.275933],[111.395933,33.275678],[111.396767,33.275012],[111.397357,33.274991],[111.397966,33.275034],[111.398259,33.274785],[111.398535,33.274011],[111.398806,33.272931],[111.39953,33.271708],[111.399551,33.270645],[111.400611,33.269594],[111.401469,33.268629],[111.402215,33.26788],[111.403317,33.266923],[111.404071,33.266463],[111.404371,33.266147],[111.404586,33.265748],[111.404623,33.264467],[111.404516,33.26313],[111.404572,33.262648],[111.405517,33.261805],[111.406898,33.261089],[111.407222,33.26124],[111.407611,33.261598],[111.408041,33.261755],[111.410143,33.262303],[111.410835,33.262531],[111.414067,33.263408],[111.414792,33.262803],[111.415122,33.262453],[111.415505,33.261843],[111.415749,33.261336],[111.416248,33.260822],[111.417077,33.260259],[111.417342,33.259842],[111.417501,33.259297],[111.417393,33.258766],[111.416487,33.258061],[111.41631,33.257685],[111.416337,33.257339],[111.416744,33.256527],[111.416996,33.255529],[111.417045,33.255155],[111.417444,33.253555],[111.417463,33.253163],[111.417031,33.252389],[111.417149,33.252082],[111.417584,33.251678],[111.418201,33.251259],[111.418713,33.251036],[111.419958,33.251036],[111.420848,33.250969],[111.423265,33.250332],[111.423887,33.250267],[111.42459,33.250368],[111.425502,33.25092],[111.42607,33.250913],[111.426746,33.250796],[111.427556,33.250424],[111.428444,33.249516],[111.429018,33.248188],[111.428527,33.246319],[111.428447,33.245554],[111.428519,33.2452],[111.428836,33.244552],[111.429898,33.243286],[111.431049,33.243901],[111.43261,33.244666],[111.434224,33.245781],[111.435174,33.246635],[111.435788,33.247427],[111.43571,33.247809],[111.435402,33.2481],[111.434954,33.248358],[111.433986,33.249457],[111.434385,33.249684],[111.434852,33.249769],[111.435547,33.249787],[111.437588,33.24974],[111.438119,33.249675],[111.438832,33.249444],[111.439235,33.249251],[111.439852,33.248109],[111.439937,33.247797],[111.439658,33.247138],[111.438921,33.245756],[111.438655,33.245274],[111.438135,33.244536],[111.437625,33.243383],[111.437368,33.243033],[111.435579,33.242932],[111.433994,33.242701],[111.43313,33.242398],[111.431923,33.242201],[111.430821,33.241851],[111.430566,33.240958],[111.430268,33.240343],[111.430346,33.23996],[111.430829,33.238871],[111.43111,33.237965],[111.431722,33.237512],[111.432709,33.237182],[111.433355,33.236852],[111.433884,33.236693],[111.434431,33.236644],[111.435498,33.236677],[111.435895,33.236772],[111.436467,33.237326],[111.43773,33.237992],[111.43824,33.238091],[111.438827,33.238017],[111.439272,33.237833],[111.43942,33.237539],[111.439618,33.236805],[111.439809,33.235915],[111.439994,33.235504],[111.440621,33.23486],[111.440916,33.234618],[111.441265,33.234461],[111.441901,33.234281],[111.4423,33.234124],[111.44296,33.233781],[111.444009,33.233155],[111.445036,33.231206],[111.445929,33.230144],[111.446745,33.229586],[111.448303,33.228823],[111.44862,33.228794],[111.449996,33.228839],[111.450658,33.228742],[111.451948,33.2278],[111.45241,33.22767],[111.453705,33.22747],[111.454432,33.227429],[111.45555,33.227147],[111.456669,33.226779],[111.457374,33.226507],[111.460373,33.225605],[111.462058,33.225329],[111.462401,33.224598],[111.462602,33.224241],[111.463176,33.223925],[111.465759,33.224192],[111.465998,33.223438],[111.465968,33.222798],[111.466035,33.221605],[111.46706,33.218654],[111.467567,33.217905],[111.468302,33.217258],[111.469739,33.215703],[111.470099,33.215474],[111.470324,33.21529],[111.470506,33.214662],[111.470549,33.214321],[111.470675,33.213872],[111.471078,33.213313],[111.472312,33.212234],[111.472639,33.211848],[111.473226,33.211325],[111.474168,33.210825],[111.474876,33.210389],[111.4753,33.210347],[111.475927,33.210457],[111.476952,33.210809],[111.47741,33.211054],[111.477577,33.211929],[111.477872,33.212315],[111.478183,33.213248],[111.478663,33.214103],[111.478921,33.214316],[111.479452,33.214514],[111.480246,33.214494],[111.480712,33.214296],[111.4809,33.213931],[111.480876,33.213623],[111.480543,33.212865],[111.480471,33.212571],[111.480498,33.212028],[111.480608,33.211624],[111.481305,33.210419],[111.481844,33.210295],[111.483977,33.210163],[111.484601,33.208188],[111.485779,33.206354],[111.486576,33.204833],[111.486694,33.203946],[111.486543,33.202871],[111.486214,33.202194],[111.485294,33.200822],[111.484854,33.199473],[111.484792,33.198071],[111.48528,33.196304],[111.484148,33.196286],[111.482673,33.196107],[111.480889,33.196143],[111.480637,33.196241],[111.476957,33.197328],[111.476708,33.197435],[111.476552,33.197577],[111.476045,33.198212],[111.475756,33.198634],[111.475294,33.199074],[111.475367,33.199274],[111.475257,33.199985],[111.475208,33.200205],[111.475128,33.200328],[111.475013,33.200425],[111.474876,33.200497],[111.474152,33.200542],[111.472049,33.200369],[111.471738,33.200369],[111.471362,33.200438],[111.471239,33.20051],[111.470726,33.200982],[111.470338,33.20124],[111.470214,33.201383],[111.470091,33.201608],[111.469597,33.202095],[111.469004,33.201383],[111.468551,33.201017],[111.468444,33.200966],[111.468165,33.200995],[111.46802,33.201101],[111.467832,33.20137],[111.46773,33.201704],[111.467586,33.201868],[111.467481,33.201884],[111.467323,33.201848],[111.467183,33.201781],[111.466939,33.201583],[111.466706,33.201307],[111.46648,33.200896],[111.466344,33.200732],[111.466204,33.200622],[111.465982,33.200501],[111.464812,33.200126],[111.464442,33.19994],[111.464394,33.199886],[111.464345,33.199808],[111.464335,33.199696],[111.464386,33.199464],[111.464673,33.199164],[111.465201,33.198766],[111.465303,33.198629],[111.465351,33.198511],[111.4653,33.198219],[111.46519,33.19803],[111.46475,33.19746],[111.464485,33.196984],[111.464391,33.196874],[111.464227,33.196782],[111.463938,33.196722],[111.463031,33.196607],[111.4629,33.195831],[111.462766,33.195413],[111.462551,33.194996],[111.462015,33.194246],[111.461921,33.194037],[111.461846,33.193766],[111.461819,33.193503],[111.461851,33.193243],[111.461894,33.193162],[111.461972,33.193108],[111.462135,33.193074],[111.462691,33.193101],[111.462897,33.193081],[111.462916,33.192913],[111.462884,33.192403],[111.462948,33.192174],[111.463431,33.191555],[111.463635,33.191337],[111.463983,33.191048],[111.464525,33.190468],[111.46485,33.190255],[111.465759,33.189921],[111.467258,33.189232],[111.469047,33.18817],[111.470101,33.187321],[111.470182,33.18716],[111.470622,33.186736],[111.471072,33.186374],[111.471255,33.186183],[111.471397,33.185849],[111.471384,33.18531],[111.471207,33.184536],[111.471008,33.183925],[111.470743,33.182529],[111.470517,33.181898],[111.469852,33.180942],[111.469632,33.18049],[111.469549,33.180008],[111.469468,33.17979],[111.469431,33.179581],[111.469428,33.179081],[111.469353,33.178279],[111.469208,33.177422],[111.469114,33.177071],[111.469004,33.176286],[111.469053,33.176198],[111.469246,33.176086],[111.469664,33.175927],[111.470289,33.175769],[111.470582,33.175745],[111.470804,33.175951],[111.47144,33.176899],[111.471713,33.177004],[111.471837,33.177325],[111.472118,33.177792],[111.472687,33.178333],[111.472963,33.17847],[111.473521,33.178643],[111.474213,33.178755],[111.474495,33.178766],[111.474634,33.178717],[111.474715,33.17865],[111.474895,33.178196],[111.475262,33.177783],[111.475136,33.177709],[111.474924,33.177514],[111.474557,33.177047],[111.473183,33.175709],[111.47306,33.17548],[111.472802,33.174593],[111.472655,33.174288],[111.472301,33.173958],[111.47185,33.173666],[111.471499,33.173482],[111.471156,33.173396],[111.470429,33.173145],[111.470313,33.173172],[111.470147,33.173354],[111.469718,33.174357],[111.469651,33.17444],[111.469533,33.174508],[111.468763,33.174633],[111.46853,33.173778],[111.468184,33.172691],[111.468363,33.172554],[111.468573,33.172474],[111.469345,33.172256],[111.469536,33.172132],[111.469621,33.171984],[111.469699,33.171969],[111.469774,33.172],[111.469847,33.172128],[111.470002,33.172296],[111.470112,33.172366],[111.470268,33.172386],[111.470453,33.172339],[111.470557,33.172193],[111.470592,33.171782],[111.470625,33.171663],[111.470708,33.171542],[111.47074,33.171344],[111.470651,33.171232],[111.470123,33.170761],[111.469983,33.170702],[111.469855,33.170716],[111.469179,33.171396],[111.468809,33.171713],[111.468205,33.172105],[111.468004,33.17218],[111.46743,33.170949],[111.467132,33.170451],[111.465772,33.168405],[111.46489,33.167204],[111.464705,33.167123],[111.463903,33.166966],[111.463675,33.166879],[111.46349,33.166742],[111.462779,33.165841],[111.462117,33.165267],[111.461631,33.164797],[111.461113,33.164164],[111.460134,33.16306],[111.459375,33.162384],[111.458724,33.161492],[111.458139,33.160621],[111.457914,33.160401],[111.456985,33.158888],[111.456806,33.158659],[111.456465,33.158117],[111.455998,33.157529],[111.455733,33.157111],[111.454995,33.155697],[111.454928,33.155407],[111.452874,33.155481],[111.452691,33.155382],[111.452168,33.154805],[111.452149,33.154682],[111.452195,33.154412],[111.451844,33.15404],[111.451683,33.153941],[111.451331,33.153968],[111.449719,33.153617],[111.449368,33.153458],[111.448735,33.153101],[111.44866,33.15318],[111.448622,33.153456],[111.448652,33.153662],[111.447826,33.153692],[111.447477,33.153889],[111.44741,33.15388],[111.447069,33.153606],[111.446954,33.153707],[111.446879,33.153732],[111.44649,33.153653],[111.444985,33.154897],[111.444076,33.155504],[111.442754,33.15624],[111.442826,33.156555],[111.442797,33.156972],[111.442939,33.157646],[111.442888,33.158342],[111.44277,33.158699],[111.442657,33.158908],[111.442507,33.159063],[111.442236,33.1592],[111.442182,33.159283],[111.442185,33.159368],[111.4424,33.159799],[111.44255,33.160028],[111.442727,33.160538],[111.442947,33.161039],[111.443309,33.162359],[111.442456,33.162777],[111.442193,33.162709],[111.442048,33.162599],[111.440814,33.162918],[111.441,33.163713],[111.440895,33.163823],[111.43987,33.164285],[111.439184,33.164447],[111.438728,33.16451],[111.438272,33.164506],[111.438181,33.164544],[111.438116,33.164636],[111.4381,33.164721],[111.438191,33.165249],[111.43843,33.165907],[111.438569,33.166742],[111.4385,33.166892],[111.43817,33.167202],[111.438065,33.167357],[111.438081,33.167462],[111.438513,33.16797],[111.439337,33.168697],[111.43961,33.169012],[111.439766,33.169313],[111.439852,33.169613],[111.439927,33.170071],[111.438991,33.170089],[111.438937,33.170172],[111.438988,33.170285],[111.439355,33.170348],[111.439471,33.170404],[111.439645,33.170577],[111.439755,33.170729],[111.43979,33.170844],[111.439793,33.171302],[111.439441,33.171055],[111.439135,33.170886],[111.438532,33.170617],[111.438312,33.17059],[111.438138,33.1705],[111.438073,33.170561],[111.438046,33.171232],[111.438073,33.171385],[111.438215,33.171524],[111.438374,33.17154],[111.438899,33.171499],[111.438961,33.171519],[111.438985,33.171573],[111.438985,33.171643],[111.438832,33.171942],[111.438784,33.172137],[111.438773,33.172254],[111.438816,33.172397],[111.438014,33.172658],[111.437389,33.172959],[111.436847,33.173513],[111.435646,33.173226],[111.435646,33.17301],[111.435842,33.172126],[111.435858,33.171715],[111.435893,33.171569],[111.435978,33.171376],[111.436536,33.170922],[111.436536,33.17074],[111.436493,33.170639],[111.436354,33.170505],[111.436029,33.170303],[111.435729,33.17026],[111.435005,33.170253],[111.434704,33.170296],[111.434605,33.17013],[111.434256,33.169748],[111.433846,33.169476],[111.433197,33.169301],[111.432521,33.169203],[111.432078,33.169093],[111.431606,33.16883],[111.431287,33.168626],[111.430464,33.167788],[111.430391,33.167788],[111.430067,33.167918],[111.429345,33.168446],[111.429136,33.168531],[111.42897,33.16854],[111.428101,33.168421],[111.427428,33.168399],[111.42735,33.168291],[111.427382,33.168244],[111.427487,33.168206],[111.427731,33.168244],[111.428495,33.168181],[111.428608,33.168138],[111.428508,33.168033],[111.428345,33.16795],[111.427747,33.167721],[111.426006,33.167164],[111.425655,33.167117],[111.424515,33.166847],[111.424281,33.166742],[111.423951,33.166531],[111.422055,33.165871],[111.421602,33.16577],[111.420808,33.165514],[111.420819,33.16544],[111.421028,33.165318],[111.422436,33.164878],[111.423249,33.164699],[111.423766,33.164539],[111.424238,33.164178],[111.424721,33.163749],[111.424917,33.163479],[111.424609,33.163295],[111.424091,33.163057],[111.423957,33.163104],[111.423214,33.16383],[111.422983,33.164014],[111.422224,33.164324],[111.421773,33.164371],[111.419518,33.165092],[111.419365,33.165092],[111.419177,33.165008],[111.418016,33.164411],[111.41731,33.164191],[111.416803,33.16409],[111.416342,33.164175],[111.416034,33.164353],[111.415862,33.165011],[111.415808,33.165336],[111.41561,33.165754],[111.415478,33.165875],[111.415009,33.1661],[111.414338,33.166742],[111.41425,33.166872],[111.414151,33.167164],[111.414073,33.167294],[111.412989,33.167555],[111.412788,33.167644],[111.412579,33.167786],[111.41245,33.167921],[111.412032,33.168462],[111.411348,33.169207],[111.411243,33.169277],[111.410801,33.169445],[111.409703,33.169723],[111.409398,33.169849],[111.40859,33.170406],[111.407239,33.171225],[111.40675,33.171612],[111.40623,33.172083],[111.406058,33.172126],[111.405246,33.172182],[111.404975,33.172278],[111.404731,33.17242],[111.404559,33.17257],[111.40398,33.173298],[111.403851,33.173697],[111.4038,33.174081],[111.403017,33.174377],[111.402486,33.174508],[111.402124,33.174544],[111.40119,33.174521],[111.400745,33.174615],[111.400662,33.174597],[111.400509,33.173976],[111.400241,33.173264],[111.399905,33.17266],[111.399817,33.172568],[111.399254,33.172523],[111.3985,33.172543],[111.398116,33.172501],[111.397805,33.172402],[111.397078,33.172043],[111.39681,33.171969],[111.396542,33.171962],[111.396078,33.172103],[111.395386,33.17242],[111.394313,33.173051],[111.393245,33.173392],[111.392645,33.173634],[111.392435,33.173668],[111.392336,33.17314],[111.392331,33.17286],[111.392379,33.172375],[111.392299,33.171928],[111.3921,33.171511],[111.391623,33.170815],[111.391346,33.170334],[111.391199,33.169988],[111.391186,33.169831],[111.391295,33.169568],[111.391478,33.169279],[111.391542,33.168967],[111.391625,33.168843],[111.391939,33.168628],[111.392677,33.16834],[111.392865,33.168194],[111.393157,33.167727],[111.393578,33.166742],[111.393929,33.166497],[111.394297,33.166165],[111.394361,33.166057],[111.394149,33.165444],[111.39386,33.165062],[111.393254,33.164503],[111.392897,33.164281],[111.392548,33.163996],[111.39243,33.163758],[111.392277,33.162687],[111.39228,33.162476],[111.392344,33.162381],[111.392556,33.162251],[111.393774,33.161292],[111.394587,33.160837],[111.394801,33.16067],[111.395069,33.160385],[111.395107,33.160228],[111.395053,33.160172],[111.394766,33.160051],[111.394418,33.160026],[111.393881,33.160062],[111.393675,33.160001],[111.393516,33.159882],[111.39302,33.15913],[111.392484,33.15865],[111.391859,33.158313],[111.391518,33.157909],[111.390451,33.157376],[111.390164,33.15728],[111.389512,33.156963],[111.389472,33.156833],[111.389472,33.156635],[111.389509,33.156494],[111.389705,33.156251],[111.390166,33.156074],[111.390263,33.156],[111.390158,33.155867],[111.389984,33.154983],[111.389903,33.153954],[111.389772,33.153649],[111.388198,33.154318],[111.387326,33.154846],[111.386878,33.154978],[111.385395,33.155647],[111.384241,33.156211],[111.383109,33.156548],[111.38286,33.156802],[111.38209,33.157235],[111.381758,33.157341],[111.380886,33.157754],[111.380669,33.157938],[111.380564,33.157983],[111.380492,33.158097],[111.380108,33.158405],[111.379765,33.158598],[111.379008,33.158915],[111.378214,33.159126],[111.377337,33.159157],[111.376423,33.159242],[111.376305,33.159085],[111.376213,33.158863],[111.376101,33.158398],[111.37591,33.158257],[111.375602,33.15825],[111.374913,33.15803],[111.374722,33.158023],[111.37444,33.15794],[111.374194,33.157814],[111.373813,33.157531],[111.373561,33.157451],[111.373435,33.157374],[111.373137,33.157051],[111.373022,33.156972],[111.372936,33.156743],[111.372603,33.156532],[111.372619,33.156242],[111.372574,33.155948],[111.37241,33.155728],[111.372217,33.155306],[111.371866,33.155016],[111.371766,33.154875],[111.371691,33.154837],[111.371219,33.154781],[111.370991,33.154718],[111.370637,33.154711],[111.370457,33.154738],[111.370095,33.15487],[111.369554,33.154918],[111.36862,33.154536],[111.367687,33.154298],[111.367491,33.154273],[111.367359,33.154291],[111.367231,33.154361],[111.367051,33.155007],[111.367043,33.155144],[111.367091,33.155378],[111.367056,33.156456],[111.366844,33.156489],[111.366394,33.156386],[111.366295,33.156308],[111.366332,33.156074],[111.366305,33.154837],[111.366434,33.154226],[111.365817,33.154004],[111.365345,33.153977],[111.365045,33.153898],[111.364621,33.153867],[111.364264,33.153784],[111.363384,33.153864],[111.36277,33.154186],[111.362542,33.154273],[111.362092,33.154302],[111.361727,33.154374],[111.360938,33.154343],[111.360678,33.154219],[111.360032,33.154062],[111.359978,33.153963],[111.358961,33.153105],[111.358653,33.153004],[111.35831,33.152838],[111.35805,33.152773],[111.357632,33.152569],[111.357414,33.152373],[111.357366,33.152203],[111.357245,33.152046],[111.356623,33.151679],[111.356328,33.15145],[111.35567,33.151033],[111.35548,33.150954],[111.354018,33.149878],[111.35382,33.149784],[111.353492,33.149715],[111.353063,33.149524],[111.352733,33.149445],[111.35257,33.149272],[111.35242,33.148872],[111.352114,33.148533],[111.351862,33.148134],[111.351829,33.147851],[111.351787,33.14777],[111.351312,33.147184],[111.351207,33.147078],[111.35073,33.146813],[111.350526,33.146654],[111.350153,33.146505],[111.349855,33.146348],[111.349807,33.146281],[111.350035,33.146092],[111.350344,33.145935],[111.350572,33.145697],[111.351419,33.14536],[111.351762,33.145153],[111.351929,33.145133],[111.352151,33.145153],[111.352251,33.145196],[111.352361,33.145353],[111.352355,33.145513],[111.352159,33.14598],[111.352149,33.146077],[111.352216,33.14624],[111.35228,33.146292],[111.352382,33.146205],[111.352623,33.145773],[111.3528,33.145549],[111.352817,33.145418],[111.352607,33.144985],[111.352342,33.144644],[111.352125,33.14452],[111.351974,33.144502],[111.351913,33.144451],[111.351913,33.144367],[111.352248,33.143947],[111.352326,33.143779],[111.352363,33.143626],[111.352288,33.14333],[111.352656,33.143108],[111.352674,33.143063],[111.352543,33.142955],[111.352082,33.143251],[111.351626,33.14328],[111.350472,33.142894],[111.350215,33.142782],[111.349863,33.142688],[111.349378,33.142609],[111.349306,33.142672],[111.349263,33.142836],[111.349397,33.142912],[111.3497,33.143],[111.35022,33.143215],[111.350416,33.14326],[111.350853,33.143247],[111.351092,33.143272],[111.351293,33.143429],[111.351331,33.143507],[111.351328,33.143599],[111.351199,33.14399],[111.351151,33.144035],[111.350901,33.144013],[111.350346,33.144055],[111.349214,33.143952],[111.348997,33.143786],[111.348549,33.143231],[111.348404,33.142991],[111.348182,33.142497],[111.347817,33.14211],[111.347398,33.141756],[111.347286,33.141623],[111.346615,33.141232],[111.346556,33.140949],[111.346476,33.140785],[111.346173,33.140296],[111.345856,33.139995],[111.345491,33.140067],[111.344799,33.140143]]]}},{"type":"Feature","properties":{"regionCode":"411326303","sourceCode":"411326303000","name":"大石桥乡","sourceName":"大石桥乡","parentCode":"411326","parentName":"淅川县","regionLevel":"township","regionType":"township","isManagementZone":false,"source":"ruiduobao","sourceVersion":"mixed-legacy~2018-2020","geometryRepaired":false,"match2020":true,"match2023":true},"geometry":{"type":"Polygon","coordinates":[[[111.335986,33.005539],[111.336047,33.004608],[111.335986,33.00385],[111.33586,33.003209],[111.335731,33.00208],[111.335656,33.002188],[111.334628,33.002847],[111.334087,33.003141],[111.33325,33.003742],[111.332689,33.004082],[111.331801,33.004709],[111.330552,33.005397],[111.330074,33.005595],[111.329688,33.005699],[111.329114,33.005908],[111.32792,33.006187],[111.327365,33.006385],[111.326493,33.00661],[111.325455,33.006837],[111.324854,33.006914],[111.322618,33.007453],[111.32214,33.007606],[111.320088,33.008128],[111.319192,33.008463],[111.318463,33.008693],[111.317961,33.008803],[111.317213,33.009044],[111.316271,33.009428],[111.315105,33.009964],[111.314453,33.010166],[111.313613,33.010492],[111.313291,33.010587],[111.31287,33.010625],[111.312476,33.010735],[111.311183,33.011279],[111.310531,33.011592],[111.309633,33.01208],[111.308919,33.01257],[111.308541,33.01278],[111.306543,33.013713],[111.305489,33.01439],[111.30506,33.014592],[111.304912,33.014716],[111.304526,33.014934],[111.304097,33.015267],[111.303721,33.015485],[111.30249,33.016389],[111.301806,33.016742],[111.30076,33.01735],[111.300457,33.017451],[111.299714,33.017876],[111.299569,33.017995],[111.299459,33.01815],[111.297973,33.019174],[111.29737,33.019686],[111.29704,33.01988],[111.295106,33.02165],[111.294366,33.022651],[111.293132,33.024083],[111.292244,33.024985],[111.291879,33.02572],[111.291603,33.026186],[111.291284,33.026456],[111.291045,33.026813],[111.29057,33.027364],[111.290241,33.027643],[111.289626,33.028001],[111.289406,33.028064],[111.288883,33.028342],[111.288379,33.028552],[111.286432,33.029145],[111.286067,33.029231],[111.285222,33.029325],[111.28457,33.029474],[111.282945,33.029665],[111.281749,33.029642],[111.279627,33.029725],[111.278747,33.029788],[111.27746,33.029986],[111.277092,33.030072],[111.276323,33.030321],[111.275864,33.030524],[111.275598,33.030724],[111.275049,33.031237],[111.274745,33.031601],[111.274236,33.032561],[111.273925,33.032925],[111.273697,33.033809],[111.273699,33.034922],[111.27352,33.036006],[111.273364,33.036433],[111.273056,33.037029],[111.272495,33.037805],[111.27212,33.038191],[111.272077,33.038378],[111.2718,33.038711],[111.271041,33.039356],[111.270481,33.039711],[111.269555,33.04017],[111.268104,33.040692],[111.268002,33.040777],[111.267195,33.041119],[111.265017,33.041776],[111.262845,33.042018],[111.261267,33.042281],[111.260546,33.042457],[111.259765,33.042587],[111.25829,33.042978],[111.256681,33.043516],[111.255176,33.043905],[111.253588,33.044507],[111.252896,33.044786],[111.252628,33.045018],[111.252062,33.045638],[111.25181,33.045852],[111.251316,33.04618],[111.25085,33.046697],[111.250461,33.047007],[111.24725,33.049002],[111.245265,33.050119],[111.244943,33.050371],[111.244015,33.050836],[111.24368,33.051072],[111.243007,33.051331],[111.241727,33.0519],[111.240869,33.052349],[111.239641,33.052779],[111.239032,33.05292],[111.238613,33.052898],[111.238367,33.052943],[111.23735,33.052967],[111.235837,33.0529],[111.234762,33.053327],[111.234424,33.053653],[111.234043,33.053871],[111.233673,33.054179],[111.23238,33.054928],[111.232195,33.055078],[111.23194,33.055395],[111.230907,33.05618],[111.230425,33.056459],[111.229572,33.05683],[111.22925,33.057162],[111.227968,33.057778],[111.226611,33.058511],[111.226273,33.05874],[111.225556,33.059541],[111.225039,33.059842],[111.224502,33.060211],[111.224218,33.060339],[111.222617,33.061449],[111.221555,33.0622],[111.220125,33.06334],[111.219669,33.063639],[111.218551,33.064473],[111.218226,33.064763],[111.217786,33.065374],[111.217604,33.065518],[111.217472,33.065678],[111.21737,33.06583],[111.217279,33.066055],[111.217081,33.066314],[111.216885,33.066534],[111.216614,33.066745],[111.216163,33.067615],[111.216024,33.068015],[111.2152,33.069933],[111.215093,33.070115],[111.213921,33.072724],[111.213798,33.073165],[111.2138,33.073594],[111.213961,33.074342],[111.214176,33.074893],[111.214256,33.075345],[111.214385,33.075788],[111.214425,33.07608],[111.214693,33.076934],[111.214758,33.077383],[111.21483,33.077599],[111.214865,33.078112],[111.215085,33.078667],[111.215187,33.07939],[111.215281,33.080797],[111.215361,33.081348],[111.215509,33.081701],[111.21578,33.082195],[111.216048,33.082487],[111.216308,33.082647],[111.216536,33.082719],[111.217027,33.082975],[111.217644,33.083245],[111.218017,33.083332],[111.218339,33.083562],[111.219403,33.083905],[111.221211,33.084245],[111.222053,33.084443],[111.222287,33.08455],[111.222469,33.084753],[111.222965,33.08587],[111.223065,33.086503],[111.223132,33.087434],[111.223134,33.089153],[111.223193,33.090436],[111.223424,33.091542],[111.223853,33.093027],[111.224054,33.093398],[111.224344,33.093759],[111.224545,33.094139],[111.225237,33.09586],[111.225514,33.096447],[111.225669,33.096705],[111.226034,33.098197],[111.226066,33.098676],[111.226023,33.098889],[111.2259,33.099188],[111.225688,33.099496],[111.225028,33.100175],[111.223977,33.100981],[111.222673,33.101835],[111.221386,33.102619],[111.220066,33.103363],[111.218607,33.104134],[111.217486,33.104922],[111.216413,33.105731],[111.214369,33.107353],[111.213199,33.108214],[111.212636,33.108767],[111.212615,33.108944],[111.212502,33.109043],[111.212636,33.109328],[111.212666,33.109519],[111.212738,33.109616],[111.213006,33.109769],[111.213674,33.110013],[111.213883,33.110391],[111.214093,33.110627],[111.214138,33.110789],[111.214334,33.110946],[111.214385,33.111036],[111.21439,33.111182],[111.214074,33.111582],[111.214074,33.111743],[111.214503,33.11257],[111.214584,33.112864],[111.214634,33.113237],[111.214771,33.113613],[111.214774,33.114354],[111.214712,33.114709],[111.214755,33.11547],[111.215117,33.115947],[111.215168,33.116066],[111.215168,33.116223],[111.215107,33.116351],[111.214935,33.116553],[111.214849,33.117088],[111.214983,33.117214],[111.215259,33.117616],[111.215273,33.117845],[111.215219,33.117937],[111.214669,33.11838],[111.214476,33.118652],[111.213529,33.119051],[111.213234,33.119047],[111.213014,33.119092],[111.212298,33.119896],[111.212111,33.120004],[111.211706,33.12033],[111.211874,33.120491],[111.212135,33.120864],[111.211958,33.121129],[111.211963,33.121255],[111.212049,33.121331],[111.212333,33.121291],[111.212373,33.121352],[111.212392,33.121725],[111.212349,33.12208],[111.212089,33.122497],[111.211818,33.123016],[111.211695,33.123225],[111.211351,33.123542],[111.210963,33.123767],[111.210667,33.12356],[111.210155,33.123425],[111.209672,33.123421],[111.209412,33.122922],[111.20923,33.122819],[111.209286,33.122605],[111.209364,33.122491],[111.210061,33.122214],[111.210171,33.122095],[111.21019,33.121612],[111.210136,33.121531],[111.209694,33.121257],[111.209485,33.121051],[111.20942,33.120941],[111.209061,33.120826],[111.208892,33.120898],[111.208337,33.12201],[111.20798,33.122886],[111.207956,33.123183],[111.208079,33.123499],[111.208693,33.124456],[111.208844,33.124602],[111.208844,33.124663],[111.208766,33.124728],[111.20805,33.12473],[111.205767,33.124869],[111.205249,33.125081],[111.205316,33.12548],[111.205362,33.125552],[111.205523,33.125622],[111.205713,33.125638],[111.207502,33.125573],[111.207607,33.125595],[111.208023,33.126094],[111.208146,33.126428],[111.208326,33.126705],[111.208543,33.12688],[111.20876,33.126965],[111.20942,33.127084],[111.209506,33.127123],[111.209629,33.127464],[111.209611,33.127599],[111.209487,33.127774],[111.209506,33.127877],[111.209554,33.127924],[111.210657,33.12785],[111.211174,33.12774],[111.211676,33.127769],[111.212242,33.128055],[111.213808,33.12852],[111.214854,33.128677],[111.215099,33.128749],[111.215949,33.129126],[111.216177,33.129333],[111.216308,33.129499],[111.216432,33.130085],[111.21645,33.130317],[111.216415,33.130539],[111.216528,33.131062],[111.216474,33.131736],[111.216842,33.131759],[111.216917,33.131727],[111.217378,33.131806],[111.217483,33.13175],[111.217633,33.131521],[111.21769,33.13148],[111.218207,33.131478],[111.218424,33.131543],[111.218642,33.131788],[111.218483,33.132367],[111.218513,33.132486],[111.219079,33.132421],[111.219417,33.132309],[111.219473,33.132325],[111.219521,33.132572],[111.219484,33.132635],[111.219229,33.132826],[111.218693,33.132819],[111.2184,33.132843],[111.218325,33.132882],[111.218373,33.133066],[111.218685,33.133041],[111.218947,33.133073],[111.218958,33.133207],[111.218891,33.133398],[111.218966,33.133549],[111.218931,33.133922],[111.218781,33.134025],[111.218687,33.134191],[111.218886,33.134602],[111.219028,33.134683],[111.219658,33.134831],[111.219677,33.134894],[111.219639,33.135094],[111.219471,33.135348],[111.219208,33.135561],[111.219106,33.135602],[111.218773,33.135548],[111.218577,33.135626],[111.219079,33.136213],[111.219277,33.136379],[111.219551,33.136538],[111.219825,33.136752],[111.220814,33.137407],[111.221061,33.137693],[111.22127,33.137843],[111.221544,33.138279],[111.221724,33.138827],[111.221839,33.139031],[111.221914,33.139072],[111.222177,33.139],[111.222818,33.138609],[111.224119,33.138337],[111.224202,33.138337],[111.224296,33.138393],[111.224344,33.138472],[111.224835,33.138128],[111.225044,33.137906],[111.225143,33.137848],[111.225221,33.137859],[111.225696,33.138101],[111.225967,33.138171],[111.22605,33.138247],[111.226181,33.138593],[111.226195,33.138751],[111.226128,33.13922],[111.225935,33.139568],[111.225927,33.139701],[111.225975,33.139874],[111.226147,33.140244],[111.226168,33.140428],[111.226224,33.14055],[111.226404,33.140669],[111.227458,33.140669],[111.227914,33.140826],[111.228169,33.140974],[111.228193,33.141239],[111.22815,33.141816],[111.228067,33.141964],[111.227678,33.142216],[111.227268,33.142398],[111.227477,33.142802],[111.227474,33.143092],[111.227525,33.143249],[111.227598,33.143276],[111.227839,33.143193],[111.228236,33.143377],[111.228662,33.143465],[111.229065,33.143458],[111.229357,33.143415],[111.229582,33.143521],[111.22988,33.143554],[111.230006,33.143615],[111.230784,33.143741],[111.231516,33.144199],[111.231717,33.144462],[111.231862,33.144765],[111.232031,33.144978],[111.232085,33.145145],[111.232085,33.145308],[111.232053,33.145376],[111.231736,33.145502],[111.231495,33.145645],[111.231307,33.145787],[111.231202,33.145953],[111.231194,33.146867],[111.231369,33.14761],[111.231498,33.148585],[111.231455,33.148616],[111.231162,33.148621],[111.231219,33.14916],[111.231355,33.149724],[111.231685,33.149822],[111.231782,33.149953],[111.231806,33.150054],[111.231801,33.150101],[111.231272,33.150364],[111.230854,33.150617],[111.230907,33.150961],[111.230875,33.151143],[111.230881,33.151482],[111.230996,33.15179],[111.230991,33.152239],[111.231039,33.152299],[111.231101,33.152324],[111.231219,33.152308],[111.231414,33.152203],[111.232069,33.15196],[111.232933,33.151832],[111.233407,33.151891],[111.233606,33.15201],[111.234314,33.152706],[111.234837,33.152915],[111.234882,33.152897],[111.234955,33.15262],[111.235038,33.152553],[111.235714,33.152753],[111.236084,33.152791],[111.236261,33.152782],[111.237114,33.152587],[111.237876,33.152526],[111.238777,33.152926],[111.239732,33.153797],[111.239783,33.153793],[111.240107,33.153456],[111.240233,33.153242],[111.240373,33.153168],[111.240708,33.153552],[111.240794,33.153696],[111.240952,33.153817],[111.241435,33.154675],[111.241736,33.154653],[111.242159,33.154776],[111.242216,33.154709],[111.242521,33.153781],[111.242709,33.153451],[111.243275,33.15344],[111.243667,33.15366],[111.243919,33.154125],[111.244037,33.154426],[111.244107,33.154718],[111.244056,33.154745],[111.2436,33.154736],[111.24316,33.154945],[111.243026,33.155084],[111.242851,33.15538],[111.24258,33.155973],[111.242489,33.156339],[111.242757,33.156633],[111.242996,33.156826],[111.243157,33.156907],[111.243814,33.157118],[111.244187,33.157147],[111.24504,33.157058],[111.245823,33.157044],[111.246416,33.15697],[111.247711,33.156961],[111.247982,33.156934],[111.248007,33.156903],[111.248465,33.156905],[111.249157,33.156754],[111.250257,33.156692],[111.250611,33.156602],[111.251228,33.156323],[111.252408,33.15622],[111.253296,33.156092],[111.253859,33.155957],[111.254184,33.15596],[111.25479,33.156162],[111.25535,33.156474],[111.256252,33.157421],[111.256474,33.157612],[111.256973,33.158212],[111.257083,33.158436],[111.257209,33.159036],[111.257225,33.159492],[111.257029,33.160417],[111.256863,33.160736],[111.256812,33.161007],[111.256718,33.161248],[111.256174,33.161764],[111.25623,33.162209],[111.25616,33.162709],[111.256284,33.163217],[111.256297,33.163574],[111.256246,33.163798],[111.255965,33.164101],[111.25575,33.164607],[111.255307,33.165264],[111.255101,33.165745],[111.254908,33.165996],[111.254868,33.166322],[111.254988,33.166744],[111.255383,33.167016],[111.255844,33.167191],[111.256254,33.167393],[111.256852,33.167972],[111.257003,33.168053],[111.257703,33.168278],[111.258403,33.168432],[111.25921,33.168509],[111.259728,33.168358],[111.260157,33.168176],[111.260659,33.168026],[111.261428,33.167878],[111.263445,33.167914],[111.264092,33.167739],[111.264709,33.167433],[111.265245,33.167119],[111.266109,33.166805],[111.267434,33.166093],[111.268182,33.165783],[111.269317,33.165435],[111.270065,33.165145],[111.271476,33.164883],[111.272755,33.164409],[111.273962,33.164088],[111.275062,33.163904],[111.275853,33.163978],[111.276805,33.164157],[111.278133,33.164021],[111.279286,33.163958],[111.280051,33.163848],[111.280799,33.163324],[111.281631,33.16246],[111.282022,33.162002],[111.282505,33.161234],[111.283149,33.160466],[111.283701,33.159882],[111.284176,33.15944],[111.284412,33.15933],[111.285844,33.158867],[111.286807,33.158432],[111.286984,33.158272],[111.287081,33.157951],[111.287169,33.157477],[111.288084,33.155713],[111.288347,33.155448],[111.289245,33.155043],[111.289578,33.154846],[111.289707,33.154707],[111.290388,33.153269],[111.290546,33.153072],[111.290997,33.152769],[111.291244,33.152571],[111.29137,33.152414],[111.291413,33.151983],[111.291485,33.151886],[111.291788,33.151709],[111.291866,33.151581],[111.291909,33.151421],[111.292649,33.150867],[111.293017,33.150698],[111.293135,33.150676],[111.293221,33.15099],[111.29318,33.151073],[111.292781,33.151383],[111.292727,33.151457],[111.292813,33.151621],[111.293129,33.151729],[111.293532,33.151614],[111.293733,33.151596],[111.293972,33.151623],[111.29424,33.151774],[111.294293,33.151839],[111.294331,33.152117],[111.294816,33.151745],[111.295565,33.151379],[111.296614,33.151105],[111.297002,33.151075],[111.297525,33.151107],[111.297614,33.151141],[111.297662,33.151403],[111.298352,33.152427],[111.298443,33.152506],[111.298893,33.152643],[111.299505,33.152903],[111.300476,33.152928],[111.301203,33.15302],[111.302442,33.153249],[111.30296,33.153424],[111.303536,33.152084],[111.303743,33.151727],[111.304102,33.151367],[111.304472,33.151174],[111.304928,33.150999],[111.305494,33.150905],[111.306033,33.150653],[111.306355,33.150397],[111.306747,33.150006],[111.307002,33.149807],[111.30735,33.149629],[111.307498,33.149497],[111.307629,33.149218],[111.307452,33.149151],[111.30712,33.149095],[111.306996,33.149003],[111.306913,33.148747],[111.306911,33.148464],[111.306666,33.148024],[111.306374,33.147671],[111.305041,33.146696],[111.304582,33.146306],[111.304263,33.145814],[111.304065,33.144942],[111.304051,33.144284],[111.304145,33.14355],[111.304279,33.143175],[111.305025,33.141926],[111.3054,33.141497],[111.305481,33.141356],[111.306664,33.140325],[111.306991,33.14013],[111.307611,33.139894],[111.308335,33.139557],[111.308541,33.139543],[111.308858,33.139449],[111.30978,33.138955],[111.31029,33.138757],[111.310502,33.138694],[111.311065,33.138694],[111.311331,33.138656],[111.311639,33.13845],[111.311881,33.138191],[111.311977,33.137922],[111.311975,33.137798],[111.312141,33.137583],[111.312412,33.136996],[111.312197,33.13646],[111.312076,33.136266],[111.312017,33.136037],[111.311972,33.135366],[111.311886,33.13517],[111.311744,33.134959],[111.311548,33.134773],[111.311476,33.134571],[111.311567,33.13431],[111.312055,33.133374],[111.3122,33.133194],[111.312846,33.132608],[111.313715,33.132309],[111.313967,33.132161],[111.314268,33.131878],[111.314531,33.131428],[111.315134,33.131166],[111.315561,33.130692],[111.316089,33.13029],[111.316312,33.130166],[111.316819,33.130013],[111.317202,33.129849],[111.317535,33.129539],[111.317591,33.129351],[111.317529,33.129137],[111.317529,33.128933],[111.317438,33.128259],[111.317438,33.127897],[111.31702,33.127188],[111.316829,33.126619],[111.316821,33.126386],[111.316907,33.126125],[111.317001,33.12595],[111.316939,33.125683],[111.316896,33.125258],[111.316961,33.125078],[111.31724,33.124813],[111.317358,33.124436],[111.317505,33.12427],[111.317661,33.124014],[111.31768,33.123753],[111.317621,33.123576],[111.317653,33.123171],[111.31772,33.123072],[111.317722,33.122947],[111.317615,33.122816],[111.317604,33.122682],[111.317669,33.122495],[111.31779,33.122408],[111.318149,33.1223],[111.318205,33.122226],[111.318747,33.122014],[111.319133,33.122028],[111.319235,33.121974],[111.319251,33.121893],[111.319195,33.121781],[111.319007,33.121657],[111.31882,33.121823],[111.318546,33.121844],[111.318347,33.121691],[111.318299,33.121588],[111.318211,33.121597],[111.317814,33.121747],[111.317655,33.121884],[111.317368,33.122288],[111.317245,33.122277],[111.317127,33.122248],[111.316794,33.122037],[111.316625,33.121882],[111.316824,33.121601],[111.31736,33.121203],[111.318095,33.120765],[111.31828,33.120597],[111.319155,33.120568],[111.319447,33.120521],[111.319638,33.120406],[111.319764,33.120267],[111.320005,33.119638],[111.320617,33.118874],[111.320812,33.118672],[111.321217,33.118344],[111.32162,33.118146],[111.322086,33.118011],[111.322441,33.117861],[111.322623,33.117726],[111.322872,33.117472],[111.323017,33.117232],[111.323216,33.117113],[111.324248,33.116726],[111.32475,33.11645],[111.325973,33.11561],[111.326198,33.115125],[111.326351,33.114895],[111.326426,33.114835],[111.326606,33.114374],[111.326737,33.113815],[111.326772,33.113781],[111.32692,33.113864],[111.327067,33.113842],[111.327274,33.113756],[111.327711,33.113305],[111.327786,33.113105],[111.327789,33.112997],[111.327875,33.112833],[111.328159,33.112624],[111.32828,33.112458],[111.328347,33.112184],[111.328593,33.111815],[111.328939,33.111604],[111.32909,33.111593],[111.329221,33.111651],[111.329935,33.112244],[111.330144,33.112361],[111.330324,33.112357],[111.330415,33.112285],[111.33046,33.112155],[111.330463,33.111876],[111.330871,33.111384],[111.331273,33.110476],[111.331576,33.109991],[111.331697,33.109894],[111.331839,33.109856],[111.332005,33.109852],[111.332078,33.10989],[111.332341,33.110458],[111.332496,33.110586],[111.332703,33.11069],[111.332917,33.110719],[111.333067,33.110699],[111.333247,33.110076],[111.333328,33.109948],[111.333885,33.109418],[111.334425,33.109097],[111.334953,33.108522],[111.335017,33.108423],[111.335114,33.107724],[111.335251,33.10745],[111.335492,33.107342],[111.335755,33.107407],[111.336144,33.107715],[111.336637,33.10798],[111.338105,33.108533],[111.338705,33.108605],[111.338928,33.108571],[111.339177,33.108461],[111.339177,33.108369],[111.33884,33.108349],[111.338459,33.108218],[111.337909,33.107953],[111.337726,33.107834],[111.337705,33.107789],[111.337734,33.107648],[111.337895,33.107311],[111.33862,33.106043],[111.338681,33.10585],[111.338376,33.105605],[111.338217,33.105394],[111.337976,33.105185],[111.337756,33.10494],[111.337284,33.104635],[111.336965,33.104183],[111.336898,33.103693],[111.336946,33.103651],[111.337383,33.103682],[111.338013,33.103851],[111.338958,33.10399],[111.339025,33.103821],[111.339105,33.103372],[111.339073,33.10328],[111.339014,33.103233],[111.338984,33.10312],[111.339,33.103022],[111.338968,33.102864],[111.338992,33.102819],[111.339084,33.102759],[111.339556,33.10272],[111.339837,33.102797],[111.340033,33.102898],[111.340277,33.102909],[111.340422,33.102878],[111.340548,33.102538],[111.340913,33.102058],[111.341012,33.10166],[111.341093,33.10146],[111.341227,33.101276],[111.341264,33.101148],[111.341229,33.101038],[111.341085,33.100844],[111.341079,33.100745],[111.341079,33.100665],[111.341275,33.100184],[111.341366,33.099676],[111.341323,33.099224],[111.341235,33.098907],[111.341138,33.098689],[111.34084,33.098294],[111.340755,33.098029],[111.34054,33.097656],[111.339971,33.097126],[111.339325,33.096633],[111.339132,33.096371],[111.339092,33.096222],[111.339113,33.096045],[111.339199,33.095804],[111.339301,33.095198],[111.339191,33.094708],[111.339022,33.094229],[111.338823,33.093879],[111.338687,33.09393],[111.338341,33.094168],[111.337144,33.095121],[111.337024,33.095171],[111.336678,33.095144],[111.336552,33.09518],[111.336399,33.095296],[111.33623,33.09549],[111.336157,33.095472],[111.335801,33.095096],[111.335165,33.094593],[111.333564,33.093533],[111.3331,33.093285],[111.333065,33.0932],[111.333427,33.092292],[111.333698,33.091243],[111.33358,33.090557],[111.333419,33.090171],[111.333167,33.089708],[111.333159,33.089573],[111.333057,33.089357],[111.332831,33.088989],[111.33277,33.088386],[111.332813,33.087973],[111.335492,33.088627],[111.336423,33.088712],[111.337177,33.088721],[111.339384,33.088537],[111.339727,33.088443],[111.34002,33.088288],[111.3401,33.088294],[111.340205,33.08796],[111.340924,33.087202],[111.341326,33.08671],[111.3416,33.086553],[111.341763,33.086375],[111.34197,33.085919],[111.342165,33.085802],[111.34308,33.085411],[111.343185,33.085243],[111.343195,33.085162],[111.343123,33.084991],[111.343123,33.084719],[111.343311,33.083833],[111.343254,33.083173],[111.343295,33.083022],[111.344574,33.081087],[111.3451,33.080952],[111.345301,33.080791],[111.345969,33.080402],[111.346221,33.080193],[111.346393,33.079941],[111.346436,33.079741],[111.346564,33.079489],[111.346664,33.079372],[111.346934,33.079235],[111.347103,33.079049],[111.347602,33.078361],[111.347828,33.077932],[111.348069,33.077581],[111.348096,33.076505],[111.348192,33.07628],[111.348356,33.076017],[111.348482,33.075597],[111.348697,33.075316],[111.349169,33.074938],[111.350019,33.074147],[111.350132,33.073825],[111.350341,33.073486],[111.350389,33.073349],[111.350475,33.072749],[111.350572,33.07234],[111.350684,33.072144],[111.350805,33.072012],[111.351137,33.071791],[111.35128,33.07163],[111.351824,33.07118],[111.351779,33.070877],[111.351642,33.070506],[111.351481,33.07031],[111.351314,33.070276],[111.351213,33.070099],[111.351108,33.069986],[111.350258,33.069647],[111.349161,33.069114],[111.348895,33.069024],[111.348675,33.068894],[111.348501,33.068723],[111.348257,33.0684],[111.348214,33.068287],[111.347881,33.06804],[111.347401,33.067723],[111.346819,33.067456],[111.346473,33.067188],[111.346122,33.066988],[111.345939,33.066837],[111.345288,33.066437],[111.344909,33.066163],[111.344751,33.066033],[111.344317,33.065477],[111.343914,33.064677],[111.343794,33.064061],[111.343745,33.06338],[111.343587,33.062366],[111.3436,33.062137],[111.3437,33.061987],[111.343815,33.06191],[111.34418,33.061804],[111.344971,33.061492],[111.345583,33.061137],[111.345829,33.060842],[111.345966,33.060557],[111.34598,33.060274],[111.345827,33.059476],[111.345204,33.058837],[111.344968,33.05848],[111.344866,33.058255],[111.344746,33.057866],[111.344647,33.057221],[111.344515,33.056648],[111.344464,33.056077],[111.344644,33.054863],[111.344692,33.054017],[111.344824,33.053775],[111.345121,33.052248],[111.345111,33.052095],[111.345212,33.051558],[111.345414,33.050964],[111.345749,33.050276],[111.34573,33.049665],[111.345778,33.048748],[111.345821,33.048595],[111.346014,33.048489],[111.346031,33.048404],[111.346014,33.047819],[111.345988,33.047763],[111.345786,33.04772],[111.345322,33.045508],[111.34528,33.044856],[111.345314,33.044633],[111.345601,33.044202],[111.345647,33.04399],[111.345601,33.043822],[111.345108,33.043255],[111.344759,33.042628],[111.344775,33.042558],[111.345049,33.042486],[111.345183,33.042378],[111.345411,33.042367],[111.345741,33.042403],[111.345792,33.042347],[111.345776,33.042095],[111.345693,33.042077],[111.345435,33.042203],[111.345352,33.042198],[111.345306,33.04216],[111.345365,33.042039],[111.345502,33.041901],[111.345821,33.041836],[111.345819,33.041654],[111.345926,33.041384],[111.346141,33.041353],[111.346275,33.041587],[111.346358,33.04162],[111.346524,33.041605],[111.346578,33.041555],[111.346567,33.04133],[111.346425,33.041189],[111.34632,33.041159],[111.34595,33.041182],[111.345845,33.041061],[111.345636,33.04015],[111.345483,33.039882],[111.345473,33.039786],[111.345591,33.03968],[111.345577,33.039129],[111.345781,33.038695],[111.345862,33.038628],[111.346824,33.038128],[111.346862,33.038093],[111.34691,33.037883],[111.3469,33.037706],[111.346846,33.037488],[111.346776,33.037384],[111.346696,33.037416],[111.346436,33.037638],[111.346165,33.037784],[111.345939,33.037872],[111.345819,33.037879],[111.34566,33.037683],[111.34551,33.037155],[111.345344,33.036759],[111.345014,33.036298],[111.344724,33.035736],[111.344526,33.03552],[111.344107,33.035201],[111.343828,33.03505],[111.343649,33.035133],[111.343426,33.035304],[111.343155,33.035289],[111.342908,33.035212],[111.342675,33.035208],[111.342334,33.035354],[111.341924,33.035457],[111.341723,33.035592],[111.341543,33.035639],[111.341203,33.035907],[111.340961,33.036305],[111.340763,33.036341],[111.340596,33.036321],[111.340537,33.036255],[111.340725,33.035893],[111.340725,33.035862],[111.340647,33.035828],[111.340253,33.035954],[111.339926,33.035945],[111.33962,33.03588],[111.339132,33.036008],[111.338893,33.036105],[111.338671,33.035812],[111.338121,33.034949],[111.338062,33.034686],[111.338544,33.034508],[111.338732,33.034409],[111.338858,33.034274],[111.338936,33.034238],[111.339561,33.034193],[111.34024,33.034038],[111.34032,33.033993],[111.340881,33.033377],[111.341181,33.033179],[111.341425,33.032946],[111.34168,33.032799],[111.341868,33.032736],[111.342002,33.03259],[111.342115,33.032287],[111.34212,33.032048],[111.342174,33.031805],[111.342428,33.031479],[111.342428,33.031421],[111.342163,33.030996],[111.342259,33.030434],[111.342246,33.030238],[111.342171,33.030114],[111.342023,33.029975],[111.34186,33.029525],[111.341766,33.029415],[111.341409,33.029255],[111.341066,33.028936],[111.340688,33.028722],[111.340462,33.028756],[111.340044,33.02897],[111.339786,33.028963],[111.339341,33.028716],[111.338676,33.028405],[111.33852,33.028284],[111.338555,33.02823],[111.338585,33.027969],[111.338641,33.027841],[111.338775,33.027697],[111.338971,33.027587],[111.339285,33.027569],[111.339411,33.027472],[111.339405,33.027366],[111.339304,33.027164],[111.339298,33.027088],[111.339346,33.026721],[111.3394,33.026613],[111.339534,33.026514],[111.340175,33.026343],[111.340084,33.025781],[111.340108,33.025572],[111.340218,33.025507],[111.340545,33.025527],[111.340682,33.025471],[111.340615,33.025196],[111.340449,33.025151],[111.340505,33.02485],[111.340586,33.024675],[111.340516,33.024551],[111.340178,33.024456],[111.339832,33.024306],[111.339424,33.024308],[111.339317,33.024268],[111.339199,33.024144],[111.339076,33.023937],[111.33903,33.023771],[111.338858,33.023636],[111.338735,33.023492],[111.338638,33.023314],[111.338641,33.023267],[111.338778,33.023127],[111.339054,33.022741],[111.339094,33.022435],[111.339159,33.022246],[111.339167,33.021926],[111.339226,33.021771],[111.339282,33.021738],[111.339532,33.021751],[111.339617,33.02172],[111.339768,33.02158],[111.3398,33.021515],[111.339802,33.02131],[111.339931,33.021085],[111.339963,33.02071],[111.340114,33.02057],[111.340191,33.020359],[111.340178,33.020269],[111.339953,33.019772],[111.339861,33.019707],[111.339797,33.019704],[111.33969,33.019731],[111.339601,33.01981],[111.339405,33.019815],[111.339317,33.019704],[111.339287,33.019516],[111.339188,33.019338],[111.338727,33.019108],[111.338593,33.018913],[111.338617,33.018807],[111.339515,33.018499],[111.33955,33.018438],[111.339486,33.018245],[111.338917,33.017042],[111.337818,33.014842],[111.337818,33.01479],[111.337866,33.014752],[111.338767,33.014473],[111.339017,33.014361],[111.339494,33.013861],[111.339698,33.013583],[111.339711,33.013472],[111.339234,33.012073],[111.338992,33.011504],[111.338866,33.011471],[111.338129,33.011689],[111.337973,33.011698],[111.337354,33.010452],[111.336943,33.009352],[111.336753,33.008452],[111.336718,33.007755],[111.336605,33.007159],[111.335986,33.005539]]]}},{"type":"Feature","properties":{"regionCode":"411326304","sourceCode":"411326304000","name":"滔河乡","sourceName":"滔河乡","parentCode":"411326","parentName":"淅川县","regionLevel":"township","regionType":"township","isManagementZone":false,"source":"ruiduobao","sourceVersion":"mixed-legacy~2018-2020","geometryRepaired":false,"match2020":true,"match2023":true},"geometry":{"type":"Polygon","coordinates":[[[111.274217,32.90606],[111.27437,32.905735],[111.27456,32.905454],[111.274611,32.905301],[111.274649,32.905037],[111.27463,32.904783],[111.274585,32.90467],[111.274383,32.90445],[111.273844,32.904202],[111.273418,32.904092],[111.27286,32.903855],[111.272565,32.903312],[111.272449,32.902785],[111.272345,32.902632],[111.272227,32.902324],[111.272195,32.902],[111.272117,32.901761],[111.271908,32.901585],[111.271814,32.901428],[111.271682,32.900905],[111.271589,32.900792],[111.271057,32.900578],[111.270199,32.900074],[111.269521,32.899847],[111.268134,32.89947],[111.267198,32.899376],[111.266758,32.899236],[111.266278,32.898935],[111.266055,32.898342],[111.265444,32.897329],[111.264977,32.89686],[111.264344,32.895854],[111.263284,32.894489],[111.26282,32.894],[111.262418,32.893365],[111.262142,32.892493],[111.261916,32.891984],[111.261007,32.890741],[111.260766,32.890144],[111.260586,32.889851],[111.259865,32.889342],[111.259264,32.888651],[111.259049,32.887045],[111.259191,32.886392],[111.258861,32.886052],[111.258161,32.885959],[111.256694,32.885896],[111.256252,32.885935],[111.255898,32.885881],[111.255664,32.885691],[111.255455,32.885153],[111.255074,32.884491],[111.254723,32.884088],[111.254508,32.883894],[111.252853,32.882957],[111.252346,32.883198],[111.251236,32.884045],[111.250788,32.88423],[111.25045,32.884302],[111.250066,32.884151],[111.24945,32.883977],[111.248567,32.883844],[111.247717,32.883784],[111.24669,32.883786],[111.246226,32.883664],[111.24533,32.882948],[111.24475,32.882797],[111.244074,32.88284],[111.243744,32.882928],[111.243117,32.883157],[111.241679,32.883486],[111.24037,32.884029],[111.239303,32.884196],[111.238943,32.884333],[111.23879,32.884617],[111.238884,32.885752],[111.238815,32.887739],[111.238981,32.888842],[111.239056,32.890894],[111.239061,32.892185],[111.239163,32.893345],[111.239327,32.893647],[111.239745,32.893948],[111.240716,32.89484],[111.241068,32.895327],[111.24125,32.895775],[111.241553,32.896721],[111.242047,32.897948],[111.242387,32.898471],[111.242693,32.898858],[111.243455,32.899518],[111.243726,32.899901],[111.244195,32.90068],[111.244512,32.901387],[111.245059,32.903556],[111.24523,32.903988],[111.245381,32.904646],[111.245788,32.905835],[111.246217,32.907625],[111.244729,32.908773],[111.24393,32.909505],[111.243731,32.909962],[111.243567,32.911106],[111.24324,32.912018],[111.243004,32.912358],[111.241961,32.913119],[111.241422,32.913401],[111.239842,32.913991],[111.239228,32.914337],[111.238954,32.914628],[111.238884,32.915044],[111.23893,32.915477],[111.23882,32.916145],[111.238927,32.916774],[111.239405,32.917246],[111.239686,32.917661],[111.239898,32.918088],[111.239909,32.919093],[111.240968,32.920178],[111.241843,32.921234],[111.242245,32.92177],[111.242275,32.922198],[111.241947,32.922918],[111.241411,32.923674],[111.240893,32.924971],[111.240606,32.925356],[111.239984,32.925836],[111.239381,32.926376],[111.239155,32.926727],[111.239043,32.927049],[111.239051,32.927482],[111.239668,32.93066],[111.239718,32.931948],[111.239643,32.932601],[111.23934,32.933114],[111.239075,32.933837],[111.239166,32.934184],[111.239378,32.934544],[111.239855,32.935638],[111.240354,32.936558],[111.240928,32.937227],[111.241473,32.937738],[111.242385,32.938967],[111.242535,32.939606],[111.242559,32.940063],[111.242049,32.941819],[111.242519,32.943829],[111.242833,32.94484],[111.243138,32.945673],[111.243699,32.946461],[111.24537,32.948387],[111.245933,32.949378],[111.246121,32.950377],[111.246258,32.952078],[111.246604,32.952164],[111.247559,32.95197],[111.24828,32.951757],[111.248927,32.951775],[111.249774,32.951887],[111.250434,32.95202],[111.251346,32.952121],[111.252411,32.952905],[111.252883,32.953519],[111.253824,32.954349],[111.254506,32.955747],[111.255165,32.956429],[111.255812,32.956971],[111.256244,32.957424],[111.257579,32.958446],[111.257912,32.958635],[111.258293,32.958675],[111.258738,32.958484],[111.259234,32.957683],[111.259677,32.957354],[111.260259,32.957129],[111.26064,32.957057],[111.26094,32.957115],[111.26153,32.957341],[111.262413,32.957901],[111.263148,32.958682],[111.263982,32.959323],[111.26579,32.96005],[111.266726,32.960734],[111.266978,32.960982],[111.267066,32.961817],[111.266857,32.962586],[111.266506,32.963649],[111.266313,32.964632],[111.266176,32.96693],[111.266291,32.967321],[111.266659,32.968012],[111.267337,32.968876],[111.267418,32.970244],[111.267318,32.970679],[111.26727,32.971122],[111.267096,32.971624],[111.266994,32.972364],[111.266752,32.973557],[111.266616,32.974526],[111.266498,32.975112],[111.266109,32.976099],[111.26558,32.977213],[111.265272,32.978185],[111.265301,32.978644],[111.265395,32.979105],[111.265623,32.979877],[111.265961,32.980719],[111.266267,32.9814],[111.267015,32.982892],[111.267329,32.983437],[111.268941,32.985522],[111.269448,32.986388],[111.269746,32.987428],[111.269923,32.988906],[111.269939,32.989621],[111.269751,32.98993],[111.268271,32.990895],[111.26709,32.991322],[111.266881,32.991516],[111.266417,32.99242],[111.266047,32.992717],[111.265626,32.992807],[111.264218,32.992694],[111.263148,32.992427],[111.262069,32.992321],[111.26145,32.992227],[111.25983,32.991639],[111.25954,32.991633],[111.259237,32.991819],[111.258599,32.992676],[111.258172,32.993383],[111.257681,32.993853],[111.257319,32.994285],[111.257172,32.994701],[111.25711,32.995295],[111.257091,32.996629],[111.25693,32.997302],[111.256455,32.998973],[111.255654,33.000118],[111.255375,33.000876],[111.255265,33.001832],[111.255144,33.003533],[111.255074,33.005699],[111.254814,33.007519],[111.254565,33.008187],[111.254087,33.009199],[111.253701,33.009651],[111.253062,33.010105],[111.252301,33.010731],[111.250901,33.012091],[111.250512,33.012489],[111.249712,33.013598],[111.249431,33.013866],[111.249101,33.013965],[111.248481,33.013933],[111.246673,33.013556],[111.24519,33.013376],[111.244538,33.013367],[111.243927,33.013472],[111.243074,33.013783],[111.242564,33.0141],[111.242218,33.014367],[111.241945,33.014655],[111.241623,33.015103],[111.241451,33.01558],[111.241328,33.016059],[111.241309,33.016677],[111.241381,33.017226],[111.24165,33.018477],[111.241634,33.019021],[111.241084,33.021409],[111.241086,33.022088],[111.241293,33.023091],[111.24147,33.023651],[111.242259,33.025365],[111.242618,33.02642],[111.242578,33.026795],[111.242417,33.027285],[111.24236,33.027636],[111.242433,33.028626],[111.242352,33.029397],[111.242251,33.029973],[111.241969,33.030805],[111.241736,33.031344],[111.241261,33.032291],[111.241097,33.032532],[111.240856,33.032786],[111.238525,33.034191],[111.237752,33.034717],[111.237042,33.035208],[111.23669,33.035545],[111.236462,33.036143],[111.236242,33.037191],[111.236111,33.037611],[111.235929,33.038014],[111.235298,33.038693],[111.234791,33.039098],[111.234384,33.039304],[111.233965,33.039424],[111.233507,33.039511],[111.233163,33.039527],[111.231677,33.039421],[111.230607,33.039626],[111.229588,33.039939],[111.228957,33.040224],[111.226262,33.041524],[111.22531,33.042081],[111.224685,33.042401],[111.223859,33.042704],[111.223177,33.042911],[111.222365,33.043102],[111.219481,33.043687],[111.218312,33.043992],[111.217295,33.044345],[111.216668,33.044516],[111.214911,33.04471],[111.21368,33.044892],[111.213374,33.044901],[111.212966,33.0448],[111.212558,33.044584],[111.21184,33.0441],[111.211212,33.043934],[111.210912,33.043777],[111.210721,33.043455],[111.21045,33.04205],[111.210179,33.041818],[111.209646,33.041782],[111.209149,33.042021],[111.208224,33.042772],[111.207524,33.043597],[111.206856,33.044114],[111.206269,33.044415],[111.205856,33.044519],[111.205561,33.04451],[111.205255,33.044442],[111.20405,33.043887],[111.200899,33.042151],[111.200585,33.04203],[111.200226,33.041944],[111.198984,33.041818],[111.198158,33.041778],[111.195446,33.041434],[111.193834,33.041436],[111.191286,33.041299],[111.190366,33.041369],[111.189953,33.041339],[111.188866,33.040968],[111.186828,33.040456],[111.185036,33.04008],[111.184454,33.040026],[111.183939,33.040145],[111.183497,33.040379],[111.183153,33.040633],[111.182177,33.04169],[111.181853,33.042144],[111.181528,33.042758],[111.181161,33.043158],[111.179248,33.044449],[111.178862,33.044647],[111.178443,33.044757],[111.177336,33.044905],[111.176622,33.04504],[111.175115,33.04556],[111.174627,33.045656],[111.174047,33.045708],[111.17375,33.045778],[111.171818,33.046722],[111.170464,33.047531],[111.16964,33.047875],[111.169069,33.048057],[111.168112,33.048273],[111.167623,33.04835],[111.166985,33.048404],[111.166309,33.048419],[111.164882,33.048345],[111.163833,33.048174],[111.163171,33.047945],[111.162849,33.047704],[111.162702,33.04716],[111.162905,33.046807],[111.164466,33.046353],[111.164804,33.04616],[111.165065,33.045825],[111.165046,33.045436],[111.16378,33.044698],[111.162409,33.043965],[111.161808,33.043853],[111.160789,33.043786],[111.159791,33.04366],[111.159054,33.043394],[111.158568,33.043129],[111.157576,33.042479],[111.156747,33.041827],[111.156026,33.04113],[111.154287,33.039282],[111.153499,33.038616],[111.153013,33.038349],[111.152582,33.038297],[111.152134,33.03838],[111.151758,33.038603],[111.151125,33.039311],[111.150414,33.039835],[111.149803,33.040361],[111.147558,33.041958],[111.146758,33.042715],[111.145661,33.0439],[111.145431,33.045296],[111.145479,33.046479],[111.145428,33.046926],[111.145265,33.047432],[111.145192,33.047779],[111.145168,33.048089],[111.145192,33.048539],[111.145377,33.048891],[111.146139,33.049737],[111.146345,33.050092],[111.146678,33.050375],[111.147099,33.050654],[111.148443,33.051706],[111.148963,33.051888],[111.150691,33.052756],[111.152067,33.053302],[111.152536,33.053406],[111.154668,33.053754],[111.155135,33.053804],[111.157324,33.053923],[111.158893,33.05386],[111.159491,33.053867],[111.159925,33.054136],[111.160046,33.054528],[111.160009,33.056852],[111.160052,33.057192],[111.160207,33.057738],[111.160408,33.058241],[111.160556,33.058554],[111.161052,33.059246],[111.161736,33.06035],[111.16242,33.061105],[111.16282,33.06149],[111.163117,33.061728],[111.16342,33.061876],[111.163903,33.062034],[111.164818,33.062261],[111.165979,33.062661],[111.167943,33.063556],[111.168305,33.063623],[111.170067,33.063729],[111.173581,33.06432],[111.174541,33.064309],[111.174911,33.064403],[111.175244,33.064585],[111.175708,33.064769],[111.176453,33.065165],[111.17688,33.065244],[111.177588,33.06523],[111.177977,33.065152],[111.179608,33.065071],[111.180238,33.065086],[111.180723,33.065181],[111.181056,33.065417],[111.182217,33.066723],[111.182515,33.066954],[111.183237,33.067278],[111.183564,33.067399],[111.184634,33.067586],[111.186203,33.067721],[111.187222,33.067907],[111.1876,33.06802],[111.188354,33.068429],[111.189832,33.0696],[111.19058,33.070133],[111.191264,33.070733],[111.192174,33.071899],[111.19252,33.07243],[111.193032,33.073475],[111.193115,33.073749],[111.193351,33.074925],[111.193501,33.075459],[111.193727,33.076759],[111.193705,33.077318],[111.193558,33.077678],[111.19179,33.078586],[111.18921,33.080141],[111.188866,33.080566],[111.188561,33.081213],[111.188113,33.082609],[111.187938,33.083523],[111.187845,33.085175],[111.187853,33.086027],[111.188132,33.086771],[111.188301,33.087115],[111.188317,33.088018],[111.18825,33.088629],[111.188102,33.089254],[111.18804,33.089694],[111.18815,33.089962],[111.188362,33.09027],[111.188496,33.090739],[111.188402,33.091234],[111.188244,33.091542],[111.187525,33.092663],[111.186908,33.093317],[111.186431,33.09402],[111.185988,33.094494],[111.185516,33.095074],[111.185162,33.095247],[111.184127,33.095391],[111.183591,33.095375],[111.183215,33.095317],[111.182936,33.095231],[111.181024,33.094171],[111.180723,33.093926],[111.180257,33.093013],[111.179986,33.092665],[111.179275,33.093184],[111.178827,33.093562],[111.178497,33.093661],[111.178055,33.093555],[111.177564,33.093315],[111.177059,33.093171],[111.176571,33.093204],[111.176158,33.093497],[111.175893,33.09373],[111.175091,33.094735],[111.174785,33.094838],[111.173868,33.094874],[111.173377,33.094813],[111.172969,33.094694],[111.172644,33.09449],[111.172132,33.094052],[111.171644,33.093757],[111.171215,33.093685],[111.170837,33.09378],[111.170523,33.093959],[111.170247,33.094288],[111.170075,33.094656],[111.170005,33.095025],[111.169981,33.09633],[111.170053,33.09713],[111.170241,33.09749],[111.170485,33.097865],[111.171628,33.099379],[111.171789,33.10015],[111.171998,33.100817],[111.172001,33.101278],[111.171926,33.102408],[111.171724,33.102831],[111.171191,33.103309],[111.170823,33.103592],[111.170678,33.103837],[111.170512,33.10441],[111.170458,33.104938],[111.170499,33.105493],[111.170453,33.105819],[111.169874,33.106172],[111.169933,33.106547],[111.17019,33.106744],[111.170426,33.10712],[111.17044,33.107684],[111.170568,33.107991],[111.170786,33.108403],[111.171083,33.108688],[111.171164,33.109029],[111.171148,33.109393],[111.170912,33.109897],[111.170842,33.110447],[111.171003,33.110804],[111.171306,33.11095],[111.171888,33.111101],[111.172277,33.111622],[111.172771,33.112053],[111.173267,33.112422],[111.173476,33.112656],[111.173591,33.113228],[111.174316,33.114291],[111.174801,33.115378],[111.174852,33.115668],[111.17475,33.115996],[111.174501,33.116277],[111.17424,33.116466],[111.173567,33.116818],[111.174061,33.117508],[111.173961,33.117643],[111.175383,33.117225],[111.177277,33.116502],[111.178929,33.115549],[111.180399,33.114545],[111.181185,33.114264],[111.183309,33.113107],[111.184138,33.112732],[111.184368,33.112662],[111.186608,33.11255],[111.188604,33.112368],[111.189491,33.112352],[111.190409,33.112287],[111.19297,33.111766],[111.193222,33.111743],[111.193888,33.111716],[111.194757,33.11175],[111.195569,33.111743],[111.195848,33.111719],[111.19617,33.111642],[111.196656,33.111627],[111.197337,33.11164],[111.19834,33.111773],[111.199432,33.111795],[111.201223,33.111759],[111.202329,33.111703],[111.203798,33.111734],[111.204107,33.111716],[111.205853,33.111447],[111.206277,33.111332],[111.20655,33.111321],[111.207706,33.111006],[111.208181,33.110793],[111.209278,33.110373],[111.21037,33.10984],[111.210971,33.1096],[111.212153,33.109261],[111.212422,33.109115],[111.212615,33.108944],[111.212636,33.108767],[111.213199,33.108214],[111.214385,33.107342],[111.216413,33.105731],[111.217486,33.104922],[111.218607,33.104134],[111.220066,33.103363],[111.221386,33.102619],[111.222673,33.101835],[111.223977,33.100981],[111.225028,33.100175],[111.225688,33.099496],[111.2259,33.099188],[111.226023,33.098889],[111.226066,33.098676],[111.226034,33.098197],[111.225669,33.096705],[111.225514,33.096447],[111.225237,33.09586],[111.224545,33.094139],[111.224344,33.093759],[111.224054,33.093398],[111.223853,33.093027],[111.223424,33.091542],[111.223193,33.090436],[111.223134,33.089153],[111.223132,33.087434],[111.223065,33.086503],[111.222965,33.08587],[111.222555,33.084917],[111.222367,33.084622],[111.222287,33.08455],[111.222053,33.084443],[111.221211,33.084245],[111.219403,33.083905],[111.218339,33.083562],[111.218017,33.083332],[111.217644,33.083245],[111.217027,33.082975],[111.216536,33.082719],[111.216308,33.082647],[111.216048,33.082487],[111.21578,33.082195],[111.215509,33.081701],[111.215361,33.081348],[111.215281,33.080797],[111.215187,33.07939],[111.215085,33.078667],[111.214865,33.078112],[111.21483,33.077599],[111.214758,33.077383],[111.214693,33.076934],[111.214425,33.07608],[111.214388,33.075794],[111.214256,33.075345],[111.214176,33.074893],[111.213961,33.074342],[111.2138,33.073594],[111.213798,33.073165],[111.213921,33.072724],[111.215093,33.070115],[111.2152,33.069933],[111.216024,33.068015],[111.216163,33.067615],[111.216373,33.067246],[111.216552,33.066842],[111.216614,33.066745],[111.216885,33.066534],[111.217081,33.066314],[111.217279,33.066055],[111.21737,33.06583],[111.217472,33.065678],[111.217604,33.065518],[111.217786,33.065374],[111.218226,33.064763],[111.218551,33.064473],[111.219669,33.063639],[111.220125,33.06334],[111.221555,33.0622],[111.223859,33.060575],[111.224218,33.060339],[111.224502,33.060211],[111.225039,33.059842],[111.225556,33.059541],[111.226273,33.05874],[111.226611,33.058511],[111.227968,33.057778],[111.22925,33.057162],[111.229572,33.05683],[111.230425,33.056459],[111.230907,33.05618],[111.23194,33.055395],[111.232195,33.055078],[111.23238,33.054928],[111.233673,33.054179],[111.234043,33.053871],[111.234424,33.053653],[111.234762,33.053327],[111.234947,33.053237],[111.235837,33.0529],[111.23735,33.052967],[111.238367,33.052943],[111.238613,33.052898],[111.239032,33.05292],[111.239641,33.052779],[111.240869,33.052349],[111.241727,33.0519],[111.243007,33.051331],[111.24368,33.051072],[111.244015,33.050836],[111.244943,33.050371],[111.245265,33.050119],[111.24725,33.049002],[111.250461,33.047007],[111.25085,33.046697],[111.251316,33.04618],[111.25181,33.045852],[111.252062,33.045638],[111.252628,33.045018],[111.252896,33.044786],[111.255176,33.043905],[111.256681,33.043516],[111.25829,33.042978],[111.259765,33.042587],[111.260546,33.042457],[111.261267,33.042281],[111.262845,33.042018],[111.265017,33.041776],[111.267195,33.041119],[111.268002,33.040777],[111.268104,33.040692],[111.269555,33.04017],[111.270003,33.039961],[111.270481,33.039711],[111.271041,33.039356],[111.2718,33.038711],[111.272077,33.038378],[111.27212,33.038191],[111.272495,33.037805],[111.273056,33.037029],[111.273364,33.036433],[111.27352,33.036006],[111.273699,33.034922],[111.273697,33.033809],[111.273925,33.032925],[111.274236,33.032561],[111.274745,33.031601],[111.275049,33.031237],[111.275598,33.030724],[111.275864,33.030524],[111.276323,33.030321],[111.277092,33.030072],[111.27746,33.029986],[111.278747,33.029788],[111.279627,33.029725],[111.281749,33.029642],[111.282945,33.029665],[111.28457,33.029474],[111.285222,33.029325],[111.286067,33.029231],[111.286432,33.029145],[111.288379,33.028552],[111.288883,33.028342],[111.289406,33.028064],[111.289626,33.028001],[111.290241,33.027643],[111.29057,33.027364],[111.291045,33.026813],[111.291284,33.026456],[111.291603,33.026186],[111.291879,33.02572],[111.292244,33.024985],[111.293132,33.024083],[111.294366,33.022651],[111.295106,33.02165],[111.29704,33.01988],[111.29737,33.019686],[111.297973,33.019174],[111.299459,33.01815],[111.299569,33.017995],[111.299714,33.017876],[111.300457,33.017451],[111.30076,33.01735],[111.301806,33.016742],[111.30249,33.016389],[111.303721,33.015485],[111.304097,33.015267],[111.304526,33.014934],[111.304912,33.014716],[111.30506,33.014592],[111.305489,33.01439],[111.306543,33.013713],[111.308541,33.01278],[111.308919,33.01257],[111.309633,33.01208],[111.310531,33.011592],[111.311183,33.011279],[111.312476,33.010735],[111.31287,33.010625],[111.313291,33.010587],[111.313477,33.010533],[111.314453,33.010166],[111.315105,33.009964],[111.316271,33.009428],[111.317213,33.009044],[111.317961,33.008803],[111.318463,33.008693],[111.319128,33.008484],[111.320088,33.008128],[111.32214,33.007606],[111.322618,33.007453],[111.324854,33.006914],[111.325455,33.006837],[111.327365,33.006385],[111.32792,33.006187],[111.329114,33.005908],[111.329688,33.005699],[111.330074,33.005595],[111.330552,33.005397],[111.331801,33.004709],[111.332689,33.004082],[111.33325,33.003742],[111.334087,33.003141],[111.334628,33.002847],[111.335656,33.002188],[111.335731,33.00208],[111.336219,33.001789],[111.337855,33.000642],[111.338542,33.000073],[111.338845,32.999715],[111.339344,32.999302],[111.339886,32.998919],[111.340637,32.998512],[111.341581,32.997842],[111.342359,32.997502],[111.342713,32.99729],[111.343332,32.996852],[111.344115,32.996438],[111.345768,32.995426],[111.346315,32.995158],[111.346892,32.994926],[111.347514,32.994589],[111.347868,32.994447],[111.348579,32.994245],[111.349391,32.994186],[111.350242,32.994148],[111.352167,32.994137],[111.354651,32.993999],[111.355928,32.994011],[111.357121,32.993957],[111.357655,32.993653],[111.357977,32.993342],[111.358318,32.993111],[111.359085,32.992303],[111.359675,32.991477],[111.359801,32.991138],[111.360077,32.990575],[111.360713,32.989781],[111.361166,32.988915],[111.361359,32.988645],[111.361585,32.98842],[111.361912,32.987822],[111.361987,32.987516],[111.36225,32.986829],[111.362639,32.986006],[111.362891,32.985263],[111.36303,32.984634],[111.363309,32.982705],[111.36358,32.981853],[111.363733,32.981056],[111.363883,32.980633],[111.363559,32.980388],[111.362223,32.979614],[111.360976,32.978982],[111.360201,32.978471],[111.359098,32.977848],[111.358323,32.977346],[111.357497,32.976689],[111.357001,32.976358],[111.356491,32.976072],[111.355029,32.975404],[111.354131,32.975112],[111.353932,32.975019],[111.353321,32.974851],[111.352151,32.974693],[111.351559,32.974747],[111.351277,32.974817],[111.350909,32.975026],[111.350813,32.97513],[111.350478,32.975195],[111.350223,32.975184],[111.349702,32.975064],[111.349306,32.975024],[111.34911,32.974936],[111.34893,32.97481],[111.348764,32.974844],[111.347822,32.975451],[111.347098,32.974619],[111.346267,32.973566],[111.346704,32.973206],[111.345639,32.971912],[111.346395,32.971466],[111.347036,32.970998],[111.346572,32.970584],[111.346428,32.970496],[111.345754,32.971021],[111.345231,32.971313],[111.345094,32.971333],[111.344995,32.971273],[111.344759,32.970978],[111.344545,32.970463],[111.344212,32.969907],[111.344038,32.9699],[111.342949,32.970172],[111.342737,32.970172],[111.342477,32.970121],[111.34234,32.970076],[111.34098,32.969137],[111.340567,32.968791],[111.340414,32.968761],[111.340315,32.968829],[111.340258,32.96895],[111.340242,32.969081],[111.339982,32.969437],[111.339738,32.970019],[111.33955,32.970233],[111.339081,32.970886],[111.33896,32.970919],[111.338791,32.971052],[111.338652,32.971066],[111.338247,32.970989],[111.338131,32.970901],[111.337933,32.970481],[111.337775,32.970256],[111.337611,32.969754],[111.337482,32.969704],[111.337147,32.969677],[111.336914,32.969599],[111.336734,32.96959],[111.336265,32.969335],[111.33608,32.969211],[111.33594,32.96907],[111.335653,32.968703],[111.336002,32.968188],[111.335916,32.967931],[111.33557,32.967227],[111.335503,32.966984],[111.335371,32.966174],[111.33517,32.965568],[111.334862,32.965246],[111.334666,32.964877],[111.334669,32.964436],[111.33454,32.964036],[111.334425,32.963799],[111.33432,32.963662],[111.334253,32.963662],[111.334248,32.963786],[111.334159,32.963885],[111.334036,32.96393],[111.333942,32.963923],[111.333749,32.963781],[111.333041,32.962913],[111.332931,32.962607],[111.332807,32.961544],[111.332349,32.960412],[111.332268,32.960133],[111.332115,32.959488],[111.331995,32.958646],[111.331909,32.95841],[111.331721,32.958155],[111.33175,32.958067],[111.331885,32.957971],[111.331986,32.957838],[111.331868,32.957829],[111.331734,32.95789],[111.331522,32.957908],[111.331187,32.957887],[111.330678,32.957725],[111.330369,32.957568],[111.330173,32.957311],[111.329975,32.957223],[111.329395,32.957199],[111.328956,32.957399],[111.328419,32.95755],[111.328167,32.957602],[111.327564,32.9575],[111.327368,32.957552],[111.327126,32.957685],[111.326501,32.957379],[111.327054,32.956692],[111.327231,32.95642],[111.327231,32.955995],[111.327164,32.955504],[111.326971,32.954568],[111.327073,32.953809],[111.327089,32.953368],[111.32722,32.95297],[111.327386,32.952715],[111.327665,32.952423],[111.328046,32.952124],[111.328371,32.951923],[111.328274,32.95141],[111.328213,32.951248],[111.328011,32.951198],[111.327856,32.951237],[111.327649,32.951478],[111.327467,32.95155],[111.32718,32.951559],[111.327049,32.951606],[111.326772,32.951921],[111.326228,32.951523],[111.325898,32.951914],[111.325479,32.952542],[111.325091,32.953044],[111.325007,32.953294],[111.324731,32.953276],[111.32446,32.953301],[111.324407,32.954244],[111.324326,32.954532],[111.324272,32.955166],[111.324162,32.955389],[111.323854,32.955414],[111.323647,32.955524],[111.323755,32.955333],[111.323763,32.955214],[111.323516,32.955124],[111.323221,32.955067],[111.322905,32.955121],[111.322513,32.955236],[111.321368,32.955403],[111.320727,32.955563],[111.319989,32.955855],[111.319538,32.955999],[111.319281,32.956001],[111.3189,32.955918],[111.317824,32.95534],[111.3175,32.955227],[111.317173,32.955022],[111.316971,32.954295],[111.316424,32.953231],[111.316333,32.953001],[111.316652,32.952589],[111.316743,32.952407],[111.31669,32.951788],[111.316741,32.95155],[111.316998,32.951122],[111.317036,32.950917],[111.316923,32.950775],[111.316955,32.950629],[111.317154,32.950035],[111.317183,32.949801],[111.317387,32.94981],[111.317358,32.949357],[111.317497,32.948862],[111.317749,32.948365],[111.317696,32.948135],[111.317572,32.947926],[111.31739,32.947872],[111.317245,32.947933],[111.31717,32.94807],[111.316974,32.94818],[111.316526,32.948205],[111.316424,32.948108],[111.31629,32.947912],[111.316167,32.947566],[111.316397,32.947489],[111.316537,32.947399],[111.317041,32.946809],[111.316698,32.946564],[111.316591,32.946609],[111.316513,32.946733],[111.316068,32.946485],[111.316043,32.946602],[111.315883,32.946562],[111.316081,32.945839],[111.315783,32.945684],[111.315673,32.945529],[111.315566,32.945448],[111.31514,32.945304],[111.315016,32.945484],[111.314922,32.945698],[111.315005,32.946116],[111.315545,32.946328],[111.315011,32.947527],[111.314651,32.948101],[111.314359,32.948387],[111.31401,32.948592],[111.313726,32.948653],[111.31367,32.948705],[111.313249,32.948383],[111.313047,32.948275],[111.312811,32.94845],[111.31264,32.948648],[111.312422,32.949069],[111.312154,32.949321],[111.31194,32.949051],[111.31169,32.94888],[111.311484,32.948554],[111.311256,32.948272],[111.310875,32.948036],[111.310545,32.947545],[111.309885,32.947172],[111.308893,32.946722],[111.307946,32.946411],[111.30643,32.94577],[111.304802,32.945024],[111.304537,32.94484],[111.304102,32.944446],[111.302412,32.943413],[111.300876,32.942582],[111.30054,32.942368],[111.299945,32.942173],[111.299365,32.941664],[111.299038,32.941484],[111.298574,32.941243],[111.298078,32.941229],[111.297976,32.941189],[111.297788,32.941067],[111.297448,32.9407],[111.297212,32.940538],[111.296664,32.940252],[111.295554,32.940016],[111.295444,32.939836],[111.295388,32.9396],[111.294835,32.939172],[111.294709,32.939032],[111.294688,32.938744],[111.294615,32.938551],[111.294511,32.938461],[111.294232,32.93833],[111.293896,32.938062],[111.293679,32.937954],[111.293395,32.937871],[111.292641,32.937767],[111.292408,32.937817],[111.292231,32.93792],[111.291912,32.938267],[111.291431,32.938488],[111.291161,32.938533],[111.29064,32.938533],[111.289814,32.938443],[111.289696,32.93835],[111.289586,32.938193],[111.289495,32.937988],[111.289519,32.937873],[111.28949,32.937756],[111.289085,32.937418],[111.288932,32.937162],[111.288798,32.936849],[111.288607,32.936734],[111.288438,32.936565],[111.288124,32.935987],[111.287456,32.935584],[111.287245,32.935494],[111.286405,32.935363],[111.285659,32.935111],[111.28534,32.934974],[111.285219,32.934868],[111.285048,32.93435],[111.284943,32.934233],[111.284592,32.933956],[111.284393,32.93388],[111.284257,32.93388],[111.284554,32.932367],[111.284713,32.931928],[111.284734,32.931457],[111.284699,32.931099],[111.284747,32.930872],[111.284879,32.930656],[111.284906,32.930424],[111.28475,32.930136],[111.284608,32.929359],[111.284683,32.928553],[111.285289,32.927461],[111.28556,32.927101],[111.286453,32.926489],[111.286813,32.926207],[111.286974,32.925964],[111.287129,32.925527],[111.288038,32.924987],[111.288575,32.924616],[111.289028,32.924278],[111.289334,32.923985],[111.2895,32.923638],[111.289495,32.922398],[111.289648,32.921873],[111.289667,32.921675],[111.289624,32.921412],[111.289476,32.921079],[111.289275,32.920745],[111.28824,32.920279],[111.287899,32.920014],[111.287765,32.919836],[111.287658,32.919622],[111.287368,32.919462],[111.287027,32.919196],[111.287022,32.918487],[111.287041,32.918244],[111.28711,32.918086],[111.287092,32.917978],[111.287014,32.917818],[111.286389,32.91699],[111.286327,32.916744],[111.286139,32.91638],[111.285646,32.915146],[111.285083,32.913542],[111.284849,32.912971],[111.284793,32.912907],[111.284707,32.912869],[111.284072,32.912788],[111.281899,32.91227],[111.281625,32.91223],[111.279732,32.911529],[111.278761,32.911228],[111.27812,32.910919],[111.277602,32.910485],[111.277071,32.910167],[111.276977,32.910052],[111.276915,32.909836],[111.276964,32.909257],[111.276889,32.908541],[111.276819,32.908406],[111.276722,32.907976],[111.276537,32.907706],[111.276387,32.907605],[111.275682,32.907526],[111.274601,32.907501],[111.274244,32.907465],[111.274129,32.9074],[111.273984,32.906801],[111.273994,32.906684],[111.274104,32.906521],[111.274153,32.906384],[111.274217,32.90606]]]}}]}