{"type":"FeatureCollection","name":"宛城区","features":[{"type":"Feature","properties":{"regionCode":"411302001","sourceCode":"411302001000","name":"东关街道","sourceName":"东关街道办事处","parentCode":"411302","parentName":"宛城区","regionLevel":"township","regionType":"street","isManagementZone":false,"source":"ruiduobao","sourceVersion":"mixed-legacy~2018-2020","geometryRepaired":false,"match2020":true,"match2023":true},"geometry":{"type":"Polygon","coordinates":[[[112.549763,32.996172],[112.550096,32.994026],[112.550155,32.992481],[112.538981,32.992798],[112.538522,32.992904],[112.538919,32.995167],[112.539793,32.996289],[112.54066,32.997977],[112.541073,32.999864],[112.541258,33.002134],[112.539399,33.002901],[112.537087,33.002772],[112.537358,33.00538],[112.535,33.005501],[112.531666,33.005508],[112.53125,33.005485],[112.5315,33.0069],[112.532042,33.010578],[112.532039,33.010773],[112.533495,33.02055],[112.536446,33.020555],[112.537071,33.022871],[112.537881,33.022831],[112.543731,33.022941],[112.549339,33.023004],[112.551989,33.020136],[112.552893,33.019572],[112.554808,33.018661],[112.552284,33.015002],[112.554116,33.014399],[112.553617,33.014019],[112.55296,33.010996],[112.553821,33.011009],[112.5538,33.009412],[112.55259,33.004021],[112.553041,32.998804],[112.553368,32.995999],[112.549763,32.996172]]]}},{"type":"Feature","properties":{"regionCode":"411302002","sourceCode":"411302002000","name":"新华街道","sourceName":"新华街道办事处","parentCode":"411302","parentName":"宛城区","regionLevel":"township","regionType":"street","isManagementZone":false,"source":"ruiduobao","sourceVersion":"mixed-legacy~2018-2020","geometryRepaired":false,"match2020":true,"match2023":true},"geometry":{"type":"Polygon","coordinates":[[[112.539745,32.987169],[112.536846,32.986303],[112.535628,32.986107],[112.534488,32.985747],[112.534088,32.9855],[112.533501,32.985349],[112.53272,32.987716],[112.532533,32.987675],[112.531588,32.988321],[112.530824,32.988593],[112.529797,32.988724],[112.529566,32.988811],[112.529748,32.992784],[112.530003,32.99646],[112.530145,32.997765],[112.530566,33.000973],[112.53125,33.005485],[112.531666,33.005508],[112.535,33.005501],[112.537358,33.00538],[112.537087,33.002772],[112.539399,33.002901],[112.541258,33.002134],[112.541073,32.999864],[112.54066,32.997977],[112.539793,32.996289],[112.538919,32.995167],[112.538522,32.992904],[112.538981,32.992798],[112.550155,32.992481],[112.550189,32.991171],[112.550334,32.989975],[112.548669,32.988368],[112.547778,32.98804],[112.547403,32.987999],[112.545775,32.98766],[112.545324,32.987628],[112.544699,32.987534],[112.542103,32.987671],[112.541161,32.987527],[112.539745,32.987169]]]}},{"type":"Feature","properties":{"regionCode":"411302003","sourceCode":"411302003000","name":"汉冶街道","sourceName":"汉冶街道办事处","parentCode":"411302","parentName":"宛城区","regionLevel":"township","regionType":"street","isManagementZone":false,"source":"ruiduobao","sourceVersion":"mixed-legacy~2018-2020","geometryRepaired":false,"match2020":true,"match2023":true},"geometry":{"type":"Polygon","coordinates":[[[112.552284,33.015002],[112.554808,33.018661],[112.552893,33.019572],[112.551989,33.020136],[112.549339,33.023004],[112.551343,33.024034],[112.554017,33.02563],[112.558255,33.026712],[112.561468,33.028358],[112.567498,33.029593],[112.571644,33.029944],[112.571282,33.029518],[112.577028,33.027456],[112.587094,33.024881],[112.587424,33.022992],[112.586319,33.022374],[112.583731,33.021148],[112.582789,33.020669],[112.581955,33.019738],[112.581343,33.019372],[112.580895,33.019205],[112.580273,33.018751],[112.579442,33.018099],[112.578978,33.017539],[112.578709,33.017186],[112.578645,33.016504],[112.57861,33.0156],[112.578728,33.014462],[112.576317,33.01394],[112.573104,33.013139],[112.569716,33.012235],[112.565827,33.011295],[112.565175,33.01121],[112.565207,33.011929],[112.565186,33.012654],[112.56507,33.012611],[112.563305,33.012586],[112.563209,33.012528],[112.563139,33.012523],[112.561667,33.012584],[112.560784,33.012211],[112.560006,33.011772],[112.559448,33.011387],[112.559344,33.011279],[112.559285,33.011093],[112.555833,33.011106],[112.552979,33.011077],[112.553617,33.014019],[112.554116,33.014399],[112.552284,33.015002]]]}},{"type":"Feature","properties":{"regionCode":"411302004","sourceCode":"411302004000","name":"仲景街道","sourceName":"仲景街道办事处","parentCode":"411302","parentName":"宛城区","regionLevel":"township","regionType":"street","isManagementZone":false,"source":"ruiduobao","sourceVersion":"mixed-legacy~2018-2020","geometryRepaired":false,"match2020":true,"match2023":true},"geometry":{"type":"Polygon","coordinates":[[[112.576231,32.986413],[112.575923,32.985794],[112.575555,32.985201],[112.575228,32.984733],[112.574673,32.984177],[112.573938,32.983785],[112.572806,32.98332],[112.572412,32.983223],[112.572009,32.983167],[112.571258,32.983167],[112.570636,32.983293],[112.570134,32.983457],[112.569381,32.98381],[112.567189,32.984217],[112.564427,32.984836],[112.563531,32.985126],[112.56319,32.985284],[112.561227,32.985356],[112.559575,32.985693],[112.556705,32.986161],[112.554269,32.986492],[112.554116,32.986487],[112.55325,32.986753],[112.551898,32.987273],[112.551595,32.987345],[112.550927,32.987441],[112.550085,32.987432],[112.549589,32.987538],[112.5495,32.987583],[112.544372,32.986415],[112.539678,32.98626],[112.533965,32.985466],[112.534088,32.9855],[112.534488,32.985747],[112.535628,32.986107],[112.536846,32.986303],[112.539466,32.987106],[112.541161,32.987527],[112.542103,32.987671],[112.544699,32.987534],[112.545324,32.987628],[112.545775,32.98766],[112.547403,32.987999],[112.547778,32.98804],[112.548669,32.988368],[112.550334,32.989975],[112.550189,32.991171],[112.550096,32.994026],[112.549763,32.996172],[112.553368,32.995999],[112.553041,32.998804],[112.55259,33.004021],[112.5538,33.009412],[112.553821,33.011009],[112.55296,33.010996],[112.552979,33.011077],[112.555833,33.011106],[112.559285,33.011093],[112.559344,33.011279],[112.559448,33.011387],[112.560006,33.011772],[112.560784,33.012211],[112.561667,33.012584],[112.563139,33.012523],[112.563209,33.012528],[112.563305,33.012586],[112.56507,33.012611],[112.565186,33.012654],[112.565207,33.011929],[112.565175,33.01121],[112.565827,33.011295],[112.569716,33.012235],[112.573104,33.013139],[112.576317,33.01394],[112.578728,33.014462],[112.57861,33.0156],[112.578645,33.016504],[112.578709,33.017186],[112.578978,33.017539],[112.579442,33.018099],[112.580273,33.018751],[112.580895,33.019205],[112.581343,33.019372],[112.581955,33.019738],[112.582789,33.020669],[112.583731,33.021148],[112.586319,33.022374],[112.587424,33.022992],[112.587094,33.024881],[112.588078,33.02463],[112.59064,33.024151],[112.591246,33.025846],[112.591919,33.027879],[112.592458,33.030054],[112.592155,33.032257],[112.591415,33.03257],[112.591104,33.032865],[112.590723,33.033317],[112.590302,33.033557],[112.58983,33.033699],[112.589275,33.033966],[112.589023,33.034236],[112.588518,33.036397],[112.588239,33.036539],[112.588164,33.036757],[112.588137,33.037879],[112.588263,33.038099],[112.588491,33.038792],[112.58844,33.038967],[112.587818,33.039383],[112.587724,33.039568],[112.5877,33.03997],[112.587448,33.040577],[112.587086,33.041022],[112.587016,33.041171],[112.587016,33.041553],[112.587413,33.043134],[112.596712,33.04158],[112.600993,33.040973],[112.601312,33.040422],[112.602409,33.039927],[112.604732,33.038967],[112.607935,33.038093],[112.611001,33.037665],[112.610998,33.035878],[112.613683,33.035765],[112.613211,33.035194],[112.612878,33.034951],[112.612784,33.034789],[112.61268,33.03445],[112.612655,33.034272],[112.612929,33.033742],[112.612972,33.033481],[112.612647,33.032941],[112.612554,33.032671],[112.612551,33.032568],[112.612588,33.032422],[112.612723,33.032114],[112.612835,33.031943],[112.612865,33.031814],[112.612849,33.031709],[112.612776,33.03159],[112.612272,33.031108],[112.612165,33.030888],[112.612098,33.030544],[112.612157,33.029572],[112.611561,33.029291],[112.611414,33.029179],[112.611309,33.029071],[112.611159,33.028803],[112.610566,33.028257],[112.61026,33.027917],[112.610217,33.027818],[112.61022,33.027632],[112.610429,33.02736],[112.611186,33.026721],[112.611448,33.026408],[112.611494,33.026238],[112.611467,33.026058],[112.611293,33.025702],[112.611309,33.025401],[112.611379,33.025282],[112.611813,33.024879],[112.611985,33.024796],[112.612178,33.024641],[112.612395,33.02413],[112.612457,33.023795],[112.612401,33.023049],[112.612226,33.022169],[112.612036,33.021684],[112.611939,33.021501],[112.611395,33.020824],[112.611145,33.020559],[112.611089,33.020429],[112.61106,33.02026],[112.611094,33.020019],[112.611435,33.019453],[112.611373,33.019142],[112.611143,33.018758],[112.61062,33.018045],[112.610228,33.017611],[112.609938,33.017226],[112.609724,33.017019],[112.609338,33.016821],[112.609171,33.016769],[112.608927,33.016747],[112.608675,33.01661],[112.608573,33.016497],[112.608541,33.016405],[112.608552,33.01607],[112.608503,33.015982],[112.608224,33.015735],[112.607983,33.01562],[112.607304,33.015404],[112.606688,33.014867],[112.606261,33.01466],[112.606046,33.014595],[112.604472,33.014415],[112.604059,33.014246],[112.603812,33.014091],[112.6036,33.013479],[112.603531,33.013335],[112.603447,33.013247],[112.603262,33.013169],[112.602911,33.013135],[112.602444,33.013169],[112.602383,33.013148],[112.601763,33.012836],[112.601058,33.012415],[112.600776,33.012163],[112.600368,33.011682],[112.599835,33.011333],[112.599682,33.011151],[112.599564,33.010928],[112.599556,33.010825],[112.599647,33.01031],[112.599636,33.010049],[112.599507,33.009797],[112.599108,33.009401],[112.598788,33.008873],[112.598526,33.0084],[112.598271,33.007656],[112.598048,33.007453],[112.59774,33.007271],[112.59734,33.007111],[112.596141,33.00652],[112.594449,33.005616],[112.593263,33.005137],[112.592684,33.004959],[112.592351,33.004894],[112.591748,33.004853],[112.590911,33.004934],[112.587201,33.004772],[112.585731,33.004001],[112.584455,33.003105],[112.583784,33.002514],[112.583296,33.002019],[112.581612,33.000075],[112.581553,32.999947],[112.581432,32.99936],[112.581099,32.998579],[112.580627,32.997767],[112.579809,32.996674],[112.579227,32.995696],[112.578484,32.993653],[112.577417,32.990236],[112.576936,32.988834],[112.576231,32.986413]]]}},{"type":"Feature","properties":{"regionCode":"411302007","sourceCode":"411302007000","name":"赤虎街道","sourceName":"赤虎街道办事处","parentCode":"411302","parentName":"宛城区","regionLevel":"township","regionType":"street","isManagementZone":false,"source":"ruiduobao","sourceVersion":"mixed-legacy~2018-2020","geometryRepaired":false,"match2020":true,"match2023":true},"geometry":{"type":"Polygon","coordinates":[[[112.578565,32.637832],[112.578648,32.638153],[112.578983,32.638643],[112.579058,32.639375],[112.579053,32.639696],[112.578908,32.640021],[112.578554,32.64031],[112.577245,32.640595],[112.57622,32.640543],[112.576169,32.640658],[112.575754,32.642779],[112.576215,32.643158],[112.573962,32.644341],[112.570341,32.645161],[112.571052,32.646882],[112.569711,32.648054],[112.569045,32.649026],[112.569056,32.65076],[112.568887,32.652876],[112.570032,32.653436],[112.569383,32.655177],[112.569413,32.656907],[112.569206,32.658056],[112.56923,32.659411],[112.570384,32.660357],[112.572682,32.661672],[112.57158,32.663611],[112.572291,32.66514],[112.573466,32.66724],[112.574839,32.667798],[112.575786,32.6699],[112.575177,32.673948],[112.575638,32.674327],[112.576336,32.676192],[112.576829,32.677197],[112.578677,32.678709],[112.5785,32.681599],[112.579179,32.681396],[112.579643,32.681775],[112.581011,32.681949],[112.581743,32.684633],[112.582663,32.685198],[112.584262,32.685561],[112.584283,32.686715],[112.585943,32.690347],[112.586896,32.692645],[112.587826,32.693785],[112.58877,32.695505],[112.589688,32.695877],[112.591506,32.695852],[112.593805,32.696976],[112.594969,32.698308],[112.594993,32.699656],[112.595723,32.702148],[112.595551,32.705228],[112.594899,32.706968],[112.594711,32.709085],[112.595251,32.713355],[112.595749,32.715998],[112.597981,32.717867],[112.599228,32.719225],[112.601302,32.720545],[112.602932,32.722447],[112.604555,32.723966],[112.604145,32.726281],[112.600282,32.726906],[112.600752,32.727671],[112.602141,32.728806],[112.605985,32.72722],[112.607822,32.727967],[112.611046,32.729657],[112.613125,32.731171],[112.614522,32.732692],[112.616588,32.73525],[112.617475,32.735006],[112.617875,32.735733],[112.620463,32.735074],[112.620737,32.736028],[112.621064,32.735972],[112.621115,32.735936],[112.62133,32.735927],[112.621837,32.735769],[112.62203,32.735755],[112.622091,32.735801],[112.622545,32.73567],[112.622665,32.735663],[112.624127,32.735131],[112.624637,32.734871],[112.626729,32.734072],[112.626616,32.733747],[112.628325,32.733131],[112.628102,32.732428],[112.631004,32.731938],[112.630101,32.73044],[112.629084,32.728614],[112.628183,32.727321],[112.627287,32.726414],[112.626539,32.725801],[112.625651,32.725279],[112.624677,32.723898],[112.626901,32.722653],[112.626657,32.722389],[112.627684,32.721369],[112.628059,32.721635],[112.629679,32.720771],[112.631621,32.719805],[112.633558,32.722003],[112.635435,32.721057],[112.636913,32.721247],[112.638896,32.72024],[112.639362,32.717032],[112.640719,32.71651],[112.639504,32.714078],[112.639982,32.713868],[112.638735,32.711733],[112.639223,32.71146],[112.639209,32.710866],[112.641548,32.710212],[112.641326,32.709444],[112.639754,32.709939],[112.639298,32.707783],[112.639971,32.707508],[112.639679,32.705849],[112.640306,32.705632],[112.640293,32.704921],[112.64095,32.704468],[112.640336,32.703468],[112.642181,32.70273],[112.643576,32.704136],[112.647326,32.702069],[112.648197,32.701701],[112.649557,32.702572],[112.65004,32.702247],[112.650413,32.7021],[112.650716,32.701883],[112.649866,32.700938],[112.650558,32.700504],[112.650877,32.69999],[112.650657,32.699674],[112.650174,32.699166],[112.649866,32.698773],[112.649241,32.69841],[112.648865,32.698006],[112.64779,32.696724],[112.64735,32.696137],[112.646859,32.695683],[112.646513,32.695451],[112.646175,32.695164],[112.64533,32.693812],[112.644874,32.692895],[112.644515,32.692577],[112.646505,32.691424],[112.645875,32.69046],[112.647524,32.68976],[112.647143,32.688491],[112.645443,32.685225],[112.644882,32.684457],[112.64375,32.682161],[112.64272,32.680364],[112.642573,32.679728],[112.642444,32.679326],[112.641902,32.678369],[112.641363,32.677082],[112.640955,32.676427],[112.639899,32.676691],[112.63933,32.676989],[112.6386,32.677578],[112.637418,32.678671],[112.636852,32.679116],[112.636248,32.679786],[112.634988,32.680949],[112.634676,32.681182],[112.634226,32.681669],[112.633877,32.681471],[112.633418,32.680886],[112.632863,32.680423],[112.632482,32.679981],[112.632112,32.679658],[112.631562,32.67901],[112.631002,32.678463],[112.630439,32.677802],[112.629875,32.677265],[112.629264,32.676608],[112.6287,32.676095],[112.628507,32.675781],[112.627636,32.674912],[112.625954,32.673074],[112.625484,32.672605],[112.627429,32.67179],[112.629387,32.67146],[112.633724,32.669787],[112.634741,32.669468],[112.63513,32.669371],[112.635666,32.66929],[112.63671,32.669195],[112.63686,32.667633],[112.637769,32.667561],[112.637689,32.666917],[112.637367,32.665786],[112.638603,32.665431],[112.638517,32.664598],[112.636763,32.664686],[112.636642,32.66386],[112.637275,32.663729],[112.636085,32.660114],[112.634601,32.660317],[112.634261,32.660403],[112.634733,32.661938],[112.631804,32.662841],[112.631396,32.661805],[112.629838,32.662162],[112.629647,32.661606],[112.625954,32.662582],[112.622319,32.663607],[112.62196,32.663851],[112.622389,32.665483],[112.621137,32.665939],[112.620801,32.665452],[112.619034,32.666305],[112.616845,32.666088],[112.614552,32.66689],[112.611076,32.668554],[112.610263,32.667685],[112.611754,32.666906],[112.611116,32.665454],[112.610177,32.665804],[112.609013,32.663758],[112.608034,32.66411],[112.607811,32.663837],[112.606516,32.664591],[112.606068,32.664074],[112.604083,32.665054],[112.604531,32.665664],[112.603812,32.666073],[112.604754,32.666892],[112.605631,32.667881],[112.603759,32.66861],[112.603979,32.66915],[112.606229,32.66836],[112.60717,32.669109],[112.605655,32.66978],[112.60628,32.671202],[112.600929,32.673329],[112.598735,32.673411],[112.59737,32.671336],[112.595063,32.668188],[112.594534,32.667407],[112.594328,32.667192],[112.593727,32.666341],[112.593464,32.666032],[112.592949,32.665321],[112.59407,32.662618],[112.593665,32.661972],[112.594376,32.660477],[112.595079,32.6598],[112.592394,32.655561],[112.594282,32.654595],[112.593247,32.653129],[112.588921,32.654649],[112.588261,32.654735],[112.588017,32.654231],[112.587708,32.653748],[112.587389,32.653395],[112.587024,32.652847],[112.586123,32.650993],[112.586075,32.649346],[112.586094,32.648395],[112.591415,32.646193],[112.590723,32.644795],[112.593797,32.64365],[112.593411,32.642363],[112.595106,32.64148],[112.594577,32.640409],[112.592064,32.640441],[112.591986,32.639102],[112.590621,32.639045],[112.590227,32.637358],[112.588741,32.637715],[112.58814,32.636265],[112.585836,32.636865],[112.58531,32.635083],[112.580096,32.636692],[112.578919,32.63717],[112.578476,32.637444],[112.578565,32.637832]]]}},{"type":"Feature","properties":{"regionCode":"411302008","sourceCode":"411302008000","name":"五里堡街道","sourceName":"五里堡街道办事处","parentCode":"411302","parentName":"宛城区","regionLevel":"township","regionType":"street","isManagementZone":false,"source":"ruiduobao","sourceVersion":"mixed-legacy~2018-2020","geometryRepaired":false,"match2020":true,"match2023":true},"geometry":{"type":"Polygon","coordinates":[[[112.532959,32.950681],[112.524864,32.951144],[112.526275,32.958511],[112.522186,32.960458],[112.510892,32.963727],[112.510919,32.963869],[112.51126,32.964173],[112.511563,32.965415],[112.511944,32.966687],[112.512258,32.96706],[112.512837,32.967598],[112.513162,32.96785],[112.513451,32.968235],[112.513596,32.968638],[112.513693,32.96911],[112.513918,32.969608],[112.514409,32.971624],[112.515393,32.973422],[112.515916,32.974283],[112.516702,32.975456],[112.516844,32.975784],[112.517005,32.97661],[112.517375,32.977436],[112.517614,32.977872],[112.51781,32.978154],[112.51848,32.978853],[112.519006,32.979506],[112.519124,32.979774],[112.519288,32.980037],[112.519623,32.980298],[112.520076,32.98037],[112.52046,32.98028],[112.520838,32.980086],[112.521152,32.97985],[112.521468,32.979704],[112.521973,32.979605],[112.522474,32.97981],[112.522812,32.980001],[112.523274,32.979191],[112.524263,32.977983],[112.526948,32.975244],[112.529019,32.975199],[112.531315,32.972801],[112.533251,32.971106],[112.535381,32.969581],[112.534442,32.968019],[112.536365,32.966657],[112.537556,32.968023],[112.538192,32.967567],[112.538694,32.959087],[112.543007,32.958254],[112.547113,32.958385],[112.551029,32.960253],[112.551544,32.96294],[112.551657,32.966795],[112.555972,32.967497],[112.55896,32.9681],[112.558716,32.966705],[112.558488,32.965845],[112.558343,32.965478],[112.55822,32.965415],[112.558102,32.965053],[112.559371,32.964884],[112.559403,32.964607],[112.559786,32.964286],[112.560047,32.963986],[112.560414,32.963653],[112.560411,32.963457],[112.560143,32.962926],[112.560076,32.962692],[112.560108,32.962312],[112.559953,32.962366],[112.559921,32.962328],[112.560114,32.961718],[112.560036,32.961229],[112.560594,32.961047],[112.561809,32.960498],[112.561758,32.960385],[112.561699,32.960394],[112.561321,32.959488],[112.561372,32.959476],[112.561028,32.958754],[112.561441,32.958533],[112.562034,32.958277],[112.561948,32.957847],[112.561219,32.955547],[112.561015,32.954989],[112.56297,32.954487],[112.562887,32.954271],[112.546869,32.954104],[112.546027,32.949929],[112.532959,32.950681]]]}},{"type":"Feature","properties":{"regionCode":"411302102","sourceCode":"411302102000","name":"官庄镇","sourceName":"官庄镇","parentCode":"411302","parentName":"宛城区","regionLevel":"township","regionType":"town","isManagementZone":false,"source":"ruiduobao","sourceVersion":"mixed-legacy~2018-2020","geometryRepaired":false,"match2020":true,"match2023":true},"geometry":{"type":"Polygon","coordinates":[[[112.564239,32.636913],[112.564006,32.636215],[112.563472,32.634352],[112.563064,32.633272],[112.554478,32.637249],[112.551549,32.638758],[112.551195,32.639068],[112.550584,32.639836],[112.54954,32.641378],[112.549339,32.64178],[112.549366,32.642697],[112.549613,32.644463],[112.551442,32.65641],[112.550273,32.656801],[112.550439,32.658668],[112.550383,32.659208],[112.550804,32.662288],[112.549508,32.662844],[112.551734,32.665817],[112.550882,32.665975],[112.545893,32.666452],[112.544262,32.666754],[112.544324,32.669299],[112.541775,32.669884],[112.541869,32.670713],[112.54221,32.671514],[112.537597,32.672377],[112.536564,32.672598],[112.535939,32.672605],[112.534984,32.672523],[112.533077,32.672571],[112.5315,32.672751],[112.529432,32.672821],[112.52845,32.672765],[112.528485,32.673225],[112.528354,32.673503],[112.527839,32.673648],[112.526669,32.673754],[112.524328,32.673864],[112.524363,32.674199],[112.52352,32.674275],[112.523536,32.674673],[112.523679,32.675589],[112.52388,32.677565],[112.521372,32.677671],[112.521498,32.678529],[112.521645,32.678937],[112.521753,32.679409],[112.522498,32.679353],[112.522874,32.682046],[112.522772,32.682051],[112.522938,32.683408],[112.525162,32.683168],[112.526425,32.682997],[112.526567,32.683848],[112.525916,32.683927],[112.525996,32.684374],[112.524714,32.684814],[112.524451,32.683751],[112.523308,32.683929],[112.522305,32.684125],[112.522627,32.685304],[112.522643,32.685866],[112.522563,32.686295],[112.522442,32.686428],[112.519864,32.68739],[112.519795,32.687597],[112.519567,32.687803],[112.519923,32.688345],[112.520168,32.688798],[112.520774,32.690112],[112.522997,32.689913],[112.523051,32.690236],[112.520945,32.690548],[112.521307,32.691354],[112.521554,32.692123],[112.523279,32.691857],[112.52337,32.692403],[112.521718,32.692706],[112.521967,32.694047],[112.522222,32.696333],[112.522608,32.697044],[112.522855,32.697331],[112.523139,32.69783],[112.523488,32.698347],[112.523754,32.698651],[112.524003,32.69885],[112.524607,32.699033],[112.524942,32.699019],[112.52491,32.699198],[112.524945,32.700021],[112.525591,32.700001],[112.525615,32.70092],[112.525738,32.701655],[112.525446,32.703303],[112.526948,32.703434],[112.526503,32.704619],[112.525537,32.705752],[112.525682,32.705872],[112.526001,32.705903],[112.526125,32.706113],[112.526329,32.707555],[112.526463,32.707625],[112.526991,32.707544],[112.527085,32.707806],[112.528335,32.707508],[112.528394,32.707693],[112.530159,32.707357],[112.530693,32.709336],[112.531106,32.711011],[112.533171,32.71067],[112.533388,32.711475],[112.53341,32.711949],[112.533917,32.713813],[112.53422,32.715154],[112.532374,32.715391],[112.532693,32.716587],[112.53305,32.717397],[112.533318,32.7179],[112.533157,32.717952],[112.532921,32.718083],[112.531564,32.718322],[112.531763,32.719306],[112.531924,32.71985],[112.531725,32.719882],[112.531816,32.72018],[112.53253,32.720076],[112.532642,32.72055],[112.532787,32.720965],[112.533989,32.720708],[112.534547,32.722865],[112.53455,32.723172],[112.534638,32.723474],[112.533316,32.723874],[112.532541,32.724072],[112.53298,32.726116],[112.532795,32.726148],[112.532978,32.727385],[112.533182,32.727324],[112.534654,32.727247],[112.534606,32.726836],[112.534394,32.725852],[112.534633,32.72581],[112.53522,32.725719],[112.535515,32.726942],[112.536092,32.72687],[112.536567,32.726764],[112.537551,32.726654],[112.538122,32.726518],[112.538366,32.726525],[112.544796,32.723646],[112.544458,32.722817],[112.545721,32.722269],[112.545944,32.722648],[112.546394,32.722445],[112.546764,32.723118],[112.547325,32.723109],[112.547349,32.72224],[112.547502,32.722177],[112.547451,32.721791],[112.547539,32.721662],[112.547987,32.721515],[112.548669,32.721224],[112.548948,32.721773],[112.548317,32.722057],[112.548476,32.723233],[112.549243,32.723386],[112.5492,32.722486],[112.549554,32.722459],[112.54946,32.722287],[112.549634,32.722041],[112.549763,32.721737],[112.54975,32.721583],[112.550302,32.721389],[112.55024,32.72117],[112.549817,32.720193],[112.5524,32.719369],[112.552408,32.719419],[112.555986,32.718769],[112.555811,32.717857],[112.55668,32.717666],[112.556761,32.718013],[112.558067,32.717828],[112.558005,32.717521],[112.564081,32.716601],[112.563837,32.715881],[112.564496,32.71572],[112.564344,32.714852],[112.564636,32.714797],[112.564872,32.716413],[112.566492,32.716224],[112.566661,32.716928],[112.564966,32.717092],[112.565427,32.720574],[112.565202,32.720583],[112.564746,32.720669],[112.564362,32.720789],[112.564684,32.722073],[112.563311,32.72233],[112.563552,32.72319],[112.563592,32.723573],[112.563233,32.723691],[112.563536,32.724607],[112.563665,32.725173],[112.562836,32.725302],[112.562951,32.72581],[112.563772,32.725672],[112.563952,32.726459],[112.565406,32.726295],[112.565537,32.727112],[112.563641,32.72738],[112.563839,32.728389],[112.564022,32.728908],[112.564443,32.730801],[112.563702,32.731193],[112.563568,32.730187],[112.56193,32.730383],[112.562099,32.731326],[112.559553,32.731575],[112.560406,32.733179],[112.558695,32.734212],[112.556554,32.73479],[112.556651,32.735137],[112.55667,32.73541],[112.554932,32.73553],[112.553918,32.735661],[112.553808,32.735731],[112.553545,32.735769],[112.553588,32.736053],[112.553556,32.737168],[112.553357,32.73724],[112.552874,32.737545],[112.55314,32.738948],[112.552553,32.739043],[112.552362,32.737863],[112.551802,32.738212],[112.551464,32.738332],[112.551206,32.738346],[112.551383,32.739234],[112.550699,32.739341],[112.550635,32.738968],[112.549433,32.73891],[112.549312,32.739142],[112.549036,32.73948],[112.549267,32.739984],[112.54935,32.740358],[112.549342,32.740744],[112.549267,32.741008],[112.549101,32.741346],[112.550224,32.741434],[112.55023,32.741563],[112.55056,32.74154],[112.5506,32.741044],[112.55105,32.741037],[112.551179,32.741655],[112.552392,32.74154],[112.552193,32.741926],[112.553255,32.741849],[112.553365,32.742407],[112.551844,32.742519],[112.551922,32.743149],[112.553481,32.742989],[112.555693,32.742625],[112.556013,32.743627],[112.556211,32.744823],[112.556326,32.745116],[112.556946,32.745824],[112.557061,32.745763],[112.557976,32.745549],[112.558005,32.745633],[112.559068,32.746258],[112.56039,32.745869],[112.560001,32.744969],[112.559856,32.744534],[112.559778,32.743839],[112.559617,32.743329],[112.561817,32.742925],[112.562005,32.743742],[112.562069,32.743866],[112.562369,32.744108],[112.567077,32.743128],[112.567568,32.744527],[112.568517,32.744272],[112.569201,32.746009],[112.57099,32.74552],[112.571494,32.746431],[112.572197,32.74642],[112.572387,32.746797],[112.573393,32.746454],[112.573364,32.746395],[112.573415,32.746341],[112.573675,32.746318],[112.574777,32.746348],[112.575231,32.746316],[112.574718,32.744681],[112.575654,32.74448],[112.576059,32.746325],[112.576014,32.746409],[112.576604,32.746445],[112.57684,32.746255],[112.577044,32.746025],[112.577363,32.74582],[112.57772,32.745687],[112.578288,32.74561],[112.578597,32.745639],[112.579013,32.745565],[112.578594,32.743956],[112.579353,32.743947],[112.581021,32.743738],[112.580649,32.742526],[112.581148,32.742476],[112.581389,32.742386],[112.581477,32.742278],[112.58542,32.741238],[112.584951,32.739812],[112.588687,32.738499],[112.588271,32.737585],[112.590012,32.737102],[112.589833,32.736033],[112.590069,32.73585],[112.590095,32.735755],[112.59082,32.735374],[112.591997,32.734979],[112.59256,32.734718],[112.593207,32.734214],[112.593797,32.733599],[112.594516,32.733032],[112.594655,32.732974],[112.5952,32.734048],[112.595299,32.733955],[112.600776,32.731313],[112.600754,32.731232],[112.600148,32.730564],[112.60165,32.729828],[112.602219,32.730668],[112.601758,32.73083],[112.602179,32.731442],[112.603745,32.730674],[112.605255,32.732886],[112.605792,32.733727],[112.605907,32.734045],[112.607302,32.736365],[112.60823,32.73807],[112.608455,32.738506],[112.607299,32.73888],[112.60738,32.739043],[112.607431,32.739264],[112.607573,32.739447],[112.606256,32.739864],[112.606199,32.739999],[112.606414,32.740354],[112.606596,32.740493],[112.606679,32.740802],[112.606763,32.74094],[112.606983,32.74117],[112.608093,32.740802],[112.608678,32.741608],[112.609228,32.7424],[112.608195,32.742851],[112.608474,32.743165],[112.608745,32.743399],[112.609115,32.743954],[112.609249,32.744277],[112.609397,32.744516],[112.609654,32.744741],[112.613951,32.743456],[112.613283,32.742375],[112.616016,32.74138],[112.615327,32.740155],[112.616204,32.73983],[112.615826,32.739239],[112.615493,32.738591],[112.615442,32.738438],[112.615834,32.738255],[112.615729,32.737229],[112.615617,32.736902],[112.615356,32.736455],[112.615305,32.736227],[112.616188,32.735819],[112.61589,32.735521],[112.616094,32.735383],[112.616588,32.735248],[112.614522,32.732692],[112.613125,32.731171],[112.611046,32.729657],[112.607822,32.727967],[112.605985,32.72722],[112.602141,32.728806],[112.600752,32.727671],[112.600282,32.726906],[112.604145,32.726281],[112.604555,32.723966],[112.602932,32.722447],[112.601302,32.720545],[112.599228,32.719225],[112.597981,32.717867],[112.595749,32.715998],[112.595253,32.713355],[112.594711,32.709085],[112.594899,32.706968],[112.595551,32.705228],[112.595723,32.702148],[112.594993,32.699656],[112.594969,32.698308],[112.593805,32.696976],[112.591506,32.695852],[112.589688,32.695877],[112.58877,32.695505],[112.587826,32.693785],[112.586896,32.692645],[112.585943,32.690347],[112.584283,32.686715],[112.584262,32.685561],[112.582663,32.685198],[112.581743,32.684633],[112.581011,32.681949],[112.579643,32.681775],[112.579179,32.681396],[112.5785,32.681599],[112.578677,32.678709],[112.576829,32.677197],[112.576357,32.676242],[112.575638,32.674327],[112.575177,32.673948],[112.575786,32.6699],[112.574839,32.667798],[112.573466,32.66724],[112.572291,32.66514],[112.57158,32.663611],[112.572682,32.661672],[112.570384,32.660357],[112.56923,32.659411],[112.569206,32.658065],[112.569413,32.656907],[112.569383,32.655177],[112.570032,32.653436],[112.568887,32.652876],[112.569056,32.65076],[112.569045,32.649026],[112.569711,32.648054],[112.571052,32.646882],[112.570341,32.645161],[112.573962,32.644341],[112.576215,32.643158],[112.575754,32.642779],[112.576169,32.640658],[112.57622,32.640543],[112.577245,32.640595],[112.5778,32.640486],[112.576518,32.640421],[112.575898,32.640434],[112.573286,32.640604],[112.573189,32.639811],[112.571867,32.639797],[112.569595,32.639996],[112.568158,32.640156],[112.566189,32.640464],[112.565647,32.640443],[112.565202,32.640231],[112.564821,32.639124],[112.564679,32.638544],[112.564394,32.637681],[112.564239,32.636913]]]}},{"type":"Feature","properties":{"regionCode":"411302103","sourceCode":"411302103000","name":"瓦店镇","sourceName":"瓦店镇","parentCode":"411302","parentName":"宛城区","regionLevel":"township","regionType":"town","isManagementZone":false,"source":"ruiduobao","sourceVersion":"mixed-legacy~2018-2020","geometryRepaired":false,"match2020":true,"match2023":true},"geometry":{"type":"Polygon","coordinates":[[[112.485677,32.682274],[112.481487,32.682238],[112.481402,32.68285],[112.480967,32.684283],[112.480731,32.684654],[112.480275,32.684823],[112.477359,32.685101],[112.476348,32.685236],[112.47435,32.685383],[112.471958,32.685645],[112.472076,32.686051],[112.472145,32.686742],[112.472081,32.687471],[112.471443,32.687661],[112.469007,32.687731],[112.468382,32.687819],[112.468084,32.688661],[112.468302,32.689525],[112.468412,32.690286],[112.468527,32.690746],[112.468559,32.691108],[112.468532,32.691473],[112.468396,32.692099],[112.467398,32.693667],[112.466993,32.694457],[112.466612,32.694974],[112.465955,32.695604],[112.465595,32.695832],[112.465129,32.696272],[112.464793,32.69734],[112.464632,32.698227],[112.464284,32.69878],[112.463967,32.699412],[112.463897,32.700403],[112.463801,32.700789],[112.463667,32.701091],[112.463146,32.701775],[112.462967,32.702136],[112.463192,32.70252],[112.463597,32.703486],[112.463784,32.704292],[112.463892,32.705007],[112.464015,32.705355],[112.464249,32.705707],[112.465188,32.706689],[112.465464,32.707325],[112.465585,32.707706],[112.465719,32.708431],[112.465847,32.708776],[112.466277,32.709273],[112.466864,32.709814],[112.467256,32.710092],[112.467873,32.71046],[112.468146,32.7106],[112.468605,32.710744],[112.468948,32.710934],[112.469415,32.711302],[112.469782,32.711496],[112.470056,32.711724],[112.470303,32.712022],[112.471298,32.712782],[112.47151,32.712976],[112.472017,32.713595],[112.47229,32.714109],[112.472454,32.714671],[112.472328,32.714946],[112.472443,32.715321],[112.472684,32.715619],[112.473993,32.716847],[112.474216,32.717097],[112.474439,32.717413],[112.474948,32.718525],[112.47527,32.719078],[112.475393,32.719498],[112.475672,32.719886],[112.476,32.720171],[112.476297,32.720378],[112.476635,32.720574],[112.477008,32.720717],[112.478937,32.72117],[112.480227,32.721373],[112.480685,32.721522],[112.481018,32.721667],[112.482713,32.722651],[112.484945,32.723598],[112.485747,32.723874],[112.486085,32.724025],[112.486707,32.724356],[112.48723,32.724713],[112.487552,32.724977],[112.488298,32.72581],[112.488614,32.726096],[112.489014,32.726358],[112.490304,32.727073],[112.491433,32.727585],[112.491696,32.727793],[112.491991,32.727974],[112.493091,32.728479],[112.493404,32.728678],[112.493815,32.729099],[112.493812,32.729519],[112.49408,32.729862],[112.49422,32.730307],[112.494126,32.730699],[112.494421,32.731024],[112.49477,32.73166],[112.495199,32.732229],[112.495395,32.732552],[112.495824,32.733127],[112.4961,32.733414],[112.496226,32.733725],[112.496677,32.734332],[112.497326,32.734975],[112.497441,32.735372],[112.497691,32.73562],[112.498101,32.735765],[112.498635,32.736175],[112.498895,32.736408],[112.499139,32.73669],[112.49937,32.737055],[112.499563,32.737439],[112.499874,32.738237],[112.500027,32.738752],[112.500174,32.739562],[112.500204,32.739981],[112.500134,32.7405],[112.499952,32.74094],[112.499689,32.741163],[112.498951,32.741416],[112.498578,32.741664],[112.49835,32.742122],[112.49845,32.742583],[112.498439,32.743225],[112.498466,32.743575],[112.498688,32.744178],[112.498723,32.74446],[112.498809,32.744762],[112.499005,32.745096],[112.498879,32.745527],[112.498361,32.745883],[112.497535,32.746014],[112.497095,32.746215],[112.496642,32.746657],[112.496438,32.746937],[112.496288,32.747246],[112.496167,32.747613],[112.495915,32.748028],[112.495617,32.748308],[112.495371,32.748475],[112.494678,32.748671],[112.49378,32.749107],[112.492608,32.749159],[112.492197,32.749224],[112.491803,32.74933],[112.489885,32.750065],[112.489499,32.750311],[112.489228,32.750426],[112.488753,32.750571],[112.488053,32.750708],[112.487536,32.750749],[112.487249,32.75081],[112.486873,32.750966],[112.486487,32.751645],[112.486256,32.751926],[112.48531,32.752502],[112.484655,32.752815],[112.484014,32.75296],[112.48314,32.752849],[112.482692,32.752991],[112.481949,32.753327],[112.480761,32.753607],[112.479819,32.753921],[112.479146,32.754191],[112.478379,32.754597],[112.47795,32.754956],[112.477188,32.755743],[112.47641,32.756643],[112.47604,32.757178],[112.475884,32.757464],[112.475675,32.758125],[112.47553,32.758883],[112.475442,32.760645],[112.475482,32.7612],[112.475546,32.761619],[112.475817,32.762666],[112.476139,32.763284],[112.476359,32.763575],[112.476732,32.763857],[112.477115,32.763999],[112.477832,32.76403],[112.478507,32.763992],[112.478875,32.763908],[112.479578,32.76364],[112.480857,32.763225],[112.481689,32.763004],[112.482531,32.762914],[112.483437,32.762772],[112.485251,32.762824],[112.485567,32.762806],[112.486227,32.762697],[112.4865,32.762623],[112.486895,32.762451],[112.488276,32.761551],[112.488933,32.761037],[112.48984,32.760622],[112.491015,32.760273],[112.49176,32.760171],[112.492871,32.760121],[112.493337,32.760033],[112.493871,32.759979],[112.494279,32.76007],[112.495191,32.760566],[112.495931,32.760685],[112.497248,32.761006],[112.498299,32.761202],[112.499142,32.761461],[112.4996,32.761479],[112.5,32.761545],[112.500421,32.761657],[112.500845,32.761831],[112.501271,32.762257],[112.501499,32.762551],[112.501829,32.763142],[112.501945,32.76343],[112.50213,32.764208],[112.502197,32.764657],[112.502095,32.764969],[112.501816,32.765372],[112.501226,32.765905],[112.500759,32.766423],[112.500459,32.766843],[112.499555,32.767921],[112.499383,32.768198],[112.498847,32.770188],[112.498713,32.770485],[112.497897,32.771816],[112.497329,32.772362],[112.495609,32.773225],[112.495175,32.773284],[112.494011,32.773325],[112.493608,32.773379],[112.490838,32.774536],[112.489722,32.774822],[112.489376,32.774869],[112.488048,32.774912],[112.487353,32.774897],[112.485583,32.774786],[112.484422,32.774854],[112.484027,32.775057],[112.483574,32.775388],[112.482112,32.777113],[112.480951,32.77825],[112.480726,32.77859],[112.480401,32.779497],[112.480388,32.779779],[112.480511,32.780787],[112.481482,32.782108],[112.481707,32.782327],[112.484288,32.784359],[112.487305,32.787112],[112.488729,32.788071],[112.4898,32.789437],[112.489987,32.789843],[112.489985,32.791268],[112.48992,32.791726],[112.489912,32.792262],[112.490036,32.793184],[112.490138,32.794312],[112.491194,32.796217],[112.491605,32.797175],[112.491886,32.79805],[112.492283,32.798551],[112.492605,32.799306],[112.492782,32.799833],[112.493185,32.801292],[112.49334,32.802947],[112.493356,32.80407],[112.493168,32.804994],[112.492146,32.806741],[112.491484,32.80776],[112.490698,32.808721],[112.490572,32.808993],[112.490674,32.809999],[112.490913,32.810988],[112.49083,32.811426],[112.49062,32.811705],[112.490355,32.811983],[112.489384,32.812562],[112.489142,32.813087],[112.489183,32.813322],[112.490765,32.813322],[112.493753,32.813261],[112.493769,32.812868],[112.495856,32.812729],[112.495826,32.812641],[112.497143,32.812544],[112.497173,32.812681],[112.498801,32.812587],[112.498675,32.811254],[112.50121,32.810925],[112.500772,32.808842],[112.502508,32.808527],[112.502358,32.807936],[112.503101,32.807837],[112.503431,32.809036],[112.504015,32.808957],[112.504163,32.809692],[112.505735,32.809539],[112.505737,32.809442],[112.505804,32.809379],[112.505981,32.809349],[112.508119,32.809228],[112.509007,32.808297],[112.509085,32.808175],[112.509039,32.807357],[112.51052,32.807226],[112.510477,32.807438],[112.510579,32.807785],[112.510632,32.808119],[112.510715,32.80824],[112.51082,32.808274],[112.512201,32.808116],[112.512403,32.810283],[112.514092,32.810278],[112.514189,32.811777],[112.51258,32.811829],[112.511533,32.811899],[112.511861,32.812639],[112.512022,32.813114],[112.512099,32.81345],[112.512102,32.813666],[112.511397,32.813716],[112.511507,32.814358],[112.511571,32.815454],[112.51196,32.815438],[112.51366,32.815229],[112.516522,32.815051],[112.516544,32.815186],[112.516952,32.815204],[112.517043,32.816108],[112.517107,32.816331],[112.517204,32.81648],[112.517244,32.81675],[112.520897,32.816811],[112.520873,32.815506],[112.521316,32.815492],[112.521361,32.814122],[112.521297,32.814081],[112.521476,32.814014],[112.522257,32.813935],[112.522257,32.813511],[112.523794,32.813459],[112.524049,32.81386],[112.525916,32.813903],[112.525913,32.813691],[112.527806,32.813682],[112.527876,32.813734],[112.527898,32.813894],[112.528973,32.813754],[112.529394,32.813671],[112.530352,32.813678],[112.530475,32.814196],[112.53165,32.814374],[112.531714,32.814185],[112.532959,32.814293],[112.534136,32.814442],[112.534356,32.813768],[112.534625,32.813732],[112.534748,32.813621],[112.535212,32.813437],[112.536156,32.813155],[112.536449,32.813004],[112.536701,32.812936],[112.53706,32.812889],[112.537039,32.812016],[112.537293,32.812012],[112.537269,32.811333],[112.537897,32.811457],[112.538141,32.811412],[112.538246,32.810934],[112.538238,32.810797],[112.538023,32.81054],[112.537731,32.810326],[112.537419,32.810042],[112.537495,32.810012],[112.538576,32.809956],[112.538533,32.809442],[112.538766,32.809426],[112.538401,32.807363],[112.538525,32.807339],[112.538686,32.807251],[112.538125,32.804349],[112.537951,32.804088],[112.537859,32.803763],[112.537755,32.80358],[112.537288,32.803585],[112.537154,32.802904],[112.53706,32.802104],[112.538822,32.802034],[112.54019,32.802018],[112.540587,32.801953],[112.540767,32.80189],[112.540735,32.80168],[112.541636,32.80161],[112.541448,32.800474],[112.540898,32.800528],[112.540528,32.798873],[112.541201,32.79874],[112.542524,32.798593],[112.542269,32.797326],[112.541582,32.797444],[112.541156,32.795795],[112.54214,32.79628],[112.542231,32.796706],[112.543792,32.796533],[112.543747,32.796131],[112.543701,32.796098],[112.545544,32.795764],[112.545286,32.794979],[112.544868,32.794023],[112.544847,32.793917],[112.544973,32.793708],[112.544965,32.793568],[112.54468,32.792738],[112.544208,32.79088],[112.544026,32.790425],[112.543296,32.789347],[112.542854,32.788526],[112.542639,32.788339],[112.542551,32.788138],[112.542575,32.787901],[112.542805,32.787633],[112.542985,32.787275],[112.543087,32.78716],[112.543167,32.787139],[112.543291,32.786862],[112.543476,32.786749],[112.544286,32.786783],[112.544404,32.786677],[112.544399,32.786461],[112.544133,32.785996],[112.543994,32.785633],[112.543996,32.785441],[112.544063,32.785342],[112.544235,32.785335],[112.544616,32.785531],[112.544761,32.785527],[112.544852,32.785459],[112.544675,32.785241],[112.54449,32.784916],[112.544358,32.784591],[112.544372,32.784307],[112.54457,32.783833],[112.544514,32.783425],[112.544299,32.783168],[112.543811,32.782931],[112.543473,32.782952],[112.543226,32.783049],[112.543079,32.783168],[112.542714,32.783189],[112.54258,32.783071],[112.542545,32.782956],[112.542612,32.782765],[112.542832,32.782627],[112.543082,32.782415],[112.543106,32.782048],[112.542937,32.781829],[112.542245,32.781238],[112.542041,32.780949],[112.541934,32.780733],[112.541877,32.780433],[112.541649,32.780043],[112.542215,32.780205],[112.543108,32.780816],[112.543406,32.780927],[112.543554,32.780753],[112.543575,32.780645],[112.543033,32.779847],[112.542693,32.779129],[112.543374,32.778875],[112.54354,32.779211],[112.543811,32.779168],[112.543937,32.77924],[112.544074,32.779553],[112.544203,32.779592],[112.544573,32.779524],[112.54409,32.778496],[112.543996,32.778218],[112.544678,32.778013],[112.545125,32.778674],[112.545657,32.778491],[112.546917,32.778142],[112.546681,32.777373],[112.546783,32.777364],[112.546936,32.777411],[112.547266,32.777725],[112.547263,32.777885],[112.547298,32.777995],[112.547625,32.778494],[112.547955,32.779224],[112.54821,32.779154],[112.548591,32.779132],[112.550181,32.778791],[112.550122,32.778331],[112.549624,32.776852],[112.550522,32.776624],[112.551109,32.778153],[112.550707,32.778259],[112.551002,32.779177],[112.551337,32.779078],[112.551734,32.779048],[112.551388,32.778079],[112.551724,32.777988],[112.552123,32.778983],[112.552378,32.778915],[112.552121,32.778367],[112.55255,32.778225],[112.553145,32.77958],[112.553703,32.779402],[112.55321,32.778169],[112.55289,32.778248],[112.552813,32.778151],[112.55273,32.778173],[112.55204,32.776489],[112.552005,32.776378],[112.552547,32.776202],[112.553298,32.778135],[112.553687,32.778002],[112.553894,32.778505],[112.554315,32.779296],[112.554897,32.780584],[112.555012,32.7806],[112.555557,32.780368],[112.555074,32.77938],[112.55583,32.779021],[112.556233,32.779829],[112.556267,32.780034],[112.556308,32.780106],[112.556536,32.780041],[112.557045,32.779795],[112.556482,32.778715],[112.557485,32.778277],[112.557614,32.778518],[112.558815,32.777993],[112.55922,32.778491],[112.559572,32.778816],[112.561224,32.778],[112.560859,32.777567],[112.561948,32.777111],[112.561718,32.776859],[112.561235,32.776493],[112.561085,32.776326],[112.560956,32.776038],[112.561248,32.77599],[112.562367,32.775672],[112.562096,32.77523],[112.561718,32.775169],[112.561554,32.775106],[112.561152,32.774522],[112.560873,32.77422],[112.561693,32.773796],[112.562241,32.775138],[112.562984,32.774908],[112.564225,32.774466],[112.565097,32.774098],[112.56474,32.773363],[112.568742,32.771802],[112.568056,32.770699],[112.568415,32.770566],[112.568015,32.76987],[112.567782,32.769962],[112.567374,32.769272],[112.56786,32.769008],[112.568308,32.769732],[112.568847,32.769475],[112.568522,32.768936],[112.567959,32.767772],[112.567184,32.768072],[112.566771,32.76715],[112.567361,32.766908],[112.567423,32.766901],[112.567479,32.766971],[112.569099,32.766365],[112.568211,32.764878],[112.567782,32.764294],[112.567289,32.763505],[112.566462,32.764247],[112.565411,32.762368],[112.564276,32.762826],[112.563933,32.761759],[112.562718,32.758637],[112.562603,32.758258],[112.563059,32.758166],[112.563212,32.758536],[112.564504,32.758076],[112.564386,32.757809],[112.566036,32.757119],[112.565186,32.755687],[112.569418,32.753645],[112.568547,32.752518],[112.569453,32.75206],[112.569185,32.751649],[112.569662,32.751439],[112.570081,32.751861],[112.570169,32.751832],[112.57107,32.751394],[112.571368,32.751198],[112.571532,32.751128],[112.571245,32.750731],[112.572897,32.750063],[112.572554,32.749238],[112.572304,32.748486],[112.571816,32.747661],[112.573672,32.746984],[112.573393,32.746454],[112.572387,32.746797],[112.572197,32.74642],[112.571494,32.746431],[112.57099,32.74552],[112.569201,32.746009],[112.568517,32.744272],[112.567568,32.744527],[112.567077,32.743128],[112.562369,32.744108],[112.562069,32.743866],[112.562005,32.743742],[112.561817,32.742925],[112.559617,32.743329],[112.559778,32.743839],[112.559856,32.744534],[112.560001,32.744969],[112.56039,32.745869],[112.559068,32.746258],[112.558005,32.745633],[112.557976,32.745549],[112.557061,32.745763],[112.556946,32.745824],[112.556326,32.745116],[112.556211,32.744823],[112.556013,32.743627],[112.555693,32.742625],[112.553481,32.742989],[112.551922,32.743149],[112.551844,32.742519],[112.553365,32.742407],[112.553255,32.741849],[112.552193,32.741926],[112.552392,32.74154],[112.551179,32.741655],[112.55105,32.741037],[112.5506,32.741044],[112.55056,32.74154],[112.55023,32.741563],[112.550224,32.741434],[112.549101,32.741346],[112.549267,32.741008],[112.549342,32.740744],[112.54935,32.740358],[112.549267,32.739984],[112.549036,32.73948],[112.549312,32.739142],[112.549433,32.73891],[112.550635,32.738968],[112.550699,32.739341],[112.551383,32.739234],[112.551206,32.738346],[112.551464,32.738332],[112.551802,32.738212],[112.552362,32.737863],[112.552553,32.739043],[112.55314,32.738948],[112.552874,32.737545],[112.553357,32.73724],[112.553556,32.737168],[112.553588,32.736053],[112.553545,32.735769],[112.553808,32.735731],[112.553918,32.735661],[112.554932,32.73553],[112.55667,32.73541],[112.556651,32.735137],[112.556554,32.73479],[112.558695,32.734212],[112.560406,32.733179],[112.559553,32.731575],[112.562099,32.731326],[112.56193,32.730383],[112.563568,32.730187],[112.563702,32.731193],[112.564443,32.730801],[112.564022,32.728908],[112.563839,32.728389],[112.563641,32.72738],[112.565537,32.727112],[112.565406,32.726295],[112.563952,32.726459],[112.563772,32.725672],[112.562951,32.72581],[112.562836,32.725302],[112.563665,32.725173],[112.563536,32.724607],[112.563233,32.723691],[112.563592,32.723573],[112.563552,32.72319],[112.563311,32.72233],[112.564684,32.722073],[112.564362,32.720789],[112.564746,32.720669],[112.565202,32.720583],[112.565427,32.720574],[112.564966,32.717092],[112.566661,32.716928],[112.566492,32.716224],[112.564872,32.716413],[112.564636,32.714797],[112.564344,32.714852],[112.564496,32.71572],[112.563837,32.715881],[112.564081,32.716601],[112.558005,32.717521],[112.558067,32.717828],[112.556761,32.718013],[112.55668,32.717666],[112.555811,32.717857],[112.555986,32.718769],[112.552408,32.719419],[112.5524,32.719369],[112.549817,32.720193],[112.55024,32.72117],[112.550302,32.721389],[112.54975,32.721583],[112.549763,32.721737],[112.549634,32.722041],[112.54946,32.722287],[112.549554,32.722459],[112.5492,32.722486],[112.549243,32.723386],[112.548476,32.723233],[112.548317,32.722057],[112.548948,32.721773],[112.548669,32.721224],[112.547987,32.721515],[112.547539,32.721662],[112.547451,32.721791],[112.547502,32.722177],[112.547349,32.72224],[112.547325,32.723109],[112.546764,32.723118],[112.546394,32.722445],[112.545944,32.722648],[112.545721,32.722269],[112.544458,32.722817],[112.544796,32.723646],[112.538366,32.726525],[112.538122,32.726518],[112.537551,32.726654],[112.536567,32.726764],[112.536092,32.72687],[112.535515,32.726942],[112.53522,32.725719],[112.534633,32.72581],[112.534394,32.725852],[112.534606,32.726836],[112.534654,32.727247],[112.533182,32.727324],[112.532978,32.727385],[112.532795,32.726148],[112.53298,32.726116],[112.532541,32.724072],[112.533316,32.723874],[112.534638,32.723474],[112.53455,32.723172],[112.534547,32.722865],[112.533989,32.720708],[112.532787,32.720965],[112.532642,32.72055],[112.53253,32.720076],[112.531816,32.72018],[112.531725,32.719882],[112.531924,32.71985],[112.531763,32.719306],[112.531564,32.718322],[112.532921,32.718083],[112.533157,32.717952],[112.533318,32.7179],[112.53305,32.717397],[112.532693,32.716587],[112.532374,32.715391],[112.53422,32.715154],[112.533917,32.713813],[112.53341,32.711949],[112.533388,32.711475],[112.533171,32.71067],[112.531106,32.711011],[112.530693,32.709336],[112.530159,32.707357],[112.528394,32.707693],[112.528335,32.707508],[112.527085,32.707806],[112.526991,32.707544],[112.526463,32.707625],[112.526329,32.707555],[112.526125,32.706113],[112.526001,32.705903],[112.525682,32.705872],[112.525537,32.705752],[112.526503,32.704619],[112.526948,32.703434],[112.525446,32.703303],[112.525738,32.701655],[112.525615,32.70092],[112.525591,32.700001],[112.524945,32.700021],[112.52491,32.699198],[112.524942,32.699019],[112.524607,32.699033],[112.524003,32.69885],[112.523754,32.698651],[112.523488,32.698347],[112.523139,32.69783],[112.522855,32.697331],[112.522608,32.697044],[112.522222,32.696333],[112.521967,32.694047],[112.521718,32.692706],[112.52337,32.692403],[112.523279,32.691857],[112.521554,32.692123],[112.521307,32.691354],[112.520945,32.690548],[112.523051,32.690236],[112.522997,32.689913],[112.520774,32.690112],[112.520168,32.688798],[112.519923,32.688345],[112.519567,32.687803],[112.519795,32.687597],[112.519864,32.68739],[112.522442,32.686428],[112.522563,32.686295],[112.522643,32.685866],[112.522627,32.685304],[112.522305,32.684125],[112.523308,32.683929],[112.524451,32.683751],[112.524714,32.684814],[112.525996,32.684374],[112.525916,32.683927],[112.526567,32.683848],[112.526425,32.682997],[112.525162,32.683168],[112.522938,32.683408],[112.522772,32.682051],[112.522874,32.682046],[112.522498,32.679353],[112.521753,32.679409],[112.521645,32.678937],[112.521498,32.678529],[112.521372,32.677671],[112.52388,32.677565],[112.523679,32.675589],[112.523536,32.674673],[112.52352,32.674275],[112.524363,32.674199],[112.524328,32.673864],[112.522885,32.673939],[112.522898,32.675413],[112.520843,32.675553],[112.520894,32.676958],[112.516378,32.677312],[112.514589,32.677204],[112.514607,32.676777],[112.514296,32.676623],[112.512499,32.676793],[112.512083,32.676872],[112.51145,32.676881],[112.510117,32.676608],[112.5092,32.676691],[112.508661,32.676786],[112.507352,32.674192],[112.506625,32.674138],[112.50434,32.674104],[112.502741,32.674032],[112.501169,32.674045],[112.500628,32.67234],[112.500443,32.671939],[112.500134,32.671977],[112.498131,32.672616],[112.496564,32.673203],[112.495065,32.673514],[112.494628,32.673564],[112.4943,32.673566],[112.49367,32.673675],[112.491511,32.674196],[112.491186,32.674381],[112.492549,32.677547],[112.492798,32.67794],[112.492184,32.678281],[112.487576,32.679899],[112.487662,32.681265],[112.487538,32.681899],[112.487418,32.682206],[112.486739,32.682304],[112.485677,32.682274]]]}},{"type":"Feature","properties":{"regionCode":"411302104","sourceCode":"411302104000","name":"红泥湾镇","sourceName":"红泥湾镇","parentCode":"411302","parentName":"宛城区","regionLevel":"township","regionType":"town","isManagementZone":false,"source":"ruiduobao","sourceVersion":"mixed-legacy~2018-2020","geometryRepaired":false,"match2020":true,"match2023":true},"geometry":{"type":"Polygon","coordinates":[[[112.668432,32.970643],[112.66844,32.970388],[112.667547,32.970634],[112.667423,32.970564],[112.667351,32.9704],[112.667271,32.969871],[112.667069,32.969043],[112.665044,32.969853],[112.664122,32.970004],[112.658843,32.971131],[112.658977,32.971898],[112.658717,32.971977],[112.658693,32.972024],[112.658781,32.97249],[112.656445,32.97299],[112.655067,32.973248],[112.654833,32.971979],[112.654466,32.972051],[112.654391,32.971678],[112.653216,32.971725],[112.653291,32.972301],[112.649093,32.973183],[112.64916,32.973541],[112.64904,32.973588],[112.649034,32.973622],[112.649372,32.974589],[112.648093,32.974848],[112.647605,32.975078],[112.647513,32.975172],[112.646859,32.975451],[112.646612,32.975112],[112.645671,32.975517],[112.645794,32.975886],[112.644989,32.976142],[112.645282,32.976585],[112.643573,32.977242],[112.643318,32.9763],[112.642908,32.976619],[112.643482,32.977704],[112.643662,32.977969],[112.643388,32.978181],[112.643436,32.978374],[112.643589,32.978482],[112.643705,32.978514],[112.643828,32.97918],[112.642876,32.979369],[112.643176,32.980179],[112.641822,32.980446],[112.642034,32.981144],[112.643037,32.980731],[112.643715,32.980545],[112.644823,32.980185],[112.645078,32.981117],[112.645432,32.982102],[112.646068,32.981868],[112.646481,32.983293],[112.64709,32.983252],[112.647503,32.984746],[112.648334,32.984546],[112.648589,32.986004],[112.649509,32.985875],[112.649732,32.987027],[112.649434,32.987086],[112.649678,32.988357],[112.65029,32.988209],[112.651228,32.988116],[112.651014,32.98673],[112.651429,32.98649],[112.651893,32.986361],[112.65206,32.987466],[112.652765,32.987306],[112.653342,32.987216],[112.653406,32.987174],[112.65335,32.986694],[112.654648,32.986546],[112.654975,32.988348],[112.655182,32.989284],[112.655531,32.990236],[112.655801,32.991198],[112.656695,32.990784],[112.667947,32.986643],[112.674585,32.987142],[112.680314,33.011511],[112.681296,33.015157],[112.67654,33.017908],[112.672026,33.021427],[112.668258,33.028592],[112.665369,33.033825],[112.663684,33.035768],[112.663888,33.035866],[112.663929,33.035952],[112.664052,33.036593],[112.664747,33.036485],[112.664961,33.036514],[112.665817,33.037004],[112.664242,33.037254],[112.664363,33.038],[112.665908,33.0378],[112.666522,33.041321],[112.667861,33.041146],[112.668046,33.042155],[112.66818,33.042693],[112.666858,33.04294],[112.66748,33.04502],[112.66837,33.044842],[112.668271,33.04451],[112.668805,33.043806],[112.668993,33.043347],[112.670084,33.043152],[112.67035,33.044055],[112.670905,33.043983],[112.672619,33.043673],[112.672568,33.043541],[112.674065,33.043259],[112.674741,33.045054],[112.675395,33.04504],[112.675521,33.045296],[112.67609,33.04502],[112.676519,33.044748],[112.677128,33.04442],[112.677187,33.044357],[112.677965,33.04388],[112.678399,33.043648],[112.67885,33.043489],[112.679174,33.043612],[112.679373,33.043223],[112.680539,33.042841],[112.680692,33.042655],[112.680558,33.042396],[112.681186,33.042034],[112.681687,33.043059],[112.682449,33.042855],[112.68331,33.042673],[112.683208,33.042544],[112.68272,33.041067],[112.683031,33.040878],[112.683667,33.040584],[112.684257,33.042464],[112.685941,33.042034],[112.686076,33.042387],[112.686781,33.042281],[112.687178,33.04388],[112.686996,33.043905],[112.687328,33.045022],[112.686714,33.045186],[112.686824,33.04562],[112.685732,33.045892],[112.685869,33.046416],[112.688967,33.047961],[112.689069,33.04786],[112.689726,33.047682],[112.68978,33.047967],[112.690115,33.048125],[112.691231,33.047862],[112.691405,33.048399],[112.690287,33.048624],[112.689898,33.048428],[112.690018,33.048966],[112.690254,33.049582],[112.689686,33.049746],[112.689364,33.049762],[112.687237,33.050369],[112.687382,33.050922],[112.687704,33.051886],[112.687814,33.052111],[112.687811,33.052187],[112.688259,33.053617],[112.687945,33.053653],[112.686405,33.054148],[112.686556,33.054537],[112.686971,33.055413],[112.686,33.055753],[112.685636,33.05591],[112.685746,33.056108],[112.685861,33.056225],[112.686585,33.056729],[112.687135,33.057365],[112.687427,33.057587],[112.687588,33.057774],[112.686038,33.058255],[112.684826,33.05852],[112.684751,33.058338],[112.679936,33.059491],[112.680255,33.060301],[112.680252,33.060532],[112.678209,33.061099],[112.67867,33.062292],[112.677632,33.062575],[112.675408,33.06334],[112.67572,33.06347],[112.675897,33.063702],[112.676261,33.064381],[112.674977,33.064823],[112.674939,33.064904],[112.675553,33.066413],[112.675948,33.067242],[112.675585,33.067381],[112.675958,33.068485],[112.676446,33.069672],[112.675754,33.069822],[112.675961,33.07033],[112.675368,33.070533],[112.673893,33.070897],[112.673869,33.071038],[112.674051,33.071472],[112.673378,33.071665],[112.672887,33.071848],[112.67274,33.071964],[112.673166,33.073326],[112.67377,33.074992],[112.674901,33.074841],[112.675878,33.074635],[112.676594,33.074529],[112.677383,33.074599],[112.678995,33.074967],[112.679746,33.075077],[112.680765,33.077314],[112.681406,33.078604],[112.681258,33.078649],[112.681717,33.080033],[112.680513,33.080498],[112.680556,33.080741],[112.680802,33.081242],[112.681065,33.081689],[112.681116,33.081858],[112.681392,33.082254],[112.681602,33.082777],[112.681685,33.08282],[112.682028,33.083409],[112.682039,33.083472],[112.683232,33.083096],[112.683396,33.083009],[112.683941,33.082824],[112.68471,33.082595],[112.684989,33.083033],[112.685469,33.082921],[112.685829,33.082885],[112.686237,33.083314],[112.687891,33.083009],[112.688098,33.083386],[112.688288,33.083595],[112.688492,33.083901],[112.689192,33.083811],[112.689259,33.084047],[112.692864,33.083508],[112.692958,33.083804],[112.69298,33.084054],[112.693221,33.084629],[112.69328,33.085027],[112.693419,33.085575],[112.69622,33.085173],[112.697183,33.085101],[112.69785,33.084986],[112.698534,33.084966],[112.699084,33.084865],[112.699444,33.084849],[112.699151,33.083544],[112.699736,33.08344],[112.700042,33.084822],[112.700302,33.084753],[112.700774,33.084726],[112.701316,33.084634],[112.701412,33.084609],[112.70134,33.084229],[112.702177,33.084121],[112.702094,33.083413],[112.704135,33.083047],[112.704046,33.0826],[112.704851,33.082593],[112.706302,33.082463],[112.70723,33.082343],[112.707635,33.082334],[112.707544,33.081404],[112.707375,33.080247],[112.707402,33.080089],[112.707531,33.080022],[112.708126,33.080105],[112.708456,33.079981],[112.708633,33.079977],[112.708971,33.079804],[112.709768,33.079586],[112.710181,33.079512],[112.710513,33.079294],[112.710757,33.079197],[112.710824,33.07919],[112.711001,33.079363],[112.71106,33.079366],[112.711565,33.078954],[112.711578,33.078887],[112.711637,33.078822],[112.711889,33.078673],[112.711895,33.078561],[112.712165,33.078601],[112.71227,33.078651],[112.71242,33.078806],[112.712407,33.078905],[112.712267,33.079157],[112.712082,33.079291],[112.712031,33.07937],[112.712072,33.079474],[112.712318,33.079779],[112.713026,33.080458],[112.713182,33.080687],[112.713391,33.080779],[112.713673,33.080802],[112.713842,33.08088],[112.714032,33.081076],[112.714032,33.081175],[112.713684,33.081595],[112.713608,33.081732],[112.713592,33.081885],[112.713619,33.081979],[112.713941,33.082209],[112.713976,33.082337],[112.713965,33.082517],[112.713783,33.08322],[112.713466,33.083541],[112.712691,33.084063],[112.712208,33.084496],[112.71157,33.085319],[112.711433,33.085438],[112.711181,33.085577],[112.710435,33.085849],[112.710272,33.085998],[112.710229,33.08611],[112.710205,33.086263],[112.710253,33.086422],[112.71039,33.086649],[112.710438,33.086793],[112.710406,33.086944],[112.710264,33.087254],[112.710229,33.087443],[112.71025,33.087867],[112.710358,33.088294],[112.710757,33.088863],[112.710918,33.089407],[112.710913,33.089508],[112.710856,33.089587],[112.710709,33.089739],[112.710556,33.08984],[112.710492,33.089989],[112.710567,33.090497],[112.710671,33.090849],[112.710891,33.091146],[112.711066,33.091515],[112.711047,33.091739],[112.711106,33.092011],[112.711742,33.092483],[112.712305,33.092789],[112.712546,33.093016],[112.712847,33.093364],[112.713321,33.093816],[112.713831,33.094368],[112.714459,33.09513],[112.715566,33.096164],[112.716312,33.097078],[112.716602,33.097618],[112.716731,33.097748],[112.717237,33.098042],[112.71801,33.098368],[112.718503,33.098723],[112.7189,33.099193],[112.719179,33.099579],[112.719477,33.100067],[112.720125,33.100925],[112.720445,33.101464],[112.720757,33.101889],[112.7211,33.102451],[112.721314,33.102875],[112.721371,33.103248],[112.721497,33.103518],[112.72166,33.103725],[112.722141,33.104037],[112.722336,33.104246],[112.722551,33.104547],[112.722715,33.104862],[112.722945,33.105444],[112.723385,33.106268],[112.723766,33.106879],[112.724265,33.107524],[112.724536,33.107949],[112.724764,33.108452],[112.724858,33.108861],[112.725161,33.109074],[112.726059,33.109539],[112.726319,33.109838],[112.726373,33.109973],[112.726368,33.110052],[112.726513,33.109928],[112.726609,33.110496],[112.726759,33.110878],[112.726985,33.111263],[112.727754,33.112051],[112.727805,33.11246],[112.727669,33.112802],[112.727821,33.113062],[112.728645,33.113561],[112.728961,33.113797],[112.729264,33.114114],[112.72971,33.114381],[112.730356,33.114961],[112.730598,33.115228],[112.730893,33.115151],[112.731791,33.114785],[112.733384,33.114313],[112.734913,33.113795],[112.736531,33.11315],[112.739041,33.112741],[112.741031,33.112163],[112.742085,33.112399],[112.74271,33.11244],[112.743389,33.112354],[112.745792,33.11095],[112.746908,33.11051],[112.749381,33.109728],[112.750559,33.109389],[112.751334,33.108838],[112.752471,33.108176],[112.75599,33.10667],[112.759514,33.105376],[112.759592,33.104743],[112.759351,33.104057],[112.759407,33.103729],[112.759946,33.103406],[112.760998,33.102902],[112.762594,33.102361],[112.763138,33.102046],[112.763661,33.101691],[112.776914,33.108576],[112.782474,33.111523],[112.782104,33.112152],[112.779948,33.113736],[112.78006,33.114197],[112.780827,33.115019],[112.781216,33.11559],[112.781224,33.116021],[112.781026,33.116412],[112.781307,33.116738],[112.781297,33.117126],[112.780897,33.117665],[112.781938,33.119204],[112.782461,33.119714],[112.784,33.119692],[112.784851,33.119593],[112.785296,33.119615],[112.785639,33.119698],[112.786023,33.120008],[112.786404,33.120233],[112.786779,33.120229],[112.787659,33.119784],[112.788101,33.119692],[112.788498,33.119887],[112.788694,33.120287],[112.788938,33.120485],[112.790017,33.1205],[112.790204,33.120244],[112.790505,33.12053],[112.791258,33.120565],[112.791714,33.121001],[112.792321,33.120541],[112.792653,33.120327],[112.793275,33.120038],[112.794161,33.119409],[112.794614,33.119615],[112.796231,33.120986],[112.796963,33.119433],[112.796636,33.119078],[112.795842,33.118658],[112.795896,33.118319],[112.796041,33.118061],[112.795883,33.117663],[112.795295,33.116785],[112.794804,33.115915],[112.794662,33.115578],[112.794523,33.114848],[112.794389,33.114471],[112.794091,33.113788],[112.793605,33.112413],[112.792795,33.110407],[112.790832,33.104749],[112.790722,33.104455],[112.790435,33.103869],[112.790304,33.103487],[112.790127,33.102768],[112.789823,33.101864],[112.789582,33.100745],[112.789131,33.097993],[112.788582,33.093843],[112.788289,33.093715],[112.787975,33.093795],[112.787189,33.093649],[112.785135,33.093654],[112.785172,33.092939],[112.783877,33.092818],[112.783821,33.091834],[112.782104,33.091737],[112.78197,33.090508],[112.780146,33.090595],[112.779695,33.088847],[112.77869,33.088849],[112.778306,33.088993],[112.777525,33.08916],[112.776356,33.089144],[112.771861,33.088962],[112.770911,33.088854],[112.770823,33.088117],[112.771222,33.088049],[112.770946,33.087009],[112.770104,33.086867],[112.769884,33.084995],[112.769693,33.084629],[112.767604,33.084168],[112.767564,33.082202],[112.767939,33.082105],[112.768642,33.082],[112.769423,33.081665],[112.770179,33.081458],[112.769498,33.080298],[112.769208,33.079662],[112.769018,33.079046],[112.767733,33.076021],[112.767647,33.075439],[112.76906,33.074866],[112.771091,33.074221],[112.77144,33.074082],[112.771289,33.073659],[112.770841,33.072627],[112.771568,33.072463],[112.770847,33.071182],[112.7727,33.070757],[112.774301,33.070519],[112.77604,33.070139],[112.776206,33.068926],[112.776064,33.067606],[112.775804,33.066871],[112.775007,33.065163],[112.774629,33.064922],[112.773548,33.064749],[112.772845,33.064841],[112.772582,33.064547],[112.772408,33.063821],[112.772244,33.0634],[112.771748,33.062856],[112.771415,33.062378],[112.771142,33.061818],[112.770957,33.061314],[112.769554,33.059132],[112.769358,33.05868],[112.769248,33.058082],[112.769162,33.057801],[112.76894,33.057358],[112.768736,33.056681],[112.768798,33.055796],[112.768916,33.055463],[112.769184,33.054065],[112.769181,33.053601],[112.769095,33.05323],[112.768945,33.052913],[112.768704,33.052713],[112.768159,33.052052],[112.768162,33.051025],[112.768427,33.050447],[112.76803,33.048921],[112.767537,33.047592],[112.767363,33.046158],[112.767341,33.045063],[112.767368,33.043376],[112.767636,33.042978],[112.768441,33.042895],[112.769103,33.042884],[112.769334,33.042675],[112.769318,33.042376],[112.769122,33.041731],[112.768779,33.039905],[112.768564,33.039473],[112.76817,33.037512],[112.768004,33.036979],[112.767864,33.036728],[112.769943,33.036788],[112.76979,33.034688],[112.771938,33.034475],[112.771743,33.033861],[112.776466,33.032811],[112.779264,33.031965],[112.779655,33.031738],[112.779736,33.031311],[112.779945,33.030652],[112.780929,33.029458],[112.781356,33.027969],[112.781369,33.027542],[112.781077,33.026642],[112.780886,33.026199],[112.781366,33.025837],[112.780991,33.024989],[112.780414,33.023822],[112.783552,33.022414],[112.783104,33.021929],[112.785709,33.020847],[112.788136,33.019983],[112.790368,33.018832],[112.789448,33.016711],[112.790014,33.016432],[112.791816,33.015726],[112.791387,33.014444],[112.791041,33.013857],[112.789912,33.012213],[112.789019,33.011241],[112.790108,33.010791],[112.789703,33.009642],[112.789437,33.00964],[112.788316,33.009892],[112.786304,33.010258],[112.785795,33.008702],[112.785044,33.008884],[112.78459,33.00896],[112.784384,33.008243],[112.783979,33.007276],[112.783665,33.006734],[112.78341,33.006441],[112.782576,33.007062],[112.782083,33.005501],[112.781871,33.00551],[112.780862,33.005814],[112.780857,33.00594],[112.780817,33.006012],[112.780001,33.006419],[112.779454,33.004482],[112.77837,33.004815],[112.777807,33.005044],[112.777673,33.005218],[112.777483,33.005371],[112.776549,33.005814],[112.776206,33.006066],[112.775734,33.006302],[112.774913,33.006619],[112.774374,33.006765],[112.773572,33.00692],[112.773226,33.007028],[112.772837,33.005535],[112.772606,33.005532],[112.772244,33.005589],[112.771448,33.005872],[112.770742,33.006165],[112.77001,33.004115],[112.769186,33.004273],[112.76817,33.004538],[112.767888,33.004554],[112.767212,33.004671],[112.766376,33.004916],[112.76592,33.005017],[112.764774,33.001886],[112.764546,33.001382],[112.764088,33.000156],[112.763498,33.000325],[112.763025,33.000361],[112.762612,33.000586],[112.763224,33.002116],[112.762425,33.002278],[112.761915,33.000957],[112.761202,33.001223],[112.761786,33.00244],[112.76155,33.002532],[112.761403,33.002727],[112.761081,33.002165],[112.760778,33.001524],[112.760418,33.001769],[112.759828,33.002035],[112.75937,33.002327],[112.758957,33.002509],[112.758141,33.003069],[112.757251,33.003567],[112.757074,33.001812],[112.756749,33.001816],[112.756526,33.001864],[112.756741,33.003063],[112.756792,33.003679],[112.756843,33.003762],[112.756221,33.004124],[112.755936,33.004255],[112.755537,33.004585],[112.755148,33.004651],[112.754877,33.004745],[112.754627,33.004894],[112.754472,33.005035],[112.754362,33.005078],[112.754273,33.005074],[112.754062,33.004961],[112.753949,33.004952],[112.753571,33.005047],[112.753302,33.005175],[112.753147,33.005177],[112.75212,33.005433],[112.752138,33.006536],[112.751999,33.006707],[112.751709,33.00692],[112.751411,33.006977],[112.751302,33.005449],[112.750958,33.005429],[112.750033,33.00529],[112.750065,33.007179],[112.749368,33.007273],[112.749317,33.005202],[112.747863,33.005006],[112.747675,33.00495],[112.745983,33.004684],[112.744465,33.004489],[112.744478,33.004268],[112.744703,33.004295],[112.744735,33.001486],[112.745602,33.001551],[112.745556,32.999425],[112.743207,32.999405],[112.742732,32.999443],[112.742335,32.996976],[112.742665,32.996976],[112.742523,32.995862],[112.741721,32.995954],[112.741385,32.992773],[112.741914,32.992591],[112.742563,32.992436],[112.742716,32.992362],[112.743266,32.992296],[112.743097,32.99002],[112.74289,32.989943],[112.742716,32.989941],[112.740707,32.990121],[112.740026,32.990107],[112.739714,32.990132],[112.739645,32.990101],[112.739089,32.990105],[112.737764,32.990038],[112.736673,32.990071],[112.736287,32.990123],[112.735235,32.988193],[112.734935,32.987576],[112.73465,32.987651],[112.734092,32.987718],[112.733712,32.986388],[112.733674,32.986233],[112.733792,32.986193],[112.733459,32.984692],[112.735568,32.984586],[112.734379,32.981553],[112.733827,32.981767],[112.733172,32.980152],[112.732974,32.979434],[112.73288,32.978937],[112.732786,32.978669],[112.73339,32.978347],[112.733899,32.977686],[112.73372,32.977211],[112.73362,32.976822],[112.733797,32.976833],[112.73313,32.974851],[112.733122,32.974736],[112.733465,32.974533],[112.73409,32.974279],[112.734157,32.974272],[112.734366,32.974364],[112.73464,32.974353],[112.735308,32.974191],[112.736472,32.973804],[112.736375,32.973449],[112.736292,32.973284],[112.736032,32.972922],[112.735814,32.971964],[112.735476,32.97204],[112.735021,32.972211],[112.734178,32.972661],[112.734189,32.972857],[112.734087,32.9729],[112.733577,32.972839],[112.732601,32.972555],[112.732309,32.972526],[112.731965,32.972436],[112.73027,32.972213],[112.729809,32.972036],[112.729568,32.972085],[112.729079,32.972069],[112.728084,32.972135],[112.727744,32.972222],[112.727387,32.972252],[112.727162,32.972353],[112.72596,32.972585],[112.725922,32.972218],[112.725872,32.972085],[112.72581,32.972036],[112.725802,32.971858],[112.725759,32.971822],[112.725745,32.971745],[112.725796,32.97161],[112.725799,32.9715],[112.725896,32.971491],[112.726089,32.97139],[112.725858,32.971189],[112.725308,32.971336],[112.724359,32.971527],[112.723871,32.969263],[112.723042,32.96963],[112.722717,32.969094],[112.720896,32.970037],[112.720813,32.969934],[112.717868,32.971072],[112.71757,32.970555],[112.717444,32.970244],[112.717305,32.970213],[112.717248,32.97006],[112.716765,32.970022],[112.716728,32.969999],[112.716712,32.969851],[112.714325,32.969963],[112.714121,32.970757],[112.713174,32.970454],[112.712705,32.970411],[112.712584,32.97037],[112.712332,32.970262],[112.71209,32.970042],[112.711699,32.969923],[112.711181,32.9697],[112.71073,32.969578],[112.710392,32.969396],[112.710017,32.969313],[112.709301,32.969063],[112.708834,32.968946],[112.708314,32.968734],[112.708142,32.968696],[112.707657,32.968721],[112.707565,32.968678],[112.707324,32.968669],[112.707139,32.968714],[112.707123,32.968615],[112.706501,32.968854],[112.706055,32.968849],[112.705538,32.968908],[112.704642,32.96893],[112.703952,32.968932],[112.703784,32.968905],[112.703019,32.968973],[112.703078,32.96853],[112.701962,32.968426],[112.70061,32.967868],[112.700326,32.968485],[112.700136,32.968365],[112.700584,32.96751],[112.700377,32.967405],[112.700246,32.967299],[112.700141,32.967254],[112.699586,32.968199],[112.697899,32.967643],[112.698054,32.967105],[112.69803,32.966959],[112.697826,32.966826],[112.697142,32.966516],[112.696968,32.966387],[112.696901,32.966234],[112.696906,32.965814],[112.696069,32.965636],[112.696174,32.965096],[112.694643,32.964846],[112.694637,32.964688],[112.694581,32.964625],[112.694589,32.964466],[112.693664,32.964295],[112.692864,32.964094],[112.692049,32.963959],[112.69195,32.963986],[112.691976,32.964222],[112.691947,32.964317],[112.693513,32.964727],[112.693358,32.965197],[112.692102,32.964844],[112.691875,32.964835],[112.691799,32.965168],[112.691813,32.96524],[112.691856,32.965345],[112.692081,32.965555],[112.69214,32.965694],[112.69214,32.965827],[112.691987,32.965919],[112.691896,32.966027],[112.691743,32.966095],[112.691545,32.966122],[112.691258,32.966214],[112.691217,32.966383],[112.692569,32.966507],[112.692191,32.966873],[112.691834,32.967292],[112.691802,32.96738],[112.691732,32.96738],[112.691561,32.967693],[112.691373,32.967947],[112.691327,32.968361],[112.691475,32.968743],[112.691212,32.969281],[112.69118,32.96941],[112.691132,32.970337],[112.691185,32.970989],[112.691848,32.970926],[112.691952,32.970953],[112.692599,32.973446],[112.691545,32.973833],[112.691314,32.973966],[112.690244,32.974358],[112.689675,32.974668],[112.689388,32.974968],[112.689275,32.975046],[112.688956,32.975154],[112.689713,32.97614],[112.689514,32.976228],[112.688522,32.975276],[112.687562,32.975454],[112.687698,32.975895],[112.687725,32.976079],[112.688205,32.977193],[112.687881,32.977159],[112.686971,32.977161],[112.686845,32.977247],[112.685807,32.97747],[112.685274,32.977539],[112.685193,32.977519],[112.685156,32.977384],[112.685107,32.977377],[112.684555,32.977463],[112.684528,32.977656],[112.684278,32.977659],[112.684099,32.976023],[112.682315,32.976385],[112.682374,32.97654],[112.682473,32.977038],[112.682487,32.977193],[112.68243,32.97731],[112.682484,32.977625],[112.682498,32.977659],[112.682629,32.977715],[112.682683,32.977805],[112.682575,32.978743],[112.681398,32.97864],[112.680786,32.978633],[112.680877,32.980219],[112.680531,32.980257],[112.680499,32.979189],[112.680049,32.979184],[112.680075,32.980278],[112.679829,32.980287],[112.679754,32.980251],[112.679131,32.980235],[112.678708,32.980181],[112.67863,32.979101],[112.67845,32.979024],[112.678187,32.978853],[112.678093,32.978844],[112.678064,32.978862],[112.678214,32.980485],[112.677822,32.980512],[112.677718,32.979801],[112.677621,32.979425],[112.677425,32.979508],[112.676884,32.979857],[112.676701,32.979915],[112.676677,32.97978],[112.67632,32.980028],[112.676371,32.980332],[112.676103,32.980413],[112.67584,32.980575],[112.675636,32.980761],[112.675765,32.981702],[112.674413,32.981853],[112.674558,32.982728],[112.673424,32.982881],[112.673319,32.98246],[112.672812,32.98289],[112.672737,32.983018],[112.672715,32.98314],[112.672785,32.983479],[112.671573,32.983583],[112.671412,32.982813],[112.670859,32.982831],[112.670473,32.981139],[112.670967,32.98093],[112.670873,32.980595],[112.670774,32.980631],[112.670567,32.979663],[112.670393,32.979459],[112.669993,32.978833],[112.669832,32.978223],[112.669381,32.977148],[112.669237,32.976876],[112.66918,32.976603],[112.669207,32.976302],[112.669787,32.976306],[112.669331,32.974364],[112.67024,32.974153],[112.669888,32.973334],[112.669086,32.973509],[112.66884,32.97249],[112.6695,32.972348],[112.669792,32.972189],[112.669529,32.97107],[112.668622,32.971257],[112.668553,32.970942],[112.668432,32.970643]]]}},{"type":"Feature","properties":{"regionCode":"411302105","sourceCode":"411302105000","name":"黄台岗镇","sourceName":"黄台岗镇","parentCode":"411302","parentName":"宛城区","regionLevel":"township","regionType":"town","isManagementZone":false,"source":"ruiduobao","sourceVersion":"mixed-legacy~2018-2020","geometryRepaired":false,"match2020":true,"match2023":true},"geometry":{"type":"Polygon","coordinates":[[[112.552005,32.776378],[112.55273,32.778173],[112.552813,32.778151],[112.55289,32.778248],[112.55321,32.778169],[112.553703,32.779402],[112.553145,32.77958],[112.55255,32.778225],[112.552121,32.778367],[112.552378,32.778915],[112.552123,32.778983],[112.551724,32.777988],[112.551388,32.778079],[112.551734,32.779048],[112.551337,32.779078],[112.551002,32.779177],[112.550707,32.778259],[112.551109,32.778153],[112.550522,32.776624],[112.549624,32.776852],[112.550122,32.778331],[112.550181,32.778791],[112.548591,32.779132],[112.54821,32.779154],[112.547955,32.779224],[112.547625,32.778494],[112.547298,32.777995],[112.547263,32.777885],[112.547266,32.777725],[112.546936,32.777411],[112.546783,32.777364],[112.546681,32.777373],[112.546917,32.778142],[112.545657,32.778491],[112.545125,32.778674],[112.544678,32.778013],[112.543996,32.778218],[112.54409,32.778496],[112.544573,32.779524],[112.544203,32.779592],[112.544074,32.779553],[112.543937,32.77924],[112.543811,32.779168],[112.54354,32.779211],[112.543374,32.778875],[112.542693,32.779129],[112.543033,32.779847],[112.543575,32.780645],[112.543554,32.780753],[112.543406,32.780927],[112.543108,32.780816],[112.542215,32.780205],[112.541649,32.780043],[112.541877,32.780433],[112.541934,32.780733],[112.542041,32.780949],[112.542245,32.781238],[112.542937,32.781829],[112.543106,32.782048],[112.543082,32.782415],[112.542832,32.782627],[112.542612,32.782765],[112.542545,32.782956],[112.54258,32.783071],[112.542714,32.783189],[112.543079,32.783168],[112.543226,32.783049],[112.543473,32.782952],[112.543811,32.782931],[112.544299,32.783168],[112.544514,32.783425],[112.54457,32.783833],[112.544372,32.784307],[112.544358,32.784591],[112.54449,32.784916],[112.544675,32.785241],[112.544852,32.785459],[112.544761,32.785527],[112.544616,32.785531],[112.544235,32.785335],[112.544063,32.785342],[112.543996,32.785441],[112.543994,32.785633],[112.544133,32.785996],[112.544399,32.786461],[112.544404,32.786677],[112.544286,32.786783],[112.543476,32.786749],[112.543291,32.786862],[112.543167,32.787139],[112.543087,32.78716],[112.542985,32.787275],[112.542805,32.787633],[112.542575,32.787901],[112.542551,32.788138],[112.542639,32.788339],[112.542854,32.788526],[112.543296,32.789347],[112.544026,32.790425],[112.544208,32.79088],[112.54468,32.792738],[112.544965,32.793568],[112.544973,32.793708],[112.544847,32.793917],[112.544868,32.794023],[112.545286,32.794979],[112.545544,32.795764],[112.543701,32.796098],[112.543747,32.796131],[112.543792,32.796533],[112.542231,32.796706],[112.54214,32.79628],[112.541156,32.795795],[112.541582,32.797444],[112.542269,32.797326],[112.542524,32.798593],[112.541201,32.79874],[112.540528,32.798873],[112.540898,32.800528],[112.541448,32.800474],[112.541636,32.80161],[112.540735,32.80168],[112.540767,32.80189],[112.540587,32.801953],[112.54019,32.802018],[112.538822,32.802034],[112.53706,32.802104],[112.537154,32.802904],[112.537288,32.803585],[112.537755,32.80358],[112.537859,32.803763],[112.537951,32.804088],[112.538125,32.804349],[112.538686,32.807251],[112.538525,32.807339],[112.538401,32.807363],[112.538766,32.809426],[112.538533,32.809442],[112.538576,32.809956],[112.537495,32.810012],[112.537419,32.810042],[112.537731,32.810326],[112.538023,32.81054],[112.538238,32.810797],[112.538246,32.810934],[112.538141,32.811412],[112.537897,32.811457],[112.537269,32.811333],[112.537293,32.812012],[112.537039,32.812016],[112.53706,32.812889],[112.536701,32.812936],[112.536449,32.813004],[112.536156,32.813155],[112.535212,32.813437],[112.534748,32.813621],[112.534625,32.813732],[112.534356,32.813768],[112.534136,32.814442],[112.532959,32.814293],[112.531714,32.814185],[112.53165,32.814374],[112.530475,32.814196],[112.530352,32.813678],[112.529394,32.813671],[112.528973,32.813754],[112.527898,32.813894],[112.527876,32.813734],[112.527806,32.813682],[112.525913,32.813691],[112.525916,32.813903],[112.524049,32.81386],[112.523794,32.813459],[112.522257,32.813511],[112.522257,32.813935],[112.521476,32.814014],[112.521297,32.814081],[112.521361,32.814122],[112.521316,32.815492],[112.520873,32.815506],[112.520897,32.816811],[112.517244,32.81675],[112.517204,32.81648],[112.517107,32.816331],[112.517043,32.816108],[112.516952,32.815204],[112.516544,32.815186],[112.516522,32.815051],[112.51366,32.815229],[112.51196,32.815438],[112.511571,32.815454],[112.511507,32.814358],[112.511397,32.813716],[112.512102,32.813666],[112.512099,32.81345],[112.512022,32.813114],[112.511861,32.812639],[112.511533,32.811899],[112.51258,32.811829],[112.514189,32.811777],[112.514092,32.810278],[112.512403,32.810283],[112.512201,32.808116],[112.51082,32.808274],[112.510715,32.80824],[112.510632,32.808119],[112.510579,32.807785],[112.510477,32.807438],[112.51052,32.807226],[112.509039,32.807357],[112.509085,32.808175],[112.509007,32.808297],[112.508119,32.809228],[112.505981,32.809349],[112.505804,32.809379],[112.505737,32.809442],[112.505735,32.809539],[112.504163,32.809692],[112.504015,32.808957],[112.503431,32.809036],[112.503101,32.807837],[112.502358,32.807936],[112.502508,32.808527],[112.500772,32.808842],[112.50121,32.810925],[112.498675,32.811254],[112.498801,32.812587],[112.497173,32.812681],[112.497143,32.812544],[112.495826,32.812641],[112.495856,32.812729],[112.493769,32.812868],[112.493753,32.813261],[112.490765,32.813322],[112.489183,32.813322],[112.489271,32.813856],[112.489491,32.814453],[112.489826,32.815837],[112.489923,32.816996],[112.48992,32.817293],[112.490022,32.818017],[112.489577,32.819297],[112.489429,32.820406],[112.489502,32.820826],[112.48984,32.821186],[112.490333,32.821635],[112.490843,32.822297],[112.491272,32.823014],[112.492002,32.823819],[112.493292,32.824457],[112.493911,32.824653],[112.496677,32.825847],[112.497007,32.82605],[112.497473,32.826479],[112.498015,32.82674],[112.498412,32.826679],[112.499268,32.8269],[112.500005,32.827376],[112.501325,32.827779],[112.501915,32.827666],[112.502902,32.827385],[112.503554,32.827297],[112.504254,32.827369],[112.506059,32.828115],[112.5067,32.82834],[112.510021,32.828455],[112.512386,32.828579],[112.51336,32.828694],[112.514739,32.829213],[112.515388,32.829327],[112.515699,32.829472],[112.516139,32.829916],[112.516482,32.830206],[112.516791,32.83059],[112.516962,32.830883],[112.517062,32.831176],[112.517067,32.83157],[112.517182,32.832068],[112.517252,32.832618],[112.517112,32.833073],[112.516992,32.833623],[112.516997,32.834148],[112.516954,32.83448],[112.517083,32.835102],[112.517324,32.835712],[112.517295,32.836093],[112.517424,32.836415],[112.51781,32.836785],[112.517955,32.837071],[112.517995,32.837391],[112.517952,32.838144],[112.517968,32.838759],[112.51778,32.839555],[112.517692,32.840346],[112.517504,32.841013],[112.517389,32.841301],[112.517222,32.841545],[112.516965,32.841723],[112.516243,32.842058],[112.515648,32.842739],[112.515417,32.842958],[112.515122,32.843106],[112.514653,32.843314],[112.514243,32.843431],[112.513379,32.843573],[112.51262,32.843798],[112.511552,32.844165],[112.510871,32.844461],[112.509087,32.844925],[112.508763,32.845132],[112.50802,32.845783],[112.507411,32.846214],[112.505992,32.846786],[112.505635,32.846971],[112.505067,32.847334],[112.504705,32.847286],[112.504259,32.847054],[112.503819,32.846888],[112.503524,32.84687],[112.503219,32.846933],[112.502846,32.847063],[112.501789,32.847478],[112.501373,32.847503],[112.501003,32.847478],[112.500713,32.84757],[112.500341,32.847854],[112.500062,32.848188],[112.499713,32.848767],[112.499539,32.84919],[112.498991,32.850247],[112.498586,32.850554],[112.498281,32.850851],[112.497801,32.851405],[112.497312,32.85187],[112.496864,32.852136],[112.496588,32.852437],[112.496312,32.852643],[112.495966,32.852784],[112.495475,32.853046],[112.495202,32.853307],[112.494456,32.854283],[112.493978,32.855026],[112.493922,32.855394],[112.49404,32.855763],[112.494113,32.85616],[112.493986,32.856554],[112.49374,32.857011],[112.493292,32.857584],[112.492683,32.858625],[112.492552,32.859021],[112.49257,32.859512],[112.49271,32.860517],[112.49286,32.860882],[112.493123,32.86134],[112.493616,32.861853],[112.494206,32.862606],[112.494952,32.863133],[112.4961,32.863687],[112.496352,32.864007],[112.496578,32.864629],[112.496634,32.865039],[112.496537,32.865764],[112.496441,32.867848],[112.496591,32.868743],[112.496814,32.869018],[112.497071,32.869252],[112.497248,32.86954],[112.497361,32.869925],[112.497157,32.870234],[112.496843,32.870392],[112.496518,32.870649],[112.496478,32.871054],[112.49654,32.87148],[112.496368,32.871822],[112.496291,32.872095],[112.496328,32.872462],[112.496438,32.87303],[112.496564,32.873325],[112.496891,32.873514],[112.497111,32.873825],[112.497363,32.87408],[112.497567,32.874526],[112.497551,32.874951],[112.497819,32.875215],[112.498334,32.875391],[112.499158,32.875762],[112.500341,32.876195],[112.500663,32.876393],[112.50095,32.876672],[112.501226,32.877089],[112.501585,32.877445],[112.502167,32.877853],[112.503039,32.878736],[112.503321,32.879067],[112.503707,32.879684],[112.503833,32.880002],[112.503892,32.880331],[112.503854,32.881024],[112.503983,32.881396],[112.504292,32.881828],[112.504514,32.882209],[112.504672,32.882538],[112.505088,32.883682],[112.505448,32.884324],[112.505775,32.884599],[112.506014,32.884858],[112.506048,32.88552],[112.506314,32.885723],[112.506448,32.886],[112.506539,32.886279],[112.506625,32.886698],[112.506502,32.887068],[112.506156,32.887239],[112.506019,32.887784],[112.505877,32.888198],[112.50567,32.888552],[112.50361,32.890761],[112.503079,32.891437],[112.502784,32.891647],[112.502443,32.891716],[112.501859,32.891926],[112.501226,32.89225],[112.500681,32.892674],[112.500392,32.892824],[112.500094,32.892915],[112.499641,32.892984],[112.498731,32.892948],[112.498149,32.893061],[112.497363,32.893074],[112.496846,32.893119],[112.496465,32.89321],[112.495907,32.893559],[112.495593,32.893667],[112.495271,32.893714],[112.494874,32.89371],[112.49393,32.893489],[112.493498,32.893536],[112.492774,32.89386],[112.492058,32.894415],[112.489185,32.89645],[112.488882,32.896709],[112.488625,32.897088],[112.488574,32.897448],[112.488571,32.89782],[112.488472,32.898131],[112.488177,32.898311],[112.487407,32.898464],[112.486981,32.898718],[112.486723,32.899146],[112.486581,32.89968],[112.485682,32.900986],[112.485406,32.901306],[112.486138,32.90175],[112.488407,32.902977],[112.489775,32.903999],[112.490315,32.904418],[112.491052,32.905625],[112.49143,32.905792],[112.492342,32.906096],[112.493737,32.906958],[112.49466,32.907467],[112.495282,32.907875],[112.495537,32.908082],[112.496194,32.908494],[112.496843,32.908672],[112.497734,32.909039],[112.497835,32.908935],[112.498372,32.90923],[112.499611,32.909814],[112.500276,32.909233],[112.500504,32.909203],[112.500641,32.9093],[112.502653,32.909753],[112.504313,32.910183],[112.504262,32.910383],[112.504927,32.910507],[112.504691,32.912302],[112.505665,32.912378],[112.508149,32.912092],[112.509262,32.912068],[112.511523,32.912128],[112.512062,32.908735],[112.515329,32.909023],[112.516447,32.909091],[112.516404,32.908967],[112.516383,32.908577],[112.518132,32.908764],[112.51939,32.908694],[112.519189,32.908149],[112.519395,32.908152],[112.519376,32.907404],[112.520473,32.907355],[112.520479,32.907199],[112.521879,32.907138],[112.521879,32.906274],[112.522198,32.906253],[112.522249,32.906062],[112.522227,32.905787],[112.523335,32.905713],[112.523319,32.905364],[112.523188,32.904634],[112.523172,32.903754],[112.523088,32.90234],[112.523102,32.902045],[112.523888,32.902036],[112.52403,32.902551],[112.524148,32.902432],[112.524196,32.902083],[112.524188,32.901864],[112.524271,32.90145],[112.524153,32.901049],[112.52422,32.901013],[112.525116,32.901155],[112.525736,32.901184],[112.526329,32.901162],[112.526975,32.90109],[112.527332,32.901092],[112.527131,32.900338],[112.527141,32.900243],[112.528072,32.90011],[112.528442,32.900103],[112.528823,32.900052],[112.529893,32.899831],[112.530379,32.899799],[112.530113,32.898811],[112.529982,32.8982],[112.530202,32.897813],[112.53249,32.897173],[112.532141,32.896047],[112.532401,32.89598],[112.531993,32.894926],[112.532012,32.894894],[112.533621,32.894606],[112.533458,32.894219],[112.53341,32.893869],[112.533192,32.893068],[112.532836,32.892101],[112.532672,32.891403],[112.532224,32.890372],[112.531806,32.888903],[112.531873,32.888624],[112.532176,32.888367],[112.532262,32.888115],[112.533174,32.888088],[112.53401,32.888007],[112.534665,32.888043],[112.539622,32.887196],[112.539721,32.888331],[112.541673,32.887944],[112.542121,32.888574],[112.542513,32.888428],[112.542631,32.888448],[112.543307,32.888133],[112.543339,32.888083],[112.543921,32.8878],[112.5439,32.887628],[112.544039,32.887534],[112.545512,32.888527],[112.545868,32.888951],[112.546059,32.888953],[112.546346,32.888901],[112.54773,32.888417],[112.547902,32.888604],[112.548095,32.888674],[112.54803,32.88889],[112.548261,32.88921],[112.549538,32.888863],[112.550147,32.890056],[112.552228,32.889471],[112.552963,32.890597],[112.553553,32.889964],[112.553835,32.889115],[112.554159,32.888996],[112.55436,32.889415],[112.554658,32.889671],[112.55498,32.889854],[112.555339,32.890374],[112.555811,32.890662],[112.55587,32.889509],[112.551962,32.887257],[112.552984,32.880698],[112.577111,32.880166],[112.576883,32.886838],[112.578264,32.88641],[112.578296,32.886419],[112.578519,32.887034],[112.579466,32.886824],[112.57931,32.886381],[112.579275,32.886013],[112.579664,32.885946],[112.580879,32.885867],[112.581043,32.885885],[112.581129,32.886378],[112.58188,32.886369],[112.581727,32.884716],[112.581279,32.884763],[112.580949,32.884734],[112.580987,32.884403],[112.580976,32.884223],[112.581628,32.884178],[112.581402,32.883193],[112.582395,32.88293],[112.583406,32.882793],[112.583387,32.882639],[112.583092,32.88172],[112.584994,32.881563],[112.584774,32.880556],[112.584736,32.880513],[112.585656,32.880369],[112.585284,32.879234],[112.585192,32.879123],[112.584447,32.879249],[112.584181,32.878425],[112.584903,32.878328],[112.58471,32.877596],[112.58736,32.877073],[112.587411,32.87733],[112.587614,32.877763],[112.587703,32.878044],[112.588408,32.877945],[112.588706,32.879472],[112.591171,32.879067],[112.591391,32.878999],[112.592241,32.880004],[112.592413,32.880263],[112.592544,32.880389],[112.592995,32.880621],[112.593437,32.880472],[112.593231,32.879686],[112.593668,32.879601],[112.593719,32.879551],[112.593845,32.879567],[112.595052,32.879328],[112.594762,32.877945],[112.595634,32.877819],[112.595425,32.876796],[112.596691,32.876609],[112.599019,32.876368],[112.598692,32.874309],[112.600183,32.8741],[112.600392,32.875249],[112.600441,32.875368],[112.60139,32.874622],[112.601876,32.874354],[112.602525,32.873895],[112.602619,32.873791],[112.603276,32.87341],[112.603928,32.872888],[112.604123,32.872791],[112.604772,32.872624],[112.604362,32.870423],[112.605867,32.870248],[112.605663,32.869076],[112.607009,32.868898],[112.607251,32.870223],[112.608342,32.870117],[112.608093,32.868774],[112.607709,32.868855],[112.60731,32.868896],[112.607087,32.867571],[112.606599,32.867625],[112.606419,32.866949],[112.604595,32.867245],[112.604225,32.866008],[112.603316,32.866118],[112.603391,32.866578],[112.602949,32.86663],[112.602769,32.865891],[112.602436,32.865958],[112.602117,32.864802],[112.602581,32.864669],[112.602426,32.863944],[112.6054,32.863397],[112.605336,32.862941],[112.608235,32.862491],[112.609225,32.862245],[112.609016,32.861051],[112.609751,32.860828],[112.609933,32.860815],[112.610024,32.860749],[112.610574,32.860659],[112.610309,32.859564],[112.6103,32.859368],[112.611148,32.859231],[112.610933,32.858237],[112.611811,32.858156],[112.611601,32.857207],[112.612275,32.857102],[112.612296,32.857232],[112.612366,32.857289],[112.61243,32.857289],[112.613417,32.857077],[112.613189,32.856162],[112.613028,32.856162],[112.612664,32.854932],[112.611958,32.855067],[112.611891,32.854857],[112.610818,32.855056],[112.610641,32.854344],[112.609839,32.854497],[112.609708,32.854121],[112.609144,32.854247],[112.608833,32.853368],[112.608565,32.853364],[112.608469,32.852994],[112.607715,32.853118],[112.607487,32.852109],[112.607873,32.852021],[112.608077,32.851942],[112.6079,32.850984],[112.607718,32.851011],[112.607463,32.849907],[112.608831,32.849639],[112.608452,32.847672],[112.607235,32.847836],[112.606586,32.845966],[112.607245,32.845439],[112.606449,32.842946],[112.604646,32.84335],[112.604266,32.841331],[112.60613,32.840943],[112.605829,32.839976],[112.606698,32.839787],[112.606371,32.838802],[112.608426,32.838345],[112.607908,32.836929],[112.608458,32.836778],[112.607991,32.835322],[112.60705,32.835467],[112.606505,32.835593],[112.604692,32.836127],[112.604354,32.835],[112.605899,32.834687],[112.605639,32.833758],[112.604005,32.834031],[112.603742,32.833145],[112.605271,32.832915],[112.605161,32.83258],[112.603619,32.832805],[112.60352,32.832564],[112.603289,32.831773],[112.602723,32.83189],[112.602232,32.830828],[112.602892,32.830718],[112.602474,32.82965],[112.600097,32.830134],[112.599853,32.828956],[112.600052,32.828861],[112.60028,32.82882],[112.60014,32.828284],[112.598327,32.828593],[112.59829,32.827689],[112.595194,32.828088],[112.5951,32.828013],[112.595066,32.827718],[112.595119,32.827155],[112.595159,32.827006],[112.595157,32.826736],[112.594387,32.82676],[112.59399,32.825563],[112.593856,32.825334],[112.593789,32.825318],[112.593102,32.825437],[112.592896,32.82544],[112.592871,32.825428],[112.592906,32.825174],[112.592762,32.82505],[112.592327,32.825043],[112.591799,32.824982],[112.59178,32.825011],[112.591206,32.824923],[112.590857,32.824914],[112.590793,32.825056],[112.590423,32.82511],[112.589645,32.825009],[112.589041,32.825016],[112.58899,32.824786],[112.588784,32.824243],[112.588339,32.823346],[112.58818,32.822579],[112.588132,32.822503],[112.586987,32.822769],[112.586831,32.822791],[112.586756,32.822769],[112.586727,32.822847],[112.584946,32.823118],[112.584669,32.821619],[112.583959,32.821734],[112.584009,32.821968],[112.583272,32.82209],[112.583535,32.823914],[112.582741,32.82404],[112.58236,32.82033],[112.582422,32.81952],[112.581558,32.819642],[112.58148,32.819676],[112.58133,32.819967],[112.580901,32.820014],[112.580828,32.819784],[112.579133,32.82005],[112.579377,32.821234],[112.579283,32.821583],[112.578441,32.821173],[112.578323,32.820397],[112.577706,32.820483],[112.577803,32.821112],[112.576588,32.821351],[112.576424,32.820648],[112.576054,32.81939],[112.574713,32.81973],[112.574649,32.819457],[112.574646,32.819291],[112.575437,32.819052],[112.575263,32.818301],[112.574101,32.818562],[112.573758,32.81714],[112.573517,32.817183],[112.573321,32.816534],[112.572371,32.816678],[112.572012,32.815337],[112.571776,32.815393],[112.571588,32.815531],[112.570794,32.812551],[112.570733,32.812506],[112.570623,32.812494],[112.570051,32.812591],[112.569751,32.811126],[112.570585,32.811004],[112.570472,32.81012],[112.570499,32.810046],[112.570757,32.809739],[112.57077,32.809638],[112.570657,32.809275],[112.570724,32.809095],[112.57073,32.808443],[112.570464,32.807578],[112.570346,32.807535],[112.570161,32.807614],[112.569421,32.807697],[112.568895,32.807828],[112.568729,32.807262],[112.567436,32.807526],[112.567605,32.808137],[112.56727,32.808213],[112.566709,32.806435],[112.566503,32.806536],[112.566411,32.807172],[112.566229,32.807368],[112.565508,32.807573],[112.565266,32.806789],[112.566071,32.806556],[112.566489,32.80652],[112.566562,32.806284],[112.566645,32.805634],[112.564979,32.805835],[112.564663,32.804814],[112.566369,32.804615],[112.566355,32.804563],[112.566401,32.804539],[112.56668,32.804478],[112.566752,32.804417],[112.566731,32.80414],[112.566771,32.804072],[112.566977,32.804038],[112.567039,32.804002],[112.567058,32.803919],[112.567023,32.80384],[112.566913,32.803738],[112.566015,32.803871],[112.565897,32.803612],[112.565709,32.803434],[112.56528,32.803112],[112.564923,32.802918],[112.566623,32.802595],[112.566642,32.802329],[112.566476,32.802322],[112.565304,32.802519],[112.564762,32.801279],[112.564671,32.801321],[112.564496,32.800889],[112.564585,32.800855],[112.564507,32.800681],[112.564512,32.800604],[112.564016,32.800465],[112.563619,32.799644],[112.563874,32.799522],[112.563303,32.798046],[112.563646,32.798023],[112.564116,32.79791],[112.563531,32.796713],[112.564389,32.796278],[112.564647,32.796181],[112.565864,32.796021],[112.565529,32.795114],[112.564531,32.795302],[112.563381,32.793254],[112.56253,32.791437],[112.562418,32.791146],[112.562748,32.790988],[112.56209,32.789514],[112.561723,32.789518],[112.561082,32.788179],[112.559752,32.788754],[112.55907,32.787297],[112.561785,32.786438],[112.562372,32.78637],[112.562477,32.786267],[112.562455,32.786181],[112.561624,32.784869],[112.561744,32.784697],[112.561744,32.784629],[112.561165,32.783664],[112.561114,32.783642],[112.56091,32.783689],[112.559738,32.784109],[112.559443,32.783653],[112.559371,32.783608],[112.558695,32.783865],[112.55862,32.783863],[112.55803,32.782801],[112.55738,32.783028],[112.557399,32.783056],[112.55715,32.783164],[112.557364,32.783651],[112.557217,32.78373],[112.557823,32.785002],[112.55734,32.785139],[112.556737,32.78389],[112.555972,32.784174],[112.555956,32.784275],[112.555889,32.78433],[112.555125,32.784645],[112.554709,32.783912],[112.554307,32.784052],[112.553751,32.782931],[112.55392,32.782875],[112.553601,32.78232],[112.552834,32.780744],[112.552778,32.780713],[112.552756,32.780519],[112.553381,32.780352],[112.553403,32.780248],[112.554586,32.779898],[112.554202,32.779066],[112.553894,32.778505],[112.553687,32.778002],[112.553298,32.778135],[112.552547,32.776202],[112.552005,32.776378]]]}},{"type":"Feature","properties":{"regionCode":"411302106","sourceCode":"411302106000","name":"金华镇","sourceName":"金华镇","parentCode":"411302","parentName":"宛城区","regionLevel":"township","regionType":"town","isManagementZone":false,"source":"ruiduobao","sourceVersion":"mixed-legacy~2018-2020","geometryRepaired":false,"match2020":true,"match2023":true},"geometry":{"type":"Polygon","coordinates":[[[112.60165,32.729828],[112.600148,32.730564],[112.600754,32.731232],[112.600776,32.731313],[112.595299,32.733955],[112.5952,32.734048],[112.594655,32.732974],[112.594516,32.733032],[112.593797,32.733599],[112.593207,32.734214],[112.59256,32.734718],[112.591997,32.734979],[112.59082,32.735374],[112.590095,32.735755],[112.590069,32.73585],[112.589833,32.736033],[112.590012,32.737102],[112.588271,32.737585],[112.588687,32.738499],[112.584951,32.739812],[112.58542,32.741238],[112.581477,32.742278],[112.581389,32.742386],[112.581148,32.742476],[112.580649,32.742526],[112.581021,32.743738],[112.579353,32.743947],[112.578594,32.743956],[112.579013,32.745565],[112.578597,32.745639],[112.578288,32.74561],[112.57772,32.745687],[112.577363,32.74582],[112.577044,32.746025],[112.57684,32.746255],[112.576604,32.746445],[112.576014,32.746409],[112.576059,32.746325],[112.575654,32.74448],[112.574718,32.744681],[112.575231,32.746316],[112.574777,32.746348],[112.573675,32.746318],[112.573415,32.746341],[112.573364,32.746395],[112.573672,32.746984],[112.571816,32.747661],[112.572304,32.748486],[112.572554,32.749238],[112.572897,32.750063],[112.571245,32.750731],[112.571532,32.751128],[112.571368,32.751198],[112.57107,32.751394],[112.570169,32.751832],[112.570081,32.751861],[112.569662,32.751439],[112.569185,32.751649],[112.569453,32.75206],[112.568547,32.752518],[112.569418,32.753645],[112.565186,32.755687],[112.566036,32.757119],[112.564386,32.757809],[112.564504,32.758076],[112.563212,32.758536],[112.563059,32.758166],[112.562603,32.758258],[112.562718,32.758637],[112.563933,32.761759],[112.564276,32.762826],[112.565411,32.762368],[112.566462,32.764247],[112.567289,32.763505],[112.567782,32.764294],[112.568211,32.764878],[112.569099,32.766365],[112.567479,32.766971],[112.567423,32.766901],[112.567361,32.766908],[112.566771,32.76715],[112.567184,32.768072],[112.567959,32.767772],[112.568522,32.768936],[112.568847,32.769475],[112.568308,32.769732],[112.56786,32.769008],[112.567374,32.769272],[112.567782,32.769962],[112.568015,32.76987],[112.568415,32.770566],[112.568056,32.770699],[112.568742,32.771802],[112.56474,32.773363],[112.565097,32.774098],[112.564225,32.774466],[112.562984,32.774908],[112.562241,32.775138],[112.561693,32.773796],[112.560873,32.77422],[112.561152,32.774522],[112.561554,32.775106],[112.561718,32.775169],[112.562096,32.77523],[112.562367,32.775672],[112.561248,32.77599],[112.560956,32.776038],[112.561085,32.776326],[112.561235,32.776493],[112.561718,32.776859],[112.561948,32.777111],[112.560859,32.777567],[112.561224,32.778],[112.559572,32.778816],[112.55922,32.778491],[112.558815,32.777993],[112.557614,32.778518],[112.557485,32.778277],[112.556482,32.778715],[112.557045,32.779795],[112.556536,32.780041],[112.556308,32.780106],[112.556267,32.780034],[112.556233,32.779829],[112.55583,32.779021],[112.555074,32.77938],[112.555557,32.780368],[112.555012,32.7806],[112.554897,32.780584],[112.554586,32.779898],[112.553403,32.780248],[112.553381,32.780352],[112.552756,32.780519],[112.552778,32.780713],[112.552834,32.780744],[112.553601,32.78232],[112.55392,32.782875],[112.553751,32.782931],[112.554307,32.784052],[112.554709,32.783912],[112.555125,32.784645],[112.555889,32.78433],[112.555956,32.784275],[112.555972,32.784174],[112.556737,32.78389],[112.55734,32.785139],[112.557823,32.785002],[112.557217,32.78373],[112.557364,32.783651],[112.55715,32.783164],[112.557399,32.783056],[112.55738,32.783028],[112.55803,32.782801],[112.55862,32.783863],[112.558695,32.783865],[112.559371,32.783608],[112.559443,32.783653],[112.559738,32.784109],[112.56091,32.783689],[112.561114,32.783642],[112.561165,32.783664],[112.561744,32.784629],[112.561744,32.784697],[112.561624,32.784869],[112.562455,32.786181],[112.562477,32.786267],[112.562372,32.78637],[112.561785,32.786438],[112.55907,32.787297],[112.559752,32.788754],[112.561082,32.788179],[112.561723,32.789518],[112.56209,32.789514],[112.562748,32.790988],[112.562418,32.791146],[112.56253,32.791437],[112.563381,32.793254],[112.564531,32.795302],[112.565529,32.795114],[112.565864,32.796021],[112.564647,32.796181],[112.564389,32.796278],[112.563531,32.796713],[112.564116,32.79791],[112.563646,32.798023],[112.563303,32.798046],[112.563874,32.799522],[112.563619,32.799644],[112.564016,32.800465],[112.564512,32.800604],[112.564507,32.800681],[112.564585,32.800855],[112.564496,32.800889],[112.564671,32.801321],[112.564762,32.801279],[112.565304,32.802519],[112.566476,32.802322],[112.566642,32.802329],[112.566623,32.802595],[112.564923,32.802918],[112.56528,32.803112],[112.565703,32.80343],[112.565897,32.803612],[112.566015,32.803871],[112.566913,32.803738],[112.567023,32.80384],[112.567058,32.803919],[112.567039,32.804002],[112.566977,32.804038],[112.566771,32.804072],[112.566731,32.80414],[112.566752,32.804417],[112.56668,32.804478],[112.566401,32.804539],[112.566355,32.804563],[112.566369,32.804615],[112.564663,32.804814],[112.564979,32.805835],[112.566645,32.805634],[112.566562,32.806284],[112.566489,32.80652],[112.566071,32.806556],[112.565266,32.806789],[112.565508,32.807573],[112.566229,32.807368],[112.566411,32.807172],[112.566503,32.806536],[112.566709,32.806435],[112.56727,32.808213],[112.567605,32.808137],[112.567436,32.807526],[112.568729,32.807262],[112.568895,32.807828],[112.569421,32.807697],[112.570161,32.807614],[112.570346,32.807535],[112.570464,32.807578],[112.57073,32.808443],[112.570724,32.809095],[112.570657,32.809275],[112.57077,32.809638],[112.570757,32.809739],[112.570499,32.810046],[112.570472,32.81012],[112.570585,32.811004],[112.569751,32.811126],[112.570051,32.812591],[112.570623,32.812494],[112.570733,32.812506],[112.570794,32.812551],[112.571588,32.815531],[112.571776,32.815393],[112.572012,32.815337],[112.572371,32.816678],[112.573321,32.816534],[112.573517,32.817183],[112.573758,32.81714],[112.574101,32.818562],[112.575263,32.818301],[112.575437,32.819052],[112.574646,32.819291],[112.574649,32.819457],[112.574713,32.81973],[112.576054,32.81939],[112.576424,32.820648],[112.576588,32.821351],[112.577803,32.821112],[112.577706,32.820483],[112.578323,32.820397],[112.578441,32.821173],[112.579283,32.821583],[112.579377,32.821234],[112.579133,32.82005],[112.580828,32.819784],[112.580901,32.820014],[112.58133,32.819967],[112.58148,32.819676],[112.581558,32.819642],[112.582422,32.81952],[112.58236,32.82033],[112.582741,32.82404],[112.583535,32.823914],[112.583272,32.82209],[112.584009,32.821968],[112.583959,32.821734],[112.584669,32.821619],[112.584946,32.823118],[112.586727,32.822847],[112.586756,32.822769],[112.586831,32.822791],[112.586987,32.822769],[112.588132,32.822503],[112.58818,32.822579],[112.588339,32.823346],[112.588784,32.824243],[112.58899,32.824786],[112.589041,32.825016],[112.589645,32.825009],[112.590423,32.82511],[112.590793,32.825056],[112.590857,32.824914],[112.591206,32.824923],[112.59178,32.825011],[112.591799,32.824982],[112.592327,32.825043],[112.592762,32.82505],[112.592906,32.825174],[112.592871,32.825428],[112.592896,32.82544],[112.593102,32.825437],[112.593789,32.825318],[112.593856,32.825334],[112.59399,32.825563],[112.594387,32.82676],[112.595157,32.826736],[112.595159,32.827006],[112.595119,32.827155],[112.595066,32.827718],[112.5951,32.828013],[112.595194,32.828088],[112.59829,32.827689],[112.598327,32.828593],[112.60014,32.828284],[112.60028,32.82882],[112.600052,32.828861],[112.599853,32.828956],[112.600097,32.830134],[112.602474,32.82965],[112.602892,32.830718],[112.602232,32.830828],[112.602723,32.83189],[112.603289,32.831773],[112.60352,32.832564],[112.603619,32.832805],[112.605161,32.83258],[112.605271,32.832915],[112.603742,32.833145],[112.604005,32.834031],[112.605639,32.833758],[112.605899,32.834687],[112.604354,32.835],[112.604692,32.836127],[112.606505,32.835593],[112.60705,32.835467],[112.607991,32.835322],[112.608721,32.837547],[112.610381,32.837125],[112.609743,32.835194],[112.610368,32.835185],[112.610874,32.836974],[112.612988,32.83663],[112.613055,32.837382],[112.611607,32.837641],[112.611856,32.839201],[112.612224,32.839131],[112.612186,32.838599],[112.613101,32.838435],[112.61309,32.837822],[112.613557,32.837806],[112.614171,32.837729],[112.615209,32.837515],[112.615402,32.838743],[112.617803,32.83836],[112.617846,32.838563],[112.618744,32.838423],[112.619047,32.840217],[112.620128,32.840021],[112.620045,32.839636],[112.621783,32.839239],[112.622086,32.840713],[112.623237,32.840449],[112.625653,32.839965],[112.626056,32.839805],[112.627282,32.839652],[112.628019,32.839447],[112.628507,32.839095],[112.628625,32.839408],[112.629607,32.841493],[112.629784,32.84145],[112.628821,32.838942],[112.629502,32.838759],[112.630033,32.840183],[112.63086,32.842178],[112.631098,32.842678],[112.635983,32.841403],[112.635403,32.839271],[112.635857,32.839194],[112.635779,32.838757],[112.638166,32.83848],[112.638016,32.83749],[112.640601,32.837035],[112.640631,32.837247],[112.640966,32.837206],[112.641071,32.837623],[112.641607,32.837538],[112.641355,32.836222],[112.642876,32.835999],[112.642624,32.834671],[112.643463,32.834615],[112.642959,32.832339],[112.644721,32.832059],[112.645008,32.833447],[112.646146,32.833231],[112.646387,32.833094],[112.64621,32.832048],[112.646199,32.831895],[112.646245,32.831532],[112.646137,32.830959],[112.645888,32.830132],[112.645829,32.829769],[112.645842,32.82967],[112.64595,32.829605],[112.646615,32.829438],[112.648796,32.828978],[112.649839,32.828802],[112.651381,32.828478],[112.652205,32.828212],[112.65243,32.82795],[112.653216,32.826706],[112.654026,32.826648],[112.653905,32.825944],[112.654839,32.825947],[112.654704,32.824865],[112.654906,32.824635],[112.655769,32.824457],[112.656526,32.824349],[112.657169,32.824134],[112.657676,32.823857],[112.65762,32.823551],[112.657478,32.823127],[112.657196,32.8225],[112.656874,32.82216],[112.655989,32.822072],[112.655002,32.818581],[112.654621,32.817415],[112.655622,32.817068],[112.655528,32.816498],[112.655571,32.816182],[112.655828,32.816042],[112.656421,32.815934],[112.656671,32.815673],[112.656206,32.814724],[112.654812,32.812481],[112.654538,32.811786],[112.656727,32.810988],[112.656614,32.810607],[112.657953,32.810111],[112.660463,32.809386],[112.65633,32.801173],[112.655946,32.801258],[112.654782,32.79897],[112.653771,32.796276],[112.654109,32.796059],[112.654307,32.795667],[112.658167,32.794282],[112.661635,32.792851],[112.661332,32.791841],[112.66093,32.790788],[112.660646,32.790253],[112.66056,32.789385],[112.660573,32.789054],[112.660361,32.788616],[112.660163,32.787951],[112.659921,32.787577],[112.659731,32.787153],[112.659777,32.786657],[112.659514,32.785292],[112.659613,32.784566],[112.659465,32.783597],[112.659245,32.783342],[112.659173,32.782952],[112.65917,32.782057],[112.660788,32.78189],[112.660474,32.780174],[112.661311,32.779851],[112.661295,32.778976],[112.663151,32.778624],[112.662821,32.776017],[112.660646,32.776105],[112.660377,32.774894],[112.66001,32.772851],[112.6595,32.771286],[112.658733,32.769121],[112.657287,32.769267],[112.656542,32.766933],[112.654648,32.767138],[112.653793,32.764418],[112.657464,32.763687],[112.657019,32.762388],[112.654989,32.762681],[112.653744,32.762806],[112.651389,32.763157],[112.650381,32.763347],[112.645276,32.764051],[112.644405,32.763972],[112.643646,32.762767],[112.643104,32.762185],[112.642892,32.76184],[112.642578,32.761006],[112.642369,32.760268],[112.642227,32.759961],[112.641991,32.759605],[112.641977,32.759212],[112.642034,32.758809],[112.642136,32.758387],[112.642608,32.757712],[112.642876,32.757421],[112.642951,32.757144],[112.64272,32.756733],[112.64239,32.756472],[112.641875,32.75628],[112.641543,32.756082],[112.640698,32.755256],[112.640086,32.754843],[112.639853,32.75464],[112.639091,32.753584],[112.641253,32.752806],[112.641167,32.751947],[112.640913,32.751367],[112.640668,32.750697],[112.643579,32.749862],[112.642785,32.748189],[112.644539,32.747537],[112.642433,32.742555],[112.640057,32.743031],[112.638204,32.743501],[112.638056,32.743088],[112.635366,32.743835],[112.635913,32.744866],[112.635586,32.745008],[112.634059,32.745493],[112.633727,32.745098],[112.632855,32.744523],[112.632692,32.744187],[112.632587,32.74385],[112.632386,32.743539],[112.631747,32.743151],[112.631434,32.742984],[112.631088,32.742846],[112.63068,32.742736],[112.630288,32.742673],[112.6288,32.742711],[112.628464,32.742749],[112.628046,32.742844],[112.627684,32.742971],[112.627349,32.743133],[112.626989,32.74261],[112.627105,32.741154],[112.627166,32.740737],[112.626649,32.739291],[112.624873,32.734781],[112.624127,32.735131],[112.622665,32.735663],[112.622545,32.73567],[112.622091,32.735801],[112.62203,32.735755],[112.621837,32.735769],[112.62133,32.735927],[112.621115,32.735936],[112.621062,32.735972],[112.620737,32.736028],[112.620463,32.735074],[112.617875,32.735733],[112.617475,32.735006],[112.616094,32.735383],[112.61589,32.735521],[112.616188,32.735819],[112.615305,32.736227],[112.615356,32.736455],[112.615617,32.736902],[112.615729,32.737229],[112.615834,32.738255],[112.615442,32.738438],[112.615493,32.738591],[112.615826,32.739239],[112.616204,32.73983],[112.615327,32.740155],[112.616016,32.74138],[112.613283,32.742375],[112.613951,32.743456],[112.609654,32.744741],[112.609397,32.744516],[112.609249,32.744277],[112.609115,32.743954],[112.608745,32.743399],[112.608474,32.743165],[112.608195,32.742851],[112.609228,32.7424],[112.608093,32.740802],[112.606983,32.74117],[112.606763,32.74094],[112.606679,32.740802],[112.606596,32.740493],[112.606414,32.740354],[112.606199,32.739999],[112.606256,32.739864],[112.607573,32.739447],[112.607431,32.739264],[112.60738,32.739043],[112.607299,32.73888],[112.608455,32.738506],[112.60823,32.73807],[112.607302,32.736365],[112.605907,32.734045],[112.605792,32.733727],[112.605255,32.732886],[112.603745,32.730674],[112.602179,32.731442],[112.601758,32.73083],[112.602219,32.730668],[112.60165,32.729828]]]}},{"type":"Feature","properties":{"regionCode":"411302107","sourceCode":"411302107000","name":"高庙镇","sourceName":"高庙镇","parentCode":"411302","parentName":"宛城区","regionLevel":"township","regionType":"town","isManagementZone":false,"source":"ruiduobao","sourceVersion":"mixed-legacy~2018-2020","geometryRepaired":false,"match2020":true,"match2023":true},"geometry":{"type":"Polygon","coordinates":[[[112.758039,32.907442],[112.755743,32.908589],[112.75537,32.907159],[112.752286,32.908242],[112.750913,32.905711],[112.749644,32.906328],[112.747648,32.90696],[112.746562,32.90715],[112.745366,32.90724],[112.745554,32.908735],[112.744454,32.908769],[112.744298,32.907654],[112.743247,32.907674],[112.743158,32.908008],[112.743182,32.90837],[112.741334,32.908699],[112.73995,32.908908],[112.738955,32.90894],[112.737925,32.909183],[112.737692,32.908426],[112.736077,32.908526],[112.736651,32.910277],[112.732735,32.912005],[112.733159,32.913016],[112.730758,32.914258],[112.731279,32.9152],[112.730965,32.915335],[112.73052,32.915582],[112.729407,32.916296],[112.72916,32.916548],[112.726569,32.918194],[112.726201,32.918372],[112.725896,32.918633],[112.725375,32.918667],[112.724949,32.918768],[112.724667,32.926889],[112.720174,32.930798],[112.713241,32.938584],[112.711624,32.949382],[112.714011,32.95455],[112.717541,32.959704],[112.71967,32.963334],[112.720467,32.96512],[112.72128,32.969835],[112.722717,32.969094],[112.723042,32.96963],[112.723871,32.969263],[112.724359,32.971527],[112.725308,32.971336],[112.725858,32.971189],[112.726089,32.97139],[112.725896,32.971491],[112.725799,32.9715],[112.725793,32.971624],[112.725745,32.971745],[112.725759,32.971822],[112.725802,32.971858],[112.72581,32.972036],[112.725872,32.972085],[112.725922,32.972218],[112.72596,32.972585],[112.727162,32.972353],[112.727387,32.972252],[112.727744,32.972222],[112.728084,32.972135],[112.729079,32.972069],[112.729568,32.972085],[112.729809,32.972036],[112.73027,32.972213],[112.731965,32.972436],[112.732309,32.972526],[112.732601,32.972555],[112.733577,32.972839],[112.734087,32.9729],[112.734189,32.972857],[112.734178,32.972661],[112.735021,32.972211],[112.735476,32.97204],[112.735814,32.971964],[112.736032,32.972922],[112.736292,32.973284],[112.736375,32.973449],[112.736472,32.973804],[112.735308,32.974191],[112.73464,32.974353],[112.734366,32.974364],[112.734157,32.974272],[112.73409,32.974279],[112.733465,32.974533],[112.733122,32.974736],[112.73313,32.974851],[112.733797,32.976833],[112.73362,32.976822],[112.73372,32.977211],[112.733899,32.977686],[112.73339,32.978347],[112.732786,32.978669],[112.73288,32.978937],[112.732974,32.979434],[112.733172,32.980152],[112.733827,32.981767],[112.734379,32.981553],[112.735568,32.984586],[112.733459,32.984692],[112.733792,32.986193],[112.733674,32.986233],[112.733712,32.986388],[112.734092,32.987718],[112.73465,32.987651],[112.734935,32.987576],[112.735235,32.988193],[112.736287,32.990123],[112.736673,32.990071],[112.737764,32.990038],[112.739089,32.990105],[112.739645,32.990101],[112.739714,32.990132],[112.740026,32.990107],[112.740707,32.990121],[112.742716,32.989941],[112.74289,32.989943],[112.743097,32.99002],[112.743266,32.992296],[112.742716,32.992362],[112.742563,32.992436],[112.741906,32.992593],[112.741385,32.992773],[112.741721,32.995954],[112.742523,32.995862],[112.742665,32.996976],[112.742335,32.996976],[112.742732,32.999443],[112.743207,32.999405],[112.745556,32.999425],[112.745602,33.001551],[112.744735,33.001486],[112.744703,33.004295],[112.744478,33.004268],[112.744465,33.004489],[112.745983,33.004684],[112.747675,33.00495],[112.747863,33.005006],[112.749317,33.005202],[112.749368,33.007273],[112.750065,33.007179],[112.750033,33.00529],[112.750958,33.005429],[112.751302,33.005449],[112.751411,33.006977],[112.751709,33.00692],[112.751999,33.006707],[112.752138,33.006536],[112.75212,33.005433],[112.753147,33.005177],[112.753302,33.005175],[112.753571,33.005047],[112.753949,33.004952],[112.754062,33.004961],[112.754273,33.005074],[112.754362,33.005078],[112.754472,33.005035],[112.754627,33.004894],[112.754877,33.004745],[112.755148,33.004651],[112.755537,33.004585],[112.755936,33.004255],[112.756221,33.004124],[112.756843,33.003762],[112.756792,33.003679],[112.756741,33.003063],[112.756526,33.001864],[112.756749,33.001816],[112.757074,33.001812],[112.757251,33.003567],[112.758141,33.003069],[112.758957,33.002509],[112.75937,33.002327],[112.759828,33.002035],[112.760418,33.001769],[112.760778,33.001524],[112.761081,33.002165],[112.761403,33.002727],[112.76155,33.002532],[112.761786,33.00244],[112.761202,33.001223],[112.761915,33.000957],[112.762425,33.002278],[112.763224,33.002116],[112.762612,33.000586],[112.763025,33.000361],[112.763498,33.000325],[112.764088,33.000156],[112.764546,33.001382],[112.764774,33.001886],[112.76592,33.005017],[112.766376,33.004916],[112.767212,33.004671],[112.767888,33.004554],[112.76817,33.004538],[112.769186,33.004273],[112.77001,33.004115],[112.770742,33.006165],[112.771448,33.005872],[112.772244,33.005589],[112.772606,33.005532],[112.772837,33.005535],[112.773226,33.007028],[112.773572,33.00692],[112.774374,33.006765],[112.774913,33.006619],[112.775734,33.006302],[112.776206,33.006066],[112.776549,33.005814],[112.777483,33.005371],[112.777673,33.005218],[112.777807,33.005044],[112.77837,33.004815],[112.779454,33.004482],[112.780001,33.006419],[112.780817,33.006012],[112.780857,33.00594],[112.780862,33.005814],[112.781871,33.00551],[112.782083,33.005501],[112.782576,33.007062],[112.78341,33.006441],[112.783665,33.006734],[112.783979,33.007276],[112.784384,33.008243],[112.78459,33.00896],[112.78543,33.008803],[112.785795,33.008702],[112.786304,33.010258],[112.788316,33.009892],[112.789437,33.00964],[112.789703,33.009642],[112.790108,33.010791],[112.79401,33.009172],[112.793887,33.006747],[112.793493,33.003495],[112.794434,33.003303],[112.794327,33.002914],[112.794018,33.002316],[112.793318,33.001326],[112.793206,33.00102],[112.793238,33.000656],[112.793439,33.000357],[112.793686,33.000127],[112.793908,32.999729],[112.793868,32.999263],[112.794981,32.999234],[112.794702,32.997108],[112.796548,32.996861],[112.797894,32.996847],[112.799404,32.995525],[112.799686,32.995315],[112.800166,32.99525],[112.800222,32.996719],[112.801456,32.996658],[112.801759,32.998404],[112.801928,33.000613],[112.803538,33.000777],[112.803586,33.001729],[112.803798,33.002136],[112.806094,33.002687],[112.806343,33.002934],[112.807617,33.00396],[112.808406,33.004558],[112.811327,33.006898],[112.812054,33.007546],[112.813035,33.00856],[112.818813,33.005647],[112.817877,33.003843],[112.819982,33.002862],[112.822042,33.002291],[112.822745,33.003767],[112.82448,33.003281],[112.829249,33.001699],[112.829525,33.002435],[112.830065,33.001848],[112.831542,33.000114],[112.832583,32.998555],[112.831701,32.996015],[112.829528,32.99651],[112.828968,32.995183],[112.827441,32.995358],[112.827219,32.99446],[112.825754,32.994789],[112.826033,32.995642],[112.825151,32.995896],[112.824923,32.994868],[112.823912,32.995147],[112.82209,32.991527],[112.821146,32.990071],[112.81844,32.990713],[112.818526,32.991075],[112.818676,32.991511],[112.817064,32.991819],[112.816844,32.991099],[112.817303,32.990989],[112.816163,32.988449],[112.818472,32.987977],[112.819875,32.987781],[112.819467,32.986886],[112.822863,32.986001],[112.822689,32.985081],[112.822694,32.984643],[112.824174,32.984591],[112.825655,32.984328],[112.825677,32.983369],[112.82635,32.983248],[112.826095,32.982177],[112.826902,32.982163],[112.827047,32.982953],[112.827908,32.982939],[112.827551,32.982044],[112.828096,32.981972],[112.827522,32.979321],[112.827412,32.978493],[112.827061,32.978597],[112.825784,32.978793],[112.824995,32.978871],[112.824579,32.976993],[112.824284,32.97526],[112.825092,32.975206],[112.825376,32.976432],[112.825647,32.976304],[112.826334,32.975897],[112.825939,32.974621],[112.825534,32.974034],[112.823523,32.972504],[112.82326,32.972375],[112.821516,32.972468],[112.821342,32.971613],[112.822589,32.971376],[112.822023,32.969232],[112.82057,32.96956],[112.820277,32.968026],[112.820052,32.967107],[112.819719,32.966232],[112.826304,32.965764],[112.825489,32.961691],[112.823359,32.962006],[112.822863,32.960631],[112.821095,32.960919],[112.820634,32.95967],[112.820301,32.959753],[112.819832,32.959812],[112.819389,32.959962],[112.818263,32.960131],[112.817289,32.960221],[112.816581,32.960358],[112.81597,32.960554],[112.815358,32.960653],[112.814728,32.960649],[112.814304,32.960705],[112.814795,32.962418],[112.81278,32.961963],[112.814449,32.964596],[112.811952,32.965278],[112.810991,32.963691],[112.809795,32.963874],[112.810503,32.965334],[112.807282,32.965778],[112.806239,32.963221],[112.805104,32.96332],[112.80446,32.961956],[112.804235,32.961547],[112.801695,32.961486],[112.801196,32.959956],[112.799868,32.959996],[112.799624,32.959022],[112.797586,32.959249],[112.797674,32.961103],[112.795333,32.961009],[112.794949,32.960865],[112.79401,32.961054],[112.790577,32.960995],[112.790247,32.960948],[112.789931,32.9608],[112.789791,32.960545],[112.789507,32.96039],[112.789405,32.959951],[112.789134,32.959476],[112.789408,32.95915],[112.789472,32.958821],[112.789367,32.9585],[112.789129,32.958319],[112.788638,32.958432],[112.787828,32.958441],[112.787557,32.958205],[112.787369,32.957572],[112.787139,32.957304],[112.786677,32.957289],[112.786299,32.957133],[112.785966,32.956949],[112.785915,32.956656],[112.786044,32.956373],[112.786935,32.955801],[112.787125,32.955524],[112.786988,32.954802],[112.786822,32.953307],[112.786964,32.952959],[112.787299,32.952643],[112.787546,32.952254],[112.787238,32.951943],[112.786852,32.951637],[112.786704,32.951185],[112.786728,32.950735],[112.786913,32.950282],[112.786734,32.949895],[112.78665,32.949623],[112.786661,32.949319],[112.78679,32.948912],[112.786449,32.948576],[112.786135,32.948435],[112.785913,32.94825],[112.785223,32.947494],[112.785025,32.947199],[112.784877,32.946857],[112.784674,32.946569],[112.784362,32.946449],[112.783048,32.946085],[112.782705,32.9459],[112.781997,32.945328],[112.781742,32.945027],[112.781452,32.94448],[112.780908,32.943924],[112.780476,32.943312],[112.780165,32.94301],[112.779264,32.942501],[112.778907,32.941835],[112.77789,32.940842],[112.777622,32.940388],[112.777279,32.940043],[112.776946,32.939802],[112.776646,32.939676],[112.776402,32.939514],[112.776155,32.939118],[112.776117,32.938566],[112.776198,32.937857],[112.775908,32.935656],[112.775884,32.935145],[112.776166,32.935021],[112.776455,32.935034],[112.776801,32.934884],[112.776742,32.934575],[112.776166,32.934226],[112.775559,32.934071],[112.775138,32.933913],[112.774884,32.933621],[112.774843,32.932876],[112.774658,32.932405],[112.774481,32.932061],[112.77406,32.931705],[112.773819,32.931361],[112.773703,32.931041],[112.773529,32.930748],[112.773178,32.930579],[112.772346,32.930343],[112.771976,32.930068],[112.77174,32.92965],[112.771721,32.929251],[112.771928,32.92892],[112.772706,32.929481],[112.773124,32.929379],[112.773969,32.928992],[112.774374,32.928668],[112.774562,32.928168],[112.774301,32.927891],[112.773972,32.927722],[112.772638,32.927506],[112.772207,32.927401],[112.772024,32.927162],[112.771885,32.926826],[112.771845,32.926511],[112.771094,32.92578],[112.77071,32.925471],[112.770407,32.925079],[112.770112,32.924807],[112.769873,32.924492],[112.769828,32.923985],[112.770074,32.923524],[112.770141,32.923098],[112.770072,32.922783],[112.770318,32.922528],[112.770927,32.92231],[112.771212,32.922159],[112.771464,32.921824],[112.771791,32.920777],[112.772303,32.91968],[112.772687,32.918593],[112.772732,32.918248],[112.772684,32.917906],[112.772802,32.917472],[112.773006,32.91708],[112.773272,32.916744],[112.774076,32.915938],[112.774591,32.915195],[112.774806,32.91434],[112.775267,32.913504],[112.775492,32.912905],[112.775484,32.912173],[112.775522,32.911881],[112.775651,32.911626],[112.77601,32.911419],[112.776289,32.911039],[112.776396,32.910728],[112.776487,32.91032],[112.776659,32.909989],[112.77674,32.909647],[112.776748,32.909284],[112.776538,32.909086],[112.776241,32.908989],[112.775694,32.908508],[112.775323,32.908359],[112.774913,32.908291],[112.774529,32.90812],[112.774221,32.907938],[112.773982,32.907627],[112.773583,32.907197],[112.77343,32.90678],[112.773011,32.906767],[112.772647,32.906897],[112.772282,32.906839],[112.772024,32.90667],[112.770571,32.906816],[112.770284,32.906402],[112.769991,32.906085],[112.769219,32.906195],[112.767591,32.906629],[112.767287,32.906738],[112.767548,32.907418],[112.766703,32.907789],[112.764967,32.906053],[112.76302,32.906656],[112.761939,32.905702],[112.761599,32.90567],[112.758039,32.907442]]]}},{"type":"Feature","properties":{"regionCode":"411302301","sourceCode":"411302301000","name":"溧河乡","sourceName":"溧河乡","parentCode":"411302","parentName":"宛城区","regionLevel":"township","regionType":"township","isManagementZone":false,"source":"ruiduobao","sourceVersion":"mixed-legacy~2018-2020","geometryRepaired":false,"match2020":true,"match2023":true},"geometry":{"type":"Polygon","coordinates":[[[112.551962,32.887257],[112.55587,32.889509],[112.555811,32.890662],[112.555339,32.890374],[112.55498,32.889854],[112.554658,32.889671],[112.55436,32.889415],[112.554159,32.888996],[112.553835,32.889115],[112.553553,32.889964],[112.552963,32.890597],[112.552228,32.889471],[112.550147,32.890056],[112.549538,32.888863],[112.548261,32.88921],[112.54803,32.88889],[112.548095,32.888674],[112.547902,32.888604],[112.54773,32.888417],[112.546346,32.888901],[112.546059,32.888953],[112.545868,32.888951],[112.545512,32.888527],[112.544039,32.887534],[112.5439,32.887628],[112.543921,32.8878],[112.543339,32.888083],[112.543307,32.888133],[112.542631,32.888448],[112.542513,32.888428],[112.542121,32.888574],[112.541673,32.887944],[112.539721,32.888331],[112.539622,32.887196],[112.534665,32.888043],[112.53401,32.888007],[112.533206,32.888086],[112.532262,32.888115],[112.532176,32.888367],[112.531873,32.888624],[112.531806,32.888903],[112.532224,32.890372],[112.532672,32.891403],[112.532836,32.892101],[112.533192,32.893068],[112.53341,32.893869],[112.533458,32.894219],[112.533621,32.894606],[112.532012,32.894894],[112.531993,32.894926],[112.532401,32.89598],[112.532141,32.896047],[112.53249,32.897173],[112.530202,32.897813],[112.529982,32.8982],[112.530113,32.898811],[112.530379,32.899799],[112.529893,32.899831],[112.528823,32.900052],[112.528442,32.900103],[112.528072,32.90011],[112.527141,32.900243],[112.527131,32.900338],[112.527332,32.901092],[112.526975,32.90109],[112.526329,32.901162],[112.525736,32.901184],[112.525116,32.901155],[112.52422,32.901013],[112.524153,32.901049],[112.524271,32.90145],[112.524188,32.901864],[112.524196,32.902083],[112.524148,32.902432],[112.52403,32.902551],[112.523888,32.902036],[112.523102,32.902045],[112.523088,32.90234],[112.523172,32.903754],[112.523188,32.904634],[112.523319,32.905364],[112.523335,32.905713],[112.522227,32.905787],[112.522249,32.906062],[112.522198,32.906253],[112.521879,32.906274],[112.521879,32.907138],[112.520479,32.907199],[112.520473,32.907355],[112.519376,32.907404],[112.519395,32.908152],[112.519189,32.908149],[112.51939,32.908694],[112.518132,32.908764],[112.516383,32.908577],[112.516404,32.908967],[112.516447,32.909091],[112.515329,32.909023],[112.512062,32.908735],[112.511523,32.912128],[112.509262,32.912068],[112.508149,32.912092],[112.505665,32.912378],[112.504691,32.912302],[112.504927,32.910507],[112.504262,32.910383],[112.504313,32.910183],[112.502653,32.909753],[112.500641,32.9093],[112.500504,32.909203],[112.500276,32.909233],[112.499611,32.909814],[112.498372,32.90923],[112.497835,32.908935],[112.497734,32.909039],[112.496843,32.908672],[112.496194,32.908494],[112.495537,32.908082],[112.495282,32.907875],[112.49466,32.907467],[112.493737,32.906958],[112.492342,32.906096],[112.49143,32.905792],[112.491052,32.905625],[112.490315,32.904418],[112.489775,32.903999],[112.488407,32.902977],[112.486138,32.90175],[112.485406,32.901306],[112.484848,32.901914],[112.484349,32.902342],[112.484175,32.902785],[112.483901,32.903139],[112.482724,32.904328],[112.482507,32.904643],[112.48244,32.904963],[112.482673,32.905812],[112.482686,32.906161],[112.482606,32.906564],[112.482496,32.90703],[112.482161,32.907559],[112.4816,32.9088],[112.481351,32.909719],[112.480806,32.910478],[112.480634,32.910863],[112.480436,32.911165],[112.48031,32.911451],[112.480152,32.911703],[112.478542,32.913509],[112.478054,32.914281],[112.47748,32.915569],[112.47741,32.91601],[112.476952,32.917553],[112.476979,32.918483],[112.476928,32.918971],[112.476708,32.919786],[112.476692,32.920131],[112.476769,32.920439],[112.476834,32.920928],[112.476807,32.921473],[112.47685,32.921921],[112.476775,32.923042],[112.476976,32.924307],[112.477271,32.925208],[112.477292,32.925604],[112.477274,32.926709],[112.477384,32.927727],[112.477646,32.928605],[112.477805,32.928902],[112.477528,32.929244],[112.477526,32.929611],[112.477585,32.930055],[112.477759,32.930476],[112.477995,32.930886],[112.478419,32.931466],[112.47936,32.932378],[112.479586,32.932905],[112.479803,32.933569],[112.479897,32.934458],[112.480101,32.934749],[112.480578,32.935163],[112.481042,32.935185],[112.481595,32.935129],[112.482461,32.935111],[112.483142,32.935262],[112.483748,32.935442],[112.484159,32.935491],[112.484532,32.935449],[112.484835,32.935329],[112.485272,32.935089],[112.48598,32.93462],[112.486471,32.934645],[112.487289,32.934944],[112.488536,32.935521],[112.489845,32.935971],[112.490175,32.936142],[112.490559,32.936401],[112.492031,32.937135],[112.493048,32.937513],[112.493439,32.937736],[112.493699,32.937959],[112.494249,32.938521],[112.494837,32.939206],[112.495175,32.939917],[112.496076,32.940734],[112.497849,32.9429],[112.498814,32.943478],[112.499895,32.943955],[112.501076,32.944685],[112.50188,32.945569],[112.502237,32.945716],[112.502623,32.94642],[112.503117,32.947629],[112.503259,32.947899],[112.503511,32.948248],[112.504192,32.949011],[112.504316,32.949364],[112.504579,32.949517],[112.505335,32.949632],[112.506233,32.950818],[112.506504,32.951133],[112.506807,32.951577],[112.507384,32.952517],[112.507623,32.952988],[112.507875,32.95369],[112.507942,32.954066],[112.507926,32.95437],[112.507829,32.954737],[112.507164,32.955781],[112.507153,32.956161],[112.507432,32.956481],[112.507781,32.957086],[112.508272,32.958043],[112.508336,32.95859],[112.508655,32.959402],[112.509144,32.959958],[112.509664,32.961108],[112.510412,32.962206],[112.51063,32.962618],[112.510764,32.96307],[112.510892,32.963727],[112.522182,32.96046],[112.526275,32.958511],[112.524864,32.951144],[112.546027,32.949929],[112.546869,32.954104],[112.562887,32.954271],[112.562326,32.953035],[112.563099,32.952898],[112.563504,32.952765],[112.563767,32.952754],[112.565972,32.952407],[112.56562,32.951081],[112.565548,32.950931],[112.568785,32.950368],[112.56805,32.947989],[112.567653,32.946769],[112.567573,32.946632],[112.566918,32.946807],[112.566495,32.946834],[112.566371,32.946814],[112.566347,32.946316],[112.566138,32.945995],[112.56606,32.945502],[112.566945,32.94536],[112.566583,32.943865],[112.566468,32.943152],[112.566288,32.942317],[112.566302,32.942258],[112.566039,32.941092],[112.565076,32.940108],[112.562326,32.933524],[112.549133,32.935061],[112.546676,32.926435],[112.567978,32.919969],[112.574616,32.921225],[112.577588,32.921567],[112.578189,32.917517],[112.582279,32.916692],[112.589554,32.926604],[112.598754,32.930138],[112.60996,32.931151],[112.611685,32.937288],[112.605837,32.941596],[112.605432,32.942206],[112.60621,32.942101],[112.606336,32.94206],[112.606535,32.942375],[112.606658,32.942897],[112.606859,32.942857],[112.608254,32.942798],[112.608259,32.943235],[112.609343,32.943206],[112.60934,32.943435],[112.609976,32.94369],[112.610472,32.943946],[112.610537,32.944239],[112.61025,32.944777],[112.610094,32.945198],[112.610022,32.945628],[112.61004,32.945916],[112.610158,32.946391],[112.610325,32.946337],[112.610789,32.946015],[112.611046,32.9459],[112.61147,32.947575],[112.611746,32.948858],[112.611679,32.948853],[112.611883,32.949522],[112.612135,32.950571],[112.613001,32.951207],[112.613597,32.951565],[112.614954,32.951698],[112.615056,32.953159],[112.615075,32.953649],[112.615043,32.953791],[112.614957,32.953884],[112.614753,32.953929],[112.614662,32.954647],[112.614622,32.954721],[112.613903,32.955263],[112.613071,32.956188],[112.614581,32.95601],[112.614772,32.956064],[112.61489,32.956373],[112.615252,32.956627],[112.615348,32.956764],[112.615507,32.95723],[112.615552,32.957444],[112.615555,32.957649],[112.615609,32.957838],[112.616065,32.958916],[112.618666,32.95852],[112.618642,32.95807],[112.619592,32.957896],[112.620056,32.957773],[112.621024,32.957248],[112.62189,32.956978],[112.621968,32.957345],[112.622065,32.957577],[112.622539,32.95744],[112.622829,32.958106],[112.622923,32.9582],[112.623583,32.959145],[112.62487,32.958945],[112.624988,32.959013],[112.625493,32.960503],[112.623457,32.961022],[112.623658,32.961664],[112.62557,32.961358],[112.625857,32.961261],[112.62741,32.960989],[112.627249,32.960543],[112.627158,32.959931],[112.62707,32.959879],[112.627048,32.95967],[112.628089,32.959452],[112.627633,32.958493],[112.627526,32.958043],[112.627552,32.957725],[112.627493,32.957455],[112.629291,32.957073],[112.628451,32.954331],[112.628086,32.953332],[112.627987,32.953148],[112.628084,32.953116],[112.628212,32.953145],[112.62895,32.953058],[112.62965,32.952909],[112.629594,32.952283],[112.629516,32.951833],[112.62947,32.951135],[112.632989,32.950969],[112.632936,32.950444],[112.63189,32.950528],[112.631761,32.949742],[112.631165,32.949931],[112.630924,32.94997],[112.630857,32.949393],[112.630849,32.948547],[112.630811,32.948385],[112.630675,32.94823],[112.630626,32.947942],[112.630591,32.94705],[112.630562,32.946949],[112.630452,32.946931],[112.629956,32.945925],[112.627947,32.946004],[112.627829,32.945781],[112.62774,32.945364],[112.627606,32.945133],[112.627515,32.944162],[112.627453,32.94398],[112.627386,32.942983],[112.625769,32.943019],[112.625729,32.943035],[112.625721,32.943179],[112.625412,32.943158],[112.625385,32.943093],[112.625409,32.942967],[112.625412,32.942031],[112.625393,32.941983],[112.625203,32.942013],[112.625168,32.941954],[112.625187,32.941686],[112.625179,32.941572],[112.625147,32.941538],[112.624454,32.941587],[112.624398,32.941617],[112.624412,32.941817],[112.624382,32.941954],[112.62432,32.941986],[112.624108,32.941938],[112.623341,32.941934],[112.623146,32.941907],[112.622564,32.941952],[112.622526,32.941914],[112.622561,32.941635],[112.622513,32.941486],[112.622129,32.941551],[112.621155,32.94161],[112.621094,32.941576],[112.62108,32.941493],[112.621094,32.941297],[112.621059,32.941196],[112.620925,32.939782],[112.620887,32.939568],[112.620836,32.939489],[112.620429,32.939541],[112.618937,32.939564],[112.618747,32.939546],[112.618503,32.939415],[112.618243,32.939426],[112.617398,32.939368],[112.617419,32.939066],[112.617261,32.938418],[112.617188,32.937938],[112.61776,32.93729],[112.618023,32.937173],[112.617542,32.936925],[112.617722,32.936475],[112.618318,32.935158],[112.618795,32.935253],[112.619144,32.934532],[112.619407,32.933799],[112.619417,32.93367],[112.619154,32.933612],[112.61927,32.933121],[112.619479,32.932583],[112.618511,32.932416],[112.618462,32.93227],[112.618275,32.931968],[112.618071,32.931763],[112.618082,32.931588],[112.618403,32.931142],[112.619487,32.931491],[112.619699,32.931174],[112.619863,32.930282],[112.620383,32.93003],[112.620683,32.929987],[112.620758,32.929949],[112.622537,32.930003],[112.622486,32.928936],[112.622505,32.928528],[112.62351,32.928141],[112.623905,32.928152],[112.624114,32.928105],[112.625385,32.928243],[112.625653,32.927693],[112.626013,32.926777],[112.627011,32.92446],[112.627713,32.92299],[112.628719,32.923024],[112.629838,32.923006],[112.630903,32.923091],[112.630591,32.922483],[112.630492,32.922357],[112.630401,32.922071],[112.630404,32.921844],[112.630511,32.921468],[112.628523,32.921079],[112.630001,32.918251],[112.627536,32.918681],[112.626834,32.915517],[112.626297,32.915612],[112.626042,32.915682],[112.625908,32.915754],[112.62586,32.915794],[112.625903,32.916287],[112.62354,32.91674],[112.623596,32.91651],[112.623599,32.916348],[112.623508,32.915801],[112.623661,32.91565],[112.623229,32.91447],[112.623052,32.914529],[112.622977,32.914513],[112.622762,32.914099],[112.622555,32.914119],[112.622196,32.914274],[112.621488,32.913184],[112.620198,32.913837],[112.619484,32.913155],[112.618623,32.913592],[112.618347,32.913687],[112.61798,32.913991],[112.617634,32.913799],[112.617344,32.913711],[112.617186,32.913617],[112.616976,32.913428],[112.61603,32.913957],[112.61545,32.91418],[112.61438,32.914472],[112.614281,32.914247],[112.614123,32.91429],[112.612881,32.914664],[112.612934,32.914943],[112.610231,32.915697],[112.60989,32.914335],[112.610807,32.914083],[112.611011,32.913918],[112.611655,32.913648],[112.612594,32.913351],[112.611792,32.912007],[112.611655,32.911824],[112.611918,32.911714],[112.613015,32.911032],[112.613715,32.910647],[112.61306,32.909836],[112.613734,32.909672],[112.614538,32.909415],[112.614208,32.908582],[112.614109,32.908523],[112.613908,32.907931],[112.614364,32.907845],[112.615558,32.907722],[112.615461,32.907413],[112.615322,32.907141],[112.615255,32.906783],[112.615783,32.906758],[112.616309,32.906681],[112.618497,32.906177],[112.619109,32.906071],[112.619806,32.906001],[112.62008,32.906044],[112.62148,32.905873],[112.62118,32.903959],[112.621995,32.903821],[112.621804,32.902639],[112.619887,32.90283],[112.618232,32.902945],[112.618224,32.903337],[112.618202,32.903299],[112.618143,32.903294],[112.618001,32.903342],[112.617392,32.903409],[112.617296,32.902972],[112.616488,32.903049],[112.616258,32.903123],[112.616183,32.902623],[112.614957,32.902846],[112.615134,32.903382],[112.613997,32.90361],[112.614023,32.903853],[112.61195,32.904375],[112.611803,32.903538],[112.610756,32.903643],[112.610526,32.902574],[112.608731,32.902934],[112.608241,32.901621],[112.606553,32.901891],[112.605277,32.902164],[112.605121,32.901828],[112.604644,32.901966],[112.60422,32.900916],[112.604062,32.900932],[112.603952,32.900714],[112.602798,32.901157],[112.602627,32.900729],[112.602522,32.900353],[112.60278,32.900229],[112.602364,32.899281],[112.602069,32.898518],[112.603742,32.897989],[112.603061,32.896849],[112.603222,32.896619],[112.603638,32.896173],[112.60381,32.895894],[112.603911,32.895818],[112.603968,32.8955],[112.604054,32.895347],[112.60419,32.895221],[112.60386,32.894426],[112.60426,32.894318],[112.604778,32.89441],[112.603498,32.891829],[112.601645,32.892505],[112.601565,32.892574],[112.600349,32.892982],[112.599848,32.892615],[112.599499,32.892435],[112.599151,32.892392],[112.598611,32.892475],[112.598308,32.892408],[112.597882,32.891282],[112.596804,32.889171],[112.596653,32.888813],[112.596511,32.888032],[112.596433,32.887827],[112.596315,32.887649],[112.595916,32.887309],[112.595629,32.886829],[112.595476,32.886225],[112.595452,32.885818],[112.595347,32.885272],[112.594795,32.883838],[112.594137,32.882612],[112.593767,32.881747],[112.593419,32.881772],[112.592922,32.881885],[112.592869,32.881513],[112.592987,32.881326],[112.593164,32.880567],[112.592995,32.880621],[112.592544,32.880389],[112.592413,32.880263],[112.592241,32.880004],[112.591391,32.878999],[112.591171,32.879067],[112.588706,32.879472],[112.588408,32.877945],[112.587703,32.878044],[112.587614,32.877763],[112.587411,32.87733],[112.58736,32.877073],[112.58471,32.877596],[112.584903,32.878328],[112.584181,32.878425],[112.584447,32.879249],[112.585192,32.879123],[112.585284,32.879234],[112.585656,32.880369],[112.584736,32.880513],[112.584774,32.880556],[112.584994,32.881563],[112.583092,32.88172],[112.583387,32.882639],[112.583406,32.882793],[112.582395,32.88293],[112.581402,32.883193],[112.581628,32.884178],[112.580976,32.884223],[112.580987,32.884403],[112.580949,32.884734],[112.581279,32.884763],[112.581727,32.884716],[112.58188,32.886369],[112.581129,32.886378],[112.581043,32.885885],[112.580879,32.885867],[112.579664,32.885946],[112.579275,32.886013],[112.57931,32.886381],[112.579466,32.886824],[112.578519,32.887034],[112.578296,32.886419],[112.578264,32.88641],[112.576883,32.886838],[112.577111,32.880166],[112.552984,32.880698],[112.551962,32.887257]]]}},{"type":"Feature","properties":{"regionCode":"411302302","sourceCode":"411302302000","name":"汉冢乡","sourceName":"汉冢乡","parentCode":"411302","parentName":"宛城区","regionLevel":"township","regionType":"township","isManagementZone":false,"source":"ruiduobao","sourceVersion":"mixed-legacy~2018-2020","geometryRepaired":false,"match2020":true,"match2023":true},"geometry":{"type":"Polygon","coordinates":[[[112.652205,32.828212],[112.651381,32.828478],[112.649839,32.828802],[112.648796,32.828978],[112.646615,32.829438],[112.64595,32.829605],[112.645842,32.82967],[112.645829,32.829769],[112.645888,32.830132],[112.646137,32.830959],[112.646245,32.831532],[112.646199,32.831895],[112.64621,32.832048],[112.646387,32.833094],[112.646146,32.833231],[112.645008,32.833447],[112.644721,32.832059],[112.642959,32.832339],[112.643463,32.834615],[112.642624,32.834671],[112.642876,32.835999],[112.641355,32.836222],[112.641607,32.837538],[112.641071,32.837623],[112.640966,32.837206],[112.640631,32.837247],[112.640601,32.837035],[112.638016,32.83749],[112.638166,32.83848],[112.635779,32.838757],[112.635857,32.839194],[112.635403,32.839271],[112.635983,32.841403],[112.631098,32.842678],[112.63086,32.842178],[112.630033,32.840183],[112.629502,32.838759],[112.628821,32.838942],[112.629784,32.84145],[112.629607,32.841493],[112.628625,32.839408],[112.628507,32.839095],[112.628019,32.839447],[112.627282,32.839652],[112.626056,32.839805],[112.625653,32.839965],[112.623237,32.840449],[112.622086,32.840713],[112.621783,32.839239],[112.620045,32.839636],[112.620128,32.840021],[112.619047,32.840217],[112.618744,32.838423],[112.617846,32.838563],[112.617803,32.83836],[112.615402,32.838743],[112.615209,32.837515],[112.614171,32.837729],[112.613557,32.837806],[112.61309,32.837822],[112.613101,32.838435],[112.612186,32.838599],[112.612224,32.839131],[112.611856,32.839201],[112.611607,32.837641],[112.613055,32.837382],[112.612988,32.83663],[112.610874,32.836974],[112.610368,32.835185],[112.609743,32.835194],[112.610381,32.837125],[112.608721,32.837547],[112.608458,32.836778],[112.607908,32.836929],[112.608426,32.838345],[112.606371,32.838802],[112.606698,32.839787],[112.605829,32.839976],[112.60613,32.840943],[112.604266,32.841331],[112.604646,32.84335],[112.606449,32.842946],[112.607245,32.845439],[112.606586,32.845966],[112.607235,32.847836],[112.608452,32.847672],[112.608831,32.849639],[112.607463,32.849907],[112.607718,32.851011],[112.6079,32.850984],[112.608077,32.851942],[112.607873,32.852021],[112.607487,32.852109],[112.607715,32.853118],[112.608469,32.852994],[112.608565,32.853364],[112.608833,32.853368],[112.609144,32.854247],[112.609708,32.854121],[112.609839,32.854497],[112.610641,32.854344],[112.610818,32.855056],[112.611891,32.854857],[112.611958,32.855067],[112.612664,32.854932],[112.613028,32.856162],[112.613189,32.856162],[112.613417,32.857077],[112.61243,32.857289],[112.612366,32.857289],[112.612296,32.857232],[112.612275,32.857102],[112.611601,32.857207],[112.611811,32.858156],[112.610933,32.858237],[112.611148,32.859231],[112.6103,32.859368],[112.610309,32.859564],[112.610574,32.860659],[112.610024,32.860749],[112.609933,32.860815],[112.609751,32.860828],[112.609016,32.861051],[112.609225,32.862245],[112.608235,32.862491],[112.605336,32.862941],[112.6054,32.863397],[112.602426,32.863944],[112.602581,32.864669],[112.602117,32.864802],[112.602436,32.865958],[112.602769,32.865891],[112.602949,32.86663],[112.603391,32.866578],[112.603316,32.866118],[112.604225,32.866008],[112.604595,32.867245],[112.606419,32.866949],[112.606599,32.867625],[112.607087,32.867571],[112.60731,32.868896],[112.607709,32.868855],[112.608093,32.868774],[112.608342,32.870117],[112.607251,32.870223],[112.607009,32.868898],[112.605663,32.869076],[112.605867,32.870248],[112.604362,32.870423],[112.604772,32.872624],[112.604123,32.872791],[112.603928,32.872888],[112.603276,32.87341],[112.602619,32.873791],[112.602525,32.873895],[112.601876,32.874354],[112.60139,32.874622],[112.600441,32.875368],[112.600392,32.875249],[112.600183,32.8741],[112.598692,32.874309],[112.599019,32.876368],[112.596691,32.876609],[112.595425,32.876796],[112.595634,32.877819],[112.594762,32.877945],[112.595052,32.879328],[112.593845,32.879567],[112.593719,32.879551],[112.593668,32.879601],[112.593231,32.879686],[112.593437,32.880472],[112.593164,32.880567],[112.592987,32.881326],[112.592869,32.881513],[112.592922,32.881885],[112.593419,32.881772],[112.593767,32.881747],[112.594137,32.882612],[112.594795,32.883838],[112.595347,32.885272],[112.595452,32.885818],[112.595476,32.886225],[112.595629,32.886829],[112.595916,32.887309],[112.596315,32.887649],[112.596433,32.887827],[112.596511,32.888032],[112.596653,32.888813],[112.596804,32.889171],[112.597882,32.891282],[112.598308,32.892408],[112.598611,32.892475],[112.599151,32.892392],[112.599499,32.892435],[112.599848,32.892615],[112.600349,32.892982],[112.601565,32.892574],[112.601645,32.892505],[112.603498,32.891829],[112.604778,32.89441],[112.60426,32.894318],[112.60386,32.894426],[112.60419,32.895221],[112.604054,32.895347],[112.603968,32.8955],[112.603911,32.895818],[112.60381,32.895894],[112.603638,32.896173],[112.603222,32.896619],[112.603061,32.896849],[112.603742,32.897989],[112.602069,32.898518],[112.602364,32.899281],[112.60278,32.900229],[112.602522,32.900353],[112.602627,32.900729],[112.602798,32.901157],[112.603952,32.900714],[112.604062,32.900932],[112.60422,32.900916],[112.604644,32.901966],[112.605121,32.901828],[112.605277,32.902164],[112.606553,32.901891],[112.608241,32.901621],[112.608731,32.902934],[112.610526,32.902574],[112.610756,32.903643],[112.611803,32.903538],[112.61195,32.904375],[112.614023,32.903853],[112.613997,32.90361],[112.615134,32.903382],[112.614957,32.902846],[112.616183,32.902623],[112.616258,32.903123],[112.616488,32.903049],[112.617296,32.902972],[112.617392,32.903409],[112.618001,32.903342],[112.618143,32.903294],[112.618202,32.903299],[112.618224,32.903337],[112.618232,32.902945],[112.619887,32.90283],[112.621804,32.902639],[112.621995,32.903821],[112.62118,32.903959],[112.62148,32.905873],[112.62008,32.906044],[112.619806,32.906001],[112.619109,32.906071],[112.618497,32.906177],[112.616309,32.906681],[112.615783,32.906758],[112.615255,32.906783],[112.615322,32.907141],[112.615461,32.907413],[112.615558,32.907722],[112.614364,32.907845],[112.613908,32.907931],[112.614109,32.908523],[112.614208,32.908582],[112.614538,32.909415],[112.613734,32.909672],[112.61306,32.909836],[112.613715,32.910647],[112.613015,32.911032],[112.611918,32.911714],[112.611655,32.911824],[112.611792,32.912007],[112.612594,32.913351],[112.611655,32.913648],[112.611011,32.913918],[112.610807,32.914083],[112.60989,32.914335],[112.610231,32.915697],[112.612934,32.914943],[112.612881,32.914664],[112.614123,32.91429],[112.614281,32.914247],[112.61438,32.914472],[112.61545,32.91418],[112.61603,32.913957],[112.616976,32.913428],[112.617186,32.913617],[112.617344,32.913711],[112.617634,32.913799],[112.61798,32.913991],[112.618347,32.913687],[112.618623,32.913592],[112.619484,32.913155],[112.620198,32.913837],[112.621488,32.913184],[112.622196,32.914274],[112.622555,32.914119],[112.622762,32.914099],[112.622977,32.914513],[112.623052,32.914529],[112.623229,32.91447],[112.623661,32.91565],[112.623508,32.915801],[112.623599,32.916348],[112.623596,32.91651],[112.62354,32.91674],[112.625903,32.916287],[112.62586,32.915794],[112.625908,32.915754],[112.626042,32.915682],[112.626297,32.915612],[112.626834,32.915517],[112.627536,32.918681],[112.630001,32.918251],[112.628523,32.921079],[112.63164,32.921695],[112.631544,32.92258],[112.633842,32.923103],[112.635025,32.917724],[112.636943,32.917733],[112.636967,32.916805],[112.637042,32.916226],[112.637356,32.916222],[112.637466,32.915161],[112.642243,32.914889],[112.642058,32.911872],[112.643209,32.911752],[112.643418,32.912205],[112.643541,32.912387],[112.6436,32.912784],[112.643581,32.913004],[112.643774,32.913007],[112.644035,32.913063],[112.644255,32.913045],[112.644391,32.913007],[112.644802,32.912804],[112.644802,32.91275],[112.645126,32.912678],[112.645153,32.912651],[112.645137,32.912473],[112.645445,32.912464],[112.647082,32.912214],[112.647122,32.912124],[112.647133,32.91195],[112.646993,32.911059],[112.646961,32.910669],[112.649351,32.910221],[112.650045,32.910054],[112.649281,32.906211],[112.650947,32.906177],[112.651054,32.906091],[112.651223,32.906064],[112.651716,32.905895],[112.653701,32.905533],[112.653782,32.906094],[112.654085,32.90608],[112.654128,32.907526],[112.656182,32.907269],[112.65608,32.906724],[112.656829,32.906647],[112.657639,32.90662],[112.657786,32.906098],[112.657145,32.906107],[112.656,32.906215],[112.655979,32.906096],[112.655928,32.906026],[112.655893,32.905688],[112.657904,32.905562],[112.658154,32.904995],[112.658358,32.904724],[112.658454,32.904637],[112.658553,32.904603],[112.65898,32.906573],[112.659672,32.906407],[112.660128,32.906393],[112.660318,32.907192],[112.660562,32.907165],[112.660831,32.908341],[112.661431,32.908226],[112.662394,32.907987],[112.662687,32.909161],[112.662692,32.909318],[112.662834,32.909334],[112.664108,32.909176],[112.666909,32.908604],[112.667592,32.908526],[112.667979,32.909609],[112.669025,32.909449],[112.669658,32.909271],[112.669733,32.909237],[112.669719,32.909115],[112.66977,32.909066],[112.66998,32.909041],[112.670135,32.908915],[112.670336,32.908832],[112.670696,32.909996],[112.670744,32.909922],[112.671042,32.909663],[112.6726,32.909305],[112.672925,32.909271],[112.673244,32.908393],[112.674537,32.908251],[112.674454,32.907929],[112.673338,32.908077],[112.673383,32.907776],[112.673496,32.907544],[112.673614,32.907051],[112.673804,32.906618],[112.674582,32.906548],[112.674947,32.906465],[112.674955,32.906361],[112.675781,32.90617],[112.67602,32.906139],[112.67724,32.906152],[112.676884,32.905193],[112.677423,32.905046],[112.677796,32.906175],[112.678203,32.906195],[112.678488,32.906154],[112.678112,32.904925],[112.678423,32.904887],[112.679316,32.90467],[112.679386,32.904727],[112.679764,32.904614],[112.679818,32.904571],[112.679735,32.904278],[112.680185,32.904148],[112.680655,32.905118],[112.683498,32.90399],[112.683678,32.904382],[112.683975,32.904339],[112.684187,32.904265],[112.683737,32.903236],[112.684045,32.903294],[112.684855,32.903137],[112.685228,32.903033],[112.684906,32.902027],[112.684826,32.901659],[112.685016,32.901549],[112.685276,32.901479],[112.68548,32.901045],[112.686768,32.900047],[112.687384,32.899612],[112.687277,32.898498],[112.686279,32.898574],[112.68618,32.897565],[112.686161,32.896919],[112.686507,32.896608],[112.686529,32.89634],[112.686419,32.895941],[112.68647,32.89568],[112.686633,32.895662],[112.68736,32.895707],[112.687728,32.895687],[112.687588,32.894288],[112.689994,32.894023],[112.690002,32.894845],[112.690075,32.895518],[112.690769,32.895338],[112.691708,32.895302],[112.69343,32.89516],[112.693433,32.895842],[112.694498,32.895764],[112.694656,32.895793],[112.694602,32.89645],[112.694621,32.897146],[112.695329,32.897178],[112.69604,32.897088],[112.696442,32.899171],[112.696735,32.899011],[112.697065,32.898919],[112.697655,32.898676],[112.698905,32.90238],[112.699269,32.903315],[112.698666,32.903461],[112.699489,32.905871],[112.698808,32.90603],[112.698325,32.906179],[112.69872,32.90742],[112.698489,32.907762],[112.698223,32.907877],[112.698371,32.908402],[112.700868,32.907866],[112.701147,32.908857],[112.701458,32.90833],[112.701941,32.907296],[112.702273,32.907163],[112.702469,32.907614],[112.70256,32.907909],[112.703239,32.907715],[112.703558,32.908751],[112.704003,32.908634],[112.703759,32.907825],[112.707579,32.906109],[112.708021,32.905949],[112.708472,32.907039],[112.709207,32.906742],[112.709625,32.907719],[112.70991,32.907602],[112.710272,32.908325],[112.711538,32.907629],[112.710653,32.906244],[112.712407,32.905294],[112.712305,32.903024],[112.713179,32.902765],[112.714115,32.90256],[112.713649,32.900941],[112.714338,32.900214],[112.715682,32.899241],[112.717224,32.898263],[112.718482,32.90027],[112.720242,32.899484],[112.720652,32.899272],[112.720107,32.897833],[112.717793,32.893133],[112.717503,32.892649],[112.716891,32.891433],[112.714536,32.892259],[112.712871,32.889707],[112.711181,32.890241],[112.710215,32.88821],[112.712469,32.88748],[112.712149,32.886836],[112.713882,32.886459],[112.714427,32.886392],[112.715864,32.886068],[112.717251,32.885894],[112.718407,32.885613],[112.720443,32.885297],[112.721092,32.885308],[112.721108,32.884797],[112.721009,32.881304],[112.720875,32.879716],[112.720896,32.879274],[112.7221,32.87886],[112.723023,32.87867],[112.722999,32.878369],[112.722918,32.877965],[112.722875,32.875638],[112.723098,32.873307],[112.7257,32.873214],[112.725678,32.872192],[112.724847,32.87209],[112.724952,32.870968],[112.727331,32.871007],[112.727317,32.87054],[112.727693,32.869608],[112.728302,32.86863],[112.726644,32.865212],[112.725458,32.86309],[112.72864,32.861952],[112.727602,32.860276],[112.729581,32.859379],[112.729112,32.858381],[112.727379,32.858999],[112.727146,32.858433],[112.726792,32.857723],[112.726472,32.856829],[112.726086,32.855583],[112.72599,32.854925],[112.728591,32.854024],[112.728226,32.853244],[112.72475,32.854335],[112.723613,32.854747],[112.722406,32.854916],[112.720032,32.855137],[112.716985,32.855313],[112.714247,32.85162],[112.712474,32.851626],[112.712168,32.849641],[112.711978,32.849134],[112.71058,32.847543],[112.709161,32.846085],[112.70819,32.844605],[112.706629,32.842732],[112.7073,32.841398],[112.706812,32.84042],[112.703963,32.841653],[112.703177,32.84047],[112.701876,32.841062],[112.701351,32.840305],[112.698333,32.841723],[112.699527,32.843284],[112.698159,32.844116],[112.697561,32.844521],[112.698226,32.845346],[112.69692,32.846216],[112.698202,32.8476],[112.696517,32.848663],[112.695815,32.848237],[112.694938,32.847399],[112.691853,32.849274],[112.691014,32.848499],[112.690622,32.848019],[112.689629,32.847178],[112.689313,32.847077],[112.68909,32.846773],[112.688903,32.845853],[112.688337,32.844298],[112.68632,32.845107],[112.686065,32.844749],[112.685561,32.84387],[112.685319,32.843543],[112.685161,32.843264],[112.684547,32.843341],[112.682873,32.843643],[112.682393,32.843566],[112.682329,32.840772],[112.681384,32.840614],[112.679834,32.840483],[112.679349,32.84204],[112.676361,32.841723],[112.672386,32.841434],[112.672538,32.843212],[112.66995,32.844325],[112.669974,32.845574],[112.669078,32.845605],[112.668915,32.84415],[112.668062,32.844087],[112.667574,32.843109],[112.666211,32.843467],[112.665044,32.843927],[112.664714,32.843248],[112.664326,32.842187],[112.664103,32.841714],[112.663639,32.840936],[112.663389,32.840048],[112.662877,32.838818],[112.662504,32.838286],[112.660718,32.836303],[112.660187,32.836569],[112.659903,32.835633],[112.659809,32.83514],[112.657515,32.831516],[112.656043,32.829066],[112.655198,32.827804],[112.654876,32.82626],[112.654839,32.825947],[112.653905,32.825944],[112.654023,32.826648],[112.653216,32.826706],[112.65243,32.82795],[112.652205,32.828212]],[[112.654026,32.826648],[112.654023,32.826648],[112.654023,32.826632],[112.654026,32.826648]]]}},{"type":"Feature","properties":{"regionCode":"411302304","sourceCode":"411302304000","name":"茶庵乡","sourceName":"茶庵乡","parentCode":"411302","parentName":"宛城区","regionLevel":"township","regionType":"township","isManagementZone":false,"source":"ruiduobao","sourceVersion":"mixed-legacy~2018-2020","geometryRepaired":true,"match2020":true,"match2023":true},"geometry":{"type":"Polygon","coordinates":[[[112.694656,32.895793],[112.694498,32.895764],[112.693433,32.895842],[112.69343,32.89516],[112.691708,32.895302],[112.690769,32.895338],[112.690075,32.895518],[112.690002,32.894845],[112.689994,32.894023],[112.687588,32.894288],[112.687728,32.895687],[112.68736,32.895707],[112.686633,32.895662],[112.68647,32.89568],[112.686419,32.895941],[112.686529,32.89634],[112.686507,32.896608],[112.686161,32.896919],[112.68618,32.897565],[112.686279,32.898574],[112.687277,32.898498],[112.687384,32.899612],[112.686982,32.899885],[112.68548,32.901045],[112.685276,32.901479],[112.685016,32.901549],[112.684826,32.901659],[112.684906,32.902027],[112.685228,32.903033],[112.684855,32.903137],[112.684045,32.903294],[112.683737,32.903236],[112.684187,32.904265],[112.683975,32.904339],[112.683678,32.904382],[112.683498,32.90399],[112.680655,32.905118],[112.680185,32.904148],[112.679735,32.904278],[112.679818,32.904571],[112.679764,32.904614],[112.679386,32.904727],[112.679316,32.90467],[112.678423,32.904887],[112.678112,32.904925],[112.678488,32.906154],[112.678203,32.906195],[112.677796,32.906175],[112.677423,32.905046],[112.676884,32.905193],[112.67724,32.906152],[112.67602,32.906139],[112.675771,32.90617],[112.674955,32.906361],[112.674947,32.906465],[112.674582,32.906548],[112.673804,32.906618],[112.673603,32.907082],[112.673496,32.907544],[112.673383,32.907776],[112.673338,32.908077],[112.674454,32.907929],[112.674537,32.908251],[112.673244,32.908393],[112.672925,32.909271],[112.6726,32.909305],[112.671042,32.909663],[112.670744,32.909922],[112.670696,32.909996],[112.670336,32.908832],[112.670135,32.908915],[112.66998,32.909041],[112.66977,32.909066],[112.669719,32.909115],[112.669733,32.909237],[112.669658,32.909271],[112.669025,32.909449],[112.667979,32.909609],[112.667592,32.908526],[112.666909,32.908604],[112.664108,32.909176],[112.662834,32.909334],[112.662692,32.909318],[112.662687,32.909161],[112.662394,32.907987],[112.661431,32.908226],[112.660831,32.908341],[112.660562,32.907165],[112.660318,32.907192],[112.660128,32.906393],[112.659672,32.906407],[112.65898,32.906573],[112.658553,32.904603],[112.658454,32.904637],[112.658358,32.904724],[112.658154,32.904995],[112.657904,32.905562],[112.655893,32.905688],[112.655928,32.906026],[112.655979,32.906096],[112.656,32.906215],[112.657145,32.906107],[112.657786,32.906098],[112.657639,32.90662],[112.656829,32.906647],[112.65608,32.906724],[112.656182,32.907269],[112.654128,32.907526],[112.654085,32.90608],[112.653782,32.906094],[112.653701,32.905533],[112.651716,32.905895],[112.651223,32.906064],[112.651054,32.906091],[112.650947,32.906177],[112.649281,32.906211],[112.650045,32.910054],[112.649351,32.910221],[112.646961,32.910669],[112.646993,32.911059],[112.647133,32.91195],[112.647122,32.912124],[112.647082,32.912214],[112.645445,32.912464],[112.645137,32.912473],[112.645153,32.912651],[112.645126,32.912678],[112.644802,32.91275],[112.644802,32.912804],[112.644391,32.913007],[112.644255,32.913045],[112.644035,32.913063],[112.643774,32.913007],[112.643581,32.913004],[112.6436,32.912784],[112.643541,32.912387],[112.643418,32.912205],[112.643209,32.911752],[112.642058,32.911872],[112.642243,32.914889],[112.637466,32.915161],[112.637356,32.916222],[112.637042,32.916226],[112.636967,32.916805],[112.636943,32.917733],[112.635025,32.917724],[112.633842,32.923103],[112.631544,32.92258],[112.63164,32.921695],[112.630511,32.921468],[112.630404,32.921844],[112.630401,32.922071],[112.630492,32.922357],[112.630591,32.922483],[112.630903,32.923091],[112.629838,32.923006],[112.628719,32.923024],[112.627713,32.92299],[112.627011,32.92446],[112.626013,32.926777],[112.625653,32.927693],[112.625385,32.928243],[112.624114,32.928105],[112.623905,32.928152],[112.62351,32.928141],[112.622505,32.928528],[112.622486,32.928936],[112.622537,32.930003],[112.620758,32.929949],[112.620683,32.929987],[112.620383,32.93003],[112.619863,32.930282],[112.619699,32.931174],[112.619487,32.931491],[112.618403,32.931142],[112.618165,32.931442],[112.618082,32.931588],[112.618071,32.931763],[112.618275,32.931968],[112.618462,32.93227],[112.618511,32.932416],[112.619479,32.932583],[112.61927,32.933121],[112.619154,32.933612],[112.619417,32.93367],[112.619407,32.933799],[112.619144,32.934532],[112.618795,32.935253],[112.618318,32.935158],[112.617542,32.936925],[112.618023,32.937173],[112.61776,32.93729],[112.617188,32.937938],[112.617261,32.938418],[112.617419,32.939066],[112.617398,32.939368],[112.618243,32.939426],[112.618503,32.939415],[112.618747,32.939546],[112.618937,32.939564],[112.620429,32.939541],[112.620836,32.939489],[112.620887,32.939568],[112.620925,32.939782],[112.621059,32.941196],[112.621094,32.941297],[112.62108,32.941493],[112.621094,32.941576],[112.621155,32.94161],[112.622129,32.941551],[112.622513,32.941486],[112.622561,32.941635],[112.622526,32.941914],[112.622564,32.941952],[112.623146,32.941907],[112.623341,32.941934],[112.624108,32.941938],[112.62432,32.941986],[112.624382,32.941954],[112.624412,32.941817],[112.624398,32.941617],[112.624454,32.941587],[112.625147,32.941538],[112.625179,32.941572],[112.625187,32.941686],[112.625168,32.941954],[112.625203,32.942013],[112.625393,32.941983],[112.625412,32.942031],[112.625409,32.942967],[112.625385,32.943093],[112.625412,32.943158],[112.625721,32.943179],[112.625729,32.943035],[112.625769,32.943019],[112.627386,32.942983],[112.627451,32.943969],[112.627515,32.944162],[112.627606,32.945133],[112.62774,32.945364],[112.627829,32.945781],[112.627947,32.946004],[112.629956,32.945925],[112.630452,32.946931],[112.630562,32.946949],[112.630591,32.94705],[112.630626,32.947942],[112.630675,32.94823],[112.630811,32.948385],[112.630849,32.948547],[112.630857,32.949393],[112.630924,32.94997],[112.631165,32.949931],[112.631761,32.949742],[112.63189,32.950528],[112.632936,32.950444],[112.632989,32.950969],[112.62947,32.951135],[112.629516,32.951833],[112.629594,32.952283],[112.62965,32.952909],[112.62895,32.953058],[112.628212,32.953145],[112.628084,32.953116],[112.627987,32.953148],[112.628086,32.953332],[112.628451,32.954331],[112.628682,32.955076],[112.631002,32.955333],[112.632118,32.965519],[112.642345,32.974439],[112.642956,32.97456],[112.643782,32.977161],[112.645282,32.976585],[112.644989,32.976142],[112.645794,32.975886],[112.645671,32.975517],[112.646612,32.975112],[112.646859,32.975451],[112.647513,32.975172],[112.647605,32.975078],[112.648093,32.974848],[112.649372,32.974589],[112.649034,32.973622],[112.64904,32.973588],[112.64916,32.973541],[112.649093,32.973183],[112.653291,32.972301],[112.653216,32.971725],[112.654391,32.971678],[112.654466,32.972051],[112.654833,32.971979],[112.655067,32.973248],[112.656445,32.97299],[112.658781,32.97249],[112.658693,32.972024],[112.658717,32.971977],[112.658977,32.971898],[112.658843,32.971131],[112.664122,32.970004],[112.665044,32.969853],[112.667069,32.969043],[112.667271,32.969871],[112.667351,32.9704],[112.667423,32.970564],[112.667547,32.970634],[112.66844,32.970388],[112.668432,32.970643],[112.668553,32.970942],[112.668622,32.971257],[112.669529,32.97107],[112.669792,32.972189],[112.6695,32.972348],[112.66884,32.97249],[112.669086,32.973509],[112.669888,32.973334],[112.67024,32.974153],[112.669331,32.974364],[112.669787,32.976306],[112.669207,32.976302],[112.66918,32.976603],[112.669237,32.976876],[112.669381,32.977148],[112.669832,32.978223],[112.669993,32.978833],[112.670393,32.979459],[112.670567,32.979663],[112.670774,32.980631],[112.670873,32.980595],[112.670967,32.98093],[112.670473,32.981139],[112.670859,32.982831],[112.671412,32.982813],[112.671573,32.983583],[112.672785,32.983479],[112.672715,32.98314],[112.672737,32.983018],[112.672812,32.98289],[112.673319,32.98246],[112.673424,32.982881],[112.674558,32.982728],[112.674413,32.981853],[112.675765,32.981702],[112.675636,32.980761],[112.67584,32.980575],[112.676103,32.980413],[112.676371,32.980332],[112.67632,32.980028],[112.676677,32.97978],[112.676701,32.979915],[112.676884,32.979857],[112.677425,32.979508],[112.677621,32.979425],[112.677718,32.979801],[112.677822,32.980512],[112.678214,32.980485],[112.678064,32.978862],[112.678093,32.978844],[112.678187,32.978853],[112.67845,32.979024],[112.67863,32.979101],[112.678708,32.980181],[112.679131,32.980235],[112.679754,32.980251],[112.679829,32.980287],[112.680075,32.980278],[112.680049,32.979184],[112.680499,32.979189],[112.680531,32.980257],[112.680877,32.980219],[112.680786,32.978633],[112.681398,32.97864],[112.682575,32.978743],[112.682683,32.977805],[112.682629,32.977715],[112.682498,32.977659],[112.682484,32.977625],[112.68243,32.97731],[112.682487,32.977193],[112.682473,32.977038],[112.682374,32.97654],[112.682315,32.976385],[112.684099,32.976023],[112.684278,32.977659],[112.684528,32.977656],[112.684555,32.977463],[112.685107,32.977377],[112.685156,32.977384],[112.685193,32.977519],[112.685274,32.977539],[112.685807,32.97747],[112.686845,32.977247],[112.686971,32.977161],[112.687881,32.977159],[112.688205,32.977193],[112.687725,32.976079],[112.687698,32.975895],[112.687562,32.975454],[112.688522,32.975276],[112.689514,32.976228],[112.689713,32.97614],[112.688956,32.975154],[112.689275,32.975046],[112.689388,32.974968],[112.689675,32.974668],[112.690244,32.974358],[112.691314,32.973966],[112.691545,32.973833],[112.692599,32.973446],[112.691952,32.970953],[112.691848,32.970926],[112.691185,32.970989],[112.691132,32.970337],[112.69118,32.96941],[112.691212,32.969281],[112.691475,32.968743],[112.691327,32.968361],[112.691373,32.967947],[112.691561,32.967693],[112.691732,32.96738],[112.691802,32.96738],[112.691834,32.967292],[112.692191,32.966873],[112.692569,32.966507],[112.691217,32.966383],[112.691258,32.966214],[112.691545,32.966122],[112.691743,32.966095],[112.691896,32.966027],[112.691987,32.965919],[112.69214,32.965827],[112.69214,32.965694],[112.692081,32.965555],[112.691856,32.965345],[112.691813,32.96524],[112.691799,32.965168],[112.691875,32.964835],[112.692102,32.964844],[112.693358,32.965197],[112.693513,32.964727],[112.691947,32.964317],[112.691976,32.964222],[112.69195,32.963986],[112.692049,32.963959],[112.692221,32.963968],[112.693664,32.964295],[112.694589,32.964466],[112.694581,32.964625],[112.694637,32.964688],[112.694643,32.964846],[112.696174,32.965096],[112.696069,32.965636],[112.696906,32.965814],[112.696901,32.966234],[112.696968,32.966387],[112.697142,32.966516],[112.697826,32.966826],[112.69803,32.966959],[112.698054,32.967105],[112.697899,32.967643],[112.699586,32.968199],[112.700141,32.967254],[112.700584,32.96751],[112.700136,32.968365],[112.700326,32.968485],[112.70061,32.967868],[112.701962,32.968426],[112.703078,32.96853],[112.703019,32.968973],[112.703784,32.968905],[112.703952,32.968932],[112.704642,32.96893],[112.705538,32.968908],[112.706055,32.968849],[112.706501,32.968854],[112.707123,32.968615],[112.707139,32.968714],[112.707324,32.968669],[112.707565,32.968678],[112.707657,32.968721],[112.708142,32.968696],[112.708314,32.968734],[112.708834,32.968946],[112.709301,32.969063],[112.710017,32.969313],[112.710392,32.969396],[112.71073,32.969578],[112.711181,32.9697],[112.711699,32.969923],[112.71209,32.970042],[112.712332,32.970262],[112.712584,32.97037],[112.712705,32.970411],[112.713174,32.970454],[112.714121,32.970757],[112.714325,32.969963],[112.716712,32.969851],[112.716728,32.969999],[112.716765,32.970022],[112.717248,32.97006],[112.717305,32.970213],[112.717444,32.970244],[112.71757,32.970555],[112.717868,32.971072],[112.720813,32.969934],[112.720896,32.970037],[112.72128,32.969835],[112.720467,32.96512],[112.71967,32.963334],[112.717541,32.959704],[112.714011,32.95455],[112.711624,32.949382],[112.713241,32.938584],[112.720174,32.930798],[112.724667,32.926889],[112.724949,32.918768],[112.723857,32.919032],[112.722192,32.915645],[112.721247,32.914045],[112.719638,32.914826],[112.717667,32.915659],[112.71657,32.916172],[112.71602,32.915139],[112.715172,32.91295],[112.714714,32.911905],[112.714429,32.912023],[112.714003,32.91214],[112.712753,32.912671],[112.71043,32.914407],[112.710012,32.914887],[112.71002,32.91536],[112.710328,32.916244],[112.70881,32.916569],[112.70866,32.91585],[112.708451,32.915418],[112.709344,32.915103],[112.709164,32.914065],[112.708772,32.912831],[112.710685,32.912394],[112.711288,32.912178],[112.712342,32.911653],[112.713523,32.910901],[112.712273,32.908778],[112.711538,32.907629],[112.710272,32.908325],[112.70991,32.907602],[112.709625,32.907719],[112.709207,32.906742],[112.708472,32.907039],[112.708021,32.905949],[112.707579,32.906109],[112.703759,32.907825],[112.704003,32.908634],[112.703558,32.908751],[112.703239,32.907715],[112.70256,32.907909],[112.702469,32.907614],[112.702273,32.907163],[112.701941,32.907296],[112.701458,32.90833],[112.701147,32.908857],[112.700868,32.907866],[112.698371,32.908402],[112.698223,32.907877],[112.698489,32.907762],[112.69872,32.90742],[112.698325,32.906179],[112.698808,32.90603],[112.699489,32.905871],[112.698666,32.903461],[112.699269,32.903315],[112.698905,32.90238],[112.697655,32.898676],[112.697065,32.898919],[112.696735,32.899011],[112.696442,32.899171],[112.69604,32.897088],[112.695329,32.897178],[112.694621,32.897146],[112.694602,32.89645],[112.694656,32.895793]]]}}]}