{"type":"FeatureCollection","name":"邓州市","features":[{"type":"Feature","properties":{"regionCode":"411381001","sourceCode":"411381001000","name":"古城街道","sourceName":"古城街道办事处","parentCode":"411381","parentName":"邓州市","regionLevel":"township","regionType":"street","isManagementZone":false,"source":"ruiduobao","sourceVersion":"mixed-legacy~2018-2020","geometryRepaired":false,"match2020":true,"match2023":true},"geometry":{"type":"Polygon","coordinates":[[[112.081382,32.664679],[112.081192,32.661925],[112.079483,32.662058],[112.078657,32.66218],[112.078628,32.661818],[112.07656,32.662211],[112.076039,32.66057],[112.076973,32.660375],[112.076297,32.658239],[112.075597,32.658483],[112.072614,32.659698],[112.069417,32.661076],[112.068585,32.661295],[112.068315,32.660488],[112.065799,32.661141],[112.067075,32.662841],[112.066928,32.662986],[112.062955,32.664052],[112.062054,32.664438],[112.061346,32.664691],[112.061011,32.664878],[112.059321,32.665501],[112.059632,32.666456],[112.059367,32.666355],[112.059538,32.666908],[112.059624,32.66736],[112.057924,32.667773],[112.057178,32.668561],[112.056631,32.668845],[112.05327,32.669812],[112.053629,32.67027],[112.052519,32.671162],[112.051977,32.671652],[112.052551,32.672557],[112.051148,32.672993],[112.050317,32.673372],[112.05054,32.673767],[112.050553,32.674212],[112.051602,32.673995],[112.051889,32.67507],[112.051438,32.675111],[112.051092,32.675799],[112.051572,32.675788],[112.051535,32.67693],[112.049987,32.676811],[112.049976,32.677082],[112.049735,32.677075],[112.049153,32.677149],[112.046261,32.676669],[112.046119,32.675565],[112.045046,32.676192],[112.043585,32.677165],[112.041613,32.677165],[112.041565,32.675962],[112.041844,32.67596],[112.041847,32.674736],[112.041822,32.674564],[112.042032,32.674544],[112.04193,32.674381],[112.041619,32.674368],[112.041514,32.674124],[112.041184,32.674149],[112.040884,32.674092],[112.039331,32.673512],[112.038148,32.673122],[112.038153,32.672661],[112.034934,32.67304],[112.034554,32.67141],[112.033044,32.671552],[112.032668,32.671988],[112.03203,32.672415],[112.031568,32.67293],[112.031236,32.673155],[112.030959,32.673225],[112.030308,32.673478],[112.030023,32.673609],[112.029675,32.673831],[112.029101,32.674108],[112.028942,32.6743],[112.028816,32.674842],[112.028631,32.675054],[112.028519,32.675099],[112.027894,32.675192],[112.027186,32.675352],[112.026518,32.67535],[112.026338,32.675429],[112.026233,32.675673],[112.026233,32.67621],[112.02629,32.676531],[112.026367,32.677511],[112.026217,32.677732],[112.025348,32.678235],[112.024055,32.678606],[112.023739,32.678511],[112.023294,32.678606],[112.021145,32.679301],[112.020223,32.679705],[112.0196,32.679802],[112.018541,32.679897],[112.017524,32.680055],[112.016945,32.680288],[112.016108,32.680714],[112.015373,32.681224],[112.014735,32.681588],[112.013772,32.68224],[112.012538,32.683134],[112.012219,32.683315],[112.011438,32.683505],[112.010588,32.683645],[112.010229,32.683823],[112.009931,32.684031],[112.009263,32.684353],[112.00904,32.684376],[112.008582,32.684313],[112.008437,32.684435],[112.008281,32.684733],[112.008716,32.68548],[112.008839,32.685602],[112.009459,32.685819],[112.009625,32.685929],[112.010001,32.68632],[112.010491,32.687038],[112.011063,32.687629],[112.011438,32.687837],[112.011806,32.687925],[112.012146,32.687852],[112.012517,32.68788],[112.012825,32.687961],[112.013195,32.688094],[112.013329,32.688317],[112.013152,32.688647],[112.012769,32.689026],[112.012318,32.689383],[112.011602,32.689871],[112.011296,32.690024],[112.011071,32.690248],[112.010701,32.690478],[112.010154,32.690758],[112.009783,32.690873],[112.009808,32.692141],[112.009936,32.692121],[112.010328,32.692828],[112.01058,32.693166],[112.011057,32.692864],[112.011417,32.693491],[112.011698,32.692622],[112.011932,32.692065],[112.012133,32.691722],[112.012677,32.692566],[112.013329,32.692295],[112.014177,32.694586],[112.014665,32.694489],[112.014499,32.694148],[112.014185,32.693094],[112.013823,32.69204],[112.014399,32.691661],[112.014906,32.693358],[112.01518,32.694153],[112.015258,32.694259],[112.015665,32.693979],[112.015936,32.693886],[112.016186,32.693852],[112.016838,32.693934],[112.01694,32.694509],[112.017143,32.695365],[112.017851,32.695175],[112.018219,32.697114],[112.018726,32.697013],[112.018782,32.697554],[112.018884,32.698132],[112.019136,32.698105],[112.019458,32.69994],[112.017854,32.70013],[112.019134,32.704111],[112.017283,32.704535],[112.018222,32.707088],[112.018943,32.706903],[112.019343,32.708052],[112.016875,32.708876],[112.017336,32.709871],[112.018911,32.709408],[112.01926,32.7106],[112.020204,32.710372],[112.020606,32.711484],[112.019992,32.711622],[112.02062,32.713355],[112.021065,32.714114],[112.019335,32.715208],[112.018259,32.715833],[112.017776,32.716165],[112.015786,32.717275],[112.015038,32.717815],[112.014601,32.718212],[112.014032,32.718516],[112.015491,32.722405],[112.015271,32.722474],[112.016293,32.724984],[112.016741,32.726487],[112.017063,32.729341],[112.02037,32.728441],[112.02273,32.727967],[112.027365,32.726182],[112.033207,32.724704],[112.036318,32.723357],[112.036707,32.723142],[112.038918,32.720841],[112.039717,32.718855],[112.039945,32.717709],[112.04013,32.716393],[112.04072,32.71512],[112.041372,32.714558],[112.042568,32.713186],[112.043035,32.712969],[112.043628,32.712823],[112.043955,32.712678],[112.044792,32.712735],[112.045524,32.712719],[112.045808,32.712744],[112.046192,32.712719],[112.04701,32.712419],[112.047522,32.712186],[112.047924,32.711888],[112.048099,32.711706],[112.048595,32.711062],[112.048552,32.710753],[112.047112,32.709419],[112.046288,32.708562],[112.045693,32.707639],[112.045486,32.706449],[112.046197,32.705149],[112.047938,32.703953],[112.050317,32.703411],[112.051146,32.703797],[112.053168,32.705395],[112.054936,32.705896],[112.058401,32.706057],[112.060834,32.705059],[112.061628,32.704359],[112.063167,32.702612],[112.065171,32.701254],[112.067167,32.700279],[112.068886,32.700057],[112.073505,32.698936],[112.075393,32.698737],[112.076045,32.69873],[112.075669,32.698322],[112.074717,32.696708],[112.07473,32.695297],[112.076149,32.695112],[112.079041,32.694877],[112.079808,32.694764],[112.080615,32.694584],[112.081457,32.694521],[112.081353,32.693773],[112.084687,32.691855],[112.084233,32.689006],[112.083812,32.689069],[112.082718,32.682541],[112.078349,32.683146],[112.077702,32.678861],[112.076927,32.679382],[112.076855,32.679398],[112.076358,32.678996],[112.075127,32.679116],[112.075146,32.678276],[112.073928,32.678258],[112.07399,32.677167],[112.073805,32.67679],[112.075849,32.676427],[112.075122,32.675723],[112.07495,32.674953],[112.074282,32.672889],[112.072786,32.672878],[112.07233,32.670909],[112.07528,32.669681],[112.075417,32.670069],[112.078789,32.669547],[112.077539,32.665345],[112.078928,32.66509],[112.078963,32.665382],[112.081428,32.665226],[112.081382,32.664679]]]}},{"type":"Feature","properties":{"regionCode":"411381002","sourceCode":"411381002000","name":"花洲街道","sourceName":"花洲街道办事处","parentCode":"411381","parentName":"邓州市","regionLevel":"township","regionType":"street","isManagementZone":false,"source":"ruiduobao","sourceVersion":"mixed-legacy~2018-2020","geometryRepaired":false,"match2020":true,"match2023":true},"geometry":{"type":"Polygon","coordinates":[[[112.084413,32.667095],[112.083678,32.667734],[112.083472,32.666863],[112.083354,32.664688],[112.081382,32.664679],[112.081428,32.665226],[112.078963,32.665382],[112.078928,32.66509],[112.077539,32.665345],[112.078789,32.669547],[112.075417,32.670069],[112.07528,32.669681],[112.07233,32.670909],[112.072786,32.672878],[112.074282,32.672889],[112.07495,32.674953],[112.075122,32.675723],[112.075849,32.676427],[112.073805,32.67679],[112.07399,32.677167],[112.073928,32.678258],[112.075146,32.678276],[112.075127,32.679116],[112.076358,32.678996],[112.076855,32.679398],[112.076927,32.679382],[112.077702,32.678861],[112.078349,32.683146],[112.082718,32.682541],[112.083812,32.689069],[112.084233,32.689006],[112.084687,32.691855],[112.081353,32.693773],[112.081457,32.694521],[112.080615,32.694584],[112.079808,32.694764],[112.079041,32.694877],[112.076149,32.695112],[112.07473,32.695297],[112.074704,32.696381],[112.075742,32.696843],[112.075763,32.697083],[112.075841,32.697162],[112.077818,32.697658],[112.077911,32.698825],[112.078815,32.699475],[112.079532,32.700141],[112.080012,32.701125],[112.081109,32.702793],[112.082074,32.70401],[112.082745,32.704529],[112.083198,32.704976],[112.083724,32.705589],[112.084298,32.706072],[112.084958,32.706549],[112.0861,32.707205],[112.086312,32.707237],[112.086304,32.706461],[112.086135,32.704465],[112.085993,32.703206],[112.086521,32.703186],[112.086693,32.704465],[112.086736,32.705325],[112.08694,32.707824],[112.087441,32.707853],[112.087455,32.707472],[112.087323,32.706348],[112.087243,32.704346],[112.089145,32.704219],[112.089483,32.704229],[112.089469,32.703806],[112.089375,32.702985],[112.089292,32.702375],[112.089209,32.702082],[112.090529,32.702238],[112.091121,32.702342],[112.090306,32.704576],[112.090209,32.70477],[112.089933,32.705621],[112.089737,32.706395],[112.089939,32.706296],[112.090531,32.705802],[112.091089,32.705213],[112.091489,32.70461],[112.091714,32.704405],[112.092264,32.703463],[112.09313,32.702529],[112.09397,32.701161],[112.094238,32.700441],[112.094455,32.700125],[112.094616,32.699956],[112.09507,32.699642],[112.095354,32.69955],[112.096008,32.699419],[112.096617,32.699256],[112.098235,32.699398],[112.098618,32.699405],[112.100305,32.699195],[112.100976,32.699173],[112.101845,32.699308],[112.103291,32.699807],[112.104567,32.699974],[112.106525,32.701008],[112.106815,32.701272],[112.107606,32.701775],[112.109548,32.703443],[112.11116,32.704251],[112.111407,32.704504],[112.111815,32.705018],[112.112136,32.70519],[112.112769,32.705258],[112.113663,32.705219],[112.114148,32.705086],[112.114787,32.704779],[112.116283,32.704495],[112.117163,32.704186],[112.118005,32.703804],[112.118475,32.703685],[112.11951,32.703531],[112.11988,32.703244],[112.120266,32.702811],[112.120934,32.702353],[112.122028,32.701725],[112.123289,32.700823],[112.123686,32.700461],[112.124102,32.699938],[112.124426,32.699105],[112.124558,32.698464],[112.124434,32.697482],[112.124209,32.697074],[112.123445,32.696442],[112.123303,32.696126],[112.12334,32.695466],[112.123085,32.69457],[112.122938,32.693792],[112.121009,32.693929],[112.121361,32.693214],[112.122222,32.691622],[112.122079,32.689428],[112.121307,32.689108],[112.121288,32.686101],[112.122203,32.685961],[112.122157,32.685417],[112.121862,32.685466],[112.121758,32.684613],[112.122433,32.684394],[112.122297,32.682459],[112.122683,32.682425],[112.12246,32.680689],[112.122809,32.680649],[112.123018,32.682462],[112.123643,32.682401],[112.123498,32.680579],[112.12315,32.680601],[112.12293,32.678852],[112.12271,32.67889],[112.122605,32.677777],[112.122474,32.676908],[112.122431,32.676897],[112.122374,32.676418],[112.12198,32.676461],[112.121994,32.676998],[112.121336,32.677206],[112.120127,32.677775],[112.119456,32.67787],[112.119201,32.677983],[112.118815,32.67826],[112.118185,32.678321],[112.118072,32.67752],[112.117831,32.676301],[112.116999,32.676402],[112.116935,32.676156],[112.115489,32.676377],[112.1158,32.678563],[112.11458,32.678732],[112.112161,32.678958],[112.108961,32.679335],[112.108878,32.680428],[112.106498,32.680628],[112.10523,32.680766],[112.105332,32.682012],[112.104259,32.682094],[112.104152,32.680863],[112.102102,32.680897],[112.102062,32.679669],[112.100297,32.679741],[112.100351,32.678107],[112.098527,32.678233],[112.09853,32.676671],[112.095075,32.676881],[112.09442,32.674352],[112.095641,32.674255],[112.095652,32.673016],[112.098787,32.672704],[112.098792,32.671805],[112.09772,32.671972],[112.09762,32.671505],[112.09728,32.67151],[112.097245,32.671053],[112.096711,32.671022],[112.096743,32.670141],[112.096824,32.669552],[112.097398,32.668507],[112.096805,32.668425],[112.096784,32.668082],[112.094753,32.667992],[112.094753,32.66705],[112.092873,32.667014],[112.093028,32.671776],[112.0914,32.671884],[112.090893,32.671945],[112.090274,32.672142],[112.090421,32.670426],[112.090572,32.670374],[112.090649,32.670293],[112.090703,32.670046],[112.090818,32.670026],[112.090891,32.66957],[112.091057,32.669392],[112.091041,32.669245],[112.090931,32.669213],[112.090167,32.669152],[112.089955,32.669159],[112.089759,32.669277],[112.08797,32.669114],[112.088023,32.668229],[112.089008,32.668265],[112.089142,32.667563],[112.088568,32.667606],[112.088552,32.667728],[112.088498,32.667791],[112.0876,32.667791],[112.087578,32.667655],[112.086004,32.667685],[112.08602,32.667468],[112.084875,32.667418],[112.084722,32.667089],[112.084545,32.666863],[112.084413,32.667095]]]}},{"type":"Feature","properties":{"regionCode":"411381003","sourceCode":"411381003000","name":"湍河街道","sourceName":"湍河街道办事处","parentCode":"411381","parentName":"邓州市","regionLevel":"township","regionType":"street","isManagementZone":false,"source":"ruiduobao","sourceVersion":"mixed-legacy~2018-2020","geometryRepaired":false,"match2020":true,"match2023":true},"geometry":{"type":"Polygon","coordinates":[[[112.099562,32.614759],[112.099498,32.614296],[112.09828,32.614375],[112.098342,32.615595],[112.096797,32.615911],[112.096615,32.619741],[112.095662,32.619765],[112.095705,32.620531],[112.094796,32.62066],[112.095158,32.622813],[112.09555,32.623475],[112.095904,32.623882],[112.09677,32.624351],[112.096746,32.624679],[112.09655,32.624571],[112.096212,32.624471],[112.094402,32.624245],[112.093506,32.62427],[112.092782,32.624227],[112.089456,32.624512],[112.088592,32.624469],[112.088656,32.625585],[112.086704,32.625752],[112.086599,32.624871],[112.086527,32.624665],[112.086511,32.624494],[112.086537,32.624277],[112.085623,32.624449],[112.085797,32.626],[112.0854,32.626023],[112.085398,32.626172],[112.084644,32.626204],[112.084628,32.626468],[112.082522,32.626694],[112.082402,32.626003],[112.079438,32.626423],[112.079379,32.625838],[112.07656,32.626319],[112.076536,32.626206],[112.076055,32.626276],[112.075894,32.625397],[112.075801,32.62521],[112.075736,32.625178],[112.073542,32.625449],[112.072499,32.625513],[112.072483,32.625237],[112.071474,32.625293],[112.07141,32.625201],[112.070616,32.625377],[112.07072,32.627058],[112.070718,32.628221],[112.070514,32.628282],[112.070493,32.629466],[112.070868,32.629441],[112.070935,32.630835],[112.072282,32.63085],[112.072378,32.631065],[112.072526,32.631182],[112.072713,32.631264],[112.073185,32.63132],[112.073371,32.633421],[112.072198,32.633638],[112.072137,32.63415],[112.07215,32.634304],[112.074425,32.634076],[112.074548,32.635088],[112.073014,32.635361],[112.073145,32.635881],[112.073894,32.635815],[112.07417,32.6372],[112.073971,32.637213],[112.074197,32.638336],[112.073776,32.638392],[112.073931,32.639117],[112.071914,32.639775],[112.071919,32.639928],[112.071799,32.64001],[112.071131,32.640197],[112.07013,32.640405],[112.069658,32.638747],[112.068274,32.63916],[112.069127,32.641396],[112.070305,32.641001],[112.070538,32.641834],[112.069607,32.642087],[112.069854,32.642828],[112.069323,32.64309],[112.069597,32.643831],[112.070994,32.643616],[112.072024,32.646964],[112.07241,32.648423],[112.069817,32.649019],[112.069412,32.64753],[112.067513,32.647946],[112.066298,32.648174],[112.06589,32.64676],[112.06379,32.647235],[112.063052,32.643915],[112.061242,32.644339],[112.060356,32.644603],[112.059844,32.643038],[112.059616,32.641532],[112.054767,32.642704],[112.055054,32.643574],[112.053302,32.643989],[112.053691,32.645265],[112.052573,32.645473],[112.052114,32.645597],[112.052417,32.647027],[112.050671,32.647402],[112.050599,32.647567],[112.048286,32.648145],[112.048582,32.649001],[112.045618,32.649755],[112.047128,32.651056],[112.048292,32.652138],[112.047498,32.652442],[112.04723,32.652099],[112.045175,32.652926],[112.045417,32.653267],[112.04433,32.653689],[112.044298,32.653748],[112.04448,32.654154],[112.043775,32.654407],[112.04451,32.655721],[112.042992,32.655913],[112.042887,32.655918],[112.042493,32.655825],[112.042429,32.65611],[112.042434,32.656478],[112.042453,32.656641],[112.042525,32.656823],[112.042525,32.656979],[112.041184,32.657424],[112.040436,32.656636],[112.039443,32.657013],[112.038486,32.657465],[112.037295,32.657869],[112.034875,32.658391],[112.034704,32.657835],[112.034597,32.657591],[112.034551,32.657042],[112.033577,32.65707],[112.032453,32.657052],[112.032496,32.656898],[112.032687,32.65672],[112.032357,32.656729],[112.031539,32.656426],[112.031456,32.656419],[112.030452,32.656564],[112.030203,32.656613],[112.030093,32.656668],[112.029916,32.656905],[112.029586,32.657566],[112.029213,32.658176],[112.028661,32.658869],[112.02846,32.658982],[112.028143,32.659346],[112.027971,32.65973],[112.027966,32.659874],[112.028084,32.660256],[112.028342,32.660504],[112.028591,32.660543],[112.0288,32.660506],[112.029157,32.660382],[112.029323,32.660427],[112.029487,32.660782],[112.029667,32.661019],[112.029803,32.661112],[112.030101,32.661213],[112.030418,32.661206],[112.030954,32.661132],[112.03108,32.661136],[112.031413,32.661227],[112.031676,32.661398],[112.031823,32.661572],[112.032239,32.662241],[112.032309,32.662408],[112.032284,32.662514],[112.03204,32.66281],[112.031761,32.663227],[112.031756,32.663474],[112.031896,32.664106],[112.032258,32.664438],[112.032821,32.664874],[112.033124,32.665282],[112.033218,32.666242],[112.033054,32.667332],[112.032161,32.667732],[112.031659,32.668218],[112.031517,32.668299],[112.031491,32.668565],[112.031552,32.668827],[112.031748,32.668956],[112.032199,32.669055],[112.032748,32.669024],[112.033073,32.669082],[112.033261,32.66924],[112.033392,32.669423],[112.033607,32.670114],[112.033639,32.670579],[112.033553,32.67081],[112.033044,32.671552],[112.034554,32.67141],[112.034934,32.67304],[112.038153,32.672661],[112.038148,32.673122],[112.039331,32.673512],[112.040884,32.674092],[112.041184,32.674149],[112.041514,32.674124],[112.041619,32.674368],[112.04193,32.674381],[112.042032,32.674544],[112.041822,32.674564],[112.041847,32.674736],[112.041844,32.67596],[112.041565,32.675962],[112.041613,32.677165],[112.043585,32.677165],[112.045024,32.676207],[112.046119,32.675565],[112.046261,32.676669],[112.049153,32.677149],[112.049735,32.677075],[112.049976,32.677082],[112.049987,32.676811],[112.051535,32.67693],[112.051572,32.675788],[112.051092,32.675799],[112.051438,32.675111],[112.051889,32.67507],[112.051602,32.673995],[112.050553,32.674212],[112.05054,32.673767],[112.050317,32.673372],[112.051148,32.672993],[112.052551,32.672557],[112.051977,32.671652],[112.052519,32.671162],[112.053629,32.67027],[112.05327,32.669812],[112.056631,32.668845],[112.057178,32.668561],[112.057924,32.667773],[112.059624,32.66736],[112.059538,32.666908],[112.059367,32.666355],[112.059632,32.666456],[112.059321,32.665501],[112.061011,32.664878],[112.061346,32.664691],[112.062054,32.664438],[112.062955,32.664052],[112.066928,32.662986],[112.067075,32.662841],[112.065799,32.661141],[112.068315,32.660488],[112.068585,32.661295],[112.069417,32.661076],[112.072614,32.659698],[112.075597,32.658483],[112.076297,32.658239],[112.076973,32.660375],[112.076039,32.66057],[112.07656,32.662211],[112.078628,32.661818],[112.078657,32.66218],[112.079483,32.662058],[112.081192,32.661925],[112.081393,32.664679],[112.083354,32.664688],[112.083472,32.666863],[112.083678,32.667734],[112.084413,32.667095],[112.084545,32.666863],[112.084722,32.667089],[112.084875,32.667418],[112.08602,32.667468],[112.086004,32.667685],[112.087578,32.667655],[112.0876,32.667791],[112.088498,32.667791],[112.088552,32.667728],[112.088568,32.667606],[112.089142,32.667563],[112.089008,32.668265],[112.088023,32.668229],[112.08797,32.669114],[112.089759,32.669277],[112.089955,32.669159],[112.090167,32.669152],[112.090931,32.669213],[112.091041,32.669245],[112.091057,32.669392],[112.090891,32.66957],[112.090818,32.670026],[112.090703,32.670046],[112.090649,32.670293],[112.090572,32.670374],[112.090421,32.670426],[112.090274,32.672142],[112.090893,32.671945],[112.0914,32.671884],[112.093028,32.671776],[112.092873,32.667014],[112.094753,32.66705],[112.094753,32.667992],[112.096784,32.668082],[112.096805,32.668425],[112.097398,32.668507],[112.096824,32.669552],[112.096743,32.670141],[112.096711,32.671022],[112.097245,32.671053],[112.09728,32.67151],[112.09762,32.671505],[112.09772,32.671972],[112.098792,32.671805],[112.098787,32.672704],[112.095652,32.673016],[112.095641,32.674255],[112.09442,32.674352],[112.095075,32.676881],[112.09853,32.676671],[112.098527,32.678233],[112.100351,32.678107],[112.100297,32.679741],[112.102062,32.679669],[112.102102,32.680897],[112.104152,32.680863],[112.104259,32.682094],[112.105332,32.682012],[112.10523,32.680766],[112.106498,32.680628],[112.108878,32.680428],[112.108961,32.679335],[112.112161,32.678958],[112.11458,32.678732],[112.1158,32.678563],[112.115489,32.676377],[112.116935,32.676156],[112.116999,32.676402],[112.117831,32.676301],[112.118072,32.67752],[112.118185,32.678321],[112.118815,32.67826],[112.119201,32.677983],[112.119456,32.67787],[112.120127,32.677775],[112.121336,32.677206],[112.121994,32.676998],[112.12198,32.676461],[112.122374,32.676418],[112.122431,32.676897],[112.122474,32.676908],[112.122605,32.677777],[112.12271,32.67889],[112.12293,32.678852],[112.12315,32.680601],[112.123498,32.680579],[112.123643,32.682401],[112.123018,32.682462],[112.122809,32.680649],[112.12246,32.680689],[112.122683,32.682425],[112.122297,32.682459],[112.122433,32.684394],[112.121758,32.684613],[112.121862,32.685466],[112.122157,32.685417],[112.122203,32.685961],[112.121288,32.686101],[112.121307,32.689108],[112.122079,32.689428],[112.122222,32.691622],[112.121361,32.693214],[112.121009,32.693929],[112.122938,32.693792],[112.12312,32.693466],[112.122962,32.692934],[112.122965,32.692595],[112.122871,32.691875],[112.122973,32.691369],[112.123171,32.69115],[112.123531,32.690582],[112.124013,32.690044],[112.125035,32.689649],[112.126097,32.689507],[112.1272,32.689597],[112.127854,32.689749],[112.128109,32.689866],[112.129984,32.690943],[112.131523,32.691925],[112.13213,32.69262],[112.132747,32.69325],[112.133538,32.693918],[112.134096,32.694175],[112.135177,32.694387],[112.136408,32.694293],[112.137325,32.694096],[112.138902,32.693618],[112.140571,32.693324],[112.141625,32.693403],[112.142271,32.693638],[112.143234,32.694153],[112.145173,32.695266],[112.14678,32.696065],[112.147847,32.695983],[112.148711,32.695789],[112.149599,32.695498],[112.150505,32.694977],[112.15216,32.69367],[112.153333,32.692148],[112.154743,32.690013],[112.154636,32.689442],[112.154714,32.688643],[112.155116,32.687101],[112.155615,32.686591],[112.156334,32.686173],[112.157289,32.685859],[112.158161,32.685688],[112.159121,32.685638],[112.159952,32.685776],[112.160749,32.686076],[112.161468,32.686469],[112.163085,32.687728],[112.163278,32.687792],[112.164163,32.687963],[112.165059,32.688022],[112.165837,32.687898],[112.166387,32.687643],[112.167296,32.687096],[112.167712,32.686683],[112.168272,32.685793],[112.169056,32.684719],[112.169251,32.684001],[112.169316,32.683177],[112.169756,32.682152],[112.168989,32.6818],[112.168297,32.682146],[112.168289,32.68171],[112.16801,32.681908],[112.167932,32.680814],[112.167234,32.680818],[112.167173,32.679653],[112.166403,32.67973],[112.16636,32.677983],[112.165934,32.67796],[112.165968,32.679775],[112.165609,32.679804],[112.165172,32.679743],[112.164501,32.679725],[112.16456,32.677881],[112.164367,32.677876],[112.16434,32.676874],[112.164273,32.676874],[112.164271,32.675646],[112.163163,32.675684],[112.163085,32.67495],[112.161444,32.675553],[112.16117,32.675537],[112.162144,32.671297],[112.160644,32.671582],[112.160253,32.669785],[112.159561,32.670351],[112.159247,32.668475],[112.159188,32.667484],[112.159247,32.666827],[112.159142,32.663824],[112.159048,32.66299],[112.158987,32.66183],[112.15881,32.660452],[112.158075,32.66052],[112.157664,32.658016],[112.158187,32.657957],[112.158104,32.657481],[112.157297,32.657571],[112.157241,32.657203],[112.156768,32.657275],[112.157136,32.659265],[112.156712,32.659323],[112.156468,32.65931],[112.155816,32.659043],[112.155323,32.658926],[112.155181,32.658668],[112.154861,32.658592],[112.154711,32.658418],[112.153687,32.658436],[112.153756,32.659111],[112.152305,32.659307],[112.152158,32.657754],[112.150412,32.658032],[112.150556,32.659371],[112.148848,32.659797],[112.14862,32.658275],[112.147418,32.658467],[112.14719,32.657993],[112.146072,32.658185],[112.145938,32.657713],[112.146227,32.657652],[112.145932,32.656214],[112.14693,32.655997],[112.146638,32.654294],[112.147595,32.654208],[112.147842,32.65445],[112.148148,32.654387],[112.148027,32.653323],[112.149907,32.652668],[112.149628,32.651647],[112.150079,32.651523],[112.149685,32.650073],[112.148598,32.650209],[112.14833,32.649208],[112.149277,32.648928],[112.149307,32.648883],[112.148746,32.647104],[112.147139,32.647386],[112.146927,32.646354],[112.146984,32.646282],[112.146493,32.643784],[112.144774,32.644111],[112.144715,32.643958],[112.144441,32.642751],[112.144344,32.642465],[112.144326,32.642286],[112.143221,32.642453],[112.14329,32.642831],[112.142547,32.642937],[112.142341,32.642049],[112.141719,32.642169],[112.141635,32.642144],[112.141499,32.641862],[112.141271,32.641134],[112.140831,32.641299],[112.140635,32.640888],[112.140208,32.639802],[112.140541,32.639725],[112.140343,32.638767],[112.139211,32.638932],[112.139385,32.639944],[112.1388,32.640064],[112.138245,32.637227],[112.138124,32.637249],[112.138001,32.637098],[112.136979,32.637188],[112.135855,32.637344],[112.133878,32.637846],[112.133144,32.638135],[112.132878,32.638029],[112.133176,32.639472],[112.132787,32.63954],[112.132578,32.637914],[112.131918,32.637952],[112.131572,32.638304],[112.131188,32.638471],[112.130603,32.638623],[112.129737,32.638932],[112.129056,32.639248],[112.129166,32.640809],[112.128117,32.640843],[112.12787,32.639463],[112.127017,32.639705],[112.126736,32.639684],[112.126575,32.639635],[112.125912,32.639226],[112.12569,32.639047],[112.125636,32.638919],[112.125574,32.638295],[112.12555,32.637622],[112.125446,32.636913],[112.125416,32.636265],[112.125075,32.636366],[112.123069,32.636472],[112.120859,32.636938],[112.121068,32.637943],[112.120913,32.63884],[112.120808,32.638831],[112.120838,32.638422],[112.119821,32.638433],[112.119832,32.637116],[112.118845,32.637286],[112.118753,32.636999],[112.118654,32.63694],[112.117941,32.637044],[112.1172,32.63724],[112.117313,32.637082],[112.11796,32.636692],[112.118193,32.636518],[112.119032,32.635598],[112.118957,32.634964],[112.118845,32.634458],[112.118708,32.634157],[112.118491,32.633943],[112.118466,32.63387],[112.118432,32.633263],[112.118343,32.632782],[112.118153,32.632228],[112.118088,32.631517],[112.117986,32.631469],[112.117528,32.63144],[112.117396,32.631397],[112.117192,32.631144],[112.11712,32.631018],[112.117045,32.630697],[112.117061,32.630003],[112.116527,32.629992],[112.116562,32.629402],[112.115414,32.629366],[112.115167,32.62936],[112.115014,32.629393],[112.114306,32.629696],[112.114167,32.629852],[112.112378,32.629884],[112.112343,32.629271],[112.112694,32.629267],[112.112713,32.627731],[112.109967,32.627733],[112.109964,32.627144],[112.109865,32.627078],[112.109623,32.627496],[112.109457,32.627645],[112.108644,32.628004],[112.108253,32.628239],[112.107561,32.628783],[112.107695,32.62725],[112.105839,32.626931],[112.106,32.625357],[112.106115,32.625072],[112.105029,32.624948],[112.105251,32.620988],[112.104511,32.620994],[112.104506,32.621729],[112.103417,32.621717],[112.103535,32.621279],[112.102827,32.621245],[112.10251,32.621125],[112.101995,32.621139],[112.101794,32.621189],[112.099334,32.621058],[112.099332,32.620703],[112.099235,32.619693],[112.099737,32.619716],[112.100777,32.618959],[112.100681,32.61707],[112.099704,32.617106],[112.099562,32.614759]]]}},{"type":"Feature","properties":{"regionCode":"411381102","sourceCode":"411381102000","name":"罗庄镇","sourceName":"罗庄镇","parentCode":"411381","parentName":"邓州市","regionLevel":"township","regionType":"town","isManagementZone":false,"source":"ruiduobao","sourceVersion":"mixed-legacy~2018-2020","geometryRepaired":false,"match2020":true,"match2023":true},"geometry":{"type":"Polygon","coordinates":[[[111.957502,32.896671],[111.956072,32.895899],[111.956501,32.894838],[111.956909,32.894991],[111.957504,32.893748],[111.957636,32.893399],[111.956633,32.892935],[111.95608,32.894119],[111.955898,32.894615],[111.955504,32.894511],[111.955034,32.894496],[111.954761,32.894385],[111.955554,32.892964],[111.95541,32.892822],[111.955133,32.892698],[111.954428,32.892198],[111.953806,32.891872],[111.95406,32.89175],[111.954133,32.891629],[111.954173,32.891446],[111.954361,32.891356],[111.954573,32.89136],[111.954761,32.891043],[111.955034,32.890068],[111.954227,32.889845],[111.953841,32.890937],[111.952888,32.890665],[111.952816,32.891106],[111.952137,32.89089],[111.951987,32.890937],[111.951231,32.890707],[111.95126,32.890385],[111.950917,32.890187],[111.950673,32.890095],[111.949933,32.889906],[111.949793,32.889903],[111.949541,32.890903],[111.94949,32.891002],[111.949219,32.891002],[111.948591,32.890933],[111.94802,32.890854],[111.94768,32.890773],[111.947596,32.890777],[111.947143,32.891034],[111.946923,32.891036],[111.944633,32.890723],[111.944375,32.891433],[111.944187,32.891784],[111.943922,32.891705],[111.943648,32.891516],[111.942948,32.891363],[111.940832,32.893734],[111.938952,32.893252],[111.939096,32.892379],[111.9393,32.891888],[111.939338,32.891721],[111.939378,32.89146],[111.939378,32.891149],[111.93933,32.890903],[111.938587,32.890694],[111.937468,32.890241],[111.937345,32.890246],[111.937318,32.89046],[111.937042,32.891178],[111.935864,32.890935],[111.935602,32.891811],[111.935508,32.892534],[111.935639,32.893259],[111.935655,32.893581],[111.935545,32.894194],[111.934242,32.89398],[111.934188,32.894036],[111.933654,32.896471],[111.931916,32.896169],[111.931661,32.897187],[111.927947,32.896351],[111.928158,32.895327],[111.924741,32.894516],[111.924961,32.89359],[111.92333,32.893318],[111.92196,32.892971],[111.921802,32.893827],[111.92152,32.894953],[111.92123,32.894502],[111.920742,32.893937],[111.920393,32.893667],[111.920224,32.894268],[111.920184,32.894275],[111.916764,32.893599],[111.913409,32.895419],[111.910686,32.897527],[111.907924,32.900455],[111.907106,32.901972],[111.906623,32.902603],[111.905832,32.903195],[111.902559,32.904999],[111.900231,32.906607],[111.89757,32.908899],[111.894422,32.91082],[111.89075,32.911991],[111.888883,32.91211],[111.885168,32.912257],[111.881818,32.91288],[111.879412,32.914725],[111.878492,32.916132],[111.877392,32.920619],[111.876749,32.921954],[111.87555,32.923701],[111.874418,32.926176],[111.873704,32.927574],[111.872964,32.929215],[111.872846,32.930289],[111.872873,32.931],[111.873535,32.934271],[111.873825,32.934749],[111.874831,32.936131],[111.875531,32.936955],[111.876464,32.937427],[111.877124,32.937686],[111.877773,32.938501],[111.879211,32.940635],[111.879302,32.941175],[111.879407,32.94156],[111.87968,32.942206],[111.88008,32.942886],[111.881928,32.945024],[111.882491,32.946285],[111.883838,32.947329],[111.884653,32.948257],[111.884479,32.948507],[111.884068,32.949252],[111.883478,32.950404],[111.883792,32.950784],[111.883741,32.951088],[111.884192,32.95109],[111.884527,32.951446],[111.884562,32.951608],[111.884505,32.95186],[111.885543,32.952301],[111.885632,32.953609],[111.885578,32.95434],[111.887931,32.953823],[111.889757,32.9536],[111.892662,32.953508],[111.895714,32.953753],[111.89675,32.954205],[111.897434,32.954863],[111.898144,32.955473],[111.899014,32.95631],[111.899663,32.956679],[111.900226,32.956944],[111.902455,32.958887],[111.903836,32.960412],[111.905478,32.962985],[111.905681,32.963475],[111.905598,32.96569],[111.905475,32.966061],[111.905193,32.966309],[111.904558,32.966552],[111.904137,32.966792],[111.90323,32.967396],[111.902868,32.968125],[111.902761,32.968566],[111.902675,32.96898],[111.902578,32.970051],[111.902385,32.971462],[111.901824,32.973269],[111.901237,32.973995],[111.900414,32.975346],[111.900003,32.976437],[111.898627,32.977938],[111.89653,32.980064],[111.895478,32.9812],[111.894996,32.981727],[111.893421,32.983581],[111.890742,32.986847],[111.890551,32.987363],[111.890012,32.988233],[111.890082,32.988778],[111.890489,32.98923],[111.891251,32.989464],[111.891809,32.989806],[111.894062,32.991558],[111.894631,32.991873],[111.896058,32.992359],[111.895752,32.993502],[111.895494,32.993646],[111.894301,32.996557],[111.893354,32.996096],[111.892488,32.996674],[111.892056,32.997342],[111.893907,32.997963],[111.894143,32.998181],[111.896447,32.998669],[111.899247,32.999428],[111.899604,32.999122],[111.899767,32.998863],[111.900092,32.998022],[111.900435,32.99768],[111.900974,32.997547],[111.901419,32.997709],[111.902364,32.997959],[111.903208,32.998037],[111.90308,32.997752],[111.903021,32.997212],[111.902793,32.996505],[111.902747,32.996103],[111.903045,32.995646],[111.903487,32.995077],[111.904507,32.994643],[111.904866,32.994373],[111.905126,32.994238],[111.905429,32.994231],[111.905936,32.994368],[111.906333,32.994436],[111.907462,32.994427],[111.908077,32.99431],[111.908581,32.994026],[111.909024,32.993527],[111.909882,32.992299],[111.910062,32.991772],[111.910316,32.991228],[111.910678,32.991],[111.910971,32.990877],[111.911223,32.990071],[111.91206,32.989788],[111.913637,32.989682],[111.916464,32.989849],[111.919594,32.989918],[111.92023,32.989727],[111.920536,32.989725],[111.920758,32.989979],[111.921257,32.989813],[111.921142,32.989534],[111.924213,32.989113],[111.924146,32.988017],[111.926914,32.98781],[111.926678,32.986341],[111.928282,32.986118],[111.928748,32.988474],[111.929145,32.988368],[111.92958,32.98842],[111.929827,32.988231],[111.93024,32.988006],[111.930712,32.988224],[111.93116,32.988618],[111.931549,32.988593],[111.932745,32.987952],[111.932718,32.986251],[111.934121,32.986276],[111.935194,32.986379],[111.935746,32.986472],[111.936666,32.986431],[111.939308,32.985891],[111.939507,32.985358],[111.940212,32.985308],[111.940574,32.985162],[111.941151,32.984487],[111.941189,32.983547],[111.94114,32.982777],[111.942178,32.982676],[111.943171,32.982388],[111.943637,32.982012],[111.944241,32.981448],[111.944598,32.980977],[111.944702,32.980532],[111.944587,32.979974],[111.944109,32.979533],[111.943415,32.979328],[111.942913,32.979006],[111.942715,32.978588],[111.942825,32.978318],[111.943184,32.978302],[111.943823,32.978509],[111.944265,32.978529],[111.946065,32.978374],[111.948031,32.978336],[111.949611,32.978417],[111.950684,32.97841],[111.95166,32.978286],[111.952762,32.977951],[111.95417,32.977427],[111.956212,32.976594],[111.958419,32.975829],[111.960184,32.975256],[111.961589,32.974592],[111.962279,32.974142],[111.963617,32.972591],[111.964521,32.971604],[111.966576,32.969628],[111.967313,32.968548],[111.967944,32.967888],[111.96874,32.967463],[111.969679,32.967197],[111.970368,32.966959],[111.97253,32.966966],[111.972798,32.966826],[111.973225,32.966122],[111.974123,32.96492],[111.974625,32.964576],[111.975108,32.964423],[111.977471,32.963923],[111.978069,32.963545],[111.978305,32.962636],[111.978882,32.961801],[111.98025,32.960073],[111.980692,32.958952],[111.981505,32.957093],[111.982065,32.956321],[111.982588,32.955806],[111.983305,32.95545],[111.984399,32.954993],[111.984887,32.954638],[111.985748,32.953834],[111.986234,32.953159],[111.986604,32.952421],[111.986923,32.950406],[111.987221,32.949925],[111.987661,32.948644],[111.987974,32.945661],[111.986907,32.945371],[111.986695,32.944815],[111.987162,32.942938],[111.987226,32.942168],[111.987188,32.94181],[111.987333,32.941457],[111.987805,32.941283],[111.988036,32.940052],[111.988361,32.939109],[111.98843,32.93869],[111.988452,32.937524],[111.988586,32.936745],[111.988605,32.935383],[111.986824,32.935158],[111.987081,32.93118],[111.986682,32.931117],[111.985684,32.931124],[111.984656,32.931205],[111.984643,32.93091],[111.98475,32.930465],[111.984793,32.929789],[111.985952,32.929589],[111.988752,32.929521],[111.988889,32.928938],[111.98883,32.928351],[111.98736,32.927876],[111.985434,32.927461],[111.984705,32.927387],[111.98441,32.927218],[111.984278,32.925834],[111.984257,32.923681],[111.98198,32.9231],[111.980062,32.922875],[111.975338,32.922225],[111.974628,32.92208],[111.976334,32.915819],[111.977401,32.916229],[111.978147,32.916373],[111.978447,32.916562],[111.978801,32.91685],[111.97911,32.916902],[111.980633,32.916801],[111.98062,32.915634],[111.980561,32.91529],[111.980716,32.915337],[111.980775,32.915312],[111.979879,32.915071],[111.979622,32.915884],[111.977653,32.915272],[111.977203,32.915517],[111.976216,32.914961],[111.976564,32.914018],[111.975277,32.913684],[111.975043,32.914308],[111.974751,32.914182],[111.975006,32.913669],[111.974756,32.91363],[111.974518,32.914076],[111.974732,32.914234],[111.973922,32.916035],[111.973654,32.916744],[111.972195,32.917251],[111.969156,32.915963],[111.968418,32.915943],[111.967257,32.9161],[111.96649,32.915918],[111.965889,32.915605],[111.965385,32.915454],[111.965087,32.915407],[111.964864,32.915321],[111.964634,32.915305],[111.963869,32.915031],[111.96347,32.91463],[111.963287,32.914315],[111.963075,32.914135],[111.962979,32.914117],[111.962906,32.914376],[111.962263,32.91449],[111.962021,32.914605],[111.961718,32.914824],[111.961361,32.914851],[111.961289,32.914932],[111.961364,32.915373],[111.961665,32.915837],[111.961536,32.915911],[111.961321,32.915895],[111.9609,32.915792],[111.96068,32.915823],[111.960648,32.91583],[111.960589,32.91599],[111.960525,32.916037],[111.959943,32.916179],[111.959462,32.915972],[111.959135,32.91594],[111.959057,32.915141],[111.960905,32.915029],[111.960973,32.914965],[111.960914,32.914914],[111.960463,32.914801],[111.960152,32.914797],[111.960079,32.914335],[111.960093,32.913747],[111.960133,32.913477],[111.960227,32.913164],[111.959318,32.913063],[111.959766,32.911592],[111.960981,32.911615],[111.961742,32.911806],[111.961965,32.911034],[111.96104,32.910487],[111.961045,32.910446],[111.961791,32.908465],[111.962467,32.906895],[111.963212,32.907051],[111.963421,32.90647],[111.96348,32.906208],[111.963523,32.905344],[111.96178,32.905015],[111.961705,32.90504],[111.961606,32.905154],[111.961536,32.905186],[111.961383,32.905179],[111.961171,32.905116],[111.961657,32.903398],[111.962062,32.903481],[111.962201,32.902477],[111.9616,32.902416],[111.961353,32.903357],[111.960688,32.903252],[111.960986,32.902299],[111.960211,32.902135],[111.959108,32.902054],[111.958526,32.901945],[111.958349,32.901941],[111.958025,32.900612],[111.95803,32.900362],[111.95917,32.898254],[111.958395,32.897795],[111.957765,32.897331],[111.957647,32.897074],[111.957566,32.897002],[111.957502,32.896671]]]}},{"type":"Feature","properties":{"regionCode":"411381103","sourceCode":"411381103000","name":"汲滩镇","sourceName":"汲滩镇","parentCode":"411381","parentName":"邓州市","regionLevel":"township","regionType":"town","isManagementZone":false,"source":"ruiduobao","sourceVersion":"mixed-legacy~2018-2020","geometryRepaired":false,"match2020":true,"match2023":true},"geometry":{"type":"Polygon","coordinates":[[[112.279469,32.658948],[112.278686,32.658797],[112.27787,32.658727],[112.277876,32.659204],[112.275467,32.659386],[112.274719,32.658508],[112.274386,32.658515],[112.272946,32.659375],[112.273458,32.659863],[112.27353,32.65998],[112.273042,32.660335],[112.273941,32.661227],[112.273664,32.66134],[112.271642,32.661882],[112.270942,32.662148],[112.269287,32.662649],[112.268085,32.662979],[112.267568,32.663151],[112.267372,32.663162],[112.267037,32.66334],[112.265371,32.663894],[112.264929,32.664131],[112.264287,32.664535],[112.26333,32.665352],[112.263134,32.665544],[112.262587,32.66652],[112.262485,32.666944],[112.262383,32.66773],[112.262359,32.668202],[112.262225,32.669062],[112.262139,32.670065],[112.262126,32.670823],[112.262447,32.671309],[112.262726,32.671589],[112.26355,32.672149],[112.264051,32.67253],[112.264843,32.673241],[112.265556,32.674063],[112.266302,32.674808],[112.26657,32.675127],[112.266862,32.675567],[112.267911,32.677398],[112.268077,32.677806],[112.268512,32.679741],[112.268609,32.680382],[112.268665,32.681091],[112.268641,32.681349],[112.268372,32.681746],[112.268182,32.681942],[112.267828,32.682511],[112.267482,32.682881],[112.267184,32.683125],[112.266964,32.683299],[112.26627,32.683726],[112.266047,32.683895],[112.265079,32.684247],[112.264751,32.684277],[112.262163,32.684724],[112.261635,32.684715],[112.26164,32.684606],[112.259915,32.684624],[112.257067,32.684568],[112.253398,32.693893],[112.264473,32.693787],[112.264483,32.695419],[112.264279,32.696218],[112.263952,32.696904],[112.263553,32.699389],[112.263389,32.701728],[112.263654,32.703538],[112.26362,32.704332],[112.263544,32.704928],[112.263255,32.706133],[112.262828,32.70695],[112.263123,32.707776],[112.263268,32.708045],[112.263314,32.708399],[112.263392,32.708675],[112.263341,32.709234],[112.263102,32.709526],[112.262979,32.710009],[112.262842,32.710767],[112.262831,32.711509],[112.262928,32.712019],[112.262917,32.712956],[112.263035,32.713922],[112.262976,32.714423],[112.262984,32.714741],[112.26333,32.715226],[112.263139,32.71582],[112.262785,32.716646],[112.262625,32.717442],[112.262622,32.718056],[112.262584,32.718512],[112.262625,32.720556],[112.26234,32.724036],[112.26234,32.72462],[112.262557,32.725361],[112.262517,32.725832],[112.262402,32.726148],[112.262016,32.726834],[112.261793,32.727376],[112.261369,32.72738],[112.260237,32.727308],[112.260235,32.727622],[112.258349,32.727303],[112.258212,32.72801],[112.258175,32.728077],[112.257955,32.728147],[112.257477,32.728091],[112.257649,32.726992],[112.256453,32.726902],[112.256362,32.72787],[112.255836,32.727831],[112.255576,32.729467],[112.255407,32.730108],[112.255152,32.730503],[112.254994,32.730629],[112.25475,32.731051],[112.254613,32.73115],[112.252419,32.731033],[112.251257,32.73102],[112.251249,32.731669],[112.25078,32.731654],[112.250654,32.732145],[112.25163,32.732229],[112.251434,32.733075],[112.251271,32.733134],[112.251212,32.733289],[112.251029,32.734422],[112.250077,32.733869],[112.249455,32.733714],[112.249015,32.733659],[112.248331,32.735893],[112.247878,32.735846],[112.247867,32.736015],[112.247301,32.73595],[112.247392,32.735395],[112.245992,32.735282],[112.245829,32.736514],[112.244984,32.736399],[112.244541,32.736306],[112.244418,32.737691],[112.242851,32.737547],[112.2429,32.73699],[112.241384,32.737048],[112.241229,32.738571],[112.241161,32.738603],[112.241011,32.741989],[112.2428,32.741694],[112.243613,32.741279],[112.243785,32.741432],[112.243264,32.742143],[112.241451,32.744011],[112.241934,32.747327],[112.244257,32.747027],[112.244369,32.748831],[112.243329,32.748886],[112.243468,32.750359],[112.242717,32.750438],[112.242658,32.750679],[112.241835,32.750733],[112.241765,32.750914],[112.240663,32.750977],[112.240684,32.751561],[112.238643,32.751663],[112.238624,32.75051],[112.23787,32.750526],[112.237913,32.751766],[112.237972,32.752416],[112.238005,32.75245],[112.238691,32.752605],[112.238702,32.752993],[112.238659,32.753106],[112.238495,32.753321],[112.238369,32.753418],[112.238184,32.753472],[112.237253,32.753939],[112.237085,32.754178],[112.236811,32.755669],[112.237605,32.755951],[112.237283,32.757624],[112.241293,32.758012],[112.241432,32.756934],[112.241776,32.754766],[112.242484,32.754979],[112.243272,32.75566],[112.243146,32.756878],[112.242897,32.758227],[112.243991,32.758529],[112.244192,32.759391],[112.244436,32.760158],[112.244745,32.760947],[112.244764,32.761966],[112.245131,32.76205],[112.245764,32.762048],[112.245775,32.761836],[112.247113,32.761748],[112.2471,32.760728],[112.247837,32.760728],[112.247856,32.761299],[112.250471,32.761337],[112.250353,32.761854],[112.250388,32.762697],[112.25155,32.762706],[112.251442,32.764105],[112.252376,32.76417],[112.252397,32.764524],[112.252588,32.76454],[112.252537,32.766723],[112.253079,32.766793],[112.25361,32.766811],[112.253585,32.767325],[112.252507,32.767344],[112.252569,32.768158],[112.251169,32.768117],[112.251086,32.769748],[112.248902,32.769509],[112.249018,32.770226],[112.248935,32.770815],[112.248921,32.771498],[112.248658,32.772549],[112.24858,32.772637],[112.246767,32.772492],[112.246679,32.773724],[112.245426,32.773629],[112.245367,32.774028],[112.245391,32.774213],[112.245804,32.775476],[112.243712,32.775368],[112.24368,32.776958],[112.24221,32.776962],[112.242213,32.778548],[112.242725,32.778543],[112.242629,32.780194],[112.241671,32.780137],[112.241561,32.780999],[112.239303,32.780855],[112.239158,32.782081],[112.239161,32.782273],[112.240845,32.782341],[112.240891,32.784627],[112.239222,32.784645],[112.23945,32.786291],[112.240228,32.786134],[112.241183,32.786086],[112.241347,32.787696],[112.240051,32.787834],[112.240346,32.789401],[112.241113,32.790377],[112.241754,32.791595],[112.242806,32.79148],[112.243103,32.791354],[112.245134,32.791266],[112.245193,32.791511],[112.246062,32.791543],[112.246183,32.78948],[112.246665,32.789859],[112.247285,32.789861],[112.247328,32.790172],[112.247891,32.79019],[112.248071,32.790447],[112.248124,32.790627],[112.248124,32.791151],[112.248481,32.791157],[112.248358,32.793209],[112.249208,32.793214],[112.249197,32.791919],[112.249675,32.791924],[112.249677,32.79221],[112.252322,32.792228],[112.252435,32.792138],[112.252743,32.791703],[112.252883,32.791376],[112.255433,32.79152],[112.255305,32.789272],[112.257155,32.789394],[112.257217,32.789239],[112.257228,32.788898],[112.260379,32.788997],[112.260495,32.789417],[112.260664,32.78975],[112.260691,32.78994],[112.261224,32.790729],[112.26146,32.790914],[112.261916,32.791624],[112.262032,32.792276],[112.262053,32.793047],[112.262016,32.793739],[112.262083,32.794129],[112.262335,32.794461],[112.262681,32.794763],[112.263499,32.795295],[112.263966,32.795771],[112.264049,32.795953],[112.264051,32.796134],[112.263955,32.796636],[112.263952,32.796796],[112.263974,32.796966],[112.264156,32.797559],[112.264178,32.798037],[112.263907,32.798611],[112.263571,32.799092],[112.263435,32.799452],[112.263418,32.799836],[112.263727,32.800938],[112.263791,32.80136],[112.263644,32.802604],[112.263558,32.802785],[112.263523,32.803249],[112.263373,32.803932],[112.263432,32.804557],[112.263523,32.805021],[112.263539,32.805278],[112.263502,32.80563],[112.263282,32.806324],[112.263134,32.807046],[112.263056,32.807614],[112.263046,32.808033],[112.26403,32.808256],[112.264513,32.807088],[112.26649,32.80744],[112.266642,32.807057],[112.266897,32.806694],[112.269346,32.807133],[112.269097,32.806464],[112.270465,32.806743],[112.2701,32.808198],[112.270046,32.808538],[112.270009,32.80923],[112.270229,32.811349],[112.270604,32.811216],[112.27043,32.809528],[112.270813,32.810062],[112.272047,32.809994],[112.27224,32.810691],[112.273458,32.810436],[112.275099,32.810008],[112.276652,32.809841],[112.276666,32.810042],[112.277701,32.810048],[112.278715,32.810134],[112.280011,32.810407],[112.279852,32.810303],[112.279445,32.809913],[112.279689,32.808644],[112.280188,32.80682],[112.281617,32.807242],[112.281918,32.806157],[112.282323,32.806223],[112.283436,32.806491],[112.283519,32.806105],[112.284098,32.804126],[112.28629,32.804645],[112.286432,32.804379],[112.286539,32.804277],[112.286598,32.804124],[112.284291,32.80356],[112.284506,32.802843],[112.285064,32.803082],[112.285311,32.80329],[112.285362,32.802965],[112.286885,32.803292],[112.28721,32.802264],[112.287432,32.802262],[112.287722,32.801182],[112.288924,32.801403],[112.289731,32.801504],[112.28949,32.803006],[112.29078,32.803213],[112.290785,32.803387],[112.29214,32.803459],[112.292233,32.801569],[112.29127,32.801479],[112.291453,32.800075],[112.292545,32.80016],[112.292472,32.801518],[112.294116,32.801644],[112.294116,32.801867],[112.294663,32.801944],[112.295246,32.798519],[112.296348,32.798411],[112.29631,32.798864],[112.297153,32.798941],[112.297142,32.799213],[112.297539,32.799265],[112.297437,32.799928],[112.297708,32.799964],[112.297721,32.800203],[112.298714,32.800237],[112.298689,32.799247],[112.299502,32.799243],[112.299642,32.79927],[112.300481,32.799286],[112.300468,32.799865],[112.301058,32.799874],[112.30123,32.799948],[112.301358,32.80009],[112.302675,32.80014],[112.302624,32.800834],[112.302308,32.801578],[112.303273,32.801718],[112.303308,32.801491],[112.305596,32.801883],[112.305615,32.801179],[112.306205,32.800976],[112.306221,32.801258],[112.306433,32.801265],[112.307857,32.801477],[112.307959,32.80088],[112.309027,32.801024],[112.309056,32.80083],[112.310051,32.800965],[112.310695,32.801087],[112.310947,32.800043],[112.311942,32.800104],[112.312304,32.800156],[112.312468,32.79936],[112.313232,32.799405],[112.314772,32.799434],[112.314635,32.798436],[112.314536,32.798363],[112.314477,32.797788],[112.316891,32.797953],[112.317017,32.796833],[112.318929,32.797056],[112.318975,32.796952],[112.320783,32.797004],[112.321196,32.797044],[112.321172,32.798555],[112.322835,32.798557],[112.322717,32.799319],[112.324608,32.799353],[112.324669,32.800106],[112.323688,32.800081],[112.323664,32.800219],[112.322668,32.800178],[112.322599,32.800661],[112.324669,32.800805],[112.324683,32.801691],[112.32644,32.801768],[112.32622,32.802115],[112.325868,32.802471],[112.325168,32.803042],[112.327738,32.803267],[112.327762,32.803062],[112.32774,32.802816],[112.327899,32.802045],[112.32799,32.801813],[112.32818,32.801567],[112.328325,32.801197],[112.328344,32.800976],[112.328288,32.80049],[112.3284,32.799833],[112.328387,32.799317],[112.329205,32.799259],[112.32961,32.798947],[112.329637,32.798722],[112.329741,32.798535],[112.330688,32.797883],[112.331152,32.796918],[112.331407,32.796544],[112.331512,32.796136],[112.331791,32.795865],[112.331713,32.79561],[112.331702,32.794742],[112.332552,32.794763],[112.332767,32.794736],[112.332845,32.794636],[112.332754,32.793694],[112.332737,32.792675],[112.332944,32.792742],[112.334449,32.792812],[112.334489,32.792456],[112.335291,32.792479],[112.335277,32.793423],[112.335696,32.793396],[112.335691,32.79375],[112.336332,32.793635],[112.337104,32.793322],[112.337737,32.793951],[112.338909,32.794927],[112.340223,32.79486],[112.340242,32.794276],[112.340135,32.793919],[112.339413,32.793906],[112.339065,32.793798],[112.338668,32.793764],[112.338249,32.793786],[112.338215,32.79148],[112.338086,32.789836],[112.337968,32.789024],[112.337058,32.789038],[112.336774,32.789015],[112.33668,32.784124],[112.335256,32.784169],[112.335202,32.782997],[112.331345,32.782979],[112.331155,32.781894],[112.330932,32.780927],[112.325895,32.780189],[112.325847,32.779894],[112.325064,32.779272],[112.323741,32.778103],[112.323141,32.777959],[112.321292,32.777643],[112.323138,32.773406],[112.321357,32.772835],[112.321292,32.770781],[112.319761,32.77065],[112.320056,32.767729],[112.319434,32.767727],[112.319984,32.762221],[112.31809,32.761996],[112.318594,32.758592],[112.314372,32.758698],[112.314662,32.756318],[112.315365,32.756336],[112.315502,32.755251],[112.316025,32.755274],[112.31611,32.753981],[112.317189,32.754088],[112.317604,32.752457],[112.316416,32.752267],[112.313696,32.752017],[112.313731,32.751651],[112.313265,32.751498],[112.311366,32.751462],[112.311087,32.750246],[112.310816,32.748457],[112.310073,32.745236],[112.309805,32.743388],[112.309483,32.738077],[112.309488,32.737324],[112.313686,32.737556],[112.316033,32.737594],[112.316271,32.735505],[112.318653,32.73567],[112.319082,32.73178],[112.319165,32.730469],[112.319289,32.729614],[112.319648,32.729625],[112.319965,32.729684],[112.321451,32.729765],[112.321993,32.726893],[112.321982,32.726096],[112.320976,32.724925],[112.321051,32.724162],[112.32136,32.722599],[112.321472,32.722181],[112.320327,32.721872],[112.319782,32.721403],[112.318522,32.721251],[112.31757,32.721299],[112.316094,32.72124],[112.316314,32.719494],[112.316647,32.718013],[112.316934,32.716079],[112.316432,32.71593],[112.311234,32.715648],[112.311312,32.714495],[112.310588,32.713782],[112.310065,32.713685],[112.309515,32.714145],[112.309003,32.714797],[112.308298,32.7135],[112.307895,32.712665],[112.306988,32.71241],[112.305899,32.7116],[112.305344,32.711548],[112.304859,32.711611],[112.304349,32.712319],[112.303268,32.712067],[112.303059,32.70972],[112.303005,32.708311],[112.303346,32.707955],[112.304065,32.707097],[112.304129,32.706743],[112.30404,32.70554],[112.304016,32.703926],[112.305084,32.703795],[112.308976,32.7038],[112.309037,32.704082],[112.309539,32.70424],[112.309442,32.703852],[112.309351,32.702583],[112.309083,32.701771],[112.309,32.701191],[112.309099,32.700746],[112.309314,32.698798],[112.309316,32.698288],[112.309091,32.697647],[112.309094,32.696525],[112.309241,32.695383],[112.309381,32.694789],[112.309472,32.692123],[112.30974,32.690539],[112.309864,32.688717],[112.309823,32.688241],[112.309821,32.687557],[112.30988,32.687004],[112.309877,32.685586],[112.309477,32.685399],[112.307428,32.685274],[112.301584,32.682281],[112.301095,32.681992],[112.300827,32.680263],[112.300234,32.677773],[112.300055,32.677246],[112.299843,32.677043],[112.298558,32.676872],[112.298628,32.676136],[112.297531,32.67589],[112.296694,32.675752],[112.297373,32.674709],[112.299776,32.671374],[112.300449,32.670381],[112.302246,32.667969],[112.303263,32.666718],[112.303576,32.666219],[112.302026,32.665711],[112.300771,32.665592],[112.301543,32.663144],[112.300934,32.663002],[112.299652,32.662826],[112.298958,32.662697],[112.295763,32.662304],[112.295962,32.661365],[112.292102,32.660859],[112.284881,32.659815],[112.283715,32.659714],[112.280788,32.659093],[112.279469,32.658948]],[[112.2471,32.760898],[112.247097,32.760728],[112.2471,32.760728],[112.2471,32.760898]]]}},{"type":"Feature","properties":{"regionCode":"411381104","sourceCode":"411381104000","name":"穰东镇","sourceName":"穰东镇","parentCode":"411381","parentName":"邓州市","regionLevel":"township","regionType":"town","isManagementZone":false,"source":"ruiduobao","sourceVersion":"mixed-legacy~2018-2020","geometryRepaired":false,"match2020":true,"match2023":true},"geometry":{"type":"Polygon","coordinates":[[[112.197128,32.785949],[112.197195,32.785888],[112.197522,32.78587],[112.198351,32.785676],[112.199818,32.783806],[112.198748,32.783277],[112.198139,32.784075],[112.197098,32.783628],[112.19694,32.783928],[112.195768,32.783522],[112.195972,32.783069],[112.194888,32.782747],[112.195245,32.781982],[112.194644,32.781822],[112.194349,32.782523],[112.194416,32.78308],[112.194944,32.783222],[112.194231,32.784801],[112.193686,32.784684],[112.193491,32.785087],[112.194783,32.785518],[112.194582,32.785967],[112.194309,32.7864],[112.193925,32.786855],[112.19323,32.787992],[112.191626,32.787489],[112.191047,32.787464],[112.190924,32.787703],[112.190698,32.787985],[112.190468,32.788005],[112.190068,32.788722],[112.189969,32.789142],[112.189537,32.790071],[112.189298,32.790427],[112.189212,32.790609],[112.189202,32.790727],[112.189306,32.791004],[112.189279,32.791133],[112.189116,32.791302],[112.18877,32.791392],[112.190004,32.791823],[112.191184,32.792129],[112.190835,32.793029],[112.190548,32.793505],[112.189805,32.793809],[112.189604,32.793953],[112.18929,32.794258],[112.188952,32.79511],[112.188228,32.796684],[112.189693,32.797177],[112.189918,32.797331],[112.18933,32.797655],[112.188335,32.798363],[112.186986,32.800079],[112.18641,32.800871],[112.187504,32.800821],[112.189518,32.800875],[112.189309,32.801472],[112.189215,32.801903],[112.189634,32.801948],[112.189491,32.803601],[112.188925,32.803551],[112.188915,32.804072],[112.18874,32.804061],[112.188727,32.805641],[112.187515,32.805562],[112.187552,32.806209],[112.186629,32.806132],[112.186624,32.806545],[112.186554,32.807323],[112.185887,32.807354],[112.185854,32.807253],[112.18587,32.806114],[112.185093,32.806117],[112.185007,32.807284],[112.185079,32.808315],[112.185144,32.810463],[112.184741,32.810535],[112.184612,32.812219],[112.18447,32.813227],[112.183231,32.813074],[112.183089,32.813673],[112.181571,32.813378],[112.180713,32.813267],[112.180723,32.813542],[112.181788,32.813705],[112.183038,32.813842],[112.182974,32.814189],[112.180718,32.813937],[112.180624,32.814994],[112.180501,32.815377],[112.180688,32.81694],[112.180769,32.817994],[112.180922,32.819036],[112.181555,32.819094],[112.182164,32.819],[112.182923,32.818993],[112.184047,32.818862],[112.184666,32.818862],[112.184559,32.820634],[112.18612,32.820684],[112.187067,32.820819],[112.187963,32.821184],[112.18826,32.82127],[112.188869,32.820086],[112.192815,32.82095],[112.194215,32.821055],[112.194177,32.821962],[112.195006,32.821959],[112.19506,32.822593],[112.195229,32.823379],[112.195204,32.823736],[112.195226,32.825597],[112.196707,32.825579],[112.196599,32.8272],[112.195572,32.8272],[112.195392,32.828789],[112.197763,32.829021],[112.197763,32.829181],[112.197562,32.829722],[112.197525,32.829988],[112.197353,32.830258],[112.197264,32.830619],[112.197267,32.831225],[112.197098,32.831922],[112.196994,32.832131],[112.196905,32.832474],[112.196902,32.832961],[112.196776,32.833141],[112.196677,32.833745],[112.195052,32.833571],[112.194918,32.835331],[112.19631,32.835406],[112.196283,32.836337],[112.194891,32.83626],[112.194765,32.838241],[112.194107,32.838227],[112.194124,32.83809],[112.192968,32.838056],[112.192756,32.839735],[112.19057,32.839431],[112.19047,32.840641],[112.190151,32.840679],[112.189583,32.841096],[112.189473,32.841153],[112.189204,32.841207],[112.189148,32.842329],[112.188834,32.842302],[112.188633,32.843985],[112.187641,32.843954],[112.187477,32.845315],[112.184629,32.845231],[112.18458,32.846444],[112.184599,32.846939],[112.184553,32.84698],[112.184484,32.847007],[112.184014,32.847018],[112.182491,32.846951],[112.182636,32.84917],[112.182365,32.849161],[112.182408,32.850292],[112.183204,32.850342],[112.183132,32.84915],[112.183548,32.849141],[112.183633,32.850335],[112.18513,32.850362],[112.185372,32.852237],[112.185862,32.852181],[112.185921,32.85239],[112.186852,32.852338],[112.186943,32.854082],[112.187321,32.854031],[112.188056,32.854091],[112.191141,32.854127],[112.192171,32.854089],[112.192166,32.853264],[112.192168,32.853232],[112.192445,32.849758],[112.192691,32.849517],[112.195025,32.84908],[112.196385,32.849089],[112.197718,32.849141],[112.200647,32.849136],[112.202165,32.849299],[112.20254,32.849391],[112.20262,32.852084],[112.202597,32.854567],[112.202441,32.857478],[112.203691,32.857633],[112.206228,32.857714],[112.207484,32.857636],[112.209788,32.857922],[112.210734,32.857913],[112.210815,32.857117],[112.211764,32.857086],[112.214412,32.857435],[112.216799,32.858075],[112.217427,32.85798],[112.217797,32.856322],[112.218113,32.854619],[112.218419,32.854085],[112.219964,32.854136],[112.221482,32.854276],[112.221804,32.854409],[112.221858,32.856779],[112.222853,32.856935],[112.223193,32.857063],[112.22388,32.857563],[112.224905,32.857863],[112.227919,32.858318],[112.228051,32.858949],[112.228609,32.859062],[112.23072,32.859334],[112.231739,32.8596],[112.232881,32.859762],[112.234612,32.860143],[112.236328,32.86047],[112.236921,32.86047],[112.237063,32.861407],[112.240738,32.862277],[112.241569,32.862525],[112.24147,32.862917],[112.241569,32.863813],[112.241338,32.864631],[112.240869,32.865742],[112.240689,32.866285],[112.240486,32.866731],[112.240432,32.867578],[112.240199,32.868774],[112.240166,32.869542],[112.240078,32.869887],[112.240016,32.87054],[112.240459,32.871043],[112.240866,32.871185],[112.244512,32.872167],[112.246617,32.87285],[112.246453,32.873194],[112.246926,32.873424],[112.247752,32.873712],[112.248825,32.873938],[112.249565,32.87408],[112.251367,32.874248],[112.252714,32.87455],[112.253494,32.874652],[112.25417,32.87464],[112.25435,32.874255],[112.256187,32.874562],[112.256874,32.874447],[112.257279,32.874456],[112.25814,32.874825],[112.258749,32.874947],[112.259113,32.874947],[112.259698,32.875222],[112.261501,32.877287],[112.261849,32.877513],[112.264574,32.877997],[112.264934,32.8781],[112.265476,32.878342],[112.265781,32.878551],[112.26627,32.878213],[112.266605,32.877855],[112.267418,32.875677],[112.267565,32.874911],[112.267895,32.874435],[112.269209,32.873827],[112.270277,32.873104],[112.270223,32.873489],[112.270052,32.874172],[112.271827,32.874296],[112.271709,32.876174],[112.271712,32.877544],[112.271567,32.878274],[112.271546,32.87922],[112.271288,32.880493],[112.271143,32.881439],[112.272586,32.881772],[112.274271,32.881934],[112.276567,32.88195],[112.277334,32.879914],[112.277328,32.879526],[112.276087,32.879047],[112.276261,32.878459],[112.275043,32.878182],[112.275716,32.87603],[112.276956,32.876267],[112.277546,32.874595],[112.276899,32.87442],[112.277688,32.872627],[112.277948,32.871514],[112.278962,32.871683],[112.278527,32.873496],[112.27831,32.874771],[112.278876,32.87419],[112.27905,32.873568],[112.279348,32.872998],[112.28011,32.872115],[112.280609,32.871194],[112.280367,32.869396],[112.281443,32.869396],[112.281499,32.868335],[112.282119,32.868405],[112.282049,32.869277],[112.282816,32.869423],[112.282797,32.870198],[112.281939,32.87018],[112.281885,32.870723],[112.281856,32.871532],[112.282972,32.871421],[112.284742,32.871579],[112.285767,32.871746],[112.286349,32.8718],[112.287236,32.872025],[112.287588,32.872081],[112.288331,32.872113],[112.288797,32.872088],[112.289422,32.871906],[112.289959,32.871998],[112.290729,32.872034],[112.291222,32.872],[112.292317,32.871728],[112.29274,32.8715],[112.293435,32.868008],[112.296219,32.868114],[112.2966,32.864444],[112.297174,32.864442],[112.298236,32.861502],[112.298939,32.85896],[112.299221,32.858431],[112.299317,32.857996],[112.300259,32.858127],[112.300747,32.85814],[112.301291,32.858219],[112.302917,32.858582],[112.30399,32.856966],[112.305129,32.857142],[112.305449,32.855716],[112.307645,32.856054],[112.307474,32.856993],[112.309217,32.857392],[112.308761,32.858854],[112.313383,32.859848],[112.314209,32.858643],[112.316915,32.85871],[112.317165,32.858075],[112.317038,32.857593],[112.3157,32.857413],[112.315912,32.855903],[112.317063,32.856173],[112.31773,32.853632],[112.322113,32.854118],[112.322057,32.852929],[112.320941,32.852721],[112.321046,32.852158],[112.323674,32.852036],[112.323385,32.849912],[112.325412,32.849601],[112.325404,32.848068],[112.325356,32.846883],[112.323377,32.846921],[112.323328,32.846157],[112.322993,32.846004],[112.320544,32.845874],[112.319876,32.845788],[112.318838,32.845736],[112.3185,32.845583],[112.318431,32.844472],[112.317741,32.844395],[112.317556,32.84392],[112.316974,32.84383],[112.316666,32.844319],[112.316298,32.844479],[112.315668,32.844485],[112.315295,32.844422],[112.315322,32.843269],[112.315252,32.842838],[112.314952,32.842919],[112.314622,32.843088],[112.313844,32.843359],[112.313831,32.843003],[112.314053,32.84056],[112.313935,32.840093],[112.312227,32.839891],[112.312586,32.839136],[112.31515,32.834786],[112.314608,32.834628],[112.315193,32.832956],[112.317138,32.833463],[112.318347,32.830849],[112.318809,32.829447],[112.319903,32.82981],[112.320142,32.829014],[112.320402,32.828732],[112.321327,32.828721],[112.321668,32.828656],[112.32188,32.827946],[112.322164,32.827966],[112.323492,32.828266],[112.323631,32.82914],[112.325013,32.829179],[112.32519,32.827441],[112.326804,32.827628],[112.327116,32.826909],[112.328709,32.827306],[112.329572,32.824977],[112.32998,32.823943],[112.330165,32.823582],[112.330482,32.82262],[112.330656,32.821849],[112.331589,32.821982],[112.332362,32.822004],[112.332845,32.82209],[112.333293,32.821856],[112.334001,32.820913],[112.334669,32.819784],[112.335028,32.818085],[112.333918,32.817857],[112.33321,32.81776],[112.333826,32.815972],[112.334178,32.815229],[112.334492,32.814974],[112.338075,32.815294],[112.338308,32.814361],[112.340033,32.814491],[112.340052,32.813648],[112.341591,32.813754],[112.342855,32.812003],[112.343053,32.811142],[112.342914,32.809652],[112.3429,32.808766],[112.342857,32.80827],[112.339395,32.807805],[112.33973,32.806214],[112.339987,32.805494],[112.340229,32.804379],[112.340505,32.804065],[112.340556,32.803526],[112.340513,32.802665],[112.340561,32.801854],[112.340516,32.801484],[112.340532,32.801175],[112.340945,32.798821],[112.341009,32.798239],[112.34087,32.797141],[112.340414,32.797051],[112.340285,32.796273],[112.340288,32.795376],[112.340223,32.79486],[112.338909,32.794927],[112.337737,32.793951],[112.337104,32.793322],[112.336332,32.793635],[112.335691,32.79375],[112.335696,32.793396],[112.335277,32.793423],[112.335291,32.792479],[112.334489,32.792456],[112.334449,32.792812],[112.332944,32.792742],[112.332737,32.792675],[112.332754,32.793694],[112.332845,32.794636],[112.332767,32.794736],[112.332552,32.794763],[112.331702,32.794742],[112.331713,32.79561],[112.331791,32.795865],[112.331512,32.796136],[112.331407,32.796544],[112.331152,32.796918],[112.330688,32.797883],[112.329741,32.798535],[112.329637,32.798722],[112.32961,32.798947],[112.329205,32.799259],[112.328387,32.799317],[112.3284,32.799833],[112.328288,32.80049],[112.328344,32.800976],[112.328325,32.801197],[112.32818,32.801567],[112.32799,32.801813],[112.327899,32.802045],[112.32774,32.802816],[112.327762,32.803062],[112.327738,32.803267],[112.325168,32.803042],[112.325868,32.802471],[112.32622,32.802115],[112.32644,32.801768],[112.324683,32.801691],[112.324669,32.800805],[112.322599,32.800661],[112.322668,32.800178],[112.323664,32.800219],[112.323688,32.800081],[112.324669,32.800106],[112.324608,32.799353],[112.322717,32.799319],[112.322835,32.798557],[112.321172,32.798555],[112.321196,32.797044],[112.320783,32.797004],[112.318975,32.796952],[112.318929,32.797056],[112.317017,32.796833],[112.316891,32.797953],[112.314477,32.797788],[112.314536,32.798363],[112.314635,32.798436],[112.314772,32.799434],[112.313232,32.799405],[112.312468,32.79936],[112.312304,32.800156],[112.311942,32.800104],[112.310947,32.800043],[112.310695,32.801087],[112.310051,32.800965],[112.309056,32.80083],[112.309027,32.801024],[112.307959,32.80088],[112.307857,32.801477],[112.306433,32.801265],[112.306221,32.801258],[112.306205,32.800976],[112.305615,32.801179],[112.305596,32.801883],[112.303308,32.801491],[112.303273,32.801718],[112.302308,32.801578],[112.302624,32.800834],[112.302675,32.80014],[112.301358,32.80009],[112.30123,32.799948],[112.301058,32.799874],[112.300468,32.799865],[112.300481,32.799286],[112.299642,32.79927],[112.299502,32.799243],[112.298689,32.799247],[112.298714,32.800237],[112.297721,32.800203],[112.297708,32.799964],[112.297437,32.799928],[112.297539,32.799265],[112.297142,32.799213],[112.297153,32.798941],[112.29631,32.798864],[112.296348,32.798411],[112.295246,32.798519],[112.294663,32.801944],[112.294116,32.801867],[112.294116,32.801644],[112.292472,32.801518],[112.292545,32.80016],[112.291453,32.800075],[112.29127,32.801479],[112.292233,32.801569],[112.29214,32.803459],[112.290785,32.803387],[112.29078,32.803213],[112.28949,32.803006],[112.289731,32.801504],[112.288924,32.801403],[112.287722,32.801182],[112.287432,32.802262],[112.28721,32.802264],[112.286885,32.803292],[112.285362,32.802965],[112.285311,32.80329],[112.285064,32.803082],[112.284506,32.802843],[112.284291,32.80356],[112.286598,32.804124],[112.286539,32.804277],[112.286432,32.804379],[112.28629,32.804645],[112.284098,32.804126],[112.283519,32.806105],[112.283436,32.806491],[112.282323,32.806223],[112.281918,32.806157],[112.281617,32.807242],[112.280188,32.80682],[112.279689,32.808644],[112.279445,32.809913],[112.279852,32.810303],[112.280011,32.810407],[112.278715,32.810134],[112.277701,32.810048],[112.276666,32.810042],[112.276652,32.809841],[112.275099,32.810008],[112.273458,32.810436],[112.27224,32.810691],[112.272047,32.809994],[112.270813,32.810062],[112.27043,32.809528],[112.270604,32.811216],[112.270229,32.811349],[112.270009,32.80923],[112.270046,32.808538],[112.2701,32.808198],[112.270465,32.806743],[112.269097,32.806464],[112.269346,32.807133],[112.266897,32.806694],[112.266642,32.807057],[112.26649,32.80744],[112.264513,32.807088],[112.26403,32.808256],[112.263046,32.808033],[112.263056,32.807614],[112.263134,32.807046],[112.263282,32.806324],[112.263502,32.80563],[112.263539,32.805278],[112.263523,32.805021],[112.263432,32.804557],[112.263373,32.803932],[112.263523,32.803249],[112.263558,32.802785],[112.263644,32.802604],[112.263791,32.80136],[112.263727,32.800938],[112.263418,32.799836],[112.263435,32.799452],[112.263571,32.799092],[112.263907,32.798611],[112.264178,32.798037],[112.264156,32.797559],[112.263974,32.796966],[112.263952,32.796796],[112.263955,32.796636],[112.264051,32.796134],[112.264049,32.795953],[112.263966,32.795771],[112.263499,32.795295],[112.262681,32.794763],[112.262335,32.794461],[112.262083,32.794129],[112.262016,32.793739],[112.262053,32.793047],[112.262032,32.792276],[112.261916,32.791624],[112.26146,32.790914],[112.261224,32.790729],[112.260691,32.78994],[112.260664,32.78975],[112.260495,32.789417],[112.260379,32.788997],[112.257228,32.788898],[112.257217,32.789239],[112.257155,32.789394],[112.255305,32.789272],[112.255433,32.79152],[112.252883,32.791376],[112.252743,32.791703],[112.252435,32.792138],[112.252322,32.792228],[112.249677,32.79221],[112.249675,32.791924],[112.249197,32.791919],[112.249208,32.793214],[112.248358,32.793209],[112.248481,32.791157],[112.248124,32.791151],[112.248124,32.790627],[112.248071,32.790447],[112.247891,32.79019],[112.247328,32.790172],[112.247285,32.789861],[112.246665,32.789859],[112.246183,32.78948],[112.246062,32.791543],[112.245193,32.791511],[112.245134,32.791266],[112.243103,32.791354],[112.242806,32.79148],[112.237986,32.792012],[112.238015,32.79237],[112.236674,32.792585],[112.237905,32.793593],[112.238627,32.794878],[112.236921,32.795087],[112.237347,32.795901],[112.235829,32.795998],[112.235312,32.795992],[112.235006,32.796064],[112.235105,32.797286],[112.233284,32.797477],[112.232839,32.797741],[112.232305,32.797962],[112.231951,32.798048],[112.231299,32.797944],[112.230671,32.798018],[112.230325,32.798188],[112.230167,32.798411],[112.229094,32.798875],[112.228657,32.799144],[112.228582,32.798661],[112.228619,32.796948],[112.227694,32.797072],[112.227311,32.797184],[112.226573,32.797247],[112.225806,32.797101],[112.225157,32.797139],[112.22461,32.795099],[112.224416,32.795227],[112.223877,32.793638],[112.224473,32.793392],[112.224172,32.79189],[112.222019,32.79226],[112.222064,32.791814],[112.220541,32.791908],[112.220543,32.791814],[112.220482,32.791726],[112.218891,32.791881],[112.218454,32.79191],[112.218314,32.791859],[112.216727,32.791996],[112.216708,32.791671],[112.213535,32.791584],[112.213604,32.790932],[112.211545,32.790727],[112.211783,32.786916],[112.211762,32.786406],[112.212009,32.785074],[112.212068,32.783944],[112.208176,32.783209],[112.206403,32.782783],[112.206306,32.783159],[112.205826,32.78456],[112.205445,32.785516],[112.205223,32.785987],[112.204643,32.786803],[112.204058,32.787532],[112.203573,32.788332],[112.203179,32.789133],[112.201623,32.788727],[112.201178,32.789216],[112.200593,32.789987],[112.200641,32.790546],[112.200523,32.790715],[112.198547,32.790158],[112.19852,32.790041],[112.198544,32.789901],[112.198866,32.788995],[112.19885,32.788618],[112.199308,32.787757],[112.19742,32.787252],[112.196645,32.786961],[112.196918,32.786569],[112.197128,32.785949]]]}},{"type":"Feature","properties":{"regionCode":"411381105","sourceCode":"411381105000","name":"孟楼镇","sourceName":"孟楼镇","parentCode":"411381","parentName":"邓州市","regionLevel":"township","regionType":"town","isManagementZone":false,"source":"ruiduobao","sourceVersion":"mixed-legacy~2018-2020","geometryRepaired":false,"match2020":true,"match2023":true},"geometry":{"type":"Polygon","coordinates":[[[111.895371,32.50823],[111.895468,32.507805],[111.895454,32.507362],[111.895519,32.50705],[111.895999,32.506986],[111.896004,32.506446],[111.896077,32.505609],[111.895393,32.505523],[111.895376,32.504408],[111.894829,32.504623],[111.894432,32.504718],[111.893695,32.504767],[111.893062,32.504699],[111.892659,32.504494],[111.892059,32.503725],[111.891769,32.503444],[111.891393,32.503168],[111.890978,32.502973],[111.890221,32.50272],[111.88719,32.501996],[111.886286,32.501822],[111.885865,32.501885],[111.885452,32.502137],[111.884956,32.502575],[111.884452,32.50308],[111.884192,32.503274],[111.883776,32.503473],[111.883459,32.503568],[111.882762,32.503709],[111.881096,32.503964],[111.879905,32.504245],[111.879602,32.504365],[111.879246,32.504568],[111.878366,32.505199],[111.877891,32.50545],[111.876856,32.505903],[111.876504,32.506007],[111.876075,32.50605],[111.875638,32.506027],[111.874101,32.505638],[111.873125,32.505444],[111.87279,32.505577],[111.8725,32.505837],[111.872143,32.50622],[111.871583,32.506916],[111.870877,32.508036],[111.870215,32.509357],[111.869968,32.509762],[111.869713,32.510135],[111.86948,32.510323],[111.869139,32.510309],[111.867331,32.509549],[111.866022,32.509192],[111.864756,32.509178],[111.864169,32.509348],[111.863388,32.50983],[111.862611,32.510841],[111.861809,32.51279],[111.861379,32.513544],[111.860932,32.514211],[111.860682,32.514503],[111.860414,32.514613],[111.860095,32.514656],[111.85903,32.514557],[111.858241,32.514609],[111.857973,32.51495],[111.857796,32.51545],[111.857589,32.515887],[111.857158,32.516378],[111.85697,32.516656],[111.856863,32.517124],[111.856836,32.517608],[111.856924,32.518764],[111.856914,32.519438],[111.856616,32.52271],[111.856441,32.525901],[111.856439,32.526577],[111.856562,32.526921],[111.856922,32.527299],[111.857311,32.527787],[111.857485,32.528317],[111.857514,32.529404],[111.857632,32.530937],[111.857624,32.531372],[111.857512,32.531779],[111.857262,32.532068],[111.856887,32.532265],[111.855908,32.532523],[111.85543,32.532683],[111.854559,32.533095],[111.85418,32.533176],[111.852727,32.533154],[111.852265,32.533054],[111.852257,32.532665],[111.852466,32.532111],[111.852525,32.531822],[111.852399,32.531464],[111.851957,32.53094],[111.841467,32.531096],[111.838803,32.531177],[111.837567,32.531168],[111.835373,32.530103],[111.83379,32.530216],[111.83342,32.530277],[111.831537,32.530365],[111.830475,32.530354],[111.830035,32.530444],[111.829209,32.531272],[111.827956,32.531501],[111.826733,32.53143],[111.8262,32.531229],[111.825577,32.530802],[111.825221,32.530734],[111.824566,32.530935],[111.824303,32.531057],[111.823783,32.531374],[111.823378,32.531677],[111.823083,32.531957],[111.821798,32.533556],[111.821487,32.534054],[111.821087,32.534795],[111.820934,32.53518],[111.820849,32.535553],[111.820808,32.535985],[111.820806,32.536681],[111.820838,32.537066],[111.821125,32.538456],[111.821152,32.53875],[111.821004,32.539198],[111.820664,32.539548],[111.820256,32.53972],[111.819781,32.539998],[111.819207,32.540622],[111.818912,32.540833],[111.818609,32.540903],[111.818322,32.540921],[111.817802,32.540898],[111.817429,32.540835],[111.816986,32.540693],[111.816595,32.540383],[111.816364,32.540032],[111.816066,32.539716],[111.815565,32.539673],[111.813349,32.539747],[111.812131,32.53972],[111.811574,32.539648],[111.810506,32.539442],[111.809476,32.539302],[111.80898,32.539254],[111.807725,32.539211],[111.807038,32.539236],[111.80526,32.539517],[111.804895,32.539548],[111.803908,32.539564],[111.803122,32.53953],[111.802642,32.53958],[111.802365,32.539727],[111.801421,32.540851],[111.801073,32.541204],[111.800448,32.541735],[111.799879,32.542076],[111.798962,32.542551],[111.793984,32.544557],[111.793045,32.544803],[111.792616,32.544866],[111.79154,32.54495],[111.790738,32.544851],[111.79044,32.544932],[111.790253,32.545181],[111.790084,32.54592],[111.789928,32.546225],[111.789614,32.546309],[111.789268,32.546286],[111.787989,32.546072],[111.787509,32.546081],[111.786978,32.546189],[111.785637,32.546675],[111.784655,32.546797],[111.783598,32.546994],[111.782952,32.547057],[111.782472,32.547292],[111.782198,32.547713],[111.781946,32.548337],[111.781723,32.549092],[111.781608,32.54961],[111.781165,32.550919],[111.780725,32.551706],[111.78031,32.552287],[111.780111,32.552642],[111.780149,32.553046],[111.780452,32.553585],[111.780626,32.553987],[111.780707,32.554417],[111.780725,32.555321],[111.780908,32.557089],[111.780902,32.557649],[111.780782,32.558117],[111.780387,32.558644],[111.780001,32.558922],[111.778545,32.559783],[111.777778,32.56019],[111.777043,32.560658],[111.776265,32.561226],[111.775911,32.561429],[111.775058,32.561728],[111.774234,32.561854],[111.772794,32.561983],[111.771185,32.562388],[111.770761,32.562437],[111.770211,32.562442],[111.769581,32.562333],[111.769256,32.562806],[111.766625,32.561061],[111.76567,32.560308],[111.76526,32.559946],[111.764742,32.559078],[111.764401,32.558755],[111.763954,32.558427],[111.76339,32.558077],[111.762956,32.558147],[111.7618,32.558199],[111.761438,32.558187],[111.760536,32.557991],[111.759064,32.557873],[111.75849,32.557799],[111.758133,32.558456],[111.757776,32.559948],[111.75772,32.561644],[111.757661,32.561988],[111.757299,32.562801],[111.756704,32.563814],[111.756586,32.564171],[111.756575,32.564495],[111.756454,32.564786],[111.755993,32.565462],[111.755462,32.565984],[111.754818,32.56652],[111.755129,32.566769],[111.755373,32.567126],[111.755623,32.567227],[111.756009,32.567505],[111.755585,32.567632],[111.755008,32.567704],[111.75562,32.569201],[111.755609,32.569296],[111.754512,32.569624],[111.754598,32.569972],[111.75548,32.569863],[111.756191,32.569897],[111.756374,32.569949],[111.756792,32.569454],[111.757296,32.570383],[111.756234,32.571222],[111.756135,32.571524],[111.757983,32.572433],[111.758324,32.572302],[111.758613,32.572273],[111.759024,32.572539],[111.759109,32.57263],[111.75919,32.572903],[111.759399,32.573335],[111.759633,32.573584],[111.760158,32.57404],[111.759697,32.574411],[111.760877,32.575342],[111.760644,32.5756],[111.761719,32.576341],[111.762299,32.575654],[111.761373,32.574951],[111.761805,32.574592],[111.762645,32.575243],[111.762937,32.574924],[111.762854,32.574551],[111.762755,32.574325],[111.763715,32.573477],[111.764648,32.574226],[111.76582,32.573123],[111.764603,32.572189],[111.765037,32.571755],[111.765633,32.572169],[111.766258,32.57272],[111.766722,32.572302],[111.7681,32.573407],[111.768736,32.574013],[111.769323,32.57494],[111.770509,32.574379],[111.770922,32.57411],[111.771525,32.574935],[111.771826,32.575819],[111.772293,32.575372],[111.77343,32.575946],[111.773964,32.575729],[111.774114,32.575602],[111.774221,32.575455],[111.774739,32.575794],[111.774857,32.575889],[111.775141,32.576233],[111.775892,32.576852],[111.776506,32.577272],[111.777209,32.576452],[111.778022,32.577046],[111.778218,32.576843],[111.778564,32.577159],[111.779186,32.57755],[111.77932,32.577263],[111.781082,32.578007],[111.781332,32.577785],[111.781645,32.577175],[111.781026,32.576969],[111.780109,32.576608],[111.77973,32.576504],[111.78028,32.575279],[111.781734,32.575812],[111.781771,32.57569],[111.782193,32.575905],[111.782493,32.575989],[111.782316,32.575466],[111.78351,32.575853],[111.78377,32.575769],[111.783888,32.575769],[111.784,32.575864],[111.784035,32.576142],[111.783823,32.576588],[111.782938,32.577828],[111.782732,32.578199],[111.782552,32.578649],[111.782472,32.578995],[111.782482,32.57918],[111.782547,32.579361],[111.782681,32.579435],[111.782834,32.579383],[111.78289,32.579309],[111.783105,32.578703],[111.783209,32.578511],[111.783485,32.578222],[111.783845,32.577679],[111.784129,32.577462],[111.784344,32.57737],[111.784572,32.57732],[111.784644,32.577351],[111.784725,32.57734],[111.784816,32.577141],[111.78492,32.577114],[111.785065,32.577196],[111.785387,32.577229],[111.785451,32.576969],[111.785602,32.576671],[111.785679,32.576588],[111.785851,32.576529],[111.785763,32.576332],[111.785749,32.57616],[111.785781,32.5759],[111.785843,32.57579],[111.786095,32.57557],[111.78617,32.575392],[111.786294,32.575247],[111.786307,32.57517],[111.786202,32.574886],[111.785964,32.57473],[111.785878,32.574603],[111.785934,32.574196],[111.786063,32.574002],[111.786272,32.573954],[111.786634,32.573957],[111.786876,32.574027],[111.787168,32.574029],[111.787501,32.574115],[111.788938,32.575032],[111.789598,32.575306],[111.790406,32.575419],[111.790347,32.57612],[111.789499,32.576038],[111.789402,32.5776],[111.790357,32.580032],[111.789236,32.580263],[111.789797,32.580593],[111.790183,32.581675],[111.790711,32.58153],[111.791433,32.581397],[111.791283,32.580536],[111.792047,32.580459],[111.79271,32.580577],[111.793774,32.580841],[111.79356,32.581768],[111.794016,32.581912],[111.793973,32.582141],[111.792111,32.581738],[111.792369,32.582532],[111.792503,32.582769],[111.793546,32.582383],[111.793689,32.583065],[111.793412,32.58314],[111.79323,32.583682],[111.793965,32.584102],[111.794348,32.58358],[111.795419,32.583815],[111.795287,32.583996],[111.795802,32.584392],[111.796406,32.583759],[111.796636,32.584098],[111.796985,32.584462],[111.797253,32.584324],[111.797916,32.584111],[111.798122,32.583985],[111.799023,32.583953],[111.799192,32.583917],[111.799243,32.583885],[111.799225,32.583612],[111.800571,32.583372],[111.801378,32.583849],[111.801722,32.584005],[111.802754,32.583985],[111.803162,32.583867],[111.80343,32.583696],[111.804517,32.585524],[111.804589,32.585486],[111.805638,32.585368],[111.805732,32.585246],[111.805793,32.584591],[111.806016,32.584514],[111.806732,32.583881],[111.806775,32.583707],[111.80667,32.583669],[111.806204,32.583336],[111.80685,32.583108],[111.806324,32.581822],[111.806928,32.581639],[111.80759,32.583302],[111.807875,32.583268],[111.808312,32.583384],[111.808543,32.583664],[111.808653,32.583422],[111.807861,32.581885],[111.807523,32.581384],[111.808087,32.58132],[111.808972,32.582778],[111.80906,32.583047],[111.809076,32.583501],[111.809382,32.583345],[111.809632,32.583318],[111.810552,32.5834],[111.810753,32.583348],[111.811252,32.583045],[111.811498,32.58281],[111.811909,32.582272],[111.812115,32.582082],[111.812333,32.581915],[111.812697,32.581711],[111.812912,32.581612],[111.813186,32.58154],[111.813532,32.581469],[111.813639,32.581476],[111.814122,32.581354],[111.814685,32.581153],[111.814883,32.581139],[111.815087,32.581189],[111.815278,32.581377],[111.815313,32.58146],[111.815323,32.581666],[111.815267,32.581781],[111.815087,32.581946],[111.81469,32.582098],[111.814529,32.582215],[111.814478,32.582362],[111.814556,32.582498],[111.81476,32.582561],[111.815178,32.582545],[111.815385,32.582444],[111.815653,32.582211],[111.816026,32.582034],[111.816487,32.581987],[111.817034,32.582091],[111.81752,32.582224],[111.817901,32.582181],[111.818011,32.582132],[111.81848,32.581619],[111.818735,32.581194],[111.819127,32.580095],[111.819188,32.58],[111.819969,32.578958],[111.820521,32.578287],[111.820704,32.578185],[111.821463,32.57817],[111.821854,32.578253],[111.822278,32.578549],[111.822498,32.578746],[111.823383,32.579318],[111.823866,32.579768],[111.824145,32.580129],[111.824775,32.580667],[111.825052,32.580999],[111.825569,32.581404],[111.825897,32.581506],[111.82647,32.581829],[111.826886,32.581985],[111.827267,32.582062],[111.828713,32.582193],[111.82871,32.582007],[111.828619,32.581784],[111.828745,32.581533],[111.828775,32.581343],[111.828659,32.581101],[111.828646,32.580778],[111.828592,32.580701],[111.82849,32.580635],[111.828066,32.580439],[111.828023,32.580346],[111.828037,32.580061],[111.828139,32.579675],[111.828144,32.579316],[111.828565,32.579469],[111.828488,32.580333],[111.828847,32.580568],[111.828941,32.57958],[111.829067,32.579076],[111.829099,32.578712],[111.828952,32.578626],[111.828547,32.578504],[111.827651,32.578276],[111.82735,32.578253],[111.827149,32.578032],[111.826913,32.577663],[111.827922,32.577704],[111.828163,32.577808],[111.828343,32.57795],[111.828756,32.577844],[111.828799,32.57687],[111.829059,32.576856],[111.829338,32.576753],[111.829362,32.577589],[111.831205,32.577566],[111.831789,32.577528],[111.831564,32.576386],[111.831451,32.575961],[111.83107,32.575071],[111.831296,32.575107],[111.831854,32.575304],[111.832723,32.575356],[111.833543,32.575582],[111.83397,32.575647],[111.834152,32.575749],[111.83412,32.575482],[111.833809,32.574513],[111.83345,32.574339],[111.833342,32.573495],[111.834034,32.573993],[111.83478,32.573975],[111.835338,32.574205],[111.835593,32.57421],[111.835866,32.574151],[111.836081,32.574011],[111.836373,32.574074],[111.836534,32.574296],[111.836867,32.574377],[111.8382,32.574207],[111.838798,32.574187],[111.838535,32.573647],[111.839187,32.573557],[111.839769,32.573371],[111.84019,32.573577],[111.84038,32.573624],[111.840654,32.573778],[111.840842,32.57378],[111.841539,32.573432],[111.842556,32.573281],[111.842188,32.571332],[111.842754,32.571242],[111.842494,32.570835],[111.843712,32.570751],[111.843733,32.570907],[111.844878,32.570819],[111.845047,32.571875],[111.846179,32.571814],[111.846297,32.572928],[111.846241,32.573249],[111.849237,32.573382],[111.849154,32.572431],[111.852552,32.572426],[111.853126,32.571954],[111.853282,32.571897],[111.853545,32.571888],[111.853585,32.572225],[111.854534,32.57216],[111.854655,32.572539],[111.855251,32.572395],[111.855127,32.573023],[111.8559,32.573378],[111.85649,32.573563],[111.857426,32.573575],[111.857391,32.576893],[111.857506,32.577196],[111.857614,32.577614],[111.857944,32.577535],[111.858271,32.577401],[111.858735,32.577318],[111.859073,32.577351],[111.860738,32.577996],[111.861023,32.578059],[111.862039,32.577681],[111.86238,32.577672],[111.863477,32.577295],[111.864923,32.576965],[111.866564,32.576766],[111.866838,32.576705],[111.867055,32.576569],[111.866435,32.574908],[111.866331,32.57477],[111.866173,32.574736],[111.865867,32.574777],[111.865789,32.574662],[111.864778,32.5748],[111.863981,32.570519],[111.864322,32.570528],[111.864325,32.570383],[111.864032,32.568939],[111.864212,32.568954],[111.864198,32.568559],[111.864705,32.568545],[111.864687,32.568184],[111.864628,32.567842],[111.865813,32.567729],[111.870566,32.566967],[111.875633,32.56373],[111.877644,32.562399],[111.878591,32.561895],[111.879562,32.561291],[111.879372,32.561162],[111.879372,32.560496],[111.879409,32.560111],[111.881053,32.560227],[111.881198,32.560358],[111.881225,32.560676],[111.882016,32.560864],[111.881965,32.56121],[111.883816,32.561533],[111.883765,32.56196],[111.883744,32.562573],[111.886139,32.562849],[111.886281,32.561065],[111.886557,32.561011],[111.886673,32.560613],[111.886772,32.560419],[111.886474,32.560215],[111.88616,32.560077],[111.88583,32.560016],[111.885259,32.559745],[111.885047,32.559485],[111.885039,32.559372],[111.885868,32.557227],[111.886152,32.556589],[111.885495,32.556268],[111.88546,32.556006],[111.885248,32.555307],[111.885012,32.554882],[111.884776,32.554066],[111.88383,32.552836],[111.883615,32.552445],[111.881467,32.550191],[111.881043,32.549865],[111.881788,32.549137],[111.881652,32.547679],[111.881493,32.546711],[111.881348,32.546725],[111.881163,32.546958],[111.880828,32.547148],[111.880579,32.547213],[111.880276,32.547222],[111.880321,32.544948],[111.880463,32.544844],[111.881391,32.5445],[111.881504,32.544584],[111.881652,32.544595],[111.881952,32.5445],[111.882327,32.544242],[111.882614,32.542845],[111.882864,32.542436],[111.882735,32.541866],[111.882537,32.541296],[111.884492,32.540986],[111.885144,32.540828],[111.885055,32.540059],[111.8856,32.541007],[111.887676,32.540396],[111.887732,32.540211],[111.887504,32.539734],[111.886203,32.538309],[111.887451,32.537629],[111.886437,32.536975],[111.885994,32.537163],[111.885809,32.536995],[111.885173,32.53612],[111.883505,32.536713],[111.883427,32.536521],[111.881193,32.536919],[111.881088,32.536016],[111.880533,32.53603],[111.880498,32.535596],[111.876596,32.535915],[111.874613,32.536046],[111.874514,32.535589],[111.874211,32.535566],[111.871942,32.53579],[111.871703,32.535838],[111.871625,32.535505],[111.874471,32.535245],[111.874407,32.534811],[111.874278,32.53475],[111.87158,32.535012],[111.871365,32.534083],[111.87375,32.533837],[111.873592,32.533287],[111.873573,32.532767],[111.869681,32.533138],[111.869627,32.532921],[111.869262,32.533043],[111.868777,32.53309],[111.868667,32.53288],[111.868554,32.53215],[111.868455,32.531914],[111.868235,32.531616],[111.868149,32.531014],[111.868171,32.530827],[111.868254,32.530775],[111.868659,32.530759],[111.869029,32.530702],[111.869544,32.530535],[111.869775,32.530506],[111.870338,32.530098],[111.870555,32.529994],[111.871333,32.529375],[111.872261,32.528979],[111.87235,32.528742],[111.872366,32.528577],[111.872328,32.528332],[111.872932,32.527774],[111.873278,32.527609],[111.873503,32.527441],[111.874085,32.526412],[111.874262,32.525795],[111.874605,32.525847],[111.875512,32.525876],[111.8753,32.525119],[111.877154,32.525053],[111.877162,32.524915],[111.879441,32.524795],[111.879401,32.524354],[111.881002,32.524244],[111.88123,32.524599],[111.881697,32.524388],[111.882687,32.523561],[111.882534,32.523373],[111.883175,32.523011],[111.883443,32.522776],[111.88358,32.522559],[111.884127,32.522265],[111.884672,32.52295],[111.888153,32.521559],[111.887314,32.519881],[111.889122,32.519297],[111.889706,32.519189],[111.890532,32.519094],[111.890825,32.519171],[111.891831,32.51915],[111.893335,32.519191],[111.894191,32.519374],[111.894204,32.519008],[111.894127,32.518578],[111.894607,32.518619],[111.894875,32.518596],[111.895575,32.51844],[111.895677,32.518259],[111.895814,32.517748],[111.895551,32.517233],[111.896624,32.517122],[111.896369,32.516538],[111.895599,32.515226],[111.895521,32.514846],[111.896967,32.515018],[111.897393,32.515007],[111.898233,32.515138],[111.898171,32.514475],[111.898195,32.514048],[111.898134,32.513867],[111.898128,32.513462],[111.898212,32.51282],[111.898085,32.51268],[111.897997,32.512637],[111.897994,32.512175],[111.89528,32.511777],[111.895427,32.510422],[111.895529,32.510035],[111.894706,32.509864],[111.895157,32.508613],[111.89517,32.508448],[111.895371,32.50823]]]}},{"type":"Feature","properties":{"regionCode":"411381106","sourceCode":"411381106000","name":"林扒镇","sourceName":"林扒镇","parentCode":"411381","parentName":"邓州市","regionLevel":"township","regionType":"town","isManagementZone":false,"source":"ruiduobao","sourceVersion":"mixed-legacy~2018-2020","geometryRepaired":false,"match2020":true,"match2023":true},"geometry":{"type":"Polygon","coordinates":[[[111.952992,32.509943],[111.952998,32.510859],[111.952918,32.511141],[111.952513,32.51196],[111.952191,32.512879],[111.952014,32.513265],[111.951786,32.513711],[111.951526,32.514089],[111.951255,32.51436],[111.950834,32.514622],[111.950338,32.514803],[111.949951,32.514892],[111.948817,32.514941],[111.948047,32.514867],[111.947696,32.515165],[111.947599,32.515577],[111.947468,32.516753],[111.947393,32.517104],[111.947242,32.517461],[111.946939,32.51792],[111.946599,32.518228],[111.946212,32.518474],[111.945563,32.518761],[111.944812,32.518951],[111.943066,32.519288],[111.942087,32.519386],[111.941591,32.519478],[111.940513,32.519759],[111.939971,32.519928],[111.939625,32.520073],[111.939357,32.520227],[111.938767,32.520645],[111.938348,32.520844],[111.937924,32.520951],[111.936851,32.521107],[111.935513,32.521218],[111.933858,32.521254],[111.933306,32.521222],[111.932852,32.521025],[111.93267,32.520727],[111.932241,32.519852],[111.93171,32.518433],[111.931399,32.517481],[111.931179,32.517054],[111.930985,32.516801],[111.930736,32.51659],[111.93039,32.51638],[111.92977,32.51609],[111.929494,32.515889],[111.929196,32.515541],[111.928875,32.515034],[111.928606,32.514797],[111.927909,32.51462],[111.92744,32.514335],[111.927174,32.514104],[111.926656,32.513562],[111.926216,32.513229],[111.925366,32.512668],[111.924634,32.512295],[111.924004,32.512051],[111.923717,32.511992],[111.923108,32.511951],[111.922764,32.511994],[111.921737,32.512338],[111.920806,32.512447],[111.919404,32.512313],[111.91762,32.512295],[111.91673,32.512372],[111.914994,32.51263],[111.914104,32.512686],[111.913733,32.512591],[111.913511,32.512245],[111.913197,32.511374],[111.913111,32.510976],[111.913087,32.510309],[111.913157,32.509002],[111.913138,32.50845],[111.913079,32.508111],[111.912923,32.507823],[111.912612,32.507579],[111.91228,32.507387],[111.911185,32.506968],[111.909305,32.506466],[111.908678,32.506278],[111.90816,32.506075],[111.907336,32.505849],[111.906795,32.5056],[111.905596,32.505249],[111.904461,32.504991],[111.903573,32.504878],[111.902997,32.504867],[111.9026,32.504905],[111.902334,32.505016],[111.902036,32.505265],[111.90165,32.505464],[111.901175,32.505172],[111.901039,32.504722],[111.90073,32.504328],[111.900416,32.5041],[111.900092,32.503935],[111.89929,32.503672],[111.898322,32.503589],[111.897849,32.503598],[111.897503,32.503645],[111.896347,32.503973],[111.895376,32.504408],[111.895393,32.505523],[111.896077,32.505609],[111.896004,32.506446],[111.895999,32.506986],[111.895519,32.50705],[111.895454,32.507362],[111.895468,32.507805],[111.895371,32.50823],[111.89517,32.508448],[111.895157,32.508613],[111.894706,32.509864],[111.895529,32.510035],[111.895427,32.510422],[111.89528,32.511777],[111.897994,32.512175],[111.897997,32.512637],[111.898085,32.51268],[111.898212,32.51282],[111.898128,32.513462],[111.898134,32.513867],[111.898195,32.514048],[111.898171,32.514475],[111.898233,32.515138],[111.897393,32.515007],[111.896967,32.515018],[111.895521,32.514846],[111.895599,32.515226],[111.896369,32.516538],[111.896624,32.517122],[111.895551,32.517233],[111.895814,32.517748],[111.895677,32.518259],[111.895575,32.51844],[111.894875,32.518596],[111.894607,32.518619],[111.894127,32.518578],[111.894204,32.519008],[111.894191,32.519374],[111.893335,32.519191],[111.891831,32.51915],[111.890825,32.519171],[111.890532,32.519094],[111.889706,32.519189],[111.889122,32.519297],[111.887314,32.519881],[111.888153,32.521559],[111.884672,32.52295],[111.884127,32.522265],[111.88358,32.522559],[111.883443,32.522776],[111.883175,32.523011],[111.882534,32.523373],[111.882687,32.523561],[111.881697,32.524388],[111.88123,32.524599],[111.881002,32.524244],[111.879401,32.524354],[111.879441,32.524795],[111.877162,32.524915],[111.877154,32.525053],[111.8753,32.525119],[111.875512,32.525876],[111.874605,32.525847],[111.874262,32.525795],[111.874085,32.526412],[111.873503,32.527441],[111.873278,32.527609],[111.872932,32.527774],[111.872328,32.528332],[111.872366,32.528577],[111.87235,32.528742],[111.872261,32.528979],[111.871333,32.529375],[111.870555,32.529994],[111.870338,32.530098],[111.869775,32.530506],[111.869544,32.530535],[111.869029,32.530702],[111.868659,32.530759],[111.868254,32.530775],[111.868171,32.530827],[111.868149,32.531014],[111.868235,32.531616],[111.868455,32.531914],[111.868554,32.53215],[111.868667,32.53288],[111.868777,32.53309],[111.869262,32.533043],[111.869627,32.532921],[111.869681,32.533138],[111.873573,32.532767],[111.873592,32.533287],[111.87375,32.533837],[111.871365,32.534083],[111.87158,32.535012],[111.874278,32.53475],[111.874407,32.534811],[111.874471,32.535245],[111.871625,32.535505],[111.871703,32.535838],[111.871942,32.53579],[111.874211,32.535566],[111.874514,32.535589],[111.874613,32.536046],[111.876596,32.535915],[111.880498,32.535596],[111.880533,32.53603],[111.881088,32.536016],[111.881193,32.536919],[111.883427,32.536521],[111.883505,32.536713],[111.885173,32.53612],[111.885809,32.536995],[111.885994,32.537163],[111.886437,32.536975],[111.887451,32.537629],[111.886203,32.538309],[111.887504,32.539734],[111.887732,32.540211],[111.887676,32.540396],[111.8856,32.541007],[111.885055,32.540059],[111.885144,32.540828],[111.884492,32.540986],[111.882537,32.541296],[111.882735,32.541866],[111.882864,32.542436],[111.882614,32.542845],[111.882327,32.544242],[111.881952,32.5445],[111.881652,32.544595],[111.881504,32.544584],[111.881391,32.5445],[111.880463,32.544844],[111.880321,32.544948],[111.880276,32.547222],[111.880579,32.547213],[111.880828,32.547148],[111.881163,32.546958],[111.881348,32.546725],[111.881493,32.546711],[111.881652,32.547679],[111.881788,32.549137],[111.881043,32.549865],[111.881467,32.550191],[111.883615,32.552445],[111.88383,32.552836],[111.884776,32.554066],[111.885012,32.554882],[111.885248,32.555307],[111.88546,32.556006],[111.885495,32.556268],[111.886152,32.556589],[111.885868,32.557227],[111.885039,32.559372],[111.885047,32.559485],[111.885259,32.559745],[111.88583,32.560016],[111.88616,32.560077],[111.886474,32.560215],[111.886772,32.560419],[111.886673,32.560613],[111.886557,32.561011],[111.886281,32.561065],[111.886139,32.562849],[111.883744,32.562573],[111.883765,32.56196],[111.883816,32.561533],[111.881965,32.56121],[111.882016,32.560864],[111.881225,32.560676],[111.881198,32.560358],[111.881053,32.560227],[111.879409,32.560111],[111.879372,32.560496],[111.879372,32.561162],[111.879562,32.561291],[111.878591,32.561895],[111.877644,32.562399],[111.875633,32.56373],[111.870566,32.566967],[111.865813,32.567729],[111.864628,32.567842],[111.864687,32.568184],[111.864705,32.568545],[111.864198,32.568559],[111.864212,32.568954],[111.864032,32.568939],[111.864325,32.570383],[111.864322,32.570528],[111.863981,32.570519],[111.864778,32.5748],[111.865789,32.574662],[111.865867,32.574777],[111.866173,32.574736],[111.866333,32.574773],[111.866435,32.574908],[111.867055,32.576569],[111.866838,32.576705],[111.866564,32.576766],[111.864923,32.576965],[111.863477,32.577295],[111.86238,32.577672],[111.862039,32.577681],[111.861023,32.578059],[111.860738,32.577996],[111.859073,32.577351],[111.858735,32.577318],[111.858271,32.577401],[111.857944,32.577535],[111.857614,32.577614],[111.857506,32.577196],[111.857391,32.576893],[111.857426,32.573575],[111.85649,32.573563],[111.8559,32.573378],[111.855127,32.573023],[111.855251,32.572395],[111.854655,32.572539],[111.854534,32.57216],[111.853585,32.572225],[111.853545,32.571888],[111.853282,32.571897],[111.853126,32.571954],[111.852552,32.572426],[111.849154,32.572431],[111.849237,32.573382],[111.846241,32.573249],[111.846297,32.572928],[111.846179,32.571814],[111.845047,32.571875],[111.844878,32.570819],[111.843733,32.570907],[111.843712,32.570751],[111.842494,32.570835],[111.842754,32.571242],[111.842188,32.571332],[111.842556,32.573281],[111.841539,32.573432],[111.840842,32.57378],[111.840654,32.573778],[111.84038,32.573624],[111.84019,32.573577],[111.839769,32.573371],[111.839187,32.573557],[111.838535,32.573647],[111.838798,32.574187],[111.8382,32.574207],[111.836867,32.574377],[111.836534,32.574296],[111.836373,32.574074],[111.836081,32.574011],[111.835866,32.574151],[111.835593,32.57421],[111.835338,32.574205],[111.83478,32.573975],[111.834034,32.573993],[111.833342,32.573495],[111.83345,32.574339],[111.833809,32.574513],[111.83412,32.575482],[111.834152,32.575749],[111.83397,32.575647],[111.833543,32.575582],[111.832723,32.575356],[111.831854,32.575304],[111.831296,32.575107],[111.83107,32.575071],[111.831451,32.575961],[111.831564,32.576386],[111.831789,32.577528],[111.831205,32.577566],[111.829362,32.577589],[111.829338,32.576753],[111.829059,32.576856],[111.828799,32.57687],[111.828756,32.577844],[111.828343,32.57795],[111.828163,32.577808],[111.827922,32.577704],[111.826913,32.577663],[111.827149,32.578032],[111.82735,32.578253],[111.827651,32.578276],[111.828547,32.578504],[111.828952,32.578626],[111.829099,32.578712],[111.829067,32.579076],[111.828941,32.57958],[111.829504,32.579822],[111.829426,32.580595],[111.830239,32.580604],[111.830384,32.580667],[111.830429,32.581725],[111.830631,32.58186],[111.831585,32.582127],[111.832535,32.582166],[111.832688,32.582209],[111.832929,32.582398],[111.833243,32.582764],[111.833345,32.582995],[111.833324,32.583174],[111.833136,32.583415],[111.832857,32.583603],[111.832817,32.583732],[111.833028,32.583989],[111.833063,32.584075],[111.833031,32.584299],[111.833042,32.584505],[111.833109,32.584902],[111.833227,32.585079],[111.83331,32.585101],[111.833385,32.585183],[111.833645,32.585133],[111.834085,32.58493],[111.834651,32.584851],[111.834946,32.584747],[111.835054,32.58464],[111.835075,32.584304],[111.835118,32.584206],[111.835233,32.584152],[111.835464,32.584105],[111.835976,32.584301],[111.836263,32.584371],[111.836612,32.584295],[111.836714,32.584107],[111.836491,32.58356],[111.836529,32.58349],[111.836692,32.583528],[111.836867,32.583646],[111.837143,32.583913],[111.837317,32.584161],[111.837645,32.584498],[111.837886,32.585006],[111.837564,32.585126],[111.837325,32.585255],[111.836808,32.585232],[111.836403,32.585296],[111.835866,32.585553],[111.835544,32.585802],[111.835029,32.58634],[111.834504,32.586695],[111.833911,32.587341],[111.833852,32.587723],[111.834799,32.588446],[111.834946,32.588916],[111.834906,32.58914],[111.834759,32.589282],[111.834552,32.589361],[111.834176,32.589413],[111.833726,32.589391],[111.833522,32.589332],[111.832479,32.588846],[111.831261,32.588851],[111.830606,32.589129],[111.829461,32.589445],[111.829147,32.589443],[111.828941,32.589569],[111.82885,32.589662],[111.828895,32.590302],[111.828986,32.590523],[111.828906,32.590744],[111.828761,32.590765],[111.828589,32.590731],[111.828155,32.590557],[111.827846,32.590602],[111.827809,32.590799],[111.827876,32.591004],[111.828023,32.591273],[111.828407,32.591495],[111.828528,32.591646],[111.829147,32.591926],[111.829177,32.592225],[111.829027,32.592469],[111.828458,32.592894],[111.82815,32.593287],[111.828144,32.593479],[111.827986,32.5941],[111.827798,32.594238],[111.827071,32.594412],[111.827256,32.594878],[111.827428,32.595045],[111.827728,32.595237],[111.828029,32.595321],[111.828332,32.59551],[111.829759,32.597067],[111.829941,32.597226],[111.830105,32.597287],[111.830848,32.598163],[111.831387,32.598093],[111.832071,32.59888],[111.832275,32.599194],[111.832235,32.599517],[111.832353,32.59975],[111.832554,32.599874],[111.83254,32.60029],[111.833329,32.599869],[111.833887,32.599449],[111.834426,32.598923],[111.835177,32.600235],[111.835504,32.600064],[111.835558,32.599978],[111.835587,32.599842],[111.836553,32.599501],[111.837623,32.599232],[111.837966,32.59918],[111.83968,32.59911],[111.840177,32.598997],[111.84119,32.598938],[111.840276,32.596891],[111.84082,32.596731],[111.841783,32.596387],[111.842059,32.59631],[111.842489,32.59728],[111.843696,32.597094],[111.843961,32.598127],[111.844948,32.600258],[111.846096,32.599806],[111.84552,32.601693],[111.844355,32.601808],[111.84438,32.602149],[111.84501,32.602061],[111.845131,32.602463],[111.845678,32.60362],[111.845672,32.603738],[111.845804,32.604153],[111.846056,32.604671],[111.846721,32.604386],[111.848245,32.607755],[111.848392,32.607714],[111.84851,32.607958],[111.848848,32.607834],[111.849178,32.609303],[111.849277,32.610094],[111.849757,32.610012],[111.84979,32.610837],[111.851632,32.610991],[111.851509,32.612113],[111.853335,32.612299],[111.853432,32.611081],[111.855055,32.611174],[111.855079,32.610137],[111.85564,32.610177],[111.855782,32.609967],[111.856031,32.609807],[111.856321,32.609484],[111.856951,32.608905],[111.855704,32.608607],[111.855886,32.607868],[111.857801,32.608092],[111.857842,32.607906],[111.856484,32.607708],[111.856278,32.607651],[111.856329,32.607084],[111.856101,32.607046],[111.855929,32.606971],[111.855935,32.606589],[111.857799,32.60675],[111.857702,32.606479],[111.857804,32.60628],[111.857885,32.606225],[111.858349,32.60628],[111.858772,32.604569],[111.858869,32.604366],[111.859494,32.604077],[111.859762,32.604481],[111.860041,32.604755],[111.860948,32.606029],[111.861562,32.605731],[111.861554,32.605505],[111.861599,32.605462],[111.862192,32.605502],[111.862133,32.605823],[111.862066,32.605993],[111.863118,32.606289],[111.863429,32.604752],[111.863056,32.604635],[111.863383,32.603281],[111.865022,32.603656],[111.865325,32.602244],[111.86543,32.601876],[111.866502,32.602235],[111.866114,32.603907],[111.868023,32.604348],[111.868238,32.603275],[111.8696,32.603469],[111.869769,32.60282],[111.87052,32.603073],[111.870056,32.604831],[111.870566,32.604953],[111.870735,32.604054],[111.870874,32.603519],[111.872457,32.603948],[111.872669,32.603519],[111.873157,32.603593],[111.87427,32.603925],[111.874436,32.603717],[111.875928,32.604343],[111.876223,32.60456],[111.876875,32.605168],[111.876075,32.60548],[111.875764,32.605713],[111.875375,32.606137],[111.875177,32.606447],[111.875174,32.606838],[111.875112,32.607229],[111.875016,32.607396],[111.874884,32.607511],[111.874753,32.608318],[111.874815,32.608523],[111.875732,32.608526],[111.875727,32.610299],[111.873594,32.610204],[111.873549,32.609646],[111.873562,32.609273],[111.872216,32.609129],[111.871899,32.609025],[111.871631,32.609029],[111.871516,32.60928],[111.8714,32.609886],[111.871202,32.609972],[111.8711,32.610071],[111.87088,32.61048],[111.871001,32.610762],[111.870837,32.610744],[111.870555,32.6106],[111.870228,32.610555],[111.869922,32.610871],[111.86923,32.611293],[111.869016,32.611508],[111.868729,32.61243],[111.868423,32.612983],[111.867658,32.612775],[111.867253,32.613666],[111.865494,32.613103],[111.865067,32.614032],[111.864432,32.614567],[111.863482,32.614314],[111.863329,32.614339],[111.862793,32.614129],[111.86209,32.615694],[111.862578,32.615868],[111.866028,32.61691],[111.865824,32.617285],[111.864019,32.616788],[111.863917,32.61719],[111.863759,32.61745],[111.864493,32.617698],[111.864668,32.617721],[111.864947,32.617705],[111.865285,32.617782],[111.865582,32.617899],[111.86555,32.618105],[111.865472,32.618286],[111.865459,32.618451],[111.865295,32.618812],[111.865161,32.61923],[111.865161,32.61965],[111.865247,32.620391],[111.865926,32.621374],[111.866749,32.621819],[111.867342,32.622598],[111.867511,32.623233],[111.867334,32.623285],[111.867213,32.623427],[111.867291,32.623511],[111.867465,32.623477],[111.867779,32.623136],[111.868066,32.623305],[111.868788,32.62387],[111.869753,32.624521],[111.869386,32.625047],[111.870633,32.625982],[111.871172,32.625169],[111.872728,32.626034],[111.874356,32.622666],[111.875533,32.623522],[111.875587,32.62312],[111.875627,32.621787],[111.875676,32.62174],[111.876191,32.621781],[111.876188,32.621528],[111.876116,32.621049],[111.877685,32.620841],[111.87791,32.620732],[111.878878,32.620518],[111.879184,32.620414],[111.878902,32.620068],[111.879914,32.619869],[111.880147,32.619831],[111.880616,32.620253],[111.88122,32.620179],[111.881196,32.619196],[111.884398,32.619273],[111.884031,32.618611],[111.88593,32.618473],[111.885648,32.618039],[111.885275,32.617895],[111.886686,32.617744],[111.886482,32.616146],[111.887971,32.615952],[111.887751,32.614565],[111.887729,32.613779],[111.888741,32.61367],[111.889808,32.613607],[111.88983,32.61377],[111.890964,32.613697],[111.890978,32.613873],[111.891181,32.613817],[111.892316,32.61374],[111.892362,32.614267],[111.892649,32.614242],[111.893268,32.614027],[111.893845,32.613919],[111.893722,32.613015],[111.895551,32.61285],[111.895604,32.612945],[111.895626,32.613254],[111.895666,32.613365],[111.896055,32.613261],[111.896106,32.613313],[111.896624,32.61454],[111.896895,32.615288],[111.900473,32.613128],[111.900982,32.614032],[111.90113,32.61414],[111.901202,32.61449],[111.901344,32.614811],[111.901747,32.614614],[111.902535,32.614332],[111.902736,32.614208],[111.903466,32.613892],[111.903914,32.613729],[111.904169,32.613672],[111.904383,32.613919],[111.904568,32.614361],[111.905008,32.61379],[111.905118,32.613559],[111.906339,32.615789],[111.907983,32.615112],[111.908278,32.615672],[111.908374,32.615769],[111.909144,32.615493],[111.909268,32.615703],[111.910161,32.61536],[111.910791,32.615159],[111.910904,32.615048],[111.911856,32.614653],[111.911767,32.614445],[111.913127,32.61393],[111.912907,32.61348],[111.913184,32.613469],[111.914216,32.613058],[111.914589,32.612843],[111.914809,32.612796],[111.915533,32.612477],[111.9164,32.61193],[111.916829,32.611596],[111.917531,32.612479],[111.918553,32.611881],[111.919039,32.612412],[111.920646,32.61132],[111.919685,32.610313],[111.921724,32.608864],[111.920989,32.608137],[111.92056,32.607662],[111.921812,32.606924],[111.920656,32.605505],[111.922762,32.604149],[111.922507,32.603855],[111.922751,32.603772],[111.923051,32.603613],[111.923403,32.603182],[111.924599,32.602563],[111.923239,32.600244],[111.924358,32.599833],[111.925047,32.599844],[111.92447,32.598527],[111.92531,32.598222],[111.924972,32.597262],[111.927799,32.597036],[111.933104,32.596699],[111.932895,32.59594],[111.932721,32.595061],[111.933729,32.594864],[111.933914,32.594787],[111.934354,32.594274],[111.934505,32.594141],[111.934716,32.593802],[111.935113,32.593522],[111.935513,32.593106],[111.935966,32.592527],[111.936133,32.592204],[111.936149,32.592085],[111.935752,32.591691],[111.935481,32.591321],[111.935175,32.59079],[111.934604,32.589987],[111.933796,32.588622],[111.933611,32.588209],[111.935382,32.587669],[111.934934,32.586075],[111.932914,32.586713],[111.932246,32.585158],[111.93399,32.584647],[111.933163,32.583379],[111.933885,32.582995],[111.933941,32.5825],[111.933684,32.582328],[111.931366,32.579944],[111.93223,32.579564],[111.932485,32.57939],[111.932091,32.578798],[111.931616,32.578176],[111.931967,32.578007],[111.93278,32.57739],[111.932238,32.577055],[111.929255,32.575521],[111.929092,32.575207],[111.928829,32.574519],[111.928604,32.574544],[111.928998,32.571771],[111.929207,32.569969],[111.929078,32.569813],[111.929001,32.569608],[111.928971,32.569364],[111.928719,32.569334],[111.92866,32.571622],[111.926238,32.571326],[111.926157,32.569739],[111.927075,32.569865],[111.92771,32.569834],[111.927874,32.566665],[111.928303,32.566818],[111.928563,32.56704],[111.929145,32.56779],[111.929263,32.568084],[111.929298,32.568428],[111.929199,32.569359],[111.929381,32.569902],[111.929789,32.570008],[111.930605,32.570017],[111.931243,32.569795],[111.931806,32.569011],[111.932203,32.568577],[111.932643,32.568181],[111.933169,32.567831],[111.933906,32.567533],[111.935052,32.567343],[111.936047,32.567236],[111.9365,32.566963],[111.937511,32.566217],[111.938016,32.566151],[111.938088,32.566165],[111.938485,32.56605],[111.938944,32.566005],[111.939697,32.565873],[111.940051,32.565751],[111.940757,32.565265],[111.941261,32.565091],[111.94158,32.565046],[111.942441,32.565053],[111.942744,32.565168],[111.943012,32.565372],[111.94334,32.565729],[111.943589,32.565939],[111.944297,32.566337],[111.945118,32.566556],[111.945603,32.566556],[111.945933,32.566466],[111.946234,32.566312],[111.946545,32.565794],[111.946623,32.565471],[111.946623,32.565288],[111.946569,32.565028],[111.946475,32.564791],[111.946172,32.564345],[111.946143,32.564232],[111.946191,32.564079],[111.946357,32.563916],[111.946717,32.563382],[111.946982,32.562835],[111.947312,32.561368],[111.947527,32.560889],[111.947623,32.560518],[111.947629,32.560181],[111.947511,32.559544],[111.947551,32.559429],[111.947886,32.559083],[111.948007,32.558915],[111.947945,32.557916],[111.94798,32.557704],[111.948141,32.557407],[111.949026,32.556928],[111.949302,32.556732],[111.949541,32.556166],[111.949879,32.555513],[111.950064,32.555316],[111.950297,32.555248],[111.950702,32.55519],[111.950992,32.555221],[111.951263,32.555178],[111.951376,32.555102],[111.951362,32.554708],[111.951389,32.554568],[111.951494,32.554374],[111.951601,32.554267],[111.95254,32.554398],[111.952792,32.554398],[111.952998,32.554358],[111.953146,32.554261],[111.953417,32.553858],[111.953562,32.553417],[111.95332,32.553259],[111.953181,32.553123],[111.953022,32.552895],[111.952923,32.55252],[111.952998,32.552443],[111.953175,32.552393],[111.953704,32.552318],[111.954026,32.552312],[111.954243,32.552251],[111.954417,32.552135],[111.954626,32.5519],[111.955152,32.551439],[111.955493,32.551238],[111.955796,32.551184],[111.95601,32.551095],[111.956501,32.550571],[111.956759,32.550085],[111.956745,32.549449],[111.956778,32.549081],[111.956981,32.548676],[111.957236,32.548425],[111.957507,32.548312],[111.958231,32.548147],[111.958821,32.548231],[111.959015,32.548186],[111.959288,32.547869],[111.959436,32.547767],[111.960474,32.547306],[111.960914,32.546992],[111.96149,32.546056],[111.961775,32.545719],[111.962051,32.54552],[111.962314,32.545359],[111.962539,32.54531],[111.96351,32.545432],[111.963792,32.545246],[111.96414,32.544905],[111.964736,32.544534],[111.965109,32.543933],[111.965264,32.543831],[111.965632,32.543811],[111.966023,32.543939],[111.966171,32.544071],[111.966353,32.544383],[111.966549,32.544539],[111.967818,32.545156],[111.968598,32.54545],[111.969274,32.545561],[111.969596,32.545567],[111.969639,32.54526],[111.969993,32.54391],[111.96749,32.542942],[111.966881,32.542784],[111.967375,32.542054],[111.967646,32.541744],[111.965862,32.539872],[111.966275,32.539537],[111.96598,32.539202],[111.966192,32.539064],[111.965605,32.538291],[111.965138,32.537744],[111.964591,32.536837],[111.964025,32.536867],[111.963542,32.535768],[111.964889,32.53527],[111.965422,32.53342],[111.963893,32.532875],[111.964419,32.529495],[111.963054,32.528656],[111.962778,32.528289],[111.964309,32.527955],[111.963851,32.525908],[111.963384,32.524074],[111.964465,32.523766],[111.964505,32.523135],[111.964025,32.523203],[111.963242,32.523427],[111.963188,32.522667],[111.963569,32.522629],[111.964218,32.522627],[111.964245,32.522493],[111.96601,32.521894],[111.965492,32.519252],[111.964996,32.517651],[111.967311,32.517246],[111.967201,32.516703],[111.968405,32.5164],[111.968231,32.515688],[111.968244,32.515294],[111.968198,32.514788],[111.96808,32.514396],[111.965519,32.514928],[111.963966,32.515174],[111.96359,32.514451],[111.966425,32.514086],[111.966383,32.51362],[111.963405,32.514034],[111.963346,32.513849],[111.960769,32.514032],[111.960954,32.513874],[111.961037,32.51372],[111.958127,32.513286],[111.958357,32.512134],[111.954959,32.511569],[111.955335,32.510804],[111.953108,32.51051],[111.95343,32.508269],[111.953377,32.508321],[111.953087,32.509289],[111.95299,32.509762],[111.952992,32.509943]]]}},{"type":"Feature","properties":{"regionCode":"411381107","sourceCode":"411381107000","name":"构林镇","sourceName":"构林镇","parentCode":"411381","parentName":"邓州市","regionLevel":"township","regionType":"town","isManagementZone":false,"source":"ruiduobao","sourceVersion":"mixed-legacy~2018-2020","geometryRepaired":false,"match2020":true,"match2023":true},"geometry":{"type":"Polygon","coordinates":[[[112.150087,32.378836],[112.149264,32.379257],[112.147874,32.380265],[112.146471,32.381441],[112.145838,32.382193],[112.14535,32.382716],[112.144819,32.383092],[112.144556,32.383386],[112.144398,32.383719],[112.144382,32.384578],[112.144347,32.384888],[112.1441,32.385058],[112.1438,32.385128],[112.143395,32.385076],[112.143111,32.385126],[112.142829,32.3853],[112.142478,32.385747],[112.142193,32.386467],[112.141861,32.386951],[112.141397,32.386992],[112.139634,32.386458],[112.138967,32.386367],[112.138489,32.386388],[112.137749,32.386684],[112.137127,32.387094],[112.136598,32.387617],[112.136298,32.388073],[112.135724,32.389341],[112.135332,32.390818],[112.134992,32.391194],[112.134546,32.391293],[112.133667,32.391253],[112.132714,32.391293],[112.131878,32.391529],[112.131196,32.391857],[112.130759,32.39217],[112.129799,32.393132],[112.128552,32.39419],[112.128251,32.395191],[112.12724,32.403401],[112.127294,32.404175],[112.126787,32.404501],[112.126331,32.40444],[112.12389,32.405158],[112.123579,32.405296],[112.122873,32.405448],[112.122492,32.405468],[112.122168,32.405389],[112.121841,32.405183],[112.121312,32.404168],[112.121117,32.403684],[112.120902,32.401824],[112.120698,32.401129],[112.120481,32.400833],[112.120049,32.400642],[112.11959,32.400606],[112.119019,32.400837],[112.118217,32.400993],[112.117573,32.399524],[112.117313,32.398652],[112.117243,32.398262],[112.117517,32.398131],[112.117876,32.397902],[112.118008,32.397642],[112.117994,32.397245],[112.117809,32.39698],[112.117557,32.396772],[112.117262,32.39674],[112.116833,32.396826],[112.116533,32.397105],[112.115892,32.397886],[112.114534,32.400649],[112.11399,32.401496],[112.113673,32.401709],[112.112906,32.401603],[112.111887,32.401045],[112.111506,32.401034],[112.111182,32.401116],[112.110538,32.401415],[112.109326,32.40225],[112.108886,32.402633],[112.108561,32.403004],[112.108462,32.403484],[112.108465,32.403876],[112.108352,32.404313],[112.108038,32.404689],[112.107805,32.404854],[112.107266,32.404913],[112.106783,32.404895],[112.105916,32.404793],[112.105257,32.404941],[112.104766,32.405269],[112.104044,32.405663],[112.103114,32.406093],[112.102639,32.406274],[112.102244,32.4066],[112.10196,32.407162],[112.101375,32.408743],[112.100785,32.409999],[112.100107,32.413165],[112.09868,32.413382],[112.098302,32.413532],[112.097846,32.413858],[112.097545,32.414168],[112.096888,32.415212],[112.096258,32.41588],[112.095461,32.416412],[112.092586,32.417433],[112.091636,32.417863],[112.090325,32.418246],[112.089888,32.418461],[112.089566,32.418721],[112.088592,32.420125],[112.088085,32.420408],[112.086438,32.420497],[112.084896,32.420655],[112.082211,32.421214],[112.081237,32.421255],[112.079864,32.421169],[112.078056,32.421194],[112.077517,32.421287],[112.076973,32.421506],[112.0766,32.421728],[112.076377,32.422054],[112.076023,32.42438],[112.075307,32.425249],[112.074312,32.426204],[112.074237,32.426521],[112.074084,32.427855],[112.074036,32.428729],[112.074068,32.429766],[112.074248,32.432061],[112.07421,32.433696],[112.074087,32.434459],[112.073861,32.434898],[112.073486,32.435418],[112.072456,32.436217],[112.07148,32.436731],[112.069733,32.437716],[112.068653,32.438228],[112.067378,32.438739],[112.067177,32.438957],[112.067,32.440111],[112.066633,32.440353],[112.065662,32.440537],[112.065321,32.440783],[112.065018,32.441107],[112.064677,32.441279],[112.064329,32.441381],[112.063599,32.441471],[112.062121,32.44156],[112.061365,32.441644],[112.060853,32.441809],[112.060558,32.442108],[112.060335,32.442411],[112.06008,32.442934],[112.059968,32.443504],[112.059871,32.444885],[112.059882,32.447155],[112.060037,32.448151],[112.060367,32.449423],[112.061014,32.451268],[112.06174,32.452773],[112.062392,32.454466],[112.062612,32.455419],[112.062717,32.456098],[112.06277,32.456915],[112.062497,32.458513],[112.062414,32.4594],[112.062226,32.460185],[112.062207,32.460593],[112.062352,32.460844],[112.063004,32.461113],[112.064114,32.461267],[112.064313,32.461525],[112.063291,32.462715],[112.062333,32.464195],[112.061789,32.46489],[112.061346,32.465544],[112.060354,32.466737],[112.060136,32.46709],[112.059933,32.467495],[112.060576,32.467791],[112.05986,32.469034],[112.06022,32.469133],[112.05956,32.4705],[112.058854,32.471469],[112.060056,32.472213],[112.061062,32.472788],[112.062331,32.473408],[112.063489,32.473883],[112.063572,32.473949],[112.063621,32.474207],[112.06574,32.475259],[112.065343,32.476766],[112.066644,32.476915],[112.066678,32.477832],[112.064736,32.477669],[112.064589,32.478524],[112.066657,32.478712],[112.066686,32.479716],[112.068583,32.480008],[112.068679,32.479737],[112.07034,32.480013],[112.07067,32.480436],[112.073006,32.480694],[112.073309,32.481956],[112.073883,32.482085],[112.073928,32.482373],[112.074508,32.482479],[112.074148,32.483916],[112.074819,32.484058],[112.075508,32.484147],[112.076023,32.482703],[112.076662,32.482809],[112.077005,32.482192],[112.079558,32.483468],[112.079505,32.483561],[112.083045,32.484875],[112.082348,32.486997],[112.083214,32.487208],[112.083005,32.487841],[112.083397,32.487948],[112.083051,32.488622],[112.082283,32.488411],[112.082015,32.489246],[112.081543,32.489047],[112.081082,32.49049],[112.079963,32.489705],[112.078764,32.49207],[112.078778,32.492246],[112.078644,32.493047],[112.07841,32.493866],[112.077053,32.493251],[112.076694,32.493968],[112.076342,32.493852],[112.075436,32.495882],[112.075154,32.495845],[112.074921,32.495854],[112.07318,32.495327],[112.073035,32.495653],[112.071598,32.495244],[112.071313,32.496465],[112.071461,32.497293],[112.069098,32.496793],[112.06836,32.498289],[112.066174,32.497241],[112.063194,32.500809],[112.063779,32.503582],[112.06394,32.503704],[112.064063,32.50417],[112.061711,32.503937],[112.061695,32.504442],[112.060308,32.504371],[112.060134,32.504663],[112.059536,32.506222],[112.062867,32.506179],[112.062905,32.506676],[112.062339,32.506645],[112.061526,32.506724],[112.060719,32.508592],[112.059962,32.508386],[112.059951,32.508199],[112.060407,32.506873],[112.059828,32.506848],[112.059361,32.506731],[112.059139,32.507303],[112.058101,32.507045],[112.057666,32.507337],[112.053219,32.505586],[112.052983,32.506043],[112.055177,32.506984],[112.052929,32.510639],[112.056392,32.512143],[112.055652,32.514175],[112.054826,32.513822],[112.053131,32.516029],[112.054123,32.516529],[112.053697,32.517079],[112.052532,32.516592],[112.049206,32.521959],[112.04952,32.522095],[112.049011,32.52319],[112.04771,32.522785],[112.047337,32.523357],[112.047495,32.523409],[112.047155,32.524553],[112.046913,32.524535],[112.046581,32.525915],[112.04521,32.525619],[112.044564,32.527602],[112.046438,32.528054],[112.043579,32.53222],[112.043335,32.532733],[112.048614,32.534721],[112.049185,32.534877],[112.048021,32.537516],[112.05036,32.538099],[112.050451,32.537852],[112.051612,32.538183],[112.052656,32.538309],[112.052691,32.5378],[112.053064,32.537882],[112.052562,32.539605],[112.055231,32.540044],[112.056009,32.540211],[112.055646,32.541626],[112.055904,32.541746],[112.055598,32.542474],[112.055563,32.54273],[112.055813,32.542721],[112.055268,32.544057],[112.054785,32.544432],[112.054611,32.544844],[112.053986,32.546739],[112.053745,32.547837],[112.055982,32.548125],[112.055604,32.54871],[112.055089,32.550223],[112.056132,32.550379],[112.055062,32.554098],[112.056043,32.554138],[112.056003,32.55457],[112.061754,32.554699],[112.060976,32.556982],[112.062046,32.556998],[112.06277,32.559589],[112.060888,32.559598],[112.060694,32.560093],[112.062947,32.560245],[112.063041,32.56062],[112.061872,32.560584],[112.061837,32.560674],[112.06056,32.560369],[112.060469,32.560557],[112.061099,32.560728],[112.061633,32.561696],[112.060423,32.561908],[112.06045,32.562939],[112.061177,32.56291],[112.060976,32.564348],[112.060421,32.564291],[112.060394,32.564463],[112.060311,32.565351],[112.061054,32.565439],[112.060488,32.567623],[112.060686,32.567334],[112.060928,32.566852],[112.061574,32.565989],[112.062014,32.565473],[112.062427,32.565864],[112.063572,32.567155],[112.064334,32.566642],[112.067405,32.56779],[112.067746,32.566992],[112.067955,32.567026],[112.068516,32.566893],[112.068937,32.566852],[112.069294,32.566904],[112.069739,32.567047],[112.069865,32.566897],[112.070058,32.566506],[112.070168,32.566109],[112.07023,32.565733],[112.070546,32.565277],[112.072898,32.565937],[112.07299,32.565781],[112.07329,32.565928],[112.074025,32.566081],[112.074248,32.56558],[112.07435,32.565482],[112.075744,32.56586],[112.075935,32.565609],[112.076093,32.565186],[112.077611,32.565559],[112.077638,32.56607],[112.077616,32.566283],[112.077724,32.566425],[112.080602,32.567537],[112.080578,32.567781],[112.080899,32.567971],[112.081318,32.567286],[112.081632,32.567417],[112.08253,32.566321],[112.081803,32.566075],[112.08187,32.56593],[112.08289,32.566194],[112.08301,32.565803],[112.084566,32.566267],[112.084453,32.566622],[112.08841,32.567675],[112.088498,32.567435],[112.088273,32.567336],[112.088329,32.567225],[112.089469,32.567533],[112.089536,32.567327],[112.090142,32.567535],[112.094785,32.568828],[112.09471,32.568898],[112.094386,32.569732],[112.097784,32.570553],[112.098857,32.570855],[112.09905,32.570356],[112.100496,32.570765],[112.100772,32.570247],[112.099412,32.569759],[112.099667,32.569348],[112.101046,32.569847],[112.101386,32.568977],[112.102432,32.569237],[112.102813,32.569465],[112.1052,32.57027],[112.106785,32.566825],[112.107933,32.56709],[112.109301,32.567277],[112.109613,32.566771],[112.109669,32.56664],[112.10972,32.566348],[112.109672,32.566136],[112.109486,32.565858],[112.109232,32.565311],[112.109811,32.565358],[112.109969,32.565428],[112.111064,32.565566],[112.111278,32.564327],[112.111428,32.563027],[112.111399,32.562168],[112.111345,32.561628],[112.11362,32.561845],[112.114741,32.561992],[112.114339,32.563373],[112.116691,32.563764],[112.116806,32.56324],[112.118373,32.563825],[112.118786,32.563952],[112.119451,32.562969],[112.119644,32.56291],[112.119805,32.562781],[112.120017,32.562433],[112.120223,32.562173],[112.120575,32.561949],[112.120988,32.561922],[112.121393,32.562024],[112.121881,32.562196],[112.122085,32.562331],[112.123785,32.563107],[112.124619,32.563201],[112.125515,32.563251],[112.125762,32.563226],[112.126409,32.563267],[112.127484,32.563154],[112.128069,32.563129],[112.128576,32.563253],[112.129683,32.563269],[112.1296,32.563898],[112.130405,32.563966],[112.130536,32.563276],[112.13111,32.563256],[112.131719,32.563093],[112.132803,32.562704],[112.133205,32.562611],[112.133809,32.562584],[112.134171,32.562623],[112.134933,32.563052],[112.135225,32.563064],[112.1356,32.56303],[112.135874,32.56291],[112.136081,32.562695],[112.136145,32.562261],[112.136276,32.562096],[112.136692,32.561906],[112.136912,32.561845],[112.136676,32.562616],[112.136928,32.562709],[112.136775,32.563154],[112.137266,32.563267],[112.137164,32.563461],[112.137347,32.563504],[112.137424,32.563319],[112.137518,32.563366],[112.137298,32.563984],[112.138476,32.56378],[112.13847,32.563961],[112.138379,32.564293],[112.138116,32.565023],[112.138363,32.565109],[112.138543,32.564519],[112.138629,32.564348],[112.138784,32.563794],[112.138771,32.563633],[112.138548,32.563543],[112.138615,32.563335],[112.138237,32.563213],[112.138838,32.561897],[112.139801,32.561431],[112.145728,32.558836],[112.147515,32.55802],[112.149446,32.558504],[112.149738,32.557713],[112.149771,32.557527],[112.149701,32.557059],[112.15046,32.556519],[112.151235,32.556365],[112.151584,32.556128],[112.151648,32.555728],[112.151463,32.555343],[112.15146,32.555208],[112.151519,32.554828],[112.151667,32.554496],[112.152026,32.554138],[112.152091,32.554034],[112.152289,32.553494],[112.152402,32.553354],[112.152659,32.55316],[112.153054,32.552936],[112.153271,32.552897],[112.15389,32.55318],[112.154226,32.553401],[112.154738,32.553589],[112.154996,32.553616],[112.155248,32.553594],[112.155425,32.553469],[112.155494,32.553268],[112.15551,32.552949],[112.155653,32.552728],[112.155806,32.552655],[112.156186,32.55263],[112.156589,32.552904],[112.156929,32.553209],[112.157356,32.553345],[112.157597,32.553297],[112.157809,32.553169],[112.157916,32.552945],[112.158048,32.552334],[112.158123,32.552248],[112.158163,32.551959],[112.158101,32.551839],[112.157281,32.551382],[112.157136,32.551208],[112.157117,32.551075],[112.157141,32.550928],[112.157326,32.55086],[112.158085,32.550933],[112.159338,32.551403],[112.159665,32.551405],[112.159909,32.551217],[112.160145,32.55091],[112.160172,32.55074],[112.160258,32.550562],[112.160352,32.550453],[112.160639,32.550281],[112.160875,32.550248],[112.161218,32.550394],[112.161535,32.550636],[112.161857,32.550815],[112.162334,32.550815],[112.162629,32.550749],[112.163962,32.550191],[112.164638,32.549976],[112.165016,32.549809],[112.165652,32.54935],[112.166151,32.549061],[112.167422,32.548554],[112.168723,32.548213],[112.169715,32.548016],[112.171089,32.547966],[112.17251,32.547772],[112.174361,32.547469],[112.17541,32.547394],[112.176338,32.547473],[112.178162,32.547202],[112.180104,32.545938],[112.180275,32.545626],[112.180377,32.544914],[112.180664,32.544168],[112.180997,32.54384],[112.181265,32.543729],[112.182196,32.543607],[112.182864,32.543291],[112.183486,32.542712],[112.181609,32.542288],[112.179798,32.541653],[112.180544,32.540491],[112.180034,32.540315],[112.17957,32.540986],[112.176523,32.53996],[112.177062,32.538927],[112.175791,32.538397],[112.175764,32.538217],[112.172883,32.537118],[112.17526,32.533891],[112.176166,32.53432],[112.177121,32.533013],[112.177655,32.533432],[112.178468,32.53269],[112.177894,32.532428],[112.178631,32.531557],[112.178234,32.531283],[112.17737,32.532034],[112.177134,32.531724],[112.177014,32.531638],[112.176434,32.531304],[112.17527,32.530793],[112.176563,32.528891],[112.176027,32.528701],[112.175635,32.529375],[112.174535,32.528875],[112.172819,32.528237],[112.174128,32.525234],[112.173857,32.524578],[112.173792,32.524246],[112.173948,32.52323],[112.174037,32.522941],[112.17431,32.521643],[112.17427,32.521362],[112.174431,32.520614],[112.174447,32.520284],[112.174487,32.520114],[112.17582,32.520191],[112.175941,32.519481],[112.177633,32.519607],[112.177813,32.517929],[112.178859,32.518128],[112.179302,32.51621],[112.178162,32.516115],[112.178395,32.515161],[112.177716,32.515059],[112.175206,32.514858],[112.175662,32.513872],[112.174723,32.513591],[112.174128,32.513372],[112.17372,32.513957],[112.17287,32.515568],[112.171427,32.515106],[112.171816,32.514283],[112.170981,32.513991],[112.170566,32.514647],[112.169496,32.514261],[112.170601,32.511105],[112.168997,32.510479],[112.169182,32.509938],[112.167017,32.50956],[112.166918,32.510648],[112.166352,32.510639],[112.16658,32.506885],[112.165706,32.50679],[112.165563,32.507113],[112.165402,32.507066],[112.16526,32.506939],[112.165185,32.506801],[112.16507,32.505493],[112.165003,32.504227],[112.16684,32.504534],[112.167124,32.503544],[112.167706,32.500064],[112.167875,32.498632],[112.166331,32.497954],[112.166631,32.495782],[112.167747,32.495836],[112.167908,32.491319],[112.168125,32.489649],[112.168313,32.489031],[112.168452,32.487742],[112.168522,32.4874],[112.168474,32.484149],[112.16879,32.483386],[112.169638,32.481934],[112.168978,32.482033],[112.168688,32.482144],[112.168278,32.482226],[112.167216,32.482334],[112.166706,32.482278],[112.16628,32.482192],[112.165858,32.482058],[112.166518,32.480348],[112.169386,32.481323],[112.17041,32.47818],[112.170815,32.476816],[112.16662,32.47537],[112.164662,32.474743],[112.164102,32.475947],[112.163141,32.475619],[112.163064,32.475569],[112.162967,32.475431],[112.160325,32.474537],[112.15996,32.475587],[112.159059,32.477822],[112.158804,32.477739],[112.158761,32.477888],[112.158772,32.477949],[112.158214,32.479979],[112.154526,32.47904],[112.153386,32.478621],[112.153491,32.478409],[112.152431,32.477951],[112.152879,32.477239],[112.151004,32.476576],[112.150296,32.478123],[112.147619,32.47761],[112.14671,32.477302],[112.146166,32.477046],[112.145844,32.477519],[112.14417,32.476994],[112.143105,32.476739],[112.142617,32.476549],[112.142869,32.476078],[112.142185,32.475797],[112.141869,32.476257],[112.140766,32.475834],[112.141418,32.474788],[112.140576,32.474467],[112.141512,32.473206],[112.14034,32.472641],[112.141531,32.470815],[112.142526,32.471217],[112.142896,32.470523],[112.143011,32.470421],[112.143328,32.470496],[112.143459,32.470437],[112.143663,32.470093],[112.143827,32.469887],[112.143923,32.469624],[112.143285,32.469708],[112.142365,32.468945],[112.142102,32.469176],[112.141684,32.46876],[112.14325,32.467395],[112.144347,32.464879],[112.146351,32.462161],[112.150685,32.464234],[112.15102,32.464467],[112.151085,32.464424],[112.151369,32.463915],[112.151471,32.463876],[112.151635,32.463922],[112.152123,32.46415],[112.151932,32.464444],[112.152024,32.464512],[112.152244,32.464585],[112.152399,32.464546],[112.152598,32.464354],[112.152858,32.463994],[112.154051,32.462937],[112.154135,32.462799],[112.154306,32.462127],[112.154427,32.461835],[112.154961,32.461222],[112.155173,32.460839],[112.155671,32.460819],[112.156538,32.460278],[112.156835,32.460398],[112.157249,32.460464],[112.157546,32.460577],[112.158394,32.46078],[112.158826,32.461059],[112.159746,32.46136],[112.159011,32.463159],[112.160129,32.463494],[112.16066,32.462188],[112.160888,32.461717],[112.162645,32.462186],[112.162766,32.461883],[112.163809,32.462172],[112.164901,32.462365],[112.16537,32.461161],[112.165478,32.46098],[112.165606,32.461023],[112.166859,32.461744],[112.167543,32.460038],[112.168077,32.458402],[112.168077,32.45775],[112.169487,32.456992],[112.169394,32.456376],[112.169378,32.455722],[112.169455,32.454982],[112.170027,32.455143],[112.170456,32.455211],[112.171754,32.455229],[112.172328,32.455113],[112.173779,32.453199],[112.175651,32.453651],[112.176625,32.453955],[112.17678,32.453362],[112.176842,32.452716],[112.176982,32.452148],[112.180388,32.452603],[112.180922,32.450858],[112.181356,32.44929],[112.18252,32.449373],[112.183451,32.446483],[112.181638,32.446365],[112.179216,32.445919],[112.179425,32.445415],[112.178698,32.445231],[112.178937,32.444387],[112.179181,32.444088],[112.179369,32.443588],[112.179417,32.443323],[112.178358,32.44316],[112.176888,32.442823],[112.17732,32.441732],[112.171175,32.440423],[112.171301,32.439923],[112.169383,32.439441],[112.168685,32.439303],[112.168554,32.439867],[112.165714,32.439242],[112.166135,32.438026],[112.156884,32.436279],[112.157206,32.435147],[112.15723,32.434891],[112.156747,32.434975],[112.155824,32.434961],[112.156036,32.433275],[112.156066,32.432865],[112.155964,32.432731],[112.156012,32.43241],[112.154253,32.431995],[112.15433,32.431563],[112.154521,32.431577],[112.15458,32.431065],[112.153917,32.430936],[112.1541,32.430284],[112.153536,32.430137],[112.153625,32.429548],[112.153263,32.429546],[112.153196,32.430162],[112.152928,32.430626],[112.151624,32.430295],[112.152053,32.428625],[112.150551,32.428541],[112.15017,32.43047],[112.149505,32.430284],[112.149293,32.430141],[112.149433,32.429419],[112.149119,32.429406],[112.14917,32.428749],[112.148309,32.428858],[112.148319,32.428319],[112.147735,32.428339],[112.147713,32.427454],[112.146466,32.427502],[112.146466,32.428278],[112.145613,32.428278],[112.145822,32.427418],[112.145884,32.427031],[112.145907,32.426504],[112.146117,32.424456],[112.14619,32.424198],[112.146335,32.423211],[112.145495,32.421982],[112.145447,32.421665],[112.145366,32.421592],[112.144803,32.421667],[112.143921,32.421866],[112.143754,32.421583],[112.144159,32.421307],[112.143797,32.420881],[112.143164,32.421273],[112.142555,32.42075],[112.143044,32.4203],[112.14292,32.420268],[112.142035,32.420198],[112.140718,32.420209],[112.14031,32.420594],[112.13957,32.41991],[112.13953,32.419804],[112.139565,32.419677],[112.139543,32.419541],[112.139495,32.419457],[112.139278,32.419247],[112.13901,32.419077],[112.138918,32.419251],[112.138309,32.419657],[112.138025,32.419312],[112.137813,32.419149],[112.137481,32.419018],[112.136899,32.4189],[112.136553,32.418649],[112.13673,32.417977],[112.136512,32.417918],[112.136649,32.417454],[112.133768,32.417275],[112.133793,32.417044],[112.133763,32.416835],[112.133884,32.41643],[112.134359,32.413804],[112.134916,32.413921],[112.136105,32.413969],[112.137808,32.414132],[112.13828,32.414127],[112.13832,32.413423],[112.138309,32.413034],[112.138344,32.412841],[112.138422,32.412687],[112.138642,32.412499],[112.139036,32.412232],[112.138637,32.411924],[112.137961,32.41158],[112.137398,32.411143],[112.136947,32.41045],[112.137355,32.410382],[112.137647,32.410378],[112.137738,32.410255],[112.137735,32.410076],[112.137773,32.409984],[112.137845,32.409918],[112.138159,32.409897],[112.13821,32.409834],[112.13821,32.409725],[112.138417,32.409596],[112.138631,32.409508],[112.139388,32.40944],[112.139026,32.409349],[112.138025,32.409408],[112.137617,32.409164],[112.137626,32.408747],[112.137888,32.408374],[112.138323,32.408093],[112.138647,32.407977],[112.139466,32.407873],[112.139809,32.407758],[112.140072,32.407495],[112.14016,32.406976],[112.140227,32.406134],[112.140388,32.405436],[112.140541,32.40509],[112.140841,32.404725],[112.141955,32.404085],[112.142639,32.403781],[112.144787,32.403081],[112.145452,32.403043],[112.146045,32.403054],[112.146544,32.403179],[112.147464,32.403688],[112.14869,32.404517],[112.149293,32.404553],[112.149636,32.403296],[112.150109,32.403041],[112.150567,32.403061],[112.15086,32.403217],[112.151586,32.4037],[112.152115,32.403906],[112.152466,32.403951],[112.15281,32.403933],[112.153247,32.403718],[112.153947,32.403226],[112.154438,32.402801],[112.155234,32.40242],[112.155639,32.402085],[112.155655,32.401353],[112.155175,32.400885],[112.15477,32.400348],[112.154682,32.399972],[112.154631,32.39917],[112.154057,32.398434],[112.153582,32.397159],[112.15355,32.396844],[112.153668,32.396446],[112.153952,32.396233],[112.154636,32.396016],[112.155092,32.395769],[112.155317,32.395524],[112.155266,32.395209],[112.154996,32.395001],[112.154411,32.39482],[112.153665,32.394697],[112.153263,32.394507],[112.152887,32.394122],[112.152641,32.393542],[112.152324,32.393098],[112.151967,32.393119],[112.151761,32.39342],[112.151487,32.393715],[112.151176,32.393764],[112.150683,32.393599],[112.15031,32.393527],[112.150036,32.393613],[112.150245,32.394398],[112.150814,32.39619],[112.151525,32.397701],[112.151399,32.398138],[112.151147,32.398371],[112.150851,32.398366],[112.150315,32.398192],[112.149508,32.397682],[112.148676,32.39696],[112.148116,32.396237],[112.147957,32.395803],[112.147909,32.395042],[112.147957,32.394426],[112.148537,32.394004],[112.148955,32.393105],[112.1491,32.392587],[112.149457,32.391749],[112.14954,32.391225],[112.146359,32.390086],[112.143945,32.389414],[112.143457,32.389142],[112.143489,32.388625],[112.144272,32.386431],[112.144554,32.386233],[112.144897,32.386215],[112.145452,32.386243],[112.145833,32.386369],[112.146758,32.387121],[112.147373,32.387359],[112.148368,32.387559],[112.149103,32.387626],[112.150337,32.387857],[112.151962,32.388222],[112.153054,32.388521],[112.153601,32.38892],[112.153762,32.390295],[112.15399,32.390566],[112.15447,32.390433],[112.155057,32.390007],[112.155411,32.38942],[112.155559,32.389096],[112.156109,32.388686],[112.15804,32.387697],[112.158418,32.387386],[112.158566,32.386981],[112.158464,32.386582],[112.158276,32.386335],[112.157423,32.385595],[112.156439,32.384605],[112.155856,32.383882],[112.155639,32.383305],[112.155543,32.382154],[112.155403,32.381345],[112.155071,32.380539],[112.154582,32.379767],[112.15414,32.37935],[112.153257,32.378969],[112.152453,32.378718],[112.151592,32.378564],[112.150771,32.378571],[112.150087,32.378836]]]}},{"type":"Feature","properties":{"regionCode":"411381108","sourceCode":"411381108000","name":"十林镇","sourceName":"十林镇","parentCode":"411381","parentName":"邓州市","regionLevel":"township","regionType":"town","isManagementZone":false,"source":"ruiduobao","sourceVersion":"mixed-legacy~2018-2020","geometryRepaired":true,"match2020":true,"match2023":true},"geometry":{"type":"Polygon","coordinates":[[[111.80114,32.830653],[111.801167,32.830533],[111.801022,32.830409],[111.800568,32.830675],[111.799241,32.830436],[111.798031,32.833562],[111.797476,32.835334],[111.79655,32.837788],[111.79537,32.84129],[111.795231,32.841585],[111.794635,32.843604],[111.794627,32.844258],[111.794576,32.844776],[111.794448,32.845231],[111.794415,32.84769],[111.794922,32.847676],[111.794794,32.850484],[111.794077,32.850883],[111.793117,32.851329],[111.792106,32.851748],[111.791647,32.851885],[111.79147,32.855132],[111.791985,32.855531],[111.793273,32.856358],[111.795003,32.857241],[111.796025,32.857958],[111.796588,32.858197],[111.797575,32.85844],[111.797006,32.860535],[111.79444,32.859871],[111.794123,32.860332],[111.793477,32.861617],[111.79227,32.864345],[111.791983,32.864537],[111.790931,32.86508],[111.788649,32.866192],[111.788748,32.866954],[111.789075,32.867792],[111.789376,32.868225],[111.789504,32.868655],[111.789652,32.869576],[111.7897,32.870236],[111.789601,32.870604],[111.78974,32.871108],[111.789899,32.872102],[111.790279,32.873613],[111.790435,32.875141],[111.7915,32.875873],[111.793101,32.876584],[111.797757,32.8784],[111.799273,32.879213],[111.800255,32.87988],[111.801,32.880774],[111.801542,32.881842],[111.801936,32.883063],[111.802127,32.884531],[111.802046,32.885455],[111.801824,32.886804],[111.801714,32.887676],[111.801676,32.890122],[111.801623,32.89077],[111.801303,32.891419],[111.800863,32.891897],[111.799659,32.892527],[111.799426,32.892953],[111.799608,32.893574],[111.800174,32.893996],[111.801537,32.894462],[111.803463,32.894896],[111.805834,32.895606],[111.807792,32.896441],[111.809012,32.897331],[111.80943,32.897826],[111.809763,32.898646],[111.809916,32.89927],[111.809814,32.90104],[111.809967,32.901538],[111.810358,32.902308],[111.811018,32.903477],[111.811083,32.904024],[111.811,32.904675],[111.810828,32.905274],[111.810597,32.905799],[111.810455,32.907262],[111.810404,32.908953],[111.810452,32.910045],[111.81068,32.910791],[111.810704,32.913563],[111.810637,32.914186],[111.810715,32.914684],[111.811461,32.915582],[111.813177,32.917287],[111.813993,32.917622],[111.815731,32.917985],[111.818577,32.918185],[111.819867,32.918329],[111.820157,32.91773],[111.820886,32.917625],[111.821522,32.917728],[111.821364,32.918383],[111.821294,32.919007],[111.821406,32.919689],[111.821522,32.92011],[111.821747,32.92043],[111.82209,32.921682],[111.822622,32.922263],[111.82382,32.923118],[111.825489,32.923924],[111.826436,32.924526],[111.827106,32.925059],[111.828171,32.926592],[111.828702,32.927196],[111.82926,32.927682],[111.829834,32.927921],[111.830982,32.928137],[111.832173,32.9282],[111.832755,32.928348],[111.832771,32.928661],[111.832594,32.928943],[111.831945,32.928936],[111.831851,32.929229],[111.832106,32.929834],[111.832251,32.930557],[111.832178,32.9317],[111.8321,32.93388],[111.831958,32.934929],[111.831843,32.935577],[111.831366,32.936626],[111.831231,32.937022],[111.83081,32.937063],[111.830352,32.939199],[111.830314,32.939949],[111.830306,32.941754],[111.830636,32.943645],[111.839597,32.943222],[111.839994,32.943066],[111.840348,32.943224],[111.843497,32.943158],[111.844136,32.943294],[111.845581,32.943775],[111.847719,32.944342],[111.849162,32.944824],[111.852772,32.94592],[111.853303,32.946359],[111.854111,32.946868],[111.854942,32.947095],[111.855664,32.947208],[111.856275,32.947482],[111.858813,32.949288],[111.860296,32.950818],[111.860854,32.951234],[111.861165,32.951376],[111.86205,32.952069],[111.862793,32.952319],[111.863171,32.952515],[111.863571,32.952866],[111.863818,32.953206],[111.864158,32.953564],[111.864268,32.953827],[111.867578,32.955448],[111.868466,32.95577],[111.870263,32.956357],[111.871247,32.956809],[111.872119,32.956479],[111.873337,32.95647],[111.874968,32.956132],[111.875879,32.956055],[111.87688,32.956283],[111.877572,32.956253],[111.878814,32.955941],[111.88119,32.955482],[111.882242,32.955216],[111.884422,32.954595],[111.885578,32.95434],[111.885632,32.953609],[111.885543,32.952301],[111.884505,32.95186],[111.884562,32.951608],[111.884527,32.951446],[111.884192,32.95109],[111.883741,32.951088],[111.883792,32.950784],[111.883478,32.950404],[111.884068,32.949252],[111.884479,32.948507],[111.884653,32.948257],[111.883838,32.947329],[111.882491,32.946285],[111.881928,32.945024],[111.88008,32.942886],[111.87968,32.942206],[111.879407,32.94156],[111.879302,32.941175],[111.879211,32.940635],[111.877773,32.938501],[111.877124,32.937686],[111.876464,32.937427],[111.875531,32.936955],[111.874831,32.936131],[111.873779,32.934677],[111.873535,32.934271],[111.872873,32.931],[111.872846,32.930289],[111.872964,32.929215],[111.873704,32.927574],[111.874418,32.926176],[111.87555,32.923701],[111.876749,32.921954],[111.877392,32.920619],[111.878492,32.916132],[111.879412,32.914725],[111.881818,32.91288],[111.885168,32.912257],[111.888883,32.91211],[111.89075,32.911991],[111.894422,32.91082],[111.89757,32.908899],[111.900231,32.906607],[111.902559,32.904999],[111.905832,32.903195],[111.906524,32.90268],[111.906623,32.902603],[111.907106,32.901972],[111.907924,32.900455],[111.910686,32.897527],[111.913409,32.895419],[111.916764,32.893599],[111.91751,32.891847],[111.918103,32.891167],[111.918004,32.88925],[111.917153,32.884389],[111.918331,32.882072],[111.918323,32.879954],[111.917816,32.876521],[111.918406,32.874652],[111.919618,32.873789],[111.921303,32.871739],[111.920707,32.86824],[111.920662,32.868139],[111.920085,32.867492],[111.916944,32.865645],[111.915737,32.866377],[111.912969,32.867977],[111.912832,32.868202],[111.912642,32.868123],[111.911947,32.869187],[111.911843,32.869139],[111.911523,32.868846],[111.910595,32.870549],[111.909252,32.869955],[111.909032,32.870344],[111.908801,32.870378],[111.908313,32.870148],[111.907347,32.869448],[111.907092,32.869182],[111.906805,32.868788],[111.906553,32.86852],[111.905861,32.867934],[111.905089,32.867537],[111.90489,32.867281],[111.904863,32.867202],[111.904021,32.86692],[111.902361,32.866625],[111.902299,32.866632],[111.902262,32.867006],[111.90216,32.867096],[111.901878,32.867193],[111.90143,32.867265],[111.901309,32.867348],[111.90095,32.86678],[111.900317,32.867166],[111.899963,32.867519],[111.899826,32.867603],[111.900652,32.868209],[111.899649,32.869563],[111.899223,32.870234],[111.898796,32.871054],[111.899722,32.871406],[111.899582,32.871651],[111.898686,32.871279],[111.897766,32.872737],[111.89568,32.872165],[111.895564,32.872512],[111.895596,32.872645],[111.895688,32.872723],[111.895688,32.872764],[111.895537,32.873226],[111.89709,32.873624],[111.896994,32.873809],[111.895468,32.873388],[111.89495,32.87439],[111.89521,32.874478],[111.895181,32.87462],[111.895827,32.874812],[111.895634,32.875174],[111.894355,32.874683],[111.893426,32.874471],[111.89307,32.875521],[111.894255,32.875821],[111.893861,32.876855],[111.892423,32.876539],[111.892603,32.875404],[111.892582,32.875116],[111.890106,32.874429],[111.889991,32.874722],[111.889934,32.875046],[111.891983,32.875514],[111.89153,32.877614],[111.891455,32.878387],[111.891935,32.879085],[111.891965,32.879495],[111.891739,32.879502],[111.891423,32.879439],[111.891308,32.879544],[111.891262,32.879547],[111.89061,32.879479],[111.890374,32.879556],[111.890251,32.87956],[111.890334,32.879736],[111.889921,32.879641],[111.888151,32.878909],[111.887032,32.878801],[111.886705,32.878857],[111.88546,32.878274],[111.885334,32.878146],[111.884312,32.877936],[111.883366,32.877702],[111.883446,32.877177],[111.882496,32.877152],[111.882354,32.877112],[111.882395,32.876352],[111.882336,32.876181],[111.8824,32.874857],[111.882883,32.874908],[111.883138,32.872877],[111.882982,32.872847],[111.883382,32.871151],[111.880469,32.870486],[111.882346,32.868175],[111.88137,32.8679],[111.88188,32.866573],[111.879053,32.865816],[111.879101,32.865154],[111.879329,32.864789],[111.879688,32.864395],[111.880045,32.863712],[111.879986,32.863658],[111.87993,32.863496],[111.879495,32.863448],[111.879691,32.861829],[111.877969,32.861673],[111.877988,32.860441],[111.87773,32.860416],[111.877993,32.85769],[111.878438,32.857703],[111.878366,32.858575],[111.878648,32.85858],[111.878792,32.857111],[111.8789,32.856372],[111.878556,32.856214],[111.877537,32.856108],[111.877811,32.854429],[111.877172,32.854393],[111.876955,32.855527],[111.876891,32.856209],[111.873197,32.855914],[111.873203,32.855378],[111.873168,32.855114],[111.871591,32.855035],[111.86949,32.854882],[111.8696,32.854209],[111.869657,32.85342],[111.868705,32.853386],[111.868466,32.854727],[111.865953,32.854278],[111.86481,32.854035],[111.864802,32.853931],[111.864971,32.853526],[111.865231,32.852715],[111.865451,32.851903],[111.86595,32.85059],[111.863327,32.849866],[111.863659,32.848994],[111.863992,32.848792],[111.864298,32.847595],[111.862533,32.847433],[111.862077,32.847751],[111.861881,32.847827],[111.861565,32.847908],[111.861219,32.84794],[111.861857,32.843753],[111.861345,32.843803],[111.860902,32.844046],[111.860907,32.844249],[111.860985,32.844474],[111.861181,32.844763],[111.861267,32.845017],[111.861007,32.845265],[111.860154,32.845592],[111.85991,32.845644],[111.859263,32.845565],[111.85885,32.845434],[111.858775,32.845355],[111.858341,32.845306],[111.857777,32.845326],[111.857284,32.845479],[111.856997,32.845687],[111.856876,32.845711],[111.856965,32.844242],[111.856487,32.844183],[111.856573,32.843429],[111.856659,32.843077],[111.856187,32.842996],[111.856479,32.842651],[111.855548,32.842338],[111.855098,32.842144],[111.855344,32.841387],[111.855452,32.840927],[111.855535,32.840032],[111.855487,32.839976],[111.855425,32.83974],[111.855538,32.839672],[111.855468,32.838985],[111.855658,32.83825],[111.854996,32.838097],[111.853276,32.83781],[111.853378,32.837585],[111.853824,32.836228],[111.851906,32.835814],[111.852472,32.834018],[111.852053,32.834006],[111.851482,32.833936],[111.851069,32.835361],[111.851031,32.835613],[111.849653,32.835327],[111.849516,32.836341],[111.849478,32.836882],[111.848534,32.836675],[111.848172,32.838378],[111.847711,32.838236],[111.847166,32.837941],[111.846383,32.837585],[111.844983,32.837193],[111.84461,32.838642],[111.844165,32.838586],[111.843851,32.838606],[111.84299,32.838507],[111.842958,32.838394],[111.842837,32.838349],[111.842239,32.838245],[111.842234,32.837709],[111.84122,32.837623],[111.841241,32.836499],[111.84082,32.836485],[111.840018,32.836301],[111.839297,32.835816],[111.83938,32.834365],[111.83986,32.834121],[111.839839,32.833673],[111.839903,32.8334],[111.839855,32.832188],[111.839809,32.831922],[111.83908,32.8318],[111.838921,32.831658],[111.838723,32.829627],[111.838661,32.829573],[111.838331,32.829641],[111.837328,32.829918],[111.837277,32.829406],[111.837221,32.829165],[111.83692,32.828334],[111.835638,32.82866],[111.835121,32.828856],[111.835786,32.830306],[111.834265,32.830705],[111.834372,32.831169],[111.833927,32.831277],[111.833975,32.83162],[111.832336,32.831897],[111.831974,32.831985],[111.832264,32.832521],[111.831253,32.832929],[111.83121,32.832909],[111.830499,32.831678],[111.829166,32.832037],[111.830177,32.833441],[111.830617,32.833204],[111.830851,32.833497],[111.83143,32.83464],[111.831762,32.835566],[111.83136,32.835701],[111.83048,32.835866],[111.829721,32.835953],[111.829129,32.836091],[111.829933,32.83795],[111.828825,32.838311],[111.829314,32.840429],[111.829102,32.840544],[111.828364,32.840808],[111.827482,32.840968],[111.826401,32.841267],[111.826658,32.841856],[111.827101,32.843072],[111.827275,32.843658],[111.827584,32.843593],[111.827774,32.844458],[111.827154,32.84447],[111.82672,32.844558],[111.826782,32.845085],[111.826854,32.845405],[111.826843,32.845865],[111.825805,32.846013],[111.825451,32.846031],[111.825524,32.846705],[111.824926,32.846646],[111.82492,32.84721],[111.824491,32.847221],[111.823882,32.847153],[111.82315,32.847005],[111.822882,32.846849],[111.821452,32.846329],[111.822147,32.844801],[111.821369,32.844598],[111.820599,32.844352],[111.821095,32.844026],[111.820564,32.843395],[111.820462,32.843332],[111.820103,32.842906],[111.819821,32.843077],[111.818166,32.841213],[111.81781,32.841407],[111.817182,32.840195],[111.816664,32.839034],[111.815591,32.839625],[111.816613,32.841943],[111.815581,32.842394],[111.815224,32.841718],[111.814521,32.840154],[111.813725,32.840535],[111.813202,32.840918],[111.81303,32.841511],[111.812158,32.840936],[111.811273,32.841847],[111.810544,32.841405],[111.810836,32.840873],[111.809937,32.840298],[111.810367,32.83932],[111.810562,32.839054],[111.810297,32.838813],[111.810149,32.839359],[111.810053,32.839505],[111.80994,32.839555],[111.809916,32.839507],[111.810053,32.839208],[111.810037,32.83912],[111.809967,32.839059],[111.809919,32.838953],[111.809911,32.838732],[111.810004,32.838462],[111.810104,32.838376],[111.81005,32.838239],[111.810047,32.838022],[111.810147,32.837835],[111.808398,32.837472],[111.808092,32.837477],[111.807601,32.837272],[111.807596,32.836821],[111.805362,32.836373],[111.805386,32.836073],[111.803846,32.835875],[111.80391,32.835221],[111.805423,32.835449],[111.805608,32.834712],[111.803057,32.834421],[111.802298,32.834529],[111.801295,32.834513],[111.801201,32.834565],[111.801086,32.834915],[111.800893,32.835115],[111.799954,32.83507],[111.799568,32.834996],[111.799133,32.834973],[111.797685,32.834723],[111.798605,32.832325],[111.799847,32.83249],[111.800327,32.830666],[111.801019,32.830781],[111.801075,32.830756],[111.80114,32.830653]]]}},{"type":"Feature","properties":{"regionCode":"411381109","sourceCode":"411381109000","name":"张村镇","sourceName":"张村镇","parentCode":"411381","parentName":"邓州市","regionLevel":"township","regionType":"town","isManagementZone":false,"source":"ruiduobao","sourceVersion":"mixed-legacy~2018-2020","geometryRepaired":false,"match2020":true,"match2023":true},"geometry":{"type":"Polygon","coordinates":[[[111.845782,32.77998],[111.843449,32.780158],[111.84347,32.780602],[111.842609,32.780753],[111.842574,32.781231],[111.841719,32.78143],[111.841469,32.781556],[111.8413,32.781775],[111.841156,32.781885],[111.840745,32.782005],[111.840603,32.781813],[111.840123,32.782088],[111.839286,32.782499],[111.837561,32.780961],[111.837607,32.782753],[111.836717,32.782807],[111.836773,32.783461],[111.837604,32.783211],[111.838822,32.782699],[111.839004,32.784902],[111.840734,32.785811],[111.840262,32.787608],[111.839908,32.78955],[111.839774,32.790643],[111.839415,32.791906],[111.839136,32.792756],[111.8389,32.795132],[111.838506,32.796034],[111.837006,32.798323],[111.836719,32.79885],[111.836207,32.798902],[111.835231,32.798886],[111.83445,32.798688],[111.834203,32.799457],[111.834069,32.800379],[111.834053,32.801858],[111.833975,32.802658],[111.834324,32.806171],[111.832996,32.806256],[111.832366,32.806054],[111.831537,32.80554],[111.830665,32.804935],[111.830596,32.806511],[111.830295,32.808258],[111.828895,32.809018],[111.827404,32.809223],[111.826803,32.809372],[111.826637,32.809884],[111.826704,32.81107],[111.826621,32.811482],[111.826422,32.811703],[111.825821,32.811974],[111.822444,32.812965],[111.822565,32.813619],[111.822887,32.814417],[111.822549,32.815073],[111.8222,32.816119],[111.822933,32.816284],[111.826302,32.817183],[111.82779,32.817505],[111.827779,32.818177],[111.827688,32.818828],[111.827624,32.819151],[111.827423,32.819554],[111.827103,32.819863],[111.82665,32.820102],[111.824985,32.820848],[111.82153,32.822566],[111.821173,32.822802],[111.820857,32.823095],[111.820422,32.823699],[111.820122,32.823896],[111.819735,32.823983],[111.819325,32.824006],[111.818488,32.824171],[111.817834,32.824213],[111.817496,32.824473],[111.816903,32.825054],[111.815294,32.825638],[111.813668,32.826075],[111.810983,32.826639],[111.81093,32.827412],[111.810273,32.829147],[111.809371,32.830883],[111.807775,32.830659],[111.806072,32.83031],[111.802972,32.829913],[111.801856,32.829659],[111.801386,32.829643],[111.801183,32.83015],[111.801022,32.830409],[111.801167,32.830533],[111.80114,32.830653],[111.801075,32.830756],[111.800901,32.830779],[111.800327,32.830666],[111.799847,32.83249],[111.798605,32.832325],[111.797685,32.834723],[111.799133,32.834973],[111.799568,32.834996],[111.799954,32.83507],[111.800893,32.835115],[111.801086,32.834915],[111.801201,32.834565],[111.801295,32.834513],[111.802298,32.834529],[111.803057,32.834421],[111.805608,32.834712],[111.805423,32.835449],[111.80391,32.835221],[111.803846,32.835875],[111.805386,32.836073],[111.805362,32.836373],[111.807596,32.836821],[111.807601,32.837272],[111.808092,32.837477],[111.808398,32.837472],[111.810147,32.837835],[111.810047,32.838022],[111.81005,32.838239],[111.810104,32.838376],[111.810004,32.838462],[111.809911,32.838732],[111.809919,32.838953],[111.809967,32.839059],[111.810037,32.83912],[111.810053,32.839208],[111.809916,32.839507],[111.80994,32.839555],[111.810053,32.839505],[111.810149,32.839359],[111.810297,32.838813],[111.810562,32.839054],[111.810367,32.83932],[111.809937,32.840298],[111.810836,32.840873],[111.810544,32.841405],[111.811273,32.841847],[111.812158,32.840936],[111.81303,32.841511],[111.813202,32.840918],[111.813725,32.840535],[111.814521,32.840154],[111.815224,32.841718],[111.815581,32.842394],[111.816613,32.841943],[111.815591,32.839625],[111.816664,32.839034],[111.817182,32.840195],[111.81781,32.841407],[111.818166,32.841213],[111.819821,32.843077],[111.820103,32.842906],[111.820462,32.843332],[111.820564,32.843395],[111.821095,32.844026],[111.820599,32.844352],[111.821369,32.844598],[111.822147,32.844801],[111.821452,32.846329],[111.822882,32.846849],[111.82315,32.847005],[111.823882,32.847153],[111.824491,32.847221],[111.82492,32.84721],[111.824926,32.846646],[111.825524,32.846705],[111.825451,32.846031],[111.825805,32.846013],[111.826843,32.845865],[111.826854,32.845405],[111.826782,32.845085],[111.82672,32.844558],[111.827154,32.84447],[111.827774,32.844458],[111.827584,32.843593],[111.827275,32.843658],[111.827101,32.843072],[111.826658,32.841856],[111.826401,32.841267],[111.827482,32.840968],[111.828364,32.840808],[111.829102,32.840544],[111.829314,32.840429],[111.828825,32.838311],[111.829933,32.83795],[111.829129,32.836091],[111.829721,32.835953],[111.83048,32.835866],[111.83136,32.835701],[111.831762,32.835566],[111.83143,32.83464],[111.830851,32.833497],[111.830617,32.833204],[111.830177,32.833441],[111.829166,32.832037],[111.830499,32.831678],[111.83121,32.832909],[111.831253,32.832929],[111.832264,32.832521],[111.831974,32.831985],[111.832336,32.831897],[111.833975,32.83162],[111.833927,32.831277],[111.834372,32.831169],[111.834265,32.830705],[111.835786,32.830306],[111.835121,32.828856],[111.835638,32.82866],[111.83692,32.828334],[111.837221,32.829165],[111.837277,32.829406],[111.837328,32.829918],[111.838331,32.829641],[111.838661,32.829573],[111.838723,32.829627],[111.838921,32.831658],[111.83908,32.8318],[111.839809,32.831922],[111.839855,32.832188],[111.839903,32.8334],[111.839839,32.833673],[111.83986,32.834121],[111.83938,32.834365],[111.839297,32.835816],[111.840018,32.836301],[111.84082,32.836485],[111.841241,32.836499],[111.84122,32.837623],[111.842234,32.837709],[111.842239,32.838245],[111.842837,32.838349],[111.842958,32.838394],[111.84299,32.838507],[111.843851,32.838606],[111.844165,32.838586],[111.84461,32.838642],[111.844983,32.837193],[111.846383,32.837585],[111.847166,32.837941],[111.847711,32.838236],[111.848172,32.838378],[111.848534,32.836675],[111.849478,32.836882],[111.849516,32.836341],[111.849653,32.835327],[111.851031,32.835613],[111.851069,32.835361],[111.851482,32.833936],[111.852021,32.834004],[111.852472,32.834018],[111.851906,32.835814],[111.853824,32.836228],[111.853378,32.837585],[111.853276,32.83781],[111.854996,32.838097],[111.855658,32.83825],[111.855468,32.838985],[111.855538,32.839672],[111.855425,32.83974],[111.855487,32.839976],[111.855535,32.840032],[111.855452,32.840927],[111.855344,32.841387],[111.855098,32.842144],[111.855548,32.842338],[111.856479,32.842651],[111.856187,32.842996],[111.856659,32.843077],[111.856573,32.843429],[111.856487,32.844183],[111.856965,32.844242],[111.856876,32.845711],[111.856997,32.845687],[111.857284,32.845479],[111.857777,32.845326],[111.858341,32.845306],[111.858775,32.845355],[111.85885,32.845434],[111.859263,32.845565],[111.85991,32.845644],[111.860154,32.845592],[111.861007,32.845265],[111.861267,32.845017],[111.861181,32.844763],[111.860985,32.844474],[111.860907,32.844249],[111.860902,32.844046],[111.861345,32.843803],[111.861857,32.843753],[111.861219,32.84794],[111.861565,32.847908],[111.861881,32.847827],[111.862077,32.847751],[111.862533,32.847433],[111.864298,32.847595],[111.863992,32.848792],[111.863659,32.848994],[111.863327,32.849866],[111.86595,32.85059],[111.86551,32.851723],[111.864971,32.853526],[111.864802,32.853931],[111.86481,32.854035],[111.865953,32.854278],[111.868466,32.854727],[111.868705,32.853386],[111.869657,32.85342],[111.8696,32.854209],[111.86949,32.854882],[111.871591,32.855035],[111.873168,32.855114],[111.873203,32.855378],[111.873197,32.855914],[111.876891,32.856209],[111.876955,32.855527],[111.877172,32.854393],[111.877811,32.854429],[111.877537,32.856108],[111.878556,32.856214],[111.8789,32.856372],[111.878792,32.857111],[111.878648,32.85858],[111.878366,32.858575],[111.878438,32.857703],[111.877993,32.85769],[111.87773,32.860416],[111.877988,32.860441],[111.877969,32.861673],[111.879691,32.861829],[111.879495,32.863448],[111.87993,32.863496],[111.879986,32.863658],[111.880045,32.863712],[111.879688,32.864395],[111.879329,32.864789],[111.879101,32.865154],[111.879053,32.865816],[111.88188,32.866573],[111.88137,32.8679],[111.882346,32.868175],[111.880469,32.870486],[111.883382,32.871151],[111.882982,32.872847],[111.883138,32.872877],[111.882883,32.874908],[111.8824,32.874857],[111.882336,32.876181],[111.882395,32.876352],[111.882354,32.877112],[111.882496,32.877152],[111.883446,32.877177],[111.883366,32.877702],[111.884312,32.877936],[111.885334,32.878146],[111.88546,32.878274],[111.886705,32.878857],[111.887032,32.878801],[111.888151,32.878909],[111.889921,32.879641],[111.890334,32.879736],[111.890251,32.87956],[111.890374,32.879556],[111.89061,32.879479],[111.891262,32.879547],[111.891308,32.879544],[111.891423,32.879439],[111.891739,32.879502],[111.891965,32.879495],[111.891935,32.879085],[111.891455,32.878387],[111.89153,32.877614],[111.891983,32.875514],[111.889934,32.875046],[111.889991,32.874722],[111.890106,32.874429],[111.892582,32.875116],[111.892603,32.875404],[111.892423,32.876539],[111.893861,32.876855],[111.894255,32.875821],[111.89307,32.875521],[111.893426,32.874471],[111.894355,32.874683],[111.895634,32.875174],[111.895827,32.874812],[111.895181,32.87462],[111.89521,32.874478],[111.89495,32.87439],[111.895468,32.873388],[111.896994,32.873809],[111.89709,32.873624],[111.895535,32.873223],[111.895688,32.872764],[111.895688,32.872723],[111.895596,32.872645],[111.895564,32.872512],[111.89568,32.872165],[111.897766,32.872737],[111.898686,32.871279],[111.899582,32.871651],[111.899722,32.871406],[111.898796,32.871054],[111.899223,32.870234],[111.899649,32.869563],[111.900652,32.868209],[111.899826,32.867603],[111.899963,32.867519],[111.900317,32.867166],[111.90095,32.86678],[111.901309,32.867348],[111.90143,32.867265],[111.901878,32.867193],[111.90216,32.867096],[111.902262,32.867006],[111.902299,32.866632],[111.902361,32.866625],[111.904021,32.86692],[111.904863,32.867202],[111.90489,32.867281],[111.905089,32.867537],[111.905861,32.867934],[111.906553,32.86852],[111.906805,32.868788],[111.907092,32.869182],[111.907347,32.869448],[111.908313,32.870148],[111.908801,32.870378],[111.909032,32.870344],[111.909252,32.869955],[111.910595,32.870549],[111.911523,32.868846],[111.911843,32.869139],[111.911947,32.869187],[111.912642,32.868123],[111.912832,32.868202],[111.912969,32.867977],[111.915737,32.866377],[111.916944,32.865645],[111.914879,32.863608],[111.914345,32.862757],[111.913825,32.861599],[111.913433,32.860233],[111.913269,32.858724],[111.91298,32.857239],[111.912854,32.856293],[111.912859,32.855346],[111.913039,32.854508],[111.913162,32.854283],[111.91331,32.854107],[111.914463,32.853012],[111.91626,32.852205],[111.917124,32.851741],[111.919658,32.850878],[111.920831,32.850734],[111.922955,32.850585],[111.924567,32.850603],[111.926589,32.850446],[111.928732,32.850457],[111.931211,32.850745],[111.932332,32.850714],[111.933314,32.850612],[111.934159,32.850268],[111.936245,32.849186],[111.93712,32.848566],[111.937686,32.847994],[111.937906,32.847692],[111.938024,32.847343],[111.938227,32.846466],[111.938351,32.845599],[111.938522,32.844853],[111.938665,32.843571],[111.939067,32.838786],[111.939118,32.836756],[111.939477,32.835751],[111.940151,32.834516],[111.940717,32.833752],[111.941492,32.833057],[111.942876,32.832239],[111.943927,32.831511],[111.944724,32.83084],[111.945968,32.830067],[111.946255,32.829758],[111.946709,32.829156],[111.947103,32.828259],[111.947449,32.82718],[111.947802,32.824378],[111.948307,32.821398],[111.948626,32.818312],[111.94879,32.8173],[111.94941,32.814113],[111.94953,32.813808],[111.950161,32.811712],[111.950383,32.811266],[111.951357,32.808407],[111.950472,32.808234],[111.949388,32.807947],[111.949436,32.807738],[111.948996,32.807487],[111.949528,32.805537],[111.948892,32.805366],[111.948878,32.805429],[111.948106,32.805215],[111.948219,32.804446],[111.948632,32.804518],[111.948675,32.804333],[111.94919,32.804442],[111.949243,32.804241],[111.948484,32.804083],[111.947688,32.803795],[111.946821,32.803454],[111.946448,32.803197],[111.946558,32.803596],[111.94445,32.803488],[111.944574,32.80287],[111.94633,32.802938],[111.946325,32.802864],[111.945802,32.802023],[111.945722,32.801793],[111.945335,32.800241],[111.945405,32.799346],[111.944005,32.799105],[111.944257,32.797933],[111.943882,32.79787],[111.944126,32.796817],[111.94349,32.796625],[111.944096,32.795225],[111.943157,32.794826],[111.941459,32.794217],[111.941746,32.793825],[111.940652,32.793565],[111.940397,32.794416],[111.939786,32.794305],[111.94043,32.792172],[111.940043,32.792156],[111.940172,32.791735],[111.938745,32.791223],[111.938716,32.791302],[111.93745,32.790871],[111.937884,32.789816],[111.938034,32.789317],[111.937551,32.789096],[111.938284,32.787577],[111.938292,32.787137],[111.938219,32.786765],[111.937841,32.786654],[111.93746,32.786607],[111.93734,32.786801],[111.937184,32.786801],[111.936452,32.786639],[111.936763,32.785716],[111.935416,32.785462],[111.935459,32.785168],[111.935768,32.785209],[111.935875,32.784792],[111.936154,32.784844],[111.936532,32.783671],[111.936623,32.783299],[111.936422,32.783119],[111.935961,32.782972],[111.935773,32.782875],[111.93558,32.782722],[111.935419,32.782692],[111.935242,32.782855],[111.935057,32.782882],[111.934652,32.782783],[111.934424,32.782521],[111.934368,32.782386],[111.933804,32.782009],[111.933233,32.781914],[111.93304,32.782203],[111.93274,32.782798],[111.932319,32.782751],[111.931999,32.782582],[111.931723,32.782571],[111.931576,32.782627],[111.931272,32.783046],[111.931106,32.783146],[111.930698,32.783371],[111.930119,32.783488],[111.929883,32.783457],[111.929229,32.783261],[111.929119,32.78329],[111.92896,32.783398],[111.928545,32.783425],[111.928314,32.783333],[111.928035,32.783087],[111.927861,32.783015],[111.92756,32.783015],[111.927314,32.78297],[111.927069,32.782884],[111.926807,32.782681],[111.925903,32.78267],[111.925514,32.782557],[111.925412,32.782595],[111.925342,32.782767],[111.925213,32.782934],[111.924956,32.783078],[111.924819,32.783272],[111.92461,32.783344],[111.924285,32.783396],[111.923934,32.78329],[111.923752,32.78331],[111.92369,32.783563],[111.923674,32.783874],[111.923832,32.784264],[111.923784,32.784747],[111.923625,32.785216],[111.923427,32.785556],[111.923049,32.785628],[111.922829,32.785714],[111.9224,32.785922],[111.922131,32.786102],[111.921667,32.786341],[111.921359,32.78656],[111.921163,32.786806],[111.92097,32.786952],[111.920434,32.787117],[111.92005,32.787543],[111.919897,32.787547],[111.919393,32.787435],[111.918843,32.787259],[111.91806,32.787356],[111.917939,32.787638],[111.918242,32.787946],[111.918285,32.788089],[111.918213,32.788152],[111.917899,32.788251],[111.91725,32.788373],[111.916727,32.788553],[111.916126,32.788986],[111.915957,32.789209],[111.915632,32.789365],[111.915509,32.789459],[111.915466,32.789608],[111.915729,32.789859],[111.916123,32.789683],[111.916324,32.789694],[111.917494,32.78989],[111.917483,32.789996],[111.916437,32.789836],[111.91626,32.789829],[111.915882,32.789917],[111.916029,32.790161],[111.916134,32.790231],[111.916131,32.790348],[111.91619,32.79049],[111.916091,32.791002],[111.916166,32.791554],[111.916091,32.792684],[111.91593,32.792941],[111.915683,32.793096],[111.914578,32.793288],[111.914278,32.793579],[111.914093,32.793647],[111.913618,32.793987],[111.913476,32.79412],[111.913393,32.794278],[111.912929,32.794488],[111.912867,32.794578],[111.912789,32.795031],[111.91284,32.795157],[111.913146,32.795525],[111.913197,32.795692],[111.913176,32.79591],[111.913084,32.796088],[111.912781,32.796233],[111.912695,32.796217],[111.912583,32.796255],[111.912492,32.796199],[111.912368,32.796251],[111.912116,32.796557],[111.91203,32.796875],[111.912189,32.797583],[111.91206,32.797721],[111.911885,32.797829],[111.91155,32.797755],[111.911381,32.797888],[111.9114,32.798197],[111.911593,32.79833],[111.911899,32.798472],[111.911977,32.798553],[111.912183,32.79908],[111.912154,32.799227],[111.91203,32.799355],[111.911569,32.799511],[111.911172,32.799603],[111.910697,32.799633],[111.910719,32.799554],[111.910483,32.79945],[111.909716,32.79936],[111.909745,32.799049],[111.909868,32.798449],[111.906237,32.797874],[111.90666,32.796129],[111.903528,32.795757],[111.900918,32.79557],[111.900955,32.795144],[111.899413,32.795008],[111.898866,32.794815],[111.898732,32.794722],[111.898871,32.794485],[111.898035,32.794095],[111.898177,32.79375],[111.898187,32.79364],[111.897233,32.7932],[111.897501,32.791825],[111.897611,32.790986],[111.897452,32.790688],[111.897133,32.790648],[111.896819,32.790438],[111.896747,32.789971],[111.896661,32.789768],[111.896626,32.789493],[111.89665,32.789182],[111.89672,32.788968],[111.89676,32.78893],[111.896262,32.788907],[111.896245,32.788706],[111.89503,32.78865],[111.894172,32.788544],[111.894392,32.787498],[111.894432,32.787468],[111.894564,32.787435],[111.896417,32.787635],[111.896326,32.786373],[111.894985,32.786109],[111.895041,32.785468],[111.894405,32.785383],[111.894092,32.785286],[111.892753,32.785053],[111.8926,32.784914],[111.892445,32.785516],[111.892375,32.78566],[111.892456,32.78612],[111.892941,32.786197],[111.892429,32.788384],[111.890551,32.788165],[111.889958,32.788127],[111.889553,32.788898],[111.88914,32.789241],[111.888928,32.789507],[111.888692,32.789719],[111.888118,32.790007],[111.887936,32.790064],[111.887501,32.790095],[111.887142,32.790438],[111.886764,32.790948],[111.886662,32.791018],[111.886364,32.791135],[111.885726,32.791085],[111.885517,32.791171],[111.885028,32.791081],[111.883736,32.790977],[111.880667,32.7906],[111.880482,32.790573],[111.880353,32.79049],[111.880005,32.791308],[111.879731,32.791268],[111.87961,32.791491],[111.878484,32.791248],[111.877811,32.791002],[111.877387,32.792075],[111.876649,32.79208],[111.876475,32.791969],[111.876378,32.791836],[111.877084,32.79079],[111.877384,32.790251],[111.877162,32.790199],[111.876979,32.790589],[111.876225,32.791735],[111.876043,32.791565],[111.875829,32.79146],[111.875617,32.791414],[111.875295,32.791173],[111.873747,32.790434],[111.873479,32.790217],[111.873428,32.790095],[111.873026,32.789712],[111.873406,32.789063],[111.873616,32.78877],[111.87346,32.788702],[111.873305,32.788959],[111.872505,32.788607],[111.872444,32.788731],[111.873232,32.789078],[111.872985,32.789457],[111.87225,32.789096],[111.871988,32.789261],[111.871805,32.789642],[111.871277,32.789491],[111.871132,32.789689],[111.870244,32.789423],[111.870027,32.78973],[111.869885,32.790043],[111.868455,32.789669],[111.868308,32.789892],[111.867119,32.789597],[111.866765,32.790517],[111.863045,32.789538],[111.862892,32.789874],[111.862721,32.789856],[111.863319,32.788517],[111.862898,32.788373],[111.861186,32.788104],[111.861492,32.787141],[111.860376,32.786711],[111.860443,32.786517],[111.858767,32.78617],[111.858818,32.785964],[111.860497,32.786307],[111.860561,32.786043],[111.858788,32.785665],[111.858737,32.785245],[111.858826,32.784614],[111.858158,32.784553],[111.857619,32.784542],[111.85763,32.783879],[111.856645,32.783822],[111.85668,32.783344],[111.85612,32.783337],[111.856439,32.782271],[111.85399,32.782038],[111.854001,32.781793],[111.85329,32.781775],[111.853518,32.780284],[111.852174,32.780225],[111.850291,32.780207],[111.846214,32.780446],[111.846276,32.779959],[111.845782,32.77998]]]}},{"type":"Feature","properties":{"regionCode":"411381110","sourceCode":"411381110000","name":"都司镇","sourceName":"都司镇","parentCode":"411381","parentName":"邓州市","regionLevel":"township","regionType":"town","isManagementZone":false,"source":"ruiduobao","sourceVersion":"mixed-legacy~2018-2020","geometryRepaired":false,"match2020":true,"match2023":true},"geometry":{"type":"Polygon","coordinates":[[[112.013667,32.454337],[112.012857,32.454523],[112.011886,32.454577],[112.011548,32.454559],[112.011205,32.45443],[112.01062,32.45402],[112.010253,32.453825],[112.008976,32.453334],[112.008316,32.453002],[112.007876,32.453045],[112.006868,32.452504],[112.006238,32.452393],[112.005379,32.452535],[112.004993,32.452705],[112.004526,32.453024],[112.003708,32.453896],[112.0033,32.454197],[112.002853,32.454253],[112.002474,32.454077],[112.001283,32.452821],[112.000876,32.452481],[112.000476,32.452239],[112.000109,32.452581],[111.999696,32.453027],[111.999242,32.453588],[111.999122,32.453918],[111.999156,32.454231],[111.999824,32.45495],[111.999999,32.455473],[111.999924,32.45591],[111.999138,32.457938],[111.999009,32.458565],[111.998652,32.459952],[111.99832,32.460805],[111.998118,32.461013],[111.997837,32.461201],[111.997148,32.461387],[111.992129,32.462236],[111.991279,32.462283],[111.990895,32.462238],[111.990439,32.462073],[111.988814,32.460715],[111.988261,32.460434],[111.987567,32.460215],[111.986963,32.460144],[111.986467,32.460192],[111.985871,32.460341],[111.985622,32.460579],[111.985357,32.460898],[111.984917,32.460925],[111.984458,32.461016],[111.984144,32.461371],[111.984015,32.461706],[111.983962,32.46234],[111.983857,32.462715],[111.983522,32.463055],[111.983187,32.463299],[111.982993,32.463571],[111.982945,32.463901],[111.983074,32.464456],[111.983294,32.464881],[111.983428,32.465001],[111.983643,32.465191],[111.984729,32.465721],[111.985163,32.465979],[111.985802,32.466291],[111.986108,32.466725],[111.98625,32.467203],[111.986432,32.467662],[111.986443,32.468081],[111.986561,32.468615],[111.986781,32.468995],[111.986977,32.469228],[111.986993,32.469545],[111.986869,32.470274],[111.986663,32.470726],[111.986378,32.471088],[111.986059,32.471104],[111.985644,32.470851],[111.984981,32.470672],[111.983331,32.47038],[111.98298,32.470346],[111.98261,32.470559],[111.981647,32.471588],[111.981081,32.471878],[111.980268,32.472125],[111.979491,32.472193],[111.977913,32.472129],[111.976637,32.472154],[111.975717,32.472356],[111.975269,32.472568],[111.97496,32.472817],[111.974767,32.473116],[111.97463,32.473521],[111.974298,32.473765],[111.973748,32.473888],[111.972758,32.473926],[111.971889,32.473829],[111.970312,32.473105],[111.97002,32.473152],[111.969526,32.473396],[111.96921,32.473774],[111.969073,32.474121],[111.969263,32.47599],[111.96907,32.477777],[111.968874,32.478454],[111.968577,32.479203],[111.967826,32.480334],[111.96741,32.48085],[111.96591,32.482524],[111.965589,32.483266],[111.964972,32.48509],[111.964543,32.486527],[111.964248,32.487033],[111.964022,32.487622],[111.963759,32.489515],[111.963539,32.490554],[111.96311,32.491776],[111.962888,32.492513],[111.962695,32.492909],[111.962247,32.493343],[111.961938,32.49395],[111.961906,32.494244],[111.961922,32.494599],[111.961817,32.495271],[111.961681,32.495753],[111.96142,32.496354],[111.961058,32.497395],[111.960643,32.49809],[111.960326,32.498481],[111.959712,32.499132],[111.958457,32.500132],[111.958116,32.500881],[111.957977,32.501286],[111.957681,32.502781],[111.95751,32.503976],[111.957354,32.504394],[111.957145,32.504774],[111.956866,32.505165],[111.956633,32.505392],[111.956362,32.505638],[111.955656,32.506145],[111.955074,32.50664],[111.954656,32.507018],[111.95343,32.508269],[111.953108,32.51051],[111.955335,32.510804],[111.954959,32.511569],[111.958357,32.512134],[111.958127,32.513286],[111.961037,32.51372],[111.960954,32.513874],[111.960769,32.514032],[111.963346,32.513849],[111.963405,32.514034],[111.966383,32.51362],[111.966425,32.514086],[111.96359,32.514451],[111.963966,32.515174],[111.965519,32.514928],[111.96808,32.514396],[111.968198,32.514788],[111.968244,32.515294],[111.968231,32.515688],[111.968405,32.5164],[111.967201,32.516703],[111.967311,32.517246],[111.964996,32.517651],[111.965492,32.519252],[111.96601,32.521894],[111.964245,32.522493],[111.964218,32.522627],[111.963569,32.522629],[111.963188,32.522667],[111.963242,32.523427],[111.964025,32.523203],[111.964505,32.523135],[111.964465,32.523766],[111.963384,32.524074],[111.963851,32.525908],[111.964309,32.527955],[111.962778,32.528289],[111.963054,32.528656],[111.964419,32.529495],[111.963893,32.532875],[111.965422,32.53342],[111.964889,32.53527],[111.963542,32.535768],[111.964025,32.536867],[111.964591,32.536837],[111.96513,32.537733],[111.965605,32.538291],[111.966192,32.539064],[111.96598,32.539202],[111.966275,32.539537],[111.965862,32.539872],[111.967646,32.541744],[111.967375,32.542054],[111.966881,32.542784],[111.96749,32.542942],[111.969993,32.54391],[111.969639,32.54526],[111.969596,32.545567],[111.970628,32.545886],[111.971143,32.545934],[111.971468,32.545875],[111.971551,32.545671],[111.971511,32.545081],[111.971256,32.544365],[111.971055,32.544073],[111.971076,32.543399],[111.971235,32.542899],[111.971428,32.542425],[111.972404,32.542655],[111.972275,32.542969],[111.972965,32.54315],[111.973206,32.542185],[111.973818,32.542284],[111.973485,32.543591],[111.97507,32.543804],[111.975081,32.54356],[111.975285,32.543417],[111.976044,32.543401],[111.975843,32.54538],[111.977803,32.545432],[111.977071,32.54807],[111.977841,32.548305],[111.977203,32.548975],[111.977508,32.549137],[111.975658,32.550996],[111.975153,32.553582],[111.981054,32.556297],[111.98206,32.557762],[111.982476,32.55693],[111.983495,32.557423],[111.983629,32.557028],[111.985775,32.557543],[111.985912,32.557428],[111.988334,32.557842],[111.988653,32.556655],[111.987513,32.556474],[111.98762,32.556193],[111.988725,32.55637],[111.988835,32.555983],[111.993162,32.557071],[111.993677,32.556264],[111.995605,32.556937],[111.994554,32.559173],[111.995696,32.559501],[111.995879,32.559085],[111.997354,32.559575],[111.998127,32.558111],[111.998786,32.558366],[111.999553,32.556743],[112.001892,32.557292],[112.002386,32.555404],[112.003094,32.555459],[112.003255,32.555976],[112.003368,32.556472],[112.00348,32.556686],[112.003633,32.556768],[112.003995,32.556811],[112.005355,32.556399],[112.005808,32.556388],[112.006256,32.556275],[112.006844,32.556392],[112.007471,32.55637],[112.007326,32.556768],[112.007308,32.557355],[112.006892,32.558807],[112.006704,32.560059],[112.009166,32.560936],[112.009445,32.560812],[112.009765,32.560918],[112.009381,32.562053],[112.008767,32.561834],[112.008059,32.562403],[112.007613,32.563009],[112.009783,32.563556],[112.009601,32.564429],[112.00977,32.565064],[112.009631,32.565177],[112.010162,32.566619],[112.009907,32.566841],[112.012822,32.567241],[112.012184,32.568091],[112.015403,32.568579],[112.015218,32.569002],[112.019222,32.569556],[112.019488,32.570627],[112.021754,32.570892],[112.021647,32.572243],[112.023463,32.572499],[112.022768,32.574142],[112.024863,32.574465],[112.024769,32.575374],[112.02758,32.57605],[112.027918,32.57531],[112.028798,32.575475],[112.028822,32.574881],[112.030101,32.574793],[112.03023,32.574712],[112.031094,32.573654],[112.029372,32.572684],[112.030372,32.570987],[112.032301,32.569126],[112.031783,32.568464],[112.031045,32.569287],[112.02972,32.568984],[112.030801,32.56768],[112.030037,32.567266],[112.030689,32.566335],[112.03041,32.566167],[112.030788,32.565613],[112.029862,32.56529],[112.032303,32.56001],[112.033237,32.558104],[112.036799,32.558181],[112.036463,32.558716],[112.036785,32.558798],[112.036276,32.560127],[112.037276,32.560425],[112.037064,32.560921],[112.03756,32.561077],[112.036858,32.562449],[112.038276,32.563224],[112.038692,32.562184],[112.039261,32.562329],[112.039178,32.562557],[112.039661,32.562668],[112.040135,32.561422],[112.040637,32.561535],[112.039934,32.56364],[112.041104,32.563735],[112.041423,32.563819],[112.042134,32.561877],[112.042646,32.562012],[112.04286,32.561149],[112.043292,32.561273],[112.042855,32.562817],[112.044379,32.563333],[112.044505,32.562885],[112.047262,32.563708],[112.047814,32.562535],[112.051985,32.563441],[112.051655,32.564065],[112.056784,32.566002],[112.057114,32.564974],[112.060311,32.565351],[112.060421,32.564291],[112.060976,32.564348],[112.061177,32.56291],[112.06045,32.562939],[112.060423,32.561908],[112.061633,32.561696],[112.061099,32.560728],[112.060469,32.560557],[112.06056,32.560369],[112.061837,32.560674],[112.061872,32.560584],[112.063041,32.56062],[112.062947,32.560245],[112.060694,32.560093],[112.060888,32.559598],[112.06277,32.559589],[112.062046,32.556998],[112.060976,32.556982],[112.061754,32.554699],[112.056003,32.55457],[112.056043,32.554138],[112.055062,32.554098],[112.056132,32.550379],[112.055089,32.550223],[112.055604,32.54871],[112.055982,32.548125],[112.053745,32.547837],[112.053986,32.546739],[112.054611,32.544844],[112.054785,32.544432],[112.055268,32.544057],[112.055813,32.542721],[112.055563,32.54273],[112.055598,32.542474],[112.055904,32.541746],[112.055646,32.541626],[112.056009,32.540211],[112.055231,32.540044],[112.052562,32.539605],[112.053064,32.537882],[112.052691,32.5378],[112.052656,32.538309],[112.051612,32.538183],[112.050451,32.537852],[112.05036,32.538099],[112.048021,32.537516],[112.049185,32.534877],[112.048614,32.534721],[112.043335,32.532733],[112.043579,32.53222],[112.046438,32.528054],[112.044564,32.527602],[112.04521,32.525619],[112.046581,32.525915],[112.046913,32.524535],[112.047155,32.524553],[112.047495,32.523409],[112.047337,32.523357],[112.04771,32.522785],[112.049011,32.52319],[112.04952,32.522095],[112.049206,32.521959],[112.052532,32.516592],[112.053697,32.517079],[112.054123,32.516529],[112.053131,32.516029],[112.054826,32.513822],[112.055652,32.514175],[112.056392,32.512143],[112.052929,32.510639],[112.055177,32.506984],[112.052983,32.506043],[112.053219,32.505586],[112.057666,32.507337],[112.058101,32.507045],[112.059139,32.507303],[112.059361,32.506731],[112.059828,32.506848],[112.060407,32.506873],[112.059951,32.508199],[112.059962,32.508386],[112.060719,32.508592],[112.061526,32.506724],[112.062339,32.506645],[112.062905,32.506676],[112.062867,32.506179],[112.059536,32.506222],[112.060134,32.504663],[112.060308,32.504371],[112.061695,32.504442],[112.061711,32.503937],[112.064063,32.50417],[112.06394,32.503704],[112.063779,32.503582],[112.063194,32.500809],[112.066174,32.497241],[112.06836,32.498289],[112.069098,32.496793],[112.071461,32.497293],[112.071313,32.496465],[112.071598,32.495244],[112.073035,32.495653],[112.07318,32.495327],[112.074921,32.495854],[112.075154,32.495845],[112.075436,32.495882],[112.076342,32.493852],[112.076694,32.493968],[112.077053,32.493251],[112.07841,32.493866],[112.078644,32.493047],[112.078778,32.492246],[112.078764,32.49207],[112.079963,32.489705],[112.081082,32.49049],[112.081543,32.489047],[112.082015,32.489246],[112.082283,32.488411],[112.083051,32.488622],[112.083397,32.487948],[112.083005,32.487841],[112.083214,32.487208],[112.082348,32.486997],[112.083045,32.484875],[112.079505,32.483561],[112.079558,32.483468],[112.077005,32.482192],[112.076662,32.482809],[112.076023,32.482703],[112.075508,32.484147],[112.074819,32.484058],[112.074148,32.483916],[112.074508,32.482479],[112.073928,32.482373],[112.073883,32.482085],[112.073309,32.481956],[112.073006,32.480694],[112.07067,32.480436],[112.07034,32.480013],[112.068679,32.479737],[112.068583,32.480008],[112.066686,32.479716],[112.066657,32.478712],[112.064589,32.478524],[112.064736,32.477669],[112.066678,32.477832],[112.066644,32.476915],[112.065343,32.476766],[112.06574,32.475259],[112.063621,32.474207],[112.063572,32.473949],[112.063489,32.473883],[112.062331,32.473408],[112.061062,32.472788],[112.060056,32.472213],[112.058854,32.471469],[112.05956,32.4705],[112.06022,32.469133],[112.05986,32.469034],[112.060576,32.467791],[112.059933,32.467495],[112.058704,32.469701],[112.057516,32.471631],[112.057224,32.472238],[112.057199,32.472607],[112.05724,32.472876],[112.057395,32.473358],[112.058243,32.474894],[112.058495,32.475422],[112.058479,32.475822],[112.057942,32.476071],[112.057304,32.476078],[112.056725,32.475938],[112.056379,32.475759],[112.055317,32.474854],[112.054877,32.47463],[112.054536,32.474582],[112.054214,32.474659],[112.052302,32.475763],[112.051929,32.475709],[112.051363,32.475343],[112.050907,32.474795],[112.050172,32.473682],[112.049907,32.47343],[112.049531,32.473238],[112.049054,32.473127],[112.048362,32.473215],[112.042686,32.475019],[112.041425,32.475505],[112.041026,32.475474],[112.040245,32.475171],[112.039462,32.474648],[112.039049,32.474234],[112.038349,32.473765],[112.037391,32.473453],[112.036681,32.473168],[112.036101,32.473084],[112.035356,32.473109],[112.034261,32.473197],[112.033837,32.47317],[112.033491,32.473059],[112.032912,32.472786],[112.032351,32.472367],[112.032046,32.471939],[112.031587,32.471695],[112.031153,32.471765],[112.030882,32.471364],[112.030892,32.470758],[112.030777,32.47045],[112.030444,32.470215],[112.029862,32.469991],[112.029176,32.469654],[112.028865,32.469298],[112.028958,32.468744],[112.029119,32.468355],[112.029114,32.467893],[112.029007,32.467343],[112.028106,32.465506],[112.026998,32.464146],[112.02663,32.463969],[112.025273,32.463709],[112.024847,32.463412],[112.026011,32.46207],[112.026255,32.461582],[112.026231,32.461188],[112.026105,32.460932],[112.025633,32.46045],[112.024643,32.459868],[112.023889,32.459511],[112.02114,32.458379],[112.020673,32.458096],[112.020257,32.457705],[112.019877,32.457239],[112.018841,32.45567],[112.018372,32.455265],[112.017543,32.45471],[112.016878,32.454382],[112.016357,32.454206],[112.01573,32.454074],[112.015282,32.454031],[112.01423,32.454208],[112.013667,32.454337]]]}},{"type":"Feature","properties":{"regionCode":"411381111","sourceCode":"411381111000","name":"赵集镇","sourceName":"赵集镇","parentCode":"411381","parentName":"邓州市","regionLevel":"township","regionType":"town","isManagementZone":false,"source":"ruiduobao","sourceVersion":"mixed-legacy~2018-2020","geometryRepaired":false,"match2020":true,"match2023":true},"geometry":{"type":"Polygon","coordinates":[[[111.994546,32.814978],[111.992059,32.816401],[111.991512,32.814063],[111.990659,32.814286],[111.990184,32.812433],[111.987438,32.812945],[111.987003,32.811593],[111.983643,32.812152],[111.982315,32.812323],[111.982661,32.814102],[111.981347,32.814113],[111.98154,32.815231],[111.979268,32.815353],[111.979177,32.815021],[111.976988,32.814814],[111.976559,32.814694],[111.977237,32.813772],[111.976693,32.813716],[111.975749,32.81318],[111.975296,32.813389],[111.974577,32.813418],[111.974984,32.813049],[111.974432,32.81269],[111.974381,32.812569],[111.974451,32.812025],[111.974276,32.811793],[111.973799,32.811599],[111.973724,32.811403],[111.973716,32.811223],[111.973488,32.810979],[111.973877,32.809866],[111.97301,32.809541],[111.973528,32.808509],[111.972817,32.808252],[111.973101,32.807688],[111.973515,32.807697],[111.97374,32.806985],[111.973544,32.806694],[111.973429,32.806601],[111.973131,32.805999],[111.973131,32.805875],[111.973619,32.804611],[111.975113,32.803064],[111.97473,32.802388],[111.975183,32.801865],[111.97532,32.800812],[111.974654,32.800647],[111.97473,32.800354],[111.973906,32.800081],[111.974038,32.799703],[111.974644,32.798796],[111.974815,32.798406],[111.974885,32.797653],[111.974196,32.797353],[111.973734,32.797311],[111.973407,32.797342],[111.973257,32.797216],[111.97282,32.796634],[111.972785,32.796393],[111.972656,32.796183],[111.972538,32.796064],[111.972385,32.796003],[111.971275,32.796064],[111.970996,32.79601],[111.970618,32.795773],[111.970368,32.795676],[111.970055,32.795414],[111.970014,32.79527],[111.97002,32.795135],[111.970143,32.794963],[111.970191,32.794727],[111.970046,32.794474],[111.96977,32.794179],[111.969266,32.793784],[111.969041,32.793714],[111.968772,32.793705],[111.968236,32.793457],[111.968024,32.793306],[111.967863,32.793092],[111.967345,32.792774],[111.965854,32.79343],[111.960873,32.793739],[111.959685,32.794116],[111.958323,32.794792],[111.956107,32.796251],[111.954554,32.798221],[111.953631,32.800115],[111.953009,32.802361],[111.952143,32.80517],[111.951351,32.804996],[111.951019,32.80501],[111.95071,32.804904],[111.950458,32.805761],[111.949739,32.805564],[111.949809,32.805192],[111.948986,32.805003],[111.948892,32.805366],[111.949528,32.805537],[111.948996,32.807487],[111.949436,32.807738],[111.949388,32.807947],[111.950469,32.808234],[111.951357,32.808407],[111.950383,32.811266],[111.950161,32.811712],[111.94953,32.813808],[111.94941,32.814113],[111.94879,32.8173],[111.948626,32.818312],[111.948307,32.821398],[111.947808,32.824326],[111.947449,32.82718],[111.947103,32.828259],[111.946709,32.829156],[111.946255,32.829758],[111.945968,32.830067],[111.944724,32.83084],[111.943927,32.831511],[111.942876,32.832239],[111.941492,32.833057],[111.940717,32.833752],[111.940151,32.834516],[111.939477,32.835751],[111.939118,32.836756],[111.939067,32.838786],[111.938665,32.843571],[111.938522,32.844853],[111.938351,32.845599],[111.938227,32.846466],[111.938024,32.847343],[111.937906,32.847692],[111.937686,32.847994],[111.93712,32.848566],[111.936245,32.849186],[111.934159,32.850268],[111.933314,32.850612],[111.932332,32.850714],[111.931211,32.850745],[111.928732,32.850457],[111.926589,32.850446],[111.924567,32.850603],[111.922955,32.850585],[111.920831,32.850734],[111.919658,32.850878],[111.917124,32.851741],[111.91626,32.852205],[111.914463,32.853012],[111.91331,32.854107],[111.913162,32.854283],[111.913039,32.854508],[111.912859,32.855346],[111.912854,32.856293],[111.91298,32.857239],[111.913269,32.858724],[111.913433,32.860233],[111.913825,32.861599],[111.914345,32.862757],[111.914879,32.863608],[111.916944,32.865645],[111.920085,32.867492],[111.920662,32.868139],[111.920707,32.86824],[111.921303,32.871739],[111.919618,32.873789],[111.918406,32.874652],[111.917816,32.876521],[111.918323,32.879954],[111.918331,32.882072],[111.917153,32.884389],[111.918004,32.88925],[111.918103,32.891167],[111.91751,32.891847],[111.916764,32.893599],[111.920184,32.894275],[111.920224,32.894268],[111.920393,32.893667],[111.920742,32.893937],[111.92123,32.894502],[111.92152,32.894953],[111.921802,32.893827],[111.92196,32.892971],[111.92333,32.893318],[111.924961,32.89359],[111.924741,32.894516],[111.928158,32.895327],[111.927947,32.896351],[111.931661,32.897187],[111.931916,32.896169],[111.933654,32.896471],[111.934188,32.894036],[111.934242,32.89398],[111.935545,32.894194],[111.935655,32.893581],[111.935639,32.893259],[111.935508,32.892534],[111.935602,32.891811],[111.935864,32.890935],[111.937042,32.891178],[111.937318,32.89046],[111.937345,32.890246],[111.937468,32.890241],[111.938587,32.890694],[111.93933,32.890903],[111.939378,32.891149],[111.939378,32.89146],[111.939338,32.891721],[111.9393,32.891888],[111.939096,32.892379],[111.938952,32.893252],[111.940832,32.893734],[111.942948,32.891363],[111.943648,32.891516],[111.943922,32.891705],[111.944187,32.891784],[111.944375,32.891433],[111.944633,32.890723],[111.946923,32.891036],[111.947143,32.891034],[111.947596,32.890777],[111.94768,32.890773],[111.94802,32.890854],[111.948591,32.890933],[111.949219,32.891002],[111.94949,32.891002],[111.949541,32.890903],[111.949793,32.889903],[111.949933,32.889906],[111.950684,32.890099],[111.950917,32.890187],[111.95126,32.890385],[111.951231,32.890707],[111.951987,32.890937],[111.952137,32.89089],[111.952816,32.891106],[111.952888,32.890665],[111.953841,32.890937],[111.954227,32.889845],[111.955034,32.890068],[111.954761,32.891043],[111.954573,32.89136],[111.954361,32.891356],[111.954173,32.891446],[111.954133,32.891629],[111.95406,32.89175],[111.953806,32.891872],[111.954428,32.892198],[111.955133,32.892698],[111.95541,32.892822],[111.955554,32.892964],[111.954761,32.894385],[111.955034,32.894496],[111.955504,32.894511],[111.955898,32.894615],[111.95608,32.894119],[111.956633,32.892935],[111.957636,32.893399],[111.957504,32.893748],[111.956909,32.894991],[111.956501,32.894838],[111.956072,32.895899],[111.957502,32.896671],[111.957566,32.897002],[111.957647,32.897074],[111.957765,32.897331],[111.958395,32.897795],[111.95917,32.898254],[111.95803,32.900362],[111.958025,32.900612],[111.958349,32.901941],[111.958526,32.901945],[111.959108,32.902054],[111.960211,32.902135],[111.960986,32.902299],[111.960688,32.903252],[111.961353,32.903357],[111.9616,32.902416],[111.962201,32.902477],[111.962062,32.903481],[111.961657,32.903398],[111.961171,32.905116],[111.961383,32.905179],[111.961536,32.905186],[111.961606,32.905154],[111.961705,32.90504],[111.96178,32.905015],[111.963523,32.905344],[111.96348,32.906208],[111.963421,32.90647],[111.963212,32.907051],[111.962467,32.906895],[111.961791,32.908465],[111.961045,32.910446],[111.96104,32.910487],[111.961965,32.911034],[111.961742,32.911806],[111.960981,32.911615],[111.959766,32.911592],[111.959318,32.913063],[111.960227,32.913164],[111.960133,32.913477],[111.960093,32.913747],[111.960079,32.914335],[111.960152,32.914797],[111.960463,32.914801],[111.960914,32.914914],[111.960973,32.914965],[111.960905,32.915029],[111.959057,32.915141],[111.959135,32.91594],[111.959462,32.915972],[111.959943,32.916179],[111.960525,32.916037],[111.960589,32.91599],[111.960648,32.91583],[111.96068,32.915823],[111.9609,32.915792],[111.961321,32.915895],[111.961536,32.915911],[111.961665,32.915837],[111.961364,32.915373],[111.961289,32.914932],[111.961361,32.914851],[111.961718,32.914824],[111.962021,32.914605],[111.962263,32.91449],[111.962906,32.914376],[111.962979,32.914117],[111.963075,32.914135],[111.963287,32.914315],[111.96347,32.91463],[111.963869,32.915031],[111.964634,32.915305],[111.964864,32.915321],[111.965087,32.915407],[111.965385,32.915454],[111.965889,32.915605],[111.96649,32.915918],[111.967257,32.9161],[111.968418,32.915943],[111.969156,32.915963],[111.972195,32.917251],[111.973654,32.916744],[111.973922,32.916035],[111.974732,32.914234],[111.974518,32.914076],[111.974756,32.91363],[111.975006,32.913669],[111.974751,32.914182],[111.975043,32.914308],[111.975277,32.913684],[111.976564,32.914018],[111.976216,32.914961],[111.977203,32.915517],[111.977653,32.915272],[111.979622,32.915884],[111.979879,32.915071],[111.980775,32.915312],[111.980716,32.915337],[111.981288,32.915515],[111.981982,32.915461],[111.983589,32.915803],[111.983321,32.918273],[111.986716,32.918667],[111.988433,32.916711],[111.985735,32.915384],[111.986129,32.914376],[111.986303,32.913705],[111.986644,32.91322],[111.986963,32.912617],[111.987336,32.911442],[111.987808,32.911561],[111.988095,32.911896],[111.988948,32.912011],[111.989892,32.909392],[111.991169,32.909649],[111.991536,32.909888],[111.99221,32.909892],[111.993231,32.90998],[111.993626,32.909886],[111.99483,32.908658],[111.996834,32.907179],[111.998456,32.905812],[111.999057,32.90535],[111.999508,32.905348],[112.000543,32.905422],[112.001149,32.90576],[112.002625,32.906668],[112.004255,32.907598],[112.004424,32.907832],[112.004685,32.908467],[112.004805,32.909314],[112.00498,32.909879],[112.005296,32.910584],[112.005559,32.911595],[112.005739,32.91263],[112.00583,32.912912],[112.006114,32.913783],[112.006398,32.914182],[112.00774,32.91424],[112.008075,32.911982],[112.013724,32.912513],[112.01385,32.912802],[112.015408,32.915051],[112.018482,32.915098],[112.021057,32.915265],[112.021277,32.915074],[112.022189,32.914101],[112.022435,32.913603],[112.022666,32.911856],[112.023299,32.91098],[112.02456,32.908848],[112.02489,32.908231],[112.025321,32.906909],[112.02548,32.906247],[112.025445,32.905681],[112.025295,32.904763],[112.024377,32.902578],[112.024173,32.901871],[112.024141,32.901495],[112.024206,32.899892],[112.024332,32.898617],[112.024493,32.898002],[112.024927,32.896939],[112.025362,32.895991],[112.025667,32.895682],[112.026472,32.895205],[112.027588,32.894748],[112.028503,32.894505],[112.029621,32.894448],[112.031689,32.89443],[112.032888,32.894304],[112.033668,32.894083],[112.034194,32.89375],[112.035052,32.892917],[112.035771,32.892347],[112.036058,32.89186],[112.035637,32.890509],[112.035374,32.889378],[112.034892,32.886459],[112.034639,32.886309],[112.034277,32.885067],[112.033896,32.884061],[112.033639,32.883495],[112.033521,32.88311],[112.033497,32.882795],[112.033542,32.881982],[112.033516,32.881504],[112.033548,32.880508],[112.033309,32.88013],[112.032209,32.87922],[112.031112,32.878452],[112.030066,32.877445],[112.029642,32.877096],[112.029111,32.876983],[112.028524,32.876963],[112.02854,32.875879],[112.029964,32.875796],[112.030227,32.874568],[112.029192,32.874413],[112.029436,32.873467],[112.02795,32.873244],[112.027057,32.873203],[112.026139,32.873043],[112.026579,32.870709],[112.026322,32.870169],[112.025209,32.868198],[112.02729,32.867984],[112.027658,32.868164],[112.028012,32.868477],[112.02835,32.868907],[112.028728,32.869292],[112.029921,32.870119],[112.030176,32.870338],[112.030436,32.871306],[112.0306,32.871586],[112.030849,32.871899],[112.031142,32.872077],[112.031378,32.872282],[112.032563,32.87303],[112.033172,32.873314],[112.033282,32.873591],[112.033288,32.873942],[112.033478,32.874199],[112.033907,32.874546],[112.034183,32.875098],[112.034543,32.875309],[112.034993,32.875415],[112.035331,32.875571],[112.036056,32.876152],[112.03642,32.87612],[112.036839,32.876024],[112.037228,32.875737],[112.038226,32.875091],[112.039607,32.874372],[112.039867,32.873947],[112.039553,32.872602],[112.039695,32.871212],[112.041222,32.871309],[112.042093,32.871439],[112.042488,32.871649],[112.043531,32.872408],[112.044537,32.873048],[112.04473,32.873679],[112.044641,32.874251],[112.044,32.875145],[112.043842,32.875451],[112.043727,32.875735],[112.043676,32.876042],[112.043708,32.876364],[112.043788,32.876652],[112.043944,32.877033],[112.044491,32.877945],[112.044716,32.878242],[112.04554,32.878857],[112.045862,32.879152],[112.046122,32.879427],[112.046286,32.879713],[112.04628,32.880137],[112.046076,32.880977],[112.046055,32.881346],[112.0461,32.88172],[112.046669,32.882304],[112.047538,32.883029],[112.049775,32.884329],[112.050942,32.884957],[112.051532,32.885189],[112.052146,32.885302],[112.05346,32.88529],[112.055612,32.885178],[112.057787,32.884995],[112.061303,32.884588],[112.062475,32.884412],[112.064117,32.88395],[112.064787,32.883946],[112.065477,32.884097],[112.06593,32.882811],[112.063041,32.882216],[112.063033,32.881858],[112.066088,32.882324],[112.067931,32.882513],[112.06854,32.882615],[112.068572,32.88229],[112.069302,32.880004],[112.070458,32.880308],[112.070608,32.879878],[112.069433,32.879603],[112.069524,32.879326],[112.07072,32.879578],[112.071461,32.87738],[112.07024,32.87708],[112.070643,32.875859],[112.069626,32.875742],[112.068948,32.875593],[112.06928,32.874744],[112.069369,32.874679],[112.069417,32.874559],[112.069487,32.874248],[112.069382,32.873989],[112.069731,32.87275],[112.07002,32.872755],[112.070581,32.870518],[112.069125,32.870308],[112.068084,32.870221],[112.067601,32.870124],[112.068025,32.868339],[112.066796,32.868092],[112.06689,32.867301],[112.067236,32.867202],[112.067338,32.867089],[112.067419,32.866826],[112.067668,32.865537],[112.066619,32.865514],[112.064986,32.86519],[112.064275,32.865165],[112.064635,32.863597],[112.063808,32.863451],[112.063307,32.864791],[112.063377,32.864897],[112.063398,32.865253],[112.061934,32.864987],[112.062057,32.864498],[112.062162,32.864219],[112.062542,32.863678],[112.062768,32.863268],[112.063103,32.86257],[112.063186,32.862121],[112.063328,32.861849],[112.063071,32.861808],[112.062095,32.861524],[112.062424,32.860556],[112.062599,32.86058],[112.062698,32.8601],[112.062846,32.859589],[112.061907,32.859431],[112.061271,32.859436],[112.061094,32.859328],[112.061099,32.858807],[112.058602,32.858683],[112.0586,32.858492],[112.057516,32.858559],[112.057454,32.857719],[112.057441,32.856342],[112.057492,32.855898],[112.057832,32.855243],[112.058031,32.853668],[112.058229,32.853377],[112.058514,32.853122],[112.058932,32.852872],[112.059866,32.852679],[112.060314,32.852719],[112.060775,32.852843],[112.061993,32.853433],[112.062953,32.853652],[112.064345,32.854154],[112.065007,32.85435],[112.065547,32.854366],[112.065842,32.854436],[112.066408,32.854952],[112.066877,32.855184],[112.067655,32.855502],[112.068615,32.855592],[112.069522,32.85518],[112.070047,32.855004],[112.070707,32.854862],[112.071112,32.854844],[112.071718,32.854873],[112.071976,32.85493],[112.072054,32.854981],[112.072029,32.855281],[112.07222,32.855362],[112.072164,32.855772],[112.072147,32.856453],[112.072501,32.856482],[112.072703,32.85632],[112.073041,32.856158],[112.073218,32.856128],[112.073389,32.856148],[112.073271,32.856374],[112.073116,32.856446],[112.073049,32.856554],[112.073057,32.856689],[112.073196,32.856883],[112.073175,32.856978],[112.073089,32.857093],[112.073116,32.857198],[112.073271,32.857388],[112.073287,32.857476],[112.073234,32.8578],[112.07303,32.858508],[112.073942,32.859023],[112.074548,32.859298],[112.07462,32.859129],[112.074827,32.858893],[112.075033,32.857897],[112.074535,32.857814],[112.0748,32.856637],[112.075098,32.856685],[112.075025,32.857158],[112.075605,32.857255],[112.075822,32.856142],[112.075599,32.856083],[112.075728,32.854981],[112.075819,32.854569],[112.075787,32.854283],[112.075849,32.85397],[112.075919,32.853282],[112.075886,32.852559],[112.075546,32.852327],[112.075353,32.852054],[112.07516,32.851604],[112.075125,32.851248],[112.075211,32.850903],[112.075366,32.850601],[112.07554,32.850459],[112.076139,32.850146],[112.076527,32.849743],[112.073261,32.848706],[112.073523,32.848129],[112.072147,32.847645],[112.072646,32.847235],[112.071273,32.846646],[112.071667,32.84588],[112.071176,32.845666],[112.069564,32.84511],[112.069623,32.844968],[112.07082,32.845414],[112.071217,32.844704],[112.068988,32.843902],[112.069489,32.842908],[112.068009,32.842243],[112.067325,32.841901],[112.067633,32.841477],[112.068143,32.840587],[112.070106,32.841657],[112.070173,32.841475],[112.070197,32.841245],[112.06836,32.840294],[112.068636,32.839974],[112.069302,32.839338],[112.069878,32.838588],[112.070265,32.838072],[112.071235,32.836537],[112.075111,32.838018],[112.075275,32.838119],[112.075382,32.837959],[112.075412,32.837887],[112.071391,32.836217],[112.07163,32.835805],[112.075624,32.837463],[112.076155,32.836141],[112.072346,32.834565],[112.072692,32.833941],[112.070879,32.833028],[112.072056,32.831856],[112.070366,32.831034],[112.070616,32.830369],[112.06799,32.82995],[112.068414,32.828906],[112.067234,32.82866],[112.066064,32.830206],[112.063725,32.829273],[112.063607,32.829449],[112.062312,32.829012],[112.061641,32.828699],[112.060354,32.830641],[112.06092,32.830874],[112.060558,32.831248],[112.059198,32.830378],[112.059029,32.83056],[112.060429,32.831405],[112.059093,32.83281],[112.057784,32.83194],[112.05761,32.832129],[112.058927,32.833001],[112.058125,32.833909],[112.057537,32.834784],[112.058423,32.835582],[112.057417,32.836819],[112.05776,32.837049],[112.056875,32.838518],[112.057143,32.838617],[112.055469,32.841369],[112.055368,32.841412],[112.054643,32.84271],[112.054485,32.843127],[112.055164,32.843341],[112.055008,32.843512],[112.053388,32.843154],[112.05301,32.843097],[112.052959,32.842719],[112.052294,32.842581],[112.051017,32.842243],[112.050489,32.842065],[112.05106,32.841175],[112.049561,32.840695],[112.047973,32.84024],[112.047801,32.840693],[112.045709,32.840107],[112.04584,32.839694],[112.045028,32.839368],[112.044899,32.837905],[112.044762,32.83756],[112.044633,32.837335],[112.044295,32.8369],[112.043847,32.837648],[112.043467,32.837502],[112.042198,32.836918],[112.041484,32.837907],[112.041087,32.837714],[112.041608,32.837125],[112.04201,32.836726],[112.043005,32.835435],[112.04337,32.835079],[112.04458,32.833402],[112.045384,32.832009],[112.043131,32.83127],[112.043402,32.830937],[112.039628,32.829663],[112.039985,32.828696],[112.039081,32.828539],[112.039419,32.827439],[112.038915,32.827337],[112.038609,32.828446],[112.036678,32.827975],[112.036434,32.828363],[112.036249,32.828304],[112.037212,32.825268],[112.035205,32.825503],[112.03505,32.824953],[112.034696,32.824527],[112.034393,32.824279],[112.034369,32.82507],[112.032064,32.825056],[112.031979,32.825899],[112.031697,32.825902],[112.031796,32.823938],[112.03141,32.823934],[112.031547,32.82243],[112.031123,32.822406],[112.031026,32.823515],[112.0302,32.823497],[112.030294,32.822349],[112.030187,32.822329],[112.030072,32.823488],[112.029026,32.823632],[112.027422,32.823738],[112.027395,32.821757],[112.026593,32.821729],[112.026579,32.823654],[112.024865,32.823688],[112.024865,32.821709],[112.024249,32.821696],[112.02434,32.823717],[112.02324,32.823693],[112.023192,32.821675],[112.021904,32.821454],[112.021877,32.822034],[112.020445,32.822079],[112.020413,32.82074],[112.019866,32.820729],[112.019882,32.818718],[112.018428,32.818569],[112.018345,32.817433],[112.019506,32.817388],[112.018892,32.814074],[112.018383,32.814401],[112.017825,32.814566],[112.017358,32.81462],[112.01764,32.817467],[112.015655,32.817553],[112.017326,32.814386],[112.017181,32.813202],[112.012541,32.814036],[112.012798,32.817021],[112.012959,32.817424],[112.007927,32.817469],[112.007812,32.81677],[112.006959,32.816885],[112.00661,32.815411],[112.005446,32.815641],[112.005677,32.817275],[112.004097,32.817316],[112.002338,32.817614],[112.001882,32.817614],[112.001833,32.816356],[112.001447,32.816453],[112.001058,32.814764],[112.000557,32.814924],[112.000801,32.816455],[112.00046,32.816457],[112.000253,32.815037],[112.000036,32.814045],[111.999763,32.814052],[111.999207,32.811791],[111.996828,32.812357],[111.993991,32.813317],[111.994546,32.814978]]]}},{"type":"Feature","properties":{"regionCode":"411381112","sourceCode":"411381112000","name":"刘集镇","sourceName":"刘集镇","parentCode":"411381","parentName":"邓州市","regionLevel":"township","regionType":"town","isManagementZone":false,"source":"ruiduobao","sourceVersion":"mixed-legacy~2018-2020","geometryRepaired":false,"match2020":true,"match2023":true},"geometry":{"type":"Polygon","coordinates":[[[112.2471,32.501388],[112.247108,32.501354],[112.249002,32.50187],[112.248792,32.503582],[112.250691,32.503765],[112.25119,32.503609],[112.251874,32.50351],[112.25185,32.5037],[112.251885,32.505417],[112.252212,32.50536],[112.253363,32.505258],[112.254956,32.50515],[112.255055,32.506011],[112.255683,32.505973],[112.255678,32.505815],[112.256968,32.505765],[112.256901,32.504582],[112.257311,32.504514],[112.257778,32.5045],[112.257697,32.503317],[112.257716,32.502811],[112.257877,32.502822],[112.257831,32.50094],[112.254983,32.500895],[112.254994,32.500415],[112.253508,32.500404],[112.253669,32.498904],[112.254111,32.498893],[112.254256,32.497001],[112.253218,32.497119],[112.252419,32.497078],[112.252773,32.495126],[112.253513,32.495502],[112.253969,32.495626],[112.254634,32.495696],[112.255999,32.495739],[112.256225,32.494011],[112.257086,32.494013],[112.256724,32.495712],[112.257177,32.495671],[112.257898,32.495158],[112.2584,32.495026],[112.258438,32.494015],[112.259012,32.494017],[112.258899,32.495153],[112.25994,32.495474],[112.26032,32.495506],[112.260675,32.495474],[112.261305,32.495361],[112.26278,32.493126],[112.263126,32.491651],[112.264148,32.490072],[112.265658,32.489509],[112.266629,32.489072],[112.269896,32.486877],[112.270969,32.487013],[112.271712,32.486712],[112.272023,32.486142],[112.272012,32.485599],[112.271731,32.484952],[112.271693,32.483303],[112.272683,32.483325],[112.272691,32.4829],[112.271835,32.482841],[112.2718,32.482094],[112.272865,32.481735],[112.273367,32.481628],[112.273831,32.481802],[112.274351,32.481687],[112.27485,32.48185],[112.276746,32.481981],[112.278991,32.481848],[112.281201,32.481821],[112.281636,32.481757],[112.281987,32.481572],[112.282237,32.481314],[112.282484,32.48097],[112.282553,32.48044],[112.2824,32.479918],[112.282379,32.47956],[112.282454,32.478746],[112.282567,32.478436],[112.282803,32.47785],[112.283202,32.477304],[112.283546,32.477071],[112.28438,32.476754],[112.28449,32.476282],[112.284519,32.475865],[112.284667,32.474994],[112.284932,32.474261],[112.285134,32.473926],[112.284439,32.473408],[112.284852,32.472577],[112.283838,32.471994],[112.283878,32.470443],[112.284165,32.46706],[112.284353,32.46525],[112.284737,32.4646],[112.285721,32.464698],[112.286134,32.463125],[112.286408,32.462525],[112.286483,32.462195],[112.286263,32.461529],[112.285949,32.460364],[112.285399,32.457958],[112.286552,32.455421],[112.287875,32.454828],[112.288036,32.45445],[112.288266,32.453493],[112.288242,32.451841],[112.288323,32.451064],[112.288618,32.450546],[112.289549,32.449555],[112.289634,32.449192],[112.289629,32.44878],[112.289532,32.44847],[112.289042,32.448192],[112.287757,32.447662],[112.287188,32.447321],[112.28692,32.446691],[112.286882,32.446252],[112.286992,32.44527],[112.287041,32.444367],[112.286909,32.443749],[112.28666,32.44326],[112.28593,32.442234],[112.286169,32.441899],[112.285903,32.441399],[112.285531,32.441044],[112.282586,32.438886],[112.280024,32.437071],[112.276931,32.434812],[112.276124,32.434368],[112.275783,32.434087],[112.275376,32.434022],[112.273351,32.433847],[112.27154,32.433754],[112.270475,32.43375],[112.270084,32.433777],[112.269287,32.433727],[112.261072,32.433093],[112.261627,32.429419],[112.260736,32.428989],[112.260819,32.428267],[112.260707,32.427945],[112.256879,32.4273],[112.256812,32.426938],[112.256801,32.426111],[112.257005,32.423168],[112.256885,32.422095],[112.254927,32.421957],[112.253744,32.421907],[112.252451,32.421778],[112.252408,32.420968],[112.252778,32.419106],[112.2527,32.417816],[112.25248,32.417327],[112.251402,32.41646],[112.252955,32.411978],[112.250504,32.411915],[112.243004,32.412153],[112.243229,32.411487],[112.239383,32.410794],[112.23919,32.412447],[112.238938,32.413967],[112.237473,32.413885],[112.236682,32.413763],[112.235363,32.413704],[112.234805,32.4136],[112.232232,32.413371],[112.232173,32.412975],[112.232238,32.411942],[112.229633,32.411938],[112.23025,32.41031],[112.226828,32.409322],[112.221815,32.407805],[112.222558,32.405665],[112.220653,32.405298],[112.218416,32.404793],[112.218151,32.40463],[112.218977,32.403731],[112.219283,32.403324],[112.219723,32.402656],[112.220348,32.401492],[112.222437,32.398185],[112.223314,32.395925],[112.223515,32.395259],[112.223649,32.394605],[112.223655,32.393853],[112.223475,32.392328],[112.223231,32.390675],[112.223177,32.389993],[112.222815,32.388483],[112.221855,32.388383],[112.221933,32.389216],[112.221823,32.389552],[112.221466,32.389789],[112.220471,32.389993],[112.219527,32.390043],[112.218969,32.390007],[112.218698,32.389719],[112.218797,32.38933],[112.21921,32.388483],[112.219183,32.388179],[112.218014,32.388125],[112.217107,32.388209],[112.216102,32.388387],[112.215656,32.388514],[112.215369,32.388643],[112.214664,32.389042],[112.214447,32.389264],[112.214063,32.38983],[112.213731,32.389925],[112.212768,32.38986],[112.212317,32.389919],[112.211848,32.390143],[112.211201,32.390725],[112.210847,32.390847],[112.210372,32.390802],[112.209978,32.390829],[112.209318,32.391047],[112.208575,32.391359],[112.20783,32.39161],[112.206918,32.391778],[112.206676,32.391925],[112.206148,32.392462],[112.205335,32.392736],[112.204539,32.393239],[112.203557,32.392304],[112.203474,32.391885],[112.203452,32.391275],[112.203321,32.390743],[112.202776,32.389984],[112.20239,32.389597],[112.20121,32.388272],[112.200649,32.387448],[112.200319,32.386893],[112.200067,32.386338],[112.199756,32.385919],[112.199386,32.385683],[112.198697,32.385547],[112.197396,32.385429],[112.19683,32.385513],[112.196253,32.385726],[112.195615,32.38603],[112.195215,32.386546],[112.195247,32.387072],[112.195615,32.387846],[112.195736,32.388233],[112.195789,32.388791],[112.195628,32.389402],[112.195376,32.389937],[112.195014,32.390401],[112.194995,32.391289],[112.194531,32.393058],[112.194475,32.393604],[112.194158,32.394831],[112.193807,32.394817],[112.193359,32.394718],[112.19274,32.394632],[112.190725,32.394711],[112.190213,32.394686],[112.189679,32.3946],[112.188864,32.394303],[112.187659,32.393576],[112.186986,32.393348],[112.185736,32.393042],[112.184234,32.393049],[112.183625,32.392867],[112.182831,32.392356],[112.182075,32.391721],[112.181343,32.391812],[112.181016,32.391701],[112.180345,32.391389],[112.179967,32.391119],[112.179771,32.3907],[112.179736,32.390344],[112.179546,32.39005],[112.179194,32.38993],[112.178095,32.390061],[112.177733,32.390032],[112.177408,32.389946],[112.177124,32.389724],[112.176885,32.389434],[112.176595,32.389269],[112.176198,32.389117],[112.17596,32.388888],[112.175694,32.388519],[112.1753,32.388351],[112.174965,32.388401],[112.174302,32.388643],[112.173927,32.388569],[112.17354,32.388376],[112.17313,32.38848],[112.172618,32.388745],[112.172159,32.388668],[112.1717,32.388437],[112.17114,32.388299],[112.170713,32.388113],[112.170209,32.388009],[112.16989,32.387769],[112.169576,32.387694],[112.16879,32.387665],[112.167953,32.387352],[112.166832,32.387198],[112.16651,32.387636],[112.166419,32.387928],[112.166475,32.388333],[112.166449,32.38877],[112.166322,32.38925],[112.166317,32.389645],[112.166416,32.389912],[112.166789,32.390014],[112.167208,32.389977],[112.167838,32.390052],[112.16824,32.390258],[112.168533,32.390596],[112.169056,32.391334],[112.169158,32.391787],[112.169206,32.392498],[112.169128,32.393108],[112.169324,32.39342],[112.169721,32.393456],[112.170335,32.393286],[112.1707,32.393275],[112.171266,32.393348],[112.171987,32.39364],[112.172813,32.394231],[112.172993,32.394607],[112.173023,32.394965],[112.172953,32.395372],[112.172685,32.396124],[112.172218,32.396874],[112.171993,32.397168],[112.171564,32.397295],[112.171081,32.397304],[112.170673,32.397528],[112.170424,32.398058],[112.170386,32.398396],[112.170601,32.39867],[112.17118,32.39915],[112.171518,32.399669],[112.171555,32.400081],[112.171389,32.400491],[112.170606,32.400611],[112.169251,32.400543],[112.168297,32.400423],[112.167854,32.40028],[112.166977,32.400128],[112.16614,32.400443],[112.165915,32.400719],[112.165652,32.401127],[112.165435,32.401938],[112.165515,32.402246],[112.165689,32.402517],[112.166384,32.403111],[112.16654,32.403385],[112.166269,32.404227],[112.166403,32.404583],[112.166379,32.405688],[112.166457,32.407035],[112.166451,32.407986],[112.166725,32.408398],[112.167433,32.408912],[112.168106,32.409295],[112.168318,32.409503],[112.16839,32.409907],[112.168176,32.410393],[112.167846,32.410624],[112.167454,32.410608],[112.167165,32.410421],[112.166719,32.409907],[112.166349,32.409261],[112.165866,32.408749],[112.165577,32.408623],[112.165099,32.408577],[112.164509,32.408648],[112.164187,32.408731],[112.163866,32.408994],[112.163375,32.409633],[112.16308,32.41023],[112.162991,32.410717],[112.162997,32.41117],[112.163058,32.41151],[112.163013,32.411822],[112.160644,32.412542],[112.158541,32.413373],[112.158139,32.413296],[112.15779,32.412886],[112.157533,32.412241],[112.157259,32.411775],[112.156605,32.411279],[112.155991,32.411009],[112.155339,32.410772],[112.154899,32.410679],[112.154328,32.410667],[112.154022,32.41076],[112.153912,32.411043],[112.153957,32.411562],[112.154167,32.412635],[112.153786,32.412957],[112.152767,32.412592],[112.151788,32.412148],[112.150798,32.411573],[112.150398,32.411505],[112.149843,32.411836],[112.149178,32.412511],[112.14851,32.413054],[112.148019,32.41329],[112.147327,32.413539],[112.146694,32.413616],[112.146045,32.413559],[112.145584,32.41345],[112.145181,32.413301],[112.1448,32.413376],[112.144468,32.41376],[112.144071,32.413602],[112.143419,32.412757],[112.143148,32.412502],[112.14288,32.412325],[112.142091,32.411831],[112.141303,32.411433],[112.140673,32.411245],[112.14027,32.41107],[112.13998,32.410878],[112.139747,32.410541],[112.139761,32.410024],[112.139533,32.409474],[112.139388,32.40944],[112.138631,32.409508],[112.13821,32.409725],[112.13821,32.409834],[112.138159,32.409897],[112.137845,32.409918],[112.137773,32.409984],[112.137735,32.410076],[112.137738,32.410255],[112.137647,32.410378],[112.137355,32.410382],[112.136947,32.41045],[112.137398,32.411143],[112.137961,32.41158],[112.138637,32.411924],[112.139036,32.412232],[112.138642,32.412499],[112.138422,32.412687],[112.138344,32.412841],[112.138309,32.413034],[112.13832,32.413423],[112.13828,32.414127],[112.137808,32.414132],[112.136105,32.413969],[112.134916,32.413921],[112.134359,32.413804],[112.133884,32.41643],[112.133763,32.416835],[112.133793,32.417044],[112.133768,32.417275],[112.136649,32.417454],[112.136512,32.417918],[112.13673,32.417977],[112.136553,32.418649],[112.136899,32.4189],[112.137481,32.419018],[112.137813,32.419149],[112.138025,32.419312],[112.138309,32.419657],[112.138918,32.419251],[112.13901,32.419077],[112.139278,32.419247],[112.139495,32.419457],[112.139543,32.419541],[112.139565,32.419677],[112.13953,32.419804],[112.13957,32.41991],[112.14031,32.420594],[112.140718,32.420209],[112.142035,32.420198],[112.14292,32.420268],[112.143044,32.4203],[112.142555,32.42075],[112.143164,32.421273],[112.143797,32.420881],[112.144159,32.421307],[112.143754,32.421583],[112.143921,32.421866],[112.144803,32.421667],[112.145262,32.421597],[112.145366,32.421592],[112.145447,32.421665],[112.145495,32.421982],[112.146335,32.423211],[112.14619,32.424198],[112.146117,32.424456],[112.145908,32.426478],[112.145884,32.427031],[112.145822,32.427418],[112.145613,32.428278],[112.146466,32.428278],[112.146466,32.427502],[112.147713,32.427454],[112.147735,32.428339],[112.148319,32.428319],[112.148309,32.428858],[112.14917,32.428749],[112.149119,32.429406],[112.149433,32.429419],[112.149293,32.430141],[112.149505,32.430284],[112.15017,32.43047],[112.150551,32.428541],[112.152053,32.428625],[112.151624,32.430295],[112.152928,32.430626],[112.153196,32.430162],[112.153263,32.429546],[112.153625,32.429548],[112.153536,32.430137],[112.1541,32.430284],[112.153917,32.430936],[112.15458,32.431065],[112.154521,32.431577],[112.15433,32.431563],[112.154253,32.431995],[112.156012,32.43241],[112.155964,32.432731],[112.156066,32.432865],[112.156036,32.433275],[112.155824,32.434961],[112.156747,32.434975],[112.15723,32.434891],[112.157206,32.435147],[112.156884,32.436279],[112.166135,32.438026],[112.165714,32.439242],[112.168554,32.439867],[112.168685,32.439303],[112.169383,32.439441],[112.171301,32.439923],[112.171175,32.440423],[112.17732,32.441732],[112.176888,32.442823],[112.178358,32.44316],[112.179417,32.443323],[112.179369,32.443588],[112.179181,32.444088],[112.178937,32.444387],[112.178698,32.445231],[112.179425,32.445415],[112.179216,32.445919],[112.181638,32.446365],[112.183451,32.446483],[112.18252,32.449373],[112.181356,32.44929],[112.180922,32.450858],[112.180388,32.452603],[112.176982,32.452148],[112.176842,32.452716],[112.17678,32.453362],[112.176625,32.453955],[112.175651,32.453651],[112.173779,32.453199],[112.172328,32.455113],[112.171754,32.455229],[112.170456,32.455211],[112.170027,32.455143],[112.169455,32.454982],[112.169378,32.455722],[112.169394,32.456376],[112.169487,32.456992],[112.168077,32.45775],[112.168077,32.458402],[112.167543,32.460038],[112.166859,32.461744],[112.165606,32.461023],[112.165478,32.46098],[112.16537,32.461161],[112.164901,32.462365],[112.163809,32.462172],[112.162766,32.461883],[112.162645,32.462186],[112.160888,32.461717],[112.16066,32.462188],[112.160129,32.463494],[112.159011,32.463159],[112.159746,32.46136],[112.158826,32.461059],[112.158394,32.46078],[112.157546,32.460577],[112.157249,32.460464],[112.156835,32.460398],[112.156538,32.460278],[112.155671,32.460819],[112.155173,32.460839],[112.154961,32.461222],[112.154427,32.461835],[112.154306,32.462127],[112.154135,32.462799],[112.154051,32.462937],[112.152858,32.463994],[112.152598,32.464354],[112.152399,32.464546],[112.152244,32.464585],[112.152024,32.464512],[112.151932,32.464444],[112.152123,32.46415],[112.151635,32.463922],[112.151471,32.463876],[112.151369,32.463915],[112.151085,32.464424],[112.150784,32.464616],[112.150758,32.464745],[112.149636,32.466563],[112.149226,32.466413],[112.148872,32.466877],[112.149242,32.467158],[112.149484,32.467312],[112.149607,32.46735],[112.150074,32.467303],[112.151138,32.46757],[112.149097,32.470925],[112.148813,32.470826],[112.148724,32.470744],[112.148657,32.470575],[112.148534,32.470443],[112.147695,32.47024],[112.147035,32.469957],[112.146729,32.469742],[112.146579,32.469563],[112.14652,32.469384],[112.146552,32.469212],[112.146514,32.469097],[112.146176,32.468902],[112.145399,32.470118],[112.144253,32.46947],[112.143939,32.469584],[112.143827,32.469887],[112.143663,32.470093],[112.143459,32.470437],[112.143328,32.470496],[112.143011,32.470421],[112.142896,32.470523],[112.142526,32.471217],[112.141531,32.470815],[112.14034,32.472641],[112.141512,32.473206],[112.140576,32.474467],[112.141418,32.474788],[112.140766,32.475834],[112.141869,32.476257],[112.142185,32.475797],[112.142869,32.476078],[112.142617,32.476549],[112.143105,32.476739],[112.14417,32.476994],[112.145844,32.477519],[112.146166,32.477046],[112.14671,32.477302],[112.147619,32.47761],[112.150296,32.478123],[112.151004,32.476576],[112.152879,32.477239],[112.152431,32.477951],[112.153491,32.478409],[112.153386,32.478621],[112.154526,32.47904],[112.158214,32.479979],[112.158772,32.477949],[112.158761,32.477888],[112.158804,32.477739],[112.159059,32.477822],[112.15996,32.475587],[112.160325,32.474537],[112.162967,32.475431],[112.163064,32.475569],[112.163141,32.475619],[112.164102,32.475947],[112.164662,32.474743],[112.16662,32.47537],[112.170815,32.476816],[112.17041,32.47818],[112.169386,32.481323],[112.166518,32.480348],[112.165858,32.482058],[112.16628,32.482192],[112.166706,32.482278],[112.167216,32.482334],[112.168278,32.482226],[112.168688,32.482144],[112.168978,32.482033],[112.169638,32.481934],[112.16879,32.483386],[112.168474,32.484149],[112.168522,32.4874],[112.168452,32.487742],[112.168313,32.489031],[112.168125,32.489649],[112.167908,32.491319],[112.167747,32.495836],[112.166631,32.495782],[112.166331,32.497954],[112.167875,32.498632],[112.167706,32.500064],[112.167124,32.503544],[112.16684,32.504534],[112.165003,32.504227],[112.16507,32.505493],[112.165185,32.506801],[112.16526,32.506939],[112.165402,32.507066],[112.165563,32.507113],[112.165706,32.50679],[112.16658,32.506885],[112.166352,32.510639],[112.166918,32.510648],[112.167017,32.50956],[112.169182,32.509938],[112.168997,32.510479],[112.170601,32.511105],[112.169496,32.514261],[112.170566,32.514647],[112.170981,32.513991],[112.171816,32.514283],[112.171427,32.515106],[112.17287,32.515568],[112.17372,32.513957],[112.174128,32.513372],[112.174723,32.513591],[112.175662,32.513872],[112.175206,32.514858],[112.177716,32.515059],[112.178395,32.515161],[112.178162,32.516115],[112.179302,32.51621],[112.178859,32.518128],[112.177813,32.517929],[112.177633,32.519607],[112.175941,32.519481],[112.17582,32.520191],[112.174487,32.520114],[112.174447,32.520284],[112.174431,32.520614],[112.17427,32.521362],[112.17431,32.521643],[112.174037,32.522941],[112.173948,32.52323],[112.173792,32.524246],[112.173857,32.524578],[112.174128,32.525234],[112.172819,32.528237],[112.174535,32.528875],[112.175635,32.529375],[112.176027,32.528701],[112.176563,32.528891],[112.17527,32.530793],[112.176434,32.531304],[112.177014,32.531638],[112.177134,32.531724],[112.17737,32.532034],[112.178234,32.531283],[112.178631,32.531557],[112.177894,32.532428],[112.178468,32.53269],[112.177655,32.533432],[112.177121,32.533013],[112.176166,32.53432],[112.17526,32.533891],[112.172883,32.537118],[112.175764,32.538217],[112.175791,32.538397],[112.177062,32.538927],[112.176523,32.53996],[112.17957,32.540986],[112.180034,32.540315],[112.180544,32.540491],[112.179798,32.541653],[112.181592,32.542284],[112.183486,32.542712],[112.184036,32.541988],[112.184237,32.541378],[112.184653,32.540482],[112.18495,32.539512],[112.185527,32.538678],[112.186058,32.538318],[112.187445,32.536853],[112.187984,32.537054],[112.188317,32.537466],[112.188668,32.537527],[112.189111,32.537269],[112.189856,32.536464],[112.191431,32.537346],[112.191782,32.5366],[112.190377,32.535865],[112.191484,32.534287],[112.192281,32.532891],[112.193027,32.532961],[112.19352,32.532674],[112.193756,32.532079],[112.193531,32.531557],[112.192589,32.531026],[112.192225,32.530612],[112.192222,32.5303],[112.192412,32.529972],[112.194641,32.528984],[112.195003,32.528597],[112.195956,32.527075],[112.19705,32.525901],[112.199139,32.523484],[112.2,32.522681],[112.200392,32.522378],[112.202149,32.520616],[112.20349,32.519677],[112.207274,32.517461],[112.210045,32.515713],[112.211394,32.514907],[112.213331,32.513659],[112.214044,32.513392],[112.214473,32.513541],[112.214712,32.514166],[112.215053,32.514505],[112.216295,32.514928],[112.217346,32.515134],[112.218365,32.515106],[112.219382,32.514819],[112.221074,32.515358],[112.22164,32.515335],[112.222147,32.514885],[112.222614,32.51422],[112.222703,32.513381],[112.22293,32.51284],[112.223325,32.512557],[112.224376,32.512236],[112.224883,32.511994],[112.225556,32.511831],[112.225986,32.511922],[112.226122,32.512089],[112.226189,32.512709],[112.226286,32.512797],[112.226482,32.512894],[112.226742,32.512919],[112.226146,32.511178],[112.225503,32.511318],[112.225452,32.511178],[112.224811,32.511372],[112.224304,32.510151],[112.225342,32.509481],[112.227249,32.508108],[112.227756,32.507787],[112.227107,32.506713],[112.228845,32.506095],[112.227724,32.503415],[112.227434,32.503652],[112.22727,32.503394],[112.226125,32.502134],[112.224516,32.500795],[112.223974,32.500155],[112.224052,32.500044],[112.223821,32.499128],[112.223121,32.49766],[112.223641,32.497646],[112.224237,32.497793],[112.224046,32.497096],[112.225779,32.496961],[112.22565,32.495088],[112.226165,32.495051],[112.226026,32.494235],[112.228783,32.494036],[112.228963,32.494407],[112.229008,32.494599],[112.228987,32.494855],[112.231202,32.494821],[112.231323,32.496888],[112.231624,32.496945],[112.231742,32.498397],[112.234791,32.498243],[112.234778,32.498614],[112.235049,32.498664],[112.234949,32.500053],[112.235145,32.500067],[112.235186,32.500114],[112.236266,32.501922],[112.23695,32.501616],[112.236559,32.500293],[112.237302,32.500035],[112.23779,32.499969],[112.238849,32.500162],[112.238627,32.501295],[112.240062,32.501499],[112.241312,32.502213],[112.242559,32.502772],[112.2436,32.502967],[112.244211,32.503175],[112.245635,32.503462],[112.24633,32.503222],[112.246534,32.502804],[112.24648,32.502492],[112.245944,32.50172],[112.246952,32.502005],[112.2471,32.501388]]]}},{"type":"Feature","properties":{"regionCode":"411381113","sourceCode":"411381113000","name":"桑庄镇","sourceName":"桑庄镇","parentCode":"411381","parentName":"邓州市","regionLevel":"township","regionType":"town","isManagementZone":false,"source":"ruiduobao","sourceVersion":"mixed-legacy~2018-2020","geometryRepaired":false,"match2020":true,"match2023":true},"geometry":{"type":"Polygon","coordinates":[[[112.27901,32.561913],[112.278825,32.56175],[112.278753,32.561538],[112.278664,32.560789],[112.27728,32.561092],[112.276773,32.561086],[112.276596,32.56114],[112.276363,32.561538],[112.276084,32.561807],[112.27614,32.562033],[112.27595,32.562234],[112.275679,32.562322],[112.274716,32.562295],[112.27422,32.562168],[112.273533,32.561879],[112.273343,32.561569],[112.271328,32.56192],[112.271197,32.560731],[112.270829,32.560814],[112.27003,32.561237],[112.270132,32.563088],[112.269164,32.563213],[112.26878,32.563292],[112.267675,32.563387],[112.267616,32.56331],[112.266806,32.563269],[112.266302,32.563201],[112.26454,32.563154],[112.264507,32.563819],[112.264454,32.564056],[112.263891,32.564065],[112.263856,32.564682],[112.263201,32.56475],[112.260717,32.564644],[112.260852,32.56555],[112.260951,32.565851],[112.261037,32.565939],[112.261061,32.566934],[112.262372,32.566956],[112.262531,32.568588],[112.262356,32.5686],[112.262477,32.569605],[112.263807,32.56949],[112.263874,32.569996],[112.264403,32.569974],[112.26454,32.570858],[112.264108,32.571215],[112.264333,32.572383],[112.263351,32.572542],[112.263587,32.574305],[112.262681,32.574325],[112.26267,32.575442],[112.262442,32.575842],[112.262171,32.575715],[112.261758,32.575414],[112.261629,32.575408],[112.261423,32.575564],[112.26094,32.576197],[112.259004,32.576682],[112.258607,32.57673],[112.258521,32.576703],[112.25843,32.576529],[112.258175,32.576667],[112.256949,32.577932],[112.256555,32.577903],[112.256297,32.57661],[112.255393,32.576734],[112.253757,32.576707],[112.252118,32.576427],[112.251955,32.577094],[112.25177,32.577458],[112.248991,32.576271],[112.249224,32.575792],[112.247896,32.575392],[112.248065,32.574732],[112.248119,32.573868],[112.245689,32.573317],[112.24556,32.574547],[112.243613,32.574583],[112.243578,32.573511],[112.243688,32.573156],[112.243551,32.570892],[112.243634,32.570372],[112.243361,32.569361],[112.243516,32.568642],[112.242508,32.567806],[112.241084,32.567795],[112.241089,32.567259],[112.240689,32.567316],[112.240035,32.567553],[112.238758,32.567496],[112.238836,32.566739],[112.237819,32.566665],[112.237793,32.566848],[112.237377,32.566848],[112.237382,32.567352],[112.236103,32.567356],[112.235864,32.566149],[112.235481,32.566203],[112.235566,32.566439],[112.235454,32.566649],[112.234241,32.567361],[112.234628,32.566472],[112.232297,32.565998],[112.232519,32.565265],[112.230695,32.564933],[112.230647,32.567203],[112.228933,32.567189],[112.228939,32.567883],[112.227276,32.567892],[112.227624,32.566658],[112.226659,32.566687],[112.226613,32.566036],[112.22546,32.566088],[112.225599,32.567901],[112.223172,32.567915],[112.223008,32.566997],[112.222788,32.566018],[112.223842,32.56591],[112.223582,32.564574],[112.222622,32.564612],[112.222619,32.564788],[112.221638,32.564818],[112.221662,32.564345],[112.220632,32.564461],[112.22072,32.563927],[112.219878,32.563934],[112.219731,32.562641],[112.218687,32.562697],[112.218443,32.560563],[112.217746,32.560694],[112.217416,32.560552],[112.216896,32.560631],[112.216544,32.560719],[112.216322,32.559309],[112.216126,32.559313],[112.215978,32.558135],[112.213358,32.558436],[112.213304,32.558221],[112.213253,32.557701],[112.212816,32.551529],[112.212529,32.551423],[112.211628,32.551647],[112.2117,32.552004],[112.201183,32.556503],[112.200719,32.557283],[112.200349,32.55771],[112.199933,32.55797],[112.199582,32.558011],[112.199177,32.557968],[112.198552,32.557839],[112.197444,32.557667],[112.196079,32.558095],[112.196369,32.560098],[112.195459,32.561825],[112.191192,32.562177],[112.191224,32.562786],[112.190618,32.56284],[112.190653,32.563267],[112.187625,32.563746],[112.18711,32.563599],[112.186782,32.562413],[112.187241,32.562297],[112.186651,32.55986],[112.186047,32.559926],[112.186377,32.562507],[112.185758,32.562648],[112.185581,32.561131],[112.185567,32.560373],[112.184443,32.560988],[112.18388,32.561244],[112.18343,32.561395],[112.183403,32.56024],[112.179999,32.559614],[112.180439,32.558524],[112.180029,32.558436],[112.179471,32.557948],[112.178765,32.557882],[112.179245,32.556793],[112.179624,32.556888],[112.179937,32.556424],[112.18013,32.555985],[112.179543,32.5558],[112.178991,32.555705],[112.178757,32.556121],[112.177338,32.555579],[112.176327,32.555104],[112.175927,32.555836],[112.17424,32.555226],[112.174688,32.554412],[112.174442,32.554294],[112.17401,32.555065],[112.172341,32.554832],[112.172009,32.555924],[112.1707,32.555771],[112.17034,32.556919],[112.169579,32.556772],[112.169844,32.555902],[112.169973,32.55528],[112.170343,32.555183],[112.170743,32.553164],[112.17033,32.553214],[112.170391,32.552348],[112.169876,32.552289],[112.169345,32.5523],[112.169176,32.550085],[112.169402,32.54999],[112.169184,32.549587],[112.168248,32.549596],[112.167959,32.548414],[112.167422,32.548554],[112.166151,32.549061],[112.165652,32.54935],[112.165016,32.549809],[112.164638,32.549976],[112.163962,32.550191],[112.162629,32.550749],[112.162334,32.550815],[112.161857,32.550815],[112.161535,32.550636],[112.161218,32.550394],[112.160875,32.550248],[112.160639,32.550281],[112.160352,32.550453],[112.160258,32.550562],[112.160172,32.55074],[112.160145,32.55091],[112.159909,32.551217],[112.159665,32.551405],[112.159338,32.551403],[112.158085,32.550933],[112.157326,32.55086],[112.157141,32.550928],[112.157117,32.551075],[112.157136,32.551208],[112.157281,32.551382],[112.158101,32.551839],[112.158163,32.551959],[112.158123,32.552248],[112.158048,32.552334],[112.157916,32.552945],[112.157809,32.553169],[112.157597,32.553297],[112.157356,32.553345],[112.156929,32.553209],[112.156589,32.552904],[112.156186,32.55263],[112.155806,32.552655],[112.155653,32.552728],[112.15551,32.552949],[112.155494,32.553268],[112.155425,32.553469],[112.155248,32.553594],[112.154996,32.553616],[112.154738,32.553589],[112.154226,32.553401],[112.15389,32.55318],[112.153271,32.552897],[112.153054,32.552936],[112.152659,32.55316],[112.152402,32.553354],[112.152289,32.553494],[112.152091,32.554034],[112.152026,32.554138],[112.151667,32.554496],[112.151519,32.554828],[112.15146,32.555208],[112.151463,32.555343],[112.151648,32.555728],[112.151584,32.556128],[112.151235,32.556365],[112.15046,32.556519],[112.149701,32.557059],[112.149771,32.557527],[112.149738,32.557713],[112.151986,32.5584],[112.151761,32.55868],[112.151578,32.558979],[112.155253,32.559738],[112.157809,32.560141],[112.159995,32.560403],[112.159888,32.560984],[112.159915,32.561547],[112.159869,32.562103],[112.159891,32.562575],[112.158493,32.56244],[112.158507,32.56369],[112.156283,32.563568],[112.155865,32.565555],[112.155323,32.565487],[112.155044,32.56671],[112.154966,32.56763],[112.155223,32.568161],[112.155374,32.568704],[112.155489,32.568828],[112.155355,32.569703],[112.156388,32.569807],[112.156296,32.570426],[112.157686,32.571179],[112.157246,32.573254],[112.158579,32.573344],[112.158236,32.574872],[112.15812,32.575066],[112.155604,32.57539],[112.15535,32.576393],[112.155612,32.576429],[112.155406,32.577243],[112.155242,32.578321],[112.156575,32.57845],[112.156991,32.576578],[112.157831,32.576698],[112.157477,32.578638],[112.157262,32.580118],[112.152949,32.580023],[112.152984,32.581314],[112.152917,32.581729],[112.152946,32.582927],[112.152032,32.582943],[112.151967,32.583987],[112.14965,32.583974],[112.149744,32.586695],[112.148883,32.586869],[112.148829,32.588516],[112.147477,32.588595],[112.14741,32.590118],[112.147094,32.590114],[112.147064,32.591022],[112.146742,32.591056],[112.146488,32.591167],[112.145978,32.591474],[112.145476,32.591585],[112.144682,32.591599],[112.144108,32.591506],[112.143934,32.59152],[112.14358,32.59163],[112.143328,32.591655],[112.143111,32.59163],[112.143108,32.592833],[112.141276,32.592817],[112.141238,32.594057],[112.142172,32.594082],[112.141957,32.595409],[112.142271,32.595427],[112.142204,32.595632],[112.141904,32.597074],[112.142569,32.597207],[112.142373,32.598249],[112.138352,32.597662],[112.137446,32.600742],[112.139562,32.601087],[112.139423,32.601544],[112.141179,32.601715],[112.142019,32.601738],[112.142295,32.601919],[112.142344,32.602007],[112.144122,32.602093],[112.14413,32.602436],[112.14461,32.60247],[112.144589,32.602881],[112.146485,32.603033],[112.146479,32.603534],[112.146391,32.604605],[112.147284,32.604757],[112.148151,32.604947],[112.148167,32.605028],[112.148223,32.605046],[112.148652,32.605107],[112.149119,32.605161],[112.149226,32.604592],[112.150514,32.604732],[112.150707,32.603326],[112.150704,32.603067],[112.15377,32.603017],[112.154046,32.603058],[112.154354,32.603223],[112.156135,32.603186],[112.156135,32.603033],[112.157037,32.603028],[112.156991,32.603656],[112.157222,32.603848],[112.157463,32.60412],[112.157541,32.604251],[112.159563,32.604224],[112.159625,32.604969],[112.161419,32.604947],[112.161435,32.605066],[112.161385,32.605252],[112.161363,32.60578],[112.161629,32.605787],[112.161559,32.606601],[112.16309,32.607061],[112.1622,32.607893],[112.162932,32.608239],[112.163697,32.608521],[112.164048,32.608711],[112.164882,32.608761],[112.165754,32.608864],[112.165765,32.609156],[112.167146,32.609145],[112.167079,32.610184],[112.167116,32.611339],[112.166926,32.611323],[112.166931,32.611759],[112.165915,32.611847],[112.165837,32.613596],[112.165402,32.613641],[112.16492,32.615039],[112.16374,32.614987],[112.163007,32.614996],[112.162833,32.616327],[112.163404,32.616422],[112.163098,32.617678],[112.16194,32.61703],[112.16161,32.618652],[112.161409,32.618649],[112.161191,32.619804],[112.160261,32.619878],[112.159276,32.623269],[112.159558,32.62322],[112.159821,32.62315],[112.159888,32.623098],[112.160317,32.623007],[112.160743,32.62258],[112.161092,32.622325],[112.161213,32.622101],[112.161433,32.621824],[112.162173,32.621121],[112.161712,32.622318],[112.163345,32.622775],[112.163595,32.621964],[112.163753,32.621241],[112.165381,32.621647],[112.16547,32.621519],[112.166221,32.621647],[112.166964,32.621722],[112.167012,32.622436],[112.169396,32.623382],[112.169997,32.622549],[112.170276,32.622499],[112.171266,32.622693],[112.170469,32.625117],[112.170225,32.626104],[112.176566,32.627137],[112.177014,32.625725],[112.17391,32.625226],[112.174326,32.62277],[112.177314,32.623104],[112.177776,32.621467],[112.178296,32.621537],[112.178974,32.619282],[112.182955,32.619022],[112.182781,32.617673],[112.184309,32.617565],[112.184379,32.618959],[112.186262,32.618882],[112.18627,32.619045],[112.188223,32.618948],[112.188199,32.618369],[112.188915,32.618299],[112.188861,32.617402],[112.189293,32.617429],[112.190548,32.6171],[112.191066,32.617014],[112.190336,32.614764],[112.190309,32.614495],[112.190924,32.614768],[112.191731,32.61494],[112.191785,32.615037],[112.192453,32.615234],[112.192756,32.615263],[112.193909,32.615249],[112.1947,32.615202],[112.194754,32.616155],[112.195518,32.616085],[112.196275,32.620168],[112.196736,32.620014],[112.196787,32.620226],[112.196843,32.620326],[112.197012,32.621252],[112.197661,32.621458],[112.198099,32.621656],[112.199472,32.622124],[112.20055,32.622282],[112.200993,32.622269],[112.202511,32.622079],[112.202578,32.623136],[112.203393,32.623107],[112.203602,32.625108],[112.203839,32.626843],[112.205139,32.626624],[112.207199,32.626434],[112.209581,32.626324],[112.211298,32.626328],[112.213256,32.625942],[112.213304,32.6276],[112.213122,32.62779],[112.213089,32.628253],[112.214339,32.628302],[112.214377,32.627647],[112.216415,32.627566],[112.216533,32.625318],[112.218904,32.625052],[112.218867,32.62518],[112.218652,32.62839],[112.219932,32.628415],[112.219894,32.629183],[112.220581,32.62926],[112.220573,32.629504],[112.222179,32.62982],[112.224427,32.630353],[112.224116,32.631643],[112.225921,32.632127],[112.226058,32.632133],[112.226085,32.632099],[112.226181,32.631738],[112.227437,32.63212],[112.226645,32.633574],[112.226578,32.633827],[112.227962,32.633814],[112.228426,32.632007],[112.229419,32.632285],[112.229126,32.633202],[112.231326,32.633446],[112.231318,32.633568],[112.231497,32.63355],[112.231852,32.632018],[112.235695,32.632953],[112.235719,32.632533],[112.236519,32.632526],[112.236527,32.632307],[112.238383,32.63228],[112.23875,32.632987],[112.241636,32.632018],[112.242366,32.633428],[112.245705,32.632258],[112.246107,32.634087],[112.2471,32.633959],[112.247475,32.633992],[112.247508,32.634221],[112.248532,32.634209],[112.24854,32.63439],[112.249087,32.63439],[112.249173,32.634713],[112.250742,32.634706],[112.251011,32.634785],[112.251222,32.6349],[112.251308,32.634844],[112.251182,32.634731],[112.250925,32.634577],[112.250775,32.63427],[112.250646,32.633536],[112.248503,32.633294],[112.248245,32.630209],[112.247242,32.630209],[112.246378,32.630405],[112.244093,32.631142],[112.243803,32.630502],[112.243447,32.629427],[112.243474,32.629111],[112.243672,32.628872],[112.243557,32.628427],[112.242768,32.627645],[112.243203,32.627507],[112.242942,32.6268],[112.242808,32.626012],[112.242613,32.625433],[112.242779,32.625115],[112.243213,32.625095],[112.243554,32.626321],[112.246698,32.626077],[112.24674,32.624787],[112.247703,32.624607],[112.247819,32.624013],[112.247652,32.622885],[112.246191,32.623132],[112.245992,32.622427],[112.245735,32.621717],[112.24533,32.621695],[112.244584,32.621808],[112.244324,32.620863],[112.247982,32.619957],[112.249455,32.619671],[112.249868,32.619332],[112.249943,32.618902],[112.25005,32.616835],[112.24997,32.616277],[112.249297,32.614368],[112.249138,32.613715],[112.249101,32.613399],[112.24924,32.612226],[112.249329,32.611752],[112.249463,32.611397],[112.251037,32.611169],[112.252357,32.610902],[112.253923,32.610421],[112.255696,32.60982],[112.256319,32.609874],[112.256952,32.609829],[112.257558,32.6097],[112.258215,32.609502],[112.25873,32.609301],[112.259712,32.60909],[112.259698,32.608731],[112.259553,32.608028],[112.259288,32.606883],[112.259089,32.606216],[112.259304,32.605984],[112.260978,32.605584],[112.264424,32.604827],[112.266734,32.604138],[112.268316,32.603769],[112.268804,32.60358],[112.268021,32.601374],[112.267053,32.598249],[112.269287,32.597411],[112.270148,32.597133],[112.271299,32.596905],[112.272103,32.596855],[112.272388,32.596769],[112.272718,32.596728],[112.273538,32.596685],[112.27434,32.596525],[112.274268,32.595847],[112.273533,32.592649],[112.274992,32.592311],[112.276258,32.592127],[112.276757,32.591985],[112.277798,32.591811],[112.280488,32.591278],[112.281775,32.590961],[112.282006,32.589504],[112.282663,32.589461],[112.284739,32.58886],[112.285606,32.588665],[112.286349,32.58864],[112.287888,32.58832],[112.288156,32.588225],[112.288494,32.587942],[112.288948,32.58789],[112.291627,32.58733],[112.2923,32.587077],[112.293926,32.586735],[112.294481,32.586575],[112.295889,32.586046],[112.296986,32.585825],[112.297429,32.585791],[112.298199,32.585845],[112.29814,32.58438],[112.29609,32.584776],[112.294865,32.582039],[112.29557,32.58187],[112.296627,32.581467],[112.296348,32.581008],[112.297236,32.580378],[112.296546,32.579634],[112.297947,32.578947],[112.298853,32.578574],[112.298539,32.577806],[112.298,32.577706],[112.297161,32.577354],[112.29679,32.575934],[112.296667,32.574944],[112.29447,32.575405],[112.294069,32.57442],[112.293676,32.573292],[112.292866,32.57367],[112.289999,32.573145],[112.289669,32.569501],[112.288921,32.569248],[112.288591,32.569174],[112.288524,32.568805],[112.288395,32.566572],[112.288237,32.565168],[112.288604,32.565087],[112.289084,32.564908],[112.288704,32.56466],[112.28846,32.564409],[112.28854,32.564056],[112.288559,32.563409],[112.288476,32.562851],[112.288497,32.562562],[112.288449,32.56201],[112.287998,32.56203],[112.287937,32.561886],[112.286767,32.562055],[112.286662,32.561759],[112.280515,32.562345],[112.280247,32.562315],[112.279611,32.562168],[112.279292,32.562073],[112.27901,32.561913]]]}},{"type":"Feature","properties":{"regionCode":"411381114","sourceCode":"411381114000","name":"彭桥镇","sourceName":"彭桥镇","parentCode":"411381","parentName":"邓州市","regionLevel":"township","regionType":"town","isManagementZone":false,"source":"ruiduobao","sourceVersion":"mixed-legacy~2018-2020","geometryRepaired":true,"match2020":true,"match2023":true},"geometry":{"type":"Polygon","coordinates":[[[111.76582,32.573123],[111.764648,32.574226],[111.763715,32.573477],[111.762755,32.574325],[111.762854,32.574551],[111.762937,32.574924],[111.762645,32.575243],[111.761805,32.574592],[111.761373,32.574951],[111.762299,32.575654],[111.761719,32.576341],[111.760644,32.5756],[111.760877,32.575342],[111.759694,32.574406],[111.760158,32.57404],[111.759633,32.573584],[111.759399,32.573335],[111.75919,32.572903],[111.759109,32.57263],[111.759024,32.572539],[111.758613,32.572273],[111.758324,32.572302],[111.757983,32.572433],[111.756135,32.571524],[111.756234,32.571222],[111.757296,32.570383],[111.756792,32.569454],[111.756374,32.569949],[111.756191,32.569897],[111.75548,32.569863],[111.754598,32.569972],[111.754512,32.569624],[111.755609,32.569296],[111.75562,32.569201],[111.755008,32.567704],[111.755585,32.567632],[111.756009,32.567505],[111.755623,32.567227],[111.755373,32.567126],[111.755129,32.566769],[111.754818,32.56652],[111.755049,32.566341],[111.754155,32.566816],[111.753429,32.567074],[111.753005,32.567259],[111.751184,32.568383],[111.750674,32.568762],[111.749231,32.570333],[111.748442,32.57124],[111.74785,32.571771],[111.747286,32.572164],[111.746557,32.572822],[111.746093,32.573484],[111.745465,32.574011],[111.743797,32.574987],[111.742662,32.575753],[111.741587,32.576658],[111.740205,32.578222],[111.739079,32.580003],[111.737333,32.58453],[111.736769,32.585886],[111.735683,32.58719],[111.735621,32.587316],[111.735721,32.587682],[111.735498,32.588121],[111.735627,32.588514],[111.735576,32.588627],[111.734742,32.589411],[111.734498,32.58959],[111.734184,32.589924],[111.734701,32.590245],[111.736579,32.589766],[111.736877,32.589628],[111.737137,32.589874],[111.738178,32.590365],[111.737984,32.590756],[111.737904,32.590842],[111.73741,32.590989],[111.73726,32.591113],[111.737035,32.591422],[111.737032,32.59156],[111.737418,32.591786],[111.737499,32.591958],[111.737469,32.592091],[111.737298,32.592351],[111.737925,32.592405],[111.738097,32.592446],[111.73806,32.592591],[111.737759,32.592916],[111.737566,32.592866],[111.736952,32.593499],[111.736745,32.59356],[111.73586,32.59351],[111.735241,32.593623],[111.734951,32.593761],[111.734785,32.59392],[111.734726,32.594107],[111.734774,32.594177],[111.734897,32.594152],[111.735053,32.594037],[111.735179,32.594021],[111.735391,32.593897],[111.735592,32.593872],[111.735739,32.593786],[111.736303,32.593775],[111.736488,32.593926],[111.737518,32.594503],[111.737558,32.594665],[111.737381,32.595072],[111.736858,32.595567],[111.736667,32.595883],[111.736713,32.595931],[111.736895,32.595904],[111.737097,32.595773],[111.737188,32.595641],[111.737378,32.59549],[111.737491,32.595336],[111.738011,32.59488],[111.739114,32.593807],[111.739358,32.593452],[111.739495,32.593364],[111.739623,32.593379],[111.740165,32.593791],[111.740398,32.594053],[111.740809,32.594414],[111.740956,32.5945],[111.741141,32.594534],[111.741554,32.594414],[111.741713,32.595027],[111.741646,32.595513],[111.741442,32.595904],[111.741061,32.596396],[111.741568,32.596769],[111.741131,32.597013],[111.740803,32.597298],[111.74215,32.598019],[111.741136,32.599682],[111.74174,32.599966],[111.74234,32.600048],[111.742123,32.60064],[111.742802,32.600943],[111.742456,32.601607],[111.743003,32.601808],[111.74285,32.602192],[111.742464,32.602045],[111.742112,32.60259],[111.742539,32.60282],[111.742102,32.603555],[111.742018,32.604612],[111.741584,32.604687],[111.740828,32.604757],[111.740736,32.605554],[111.742179,32.605437],[111.74444,32.605561],[111.745473,32.607739],[111.743826,32.608306],[111.743014,32.608385],[111.741667,32.60858],[111.741761,32.60968],[111.740211,32.609423],[111.739975,32.610505],[111.74006,32.610855],[111.73957,32.611797],[111.739562,32.611951],[111.739216,32.612376],[111.738899,32.612832],[111.738738,32.613105],[111.738684,32.6133],[111.739532,32.613587],[111.738658,32.614816],[111.739242,32.615091],[111.739041,32.615274],[111.737711,32.614648],[111.737558,32.614944],[111.738542,32.615328],[111.738569,32.615234],[111.73969,32.615812],[111.740672,32.615464],[111.741192,32.615238],[111.742587,32.61491],[111.742686,32.615012],[111.741294,32.615412],[111.741616,32.61604],[111.74116,32.616173],[111.741611,32.616675],[111.742281,32.616411],[111.742815,32.617161],[111.74127,32.618297],[111.739588,32.617662],[111.739076,32.61848],[111.741149,32.619153],[111.740618,32.620197],[111.741139,32.620455],[111.741627,32.620561],[111.740911,32.622221],[111.74193,32.62251],[111.741731,32.623028],[111.741509,32.623931],[111.741453,32.624015],[111.741348,32.624385],[111.742311,32.625262],[111.742745,32.625494],[111.743378,32.625693],[111.744148,32.625811],[111.744647,32.625763],[111.746581,32.625262],[111.747056,32.624842],[111.747673,32.624013],[111.747812,32.624164],[111.748099,32.624724],[111.748534,32.625806],[111.749362,32.627552],[111.753308,32.634869],[111.753705,32.635772],[111.753777,32.636043],[111.753989,32.637295],[111.754381,32.638907],[111.754432,32.639318],[111.754257,32.639348],[111.754048,32.639339],[111.753729,32.639416],[111.75408,32.640608],[111.754869,32.640534],[111.754737,32.641265],[111.754319,32.642325],[111.754027,32.642237],[111.753659,32.642036],[111.751868,32.641941],[111.751452,32.64372],[111.751363,32.643967],[111.750781,32.643908],[111.750942,32.644109],[111.750942,32.644233],[111.750425,32.645075],[111.750199,32.645066],[111.748933,32.644832],[111.748831,32.646347],[111.747568,32.6463],[111.747568,32.646869],[111.748657,32.646869],[111.748622,32.647363],[111.747627,32.647325],[111.747589,32.64768],[111.749067,32.647745],[111.748872,32.648969],[111.745653,32.648666],[111.745369,32.64868],[111.745315,32.648712],[111.745428,32.649726],[111.744894,32.649755],[111.745358,32.650846],[111.744819,32.651017],[111.743008,32.651736],[111.742316,32.650751],[111.741149,32.65111],[111.74053,32.650046],[111.74156,32.64975],[111.741471,32.649577],[111.740905,32.648831],[111.740157,32.649138],[111.740203,32.649281],[111.739556,32.649531],[111.738765,32.648278],[111.738207,32.648418],[111.737708,32.647282],[111.735844,32.647768],[111.736026,32.649233],[111.735627,32.649276],[111.735361,32.647849],[111.735015,32.647914],[111.734645,32.646925],[111.734076,32.647099],[111.733457,32.645902],[111.733033,32.646123],[111.733521,32.647232],[111.73265,32.647343],[111.732596,32.646623],[111.730506,32.646352],[111.730458,32.646126],[111.732655,32.646403],[111.732808,32.646062],[111.730324,32.645744],[111.730367,32.645561],[111.729798,32.645272],[111.729771,32.645681],[111.729444,32.645669],[111.729399,32.64637],[111.729849,32.64637],[111.729831,32.646921],[111.729409,32.64693],[111.729385,32.647257],[111.728792,32.647246],[111.728819,32.647637],[111.729879,32.647634],[111.729699,32.649333],[111.730643,32.649477],[111.730641,32.649705],[111.729702,32.64957],[111.729621,32.649852],[111.730638,32.649963],[111.730624,32.650475],[111.73148,32.650735],[111.730933,32.652018],[111.732765,32.652187],[111.732963,32.651539],[111.733653,32.651647],[111.733521,32.651819],[111.733513,32.651925],[111.733966,32.651988],[111.733757,32.652921],[111.733698,32.653637],[111.734012,32.653635],[111.734251,32.653477],[111.734511,32.653267],[111.734776,32.652996],[111.734945,32.652759],[111.735415,32.652738],[111.735383,32.65408],[111.736399,32.654084],[111.736389,32.654737],[111.737456,32.654791],[111.73741,32.655109],[111.738207,32.655164],[111.738403,32.654685],[111.738524,32.654263],[111.739299,32.654229],[111.739342,32.654346],[111.739543,32.654484],[111.7398,32.654495],[111.739881,32.654861],[111.739891,32.655141],[111.739886,32.655297],[111.739808,32.655509],[111.740385,32.655719],[111.74057,32.656205],[111.740803,32.657526],[111.740983,32.658138],[111.741179,32.659377],[111.740447,32.659436],[111.739934,32.65721],[111.739524,32.65723],[111.739757,32.65877],[111.740031,32.659793],[111.74038,32.659698],[111.74061,32.660543],[111.740693,32.661085],[111.740742,32.66192],[111.740718,32.662606],[111.740634,32.663349],[111.740307,32.664259],[111.740825,32.664113],[111.741144,32.664183],[111.741549,32.664381],[111.742319,32.66521],[111.742681,32.66568],[111.743225,32.665639],[111.748397,32.664697],[111.749494,32.664295],[111.750575,32.663726],[111.75209,32.662762],[111.753117,32.662507],[111.753761,32.66227],[111.755413,32.661807],[111.757272,32.661703],[111.757666,32.6618],[111.759316,32.663051],[111.75949,32.664609],[111.760791,32.664826],[111.762309,32.664842],[111.763031,32.664515],[111.763739,32.664384],[111.766486,32.664298],[111.767424,32.664119],[111.768315,32.663853],[111.769353,32.663419],[111.770305,32.662975],[111.771445,32.662279],[111.771802,32.662238],[111.772386,32.662821],[111.773701,32.66285],[111.77568,32.662988],[111.777657,32.663026],[111.778896,32.663017],[111.779575,32.663115],[111.784041,32.66311],[111.783936,32.66169],[111.78546,32.661672],[111.785521,32.66131],[111.785696,32.660723],[111.785969,32.660371],[111.786854,32.660786],[111.788415,32.661685],[111.791081,32.662767],[111.792267,32.663383],[111.792519,32.665054],[111.796891,32.665526],[111.797186,32.669087],[111.797159,32.670168],[111.797318,32.670932],[111.797508,32.67144],[111.797811,32.671437],[111.799163,32.671239],[111.799233,32.670539],[111.79934,32.670092],[111.799925,32.670168],[111.800209,32.670469],[111.800407,32.671582],[111.800574,32.67314],[111.801665,32.673196],[111.802626,32.673106],[111.802551,32.6726],[111.802357,32.671735],[111.802403,32.671342],[111.802658,32.671175],[111.803028,32.67113],[111.803272,32.670701],[111.803154,32.670017],[111.803237,32.669487],[111.803717,32.66927],[111.804297,32.669137],[111.80486,32.668857],[111.805182,32.668516],[111.805375,32.668172],[111.805914,32.668186],[111.806155,32.668353],[111.806217,32.669046],[111.806365,32.669525],[111.806593,32.669737],[111.806987,32.66971],[111.807647,32.669428],[111.807775,32.669371],[111.808054,32.669107],[111.808194,32.668676],[111.808325,32.667574],[111.808631,32.666727],[111.810163,32.666477],[111.809559,32.664232],[111.811163,32.663964],[111.811332,32.66327],[111.812488,32.663623],[111.81403,32.663885],[111.81403,32.663092],[111.813958,32.662311],[111.813845,32.661604],[111.814379,32.661633],[111.814342,32.66059],[111.817871,32.660615],[111.818193,32.660685],[111.818035,32.661085],[111.817796,32.662433],[111.818359,32.662828],[111.818528,32.663191],[111.819727,32.664571],[111.820618,32.665185],[111.82105,32.665445],[111.821095,32.665824],[111.821184,32.666095],[111.821669,32.666147],[111.824998,32.665982],[111.824826,32.664679],[111.828359,32.664944],[111.829019,32.665065],[111.829834,32.665307],[111.83062,32.665585],[111.830979,32.665752],[111.832291,32.665964],[111.83316,32.66605],[111.833385,32.664476],[111.835405,32.664438],[111.835314,32.66404],[111.836902,32.664169],[111.83754,32.664307],[111.83968,32.664194],[111.839726,32.66334],[111.839686,32.662927],[111.839648,32.663085],[111.839662,32.662534],[111.839715,32.662243],[111.840169,32.661227],[111.842277,32.661281],[111.842065,32.66029],[111.842019,32.65994],[111.842011,32.659486],[111.840815,32.659292],[111.840971,32.658908],[111.841131,32.658953],[111.841426,32.658962],[111.841856,32.659043],[111.841947,32.659091],[111.842529,32.659149],[111.843111,32.659255],[111.843291,32.658255],[111.843371,32.657948],[111.843524,32.657555],[111.843524,32.657359],[111.843462,32.657002],[111.843688,32.65636],[111.844538,32.656417],[111.844739,32.655478],[111.844659,32.655356],[111.844562,32.655324],[111.844712,32.654787],[111.845163,32.654963],[111.845034,32.655498],[111.844997,32.655552],[111.844997,32.65571],[111.844811,32.656275],[111.84508,32.6563],[111.84575,32.653811],[111.846233,32.653958],[111.847797,32.653955],[111.848081,32.652585],[111.847561,32.652508],[111.846804,32.652088],[111.847266,32.651151],[111.845917,32.650405],[111.846303,32.650035],[111.846826,32.650412],[111.847451,32.650778],[111.847738,32.650268],[111.846812,32.649626],[111.846973,32.649577],[111.847593,32.649152],[111.84832,32.648707],[111.848864,32.648626],[111.849157,32.648517],[111.849476,32.648253],[111.849908,32.647736],[111.848947,32.647436],[111.848607,32.647282],[111.848921,32.646939],[111.846713,32.645839],[111.84681,32.645536],[111.846965,32.645337],[111.848416,32.64578],[111.849205,32.645943],[111.850069,32.645995],[111.850541,32.644793],[111.851144,32.644897],[111.8512,32.644678],[111.851313,32.644504],[111.851501,32.644405],[111.851699,32.644348],[111.852523,32.644421],[111.852638,32.644389],[111.852654,32.644337],[111.852539,32.643953],[111.85277,32.643757],[111.852786,32.643535],[111.853226,32.64284],[111.854277,32.641713],[111.855052,32.641055],[111.856004,32.640421],[111.85693,32.639955],[111.857056,32.639962],[111.857193,32.639908],[111.857557,32.63991],[111.859121,32.640504],[111.859421,32.639836],[111.857962,32.639235],[111.858107,32.639002],[111.858303,32.638767],[111.858571,32.638763],[111.859354,32.639264],[111.859513,32.639323],[111.8597,32.638745],[111.859749,32.638187],[111.861157,32.638205],[111.861133,32.637026],[111.861095,32.63685],[111.861109,32.636671],[111.861205,32.636387],[111.861267,32.634986],[111.85958,32.635065],[111.859598,32.634544],[111.859118,32.634544],[111.859038,32.634442],[111.858375,32.634374],[111.859515,32.633041],[111.859824,32.632732],[111.860012,32.63266],[111.860666,32.632255],[111.861133,32.631772],[111.861307,32.631137],[111.862509,32.631151],[111.862734,32.629475],[111.862487,32.629454],[111.86249,32.628804],[111.862546,32.627808],[111.862718,32.627476],[111.863069,32.627259],[111.863651,32.627022],[111.864721,32.6268],[111.865121,32.626647],[111.865285,32.626529],[111.865304,32.626425],[111.865422,32.626226],[111.865408,32.625833],[111.865545,32.625592],[111.866264,32.625309],[111.866497,32.625135],[111.866658,32.624927],[111.866682,32.624742],[111.866875,32.624121],[111.866932,32.623791],[111.86702,32.62364],[111.867334,32.623285],[111.867511,32.623233],[111.867342,32.622598],[111.866749,32.621819],[111.865926,32.621374],[111.865247,32.620391],[111.865161,32.61965],[111.865161,32.61923],[111.865295,32.618812],[111.865459,32.618451],[111.865472,32.618286],[111.86555,32.618105],[111.865582,32.617899],[111.865285,32.617782],[111.864947,32.617705],[111.864668,32.617721],[111.864493,32.617698],[111.863759,32.61745],[111.863917,32.61719],[111.864019,32.616788],[111.865824,32.617285],[111.866028,32.61691],[111.862426,32.615821],[111.86209,32.615694],[111.862793,32.614129],[111.863329,32.614339],[111.863482,32.614314],[111.864432,32.614567],[111.865067,32.614032],[111.865494,32.613103],[111.867253,32.613666],[111.867658,32.612775],[111.868423,32.612983],[111.868729,32.61243],[111.869016,32.611508],[111.86923,32.611293],[111.869922,32.610871],[111.870228,32.610555],[111.870555,32.6106],[111.870837,32.610744],[111.871001,32.610762],[111.87088,32.61048],[111.8711,32.610071],[111.871202,32.609972],[111.8714,32.609886],[111.871516,32.60928],[111.871631,32.609029],[111.871899,32.609025],[111.872216,32.609129],[111.873562,32.609273],[111.873549,32.609646],[111.873594,32.610204],[111.875727,32.610299],[111.875732,32.608526],[111.874815,32.608523],[111.874753,32.608318],[111.874884,32.607511],[111.875016,32.607396],[111.875112,32.607229],[111.875174,32.606838],[111.875177,32.606447],[111.875533,32.605945],[111.875764,32.605713],[111.876075,32.60548],[111.876875,32.605168],[111.876223,32.60456],[111.875928,32.604343],[111.874436,32.603717],[111.87427,32.603925],[111.873157,32.603593],[111.872669,32.603519],[111.872457,32.603948],[111.870874,32.603519],[111.870735,32.604054],[111.870566,32.604953],[111.870056,32.604831],[111.87052,32.603073],[111.869769,32.60282],[111.8696,32.603469],[111.868238,32.603275],[111.868023,32.604348],[111.866114,32.603907],[111.866502,32.602235],[111.86543,32.601876],[111.865338,32.602181],[111.865022,32.603656],[111.863383,32.603281],[111.863056,32.604635],[111.863429,32.604752],[111.863118,32.606289],[111.862066,32.605993],[111.862133,32.605823],[111.862192,32.605502],[111.861599,32.605462],[111.861554,32.605505],[111.861562,32.605731],[111.860948,32.606029],[111.860041,32.604755],[111.859762,32.604481],[111.859494,32.604077],[111.858869,32.604366],[111.858772,32.604569],[111.858349,32.60628],[111.857885,32.606225],[111.857804,32.60628],[111.857702,32.606479],[111.857799,32.60675],[111.855935,32.606589],[111.855929,32.606971],[111.856101,32.607046],[111.856329,32.607084],[111.856278,32.607651],[111.856484,32.607708],[111.857842,32.607906],[111.857801,32.608092],[111.855886,32.607868],[111.855704,32.608607],[111.856951,32.608905],[111.856321,32.609484],[111.856031,32.609807],[111.855782,32.609967],[111.85564,32.610177],[111.855079,32.610137],[111.855055,32.611174],[111.853432,32.611081],[111.853335,32.612299],[111.851509,32.612113],[111.851632,32.610991],[111.84979,32.610837],[111.849757,32.610012],[111.849277,32.610094],[111.849178,32.609303],[111.848848,32.607834],[111.84851,32.607958],[111.848392,32.607714],[111.848245,32.607755],[111.846721,32.604386],[111.846056,32.604671],[111.845804,32.604153],[111.845672,32.603738],[111.845678,32.60362],[111.845131,32.602463],[111.84501,32.602061],[111.84438,32.602149],[111.844355,32.601808],[111.84552,32.601693],[111.846096,32.599806],[111.844948,32.600258],[111.843961,32.598127],[111.843696,32.597094],[111.842489,32.59728],[111.842059,32.59631],[111.841783,32.596387],[111.84082,32.596731],[111.840276,32.596891],[111.84119,32.598938],[111.840177,32.598997],[111.83968,32.59911],[111.837966,32.59918],[111.837623,32.599232],[111.836553,32.599501],[111.835587,32.599842],[111.835558,32.599978],[111.835504,32.600064],[111.835177,32.600235],[111.834426,32.598923],[111.833887,32.599449],[111.833329,32.599869],[111.83254,32.60029],[111.832554,32.599874],[111.832353,32.59975],[111.832235,32.599517],[111.832275,32.599194],[111.832071,32.59888],[111.831387,32.598093],[111.830848,32.598163],[111.830105,32.597287],[111.829941,32.597226],[111.829759,32.597067],[111.828332,32.59551],[111.828029,32.595321],[111.827728,32.595237],[111.827428,32.595045],[111.827256,32.594878],[111.827071,32.594412],[111.827798,32.594238],[111.827986,32.5941],[111.828144,32.593479],[111.828152,32.593284],[111.828458,32.592894],[111.829027,32.592469],[111.829177,32.592225],[111.829147,32.591926],[111.828528,32.591646],[111.828407,32.591495],[111.828023,32.591273],[111.827876,32.591004],[111.827809,32.590799],[111.827846,32.590602],[111.828155,32.590557],[111.828589,32.590731],[111.828761,32.590765],[111.828906,32.590744],[111.828986,32.590523],[111.828895,32.590302],[111.82885,32.589662],[111.828941,32.589569],[111.829147,32.589443],[111.829461,32.589445],[111.830606,32.589129],[111.831261,32.588851],[111.832479,32.588846],[111.833522,32.589332],[111.833726,32.589391],[111.834176,32.589413],[111.834552,32.589361],[111.834759,32.589282],[111.834906,32.58914],[111.834946,32.588916],[111.834799,32.588446],[111.833852,32.587723],[111.833911,32.587341],[111.834504,32.586695],[111.835029,32.58634],[111.835544,32.585802],[111.835866,32.585553],[111.836403,32.585296],[111.836808,32.585232],[111.837325,32.585255],[111.837564,32.585126],[111.837886,32.585006],[111.837645,32.584498],[111.837317,32.584161],[111.837143,32.583913],[111.836867,32.583646],[111.836692,32.583528],[111.836529,32.58349],[111.836491,32.58356],[111.836714,32.584107],[111.836612,32.584295],[111.836263,32.584371],[111.835976,32.584301],[111.835464,32.584105],[111.835233,32.584152],[111.835118,32.584206],[111.835075,32.584304],[111.835054,32.58464],[111.834976,32.584731],[111.834651,32.584851],[111.834085,32.58493],[111.833645,32.585133],[111.833385,32.585183],[111.83331,32.585101],[111.833227,32.585079],[111.833109,32.584902],[111.833042,32.584505],[111.833031,32.584299],[111.833063,32.584075],[111.833028,32.583989],[111.832817,32.583732],[111.832857,32.583603],[111.833136,32.583415],[111.833324,32.583174],[111.833345,32.582995],[111.833243,32.582764],[111.832929,32.582398],[111.832688,32.582209],[111.832535,32.582166],[111.831585,32.582127],[111.830631,32.58186],[111.830429,32.581725],[111.830384,32.580667],[111.830239,32.580604],[111.829426,32.580595],[111.829504,32.579822],[111.828941,32.57958],[111.828847,32.580568],[111.828488,32.580333],[111.828565,32.579469],[111.828144,32.579316],[111.828139,32.579675],[111.828037,32.580061],[111.828023,32.580346],[111.828066,32.580439],[111.82849,32.580635],[111.828592,32.580701],[111.828646,32.580778],[111.828659,32.581101],[111.828775,32.581343],[111.828745,32.581533],[111.828619,32.581784],[111.82871,32.582007],[111.828713,32.582193],[111.827267,32.582062],[111.826886,32.581985],[111.82647,32.581829],[111.825897,32.581506],[111.825569,32.581404],[111.825052,32.580999],[111.824775,32.580667],[111.824145,32.580129],[111.823866,32.579768],[111.823383,32.579318],[111.822498,32.578746],[111.822278,32.578549],[111.821854,32.578253],[111.821463,32.57817],[111.820704,32.578185],[111.820521,32.578287],[111.819969,32.578958],[111.819188,32.58],[111.819127,32.580095],[111.818735,32.581194],[111.81848,32.581619],[111.818011,32.582132],[111.817901,32.582181],[111.81752,32.582224],[111.817034,32.582091],[111.816487,32.581987],[111.816026,32.582034],[111.815653,32.582211],[111.815385,32.582444],[111.815178,32.582545],[111.81476,32.582561],[111.814556,32.582498],[111.814478,32.582362],[111.814529,32.582215],[111.81469,32.582098],[111.815087,32.581946],[111.815267,32.581781],[111.815323,32.581666],[111.815313,32.58146],[111.815278,32.581377],[111.815087,32.581189],[111.814883,32.581139],[111.814685,32.581153],[111.814122,32.581354],[111.813639,32.581476],[111.813532,32.581469],[111.813186,32.58154],[111.812912,32.581612],[111.812697,32.581711],[111.812333,32.581915],[111.812115,32.582082],[111.811909,32.582272],[111.811498,32.58281],[111.811252,32.583045],[111.810753,32.583348],[111.810552,32.5834],[111.809632,32.583318],[111.809382,32.583345],[111.809076,32.583501],[111.80906,32.583047],[111.808972,32.582778],[111.808087,32.58132],[111.807523,32.581384],[111.807861,32.581885],[111.808653,32.583422],[111.808543,32.583664],[111.808312,32.583384],[111.807875,32.583268],[111.80759,32.583302],[111.806928,32.581639],[111.806324,32.581822],[111.80685,32.583108],[111.806204,32.583336],[111.80667,32.583669],[111.806775,32.583707],[111.806732,32.583881],[111.806016,32.584514],[111.805793,32.584591],[111.805732,32.585246],[111.805638,32.585368],[111.804589,32.585486],[111.804517,32.585524],[111.80343,32.583696],[111.803162,32.583867],[111.802754,32.583985],[111.801722,32.584005],[111.801378,32.583849],[111.800571,32.583372],[111.799225,32.583612],[111.799243,32.583885],[111.799192,32.583917],[111.799023,32.583953],[111.798122,32.583985],[111.797916,32.584111],[111.797253,32.584324],[111.796985,32.584462],[111.796636,32.584098],[111.796406,32.583759],[111.795802,32.584392],[111.795287,32.583996],[111.795419,32.583815],[111.794348,32.58358],[111.793965,32.584102],[111.79323,32.583682],[111.793412,32.58314],[111.793689,32.583065],[111.793546,32.582383],[111.792503,32.582769],[111.792369,32.582532],[111.792111,32.581738],[111.793973,32.582141],[111.794016,32.581912],[111.79356,32.581768],[111.793774,32.580841],[111.79271,32.580577],[111.792047,32.580459],[111.791283,32.580536],[111.791433,32.581397],[111.790711,32.58153],[111.790183,32.581675],[111.789797,32.580593],[111.789236,32.580263],[111.790357,32.580032],[111.789402,32.5776],[111.789499,32.576038],[111.790347,32.57612],[111.790406,32.575419],[111.789598,32.575306],[111.788938,32.575032],[111.787501,32.574115],[111.787168,32.574029],[111.786876,32.574027],[111.786634,32.573957],[111.786272,32.573954],[111.786063,32.574002],[111.785934,32.574196],[111.785878,32.574603],[111.785964,32.57473],[111.786202,32.574886],[111.786307,32.57517],[111.786294,32.575247],[111.78617,32.575392],[111.786095,32.57557],[111.785843,32.57579],[111.785781,32.5759],[111.785749,32.57616],[111.785763,32.576332],[111.785851,32.576529],[111.785679,32.576588],[111.785602,32.576671],[111.785451,32.576969],[111.785387,32.577229],[111.785065,32.577196],[111.78492,32.577114],[111.784816,32.577141],[111.784725,32.57734],[111.784644,32.577351],[111.784572,32.57732],[111.784344,32.57737],[111.784129,32.577462],[111.783845,32.577679],[111.783485,32.578222],[111.783209,32.578511],[111.783105,32.578703],[111.78289,32.579309],[111.782834,32.579383],[111.782681,32.579435],[111.782547,32.579361],[111.782482,32.57918],[111.782472,32.578995],[111.782552,32.578649],[111.782732,32.578199],[111.782938,32.577828],[111.783823,32.576588],[111.784035,32.576142],[111.784,32.575864],[111.783888,32.575769],[111.78377,32.575769],[111.78351,32.575853],[111.782316,32.575466],[111.782493,32.575989],[111.782193,32.575905],[111.781771,32.57569],[111.781734,32.575812],[111.78028,32.575279],[111.77973,32.576504],[111.780109,32.576608],[111.781026,32.576969],[111.781645,32.577175],[111.781332,32.577785],[111.781082,32.578007],[111.77932,32.577263],[111.779186,32.57755],[111.778564,32.577159],[111.778218,32.576843],[111.778022,32.577046],[111.777209,32.576452],[111.776506,32.577272],[111.775892,32.576852],[111.775141,32.576233],[111.774857,32.575889],[111.774739,32.575794],[111.774221,32.575455],[111.774114,32.575602],[111.773964,32.575729],[111.77343,32.575946],[111.772293,32.575372],[111.771826,32.575819],[111.771525,32.574935],[111.770922,32.57411],[111.770509,32.574379],[111.769323,32.57494],[111.768736,32.574013],[111.7681,32.573407],[111.766722,32.572302],[111.766258,32.57272],[111.765633,32.572169],[111.765037,32.571755],[111.764603,32.572189],[111.76582,32.573123]]]}},{"type":"Feature","properties":{"regionCode":"411381115","sourceCode":"411381115000","name":"白牛镇","sourceName":"白牛镇","parentCode":"411381","parentName":"邓州市","regionLevel":"township","regionType":"town","isManagementZone":false,"source":"ruiduobao","sourceVersion":"mixed-legacy~2018-2020","geometryRepaired":false,"match2020":true,"match2023":true},"geometry":{"type":"Polygon","coordinates":[[[112.256581,32.6858],[112.257067,32.684568],[112.253486,32.684487],[112.252306,32.684322],[112.250949,32.683974],[112.24847,32.683198],[112.246451,32.682687],[112.244361,32.682446],[112.243801,32.682502],[112.239651,32.683157],[112.238691,32.68338],[112.23742,32.683737],[112.236857,32.683748],[112.232289,32.684701],[112.232085,32.684674],[112.23172,32.684708],[112.229652,32.684952],[112.228252,32.685044],[112.226538,32.685297],[112.225983,32.685272],[112.224714,32.685473],[112.223558,32.685541],[112.222,32.685595],[112.219122,32.685313],[112.214876,32.685882],[112.213393,32.686026],[112.211174,32.686577],[112.207586,32.687699],[112.203922,32.68804],[112.20209,32.6885],[112.200837,32.688857],[112.198238,32.689767],[112.196757,32.690187],[112.195277,32.690374],[112.193432,32.690117],[112.193528,32.690597],[112.194201,32.692254],[112.194475,32.694272],[112.194494,32.694803],[112.194437,32.695056],[112.191168,32.694873],[112.191114,32.695299],[112.189773,32.695135],[112.18966,32.696094],[112.191087,32.696232],[112.191224,32.696834],[112.190537,32.696979],[112.190291,32.697112],[112.190374,32.698033],[112.190242,32.69811],[112.190393,32.698613],[112.190352,32.699042],[112.188848,32.69885],[112.187515,32.698593],[112.187383,32.699337],[112.186511,32.69934],[112.18609,32.701576],[112.18586,32.701558],[112.184967,32.70591],[112.187206,32.706021],[112.186656,32.708399],[112.187431,32.70849],[112.187346,32.708578],[112.187206,32.70972],[112.18804,32.709851],[112.188445,32.710209],[112.188292,32.710566],[112.188577,32.710638],[112.189094,32.710701],[112.188384,32.711949],[112.187794,32.713175],[112.186903,32.714764],[112.185841,32.716937],[112.18804,32.717623],[112.188545,32.71763],[112.190186,32.717754],[112.189805,32.718767],[112.190918,32.7189],[112.190132,32.720098],[112.190932,32.720085],[112.191718,32.720024],[112.190414,32.722068],[112.189754,32.723652],[112.189588,32.723894],[112.189419,32.724305],[112.187866,32.724011],[112.18752,32.725027],[112.189035,32.72539],[112.188193,32.727716],[112.188054,32.727955],[112.187871,32.72814],[112.187402,32.729627],[112.187104,32.730715],[112.18612,32.731403],[112.185752,32.731559],[112.185624,32.731647],[112.184964,32.732308],[112.183663,32.732012],[112.183379,32.732953],[112.184352,32.733154],[112.183695,32.735577],[112.183631,32.735961],[112.183864,32.736487],[112.183878,32.737111],[112.184926,32.736789],[112.184478,32.73877],[112.185074,32.738919],[112.186605,32.73909],[112.186412,32.740354],[112.18597,32.74205],[112.186061,32.742066],[112.18594,32.742989],[112.185779,32.743789],[112.186605,32.744096],[112.186466,32.744931],[112.187984,32.745384],[112.187627,32.747363],[112.188048,32.747455],[112.188915,32.747575],[112.189274,32.745815],[112.191838,32.746727],[112.193,32.747018],[112.193279,32.747205],[112.191259,32.747212],[112.19105,32.747275],[112.190677,32.747834],[112.190618,32.747992],[112.190602,32.748157],[112.19065,32.748935],[112.190623,32.751335],[112.190505,32.751933],[112.19194,32.752687],[112.191865,32.753316],[112.192946,32.753447],[112.192568,32.754949],[112.191656,32.754839],[112.190749,32.754683],[112.190615,32.754166],[112.190739,32.753681],[112.189601,32.752833],[112.189237,32.753075],[112.188571,32.753691],[112.18803,32.754126],[112.187831,32.754392],[112.189339,32.755134],[112.189078,32.75547],[112.187684,32.754794],[112.187563,32.755265],[112.187112,32.756661],[112.187,32.756955],[112.186831,32.757205],[112.18652,32.757426],[112.185862,32.757545],[112.185229,32.757737],[112.185082,32.757843],[112.184878,32.758459],[112.184867,32.758678],[112.181343,32.758468],[112.181426,32.757633],[112.181077,32.757609],[112.181139,32.757029],[112.176928,32.7569],[112.176732,32.756528],[112.176622,32.755998],[112.176724,32.755511],[112.175831,32.755493],[112.175842,32.755263],[112.174222,32.755227],[112.174138,32.754214],[112.17299,32.754311],[112.172878,32.753614],[112.17158,32.753767],[112.171663,32.755116],[112.170416,32.75508],[112.170359,32.755466],[112.169262,32.755479],[112.169356,32.757336],[112.166872,32.757347],[112.166792,32.761335],[112.166671,32.763036],[112.165065,32.762963],[112.164767,32.765616],[112.166937,32.765758],[112.166883,32.765248],[112.169758,32.765444],[112.169691,32.767021],[112.167352,32.766868],[112.167334,32.767824],[112.168809,32.767928],[112.168694,32.769062],[112.169268,32.769132],[112.169552,32.769256],[112.170534,32.769222],[112.170869,32.769109],[112.172438,32.769188],[112.17309,32.76936],[112.174061,32.769504],[112.174101,32.769267],[112.17552,32.769448],[112.175547,32.768755],[112.176338,32.768742],[112.176335,32.767869],[112.177151,32.767892],[112.177226,32.767041],[112.1785,32.767098],[112.178636,32.766755],[112.178773,32.766011],[112.179058,32.763297],[112.177601,32.763209],[112.177754,32.761538],[112.179216,32.761592],[112.17913,32.762287],[112.179782,32.762321],[112.17972,32.76343],[112.180857,32.763579],[112.180549,32.764817],[112.180498,32.765555],[112.180348,32.766171],[112.180227,32.767098],[112.181734,32.767321],[112.181488,32.769082],[112.185259,32.769509],[112.185173,32.770151],[112.184964,32.770596],[112.184733,32.770916],[112.184296,32.771333],[112.183577,32.771832],[112.182609,32.772344],[112.1823,32.772587],[112.182115,32.772801],[112.182064,32.773153],[112.182054,32.773631],[112.182121,32.773841],[112.182126,32.774448],[112.181893,32.776498],[112.181718,32.776953],[112.18148,32.777267],[112.18079,32.778532],[112.1827,32.779141],[112.182325,32.779853],[112.181842,32.779698],[112.180927,32.781308],[112.181396,32.781565],[112.182284,32.78191],[112.182644,32.782011],[112.182504,32.782494],[112.18487,32.783173],[112.185358,32.782061],[112.185508,32.780994],[112.183263,32.780372],[112.183419,32.779968],[112.185152,32.780404],[112.185887,32.780548],[112.185887,32.780372],[112.186938,32.780546],[112.188727,32.780735],[112.188451,32.781398],[112.185865,32.780927],[112.186005,32.781484],[112.188274,32.781946],[112.188287,32.782057],[112.188153,32.782566],[112.188188,32.782909],[112.188182,32.783317],[112.187957,32.783761],[112.189558,32.784278],[112.190157,32.78387],[112.191082,32.783085],[112.190057,32.782762],[112.191243,32.78011],[112.19315,32.780742],[112.192742,32.781342],[112.193029,32.781639],[112.193045,32.781689],[112.193037,32.781799],[112.192927,32.782034],[112.192933,32.782084],[112.193128,32.782372],[112.19301,32.782801],[112.194284,32.783175],[112.194416,32.78308],[112.194349,32.782523],[112.194644,32.781822],[112.195245,32.781982],[112.194888,32.782747],[112.195972,32.783069],[112.195768,32.783522],[112.19694,32.783928],[112.197098,32.783628],[112.198139,32.784075],[112.198748,32.783277],[112.199818,32.783806],[112.198351,32.785676],[112.197522,32.78587],[112.197195,32.785888],[112.197128,32.785949],[112.196918,32.786569],[112.196645,32.786961],[112.19742,32.787252],[112.199308,32.787757],[112.19885,32.788618],[112.198866,32.788995],[112.198544,32.789901],[112.19852,32.790041],[112.198547,32.790158],[112.200523,32.790715],[112.200641,32.790546],[112.200593,32.789987],[112.201178,32.789216],[112.201623,32.788727],[112.203179,32.789133],[112.203573,32.788332],[112.204058,32.787532],[112.204643,32.786803],[112.205223,32.785987],[112.205445,32.785516],[112.205826,32.78456],[112.206306,32.783159],[112.206403,32.782783],[112.208176,32.783209],[112.212068,32.783944],[112.212009,32.785074],[112.211762,32.786406],[112.211783,32.786916],[112.211545,32.790727],[112.213604,32.790932],[112.213535,32.791584],[112.216708,32.791671],[112.216727,32.791996],[112.218314,32.791859],[112.218454,32.79191],[112.218891,32.791881],[112.220482,32.791726],[112.220543,32.791814],[112.220541,32.791908],[112.222064,32.791814],[112.222019,32.79226],[112.224172,32.79189],[112.224473,32.793392],[112.223877,32.793638],[112.224416,32.795227],[112.22461,32.795099],[112.225157,32.797139],[112.225806,32.797101],[112.226573,32.797247],[112.227311,32.797184],[112.227694,32.797072],[112.228619,32.796948],[112.228582,32.798661],[112.228657,32.799144],[112.229094,32.798875],[112.230167,32.798411],[112.230325,32.798188],[112.230671,32.798018],[112.231299,32.797944],[112.231951,32.798048],[112.232305,32.797962],[112.232839,32.797741],[112.233284,32.797477],[112.235105,32.797286],[112.235006,32.796064],[112.235312,32.795992],[112.235829,32.795998],[112.237347,32.795901],[112.236921,32.795087],[112.238627,32.794878],[112.237905,32.793593],[112.236674,32.792585],[112.238015,32.79237],[112.237986,32.792012],[112.241754,32.791595],[112.241113,32.790377],[112.240346,32.789401],[112.240051,32.787834],[112.241347,32.787696],[112.241183,32.786086],[112.240228,32.786134],[112.23945,32.786291],[112.239222,32.784645],[112.240891,32.784627],[112.240845,32.782341],[112.239161,32.782273],[112.239158,32.782081],[112.239303,32.780855],[112.241561,32.780999],[112.241671,32.780137],[112.242629,32.780194],[112.242725,32.778543],[112.242213,32.778548],[112.24221,32.776962],[112.24368,32.776958],[112.243712,32.775368],[112.245804,32.775476],[112.245391,32.774213],[112.245367,32.774028],[112.245426,32.773629],[112.246679,32.773724],[112.246767,32.772492],[112.24858,32.772637],[112.248658,32.772549],[112.248921,32.771498],[112.248935,32.770815],[112.249018,32.770226],[112.248902,32.769509],[112.251086,32.769748],[112.251169,32.768117],[112.252569,32.768158],[112.252507,32.767344],[112.253585,32.767325],[112.25361,32.766811],[112.253079,32.766793],[112.252537,32.766723],[112.252588,32.76454],[112.252397,32.764524],[112.252376,32.76417],[112.251442,32.764105],[112.25155,32.762706],[112.250388,32.762697],[112.250353,32.761854],[112.250471,32.761337],[112.247856,32.761299],[112.247837,32.760728],[112.247097,32.760728],[112.247113,32.761748],[112.245775,32.761836],[112.245764,32.762048],[112.245131,32.76205],[112.244764,32.761966],[112.244745,32.760947],[112.244436,32.760158],[112.244192,32.759389],[112.243991,32.758529],[112.242897,32.758227],[112.243146,32.756878],[112.243272,32.75566],[112.242484,32.754979],[112.241776,32.754766],[112.241432,32.756934],[112.241293,32.758012],[112.237283,32.757624],[112.237605,32.755951],[112.236811,32.755669],[112.237085,32.754178],[112.237253,32.753939],[112.238184,32.753472],[112.238369,32.753418],[112.238495,32.753321],[112.238659,32.753106],[112.238702,32.752993],[112.238691,32.752605],[112.238005,32.75245],[112.237972,32.752416],[112.237913,32.751766],[112.23787,32.750526],[112.238624,32.75051],[112.238643,32.751663],[112.240684,32.751561],[112.240663,32.750977],[112.241765,32.750914],[112.241835,32.750733],[112.242658,32.750679],[112.242717,32.750438],[112.243468,32.750359],[112.243329,32.748886],[112.244369,32.748831],[112.244257,32.747027],[112.241934,32.747327],[112.241451,32.744011],[112.243264,32.742143],[112.243785,32.741432],[112.243613,32.741279],[112.2428,32.741694],[112.241011,32.741989],[112.241161,32.738603],[112.241229,32.738571],[112.241384,32.737048],[112.2429,32.73699],[112.242851,32.737547],[112.244418,32.737691],[112.244541,32.736306],[112.244984,32.736399],[112.245829,32.736514],[112.245992,32.735282],[112.247392,32.735395],[112.247301,32.73595],[112.247867,32.736015],[112.247878,32.735846],[112.248331,32.735893],[112.249015,32.733659],[112.249455,32.733714],[112.250077,32.733869],[112.251029,32.734422],[112.251212,32.733289],[112.251271,32.733134],[112.251434,32.733075],[112.25163,32.732229],[112.250654,32.732145],[112.25078,32.731654],[112.251249,32.731669],[112.251257,32.73102],[112.252419,32.731033],[112.254613,32.73115],[112.25475,32.731051],[112.254994,32.730629],[112.255152,32.730503],[112.255407,32.730108],[112.255576,32.729467],[112.255836,32.727831],[112.256362,32.72787],[112.256453,32.726902],[112.257649,32.726992],[112.257477,32.728091],[112.257955,32.728147],[112.258175,32.728077],[112.258212,32.72801],[112.258349,32.727303],[112.260235,32.727622],[112.260237,32.727308],[112.261369,32.72738],[112.261793,32.727376],[112.262016,32.726834],[112.262402,32.726148],[112.262517,32.725832],[112.262557,32.725361],[112.26234,32.72462],[112.26234,32.724036],[112.262625,32.720556],[112.262584,32.718512],[112.262622,32.718056],[112.262625,32.717442],[112.262785,32.716646],[112.263139,32.71582],[112.26333,32.715226],[112.262984,32.714741],[112.262976,32.714423],[112.263035,32.713922],[112.262917,32.712956],[112.262928,32.712019],[112.262831,32.711509],[112.262842,32.710767],[112.262979,32.710009],[112.263102,32.709526],[112.263341,32.709234],[112.263392,32.708675],[112.263314,32.708399],[112.263268,32.708045],[112.263123,32.707776],[112.262828,32.70695],[112.263255,32.706133],[112.263544,32.704928],[112.26362,32.704332],[112.263654,32.703538],[112.263389,32.701728],[112.263553,32.699389],[112.263952,32.696904],[112.264279,32.696218],[112.264483,32.695419],[112.264473,32.693787],[112.253398,32.693893],[112.256581,32.6858]]]}},{"type":"Feature","properties":{"regionCode":"411381116","sourceCode":"411381116000","name":"腰店镇","sourceName":"腰店镇","parentCode":"411381","parentName":"邓州市","regionLevel":"township","regionType":"town","isManagementZone":false,"source":"ruiduobao","sourceVersion":"mixed-legacy~2018-2020","geometryRepaired":false,"match2020":true,"match2023":true},"geometry":{"type":"Polygon","coordinates":[[[112.156991,32.603656],[112.157037,32.603028],[112.156135,32.603033],[112.156135,32.603186],[112.154354,32.603223],[112.154046,32.603058],[112.15377,32.603017],[112.150704,32.603067],[112.150707,32.603326],[112.150514,32.604732],[112.149226,32.604592],[112.14906,32.605473],[112.150444,32.605708],[112.150068,32.607737],[112.150098,32.608099],[112.151165,32.6082],[112.151023,32.608919],[112.151702,32.609029],[112.151487,32.609709],[112.15131,32.609662],[112.15112,32.610094],[112.151291,32.610137],[112.151195,32.61032],[112.152072,32.610593],[112.151849,32.611033],[112.150404,32.610559],[112.150291,32.610728],[112.150248,32.610902],[112.151771,32.611345],[112.151656,32.61165],[112.151235,32.611508],[112.150685,32.612696],[112.149854,32.612461],[112.149958,32.612188],[112.149591,32.612068],[112.14998,32.61118],[112.149438,32.610921],[112.149062,32.611585],[112.148792,32.611573],[112.147869,32.611323],[112.147711,32.611691],[112.147531,32.611662],[112.146128,32.611196],[112.146439,32.610509],[112.144921,32.609929],[112.144795,32.610173],[112.143239,32.60959],[112.143583,32.608528],[112.143215,32.608485],[112.142631,32.610137],[112.142432,32.610116],[112.142408,32.610066],[112.142977,32.608456],[112.142598,32.608415],[112.142239,32.609538],[112.141735,32.611368],[112.141448,32.612127],[112.140485,32.612122],[112.140605,32.612827],[112.140777,32.613078],[112.14097,32.613209],[112.141257,32.613254],[112.140246,32.614434],[112.141536,32.614836],[112.141319,32.615353],[112.139935,32.614994],[112.139184,32.616984],[112.141598,32.6175],[112.141397,32.618801],[112.140954,32.6193],[112.140895,32.619912],[112.140882,32.620789],[112.140833,32.62087],[112.140833,32.621891],[112.141587,32.621814],[112.141654,32.622492],[112.141941,32.624557],[112.139219,32.624835],[112.139001,32.623059],[112.13696,32.623317],[112.136215,32.623138],[112.13633,32.623961],[112.136582,32.625359],[112.136703,32.625614],[112.134895,32.626199],[112.13504,32.627261],[112.134997,32.627265],[112.135228,32.62868],[112.134501,32.628793],[112.134525,32.629125],[112.134133,32.629163],[112.13427,32.630374],[112.133578,32.630554],[112.133245,32.630582],[112.133178,32.62926],[112.13309,32.628713],[112.132789,32.628745],[112.132685,32.627882],[112.131094,32.62886],[112.131062,32.629027],[112.132012,32.628872],[112.131998,32.629362],[112.132081,32.630611],[112.132465,32.630566],[112.132596,32.631248],[112.133728,32.631155],[112.133897,32.632276],[112.135694,32.63209],[112.136622,32.631889],[112.136912,32.633265],[112.13868,32.633017],[112.138653,32.632544],[112.13901,32.632488],[112.139345,32.634019],[112.139291,32.634117],[112.139047,32.63427],[112.13912,32.634948],[112.137813,32.63521],[112.137926,32.636093],[112.139305,32.635955],[112.139519,32.637071],[112.138259,32.637288],[112.1388,32.640064],[112.139385,32.639944],[112.139211,32.638932],[112.140343,32.638767],[112.140541,32.639725],[112.140208,32.639802],[112.140635,32.640888],[112.140831,32.641299],[112.141271,32.641134],[112.141499,32.641862],[112.141635,32.642144],[112.141719,32.642169],[112.142341,32.642049],[112.142547,32.642937],[112.14329,32.642831],[112.143221,32.642453],[112.144326,32.642286],[112.144344,32.642465],[112.144441,32.642751],[112.144715,32.643958],[112.144774,32.644111],[112.146493,32.643784],[112.146984,32.646282],[112.146927,32.646354],[112.147139,32.647386],[112.148746,32.647104],[112.149307,32.648883],[112.149277,32.648928],[112.14833,32.649208],[112.148598,32.650209],[112.149685,32.650073],[112.150079,32.651523],[112.149628,32.651647],[112.149907,32.652668],[112.148027,32.653323],[112.148148,32.654387],[112.147842,32.65445],[112.147595,32.654208],[112.146638,32.654294],[112.14693,32.655997],[112.145932,32.656214],[112.146227,32.657652],[112.145938,32.657713],[112.146072,32.658185],[112.14719,32.657993],[112.147418,32.658467],[112.14862,32.658275],[112.148848,32.659797],[112.150556,32.659371],[112.150412,32.658032],[112.152158,32.657754],[112.152305,32.659307],[112.153756,32.659111],[112.153687,32.658436],[112.154711,32.658418],[112.154861,32.658592],[112.155181,32.658668],[112.155323,32.658926],[112.155816,32.659043],[112.156468,32.65931],[112.156712,32.659323],[112.157136,32.659265],[112.156768,32.657275],[112.157241,32.657203],[112.157297,32.657571],[112.158104,32.657481],[112.158187,32.657957],[112.157664,32.658016],[112.158075,32.66052],[112.15881,32.660452],[112.158987,32.66183],[112.159048,32.66299],[112.159142,32.663824],[112.159247,32.666827],[112.159188,32.667484],[112.159247,32.668475],[112.159561,32.670351],[112.160253,32.669785],[112.160644,32.671582],[112.162144,32.671297],[112.16117,32.675537],[112.161444,32.675553],[112.163085,32.67495],[112.163163,32.675684],[112.164271,32.675646],[112.164273,32.676874],[112.16434,32.676874],[112.164367,32.677876],[112.16456,32.677881],[112.164501,32.679725],[112.165172,32.679743],[112.165609,32.679804],[112.165968,32.679775],[112.165934,32.67796],[112.16636,32.677983],[112.166403,32.67973],[112.167173,32.679653],[112.167234,32.680818],[112.167932,32.680814],[112.167945,32.68099],[112.171142,32.682448],[112.171609,32.681945],[112.172178,32.681405],[112.172832,32.681141],[112.173404,32.681044],[112.174122,32.681017],[112.174991,32.681107],[112.17545,32.681344],[112.175689,32.681599],[112.176209,32.682848],[112.176381,32.683651],[112.176442,32.684708],[112.17644,32.686164],[112.177204,32.688638],[112.177743,32.689295],[112.178296,32.689731],[112.178915,32.690141],[112.179782,32.690356],[112.180994,32.690435],[112.182574,32.690252],[112.184543,32.689719],[112.186399,32.689372],[112.186938,32.689223],[112.188094,32.689193],[112.189116,32.689229],[112.191162,32.689629],[112.193432,32.690117],[112.195277,32.690374],[112.196757,32.690187],[112.198238,32.689767],[112.200837,32.688857],[112.20209,32.6885],[112.203922,32.68804],[112.207586,32.687699],[112.211174,32.686577],[112.213393,32.686026],[112.214876,32.685882],[112.219122,32.685313],[112.222,32.685595],[112.223558,32.685541],[112.224714,32.685473],[112.225983,32.685272],[112.226538,32.685297],[112.228252,32.685044],[112.229652,32.684952],[112.23172,32.684708],[112.232085,32.684674],[112.232289,32.684701],[112.236857,32.683748],[112.23742,32.683737],[112.238691,32.68338],[112.239651,32.683157],[112.243801,32.682502],[112.244361,32.682446],[112.246451,32.682687],[112.24847,32.683198],[112.250211,32.683753],[112.250949,32.683974],[112.251638,32.684134],[112.25189,32.684229],[112.252947,32.684426],[112.253486,32.684487],[112.258515,32.684604],[112.260919,32.684627],[112.26164,32.684606],[112.261635,32.684715],[112.262163,32.684724],[112.264751,32.684277],[112.265079,32.684247],[112.266047,32.683895],[112.26627,32.683726],[112.266964,32.683299],[112.267482,32.682881],[112.267828,32.682511],[112.268182,32.681942],[112.268372,32.681746],[112.268641,32.681349],[112.268665,32.681091],[112.268609,32.680382],[112.268512,32.679741],[112.268077,32.677806],[112.267911,32.677398],[112.267536,32.676709],[112.266862,32.675567],[112.26657,32.675127],[112.266302,32.674808],[112.265556,32.674063],[112.264843,32.673241],[112.264051,32.67253],[112.26355,32.672149],[112.262726,32.671589],[112.262447,32.671309],[112.262126,32.670823],[112.262139,32.670065],[112.262225,32.669062],[112.262359,32.668202],[112.262383,32.66773],[112.262504,32.666822],[112.262587,32.66652],[112.262721,32.666246],[112.263134,32.665544],[112.264287,32.664535],[112.264929,32.664131],[112.265371,32.663894],[112.267037,32.66334],[112.267372,32.663162],[112.267568,32.663151],[112.268085,32.662979],[112.269287,32.662649],[112.270942,32.662148],[112.271642,32.661882],[112.273664,32.66134],[112.273941,32.661227],[112.273042,32.660335],[112.27353,32.65998],[112.273458,32.659863],[112.272946,32.659375],[112.274386,32.658515],[112.274719,32.658508],[112.274415,32.658151],[112.27401,32.658395],[112.272573,32.656342],[112.269427,32.657514],[112.269078,32.657332],[112.268909,32.656354],[112.268847,32.654312],[112.270341,32.653583],[112.274944,32.651205],[112.274778,32.650543],[112.275429,32.650218],[112.276095,32.650663],[112.278686,32.650132],[112.277833,32.64728],[112.277299,32.647284],[112.274603,32.647126],[112.270918,32.646695],[112.269939,32.64644],[112.261705,32.644978],[112.260959,32.644861],[112.259671,32.644721],[112.260033,32.643495],[112.260098,32.642609],[112.259612,32.64124],[112.259309,32.640771],[112.2588,32.640177],[112.256681,32.638675],[112.255281,32.637792],[112.251517,32.635038],[112.251308,32.634844],[112.251222,32.6349],[112.251011,32.634785],[112.250742,32.634706],[112.249173,32.634713],[112.249087,32.63439],[112.24854,32.63439],[112.248532,32.634209],[112.247508,32.634221],[112.247475,32.633992],[112.247103,32.633958],[112.246107,32.634087],[112.245705,32.632258],[112.242366,32.633428],[112.241636,32.632018],[112.23875,32.632987],[112.238383,32.63228],[112.236527,32.632307],[112.236519,32.632526],[112.235719,32.632533],[112.235695,32.632953],[112.231852,32.632018],[112.231497,32.63355],[112.231318,32.633568],[112.231326,32.633446],[112.229126,32.633202],[112.229419,32.632285],[112.228426,32.632007],[112.227962,32.633814],[112.226578,32.633827],[112.226645,32.633574],[112.227437,32.63212],[112.226181,32.631738],[112.226085,32.632099],[112.226058,32.632133],[112.225921,32.632127],[112.224116,32.631643],[112.224427,32.630353],[112.222179,32.62982],[112.220573,32.629504],[112.220581,32.62926],[112.219894,32.629183],[112.219932,32.628415],[112.218652,32.62839],[112.218867,32.62518],[112.218904,32.625052],[112.216533,32.625318],[112.216415,32.627566],[112.214377,32.627647],[112.214339,32.628302],[112.213089,32.628253],[112.213122,32.62779],[112.213304,32.6276],[112.213256,32.625942],[112.211298,32.626328],[112.209581,32.626324],[112.207199,32.626434],[112.205139,32.626624],[112.203839,32.626843],[112.203602,32.625108],[112.203393,32.623107],[112.202578,32.623136],[112.202511,32.622079],[112.200993,32.622269],[112.20055,32.622282],[112.199472,32.622124],[112.198099,32.621656],[112.197661,32.621458],[112.197012,32.621252],[112.196843,32.620326],[112.196787,32.620226],[112.196736,32.620014],[112.196275,32.620168],[112.195518,32.616085],[112.194754,32.616155],[112.1947,32.615202],[112.193909,32.615249],[112.192756,32.615263],[112.192453,32.615234],[112.191785,32.615037],[112.191731,32.61494],[112.190924,32.614768],[112.190309,32.614495],[112.190336,32.614764],[112.191066,32.617014],[112.190548,32.6171],[112.189293,32.617429],[112.188861,32.617402],[112.188915,32.618299],[112.188199,32.618369],[112.188223,32.618948],[112.18627,32.619045],[112.186262,32.618882],[112.184379,32.618959],[112.184309,32.617565],[112.182781,32.617673],[112.182955,32.619022],[112.178974,32.619282],[112.178296,32.621537],[112.177776,32.621467],[112.177314,32.623104],[112.174326,32.62277],[112.17391,32.625226],[112.177014,32.625725],[112.176566,32.627137],[112.170225,32.626104],[112.170469,32.625117],[112.171266,32.622693],[112.170276,32.622499],[112.169997,32.622549],[112.169396,32.623382],[112.167012,32.622436],[112.166964,32.621722],[112.166221,32.621647],[112.16547,32.621519],[112.165381,32.621647],[112.163753,32.621241],[112.163595,32.621964],[112.163345,32.622775],[112.161712,32.622318],[112.162173,32.621121],[112.161433,32.621824],[112.161213,32.622101],[112.161092,32.622325],[112.160743,32.62258],[112.160317,32.623007],[112.159888,32.623098],[112.159821,32.62315],[112.159558,32.62322],[112.159276,32.623269],[112.160261,32.619878],[112.161191,32.619804],[112.161409,32.618649],[112.16161,32.618652],[112.16194,32.61703],[112.163098,32.617678],[112.163404,32.616422],[112.162833,32.616327],[112.163007,32.614996],[112.16374,32.614987],[112.16492,32.615039],[112.165402,32.613641],[112.165837,32.613596],[112.165915,32.611847],[112.166931,32.611759],[112.166926,32.611323],[112.167116,32.611339],[112.167079,32.610184],[112.167146,32.609145],[112.165765,32.609156],[112.165754,32.608864],[112.164882,32.608761],[112.164048,32.608711],[112.163697,32.608521],[112.162932,32.608239],[112.1622,32.607893],[112.16309,32.607061],[112.161559,32.606601],[112.161629,32.605787],[112.161363,32.60578],[112.161385,32.605252],[112.161435,32.605066],[112.161419,32.604947],[112.159625,32.604969],[112.159563,32.604224],[112.157541,32.604251],[112.157463,32.60412],[112.157222,32.603848],[112.156991,32.603656]]]}},{"type":"Feature","properties":{"regionCode":"411381117","sourceCode":"411381117000","name":"九龙镇","sourceName":"九龙镇","parentCode":"411381","parentName":"邓州市","regionLevel":"township","regionType":"town","isManagementZone":false,"source":"ruiduobao","sourceVersion":"mixed-legacy~2018-2020","geometryRepaired":false,"match2020":true,"match2023":true},"geometry":{"type":"Polygon","coordinates":[[[111.901205,32.682909],[111.900513,32.682608],[111.900153,32.682586],[111.899899,32.682665],[111.899461,32.682976],[111.899102,32.683085],[111.898826,32.683112],[111.898533,32.683085],[111.897943,32.682778],[111.897514,32.682353],[111.896498,32.681988],[111.896516,32.67961],[111.892858,32.679662],[111.892584,32.68157],[111.89281,32.681588],[111.892563,32.682602],[111.892488,32.68304],[111.892624,32.683286],[111.892348,32.68378],[111.892037,32.684112],[111.891479,32.683924],[111.890943,32.685324],[111.890361,32.684706],[111.889132,32.684814],[111.887992,32.684961],[111.888118,32.685633],[111.887528,32.685719],[111.887654,32.686591],[111.887746,32.686981],[111.886388,32.687703],[111.886042,32.687661],[111.886278,32.690214],[111.8863,32.690963],[111.885482,32.690983],[111.88531,32.688406],[111.884516,32.688437],[111.884492,32.688496],[111.884546,32.689259],[111.884766,32.691148],[111.883749,32.691275],[111.883741,32.691006],[111.88174,32.69099],[111.881788,32.691645],[111.879522,32.691792],[111.879417,32.691735],[111.879353,32.6916],[111.879331,32.69125],[111.879511,32.690848],[111.878701,32.690832],[111.878307,32.690789],[111.878269,32.691374],[111.877352,32.691026],[111.876223,32.690918],[111.874968,32.690936],[111.87412,32.691101],[111.874061,32.691083],[111.873975,32.691494],[111.873237,32.692044],[111.872618,32.692715],[111.871644,32.693848],[111.87084,32.695126],[111.870472,32.695401],[111.868954,32.696694],[111.867774,32.698437],[111.86687,32.699884],[111.866717,32.701051],[111.866693,32.701994],[111.866618,32.702477],[111.865813,32.704346],[111.865907,32.704707],[111.866111,32.704958],[111.867025,32.705804],[111.867382,32.706179],[111.867573,32.706429],[111.867747,32.707066],[111.867575,32.707546],[111.866519,32.708359],[111.866371,32.708873],[111.866347,32.709514],[111.866285,32.710047],[111.86599,32.710609],[111.865679,32.711051],[111.865333,32.711275],[111.86492,32.711381],[111.864426,32.711329],[111.863911,32.711141],[111.863541,32.71115],[111.862613,32.711029],[111.862273,32.710792],[111.86208,32.710584],[111.861674,32.710024],[111.861377,32.709959],[111.861087,32.710011],[111.860744,32.710176],[111.860634,32.710805],[111.860607,32.711205],[111.860403,32.71153],[111.85995,32.711904],[111.859558,32.712177],[111.859239,32.712362],[111.858273,32.712789],[111.858027,32.712949],[111.857788,32.713346],[111.857418,32.713633],[111.856922,32.713608],[111.856522,32.713703],[111.856264,32.713933],[111.855908,32.714524],[111.854776,32.715919],[111.854266,32.716625],[111.853647,32.717169],[111.853094,32.717505],[111.852633,32.717607],[111.850817,32.717483],[111.849926,32.717246],[111.849489,32.71707],[111.849355,32.716497],[111.848719,32.716043],[111.848419,32.715867],[111.848089,32.715908],[111.847011,32.716689],[111.846541,32.717077],[111.846254,32.717598],[111.845984,32.718656],[111.845847,32.718934],[111.845611,32.719119],[111.845061,32.719661],[111.844522,32.720259],[111.843977,32.721071],[111.843672,32.721328],[111.843173,32.721599],[111.842325,32.721773],[111.841579,32.721443],[111.841236,32.72108],[111.840844,32.720527],[111.840587,32.720344],[111.840209,32.720283],[111.83978,32.720297],[111.839257,32.720459],[111.838385,32.720963],[111.837738,32.721515],[111.83717,32.722134],[111.837041,32.722418],[111.836703,32.723474],[111.836261,32.724453],[111.835966,32.725004],[111.835536,32.725489],[111.833608,32.726315],[111.832964,32.726701],[111.832809,32.726947],[111.832707,32.727231],[111.832583,32.727728],[111.832505,32.72845],[111.832283,32.729219],[111.831792,32.730255],[111.831414,32.730956],[111.830872,32.73166],[111.830357,32.732432],[111.829995,32.73288],[111.828962,32.734075],[111.828573,32.734442],[111.827844,32.734997],[111.827248,32.735383],[111.826631,32.735677],[111.825733,32.736022],[111.825272,32.736119],[111.824754,32.736126],[111.824451,32.736028],[111.823984,32.735749],[111.823646,32.735498],[111.822938,32.735293],[111.8226,32.735329],[111.820664,32.735803],[111.820339,32.736114],[111.820162,32.736746],[111.820116,32.73763],[111.820103,32.739302],[111.819945,32.740735],[111.819939,32.743426],[111.822149,32.743435],[111.822219,32.744816],[111.826551,32.744836],[111.826846,32.745757],[111.828686,32.746156],[111.828729,32.747805],[111.830067,32.748019],[111.830421,32.748498],[111.8307,32.748944],[111.830746,32.749267],[111.832524,32.74986],[111.833085,32.750438],[111.833584,32.750708],[111.833981,32.750767],[111.834742,32.750977],[111.835448,32.751281],[111.835936,32.751532],[111.836438,32.751836],[111.837111,32.752344],[111.837441,32.752637],[111.839246,32.754033],[111.839745,32.754304],[111.838884,32.756781],[111.8385,32.75882],[111.838401,32.760419],[111.837425,32.760304],[111.837392,32.761193],[111.83703,32.761173],[111.836636,32.761082],[111.836242,32.760891],[111.835896,32.760672],[111.835598,32.760239],[111.835223,32.760133],[111.834635,32.760061],[111.834252,32.759779],[111.833932,32.759483],[111.833734,32.759894],[111.833675,32.760457],[111.833691,32.760794],[111.833825,32.761218],[111.834455,32.762316],[111.834665,32.762812],[111.834842,32.763356],[111.834568,32.764711],[111.834136,32.764594],[111.834241,32.766703],[111.833093,32.766613],[111.832967,32.76848],[111.832945,32.769256],[111.832473,32.770763],[111.834796,32.770747],[111.834936,32.773462],[111.837218,32.774319],[111.836438,32.777427],[111.83805,32.777975],[111.83754,32.779299],[111.842448,32.780814],[111.842049,32.780967],[111.840603,32.781813],[111.840745,32.782005],[111.841156,32.781885],[111.8413,32.781775],[111.841469,32.781556],[111.841719,32.78143],[111.842574,32.781231],[111.842609,32.780753],[111.84347,32.780602],[111.843449,32.780158],[111.846276,32.779959],[111.846214,32.780446],[111.850291,32.780207],[111.852174,32.780225],[111.853518,32.780284],[111.85329,32.781775],[111.854001,32.781793],[111.85399,32.782038],[111.856439,32.782271],[111.85612,32.783337],[111.85668,32.783344],[111.856645,32.783822],[111.85763,32.783879],[111.857619,32.784542],[111.858158,32.784553],[111.858826,32.784614],[111.858737,32.785245],[111.858788,32.785665],[111.860561,32.786043],[111.860497,32.786307],[111.858818,32.785964],[111.858767,32.78617],[111.860443,32.786517],[111.860376,32.786711],[111.861492,32.787141],[111.861186,32.788104],[111.862898,32.788373],[111.863319,32.788517],[111.862721,32.789856],[111.862892,32.789874],[111.863045,32.789538],[111.866765,32.790517],[111.867119,32.789597],[111.868308,32.789892],[111.868455,32.789669],[111.869885,32.790043],[111.870027,32.78973],[111.870244,32.789423],[111.871132,32.789689],[111.871277,32.789491],[111.871805,32.789642],[111.871988,32.789261],[111.87225,32.789096],[111.872985,32.789457],[111.873232,32.789078],[111.872444,32.788731],[111.872505,32.788607],[111.873305,32.788959],[111.87346,32.788702],[111.873616,32.78877],[111.873406,32.789063],[111.873026,32.789712],[111.873428,32.790095],[111.873479,32.790217],[111.873747,32.790434],[111.875295,32.791173],[111.875617,32.791414],[111.875829,32.79146],[111.876043,32.791565],[111.876225,32.791735],[111.876979,32.790589],[111.877162,32.790199],[111.877384,32.790251],[111.877084,32.79079],[111.876378,32.791836],[111.876475,32.791969],[111.876649,32.79208],[111.877387,32.792075],[111.877811,32.791002],[111.878484,32.791248],[111.87961,32.791491],[111.879731,32.791268],[111.880005,32.791308],[111.880353,32.79049],[111.880482,32.790573],[111.880667,32.7906],[111.883736,32.790977],[111.885028,32.791081],[111.885517,32.791171],[111.885726,32.791085],[111.886364,32.791135],[111.886662,32.791018],[111.886764,32.790948],[111.887142,32.790438],[111.887501,32.790095],[111.887936,32.790064],[111.888118,32.790007],[111.888692,32.789719],[111.888928,32.789507],[111.88914,32.789241],[111.889553,32.788898],[111.889958,32.788127],[111.890551,32.788165],[111.892429,32.788384],[111.892941,32.786197],[111.892456,32.78612],[111.892375,32.78566],[111.892445,32.785516],[111.8926,32.784914],[111.892753,32.785053],[111.894092,32.785286],[111.894405,32.785383],[111.895041,32.785468],[111.894985,32.786109],[111.896326,32.786373],[111.896417,32.787635],[111.894564,32.787435],[111.894432,32.787468],[111.894392,32.787498],[111.894172,32.788544],[111.89503,32.78865],[111.896245,32.788706],[111.896262,32.788907],[111.89676,32.78893],[111.89672,32.788968],[111.89665,32.789182],[111.896626,32.789493],[111.896661,32.789768],[111.896747,32.789971],[111.896819,32.790438],[111.897133,32.790648],[111.897452,32.790688],[111.897611,32.790986],[111.897501,32.791825],[111.897233,32.7932],[111.898187,32.79364],[111.898177,32.79375],[111.898035,32.794095],[111.898871,32.794485],[111.898732,32.794722],[111.898866,32.794815],[111.899413,32.795008],[111.900955,32.795144],[111.900918,32.79557],[111.903528,32.795757],[111.90666,32.796129],[111.906237,32.797874],[111.909868,32.798449],[111.909745,32.799049],[111.909716,32.79936],[111.910483,32.79945],[111.910719,32.799554],[111.910697,32.799633],[111.910839,32.799631],[111.911172,32.799603],[111.911569,32.799511],[111.91203,32.799355],[111.912154,32.799227],[111.912183,32.79908],[111.911977,32.798553],[111.911899,32.798472],[111.911593,32.79833],[111.9114,32.798197],[111.911381,32.797888],[111.91155,32.797755],[111.911885,32.797829],[111.91206,32.797721],[111.912189,32.797583],[111.91203,32.796875],[111.912116,32.796557],[111.912368,32.796251],[111.912492,32.796199],[111.912583,32.796255],[111.912695,32.796217],[111.912781,32.796233],[111.913084,32.796088],[111.913176,32.79591],[111.913197,32.795692],[111.913146,32.795525],[111.91284,32.795157],[111.912789,32.795031],[111.912867,32.794578],[111.912929,32.794488],[111.913393,32.794278],[111.913476,32.79412],[111.913618,32.793987],[111.914093,32.793647],[111.914278,32.793579],[111.914578,32.793288],[111.915683,32.793096],[111.91593,32.792941],[111.916091,32.792684],[111.916166,32.791739],[111.916158,32.791363],[111.916091,32.791002],[111.91619,32.79049],[111.916131,32.790348],[111.916134,32.790231],[111.916029,32.790161],[111.915882,32.789917],[111.91626,32.789829],[111.916437,32.789836],[111.917483,32.789996],[111.917494,32.78989],[111.916324,32.789694],[111.916123,32.789683],[111.915729,32.789859],[111.915466,32.789608],[111.915509,32.789459],[111.915549,32.789419],[111.915957,32.789209],[111.916126,32.788986],[111.916727,32.788553],[111.916984,32.788445],[111.917534,32.788319],[111.91611,32.787901],[111.915984,32.788332],[111.915024,32.788145],[111.915018,32.78812],[111.915732,32.785761],[111.915936,32.785601],[111.916805,32.785834],[111.916802,32.785453],[111.91692,32.785175],[111.917312,32.784704],[111.917596,32.784598],[111.917655,32.784499],[111.918103,32.78304],[111.915348,32.782327],[111.915882,32.78097],[111.91662,32.781121],[111.91685,32.780248],[111.91655,32.780165],[111.916727,32.779375],[111.916512,32.779308],[111.916654,32.778518],[111.916459,32.778403],[111.916279,32.778225],[111.916215,32.778038],[111.916118,32.77751],[111.91619,32.776692],[111.916359,32.776629],[111.917038,32.776597],[111.917194,32.776563],[111.917271,32.776482],[111.917309,32.776292],[111.917373,32.776198],[111.917599,32.776024],[111.917666,32.776139],[111.917784,32.776581],[111.917778,32.776714],[111.918564,32.776252],[111.919042,32.775844],[111.919216,32.775731],[111.919667,32.775666],[111.921311,32.775643],[111.921281,32.775343],[111.921287,32.774612],[111.92251,32.774585],[111.923735,32.774511],[111.923912,32.774443],[111.924712,32.773837],[111.924575,32.773363],[111.92457,32.772889],[111.922705,32.772865],[111.922695,32.772231],[111.922558,32.771205],[111.922805,32.771182],[111.922853,32.769969],[111.921209,32.769775],[111.921169,32.769227],[111.921136,32.76904],[111.921029,32.768791],[111.920949,32.768092],[111.919868,32.768225],[111.919884,32.767959],[111.919852,32.767889],[111.919787,32.767334],[111.919669,32.766838],[111.919084,32.766895],[111.918953,32.765237],[111.91891,32.765052],[111.92104,32.764838],[111.92089,32.762896],[111.92075,32.762936],[111.919294,32.763036],[111.919278,32.762578],[111.921627,32.762395],[111.9216,32.761712],[111.919353,32.761703],[111.919656,32.759864],[111.918709,32.759706],[111.918146,32.759652],[111.918014,32.760322],[111.917086,32.760241],[111.917175,32.759959],[111.917215,32.759562],[111.917338,32.757225],[111.917596,32.75737],[111.917829,32.755861],[111.91736,32.755797],[111.917609,32.754047],[111.918991,32.754151],[111.919034,32.753914],[111.918886,32.753102],[111.918561,32.753099],[111.917725,32.752989],[111.916485,32.752757],[111.915292,32.752655],[111.915262,32.752107],[111.917497,32.752393],[111.91754,32.751825],[111.915227,32.75155],[111.915182,32.751076],[111.915227,32.750817],[111.915364,32.750724],[111.915364,32.750508],[111.915115,32.750417],[111.915002,32.750014],[111.914777,32.749977],[111.914836,32.749603],[111.915305,32.749632],[111.915281,32.749923],[111.915565,32.749975],[111.915898,32.748236],[111.916279,32.748175],[111.916343,32.74677],[111.916241,32.746835],[111.915686,32.747034],[111.915544,32.746973],[111.91397,32.746752],[111.913913,32.746113],[111.914358,32.745166],[111.914428,32.744559],[111.914519,32.743106],[111.914345,32.743002],[111.914474,32.741096],[111.914753,32.740927],[111.914667,32.737987],[111.914565,32.737321],[111.914468,32.735169],[111.91434,32.73365],[111.912132,32.73298],[111.912776,32.731599],[111.911212,32.73113],[111.910882,32.731002],[111.911148,32.730372],[111.911006,32.730487],[111.910606,32.730706],[111.91044,32.730729],[111.910021,32.730665],[111.909868,32.730577],[111.909976,32.730295],[111.910024,32.730031],[111.909981,32.729846],[111.907841,32.72916],[111.90802,32.728759],[111.909954,32.72944],[111.910064,32.72919],[111.908334,32.728605],[111.908678,32.728578],[111.909152,32.728709],[111.909482,32.727897],[111.909812,32.72694],[111.909898,32.726575],[111.908656,32.726383],[111.908903,32.725523],[111.910413,32.725661],[111.910509,32.724907],[111.909233,32.724695],[111.909514,32.724117],[111.908179,32.723804],[111.908302,32.723023],[111.909018,32.723149],[111.909627,32.723355],[111.910402,32.723801],[111.910585,32.722996],[111.910751,32.721915],[111.909045,32.721495],[111.909254,32.720732],[111.90779,32.72048],[111.907945,32.719731],[111.909455,32.719992],[111.909745,32.719541],[111.909917,32.71913],[111.909919,32.718938],[111.911277,32.719002],[111.911392,32.718704],[111.911564,32.717318],[111.913001,32.717501],[111.913012,32.717307],[111.911601,32.717171],[111.911652,32.71656],[111.91191,32.716501],[111.911877,32.715942],[111.913023,32.715693],[111.912934,32.715592],[111.912881,32.714849],[111.912819,32.714716],[111.91273,32.714657],[111.912524,32.714068],[111.912371,32.713459],[111.912355,32.713272],[111.912274,32.713236],[111.9131,32.713249],[111.913092,32.712552],[111.913015,32.712207],[111.912722,32.71215],[111.912816,32.711769],[111.91283,32.711561],[111.91247,32.711563],[111.912028,32.711509],[111.912014,32.711053],[111.911952,32.71081],[111.913063,32.710844],[111.913076,32.710692],[111.912913,32.710593],[111.912722,32.710419],[111.913599,32.710469],[111.914136,32.709873],[111.913972,32.709821],[111.91453,32.708404],[111.915112,32.707323],[111.915421,32.706926],[111.914922,32.70695],[111.914466,32.707032],[111.914273,32.707014],[111.914345,32.705998],[111.914377,32.705878],[111.915536,32.705973],[111.916577,32.705935],[111.916445,32.705637],[111.916384,32.705181],[111.914004,32.705301],[111.913908,32.705109],[111.912577,32.705188],[111.91202,32.705149],[111.911963,32.703574],[111.910424,32.703718],[111.910217,32.70238],[111.910053,32.701017],[111.910045,32.700249],[111.90964,32.700258],[111.909785,32.699119],[111.909351,32.69897],[111.908865,32.698701],[111.908991,32.697963],[111.90905,32.697044],[111.909407,32.697053],[111.910322,32.697186],[111.910504,32.697177],[111.910595,32.696597],[111.910727,32.694922],[111.9107,32.694767],[111.910928,32.692911],[111.910923,32.692821],[111.910405,32.69276],[111.910552,32.692358],[111.91041,32.692351],[111.91044,32.691934],[111.91056,32.691758],[111.910973,32.691593],[111.911628,32.691087],[111.911888,32.690774],[111.912057,32.690388],[111.910115,32.690121],[111.908975,32.689792],[111.907886,32.689823],[111.907082,32.689656],[111.906717,32.689383],[111.905867,32.689324],[111.903761,32.689038],[111.903364,32.688852],[111.902809,32.688114],[111.902543,32.687286],[111.90157,32.685202],[111.901484,32.684426],[111.901596,32.683746],[111.901639,32.683331],[111.901618,32.683175],[111.901205,32.682909]]]}},{"type":"Feature","properties":{"regionCode":"411381118","sourceCode":"411381118000","name":"文渠镇","sourceName":"文渠镇","parentCode":"411381","parentName":"邓州市","regionLevel":"township","regionType":"town","isManagementZone":false,"source":"ruiduobao","sourceVersion":"mixed-legacy~2018-2020","geometryRepaired":false,"match2020":true,"match2023":true},"geometry":{"type":"Polygon","coordinates":[[[111.917462,32.682784],[111.917239,32.682782],[111.91711,32.682863],[111.916764,32.683281],[111.917167,32.683543],[111.91662,32.68404],[111.916606,32.684353],[111.916453,32.685069],[111.917328,32.685139],[111.917137,32.686433],[111.916295,32.686317],[111.916185,32.687065],[111.916139,32.687187],[111.915729,32.68757],[111.9156,32.687767],[111.915472,32.688193],[111.914999,32.688205],[111.91467,32.69022],[111.913656,32.690363],[111.912663,32.690401],[111.912057,32.690388],[111.911888,32.690774],[111.911628,32.691087],[111.910973,32.691593],[111.91056,32.691758],[111.91044,32.691934],[111.91041,32.692351],[111.910552,32.692358],[111.910405,32.69276],[111.910923,32.692821],[111.910928,32.692911],[111.910708,32.694685],[111.910727,32.694922],[111.910595,32.696597],[111.910504,32.697177],[111.910322,32.697186],[111.909407,32.697053],[111.90905,32.697044],[111.908991,32.697963],[111.908865,32.698701],[111.909351,32.69897],[111.909785,32.699119],[111.90964,32.700258],[111.910045,32.700249],[111.910053,32.701017],[111.910217,32.70238],[111.910424,32.703718],[111.911963,32.703574],[111.91202,32.705149],[111.912577,32.705188],[111.913908,32.705109],[111.914004,32.705301],[111.916384,32.705181],[111.916445,32.705637],[111.916577,32.705935],[111.915536,32.705973],[111.914377,32.705878],[111.914345,32.705998],[111.914273,32.707014],[111.914466,32.707032],[111.914922,32.70695],[111.915421,32.706926],[111.915112,32.707323],[111.91453,32.708404],[111.913972,32.709821],[111.914136,32.709873],[111.913599,32.710469],[111.912722,32.710419],[111.912913,32.710593],[111.913076,32.710692],[111.913063,32.710844],[111.911952,32.71081],[111.912014,32.711053],[111.912028,32.711509],[111.91247,32.711563],[111.91283,32.711561],[111.912816,32.711769],[111.912722,32.71215],[111.913015,32.712207],[111.913092,32.712552],[111.9131,32.713249],[111.912274,32.713236],[111.912355,32.713272],[111.912387,32.713536],[111.912524,32.714068],[111.91273,32.714657],[111.912819,32.714716],[111.912881,32.714849],[111.912934,32.715592],[111.913023,32.715693],[111.911877,32.715942],[111.91191,32.716501],[111.911652,32.71656],[111.911601,32.717171],[111.913012,32.717307],[111.913001,32.717501],[111.911564,32.717318],[111.911392,32.718704],[111.911277,32.719002],[111.909919,32.718938],[111.909917,32.71913],[111.909745,32.719541],[111.909455,32.719992],[111.907945,32.719731],[111.90779,32.72048],[111.909254,32.720732],[111.909045,32.721495],[111.910751,32.721915],[111.910585,32.722996],[111.910402,32.723801],[111.909627,32.723355],[111.909018,32.723149],[111.908302,32.723023],[111.908179,32.723804],[111.909514,32.724117],[111.909233,32.724695],[111.910509,32.724907],[111.910413,32.725661],[111.908903,32.725523],[111.908656,32.726383],[111.909898,32.726575],[111.909812,32.72694],[111.909482,32.727897],[111.909152,32.728709],[111.908678,32.728578],[111.908334,32.728605],[111.910064,32.72919],[111.909954,32.72944],[111.90802,32.728759],[111.907841,32.72916],[111.909981,32.729846],[111.910024,32.730031],[111.909976,32.730295],[111.909868,32.730577],[111.910021,32.730665],[111.91044,32.730729],[111.910606,32.730706],[111.911006,32.730487],[111.911148,32.730372],[111.910882,32.731002],[111.911212,32.73113],[111.912776,32.731599],[111.912132,32.73298],[111.91434,32.73365],[111.914468,32.735169],[111.914565,32.737321],[111.914667,32.737987],[111.914753,32.740927],[111.914474,32.741096],[111.914345,32.743002],[111.914519,32.743106],[111.914428,32.744559],[111.914358,32.745166],[111.913913,32.746113],[111.91397,32.746752],[111.915544,32.746973],[111.915686,32.747034],[111.916241,32.746835],[111.916343,32.74677],[111.916279,32.748175],[111.915898,32.748236],[111.915565,32.749975],[111.915281,32.749923],[111.915305,32.749632],[111.914836,32.749603],[111.914777,32.749977],[111.915002,32.750014],[111.915115,32.750417],[111.915364,32.750508],[111.915364,32.750724],[111.915227,32.750817],[111.915182,32.751076],[111.915227,32.75155],[111.91754,32.751825],[111.917497,32.752393],[111.915262,32.752107],[111.915292,32.752655],[111.916485,32.752757],[111.917725,32.752989],[111.918561,32.753099],[111.918886,32.753102],[111.919034,32.753914],[111.918991,32.754151],[111.917609,32.754047],[111.91736,32.755797],[111.917829,32.755861],[111.917596,32.75737],[111.917338,32.757225],[111.917215,32.759562],[111.917175,32.759959],[111.917086,32.760241],[111.918014,32.760322],[111.918146,32.759652],[111.918709,32.759706],[111.919656,32.759864],[111.919353,32.761703],[111.9216,32.761712],[111.921627,32.762395],[111.919278,32.762578],[111.919294,32.763036],[111.92075,32.762936],[111.92089,32.762896],[111.92104,32.764838],[111.91891,32.765052],[111.918953,32.765237],[111.919084,32.766895],[111.919669,32.766838],[111.919787,32.767334],[111.919852,32.767889],[111.919884,32.767959],[111.919868,32.768225],[111.920949,32.768092],[111.921029,32.768791],[111.921136,32.76904],[111.921169,32.769227],[111.921209,32.769775],[111.922853,32.769969],[111.922805,32.771182],[111.922558,32.771205],[111.922695,32.772231],[111.922705,32.772865],[111.92457,32.772889],[111.924575,32.773363],[111.924712,32.773837],[111.923912,32.774443],[111.923735,32.774511],[111.92251,32.774585],[111.921287,32.774612],[111.921281,32.775343],[111.921311,32.775643],[111.919667,32.775666],[111.919216,32.775731],[111.919042,32.775844],[111.918564,32.776252],[111.917778,32.776714],[111.917784,32.776581],[111.917666,32.776139],[111.917599,32.776024],[111.917373,32.776198],[111.917309,32.776292],[111.917271,32.776482],[111.917194,32.776563],[111.917038,32.776597],[111.916359,32.776629],[111.91619,32.776692],[111.916118,32.77751],[111.916215,32.778038],[111.916279,32.778225],[111.916459,32.778403],[111.916654,32.778518],[111.916512,32.779308],[111.916727,32.779375],[111.91655,32.780165],[111.91685,32.780248],[111.91662,32.781121],[111.915882,32.78097],[111.915348,32.782327],[111.918103,32.78304],[111.917655,32.784499],[111.917596,32.784598],[111.917312,32.784704],[111.91692,32.785175],[111.916802,32.785453],[111.916805,32.785834],[111.915936,32.785601],[111.915732,32.785761],[111.915024,32.788145],[111.915984,32.788332],[111.91611,32.787901],[111.917534,32.788319],[111.918105,32.788197],[111.918285,32.788089],[111.918242,32.787946],[111.917939,32.787638],[111.91806,32.787356],[111.918843,32.787259],[111.919393,32.787435],[111.919897,32.787547],[111.92005,32.787543],[111.920434,32.787117],[111.92097,32.786952],[111.921163,32.786806],[111.921359,32.78656],[111.921667,32.786341],[111.922131,32.786102],[111.9224,32.785922],[111.922829,32.785714],[111.923049,32.785628],[111.923427,32.785556],[111.923625,32.785216],[111.923784,32.784747],[111.923832,32.784264],[111.923674,32.783874],[111.92369,32.783563],[111.923752,32.78331],[111.923934,32.78329],[111.924285,32.783396],[111.92461,32.783344],[111.924819,32.783272],[111.924956,32.783078],[111.925213,32.782934],[111.925342,32.782767],[111.925412,32.782595],[111.925514,32.782557],[111.925903,32.78267],[111.926807,32.782681],[111.927069,32.782884],[111.927314,32.78297],[111.92756,32.783015],[111.927861,32.783015],[111.928035,32.783087],[111.928314,32.783333],[111.928545,32.783425],[111.92896,32.783398],[111.929119,32.78329],[111.929229,32.783261],[111.929883,32.783457],[111.930119,32.783488],[111.930698,32.783371],[111.931106,32.783146],[111.931272,32.783046],[111.931576,32.782627],[111.931723,32.782571],[111.931999,32.782582],[111.932319,32.782751],[111.93274,32.782798],[111.93304,32.782203],[111.933233,32.781914],[111.933804,32.782009],[111.934368,32.782386],[111.934424,32.782521],[111.934652,32.782783],[111.935057,32.782882],[111.935242,32.782855],[111.935419,32.782692],[111.93558,32.782722],[111.935773,32.782875],[111.935961,32.782972],[111.936422,32.783119],[111.936623,32.783299],[111.936532,32.783671],[111.936154,32.784844],[111.935875,32.784792],[111.935768,32.785209],[111.935459,32.785168],[111.935416,32.785462],[111.936763,32.785716],[111.936452,32.786639],[111.937184,32.786801],[111.93734,32.786801],[111.93746,32.786607],[111.937841,32.786654],[111.938219,32.786765],[111.938292,32.787137],[111.938284,32.787577],[111.937551,32.789096],[111.938034,32.789317],[111.937884,32.789816],[111.93745,32.790871],[111.938716,32.791302],[111.938745,32.791223],[111.940172,32.791735],[111.940043,32.792156],[111.94043,32.792172],[111.939786,32.794305],[111.940397,32.794416],[111.940652,32.793565],[111.941746,32.793825],[111.941459,32.794217],[111.943157,32.794826],[111.944096,32.795225],[111.94349,32.796625],[111.944126,32.796817],[111.943882,32.79787],[111.944257,32.797933],[111.944005,32.799105],[111.945405,32.799346],[111.945335,32.800241],[111.945722,32.801793],[111.945802,32.802023],[111.946325,32.802864],[111.94633,32.802938],[111.944574,32.80287],[111.94445,32.803488],[111.946558,32.803596],[111.946448,32.803197],[111.946821,32.803454],[111.947688,32.803795],[111.948484,32.804083],[111.949243,32.804241],[111.94919,32.804442],[111.948675,32.804333],[111.948632,32.804518],[111.948219,32.804446],[111.948106,32.805215],[111.948878,32.805429],[111.948986,32.805003],[111.949809,32.805192],[111.949739,32.805564],[111.950458,32.805761],[111.95071,32.804904],[111.951019,32.80501],[111.951351,32.804996],[111.952143,32.80517],[111.953009,32.802361],[111.953631,32.800115],[111.954554,32.798221],[111.956107,32.796251],[111.958323,32.794792],[111.959685,32.794116],[111.960873,32.793739],[111.965854,32.79343],[111.967345,32.792774],[111.969416,32.789667],[111.97109,32.786778],[111.971693,32.78559],[111.972801,32.781878],[111.973193,32.780234],[111.973445,32.77869],[111.973745,32.777361],[111.974217,32.774842],[111.973858,32.770278],[111.974228,32.768552],[111.974376,32.765232],[111.974904,32.761224],[111.977203,32.755028],[111.977364,32.752245],[111.977101,32.750562],[111.976508,32.747769],[111.970315,32.741946],[111.96704,32.739332],[111.966916,32.739124],[111.96683,32.738792],[111.966806,32.738558],[111.966895,32.737933],[111.9673,32.736904],[111.968172,32.735668],[111.968359,32.735582],[111.968762,32.735487],[111.969816,32.735358],[111.975574,32.735079],[111.978541,32.734848],[111.980443,32.73507],[111.982698,32.734898],[111.987596,32.736191],[111.98967,32.736683],[111.990187,32.736681],[111.990997,32.736543],[111.991456,32.736417],[111.993722,32.735293],[111.995361,32.734562],[111.995704,32.734472],[111.997856,32.734169],[111.99855,32.734093],[112.000849,32.733987],[112.002356,32.733738],[112.007734,32.732139],[112.013042,32.730435],[112.017063,32.729341],[112.016741,32.726487],[112.016293,32.724984],[112.015271,32.722474],[112.015491,32.722405],[112.014032,32.718516],[112.014601,32.718212],[112.015038,32.717815],[112.015786,32.717275],[112.017776,32.716165],[112.018259,32.715833],[112.019335,32.715208],[112.021065,32.714114],[112.02062,32.713355],[112.019992,32.711622],[112.020606,32.711484],[112.020204,32.710372],[112.01926,32.7106],[112.018911,32.709408],[112.017336,32.709871],[112.016875,32.708876],[112.019343,32.708052],[112.018943,32.706903],[112.018222,32.707088],[112.017283,32.704535],[112.019134,32.704111],[112.017854,32.70013],[112.019458,32.69994],[112.019136,32.698105],[112.018884,32.698132],[112.018782,32.697554],[112.018726,32.697013],[112.018219,32.697114],[112.017851,32.695175],[112.017143,32.695365],[112.01694,32.694509],[112.016838,32.693934],[112.016186,32.693852],[112.015936,32.693886],[112.015665,32.693979],[112.015258,32.694259],[112.01518,32.694153],[112.014906,32.693358],[112.014399,32.691661],[112.013823,32.69204],[112.014185,32.693094],[112.014499,32.694148],[112.014665,32.694489],[112.014177,32.694586],[112.013329,32.692295],[112.012677,32.692566],[112.012133,32.691722],[112.011932,32.692065],[112.011698,32.692622],[112.011417,32.693491],[112.011057,32.692864],[112.010913,32.692956],[112.01087,32.693173],[112.010921,32.693611],[112.010824,32.694322],[112.010626,32.694667],[112.010398,32.694837],[112.01018,32.694945],[112.008914,32.695329],[112.008531,32.695548],[112.008284,32.695891],[112.007619,32.696259],[112.007171,32.696462],[112.006479,32.696665],[112.005615,32.696803],[112.001179,32.697182],[111.997909,32.697904],[111.994881,32.698459],[111.993468,32.698568],[111.992269,32.698701],[111.990785,32.698798],[111.988795,32.699175],[111.988283,32.69913],[111.987843,32.699222],[111.987473,32.699444],[111.987146,32.699495],[111.986534,32.699507],[111.986126,32.699229],[111.985745,32.698872],[111.985383,32.698674],[111.984439,32.698245],[111.983913,32.698085],[111.981545,32.697514],[111.979131,32.696378],[111.978621,32.696076],[111.978412,32.696022],[111.977881,32.696144],[111.976902,32.696279],[111.976382,32.696107],[111.975945,32.695735],[111.975829,32.695475],[111.975942,32.695132],[111.9758,32.694749],[111.975422,32.694428],[111.974735,32.694062],[111.974429,32.693988],[111.974263,32.694006],[111.974118,32.694089],[111.973971,32.69429],[111.973391,32.695554],[111.972729,32.696541],[111.972495,32.69697],[111.972289,32.697241],[111.972131,32.697317],[111.971951,32.697344],[111.97157,32.697302],[111.970288,32.696931],[111.969655,32.696918],[111.969403,32.696818],[111.969234,32.696624],[111.969129,32.696308],[111.969118,32.696015],[111.969419,32.695724],[111.969475,32.695464],[111.969317,32.695308],[111.969006,32.695168],[111.968445,32.695144],[111.967911,32.695162],[111.966879,32.695372],[111.966136,32.695444],[111.96472,32.695378],[111.963695,32.695814],[111.96303,32.69636],[111.962579,32.696821],[111.962381,32.696943],[111.962053,32.696825],[111.960723,32.695563],[111.960085,32.695241],[111.960254,32.693211],[111.959752,32.693191],[111.959669,32.694193],[111.958489,32.694119],[111.958427,32.694875],[111.957781,32.69497],[111.95696,32.695209],[111.956939,32.694931],[111.955622,32.694787],[111.955372,32.694735],[111.954688,32.693683],[111.954323,32.693381],[111.953226,32.693225],[111.952832,32.693284],[111.952373,32.693728],[111.952266,32.69404],[111.952344,32.694609],[111.952296,32.695042],[111.952137,32.695252],[111.951472,32.695345],[111.950761,32.695487],[111.950128,32.695945],[111.949431,32.696516],[111.948868,32.696825],[111.948621,32.696888],[111.947859,32.696609],[111.947591,32.696444],[111.947433,32.696182],[111.947363,32.69569],[111.947411,32.695435],[111.947562,32.695216],[111.947698,32.69515],[111.948162,32.695121],[111.94861,32.694981],[111.94868,32.694859],[111.948664,32.694672],[111.948583,32.694554],[111.94838,32.694435],[111.948039,32.694347],[111.947773,32.694367],[111.947435,32.694496],[111.947114,32.694561],[111.946912,32.694545],[111.946709,32.69446],[111.946304,32.693782],[111.946263,32.69413],[111.94618,32.695995],[111.946947,32.69608],[111.947173,32.696261],[111.94647,32.696631],[111.946006,32.696498],[111.945979,32.69664],[111.944474,32.696439],[111.943924,32.696322],[111.943715,32.696313],[111.943683,32.696383],[111.943696,32.696733],[111.943758,32.696936],[111.943927,32.697232],[111.94434,32.697597],[111.94478,32.697712],[111.945335,32.698229],[111.945239,32.698468],[111.944941,32.698622],[111.944265,32.698701],[111.943825,32.698902],[111.943412,32.699638],[111.943122,32.700048],[111.942865,32.700252],[111.942516,32.700303],[111.942098,32.700276],[111.941371,32.699938],[111.940489,32.699466],[111.939778,32.699202],[111.939523,32.698988],[111.938708,32.697577],[111.938442,32.697462],[111.937871,32.697399],[111.936929,32.697572],[111.936208,32.697766],[111.936095,32.697845],[111.935942,32.698195],[111.935867,32.698764],[111.935717,32.698922],[111.935553,32.698954],[111.935347,32.698938],[111.935191,32.698793],[111.934845,32.698347],[111.934513,32.697453],[111.934129,32.697268],[111.93366,32.697148],[111.933255,32.697245],[111.932455,32.697536],[111.932278,32.69755],[111.931986,32.697475],[111.93153,32.697053],[111.931168,32.696439],[111.931066,32.695999],[111.931168,32.695527],[111.931458,32.695155],[111.931986,32.694787],[111.932294,32.694211],[111.932308,32.693954],[111.932184,32.693627],[111.931956,32.693306],[111.931471,32.69288],[111.931114,32.692848],[111.93035,32.692959],[111.929891,32.692965],[111.929368,32.692871],[111.928657,32.692491],[111.927855,32.691983],[111.927335,32.691415],[111.927244,32.691123],[111.927582,32.690302],[111.927641,32.68988],[111.927627,32.689706],[111.927402,32.68946],[111.926664,32.689017],[111.926085,32.688787],[111.925465,32.688674],[111.92509,32.688755],[111.924068,32.689281],[111.923534,32.689011],[111.923481,32.688798],[111.923389,32.688758],[111.923245,32.688746],[111.922984,32.688821],[111.922754,32.688611],[111.922536,32.688564],[111.921952,32.688566],[111.920908,32.688257],[111.921616,32.685999],[111.920517,32.685819],[111.920399,32.686503],[111.920069,32.686622],[111.919817,32.686645],[111.919744,32.686568],[111.91946,32.686401],[111.919838,32.684791],[111.919315,32.684735],[111.918913,32.684651],[111.919009,32.684331],[111.919275,32.683775],[111.919312,32.683631],[111.918712,32.683658],[111.917792,32.683626],[111.917577,32.682816],[111.917462,32.682784]]]}},{"type":"Feature","properties":{"regionCode":"411381119","sourceCode":"411381119000","name":"高集镇","sourceName":"高集镇","parentCode":"411381","parentName":"邓州市","regionLevel":"township","regionType":"town","isManagementZone":false,"source":"ruiduobao","sourceVersion":"mixed-legacy~2018-2020","geometryRepaired":false,"match2020":true,"match2023":true},"geometry":{"type":"Polygon","coordinates":[[[111.914589,32.612843],[111.914216,32.613058],[111.913184,32.613469],[111.912907,32.61348],[111.913127,32.61393],[111.911767,32.614445],[111.911856,32.614653],[111.910904,32.615048],[111.910791,32.615159],[111.910161,32.61536],[111.909268,32.615703],[111.909144,32.615493],[111.908374,32.615769],[111.908278,32.615672],[111.907983,32.615112],[111.906339,32.615789],[111.905118,32.613559],[111.905008,32.61379],[111.904568,32.614361],[111.904383,32.613919],[111.904169,32.613672],[111.903914,32.613729],[111.903466,32.613892],[111.902736,32.614208],[111.902535,32.614332],[111.901747,32.614614],[111.901344,32.614811],[111.901202,32.61449],[111.90113,32.61414],[111.900982,32.614032],[111.900473,32.613128],[111.896895,32.615288],[111.896624,32.61454],[111.896106,32.613313],[111.896055,32.613261],[111.895666,32.613365],[111.895626,32.613254],[111.895604,32.612945],[111.895551,32.61285],[111.893722,32.613015],[111.893845,32.613919],[111.893268,32.614027],[111.892649,32.614242],[111.892362,32.614267],[111.892316,32.61374],[111.891181,32.613817],[111.890978,32.613873],[111.890964,32.613697],[111.88983,32.61377],[111.889808,32.613607],[111.888741,32.61367],[111.887729,32.613779],[111.887751,32.614565],[111.887971,32.615952],[111.886482,32.616146],[111.886686,32.617744],[111.885275,32.617895],[111.885648,32.618039],[111.88593,32.618473],[111.884031,32.618611],[111.884398,32.619273],[111.881196,32.619196],[111.88122,32.620179],[111.880616,32.620253],[111.880147,32.619831],[111.879914,32.619869],[111.878902,32.620068],[111.879184,32.620414],[111.878878,32.620518],[111.87791,32.620732],[111.877685,32.620841],[111.876116,32.621049],[111.876188,32.621528],[111.876191,32.621781],[111.875676,32.62174],[111.875627,32.621787],[111.875587,32.62312],[111.875533,32.623522],[111.874356,32.622666],[111.872728,32.626034],[111.871172,32.625169],[111.870633,32.625982],[111.869386,32.625047],[111.869753,32.624521],[111.868788,32.62387],[111.868066,32.623305],[111.867779,32.623136],[111.867465,32.623477],[111.867291,32.623511],[111.867213,32.623427],[111.86702,32.62364],[111.866932,32.623791],[111.866875,32.624121],[111.866682,32.624742],[111.866658,32.624927],[111.866497,32.625135],[111.866264,32.625309],[111.865545,32.625592],[111.865408,32.625833],[111.865422,32.626226],[111.865304,32.626425],[111.865285,32.626529],[111.865121,32.626647],[111.864721,32.6268],[111.863651,32.627022],[111.863069,32.627259],[111.862718,32.627476],[111.862546,32.627808],[111.86249,32.628804],[111.862487,32.629454],[111.862734,32.629475],[111.862509,32.631151],[111.861307,32.631137],[111.861133,32.631772],[111.860666,32.632255],[111.860012,32.63266],[111.859824,32.632732],[111.859515,32.633041],[111.858375,32.634374],[111.859038,32.634442],[111.859118,32.634544],[111.859598,32.634544],[111.85958,32.635065],[111.861267,32.634986],[111.861205,32.636387],[111.861109,32.636671],[111.861095,32.63685],[111.861133,32.637026],[111.861157,32.638205],[111.859749,32.638187],[111.8597,32.638745],[111.859513,32.639323],[111.859354,32.639264],[111.858571,32.638763],[111.858303,32.638767],[111.858107,32.639002],[111.857962,32.639235],[111.859421,32.639836],[111.859121,32.640504],[111.857557,32.63991],[111.857193,32.639908],[111.857056,32.639962],[111.85693,32.639955],[111.856004,32.640421],[111.855052,32.641055],[111.854277,32.641713],[111.853226,32.64284],[111.852786,32.643535],[111.85277,32.643757],[111.852539,32.643953],[111.852654,32.644337],[111.852638,32.644389],[111.852523,32.644421],[111.851699,32.644348],[111.851501,32.644405],[111.851313,32.644504],[111.8512,32.644678],[111.851144,32.644897],[111.850541,32.644793],[111.850069,32.645995],[111.849205,32.645943],[111.848416,32.64578],[111.846965,32.645337],[111.84681,32.645536],[111.846713,32.645839],[111.848921,32.646939],[111.848607,32.647282],[111.848947,32.647436],[111.849908,32.647736],[111.849476,32.648253],[111.849157,32.648517],[111.848864,32.648626],[111.84832,32.648707],[111.847593,32.649152],[111.846973,32.649577],[111.846812,32.649626],[111.847738,32.650268],[111.847451,32.650778],[111.846826,32.650412],[111.846303,32.650035],[111.845917,32.650405],[111.847266,32.651151],[111.846804,32.652088],[111.847561,32.652508],[111.848081,32.652585],[111.847797,32.653955],[111.846233,32.653958],[111.84575,32.653811],[111.84508,32.6563],[111.844811,32.656275],[111.844997,32.65571],[111.844997,32.655552],[111.845034,32.655498],[111.845163,32.654963],[111.844712,32.654787],[111.844562,32.655324],[111.844659,32.655356],[111.844739,32.655478],[111.844538,32.656417],[111.843688,32.65636],[111.843462,32.657002],[111.843524,32.657359],[111.843524,32.657555],[111.843371,32.657948],[111.843291,32.658255],[111.843111,32.659255],[111.842529,32.659149],[111.841947,32.659091],[111.841856,32.659043],[111.841426,32.658962],[111.841131,32.658953],[111.840971,32.658908],[111.840815,32.659292],[111.842011,32.659486],[111.842019,32.65994],[111.842065,32.66029],[111.842277,32.661281],[111.840169,32.661227],[111.839715,32.662243],[111.839662,32.662534],[111.839648,32.663085],[111.839758,32.66255],[111.839997,32.662141],[111.840338,32.662074],[111.84148,32.662148],[111.843806,32.662037],[111.845825,32.6618],[111.845943,32.662789],[111.846976,32.662828],[111.847357,32.662742],[111.8477,32.663792],[111.848132,32.665501],[111.84825,32.666097],[111.848116,32.666556],[111.847907,32.666833],[111.847193,32.667434],[111.846654,32.667969],[111.844417,32.667766],[111.844398,32.668906],[111.844452,32.669864],[111.844723,32.671239],[111.844862,32.671616],[111.845224,32.671977],[111.845721,32.672072],[111.84597,32.672282],[111.846533,32.673302],[111.847016,32.674011],[111.847258,32.674293],[111.847349,32.674851],[111.847081,32.67689],[111.847038,32.678271],[111.847268,32.678475],[111.847866,32.678265],[111.849234,32.677335],[111.849693,32.677138],[111.850036,32.677086],[111.851152,32.677104],[111.851439,32.677052],[111.851667,32.676833],[111.855642,32.675838],[111.856785,32.67549],[111.857386,32.675438],[111.85763,32.676842],[111.859979,32.676874],[111.860923,32.679558],[111.861135,32.679922],[111.861728,32.679917],[111.863737,32.680145],[111.865987,32.681536],[111.866304,32.681825],[111.866744,32.682647],[111.866752,32.683518],[111.866814,32.684148],[111.867047,32.684437],[111.86768,32.684748],[111.867688,32.6855],[111.867836,32.685936],[111.868069,32.68625],[111.868471,32.686561],[111.868933,32.686825],[111.870319,32.687737],[111.871617,32.688722],[111.872859,32.689489],[111.873755,32.690234],[111.873989,32.69062],[111.874061,32.691083],[111.87412,32.691101],[111.874968,32.690936],[111.876223,32.690918],[111.877352,32.691026],[111.878269,32.691374],[111.878307,32.690789],[111.878701,32.690832],[111.879511,32.690848],[111.879331,32.69125],[111.879353,32.6916],[111.879417,32.691735],[111.879522,32.691792],[111.881788,32.691645],[111.88174,32.69099],[111.883741,32.691006],[111.883749,32.691275],[111.884766,32.691148],[111.884546,32.689259],[111.884492,32.688496],[111.884516,32.688437],[111.88531,32.688406],[111.885482,32.690983],[111.8863,32.690963],[111.886278,32.690214],[111.886042,32.687661],[111.886388,32.687703],[111.887746,32.686981],[111.887654,32.686591],[111.887528,32.685719],[111.888118,32.685633],[111.887992,32.684961],[111.889132,32.684814],[111.890361,32.684706],[111.890943,32.685324],[111.891479,32.683924],[111.892037,32.684112],[111.892348,32.68378],[111.892624,32.683286],[111.892488,32.68304],[111.892563,32.682602],[111.89281,32.681588],[111.892584,32.68157],[111.892858,32.679662],[111.896516,32.67961],[111.896498,32.681988],[111.897514,32.682353],[111.897943,32.682778],[111.898533,32.683085],[111.898826,32.683112],[111.899102,32.683085],[111.899461,32.682976],[111.899899,32.682665],[111.900153,32.682586],[111.900513,32.682608],[111.901205,32.682909],[111.901618,32.683175],[111.901639,32.683331],[111.901596,32.683746],[111.901484,32.684426],[111.90157,32.685202],[111.902543,32.687286],[111.902809,32.688114],[111.903364,32.688852],[111.903761,32.689038],[111.905867,32.689324],[111.906717,32.689383],[111.907082,32.689656],[111.907886,32.689823],[111.908975,32.689792],[111.910115,32.690121],[111.91214,32.690399],[111.913656,32.690363],[111.91467,32.69022],[111.914999,32.688205],[111.915472,32.688193],[111.9156,32.687767],[111.915729,32.68757],[111.916139,32.687187],[111.916185,32.687065],[111.916295,32.686317],[111.917137,32.686433],[111.917328,32.685139],[111.916453,32.685069],[111.916606,32.684353],[111.91662,32.68404],[111.917167,32.683543],[111.916764,32.683281],[111.91711,32.682863],[111.917239,32.682782],[111.917462,32.682784],[111.917577,32.682816],[111.917792,32.683626],[111.918712,32.683658],[111.919312,32.683631],[111.919275,32.683775],[111.919009,32.684331],[111.918913,32.684651],[111.919315,32.684735],[111.919838,32.684791],[111.91946,32.686401],[111.919744,32.686568],[111.919817,32.686645],[111.920069,32.686622],[111.920399,32.686503],[111.920517,32.685819],[111.921616,32.685999],[111.920908,32.688257],[111.921952,32.688566],[111.922536,32.688564],[111.922754,32.688611],[111.922984,32.688821],[111.923245,32.688746],[111.923389,32.688758],[111.923481,32.688798],[111.923534,32.689011],[111.924068,32.689281],[111.92509,32.688755],[111.925465,32.688674],[111.926085,32.688787],[111.926664,32.689017],[111.927402,32.68946],[111.927627,32.689706],[111.927641,32.68988],[111.927582,32.690302],[111.927244,32.691123],[111.927335,32.691415],[111.927855,32.691983],[111.928657,32.692491],[111.929368,32.692871],[111.929891,32.692965],[111.93035,32.692959],[111.931114,32.692848],[111.931471,32.69288],[111.931956,32.693306],[111.932184,32.693627],[111.932308,32.693954],[111.932294,32.694211],[111.931986,32.694787],[111.931458,32.695155],[111.931168,32.695527],[111.931066,32.695999],[111.931168,32.696439],[111.93153,32.697053],[111.931986,32.697475],[111.932278,32.69755],[111.932455,32.697536],[111.933255,32.697245],[111.93366,32.697148],[111.934129,32.697268],[111.934513,32.697453],[111.934845,32.698347],[111.935191,32.698793],[111.935347,32.698938],[111.935553,32.698954],[111.935717,32.698922],[111.935867,32.698764],[111.935942,32.698195],[111.936095,32.697845],[111.936208,32.697766],[111.936929,32.697572],[111.937871,32.697399],[111.938442,32.697462],[111.938708,32.697577],[111.939523,32.698988],[111.939778,32.699202],[111.940489,32.699466],[111.941371,32.699938],[111.942098,32.700276],[111.942516,32.700303],[111.942865,32.700252],[111.943122,32.700048],[111.943412,32.699638],[111.943825,32.698902],[111.944265,32.698701],[111.944941,32.698622],[111.945239,32.698468],[111.945335,32.698229],[111.94478,32.697712],[111.94434,32.697597],[111.943927,32.697232],[111.943758,32.696936],[111.943696,32.696733],[111.943683,32.696383],[111.943715,32.696313],[111.943924,32.696322],[111.944474,32.696439],[111.945979,32.69664],[111.946006,32.696498],[111.94647,32.696631],[111.947173,32.696261],[111.946947,32.69608],[111.94618,32.695995],[111.946263,32.69413],[111.946304,32.693782],[111.946709,32.69446],[111.946912,32.694545],[111.947114,32.694561],[111.947435,32.694496],[111.947773,32.694367],[111.948039,32.694347],[111.94838,32.694435],[111.948583,32.694554],[111.948664,32.694672],[111.94868,32.694859],[111.94861,32.694981],[111.948162,32.695121],[111.947698,32.69515],[111.947562,32.695216],[111.947411,32.695435],[111.947363,32.69569],[111.947433,32.696182],[111.947591,32.696444],[111.947859,32.696609],[111.948621,32.696888],[111.948868,32.696825],[111.949431,32.696516],[111.950128,32.695945],[111.950761,32.695487],[111.951472,32.695345],[111.952137,32.695252],[111.952296,32.695042],[111.952344,32.694609],[111.952266,32.69404],[111.952373,32.693728],[111.952832,32.693284],[111.953226,32.693225],[111.954323,32.693381],[111.954688,32.693683],[111.955372,32.694735],[111.955622,32.694787],[111.956939,32.694931],[111.95696,32.695209],[111.957781,32.69497],[111.958427,32.694875],[111.958489,32.694119],[111.959669,32.694193],[111.959752,32.693191],[111.960254,32.693211],[111.960085,32.695241],[111.960723,32.695563],[111.962053,32.696825],[111.962381,32.696943],[111.962579,32.696821],[111.96303,32.69636],[111.963695,32.695814],[111.96472,32.695378],[111.966136,32.695444],[111.966879,32.695372],[111.967911,32.695162],[111.968445,32.695144],[111.969006,32.695168],[111.969317,32.695308],[111.969475,32.695464],[111.969419,32.695724],[111.969118,32.696015],[111.969129,32.696308],[111.969234,32.696624],[111.969403,32.696818],[111.969655,32.696918],[111.970288,32.696931],[111.97157,32.697302],[111.971951,32.697344],[111.972131,32.697317],[111.972289,32.697241],[111.972495,32.69697],[111.972729,32.696541],[111.973391,32.695554],[111.973971,32.69429],[111.974118,32.694089],[111.974263,32.694006],[111.974429,32.693988],[111.974735,32.694062],[111.975422,32.694428],[111.9758,32.694749],[111.975942,32.695132],[111.975829,32.695475],[111.975945,32.695735],[111.976382,32.696107],[111.976902,32.696279],[111.977881,32.696144],[111.978412,32.696022],[111.978621,32.696076],[111.979131,32.696378],[111.981545,32.697514],[111.983913,32.698085],[111.984439,32.698245],[111.985383,32.698674],[111.985745,32.698872],[111.986126,32.699229],[111.986534,32.699507],[111.987146,32.699495],[111.987473,32.699444],[111.987843,32.699222],[111.988283,32.69913],[111.988795,32.699175],[111.990785,32.698798],[111.992269,32.698701],[111.993468,32.698568],[111.994881,32.698459],[111.997909,32.697904],[112.001179,32.697182],[112.002614,32.69704],[112.004899,32.696879],[112.005731,32.696789],[112.006479,32.696665],[112.007171,32.696462],[112.007619,32.696259],[112.008284,32.695891],[112.008531,32.695548],[112.008914,32.695329],[112.01018,32.694945],[112.010398,32.694837],[112.010626,32.694667],[112.010824,32.694322],[112.010921,32.693611],[112.01087,32.693173],[112.010913,32.692956],[112.01058,32.693166],[112.010328,32.692828],[112.009936,32.692121],[112.009808,32.692141],[112.009783,32.690873],[112.010154,32.690758],[112.010701,32.690478],[112.011071,32.690248],[112.011296,32.690024],[112.011602,32.689871],[112.012318,32.689383],[112.012769,32.689026],[112.013152,32.688647],[112.013329,32.688317],[112.013195,32.688094],[112.012825,32.687961],[112.012517,32.68788],[112.012146,32.687852],[112.011806,32.687925],[112.011438,32.687837],[112.011063,32.687629],[112.010491,32.687038],[112.010001,32.68632],[112.009625,32.685929],[112.009459,32.685819],[112.008839,32.685602],[112.008716,32.68548],[112.008281,32.684733],[112.008437,32.684435],[112.008582,32.684313],[112.00904,32.684376],[112.009263,32.684353],[112.009931,32.684031],[112.010229,32.683823],[112.010588,32.683645],[112.011438,32.683505],[112.012219,32.683315],[112.012538,32.683134],[112.013772,32.68224],[112.014735,32.681588],[112.015373,32.681224],[112.016108,32.680714],[112.016945,32.680288],[112.017524,32.680055],[112.018541,32.679897],[112.0196,32.679802],[112.020223,32.679705],[112.021145,32.679301],[112.023294,32.678606],[112.023739,32.678511],[112.024055,32.678606],[112.025348,32.678235],[112.026217,32.677732],[112.026367,32.677511],[112.02629,32.676531],[112.026233,32.67621],[112.026233,32.675673],[112.026338,32.675429],[112.026518,32.67535],[112.027186,32.675352],[112.027894,32.675192],[112.028519,32.675099],[112.028631,32.675054],[112.028816,32.674842],[112.028942,32.6743],[112.029101,32.674108],[112.029675,32.673831],[112.030023,32.673609],[112.030308,32.673478],[112.030959,32.673225],[112.031236,32.673155],[112.031568,32.67293],[112.03203,32.672415],[112.032668,32.671988],[112.033044,32.671552],[112.033553,32.67081],[112.033639,32.670579],[112.033607,32.670114],[112.033392,32.669423],[112.033261,32.66924],[112.033073,32.669082],[112.032923,32.669042],[112.032748,32.669024],[112.032199,32.669055],[112.031748,32.668956],[112.031552,32.668827],[112.031491,32.668565],[112.031517,32.668299],[112.031659,32.668218],[112.032161,32.667732],[112.033054,32.667332],[112.033218,32.666242],[112.033124,32.665282],[112.032821,32.664874],[112.032258,32.664438],[112.031896,32.664106],[112.031756,32.663474],[112.031761,32.663227],[112.03204,32.66281],[112.032284,32.662514],[112.032309,32.662408],[112.032239,32.662241],[112.031823,32.661572],[112.031676,32.661398],[112.031413,32.661227],[112.03108,32.661136],[112.030954,32.661132],[112.030418,32.661206],[112.030101,32.661213],[112.029803,32.661112],[112.029667,32.661019],[112.029487,32.660782],[112.029323,32.660427],[112.029157,32.660382],[112.0288,32.660506],[112.028591,32.660543],[112.028342,32.660504],[112.028084,32.660256],[112.027966,32.659874],[112.027971,32.65973],[112.028143,32.659346],[112.02846,32.658982],[112.028661,32.658869],[112.029213,32.658176],[112.029586,32.657566],[112.029916,32.656905],[112.030093,32.656668],[112.030203,32.656613],[112.030452,32.656564],[112.031319,32.656421],[112.031539,32.656426],[112.032357,32.656729],[112.032687,32.65672],[112.032496,32.656898],[112.032453,32.657052],[112.032791,32.657058],[112.033529,32.656467],[112.033572,32.656351],[112.03358,32.656135],[112.033499,32.655886],[112.033408,32.655749],[112.033057,32.655584],[112.032727,32.65552],[112.031863,32.655561],[112.031182,32.655493],[112.030906,32.655333],[112.030825,32.655188],[112.030831,32.65485],[112.031075,32.654303],[112.031169,32.654193],[112.032555,32.653348],[112.032861,32.65326],[112.032963,32.653292],[112.03307,32.653438],[112.033116,32.654156],[112.033196,32.654556],[112.033258,32.654653],[112.033328,32.654744],[112.033623,32.654947],[112.033752,32.654947],[112.033945,32.654895],[112.034017,32.654805],[112.03417,32.65408],[112.034446,32.65361],[112.034339,32.653194],[112.034419,32.652905],[112.034519,32.652799],[112.034886,32.652682],[112.035618,32.652244],[112.035763,32.651846],[112.035766,32.651442],[112.03538,32.650787],[112.035144,32.650685],[112.034755,32.650611],[112.033604,32.650557],[112.03244,32.650584],[112.031539,32.650446],[112.031297,32.650369],[112.031075,32.650193],[112.030876,32.649915],[112.030833,32.649775],[112.030855,32.64957],[112.031013,32.649355],[112.031305,32.649217],[112.031528,32.649168],[112.032048,32.648951],[112.032647,32.64847],[112.032834,32.648402],[112.033183,32.648393],[112.033274,32.648468],[112.033465,32.648825],[112.033596,32.64894],[112.03373,32.648983],[112.033856,32.64898],[112.033966,32.648933],[112.034178,32.648666],[112.034245,32.648057],[112.034334,32.647842],[112.034436,32.64739],[112.034438,32.647239],[112.034387,32.647142],[112.034269,32.647052],[112.034151,32.647013],[112.033725,32.647052],[112.031952,32.647483],[112.031528,32.647539],[112.031112,32.647542],[112.030756,32.647427],[112.030589,32.647327],[112.030345,32.647067],[112.030015,32.646562],[112.029946,32.64627],[112.029921,32.645918],[112.030013,32.64545],[112.030152,32.645238],[112.030302,32.645098],[112.030957,32.644296],[112.031539,32.643874],[112.031804,32.643757],[112.032848,32.643483],[112.032805,32.643305],[112.032976,32.643122],[112.033046,32.642943],[112.033019,32.642867],[112.032767,32.642876],[112.032553,32.642831],[112.032054,32.642559],[112.030836,32.643045],[112.030251,32.64319],[112.030155,32.644068],[112.028739,32.644161],[112.028881,32.642121],[112.026574,32.643174],[112.02567,32.64185],[112.025241,32.642363],[112.024267,32.641462],[112.023688,32.641907],[112.022307,32.640583],[112.023071,32.640093],[112.021601,32.638733],[112.020327,32.639531],[112.017079,32.635869],[112.015429,32.636823],[112.014324,32.635598],[112.012672,32.636409],[112.012342,32.63614],[112.00856,32.632102],[112.006323,32.629669],[112.006015,32.629188],[112.005951,32.629136],[112.0059,32.629131],[112.004398,32.630087],[112.003979,32.629689],[112.001823,32.631124],[112.001426,32.630762],[112.000396,32.631625],[112.000551,32.631725],[112.00075,32.631801],[111.998057,32.633764],[111.998556,32.634349],[111.998411,32.63448],[111.998953,32.63511],[111.997241,32.636131],[111.996796,32.635939],[111.995667,32.636461],[111.995348,32.636655],[111.994522,32.637071],[111.994074,32.636574],[111.993985,32.63668],[111.993889,32.636701],[111.99347,32.636669],[111.994219,32.638139],[111.992918,32.638584],[111.992593,32.638812],[111.992462,32.638869],[111.992298,32.638892],[111.991928,32.638862],[111.990965,32.63888],[111.990362,32.638817],[111.989678,32.638896],[111.989015,32.638862],[111.988787,32.638937],[111.98843,32.639],[111.987956,32.638887],[111.986773,32.638691],[111.986684,32.63724],[111.981411,32.637875],[111.981462,32.636213],[111.978573,32.636432],[111.978517,32.635269],[111.978863,32.635271],[111.978672,32.633791],[111.978385,32.633766],[111.978506,32.632246],[111.977272,32.632145],[111.976425,32.632149],[111.976344,32.633656],[111.976068,32.633649],[111.976159,32.632149],[111.974823,32.632081],[111.974762,32.632838],[111.974075,32.632825],[111.97304,32.632746],[111.971557,32.632682],[111.971763,32.630787],[111.970709,32.630755],[111.970586,32.632192],[111.970119,32.632127],[111.970084,32.632687],[111.96804,32.632497],[111.967785,32.631935],[111.967498,32.631069],[111.967356,32.630925],[111.963883,32.632944],[111.962483,32.633703],[111.96182,32.633947],[111.961477,32.634015],[111.960938,32.63404],[111.95994,32.633986],[111.960066,32.632504],[111.962153,32.632779],[111.962222,32.63224],[111.960114,32.632079],[111.9602,32.631327],[111.958752,32.631225],[111.958462,32.631268],[111.958078,32.631187],[111.957719,32.6312],[111.957073,32.632032],[111.955935,32.633392],[111.955769,32.633656],[111.954527,32.633507],[111.954369,32.63479],[111.954329,32.635772],[111.952886,32.635734],[111.952135,32.635592],[111.951507,32.636807],[111.952663,32.637394],[111.950989,32.637469],[111.950466,32.639359],[111.949031,32.639429],[111.946172,32.639251],[111.945051,32.639095],[111.943664,32.638738],[111.943814,32.63579],[111.942358,32.635883],[111.941178,32.635869],[111.941049,32.634437],[111.940467,32.634641],[111.940472,32.633371],[111.940521,32.632454],[111.935872,32.632149],[111.935701,32.632732],[111.935382,32.633588],[111.935323,32.633895],[111.934282,32.633504],[111.934665,32.632581],[111.934797,32.632127],[111.934464,32.632111],[111.934446,32.631519],[111.933826,32.631341],[111.933011,32.631056],[111.933139,32.630514],[111.933134,32.630268],[111.933043,32.629945],[111.932742,32.629502],[111.931584,32.62919],[111.931187,32.628241],[111.931066,32.628483],[111.930875,32.628657],[111.929862,32.629138],[111.929119,32.629581],[111.929398,32.630089],[111.92804,32.630898],[111.927027,32.629502],[111.92767,32.628883],[111.927134,32.627509],[111.926994,32.627022],[111.928732,32.627223],[111.92863,32.626755],[111.927067,32.626482],[111.927077,32.626172],[111.926863,32.626165],[111.926917,32.625786],[111.926077,32.625153],[111.925667,32.624225],[111.924521,32.624401],[111.923867,32.624557],[111.921327,32.621171],[111.921136,32.621272],[111.920182,32.620276],[111.91928,32.619203],[111.91862,32.619481],[111.917896,32.618412],[111.917639,32.618509],[111.916507,32.616605],[111.917781,32.615972],[111.916413,32.614431],[111.915941,32.614773],[111.914635,32.612834],[111.914589,32.612843]]]}},{"type":"Feature","properties":{"regionCode":"411381120","sourceCode":"411381120000","name":"夏集镇","sourceName":"夏集镇","parentCode":"411381","parentName":"邓州市","regionLevel":"township","regionType":"town","isManagementZone":false,"source":"ruiduobao","sourceVersion":"mixed-legacy~2018-2020","geometryRepaired":false,"match2020":true,"match2023":true},"geometry":{"type":"Polygon","coordinates":[[[112.134682,32.759742],[112.134557,32.760279],[112.133905,32.760167],[112.13254,32.759869],[112.132763,32.758996],[112.131424,32.758804],[112.131349,32.759127],[112.129517,32.758847],[112.12982,32.758222],[112.128951,32.758087],[112.128023,32.757834],[112.128321,32.756995],[112.127151,32.75679],[112.126792,32.758012],[112.12555,32.7578],[112.126073,32.755856],[112.124282,32.755333],[112.124526,32.754494],[112.122868,32.754078],[112.122589,32.754929],[112.122519,32.755556],[112.122388,32.756276],[112.117721,32.755193],[112.11723,32.757487],[112.116187,32.757324],[112.115822,32.758809],[112.113698,32.758349],[112.112834,32.761556],[112.11108,32.761279],[112.11064,32.762634],[112.110702,32.762679],[112.109824,32.765363],[112.109787,32.765584],[112.111423,32.766031],[112.110924,32.76846],[112.109081,32.767975],[112.10858,32.770244],[112.108537,32.770724],[112.109098,32.770751],[112.109913,32.770715],[112.110514,32.770769],[112.110278,32.772186],[112.111267,32.772111],[112.11193,32.772154],[112.112638,32.772287],[112.112048,32.775226],[112.112257,32.77574],[112.112241,32.776033],[112.112356,32.776191],[112.113035,32.776473],[112.113212,32.777325],[112.113571,32.778245],[112.115479,32.778609],[112.119376,32.779136],[112.119218,32.780304],[112.121648,32.780753],[112.12099,32.783464],[112.12275,32.783958],[112.122222,32.78538],[112.122291,32.785477],[112.122342,32.785782],[112.122211,32.786197],[112.122501,32.786769],[112.121181,32.786483],[112.120867,32.787446],[112.119877,32.787263],[112.119765,32.787798],[112.118668,32.787615],[112.11866,32.787471],[112.118534,32.787297],[112.116691,32.787081],[112.115479,32.786887],[112.113427,32.786463],[112.11347,32.786023],[112.11289,32.785964],[112.112673,32.78672],[112.112394,32.786154],[112.112099,32.785802],[112.111887,32.786589],[112.112123,32.786641],[112.111933,32.787448],[112.110929,32.787272],[112.111066,32.78647],[112.109535,32.786228],[112.109132,32.787694],[112.11071,32.788215],[112.110101,32.789976],[112.110618,32.790104],[112.110176,32.79173],[112.109749,32.792887],[112.108242,32.792598],[112.108392,32.7921],[112.108459,32.791644],[112.10844,32.791466],[112.107078,32.791284],[112.107547,32.78948],[112.10755,32.789297],[112.106507,32.789083],[112.106324,32.79019],[112.105444,32.790005],[112.105686,32.788846],[112.104975,32.78876],[112.104492,32.788666],[112.104304,32.788569],[112.104224,32.788481],[112.10402,32.788402],[112.103392,32.788334],[112.103607,32.786179],[112.100673,32.785705],[112.101164,32.783872],[112.099417,32.783437],[112.098953,32.783421],[112.099345,32.781982],[112.096853,32.781509],[112.095748,32.781245],[112.09566,32.782165],[112.09556,32.78265],[112.094533,32.782512],[112.094686,32.780934],[112.094201,32.78104],[112.093855,32.781071],[112.093106,32.781017],[112.092929,32.782266],[112.092296,32.782478],[112.091915,32.782535],[112.091446,32.782501],[112.091368,32.783258],[112.092079,32.783439],[112.092709,32.783543],[112.092645,32.783917],[112.093045,32.783944],[112.092948,32.784575],[112.09077,32.784239],[112.090427,32.786005],[112.090099,32.786059],[112.089595,32.785991],[112.089625,32.785784],[112.088192,32.785595],[112.087479,32.785725],[112.08694,32.785685],[112.086723,32.786623],[112.085706,32.78651],[112.083692,32.786131],[112.083391,32.787275],[112.08272,32.78717],[112.08172,32.786932],[112.082431,32.784496],[112.081798,32.784343],[112.081951,32.783761],[112.081439,32.783973],[112.081173,32.783955],[112.080902,32.784091],[112.080792,32.784864],[112.080395,32.786521],[112.080025,32.788249],[112.079408,32.79047],[112.082211,32.790914],[112.082042,32.792607],[112.08334,32.792821],[112.084094,32.792866],[112.084394,32.792824],[112.084419,32.792652],[112.084483,32.792605],[112.085389,32.792657],[112.085156,32.793378],[112.086452,32.79362],[112.086138,32.796116],[112.086736,32.796276],[112.087613,32.796409],[112.088742,32.796503],[112.088911,32.79431],[112.09084,32.794422],[112.090915,32.794463],[112.090952,32.79472],[112.091776,32.79479],[112.091701,32.795973],[112.092516,32.796057],[112.09243,32.797153],[112.093447,32.79706],[112.093946,32.799254],[112.096177,32.798981],[112.096628,32.800841],[112.097628,32.800715],[112.097822,32.801978],[112.098304,32.801923],[112.098586,32.803598],[112.099814,32.803722],[112.098492,32.804836],[112.097561,32.805826],[112.097599,32.806335],[112.099471,32.806678],[112.099214,32.807839],[112.100311,32.808062],[112.099978,32.809226],[112.099342,32.809117],[112.099407,32.809264],[112.099924,32.809352],[112.099841,32.809767],[112.100978,32.810015],[112.100332,32.811536],[112.09971,32.81139],[112.100174,32.812677],[112.100547,32.812708],[112.100831,32.812785],[112.101477,32.814798],[112.10155,32.815519],[112.10004,32.814933],[112.099407,32.815952],[112.101571,32.816635],[112.101582,32.816827],[112.101456,32.81806],[112.101287,32.818826],[112.101338,32.81895],[112.101078,32.819216],[112.10111,32.81932],[112.101118,32.819577],[112.100917,32.820569],[112.10059,32.821903],[112.100469,32.822656],[112.100413,32.823688],[112.097792,32.824473],[112.097698,32.824529],[112.097532,32.824817],[112.095885,32.824556],[112.095585,32.824869],[112.092969,32.825025],[112.090971,32.826609],[112.088836,32.826436],[112.088825,32.828207],[112.086422,32.827959],[112.086551,32.828579],[112.083394,32.827344],[112.082892,32.829249],[112.078547,32.827628],[112.077713,32.828708],[112.076093,32.827822],[112.074977,32.82896],[112.074588,32.829413],[112.073352,32.830551],[112.072818,32.831128],[112.070879,32.833028],[112.072692,32.833941],[112.072346,32.834565],[112.076155,32.836141],[112.075624,32.837463],[112.07163,32.835805],[112.071391,32.836217],[112.075412,32.837887],[112.075382,32.837959],[112.075275,32.838119],[112.075111,32.838018],[112.071235,32.836537],[112.070265,32.838072],[112.069878,32.838588],[112.069302,32.839338],[112.068636,32.839974],[112.06836,32.840294],[112.070197,32.841245],[112.070173,32.841475],[112.070106,32.841657],[112.068143,32.840587],[112.067633,32.841477],[112.067325,32.841901],[112.068009,32.842243],[112.069489,32.842908],[112.068988,32.843902],[112.071217,32.844704],[112.07082,32.845414],[112.069623,32.844968],[112.069564,32.84511],[112.071176,32.845666],[112.071667,32.84588],[112.071273,32.846646],[112.072646,32.847235],[112.072147,32.847645],[112.073523,32.848129],[112.073261,32.848706],[112.076527,32.849743],[112.076139,32.850146],[112.07554,32.850459],[112.075366,32.850601],[112.075211,32.850903],[112.075157,32.851092],[112.075125,32.851248],[112.07516,32.851604],[112.075353,32.852054],[112.075546,32.852327],[112.075886,32.852559],[112.075919,32.853282],[112.075849,32.85397],[112.075787,32.854283],[112.075819,32.854569],[112.075728,32.854981],[112.075599,32.856083],[112.075822,32.856142],[112.075605,32.857255],[112.075025,32.857158],[112.075098,32.856685],[112.0748,32.856637],[112.074535,32.857814],[112.075033,32.857897],[112.074827,32.858893],[112.07462,32.859129],[112.074548,32.859298],[112.073942,32.859023],[112.07303,32.858508],[112.073234,32.8578],[112.073287,32.857476],[112.073271,32.857388],[112.073116,32.857198],[112.073089,32.857093],[112.073175,32.856978],[112.073196,32.856883],[112.073057,32.856689],[112.073049,32.856554],[112.073116,32.856446],[112.073271,32.856374],[112.073389,32.856148],[112.073218,32.856128],[112.073041,32.856158],[112.072703,32.85632],[112.072501,32.856482],[112.072147,32.856453],[112.072164,32.855772],[112.07222,32.855362],[112.072029,32.855281],[112.072054,32.854981],[112.071976,32.85493],[112.071718,32.854873],[112.071112,32.854844],[112.070707,32.854862],[112.070047,32.855004],[112.069522,32.85518],[112.068615,32.855592],[112.067655,32.855502],[112.066877,32.855184],[112.066408,32.854952],[112.066322,32.8549],[112.065933,32.854499],[112.065745,32.8544],[112.065547,32.854366],[112.065007,32.85435],[112.064345,32.854154],[112.062953,32.853652],[112.061993,32.853433],[112.060775,32.852843],[112.060314,32.852719],[112.060027,32.85269],[112.059866,32.852679],[112.058932,32.852872],[112.058514,32.853122],[112.058229,32.853377],[112.058031,32.853668],[112.057832,32.855243],[112.057492,32.855898],[112.057441,32.856342],[112.057454,32.857719],[112.057516,32.858559],[112.0586,32.858492],[112.058602,32.858683],[112.061099,32.858807],[112.061094,32.859328],[112.061271,32.859436],[112.061907,32.859431],[112.062846,32.859589],[112.062698,32.8601],[112.062599,32.86058],[112.062424,32.860556],[112.062095,32.861524],[112.063071,32.861808],[112.063328,32.861849],[112.063186,32.862121],[112.063103,32.86257],[112.062768,32.863268],[112.062542,32.863678],[112.062162,32.864219],[112.062057,32.864498],[112.061934,32.864987],[112.063398,32.865253],[112.063377,32.864897],[112.063307,32.864791],[112.063808,32.863451],[112.064635,32.863597],[112.064275,32.865165],[112.064986,32.86519],[112.066619,32.865514],[112.067668,32.865537],[112.067419,32.866826],[112.067338,32.867089],[112.067236,32.867202],[112.06689,32.867301],[112.066796,32.868092],[112.068025,32.868339],[112.067601,32.870124],[112.068084,32.870221],[112.069125,32.870308],[112.070581,32.870518],[112.07002,32.872755],[112.069731,32.87275],[112.069382,32.873989],[112.069487,32.874248],[112.069417,32.874559],[112.069369,32.874679],[112.06928,32.874744],[112.068948,32.875593],[112.069626,32.875742],[112.070643,32.875859],[112.07024,32.87708],[112.071461,32.87738],[112.07072,32.879578],[112.069524,32.879326],[112.069433,32.879603],[112.070608,32.879878],[112.070458,32.880308],[112.069302,32.880004],[112.068572,32.88229],[112.06854,32.882615],[112.067931,32.882513],[112.066088,32.882324],[112.063033,32.881858],[112.063041,32.882216],[112.06593,32.882811],[112.065477,32.884097],[112.068038,32.884576],[112.068494,32.88463],[112.068454,32.887],[112.068741,32.887237],[112.071702,32.887209],[112.073861,32.887295],[112.074226,32.885962],[112.076552,32.88618],[112.078657,32.886475],[112.078566,32.887248],[112.081787,32.887099],[112.083212,32.887088],[112.08503,32.887142],[112.085786,32.887277],[112.087828,32.887448],[112.089474,32.887435],[112.090789,32.887493],[112.092336,32.888282],[112.093433,32.888955],[112.094219,32.889266],[112.094611,32.889205],[112.095413,32.888561],[112.09599,32.887707],[112.096585,32.886122],[112.097132,32.885293],[112.097905,32.884484],[112.099096,32.883576],[112.099675,32.882984],[112.100002,32.882297],[112.1003,32.881446],[112.100898,32.880071],[112.102129,32.878128],[112.103618,32.876418],[112.10483,32.875086],[112.10568,32.873712],[112.10589,32.873151],[112.106788,32.869087],[112.107134,32.868993],[112.107319,32.868441],[112.107563,32.867873],[112.108025,32.866877],[112.108408,32.866168],[112.108904,32.865762],[112.109934,32.865469],[112.111691,32.865219],[112.112724,32.865163],[112.114626,32.865262],[112.115744,32.865395],[112.116809,32.86562],[112.11807,32.865963],[112.118719,32.866382],[112.118944,32.866616],[112.11903,32.867758],[112.120113,32.868443],[112.12143,32.868858],[112.121964,32.868945],[112.122914,32.869009],[112.123557,32.869168],[112.124032,32.869187],[112.124595,32.869394],[112.125577,32.869856],[112.126559,32.870108],[112.127707,32.870214],[112.128407,32.870374],[112.129107,32.870626],[112.129667,32.870669],[112.131175,32.870631],[112.133052,32.871063],[112.135429,32.871252],[112.136606,32.871478],[112.138092,32.871843],[112.138621,32.871825],[112.139103,32.870205],[112.139643,32.866382],[112.13986,32.86592],[112.141831,32.865019],[112.143333,32.864401],[112.143872,32.864059],[112.143998,32.862633],[112.144095,32.862187],[112.144234,32.861853],[112.144409,32.860513],[112.1445,32.858688],[112.14446,32.858278],[112.143969,32.858273],[112.144036,32.857496],[112.144025,32.856378],[112.145018,32.855993],[112.145369,32.85559],[112.145576,32.853958],[112.145801,32.851748],[112.146343,32.851705],[112.146823,32.85175],[112.148652,32.852077],[112.151149,32.852444],[112.151839,32.852388],[112.15201,32.85178],[112.152144,32.850513],[112.152313,32.849702],[112.15245,32.848751],[112.152989,32.848632],[112.154129,32.848697],[112.155569,32.848812],[112.15698,32.849076],[112.157613,32.849274],[112.158249,32.849697],[112.158753,32.850227],[112.158718,32.850795],[112.158595,32.851552],[112.158531,32.852203],[112.15848,32.852965],[112.158453,32.854405],[112.159963,32.854666],[112.159888,32.855907],[112.159781,32.856867],[112.164485,32.85739],[112.168061,32.857611],[112.168726,32.857915],[112.169225,32.858043],[112.171185,32.858091],[112.171183,32.857694],[112.171598,32.857579],[112.172119,32.857354],[112.172454,32.857063],[112.175463,32.857167],[112.17858,32.857446],[112.178974,32.857554],[112.179213,32.857796],[112.179747,32.858607],[112.180114,32.858758],[112.181611,32.858875],[112.183153,32.85906],[112.183564,32.858983],[112.183432,32.858695],[112.183333,32.858235],[112.183027,32.85598],[112.18299,32.855522],[112.186243,32.855455],[112.186635,32.855362],[112.186879,32.854091],[112.186943,32.854082],[112.186852,32.852338],[112.185921,32.85239],[112.185862,32.852181],[112.185372,32.852237],[112.18513,32.850362],[112.183633,32.850335],[112.183548,32.849141],[112.183132,32.84915],[112.183204,32.850342],[112.182408,32.850292],[112.182365,32.849161],[112.182636,32.84917],[112.182491,32.846951],[112.184014,32.847018],[112.184484,32.847007],[112.184553,32.84698],[112.184599,32.846939],[112.18458,32.846444],[112.184629,32.845231],[112.187477,32.845315],[112.187641,32.843954],[112.188633,32.843985],[112.188834,32.842302],[112.189148,32.842329],[112.189204,32.841207],[112.189473,32.841153],[112.189583,32.841096],[112.190151,32.840679],[112.19047,32.840641],[112.19057,32.839431],[112.192756,32.839735],[112.192968,32.838056],[112.194124,32.83809],[112.194107,32.838227],[112.194765,32.838241],[112.194891,32.83626],[112.196283,32.836337],[112.19631,32.835406],[112.194918,32.835331],[112.195052,32.833571],[112.196677,32.833745],[112.196776,32.833141],[112.196902,32.832961],[112.196905,32.832474],[112.196994,32.832131],[112.197098,32.831922],[112.197267,32.831225],[112.197264,32.830619],[112.197353,32.830258],[112.197525,32.829988],[112.197562,32.829722],[112.197763,32.829181],[112.197763,32.829021],[112.195392,32.828789],[112.195572,32.8272],[112.196599,32.8272],[112.196707,32.825579],[112.195226,32.825597],[112.195204,32.823736],[112.195229,32.823379],[112.19506,32.822593],[112.195006,32.821959],[112.194177,32.821962],[112.194215,32.821055],[112.192815,32.82095],[112.188869,32.820086],[112.18826,32.82127],[112.187963,32.821184],[112.187067,32.820819],[112.18612,32.820684],[112.184559,32.820634],[112.184666,32.818862],[112.184047,32.818862],[112.182923,32.818993],[112.182164,32.819],[112.181555,32.819094],[112.180922,32.819036],[112.180769,32.817994],[112.180688,32.81694],[112.180501,32.815377],[112.180624,32.814994],[112.180718,32.813937],[112.182974,32.814189],[112.183038,32.813842],[112.181788,32.813705],[112.180723,32.813542],[112.180713,32.813267],[112.181611,32.813385],[112.183089,32.813673],[112.183231,32.813074],[112.18447,32.813227],[112.184612,32.812219],[112.184741,32.810535],[112.185144,32.810463],[112.185079,32.808315],[112.185007,32.807284],[112.185093,32.806117],[112.18587,32.806114],[112.185854,32.807253],[112.185887,32.807354],[112.186554,32.807323],[112.186624,32.806545],[112.186629,32.806132],[112.187552,32.806209],[112.187515,32.805564],[112.188727,32.805641],[112.18874,32.804061],[112.188915,32.804072],[112.188925,32.803551],[112.189491,32.803601],[112.189634,32.801948],[112.189215,32.801903],[112.189309,32.801472],[112.189518,32.800875],[112.187504,32.800821],[112.18641,32.800871],[112.186986,32.800079],[112.188335,32.798363],[112.18933,32.797655],[112.189918,32.797331],[112.189693,32.797177],[112.188228,32.796684],[112.188952,32.79511],[112.18929,32.794258],[112.189604,32.793953],[112.189805,32.793809],[112.190548,32.793505],[112.190835,32.793029],[112.191184,32.792129],[112.190004,32.791823],[112.18877,32.791392],[112.189116,32.791302],[112.189279,32.791133],[112.189306,32.791004],[112.189202,32.790727],[112.189212,32.790609],[112.189298,32.790427],[112.189537,32.790071],[112.189969,32.789142],[112.190068,32.788722],[112.190468,32.788005],[112.190698,32.787985],[112.190924,32.787703],[112.191047,32.787464],[112.191626,32.787489],[112.19323,32.787992],[112.193925,32.786855],[112.194309,32.7864],[112.194582,32.785967],[112.194783,32.785518],[112.193491,32.785087],[112.193686,32.784684],[112.194231,32.784801],[112.194944,32.783222],[112.194416,32.78308],[112.194284,32.783175],[112.194223,32.783175],[112.19301,32.782801],[112.193128,32.782372],[112.192933,32.782084],[112.192927,32.782034],[112.193037,32.781799],[112.193045,32.781689],[112.193029,32.781639],[112.192742,32.781342],[112.19315,32.780742],[112.191243,32.78011],[112.190057,32.782762],[112.191082,32.783085],[112.190157,32.78387],[112.189558,32.784278],[112.187957,32.783761],[112.188182,32.783317],[112.188188,32.782909],[112.188153,32.782566],[112.188287,32.782057],[112.188274,32.781946],[112.186005,32.781484],[112.185865,32.780927],[112.188451,32.781398],[112.188727,32.780735],[112.186938,32.780546],[112.185887,32.780372],[112.185887,32.780548],[112.185152,32.780404],[112.183419,32.779968],[112.183263,32.780372],[112.185508,32.780994],[112.185358,32.782061],[112.18487,32.783173],[112.182504,32.782494],[112.182644,32.782011],[112.182284,32.78191],[112.181396,32.781565],[112.180927,32.781308],[112.181842,32.779698],[112.182325,32.779853],[112.1827,32.779141],[112.18079,32.778532],[112.18148,32.777267],[112.181718,32.776953],[112.181893,32.776498],[112.182126,32.774448],[112.182121,32.773841],[112.182054,32.773631],[112.182064,32.773153],[112.182115,32.772801],[112.1823,32.772587],[112.182609,32.772344],[112.183577,32.771832],[112.184296,32.771333],[112.184733,32.770916],[112.184964,32.770596],[112.185173,32.770151],[112.185259,32.769509],[112.181488,32.769082],[112.181734,32.767321],[112.180227,32.767098],[112.180348,32.766171],[112.180498,32.765555],[112.180549,32.764817],[112.180857,32.763579],[112.17972,32.76343],[112.179782,32.762321],[112.17913,32.762287],[112.179216,32.761592],[112.177754,32.761538],[112.177601,32.763209],[112.179058,32.763297],[112.178773,32.766011],[112.178636,32.766755],[112.1785,32.767098],[112.177226,32.767041],[112.177151,32.767892],[112.176335,32.767869],[112.176338,32.768742],[112.175547,32.768755],[112.17552,32.769448],[112.174101,32.769267],[112.174061,32.769504],[112.17309,32.76936],[112.172438,32.769188],[112.170869,32.769109],[112.170534,32.769222],[112.169552,32.769256],[112.169268,32.769132],[112.168694,32.769062],[112.168809,32.767928],[112.167334,32.767824],[112.167352,32.766868],[112.169691,32.767021],[112.169758,32.765444],[112.166883,32.765248],[112.166937,32.765758],[112.164767,32.765616],[112.165043,32.763151],[112.163973,32.763092],[112.163477,32.766423],[112.16301,32.766347],[112.161285,32.76618],[112.161229,32.766507],[112.160086,32.766477],[112.158893,32.766516],[112.157863,32.766446],[112.15779,32.766281],[112.155848,32.766225],[112.156138,32.768852],[112.155352,32.768819],[112.155476,32.769362],[112.154585,32.769263],[112.154599,32.768755],[112.154177,32.766947],[112.153536,32.767136],[112.15249,32.767294],[112.149771,32.767147],[112.150146,32.765133],[112.147692,32.764912],[112.148311,32.763193],[112.147145,32.762873],[112.145742,32.762578],[112.14534,32.764707],[112.142405,32.764161],[112.142169,32.765591],[112.139329,32.765002],[112.139634,32.763665],[112.137172,32.763146],[112.13497,32.762632],[112.135233,32.761734],[112.135528,32.760897],[112.135241,32.760848],[112.13593,32.758527],[112.134989,32.758418],[112.134682,32.759742]],[[112.187549,32.805564],[112.187515,32.805564],[112.187515,32.805562],[112.187549,32.805564]]]}},{"type":"Feature","properties":{"regionCode":"411381121","sourceCode":"411381121000","name":"陶营镇","sourceName":"陶营镇","parentCode":"411381","parentName":"邓州市","regionLevel":"township","regionType":"town","isManagementZone":false,"source":"ruiduobao","sourceVersion":"mixed-legacy~2018-2020","geometryRepaired":false,"match2020":true,"match2023":true},"geometry":{"type":"Polygon","coordinates":[[[111.973485,32.543591],[111.973818,32.542284],[111.973206,32.542185],[111.972965,32.54315],[111.972275,32.542969],[111.972404,32.542655],[111.971428,32.542425],[111.971235,32.542899],[111.971076,32.543399],[111.971055,32.544073],[111.971256,32.544365],[111.971511,32.545081],[111.971551,32.545671],[111.971468,32.545875],[111.971143,32.545934],[111.970628,32.545886],[111.969596,32.545567],[111.969274,32.545561],[111.968598,32.54545],[111.967818,32.545156],[111.966549,32.544539],[111.966353,32.544383],[111.966171,32.544071],[111.966023,32.543939],[111.965632,32.543811],[111.965264,32.543831],[111.965109,32.543933],[111.964736,32.544534],[111.96414,32.544905],[111.963792,32.545246],[111.96351,32.545432],[111.962539,32.54531],[111.962314,32.545359],[111.962051,32.54552],[111.961775,32.545719],[111.96149,32.546056],[111.960914,32.546992],[111.960474,32.547306],[111.959436,32.547767],[111.959288,32.547869],[111.959015,32.548186],[111.958821,32.548231],[111.958231,32.548147],[111.957507,32.548312],[111.957236,32.548425],[111.956981,32.548676],[111.956778,32.549081],[111.956745,32.549449],[111.956759,32.550085],[111.956501,32.550571],[111.95601,32.551095],[111.955796,32.551184],[111.955493,32.551238],[111.955152,32.551439],[111.954626,32.5519],[111.954417,32.552135],[111.954243,32.552251],[111.954026,32.552312],[111.953704,32.552318],[111.953175,32.552393],[111.952998,32.552443],[111.952923,32.55252],[111.953022,32.552895],[111.953181,32.553123],[111.95332,32.553259],[111.953562,32.553417],[111.953417,32.553858],[111.953146,32.554261],[111.952998,32.554358],[111.952792,32.554398],[111.95254,32.554398],[111.951601,32.554267],[111.951494,32.554374],[111.951389,32.554568],[111.951362,32.554708],[111.951376,32.555102],[111.951263,32.555178],[111.950992,32.555221],[111.950702,32.55519],[111.950297,32.555248],[111.950064,32.555316],[111.949879,32.555513],[111.949541,32.556166],[111.949302,32.556732],[111.949026,32.556928],[111.948141,32.557407],[111.948058,32.557541],[111.94798,32.557704],[111.947945,32.557916],[111.948007,32.558915],[111.947886,32.559083],[111.947551,32.559429],[111.947511,32.559544],[111.947629,32.560181],[111.947623,32.560518],[111.947527,32.560889],[111.947312,32.561368],[111.946982,32.562835],[111.946717,32.563382],[111.946357,32.563916],[111.946191,32.564079],[111.946143,32.564232],[111.946172,32.564345],[111.946475,32.564791],[111.946569,32.565028],[111.946623,32.565288],[111.946623,32.565471],[111.946545,32.565794],[111.946234,32.566312],[111.945933,32.566466],[111.945603,32.566556],[111.945118,32.566556],[111.944847,32.566493],[111.944297,32.566337],[111.943589,32.565939],[111.94334,32.565729],[111.943012,32.565372],[111.942744,32.565168],[111.942441,32.565053],[111.94158,32.565046],[111.941261,32.565091],[111.940757,32.565265],[111.940051,32.565751],[111.939697,32.565873],[111.938944,32.566005],[111.938485,32.56605],[111.938088,32.566165],[111.938016,32.566151],[111.937511,32.566217],[111.9365,32.566963],[111.936047,32.567236],[111.935052,32.567343],[111.933906,32.567533],[111.933169,32.567831],[111.932643,32.568181],[111.932203,32.568577],[111.931806,32.569011],[111.931243,32.569795],[111.930605,32.570017],[111.929789,32.570008],[111.929381,32.569902],[111.929199,32.569359],[111.929298,32.568428],[111.929263,32.568084],[111.929145,32.56779],[111.928563,32.56704],[111.928303,32.566818],[111.927874,32.566665],[111.92771,32.569834],[111.927075,32.569865],[111.926157,32.569739],[111.926238,32.571326],[111.92866,32.571622],[111.928719,32.569334],[111.928971,32.569364],[111.929001,32.569608],[111.929078,32.569813],[111.929207,32.569969],[111.928998,32.571771],[111.928604,32.574544],[111.928829,32.574519],[111.929092,32.575207],[111.929255,32.575521],[111.932238,32.577055],[111.93278,32.57739],[111.931967,32.578007],[111.931616,32.578176],[111.932091,32.578798],[111.932485,32.57939],[111.93223,32.579564],[111.931366,32.579944],[111.933684,32.582328],[111.933941,32.5825],[111.933885,32.582995],[111.933163,32.583379],[111.93399,32.584647],[111.932246,32.585158],[111.932914,32.586713],[111.934934,32.586075],[111.935382,32.587669],[111.933611,32.588209],[111.933796,32.588622],[111.934604,32.589987],[111.935175,32.59079],[111.935481,32.591321],[111.935752,32.591691],[111.936149,32.592085],[111.936133,32.592204],[111.935966,32.592527],[111.935513,32.593106],[111.935113,32.593522],[111.934716,32.593802],[111.934505,32.594141],[111.934354,32.594274],[111.933914,32.594787],[111.933729,32.594864],[111.932721,32.595061],[111.932895,32.59594],[111.933104,32.596699],[111.927799,32.597036],[111.924972,32.597262],[111.92531,32.598222],[111.92447,32.598527],[111.925047,32.599844],[111.924358,32.599833],[111.923239,32.600244],[111.924599,32.602563],[111.923403,32.603182],[111.923051,32.603613],[111.922751,32.603772],[111.922507,32.603855],[111.922762,32.604149],[111.920656,32.605505],[111.921812,32.606924],[111.92056,32.607662],[111.920989,32.608137],[111.921724,32.608864],[111.919685,32.610313],[111.920646,32.61132],[111.919039,32.612412],[111.918553,32.611881],[111.917531,32.612479],[111.916829,32.611596],[111.9164,32.61193],[111.915533,32.612477],[111.914809,32.612796],[111.914635,32.612834],[111.915941,32.614773],[111.916413,32.614431],[111.917781,32.615972],[111.916507,32.616605],[111.917639,32.618509],[111.917896,32.618412],[111.91862,32.619481],[111.91928,32.619203],[111.920182,32.620276],[111.921136,32.621272],[111.921327,32.621171],[111.923867,32.624557],[111.924521,32.624401],[111.925667,32.624225],[111.926077,32.625153],[111.926917,32.625786],[111.926863,32.626165],[111.927077,32.626172],[111.927067,32.626482],[111.92863,32.626755],[111.928732,32.627223],[111.926994,32.627022],[111.927134,32.627509],[111.92767,32.628883],[111.927027,32.629502],[111.92804,32.630898],[111.929398,32.630089],[111.929119,32.629581],[111.929862,32.629138],[111.930875,32.628657],[111.931066,32.628483],[111.931187,32.628241],[111.931584,32.62919],[111.932742,32.629502],[111.933041,32.629942],[111.933134,32.630268],[111.933139,32.630514],[111.933011,32.631056],[111.933826,32.631341],[111.934446,32.631519],[111.934464,32.632111],[111.934797,32.632127],[111.934665,32.632581],[111.934282,32.633504],[111.935323,32.633895],[111.935382,32.633588],[111.935701,32.632732],[111.935872,32.632149],[111.940521,32.632454],[111.940472,32.633371],[111.940467,32.634641],[111.941049,32.634437],[111.941178,32.635869],[111.942358,32.635883],[111.943814,32.63579],[111.943664,32.638738],[111.945051,32.639095],[111.946172,32.639251],[111.949031,32.639429],[111.950466,32.639359],[111.950989,32.637469],[111.952663,32.637394],[111.951507,32.636807],[111.952135,32.635592],[111.952886,32.635734],[111.954329,32.635772],[111.954369,32.63479],[111.954527,32.633507],[111.955769,32.633656],[111.955935,32.633392],[111.957073,32.632032],[111.957719,32.6312],[111.958078,32.631187],[111.958462,32.631268],[111.958752,32.631225],[111.9602,32.631327],[111.960114,32.632079],[111.962222,32.63224],[111.962153,32.632779],[111.960066,32.632504],[111.95994,32.633986],[111.960938,32.63404],[111.961477,32.634015],[111.96182,32.633947],[111.962483,32.633703],[111.963883,32.632944],[111.967356,32.630925],[111.967498,32.631069],[111.967785,32.631935],[111.96804,32.632497],[111.970084,32.632687],[111.970119,32.632127],[111.970586,32.632192],[111.970709,32.630755],[111.971763,32.630787],[111.971557,32.632682],[111.97304,32.632746],[111.974075,32.632825],[111.974762,32.632838],[111.974823,32.632081],[111.976159,32.632149],[111.976068,32.633649],[111.976344,32.633656],[111.976425,32.632149],[111.977272,32.632145],[111.978506,32.632246],[111.978385,32.633766],[111.978672,32.633791],[111.978863,32.635271],[111.978517,32.635269],[111.978573,32.636432],[111.981462,32.636213],[111.981411,32.637875],[111.986684,32.63724],[111.986773,32.638691],[111.987956,32.638887],[111.98843,32.639],[111.988787,32.638937],[111.989015,32.638862],[111.989678,32.638896],[111.990362,32.638817],[111.990965,32.63888],[111.991928,32.638862],[111.992298,32.638892],[111.992462,32.638869],[111.992593,32.638812],[111.992918,32.638584],[111.994219,32.638139],[111.99347,32.636669],[111.993889,32.636701],[111.993985,32.63668],[111.994074,32.636574],[111.994522,32.637071],[111.995348,32.636655],[111.995667,32.636461],[111.996796,32.635939],[111.997241,32.636131],[111.998953,32.63511],[111.998411,32.63448],[111.998556,32.634349],[111.998057,32.633764],[112.00075,32.631801],[112.000551,32.631725],[112.000396,32.631625],[112.001426,32.630762],[112.001823,32.631124],[112.003979,32.629689],[112.004398,32.630087],[112.0059,32.629131],[112.005615,32.628915],[112.004819,32.628447],[112.00455,32.628239],[112.005041,32.627916],[112.004263,32.627392],[112.005318,32.626384],[112.004465,32.625815],[112.005631,32.624695],[112.007313,32.625086],[112.00866,32.623979],[112.007477,32.623324],[112.008775,32.622332],[112.010669,32.623647],[112.012396,32.622662],[112.012871,32.623287],[112.013015,32.623204],[112.013536,32.623834],[112.015046,32.622973],[112.013597,32.62125],[112.016033,32.620055],[112.016231,32.619991],[112.018742,32.618281],[112.019871,32.619544],[112.020185,32.619314],[112.020896,32.618668],[112.021735,32.619067],[112.022937,32.618071],[112.023465,32.618207],[112.023621,32.617917],[112.024224,32.617167],[112.025745,32.618012],[112.026249,32.618247],[112.027996,32.616101],[112.026282,32.615295],[112.029388,32.611976],[112.028419,32.611271],[112.029439,32.610274],[112.030584,32.610871],[112.031517,32.609843],[112.031778,32.609922],[112.03299,32.610631],[112.032824,32.610769],[112.032668,32.610785],[112.031992,32.611601],[112.034709,32.613144],[112.035903,32.61168],[112.034886,32.611063],[112.035753,32.610143],[112.035144,32.60982],[112.037989,32.607041],[112.038234,32.607179],[112.039607,32.605667],[112.039057,32.605362],[112.040642,32.603613],[112.041171,32.604016],[112.04134,32.604056],[112.042155,32.604617],[112.045803,32.602057],[112.046192,32.604178],[112.046283,32.604149],[112.048037,32.602542],[112.048421,32.60287],[112.049512,32.602145],[112.049515,32.60193],[112.048957,32.600089],[112.048992,32.599567],[112.049721,32.599056],[112.047849,32.599022],[112.048439,32.596981],[112.050781,32.596179],[112.051006,32.596136],[112.052916,32.595522],[112.05257,32.594977],[112.052602,32.594796],[112.052868,32.59457],[112.054544,32.593994],[112.053235,32.592512],[112.056279,32.590372],[112.055448,32.589558],[112.055775,32.589318],[112.055947,32.589373],[112.057417,32.588021],[112.055824,32.586765],[112.052903,32.584053],[112.052361,32.584297],[112.050714,32.58276],[112.052425,32.579761],[112.053034,32.57925],[112.053785,32.579903],[112.054367,32.578079],[112.055783,32.579212],[112.055979,32.579076],[112.055448,32.578667],[112.056465,32.577871],[112.056086,32.577489],[112.05669,32.57699],[112.060995,32.580846],[112.062215,32.579729],[112.066405,32.581239],[112.066965,32.57941],[112.068317,32.579786],[112.068556,32.578997],[112.069945,32.579397],[112.070112,32.578701],[112.069951,32.578642],[112.070256,32.577645],[112.068926,32.577286],[112.069117,32.576775],[112.06777,32.576588],[112.067923,32.575853],[112.063398,32.573839],[112.062792,32.574698],[112.06126,32.573925],[112.062921,32.571624],[112.060812,32.56952],[112.06129,32.569178],[112.061521,32.569348],[112.061883,32.569056],[112.060716,32.567815],[112.060488,32.567623],[112.061054,32.565439],[112.057114,32.564974],[112.056784,32.566002],[112.051655,32.564065],[112.051985,32.563441],[112.047814,32.562535],[112.047262,32.563708],[112.044505,32.562885],[112.044379,32.563333],[112.042855,32.562817],[112.043292,32.561273],[112.04286,32.561149],[112.042646,32.562012],[112.042134,32.561877],[112.041423,32.563819],[112.041104,32.563735],[112.039934,32.56364],[112.040637,32.561535],[112.040135,32.561422],[112.039661,32.562668],[112.039178,32.562557],[112.039261,32.562329],[112.038692,32.562184],[112.038276,32.563224],[112.036858,32.562449],[112.03756,32.561077],[112.037064,32.560921],[112.037276,32.560425],[112.036276,32.560127],[112.036785,32.558798],[112.036463,32.558716],[112.036799,32.558181],[112.033237,32.558104],[112.032303,32.56001],[112.029862,32.56529],[112.030788,32.565613],[112.03041,32.566167],[112.030689,32.566335],[112.030037,32.567266],[112.030801,32.56768],[112.02972,32.568984],[112.031045,32.569287],[112.031783,32.568464],[112.032301,32.569126],[112.030372,32.570987],[112.029372,32.572684],[112.031094,32.573654],[112.03023,32.574712],[112.030101,32.574793],[112.028822,32.574881],[112.028798,32.575475],[112.027918,32.57531],[112.02758,32.57605],[112.024769,32.575374],[112.024863,32.574465],[112.022768,32.574142],[112.023463,32.572499],[112.021647,32.572243],[112.021754,32.570892],[112.019488,32.570627],[112.019222,32.569556],[112.015218,32.569002],[112.015403,32.568579],[112.012184,32.568091],[112.012822,32.567241],[112.009907,32.566841],[112.010162,32.566619],[112.009631,32.565177],[112.00977,32.565064],[112.009601,32.564429],[112.009783,32.563556],[112.007613,32.563009],[112.008059,32.562403],[112.008767,32.561834],[112.009381,32.562053],[112.009765,32.560918],[112.009445,32.560812],[112.009166,32.560936],[112.006704,32.560059],[112.006892,32.558807],[112.007308,32.557355],[112.007326,32.556768],[112.007471,32.55637],[112.006844,32.556392],[112.006256,32.556275],[112.005808,32.556388],[112.005355,32.556399],[112.003995,32.556811],[112.003633,32.556768],[112.00348,32.556686],[112.003368,32.556472],[112.003255,32.555976],[112.003094,32.555459],[112.002386,32.555404],[112.001892,32.557292],[111.999553,32.556743],[111.998786,32.558366],[111.998127,32.558111],[111.997354,32.559575],[111.995879,32.559085],[111.995696,32.559501],[111.994554,32.559173],[111.995605,32.556937],[111.993677,32.556264],[111.993162,32.557071],[111.988835,32.555983],[111.988725,32.55637],[111.98762,32.556193],[111.987513,32.556474],[111.988653,32.556655],[111.988334,32.557842],[111.985912,32.557428],[111.985775,32.557543],[111.983629,32.557028],[111.983495,32.557423],[111.982476,32.55693],[111.98206,32.557762],[111.981054,32.556297],[111.975153,32.553582],[111.975658,32.550996],[111.977508,32.549137],[111.977203,32.548975],[111.977841,32.548305],[111.977071,32.54807],[111.977803,32.545432],[111.975843,32.54538],[111.976044,32.543401],[111.975285,32.543417],[111.975081,32.54356],[111.97507,32.543804],[111.973485,32.543591]]]}},{"type":"Feature","properties":{"regionCode":"411381301","sourceCode":"411381301000","name":"张楼乡","sourceName":"张楼乡","parentCode":"411381","parentName":"邓州市","regionLevel":"township","regionType":"township","isManagementZone":false,"source":"ruiduobao","sourceVersion":"mixed-legacy~2018-2020","geometryRepaired":false,"match2020":true,"match2023":true},"geometry":{"type":"Polygon","coordinates":[[[112.156334,32.686173],[112.155615,32.686591],[112.155116,32.687101],[112.154714,32.688643],[112.154636,32.689442],[112.154743,32.690013],[112.153333,32.692148],[112.15216,32.69367],[112.150505,32.694977],[112.149599,32.695498],[112.148711,32.695789],[112.147847,32.695983],[112.14678,32.696065],[112.145173,32.695266],[112.143234,32.694153],[112.142271,32.693638],[112.141625,32.693403],[112.140571,32.693324],[112.138902,32.693618],[112.137325,32.694096],[112.136408,32.694293],[112.135177,32.694387],[112.134096,32.694175],[112.133538,32.693918],[112.132747,32.69325],[112.13213,32.69262],[112.131523,32.691925],[112.129984,32.690943],[112.128109,32.689866],[112.127854,32.689749],[112.1272,32.689597],[112.126097,32.689507],[112.125035,32.689649],[112.124013,32.690044],[112.123531,32.690582],[112.123171,32.69115],[112.122973,32.691369],[112.122871,32.691875],[112.122965,32.692595],[112.122962,32.692934],[112.12312,32.693466],[112.122938,32.693792],[112.123085,32.69457],[112.12334,32.695466],[112.123303,32.696126],[112.123445,32.696442],[112.124209,32.697074],[112.124434,32.697482],[112.124558,32.698464],[112.124426,32.699105],[112.124102,32.699938],[112.123686,32.700461],[112.123289,32.700823],[112.122028,32.701725],[112.120934,32.702353],[112.120266,32.702811],[112.11988,32.703244],[112.11951,32.703531],[112.118475,32.703685],[112.118005,32.703804],[112.117163,32.704186],[112.116283,32.704495],[112.114787,32.704779],[112.114148,32.705086],[112.113663,32.705219],[112.112769,32.705258],[112.112136,32.70519],[112.111815,32.705018],[112.111407,32.704504],[112.11116,32.704251],[112.109548,32.703443],[112.107606,32.701775],[112.106815,32.701272],[112.106525,32.701008],[112.105106,32.700258],[112.104798,32.701055],[112.104645,32.70161],[112.104538,32.702317],[112.104385,32.70271],[112.103961,32.704111],[112.103733,32.704743],[112.103685,32.707664],[112.1038,32.709002],[112.101915,32.709083],[112.102239,32.711514],[112.101016,32.711638],[112.101263,32.71317],[112.098653,32.713358],[112.09931,32.715558],[112.098283,32.715662],[112.099552,32.718875],[112.100987,32.718568],[112.101536,32.720486],[112.102067,32.720371],[112.102494,32.721881],[112.10104,32.722111],[112.101748,32.72409],[112.099627,32.724341],[112.099407,32.723887],[112.099029,32.723991],[112.099498,32.724939],[112.098578,32.725088],[112.097805,32.72335],[112.097325,32.723172],[112.096998,32.722948],[112.096368,32.721922],[112.094286,32.722371],[112.09412,32.722276],[112.094029,32.722125],[112.093458,32.721714],[112.092554,32.721405],[112.091757,32.721021],[112.091626,32.721093],[112.089627,32.721098],[112.089622,32.721468],[112.091583,32.721565],[112.091443,32.722526],[112.08967,32.722447],[112.089834,32.723668],[112.09139,32.723837],[112.091486,32.723312],[112.09371,32.72342],[112.093785,32.723684],[112.093133,32.723693],[112.093077,32.724318],[112.091073,32.724097],[112.090926,32.724433],[112.08981,32.724214],[112.089812,32.725142],[112.087954,32.725397],[112.088455,32.727073],[112.089933,32.726857],[112.090051,32.72796],[112.090027,32.728427],[112.090073,32.729167],[112.092481,32.729113],[112.093125,32.729014],[112.094909,32.728826],[112.096075,32.728878],[112.096344,32.72882],[112.096883,32.730742],[112.096893,32.730907],[112.094343,32.731329],[112.094407,32.73166],[112.094927,32.734122],[112.096692,32.733838],[112.097092,32.735415],[112.097476,32.735349],[112.097653,32.736207],[112.097867,32.736177],[112.098436,32.738382],[112.096692,32.737136],[112.096998,32.738984],[112.095059,32.738984],[112.095094,32.740166],[112.095024,32.740951],[112.09474,32.742041],[112.094973,32.742106],[112.094906,32.74295],[112.095126,32.742962],[112.095236,32.744119],[112.093699,32.743893],[112.093656,32.744078],[112.092827,32.74395],[112.092806,32.744297],[112.091846,32.744238],[112.091792,32.746445],[112.090502,32.746402],[112.090067,32.749436],[112.089008,32.749305],[112.088976,32.751105],[112.089078,32.751972],[112.089037,32.75314],[112.089829,32.753192],[112.089708,32.754049],[112.091489,32.754148],[112.091414,32.754672],[112.091424,32.755062],[112.092165,32.755132],[112.092084,32.756492],[112.093353,32.756639],[112.093412,32.755863],[112.096035,32.756043],[112.095796,32.757449],[112.096427,32.757543],[112.095874,32.759889],[112.097358,32.760169],[112.097695,32.758802],[112.099109,32.759082],[112.098768,32.760399],[112.100952,32.760807],[112.101845,32.761008],[112.102354,32.759133],[112.102462,32.758606],[112.103317,32.75875],[112.102837,32.760356],[112.10453,32.760656],[112.105155,32.757794],[112.105646,32.757861],[112.105766,32.757564],[112.10582,32.756964],[112.105806,32.756688],[112.106949,32.756839],[112.106716,32.757931],[112.108961,32.75824],[112.108837,32.758718],[112.108682,32.759091],[112.108505,32.759826],[112.108285,32.760548],[112.109964,32.760873],[112.110401,32.761109],[112.11108,32.761279],[112.112834,32.761556],[112.113698,32.758349],[112.115822,32.758809],[112.116187,32.757324],[112.11723,32.757487],[112.117721,32.755193],[112.122388,32.756276],[112.122519,32.755556],[112.122589,32.754929],[112.122868,32.754078],[112.124526,32.754494],[112.124282,32.755333],[112.126073,32.755856],[112.12555,32.7578],[112.126792,32.758012],[112.127151,32.75679],[112.128321,32.756995],[112.128023,32.757834],[112.128951,32.758087],[112.12982,32.758222],[112.129517,32.758847],[112.131349,32.759127],[112.131424,32.758804],[112.132763,32.758996],[112.13254,32.759869],[112.133905,32.760167],[112.134557,32.760279],[112.134989,32.758418],[112.13593,32.758527],[112.135241,32.760848],[112.135528,32.760897],[112.135233,32.761734],[112.13497,32.762632],[112.137237,32.763162],[112.139634,32.763665],[112.139329,32.765002],[112.142169,32.765591],[112.142405,32.764161],[112.14534,32.764707],[112.145742,32.762578],[112.147145,32.762873],[112.148311,32.763193],[112.147692,32.764912],[112.150146,32.765133],[112.149771,32.767147],[112.15249,32.767294],[112.153536,32.767136],[112.154177,32.766947],[112.154599,32.768755],[112.154585,32.769263],[112.155476,32.769362],[112.155352,32.768819],[112.156138,32.768852],[112.155848,32.766225],[112.15779,32.766281],[112.157863,32.766446],[112.158893,32.766516],[112.160086,32.766477],[112.161229,32.766507],[112.161285,32.76618],[112.16301,32.766347],[112.163477,32.766423],[112.163973,32.763092],[112.165043,32.763151],[112.165065,32.762963],[112.166671,32.763036],[112.166792,32.761335],[112.166872,32.757347],[112.169356,32.757336],[112.169262,32.755479],[112.170359,32.755466],[112.170416,32.75508],[112.171663,32.755116],[112.17158,32.753767],[112.172878,32.753614],[112.17299,32.754311],[112.174138,32.754214],[112.174222,32.755227],[112.175842,32.755263],[112.175831,32.755493],[112.176724,32.755511],[112.176622,32.755998],[112.176732,32.756528],[112.176928,32.7569],[112.181139,32.757029],[112.181077,32.757609],[112.181426,32.757633],[112.181343,32.758468],[112.184867,32.758678],[112.184878,32.758459],[112.185082,32.757843],[112.185229,32.757737],[112.185862,32.757545],[112.18652,32.757426],[112.186831,32.757205],[112.187,32.756955],[112.187112,32.756661],[112.187563,32.755265],[112.187684,32.754794],[112.189078,32.75547],[112.189339,32.755134],[112.187831,32.754392],[112.18803,32.754126],[112.188571,32.753691],[112.189237,32.753075],[112.189601,32.752833],[112.190739,32.753681],[112.190615,32.754166],[112.190749,32.754683],[112.191656,32.754839],[112.192568,32.754949],[112.192946,32.753447],[112.191865,32.753316],[112.19194,32.752687],[112.190505,32.751933],[112.190623,32.751335],[112.19065,32.748935],[112.190602,32.748157],[112.190618,32.747992],[112.190677,32.747834],[112.19105,32.747275],[112.191259,32.747212],[112.193279,32.747205],[112.193,32.747018],[112.191838,32.746727],[112.189274,32.745815],[112.188915,32.747575],[112.188048,32.747455],[112.187627,32.747363],[112.187984,32.745384],[112.186466,32.744931],[112.186605,32.744096],[112.185779,32.743789],[112.18594,32.742989],[112.186061,32.742066],[112.18597,32.74205],[112.186412,32.740354],[112.186605,32.73909],[112.185074,32.738919],[112.184478,32.73877],[112.184926,32.736789],[112.183878,32.737111],[112.183864,32.736487],[112.183631,32.735961],[112.183695,32.735577],[112.184352,32.733154],[112.183379,32.732953],[112.183663,32.732012],[112.184964,32.732308],[112.185624,32.731647],[112.185752,32.731559],[112.18612,32.731403],[112.187104,32.730715],[112.187402,32.729627],[112.187871,32.72814],[112.188054,32.727955],[112.188193,32.727716],[112.189035,32.72539],[112.18752,32.725027],[112.187866,32.724011],[112.189419,32.724305],[112.189588,32.723894],[112.189754,32.723652],[112.190414,32.722068],[112.191718,32.720024],[112.190932,32.720085],[112.190132,32.720098],[112.190918,32.7189],[112.189805,32.718767],[112.190186,32.717754],[112.188545,32.71763],[112.18804,32.717623],[112.185841,32.716937],[112.186903,32.714764],[112.187777,32.713206],[112.188384,32.711949],[112.189094,32.710701],[112.188577,32.710638],[112.188292,32.710566],[112.188445,32.710209],[112.18804,32.709851],[112.187206,32.70972],[112.187346,32.708578],[112.187431,32.70849],[112.186656,32.708399],[112.187206,32.706021],[112.184967,32.70591],[112.18586,32.701558],[112.18609,32.701576],[112.186511,32.69934],[112.187383,32.699337],[112.187515,32.698593],[112.188848,32.69885],[112.190352,32.699042],[112.190393,32.698613],[112.190242,32.69811],[112.190374,32.698033],[112.190291,32.697112],[112.190537,32.696979],[112.191224,32.696834],[112.191087,32.696232],[112.18966,32.696094],[112.189773,32.695135],[112.191114,32.695299],[112.191168,32.694873],[112.194437,32.695056],[112.194494,32.694803],[112.194475,32.694272],[112.194201,32.692254],[112.193528,32.690597],[112.193432,32.690117],[112.191162,32.689629],[112.189116,32.689229],[112.188094,32.689193],[112.186938,32.689223],[112.186399,32.689372],[112.184543,32.689719],[112.182574,32.690252],[112.180994,32.690435],[112.179782,32.690356],[112.178915,32.690141],[112.178296,32.689731],[112.177743,32.689295],[112.177204,32.688638],[112.17644,32.686164],[112.176442,32.684708],[112.176381,32.683651],[112.176209,32.682848],[112.175689,32.681599],[112.17545,32.681344],[112.174991,32.681107],[112.174122,32.681017],[112.173404,32.681044],[112.172832,32.681141],[112.172178,32.681405],[112.171609,32.681945],[112.171142,32.682448],[112.167945,32.68099],[112.16801,32.681908],[112.168289,32.68171],[112.168297,32.682146],[112.168989,32.6818],[112.169756,32.682152],[112.169316,32.683177],[112.169251,32.684001],[112.169056,32.684719],[112.16828,32.68578],[112.167712,32.686683],[112.167296,32.687096],[112.166387,32.687643],[112.165837,32.687898],[112.165059,32.688022],[112.164163,32.687963],[112.163278,32.687792],[112.163085,32.687728],[112.161468,32.686469],[112.160749,32.686076],[112.159952,32.685776],[112.159121,32.685638],[112.158161,32.685688],[112.157289,32.685859],[112.156334,32.686173]]]}},{"type":"Feature","properties":{"regionCode":"411381305","sourceCode":"411381305000","name":"裴营乡","sourceName":"裴营乡","parentCode":"411381","parentName":"邓州市","regionLevel":"township","regionType":"township","isManagementZone":false,"source":"ruiduobao","sourceVersion":"mixed-legacy~2018-2020","geometryRepaired":false,"match2020":true,"match2023":true},"geometry":{"type":"Polygon","coordinates":[[[112.077911,32.698825],[112.077818,32.697658],[112.075841,32.697162],[112.075763,32.697083],[112.075742,32.696843],[112.074704,32.696381],[112.074717,32.696708],[112.074781,32.696852],[112.075669,32.698322],[112.076045,32.69873],[112.075393,32.698737],[112.073505,32.698936],[112.068886,32.700057],[112.067167,32.700279],[112.065171,32.701254],[112.063167,32.702612],[112.061628,32.704359],[112.060834,32.705059],[112.058401,32.706057],[112.054936,32.705896],[112.053168,32.705395],[112.051146,32.703797],[112.050317,32.703411],[112.047938,32.703953],[112.046197,32.705149],[112.045486,32.706449],[112.045693,32.707639],[112.046288,32.708562],[112.047112,32.709419],[112.048552,32.710753],[112.048595,32.711062],[112.048099,32.711706],[112.047924,32.711888],[112.047522,32.712186],[112.04701,32.712419],[112.046192,32.712719],[112.045808,32.712744],[112.045524,32.712719],[112.044792,32.712735],[112.043955,32.712678],[112.043628,32.712823],[112.043035,32.712969],[112.042568,32.713186],[112.041372,32.714558],[112.04072,32.71512],[112.04013,32.716393],[112.039945,32.717709],[112.039717,32.718855],[112.038918,32.720841],[112.036707,32.723142],[112.036318,32.723357],[112.033207,32.724704],[112.027365,32.726182],[112.02273,32.727967],[112.02037,32.728441],[112.013042,32.730435],[112.007734,32.732139],[112.002356,32.733738],[112.000849,32.733987],[111.99855,32.734093],[111.997856,32.734169],[111.995704,32.734472],[111.995361,32.734562],[111.993722,32.735293],[111.991456,32.736417],[111.990997,32.736543],[111.990187,32.736681],[111.98967,32.736683],[111.987596,32.736191],[111.982698,32.734898],[111.980443,32.73507],[111.978541,32.734848],[111.975574,32.735079],[111.969816,32.735358],[111.968762,32.735487],[111.968359,32.735582],[111.968172,32.735668],[111.9673,32.736904],[111.966895,32.737933],[111.966806,32.738558],[111.96683,32.738792],[111.966916,32.739124],[111.96704,32.739332],[111.970315,32.741946],[111.976508,32.747769],[111.977101,32.750562],[111.977364,32.752245],[111.977203,32.755028],[111.974904,32.761224],[111.974376,32.765232],[111.974228,32.768552],[111.973858,32.770278],[111.974217,32.774842],[111.973745,32.777361],[111.973445,32.77869],[111.973193,32.780234],[111.972801,32.781878],[111.971693,32.78559],[111.97109,32.786778],[111.969416,32.789667],[111.967345,32.792774],[111.967863,32.793092],[111.968024,32.793306],[111.968236,32.793457],[111.968772,32.793705],[111.969041,32.793714],[111.969266,32.793784],[111.96977,32.794179],[111.970046,32.794474],[111.970191,32.794727],[111.970143,32.794963],[111.97002,32.795135],[111.970014,32.79527],[111.970055,32.795414],[111.970368,32.795676],[111.970618,32.795773],[111.970996,32.79601],[111.971275,32.796064],[111.972385,32.796003],[111.972538,32.796064],[111.972656,32.796183],[111.972785,32.796393],[111.97282,32.796634],[111.972857,32.79669],[111.973257,32.797216],[111.973407,32.797342],[111.973734,32.797311],[111.974196,32.797353],[111.974885,32.797653],[111.974815,32.798406],[111.974644,32.798796],[111.974038,32.799703],[111.973906,32.800081],[111.97473,32.800354],[111.974654,32.800647],[111.97532,32.800812],[111.975183,32.801865],[111.97473,32.802388],[111.975113,32.803064],[111.973619,32.804611],[111.973131,32.805875],[111.973131,32.805999],[111.973429,32.806601],[111.973544,32.806694],[111.97374,32.806985],[111.973515,32.807697],[111.973101,32.807688],[111.972817,32.808252],[111.973528,32.808509],[111.97301,32.809541],[111.973877,32.809866],[111.973488,32.810979],[111.973716,32.811223],[111.973724,32.811403],[111.973799,32.811599],[111.974276,32.811793],[111.974451,32.812025],[111.974381,32.812569],[111.974432,32.81269],[111.974984,32.813049],[111.974577,32.813418],[111.975296,32.813389],[111.975749,32.81318],[111.976693,32.813716],[111.977237,32.813772],[111.976559,32.814694],[111.976988,32.814814],[111.979177,32.815021],[111.979268,32.815353],[111.98154,32.815231],[111.981347,32.814113],[111.982661,32.814102],[111.982315,32.812323],[111.983643,32.812152],[111.987003,32.811593],[111.987438,32.812945],[111.990184,32.812433],[111.990659,32.814286],[111.991512,32.814063],[111.992059,32.816401],[111.994546,32.814978],[111.993991,32.813317],[111.996828,32.812357],[111.999207,32.811791],[111.999763,32.814052],[112.000036,32.814045],[112.000255,32.815051],[112.00046,32.816457],[112.000801,32.816455],[112.000557,32.814924],[112.001058,32.814764],[112.001447,32.816453],[112.001833,32.816356],[112.001882,32.817614],[112.002338,32.817614],[112.004097,32.817316],[112.005677,32.817275],[112.005446,32.815641],[112.00661,32.815411],[112.006959,32.816885],[112.007812,32.81677],[112.007927,32.817469],[112.012959,32.817424],[112.012798,32.817021],[112.012541,32.814036],[112.017181,32.813202],[112.017326,32.814386],[112.015655,32.817553],[112.01764,32.817467],[112.017358,32.81462],[112.017825,32.814566],[112.018383,32.814401],[112.018892,32.814074],[112.019506,32.817388],[112.018345,32.817433],[112.018428,32.818569],[112.019882,32.818718],[112.019866,32.820729],[112.020413,32.82074],[112.020445,32.822079],[112.021877,32.822034],[112.021904,32.821454],[112.023192,32.821675],[112.02324,32.823693],[112.02434,32.823717],[112.024249,32.821696],[112.024865,32.821709],[112.024865,32.823688],[112.026579,32.823654],[112.026593,32.821729],[112.027395,32.821757],[112.027422,32.823738],[112.029026,32.823632],[112.030072,32.823488],[112.030187,32.822329],[112.030294,32.822349],[112.0302,32.823497],[112.031026,32.823515],[112.031123,32.822406],[112.031547,32.82243],[112.03141,32.823934],[112.031796,32.823938],[112.031697,32.825902],[112.031979,32.825899],[112.032064,32.825056],[112.034369,32.82507],[112.034393,32.824279],[112.034696,32.824527],[112.03505,32.824953],[112.035205,32.825503],[112.037212,32.825268],[112.036249,32.828304],[112.036434,32.828363],[112.036678,32.827975],[112.038609,32.828446],[112.038915,32.827337],[112.039419,32.827439],[112.039081,32.828539],[112.039985,32.828696],[112.039628,32.829663],[112.043402,32.830937],[112.043131,32.83127],[112.045384,32.832009],[112.044582,32.833398],[112.04337,32.835079],[112.043005,32.835435],[112.04201,32.836726],[112.041608,32.837125],[112.041087,32.837714],[112.041484,32.837907],[112.042198,32.836918],[112.043467,32.837502],[112.043847,32.837648],[112.044295,32.8369],[112.044633,32.837335],[112.044762,32.83756],[112.044899,32.837905],[112.045028,32.839368],[112.04584,32.839694],[112.045709,32.840107],[112.047801,32.840693],[112.047973,32.84024],[112.049561,32.840695],[112.05106,32.841175],[112.050489,32.842065],[112.051017,32.842243],[112.051961,32.842493],[112.052959,32.842719],[112.05301,32.843097],[112.053388,32.843154],[112.055008,32.843512],[112.055164,32.843341],[112.054485,32.843127],[112.054643,32.84271],[112.055368,32.841412],[112.055469,32.841369],[112.057143,32.838617],[112.056875,32.838518],[112.05776,32.837049],[112.057417,32.836819],[112.058423,32.835582],[112.057537,32.834784],[112.058125,32.833909],[112.058927,32.833001],[112.05761,32.832129],[112.057784,32.83194],[112.059093,32.83281],[112.060429,32.831405],[112.059029,32.83056],[112.059198,32.830378],[112.060558,32.831248],[112.06092,32.830874],[112.060354,32.830641],[112.061641,32.828699],[112.062312,32.829012],[112.063607,32.829449],[112.063725,32.829273],[112.066064,32.830206],[112.067234,32.82866],[112.068414,32.828906],[112.06799,32.82995],[112.070616,32.830369],[112.070366,32.831034],[112.072056,32.831856],[112.072818,32.831128],[112.073352,32.830551],[112.074588,32.829413],[112.074977,32.82896],[112.076093,32.827822],[112.077713,32.828708],[112.078547,32.827628],[112.082892,32.829249],[112.083394,32.827344],[112.086551,32.828579],[112.086422,32.827959],[112.088825,32.828207],[112.088836,32.826436],[112.090971,32.826609],[112.092969,32.825025],[112.095585,32.824869],[112.095885,32.824556],[112.097532,32.824817],[112.097698,32.824529],[112.097792,32.824473],[112.100413,32.823688],[112.100469,32.822656],[112.10059,32.821903],[112.100917,32.820569],[112.101118,32.819577],[112.10111,32.81932],[112.101078,32.819216],[112.101338,32.81895],[112.101287,32.818826],[112.101456,32.81806],[112.101582,32.816827],[112.101571,32.816635],[112.099407,32.815952],[112.10004,32.814933],[112.10155,32.815519],[112.101477,32.8148],[112.100831,32.812785],[112.100547,32.812708],[112.100174,32.812677],[112.09971,32.81139],[112.100332,32.811536],[112.100978,32.810015],[112.099841,32.809767],[112.099924,32.809352],[112.099407,32.809264],[112.099342,32.809117],[112.099978,32.809226],[112.100311,32.808062],[112.099214,32.807839],[112.099471,32.806678],[112.097599,32.806335],[112.097561,32.805826],[112.098492,32.804836],[112.099814,32.803722],[112.098586,32.803598],[112.098304,32.801923],[112.097822,32.801978],[112.097628,32.800715],[112.096628,32.800841],[112.096177,32.798981],[112.093946,32.799254],[112.093447,32.79706],[112.09243,32.797153],[112.092516,32.796057],[112.091701,32.795973],[112.091776,32.79479],[112.090952,32.79472],[112.090915,32.794463],[112.09084,32.794422],[112.088911,32.79431],[112.088742,32.796503],[112.087613,32.796409],[112.086736,32.796276],[112.086138,32.796116],[112.086452,32.79362],[112.085156,32.793378],[112.085389,32.792657],[112.084483,32.792605],[112.084419,32.792652],[112.084394,32.792824],[112.084094,32.792866],[112.08334,32.792821],[112.082042,32.792607],[112.082211,32.790914],[112.079408,32.79047],[112.080025,32.788249],[112.080395,32.786521],[112.080792,32.784864],[112.080902,32.784091],[112.081173,32.783955],[112.081439,32.783973],[112.081951,32.783761],[112.081798,32.784343],[112.082431,32.784496],[112.08172,32.786932],[112.082713,32.787169],[112.083391,32.787275],[112.083692,32.786131],[112.085706,32.78651],[112.086723,32.786623],[112.08694,32.785685],[112.087479,32.785725],[112.088192,32.785595],[112.089625,32.785784],[112.089595,32.785991],[112.090099,32.786059],[112.090427,32.786005],[112.09077,32.784239],[112.092948,32.784575],[112.093045,32.783944],[112.092645,32.783917],[112.092709,32.783543],[112.092079,32.783439],[112.091368,32.783258],[112.091446,32.782501],[112.091915,32.782535],[112.092296,32.782478],[112.092929,32.782266],[112.093106,32.781017],[112.093855,32.781071],[112.094201,32.78104],[112.094686,32.780934],[112.094533,32.782512],[112.09556,32.78265],[112.09566,32.782165],[112.095748,32.781245],[112.096853,32.781509],[112.099345,32.781982],[112.098953,32.783421],[112.099417,32.783437],[112.101164,32.783872],[112.100673,32.785705],[112.103607,32.786179],[112.103392,32.788334],[112.10402,32.788402],[112.104224,32.788481],[112.104304,32.788569],[112.104492,32.788666],[112.104975,32.78876],[112.105686,32.788846],[112.105444,32.790005],[112.106324,32.79019],[112.106507,32.789083],[112.10755,32.789297],[112.107547,32.78948],[112.107078,32.791284],[112.10844,32.791466],[112.108459,32.791644],[112.108392,32.7921],[112.108242,32.792598],[112.109749,32.792887],[112.110176,32.79173],[112.110618,32.790104],[112.110101,32.789976],[112.11071,32.788215],[112.109132,32.787694],[112.109535,32.786228],[112.111066,32.78647],[112.110929,32.787272],[112.111933,32.787448],[112.112123,32.786641],[112.111887,32.786589],[112.112099,32.785802],[112.112394,32.786154],[112.112673,32.78672],[112.11289,32.785964],[112.11347,32.786023],[112.113427,32.786463],[112.115479,32.786887],[112.116691,32.787081],[112.118534,32.787297],[112.11866,32.787471],[112.118668,32.787615],[112.119765,32.787798],[112.119877,32.787263],[112.120867,32.787446],[112.121181,32.786483],[112.122501,32.786769],[112.122211,32.786197],[112.122342,32.785782],[112.122291,32.785477],[112.122222,32.78538],[112.12275,32.783958],[112.12099,32.783464],[112.121648,32.780753],[112.119218,32.780304],[112.119376,32.779136],[112.115479,32.778609],[112.113571,32.778245],[112.113212,32.777325],[112.113035,32.776473],[112.112356,32.776191],[112.112241,32.776033],[112.112257,32.77574],[112.112048,32.775226],[112.112638,32.772287],[112.11193,32.772154],[112.111267,32.772111],[112.110278,32.772186],[112.110514,32.770769],[112.109913,32.770715],[112.109098,32.770751],[112.108537,32.770724],[112.10858,32.770244],[112.109081,32.767975],[112.110924,32.76846],[112.111423,32.766031],[112.109787,32.765584],[112.109824,32.765363],[112.110702,32.762679],[112.11064,32.762634],[112.11108,32.761279],[112.110401,32.761109],[112.109964,32.760873],[112.108285,32.760548],[112.108505,32.759826],[112.108682,32.759091],[112.108837,32.758718],[112.108961,32.75824],[112.106716,32.757931],[112.106949,32.756839],[112.105806,32.756688],[112.10582,32.756964],[112.105766,32.757564],[112.105646,32.757861],[112.105155,32.757794],[112.10453,32.760656],[112.102837,32.760356],[112.103317,32.75875],[112.102462,32.758606],[112.102354,32.759133],[112.101845,32.761008],[112.100952,32.760807],[112.098768,32.760399],[112.099109,32.759082],[112.097695,32.758802],[112.097358,32.760169],[112.095874,32.759889],[112.096427,32.757543],[112.095796,32.757449],[112.096035,32.756043],[112.093412,32.755863],[112.093353,32.756639],[112.092084,32.756492],[112.092165,32.755132],[112.091424,32.755062],[112.091414,32.754672],[112.091489,32.754148],[112.089708,32.754049],[112.089829,32.753192],[112.089037,32.75314],[112.089078,32.751972],[112.088976,32.751105],[112.089008,32.749305],[112.090067,32.749436],[112.090502,32.746402],[112.091792,32.746445],[112.091846,32.744238],[112.092806,32.744297],[112.092827,32.74395],[112.093656,32.744078],[112.093699,32.743893],[112.095236,32.744119],[112.095126,32.742962],[112.094906,32.74295],[112.094973,32.742106],[112.09474,32.742041],[112.095024,32.740951],[112.095094,32.740166],[112.095059,32.738984],[112.096998,32.738984],[112.096692,32.737136],[112.098436,32.738382],[112.097867,32.736177],[112.097653,32.736207],[112.097476,32.735349],[112.097092,32.735415],[112.096692,32.733838],[112.094927,32.734122],[112.094343,32.731329],[112.096893,32.730907],[112.096883,32.730742],[112.096344,32.72882],[112.096075,32.728878],[112.094909,32.728826],[112.093125,32.729014],[112.092481,32.729113],[112.090073,32.729167],[112.090027,32.728427],[112.090051,32.72796],[112.089933,32.726857],[112.088455,32.727073],[112.087954,32.725397],[112.089812,32.725142],[112.08981,32.724214],[112.090926,32.724433],[112.091073,32.724097],[112.093077,32.724318],[112.093133,32.723693],[112.093785,32.723684],[112.09371,32.72342],[112.091486,32.723312],[112.09139,32.723837],[112.089834,32.723668],[112.08967,32.722447],[112.091443,32.722526],[112.091583,32.721565],[112.089622,32.721468],[112.089627,32.721098],[112.091626,32.721093],[112.091757,32.721021],[112.092554,32.721405],[112.093458,32.721714],[112.094029,32.722125],[112.09412,32.722276],[112.094286,32.722371],[112.096368,32.721922],[112.096998,32.722948],[112.097325,32.723172],[112.097805,32.72335],[112.098578,32.725088],[112.099498,32.724939],[112.099029,32.723991],[112.099407,32.723887],[112.099627,32.724341],[112.101748,32.72409],[112.10104,32.722111],[112.102494,32.721881],[112.102067,32.720371],[112.101536,32.720486],[112.100987,32.718568],[112.099552,32.718875],[112.098283,32.715662],[112.09931,32.715558],[112.098653,32.713358],[112.101263,32.71317],[112.101016,32.711638],[112.102239,32.711514],[112.101915,32.709083],[112.1038,32.709002],[112.103685,32.707664],[112.103733,32.704743],[112.103942,32.704179],[112.104385,32.70271],[112.104538,32.702317],[112.104645,32.70161],[112.104798,32.701055],[112.105106,32.700258],[112.104567,32.699974],[112.103291,32.699807],[112.101845,32.699308],[112.100976,32.699173],[112.100305,32.699195],[112.098618,32.699405],[112.098235,32.699398],[112.096617,32.699256],[112.096008,32.699419],[112.095354,32.69955],[112.09507,32.699642],[112.094616,32.699956],[112.094455,32.700125],[112.094238,32.700441],[112.09397,32.701161],[112.09313,32.702529],[112.092264,32.703463],[112.091714,32.704405],[112.091489,32.70461],[112.091089,32.705213],[112.090531,32.705802],[112.089939,32.706296],[112.089737,32.706395],[112.089933,32.705621],[112.090209,32.70477],[112.090306,32.704576],[112.091121,32.702342],[112.090529,32.702238],[112.089209,32.702082],[112.089292,32.702375],[112.089375,32.702985],[112.089469,32.703806],[112.089483,32.704229],[112.089145,32.704219],[112.087243,32.704346],[112.087323,32.706348],[112.087455,32.707472],[112.087441,32.707853],[112.08694,32.707824],[112.086736,32.705325],[112.086693,32.704465],[112.086521,32.703186],[112.085993,32.703206],[112.086135,32.704465],[112.086304,32.706461],[112.086312,32.707237],[112.0861,32.707205],[112.085494,32.706878],[112.084958,32.706549],[112.084298,32.706072],[112.083724,32.705589],[112.083198,32.704976],[112.082745,32.704529],[112.082074,32.70401],[112.081109,32.702793],[112.080012,32.701125],[112.079532,32.700141],[112.078815,32.699475],[112.077911,32.698825]]]}},{"type":"Feature","properties":{"regionCode":"411381316","sourceCode":"411381316000","name":"小杨营乡","sourceName":"小杨营乡","parentCode":"411381","parentName":"邓州市","regionLevel":"township","regionType":"township","isManagementZone":false,"source":"ruiduobao","sourceVersion":"mixed-legacy~2018-2020","geometryRepaired":false,"match2020":false,"match2023":false},"geometry":{"type":"Polygon","coordinates":[[[112.273922,32.481782],[112.273831,32.481802],[112.273367,32.481628],[112.272865,32.481735],[112.2718,32.482094],[112.271835,32.482841],[112.272691,32.4829],[112.272683,32.483325],[112.271693,32.483303],[112.271731,32.484952],[112.272012,32.485599],[112.272023,32.486142],[112.271712,32.486712],[112.270969,32.487013],[112.269896,32.486877],[112.266629,32.489072],[112.265658,32.489509],[112.264148,32.490072],[112.263126,32.491651],[112.26278,32.493126],[112.261305,32.495361],[112.260675,32.495474],[112.26032,32.495506],[112.25994,32.495474],[112.258899,32.495153],[112.259012,32.494017],[112.258438,32.494015],[112.2584,32.495026],[112.257898,32.495158],[112.257177,32.495671],[112.256724,32.495712],[112.257086,32.494013],[112.256225,32.494011],[112.255999,32.495739],[112.254634,32.495696],[112.253969,32.495626],[112.253513,32.495502],[112.252773,32.495126],[112.252419,32.497078],[112.253218,32.497119],[112.254256,32.497001],[112.254111,32.498893],[112.253669,32.498904],[112.253508,32.500404],[112.254994,32.500415],[112.254983,32.500895],[112.257831,32.50094],[112.257877,32.502822],[112.257716,32.502811],[112.257697,32.503317],[112.257778,32.5045],[112.257311,32.504514],[112.256901,32.504582],[112.256968,32.505765],[112.255678,32.505815],[112.255683,32.505973],[112.255055,32.506011],[112.254956,32.50515],[112.253363,32.505258],[112.252212,32.50536],[112.251885,32.505417],[112.25185,32.5037],[112.251874,32.50351],[112.25119,32.503609],[112.250691,32.503765],[112.248792,32.503582],[112.249002,32.50187],[112.247108,32.501354],[112.246952,32.502005],[112.245944,32.50172],[112.24648,32.502492],[112.246534,32.502804],[112.24633,32.503222],[112.245635,32.503462],[112.244211,32.503175],[112.2436,32.502967],[112.242559,32.502772],[112.241312,32.502213],[112.240062,32.501499],[112.238627,32.501295],[112.238849,32.500162],[112.23779,32.499969],[112.237302,32.500035],[112.236559,32.500293],[112.23695,32.501616],[112.236266,32.501922],[112.235186,32.500114],[112.235145,32.500067],[112.234949,32.500053],[112.235049,32.498664],[112.234778,32.498614],[112.234791,32.498243],[112.231742,32.498397],[112.231624,32.496945],[112.231323,32.496888],[112.231202,32.494821],[112.228987,32.494855],[112.229008,32.494599],[112.228963,32.494407],[112.228783,32.494036],[112.226026,32.494235],[112.226165,32.495051],[112.22565,32.495088],[112.225779,32.496961],[112.224046,32.497096],[112.224237,32.497793],[112.223641,32.497646],[112.223121,32.49766],[112.223821,32.499128],[112.224052,32.500044],[112.223974,32.500155],[112.224516,32.500795],[112.226125,32.502134],[112.22727,32.503394],[112.227434,32.503652],[112.227724,32.503415],[112.228845,32.506095],[112.227107,32.506713],[112.227756,32.507787],[112.227249,32.508108],[112.225342,32.509481],[112.224304,32.510151],[112.224811,32.511372],[112.225452,32.511178],[112.225503,32.511318],[112.226146,32.511178],[112.226742,32.512919],[112.226482,32.512894],[112.226286,32.512797],[112.226189,32.512709],[112.226122,32.512089],[112.225986,32.511922],[112.225546,32.511829],[112.224883,32.511994],[112.224376,32.512236],[112.223325,32.512557],[112.22293,32.51284],[112.222703,32.513381],[112.222614,32.51422],[112.222147,32.514885],[112.22164,32.515335],[112.221074,32.515358],[112.219382,32.514819],[112.218365,32.515106],[112.217346,32.515134],[112.216295,32.514928],[112.215053,32.514505],[112.214712,32.514166],[112.214473,32.513541],[112.214044,32.513392],[112.213331,32.513659],[112.211394,32.514907],[112.210045,32.515713],[112.207274,32.517461],[112.20349,32.519677],[112.202149,32.520616],[112.200392,32.522378],[112.2,32.522681],[112.199139,32.523484],[112.19705,32.525901],[112.195956,32.527075],[112.195003,32.528597],[112.194641,32.528984],[112.192412,32.529972],[112.192222,32.5303],[112.192225,32.530612],[112.192597,32.531032],[112.193531,32.531557],[112.193756,32.532079],[112.19352,32.532674],[112.193027,32.532961],[112.192281,32.532891],[112.191484,32.534287],[112.190377,32.535865],[112.191782,32.5366],[112.191431,32.537346],[112.189856,32.536464],[112.189111,32.537269],[112.188668,32.537527],[112.188317,32.537466],[112.187984,32.537054],[112.187445,32.536853],[112.186058,32.538318],[112.185527,32.538678],[112.18495,32.539512],[112.184653,32.540482],[112.184237,32.541378],[112.184036,32.541988],[112.183443,32.542768],[112.182864,32.543291],[112.182196,32.543607],[112.181265,32.543729],[112.180997,32.54384],[112.180664,32.544168],[112.180377,32.544914],[112.180275,32.545626],[112.180104,32.545938],[112.178162,32.547202],[112.176338,32.547473],[112.17541,32.547394],[112.174361,32.547469],[112.17251,32.547772],[112.171089,32.547966],[112.169715,32.548016],[112.168723,32.548213],[112.167959,32.548414],[112.168248,32.549596],[112.169184,32.549587],[112.169402,32.54999],[112.169176,32.550085],[112.169345,32.5523],[112.169876,32.552289],[112.170391,32.552348],[112.17033,32.553214],[112.170743,32.553164],[112.170343,32.555183],[112.169973,32.55528],[112.169846,32.555893],[112.169579,32.556772],[112.17034,32.556919],[112.1707,32.555771],[112.172009,32.555924],[112.172341,32.554832],[112.17401,32.555065],[112.174442,32.554294],[112.174688,32.554412],[112.17424,32.555226],[112.175927,32.555836],[112.176327,32.555104],[112.177338,32.555579],[112.178757,32.556121],[112.178991,32.555705],[112.179543,32.5558],[112.18013,32.555985],[112.179937,32.556424],[112.179624,32.556888],[112.179245,32.556793],[112.178765,32.557882],[112.179471,32.557948],[112.180029,32.558436],[112.180439,32.558524],[112.179999,32.559614],[112.183403,32.56024],[112.18343,32.561395],[112.18388,32.561244],[112.184443,32.560988],[112.185567,32.560373],[112.185581,32.561131],[112.185758,32.562648],[112.186377,32.562507],[112.186047,32.559926],[112.186651,32.55986],[112.187241,32.562297],[112.186782,32.562413],[112.18711,32.563599],[112.187625,32.563746],[112.190653,32.563267],[112.190618,32.56284],[112.191224,32.562786],[112.191192,32.562177],[112.195459,32.561825],[112.196369,32.560098],[112.196079,32.558095],[112.197444,32.557667],[112.198552,32.557839],[112.199177,32.557968],[112.199582,32.558011],[112.199933,32.55797],[112.200349,32.55771],[112.200719,32.557283],[112.201183,32.556503],[112.2117,32.552004],[112.211628,32.551647],[112.212529,32.551423],[112.212816,32.551529],[112.213253,32.557701],[112.213304,32.558221],[112.213358,32.558436],[112.215978,32.558135],[112.216126,32.559313],[112.216322,32.559309],[112.216544,32.560719],[112.216896,32.560631],[112.217416,32.560552],[112.217746,32.560694],[112.218443,32.560563],[112.218687,32.562697],[112.219731,32.562641],[112.219878,32.563934],[112.22072,32.563927],[112.220632,32.564461],[112.221662,32.564345],[112.221638,32.564818],[112.222619,32.564788],[112.222622,32.564612],[112.223582,32.564574],[112.223842,32.56591],[112.222788,32.566018],[112.223008,32.566997],[112.223172,32.567915],[112.225599,32.567901],[112.22546,32.566088],[112.226613,32.566036],[112.226659,32.566687],[112.227624,32.566658],[112.227276,32.567892],[112.228939,32.567883],[112.228933,32.567189],[112.230647,32.567203],[112.230695,32.564933],[112.232519,32.565265],[112.232297,32.565998],[112.234628,32.566472],[112.234241,32.567361],[112.235454,32.566649],[112.235566,32.566439],[112.235481,32.566203],[112.235864,32.566149],[112.236103,32.567356],[112.237382,32.567352],[112.237377,32.566848],[112.237793,32.566848],[112.237819,32.566665],[112.238836,32.566739],[112.238758,32.567496],[112.240035,32.567553],[112.240689,32.567316],[112.241089,32.567259],[112.241084,32.567795],[112.242508,32.567806],[112.243516,32.568642],[112.243361,32.569361],[112.243634,32.570372],[112.243551,32.570892],[112.243688,32.573156],[112.243578,32.573511],[112.243613,32.574583],[112.24556,32.574547],[112.245689,32.573317],[112.248119,32.573868],[112.248065,32.574732],[112.247896,32.575392],[112.249224,32.575792],[112.248991,32.576271],[112.25177,32.577458],[112.251955,32.577094],[112.252118,32.576427],[112.253757,32.576707],[112.255393,32.576734],[112.256297,32.57661],[112.256555,32.577903],[112.256949,32.577932],[112.258175,32.576667],[112.25843,32.576529],[112.258521,32.576703],[112.258607,32.57673],[112.259004,32.576682],[112.26094,32.576197],[112.261423,32.575564],[112.261629,32.575408],[112.261758,32.575414],[112.262171,32.575715],[112.262442,32.575842],[112.26267,32.575442],[112.262681,32.574325],[112.263587,32.574305],[112.263351,32.572542],[112.264333,32.572383],[112.264108,32.571215],[112.26454,32.570858],[112.264403,32.569974],[112.263874,32.569996],[112.263807,32.56949],[112.262477,32.569605],[112.262356,32.5686],[112.262531,32.568588],[112.262372,32.566956],[112.261061,32.566934],[112.261037,32.565939],[112.260951,32.565851],[112.260852,32.56555],[112.260717,32.564644],[112.263201,32.56475],[112.263856,32.564682],[112.263891,32.564065],[112.264454,32.564056],[112.264507,32.563819],[112.26454,32.563154],[112.266302,32.563201],[112.266806,32.563269],[112.267616,32.56331],[112.267675,32.563387],[112.26878,32.563292],[112.269164,32.563213],[112.270132,32.563088],[112.27003,32.561237],[112.270829,32.560814],[112.271197,32.560731],[112.271328,32.56192],[112.273343,32.561569],[112.273533,32.561879],[112.27422,32.562168],[112.274716,32.562295],[112.275679,32.562322],[112.27595,32.562234],[112.27614,32.562033],[112.276084,32.561807],[112.276363,32.561538],[112.276596,32.56114],[112.276773,32.561086],[112.27728,32.561092],[112.278664,32.560789],[112.278753,32.561538],[112.278825,32.56175],[112.27901,32.561913],[112.279292,32.562073],[112.280273,32.56232],[112.280515,32.562345],[112.281556,32.562257],[112.286662,32.561759],[112.286767,32.562055],[112.287937,32.561886],[112.287998,32.56203],[112.288449,32.56201],[112.288309,32.561077],[112.288194,32.560679],[112.287494,32.558721],[112.287312,32.558072],[112.287395,32.557281],[112.290809,32.555316],[112.290238,32.553702],[112.291335,32.553304],[112.29045,32.55129],[112.291155,32.551098],[112.289801,32.547724],[112.290723,32.547553],[112.290994,32.547412],[112.29008,32.544518],[112.288983,32.541902],[112.293239,32.541023],[112.29299,32.539759],[112.29273,32.536894],[112.287939,32.537124],[112.287641,32.533803],[112.28449,32.534065],[112.284313,32.533145],[112.282164,32.53319],[112.280568,32.53345],[112.280491,32.532624],[112.278256,32.532539],[112.277387,32.525962],[112.274721,32.525648],[112.271977,32.525634],[112.271395,32.525598],[112.265972,32.524994],[112.265996,32.524703],[112.265964,32.523348],[112.265902,32.522244],[112.267866,32.522547],[112.269038,32.522604],[112.268874,32.520715],[112.270647,32.520645],[112.27069,32.519404],[112.270647,32.518108],[112.26907,32.518067],[112.268904,32.516981],[112.272543,32.516918],[112.272503,32.515432],[112.272592,32.51306],[112.272795,32.51013],[112.273131,32.510139],[112.273321,32.509074],[112.274394,32.509058],[112.277843,32.509395],[112.278533,32.509502],[112.27982,32.509244],[112.279906,32.508547],[112.283516,32.507869],[112.282974,32.503089],[112.280515,32.503528],[112.280416,32.503132],[112.28022,32.501677],[112.279946,32.500119],[112.279965,32.498997],[112.279901,32.494443],[112.279646,32.492545],[112.279683,32.49204],[112.279984,32.490545],[112.280319,32.488527],[112.280327,32.487459],[112.280225,32.486744],[112.280796,32.486699],[112.281252,32.486549],[112.281322,32.485047],[112.281293,32.484466],[112.277471,32.48433],[112.27746,32.48195],[112.276746,32.481981],[112.27485,32.48185],[112.274351,32.481687],[112.273922,32.481782]]]}},{"type":"Feature","properties":{"regionCode":"411381319","sourceCode":"411381319000","name":"龙堰乡","sourceName":"龙堰乡","parentCode":"411381","parentName":"邓州市","regionLevel":"township","regionType":"township","isManagementZone":false,"source":"ruiduobao","sourceVersion":"mixed-legacy~2018-2020","geometryRepaired":false,"match2020":true,"match2023":true},"geometry":{"type":"Polygon","coordinates":[[[112.156323,32.559901],[112.155253,32.559738],[112.151578,32.558979],[112.151761,32.55868],[112.151986,32.5584],[112.149738,32.557713],[112.149446,32.558504],[112.147515,32.55802],[112.145728,32.558836],[112.139801,32.561431],[112.138838,32.561897],[112.138237,32.563213],[112.138615,32.563335],[112.138548,32.563543],[112.138771,32.563633],[112.138784,32.563794],[112.138629,32.564348],[112.138543,32.564519],[112.138363,32.565109],[112.138116,32.565023],[112.138379,32.564293],[112.13847,32.563961],[112.138476,32.56378],[112.137298,32.563984],[112.137518,32.563366],[112.137424,32.563319],[112.137347,32.563504],[112.137164,32.563461],[112.137266,32.563267],[112.136775,32.563154],[112.136928,32.562709],[112.136676,32.562616],[112.136912,32.561845],[112.136692,32.561906],[112.136276,32.562096],[112.136145,32.562261],[112.136081,32.562695],[112.135874,32.56291],[112.1356,32.56303],[112.135225,32.563064],[112.134933,32.563052],[112.134171,32.562623],[112.133809,32.562584],[112.133205,32.562611],[112.132803,32.562704],[112.131719,32.563093],[112.13111,32.563256],[112.130536,32.563276],[112.130405,32.563966],[112.1296,32.563898],[112.129683,32.563269],[112.128576,32.563253],[112.128069,32.563129],[112.127484,32.563154],[112.126409,32.563267],[112.125762,32.563226],[112.125515,32.563251],[112.124619,32.563201],[112.123785,32.563107],[112.122085,32.562331],[112.121881,32.562196],[112.121393,32.562024],[112.120988,32.561922],[112.120575,32.561949],[112.120223,32.562173],[112.120017,32.562433],[112.119805,32.562781],[112.119644,32.56291],[112.119451,32.562969],[112.118786,32.563952],[112.118373,32.563825],[112.116806,32.56324],[112.116691,32.563764],[112.114339,32.563373],[112.114741,32.561992],[112.11362,32.561845],[112.111345,32.561628],[112.111399,32.562168],[112.111428,32.563027],[112.111278,32.564327],[112.111064,32.565566],[112.109969,32.565428],[112.109811,32.565358],[112.109232,32.565311],[112.109486,32.565858],[112.109672,32.566136],[112.10972,32.566348],[112.109669,32.56664],[112.109613,32.566771],[112.109301,32.567277],[112.107933,32.56709],[112.106785,32.566825],[112.1052,32.57027],[112.102813,32.569465],[112.102432,32.569237],[112.101386,32.568977],[112.101046,32.569847],[112.099667,32.569348],[112.099412,32.569759],[112.100772,32.570247],[112.100496,32.570765],[112.09905,32.570356],[112.098857,32.570855],[112.097784,32.570553],[112.094386,32.569732],[112.09471,32.568898],[112.094785,32.568828],[112.090142,32.567535],[112.089536,32.567327],[112.089469,32.567533],[112.088329,32.567225],[112.088273,32.567336],[112.088498,32.567435],[112.08841,32.567675],[112.084453,32.566622],[112.084566,32.566267],[112.08301,32.565803],[112.08289,32.566194],[112.08187,32.56593],[112.081803,32.566075],[112.08253,32.566321],[112.081632,32.567417],[112.081318,32.567286],[112.080899,32.567971],[112.080578,32.567781],[112.080602,32.567537],[112.077724,32.566425],[112.077616,32.566283],[112.077638,32.56607],[112.077611,32.565559],[112.076093,32.565186],[112.075935,32.565609],[112.075744,32.56586],[112.07435,32.565482],[112.074248,32.56558],[112.074025,32.566081],[112.07329,32.565928],[112.07299,32.565781],[112.072898,32.565937],[112.070546,32.565277],[112.07023,32.565733],[112.070168,32.566109],[112.070058,32.566506],[112.069865,32.566897],[112.069739,32.567047],[112.069294,32.566904],[112.068937,32.566852],[112.068516,32.566893],[112.067955,32.567026],[112.067746,32.566992],[112.067405,32.56779],[112.064334,32.566642],[112.063572,32.567155],[112.062427,32.565864],[112.062014,32.565473],[112.061574,32.565989],[112.060928,32.566852],[112.060686,32.567334],[112.060488,32.567623],[112.060716,32.567815],[112.061883,32.569056],[112.061521,32.569348],[112.06129,32.569178],[112.060812,32.56952],[112.062921,32.571624],[112.06126,32.573925],[112.062792,32.574698],[112.063398,32.573839],[112.067923,32.575853],[112.06777,32.576588],[112.069117,32.576775],[112.068926,32.577286],[112.070256,32.577645],[112.069951,32.578642],[112.070112,32.578701],[112.069945,32.579397],[112.068556,32.578997],[112.068317,32.579786],[112.066965,32.57941],[112.066405,32.581239],[112.062215,32.579729],[112.060995,32.580846],[112.05669,32.57699],[112.056086,32.577489],[112.056465,32.577871],[112.055448,32.578667],[112.055979,32.579076],[112.055783,32.579212],[112.054367,32.578079],[112.053785,32.579903],[112.053034,32.57925],[112.052425,32.579761],[112.050714,32.58276],[112.052361,32.584297],[112.052903,32.584053],[112.055824,32.586765],[112.057417,32.588021],[112.055947,32.589373],[112.055775,32.589318],[112.055448,32.589558],[112.056279,32.590372],[112.053235,32.592512],[112.054544,32.593994],[112.052868,32.59457],[112.052602,32.594796],[112.05257,32.594977],[112.052916,32.595522],[112.051006,32.596136],[112.050781,32.596179],[112.048439,32.596981],[112.047849,32.599022],[112.049721,32.599056],[112.048992,32.599567],[112.048957,32.600089],[112.049515,32.60193],[112.049512,32.602145],[112.048421,32.60287],[112.04804,32.60254],[112.046283,32.604149],[112.046192,32.604178],[112.045803,32.602057],[112.042155,32.604617],[112.04134,32.604056],[112.041171,32.604016],[112.040642,32.603613],[112.039057,32.605362],[112.039607,32.605667],[112.038234,32.607179],[112.037989,32.607041],[112.035144,32.60982],[112.035753,32.610143],[112.034886,32.611063],[112.035903,32.61168],[112.034709,32.613144],[112.031992,32.611601],[112.032668,32.610785],[112.032824,32.610769],[112.03299,32.610631],[112.031778,32.609922],[112.031517,32.609843],[112.030584,32.610871],[112.029439,32.610274],[112.028419,32.611271],[112.029388,32.611976],[112.026282,32.615295],[112.027996,32.616101],[112.026249,32.618247],[112.025745,32.618012],[112.024224,32.617167],[112.023621,32.617917],[112.023465,32.618207],[112.022937,32.618071],[112.021735,32.619067],[112.020896,32.618668],[112.020185,32.619314],[112.019871,32.619544],[112.018742,32.618281],[112.016231,32.619991],[112.016033,32.620055],[112.013597,32.62125],[112.015046,32.622973],[112.013536,32.623834],[112.013015,32.623204],[112.012871,32.623287],[112.012396,32.622662],[112.010669,32.623647],[112.008775,32.622332],[112.007477,32.623324],[112.00866,32.623979],[112.007313,32.625086],[112.005631,32.624695],[112.004465,32.625815],[112.005318,32.626384],[112.004263,32.627392],[112.005041,32.627916],[112.00455,32.628239],[112.004819,32.628447],[112.005615,32.628915],[112.006015,32.629188],[112.006323,32.629669],[112.00856,32.632102],[112.012342,32.63614],[112.012672,32.636409],[112.014324,32.635598],[112.015429,32.636823],[112.017079,32.635869],[112.020327,32.639531],[112.021601,32.638733],[112.023071,32.640093],[112.022307,32.640583],[112.023688,32.641907],[112.024267,32.641462],[112.025241,32.642363],[112.02567,32.64185],[112.026574,32.643174],[112.028881,32.642121],[112.028739,32.644161],[112.030155,32.644068],[112.030251,32.64319],[112.030836,32.643045],[112.032054,32.642559],[112.032553,32.642831],[112.032767,32.642876],[112.033019,32.642867],[112.033046,32.642943],[112.032976,32.643122],[112.032805,32.643305],[112.032848,32.643483],[112.031804,32.643757],[112.031539,32.643874],[112.030957,32.644296],[112.030302,32.645098],[112.030152,32.645238],[112.030013,32.64545],[112.029921,32.645918],[112.029946,32.64627],[112.030015,32.646562],[112.030345,32.647067],[112.030589,32.647327],[112.030756,32.647427],[112.031112,32.647542],[112.031528,32.647539],[112.031952,32.647483],[112.033725,32.647052],[112.034151,32.647013],[112.034269,32.647052],[112.034387,32.647142],[112.034438,32.647239],[112.034436,32.64739],[112.034334,32.647842],[112.034245,32.648057],[112.034178,32.648666],[112.033966,32.648933],[112.033856,32.64898],[112.03373,32.648983],[112.033596,32.64894],[112.033465,32.648825],[112.033274,32.648468],[112.033183,32.648393],[112.032834,32.648402],[112.032647,32.64847],[112.032048,32.648951],[112.031528,32.649168],[112.031305,32.649217],[112.031013,32.649355],[112.030855,32.64957],[112.030833,32.649775],[112.030876,32.649915],[112.031075,32.650193],[112.031297,32.650369],[112.031539,32.650446],[112.03244,32.650584],[112.033604,32.650557],[112.034755,32.650611],[112.035144,32.650685],[112.03538,32.650787],[112.035766,32.651442],[112.035763,32.651846],[112.035618,32.652244],[112.034886,32.652682],[112.034519,32.652799],[112.034419,32.652905],[112.034339,32.653194],[112.034446,32.65361],[112.03417,32.65408],[112.034017,32.654805],[112.033945,32.654895],[112.033752,32.654947],[112.033623,32.654947],[112.033328,32.654744],[112.033258,32.654653],[112.033196,32.654556],[112.033116,32.654156],[112.03307,32.653438],[112.032963,32.653292],[112.032861,32.65326],[112.032555,32.653348],[112.031169,32.654193],[112.031075,32.654303],[112.030831,32.65485],[112.030825,32.655188],[112.030941,32.655365],[112.031182,32.655493],[112.031863,32.655561],[112.032727,32.65552],[112.033057,32.655584],[112.033408,32.655749],[112.033569,32.656067],[112.03355,32.656426],[112.032791,32.657058],[112.034551,32.657042],[112.034597,32.657591],[112.034704,32.657835],[112.034875,32.658391],[112.037295,32.657869],[112.038486,32.657465],[112.039443,32.657013],[112.040436,32.656636],[112.041184,32.657424],[112.042525,32.656979],[112.042525,32.656823],[112.042453,32.656641],[112.042434,32.656478],[112.042429,32.65611],[112.042493,32.655825],[112.042887,32.655918],[112.042992,32.655913],[112.04451,32.655721],[112.043775,32.654407],[112.04448,32.654154],[112.044298,32.653748],[112.04433,32.653689],[112.045417,32.653267],[112.045175,32.652926],[112.04723,32.652099],[112.047498,32.652442],[112.048292,32.652138],[112.047128,32.651056],[112.045618,32.649755],[112.048582,32.649001],[112.048286,32.648145],[112.050599,32.647567],[112.050671,32.647402],[112.052417,32.647027],[112.052114,32.645597],[112.052573,32.645473],[112.053691,32.645265],[112.053302,32.643989],[112.055054,32.643574],[112.054767,32.642704],[112.059616,32.641532],[112.059844,32.643038],[112.060356,32.644603],[112.061242,32.644339],[112.063052,32.643915],[112.06379,32.647235],[112.06589,32.64676],[112.066298,32.648174],[112.067513,32.647946],[112.069412,32.64753],[112.069817,32.649019],[112.07241,32.648423],[112.072024,32.646964],[112.070994,32.643616],[112.069597,32.643831],[112.069323,32.64309],[112.069854,32.642828],[112.069607,32.642087],[112.070538,32.641834],[112.070305,32.641001],[112.069127,32.641396],[112.068274,32.63916],[112.069658,32.638747],[112.07013,32.640405],[112.071131,32.640197],[112.071799,32.64001],[112.071919,32.639928],[112.071914,32.639775],[112.073931,32.639117],[112.073776,32.638392],[112.074197,32.638336],[112.073971,32.637213],[112.07417,32.6372],[112.073894,32.635815],[112.073145,32.635881],[112.073014,32.635361],[112.074548,32.635088],[112.074425,32.634076],[112.07215,32.634304],[112.072137,32.63415],[112.072198,32.633638],[112.073371,32.633421],[112.073185,32.63132],[112.072713,32.631264],[112.072526,32.631182],[112.072378,32.631065],[112.072282,32.63085],[112.070935,32.630835],[112.070868,32.629441],[112.070493,32.629466],[112.070514,32.628282],[112.070718,32.628221],[112.07072,32.627058],[112.070616,32.625377],[112.07141,32.625201],[112.071474,32.625293],[112.072483,32.625237],[112.072499,32.625513],[112.073542,32.625449],[112.075736,32.625178],[112.075801,32.62521],[112.075894,32.625397],[112.076055,32.626276],[112.076536,32.626206],[112.07656,32.626319],[112.079379,32.625838],[112.079438,32.626423],[112.082402,32.626003],[112.082522,32.626694],[112.084628,32.626468],[112.084644,32.626204],[112.085398,32.626172],[112.0854,32.626023],[112.085797,32.626],[112.085623,32.624449],[112.086537,32.624277],[112.086511,32.624494],[112.086527,32.624665],[112.086599,32.624871],[112.086704,32.625752],[112.088656,32.625585],[112.088592,32.624469],[112.089456,32.624512],[112.092782,32.624227],[112.093506,32.62427],[112.094402,32.624245],[112.096212,32.624471],[112.09655,32.624571],[112.096746,32.624679],[112.09677,32.624351],[112.095904,32.623882],[112.09555,32.623475],[112.095158,32.622813],[112.094796,32.62066],[112.095705,32.620531],[112.095662,32.619765],[112.096615,32.619741],[112.096797,32.615911],[112.098342,32.615595],[112.09828,32.614375],[112.099498,32.614296],[112.099562,32.614759],[112.099704,32.617106],[112.100681,32.61707],[112.100777,32.618959],[112.099737,32.619716],[112.099235,32.619693],[112.09933,32.620689],[112.099334,32.621058],[112.101794,32.621189],[112.101995,32.621139],[112.10251,32.621125],[112.102827,32.621245],[112.103535,32.621279],[112.103417,32.621717],[112.104506,32.621729],[112.104511,32.620994],[112.105251,32.620988],[112.105029,32.624948],[112.106115,32.625072],[112.106,32.625357],[112.105839,32.626931],[112.107695,32.62725],[112.107561,32.628783],[112.108253,32.628239],[112.108644,32.628004],[112.109457,32.627645],[112.109623,32.627496],[112.109865,32.627078],[112.109964,32.627144],[112.109967,32.627733],[112.112713,32.627731],[112.112694,32.629267],[112.112343,32.629271],[112.112378,32.629884],[112.114167,32.629852],[112.114306,32.629696],[112.115014,32.629393],[112.115264,32.629362],[112.116562,32.629402],[112.116527,32.629992],[112.117061,32.630003],[112.117045,32.630697],[112.11712,32.631018],[112.117192,32.631144],[112.117396,32.631397],[112.117528,32.63144],[112.117986,32.631469],[112.118088,32.631517],[112.118153,32.632228],[112.118343,32.632782],[112.118432,32.633263],[112.118466,32.63387],[112.118491,32.633943],[112.118708,32.634157],[112.118845,32.634458],[112.118957,32.634964],[112.119032,32.635598],[112.118193,32.636518],[112.11796,32.636692],[112.117313,32.637082],[112.1172,32.63724],[112.117941,32.637044],[112.118654,32.63694],[112.118753,32.636999],[112.118845,32.637286],[112.119832,32.637116],[112.119821,32.638433],[112.120838,32.638422],[112.120808,32.638831],[112.120913,32.63884],[112.121068,32.637943],[112.120859,32.636938],[112.123069,32.636472],[112.125075,32.636366],[112.125416,32.636265],[112.125446,32.636913],[112.12555,32.637622],[112.125574,32.638295],[112.125636,32.638919],[112.12569,32.639047],[112.125912,32.639226],[112.126465,32.639569],[112.126736,32.639684],[112.127017,32.639705],[112.12787,32.639463],[112.128117,32.640843],[112.129166,32.640809],[112.129056,32.639248],[112.129737,32.638932],[112.130603,32.638623],[112.131188,32.638471],[112.131572,32.638304],[112.131918,32.637952],[112.132578,32.637914],[112.132787,32.63954],[112.133176,32.639472],[112.132878,32.638029],[112.133144,32.638135],[112.133878,32.637846],[112.135855,32.637344],[112.136979,32.637188],[112.137958,32.637091],[112.138001,32.637098],[112.138124,32.637249],[112.138245,32.637227],[112.138259,32.637288],[112.139519,32.637071],[112.139305,32.635955],[112.137926,32.636093],[112.137813,32.63521],[112.13912,32.634948],[112.139047,32.63427],[112.139291,32.634117],[112.139345,32.634019],[112.13901,32.632488],[112.138653,32.632544],[112.13868,32.633017],[112.136912,32.633265],[112.136622,32.631889],[112.135694,32.63209],[112.133897,32.632276],[112.133728,32.631155],[112.132596,32.631248],[112.132465,32.630566],[112.132081,32.630611],[112.131998,32.629362],[112.132012,32.628872],[112.131062,32.629027],[112.131094,32.62886],[112.132685,32.627882],[112.132789,32.628745],[112.13309,32.628713],[112.133178,32.62926],[112.133245,32.630582],[112.133578,32.630554],[112.13427,32.630374],[112.134133,32.629163],[112.134525,32.629125],[112.134501,32.628793],[112.135228,32.62868],[112.134997,32.627265],[112.13504,32.627261],[112.134895,32.626199],[112.136703,32.625614],[112.136582,32.625359],[112.13633,32.623961],[112.136215,32.623138],[112.13696,32.623317],[112.139001,32.623059],[112.139219,32.624835],[112.141941,32.624557],[112.141654,32.622492],[112.141587,32.621814],[112.140833,32.621891],[112.140833,32.62087],[112.140882,32.620789],[112.140895,32.619912],[112.140954,32.6193],[112.141397,32.618801],[112.141598,32.6175],[112.139184,32.616984],[112.139935,32.614994],[112.141319,32.615353],[112.141536,32.614836],[112.140246,32.614434],[112.141257,32.613254],[112.14097,32.613209],[112.140777,32.613078],[112.140605,32.612827],[112.140485,32.612122],[112.141448,32.612127],[112.141735,32.611368],[112.142239,32.609538],[112.142598,32.608415],[112.142977,32.608456],[112.142408,32.610066],[112.142432,32.610116],[112.142631,32.610137],[112.143215,32.608485],[112.143583,32.608528],[112.143239,32.60959],[112.144795,32.610173],[112.144921,32.609929],[112.146439,32.610509],[112.146128,32.611196],[112.147531,32.611662],[112.147711,32.611691],[112.147869,32.611323],[112.148792,32.611573],[112.149062,32.611585],[112.149438,32.610921],[112.14998,32.61118],[112.149591,32.612068],[112.149958,32.612188],[112.149854,32.612461],[112.150685,32.612696],[112.151235,32.611508],[112.151656,32.61165],[112.151771,32.611345],[112.150248,32.610902],[112.150291,32.610728],[112.150404,32.610559],[112.151849,32.611033],[112.152072,32.610593],[112.151195,32.61032],[112.151291,32.610137],[112.15112,32.610094],[112.15131,32.609662],[112.151487,32.609709],[112.151702,32.609029],[112.151023,32.608919],[112.151165,32.6082],[112.150098,32.608099],[112.150068,32.607737],[112.150444,32.605708],[112.14906,32.605473],[112.149119,32.605161],[112.14826,32.605057],[112.148167,32.605028],[112.148151,32.604947],[112.147284,32.604757],[112.146391,32.604605],[112.146479,32.603534],[112.146485,32.603033],[112.144589,32.602881],[112.14461,32.60247],[112.14413,32.602436],[112.144122,32.602093],[112.142344,32.602007],[112.142295,32.601919],[112.142019,32.601738],[112.141179,32.601715],[112.139423,32.601544],[112.139562,32.601087],[112.137446,32.600742],[112.138352,32.597662],[112.142373,32.598249],[112.142569,32.597207],[112.141904,32.597074],[112.142204,32.595632],[112.142271,32.595427],[112.141957,32.595409],[112.142172,32.594082],[112.141238,32.594057],[112.141276,32.592817],[112.143108,32.592833],[112.143111,32.59163],[112.143328,32.591655],[112.14358,32.59163],[112.143934,32.59152],[112.144108,32.591506],[112.144682,32.591599],[112.145476,32.591585],[112.145978,32.591474],[112.146488,32.591167],[112.146742,32.591056],[112.147064,32.591022],[112.147094,32.590114],[112.14741,32.590118],[112.147477,32.588595],[112.148829,32.588516],[112.148883,32.586869],[112.149744,32.586695],[112.14965,32.583974],[112.151967,32.583987],[112.152032,32.582943],[112.152946,32.582927],[112.152917,32.581729],[112.152984,32.581314],[112.152949,32.580023],[112.157262,32.580118],[112.157477,32.578638],[112.157831,32.576698],[112.156991,32.576578],[112.156575,32.57845],[112.155242,32.578321],[112.155406,32.577243],[112.155612,32.576429],[112.15535,32.576393],[112.155604,32.57539],[112.15812,32.575066],[112.158236,32.574872],[112.158579,32.573344],[112.157246,32.573254],[112.157686,32.571179],[112.156296,32.570426],[112.156388,32.569807],[112.155355,32.569703],[112.155489,32.568828],[112.155374,32.568704],[112.155223,32.568161],[112.154966,32.56763],[112.155044,32.56671],[112.155323,32.565487],[112.155865,32.565555],[112.156283,32.563568],[112.158507,32.56369],[112.158493,32.56244],[112.159891,32.562575],[112.159869,32.562103],[112.159915,32.561547],[112.159888,32.560984],[112.159995,32.560403],[112.157809,32.560141],[112.156323,32.559901]]]}},{"type":"Feature","properties":{"regionCode":"411381400","sourceCode":"411381400000","name":"南阳市黄牛良种繁育场","sourceName":"南阳市黄牛良种繁育场","parentCode":"411381","parentName":"邓州市","regionLevel":"township","regionType":"farm","isManagementZone":false,"source":"ruiduobao","sourceVersion":"mixed-legacy~2018-2020","geometryRepaired":false,"match2020":true,"match2023":true},"geometry":{"type":"Polygon","coordinates":[[[112.148438,32.463163],[112.146351,32.462161],[112.144347,32.464879],[112.14325,32.467395],[112.141684,32.46876],[112.142102,32.469176],[112.142365,32.468945],[112.143285,32.469708],[112.143923,32.469624],[112.143939,32.469584],[112.144253,32.46947],[112.145399,32.470118],[112.146176,32.468902],[112.146514,32.469097],[112.146552,32.469212],[112.14652,32.469384],[112.146579,32.469563],[112.146729,32.469742],[112.147035,32.469957],[112.147695,32.47024],[112.148534,32.470443],[112.148657,32.470575],[112.148724,32.470744],[112.148813,32.470826],[112.149097,32.470925],[112.151138,32.46757],[112.150074,32.467303],[112.149607,32.46735],[112.149484,32.467312],[112.149242,32.467158],[112.148872,32.466877],[112.149226,32.466413],[112.149636,32.466563],[112.150758,32.464745],[112.150784,32.464616],[112.15102,32.464467],[112.150685,32.464234],[112.148438,32.463163]]]}},{"type":"Feature","properties":{"regionCode":"411381560","sourceCode":"411381560000","name":"杏山旅游管理区","sourceName":"杏山旅游管理区杏山街道办事处","parentCode":"411381","parentName":"邓州市","regionLevel":"township","regionType":"managementArea","isManagementZone":false,"source":"ruiduobao","sourceVersion":"mixed-legacy~2018-2020","geometryRepaired":false,"match2020":true,"match2023":true},"geometry":{"type":"Polygon","coordinates":[[[111.737298,32.592351],[111.737469,32.592091],[111.737499,32.591958],[111.737418,32.591786],[111.737032,32.59156],[111.737035,32.591422],[111.73726,32.591113],[111.73741,32.590989],[111.737904,32.590842],[111.737984,32.590756],[111.738178,32.590365],[111.737137,32.589874],[111.736877,32.589628],[111.736579,32.589766],[111.734701,32.590245],[111.734184,32.589924],[111.734498,32.58959],[111.734742,32.589411],[111.735576,32.588627],[111.735627,32.588514],[111.735498,32.588121],[111.735721,32.587682],[111.735621,32.587316],[111.735761,32.587027],[111.735825,32.586772],[111.733473,32.589533],[111.732422,32.590561],[111.731107,32.591531],[111.728978,32.59279],[111.727693,32.593395],[111.727387,32.593533],[111.723836,32.59481],[111.723165,32.595149],[111.722637,32.595621],[111.721441,32.596932],[111.720633,32.597978],[111.720274,32.598597],[111.719544,32.600134],[111.718675,32.601589],[111.718077,32.602122],[111.716948,32.602895],[111.714665,32.604183],[111.713649,32.604874],[111.712281,32.606418],[111.711578,32.607337],[111.710693,32.608078],[111.710245,32.608324],[111.709585,32.608625],[111.708351,32.608476],[111.707525,32.608446],[111.705377,32.608648],[111.705066,32.608564],[111.704269,32.607498],[111.703279,32.607287],[111.702298,32.608277],[111.699382,32.608702],[111.698374,32.609563],[111.697998,32.609958],[111.696627,32.611171],[111.696126,32.611479],[111.695007,32.611831],[111.694353,32.611951],[111.692883,32.61208],[111.692285,32.612061],[111.691901,32.611987],[111.691402,32.611441],[111.691215,32.611052],[111.690571,32.609456],[111.690308,32.608925],[111.689061,32.608379],[111.688213,32.609127],[111.685663,32.609676],[111.682809,32.610803],[111.68132,32.611571],[111.681055,32.611648],[111.680089,32.611682],[111.678509,32.611858],[111.678093,32.61186],[111.67558,32.612086],[111.674153,32.612728],[111.673067,32.612956],[111.670095,32.613869],[111.668606,32.616998],[111.668386,32.616971],[111.668177,32.616867],[111.66634,32.6163],[111.665039,32.616363],[111.664264,32.616345],[111.663746,32.616185],[111.662974,32.615769],[111.662024,32.615333],[111.660573,32.61452],[111.656027,32.613114],[111.655351,32.613914],[111.655265,32.614533],[111.655276,32.615362],[111.655246,32.615886],[111.655029,32.616223],[111.654258,32.616734],[111.651907,32.617981],[111.65155,32.617872],[111.650976,32.61747],[111.650408,32.617138],[111.650223,32.616874],[111.650161,32.616551],[111.649485,32.61499],[111.648873,32.614233],[111.648326,32.613227],[111.647913,32.612629],[111.647001,32.610982],[111.646655,32.610568],[111.646234,32.610139],[111.646052,32.609861],[111.645875,32.609438],[111.645708,32.608799],[111.645716,32.608306],[111.645569,32.607954],[111.645333,32.607516],[111.645429,32.606729],[111.645193,32.605432],[111.644501,32.603975],[111.64393,32.603098],[111.643313,32.602253],[111.642809,32.602102],[111.64234,32.602118],[111.642015,32.602183],[111.641028,32.602475],[111.639915,32.602673],[111.639614,32.602809],[111.639432,32.602988],[111.639185,32.603311],[111.638724,32.604244],[111.638005,32.605534],[111.635921,32.609793],[111.635414,32.610751],[111.634674,32.610799],[111.634414,32.610762],[111.634247,32.610828],[111.63355,32.612943],[111.632866,32.615215],[111.632482,32.616149],[111.632319,32.617064],[111.63208,32.61775],[111.631549,32.618469],[111.630457,32.619761],[111.630895,32.619863],[111.631501,32.619863],[111.632794,32.620082],[111.633182,32.620168],[111.633443,32.620314],[111.6341,32.62115],[111.634435,32.621385],[111.635334,32.622232],[111.635674,32.622759],[111.636605,32.623427],[111.637506,32.624125],[111.638373,32.62495],[111.638981,32.625849],[111.639657,32.626577],[111.640121,32.627252],[111.640258,32.62762],[111.640194,32.628027],[111.640001,32.628357],[111.639818,32.628506],[111.640086,32.628655],[111.640891,32.628797],[111.641422,32.629084],[111.641774,32.629355],[111.641835,32.629633],[111.641849,32.630096],[111.64257,32.631194],[111.64474,32.633443],[111.646239,32.63448],[111.646615,32.634988],[111.646905,32.635447],[111.646838,32.635838],[111.646022,32.636229],[111.64422,32.636942],[111.643707,32.637541],[111.643981,32.637934],[111.644252,32.638056],[111.644515,32.638243],[111.644855,32.638578],[111.645105,32.63902],[111.645633,32.639603],[111.647205,32.63982],[111.647672,32.639982],[111.64812,32.640292],[111.649203,32.641728],[111.649482,32.641636],[111.650008,32.64136],[111.6504,32.640945],[111.650164,32.640348],[111.650094,32.639851],[111.650129,32.638858],[111.650434,32.638555],[111.651947,32.637968],[111.652655,32.637805],[111.65412,32.637329],[111.65515,32.637204],[111.65585,32.637636],[111.656295,32.63802],[111.657081,32.638447],[111.657998,32.63902],[111.658406,32.639316],[111.658808,32.639802],[111.659122,32.640055],[111.659404,32.640161],[111.659723,32.640073],[111.660002,32.639888],[111.660501,32.63989],[111.66126,32.640351],[111.661922,32.640807],[111.662614,32.641412],[111.663371,32.642252],[111.663449,32.642849],[111.663263,32.643691],[111.663438,32.644052],[111.663939,32.64424],[111.664656,32.644642],[111.665382,32.645125],[111.665669,32.645279],[111.666115,32.645353],[111.666935,32.645069],[111.668317,32.644649],[111.669124,32.644631],[111.671737,32.644859],[111.672941,32.64473],[111.673585,32.644454],[111.673936,32.644021],[111.674322,32.643759],[111.674979,32.643741],[111.677814,32.644416],[111.678539,32.644486],[111.680856,32.644393],[111.682028,32.644265],[111.683482,32.643991],[111.684152,32.643827],[111.685298,32.643476],[111.686081,32.643312],[111.687226,32.643237],[111.689388,32.643034],[111.690566,32.642855],[111.691239,32.642605],[111.691727,32.642365],[111.692998,32.640863],[111.693293,32.640382],[111.693393,32.640098],[111.693688,32.63965],[111.69409,32.639388],[111.694522,32.639192],[111.694954,32.638946],[111.695345,32.63825],[111.695651,32.637297],[111.695962,32.637087],[111.696338,32.637055],[111.69692,32.637071],[111.698172,32.637024],[111.700538,32.636843],[111.701761,32.636603],[111.702856,32.636197],[111.703416,32.636075],[111.703781,32.636161],[111.704012,32.63643],[111.704248,32.637408],[111.70451,32.637726],[111.704824,32.6379],[111.706259,32.638038],[111.707034,32.638422],[111.707619,32.639104],[111.708282,32.639314],[111.708837,32.639745],[111.709279,32.640321],[111.709593,32.641286],[111.709588,32.641977],[111.709499,32.642573],[111.709102,32.64424],[111.709025,32.645231],[111.709081,32.645516],[111.709405,32.645518],[111.710489,32.645046],[111.711017,32.644879],[111.712705,32.64461],[111.713941,32.644138],[111.714899,32.643718],[111.715588,32.643849],[111.715722,32.644491],[111.715786,32.645243],[111.715706,32.645972],[111.715339,32.646751],[111.714714,32.647605],[111.713973,32.648337],[111.713576,32.649093],[111.713523,32.649482],[111.713525,32.649773],[111.713668,32.650044],[111.713979,32.650439],[111.71506,32.651376],[111.715414,32.651596],[111.715701,32.651918],[111.715674,32.652359],[111.715376,32.653129],[111.714606,32.654888],[111.7144,32.655103],[111.713775,32.656144],[111.713552,32.65679],[111.713499,32.657252],[111.71356,32.65786],[111.713764,32.658368],[111.713394,32.658612],[111.711127,32.658675],[111.710618,32.658835],[111.710771,32.659147],[111.712367,32.6619],[111.713067,32.662956],[111.713869,32.66404],[111.714424,32.664995],[111.715577,32.666818],[111.715837,32.667626],[111.716092,32.668082],[111.716527,32.668353],[111.71786,32.668832],[111.718973,32.668796],[111.719753,32.668242],[111.720443,32.66794],[111.72114,32.667771],[111.721475,32.667748],[111.722334,32.667859],[111.722991,32.667854],[111.723431,32.667798],[111.723849,32.667644],[111.724667,32.667445],[111.726328,32.667217],[111.726926,32.667021],[111.72718,32.666863],[111.72864,32.66624],[111.729396,32.666009],[111.729879,32.665946],[111.730445,32.665944],[111.730957,32.666066],[111.731767,32.66635],[111.732357,32.666355],[111.733293,32.666176],[111.735962,32.664957],[111.736517,32.664851],[111.737764,32.664833],[111.738971,32.664612],[111.740307,32.664259],[111.740634,32.663349],[111.740718,32.662606],[111.740742,32.66192],[111.740693,32.661085],[111.74061,32.660543],[111.74038,32.659698],[111.740031,32.659793],[111.739757,32.65877],[111.739524,32.65723],[111.739934,32.65721],[111.740447,32.659436],[111.741179,32.659377],[111.740983,32.658138],[111.740803,32.657526],[111.74057,32.656205],[111.740385,32.655719],[111.739808,32.655509],[111.739886,32.655297],[111.739891,32.655141],[111.739881,32.654861],[111.7398,32.654495],[111.739543,32.654484],[111.739342,32.654346],[111.739299,32.654229],[111.738524,32.654263],[111.738403,32.654685],[111.738207,32.655164],[111.73741,32.655109],[111.737456,32.654791],[111.736389,32.654737],[111.736399,32.654084],[111.735383,32.65408],[111.735415,32.652738],[111.734945,32.652759],[111.734776,32.652996],[111.734511,32.653267],[111.734251,32.653477],[111.734012,32.653635],[111.733698,32.653637],[111.733757,32.652921],[111.733966,32.651988],[111.733513,32.651925],[111.733521,32.651819],[111.733653,32.651647],[111.732963,32.651539],[111.732765,32.652187],[111.730933,32.652018],[111.73148,32.650735],[111.730624,32.650475],[111.730638,32.649963],[111.729621,32.649852],[111.729702,32.64957],[111.730641,32.649705],[111.730643,32.649477],[111.729699,32.649333],[111.729879,32.647634],[111.728819,32.647637],[111.728792,32.647246],[111.729385,32.647257],[111.729409,32.64693],[111.729831,32.646921],[111.729849,32.64637],[111.729399,32.64637],[111.729444,32.645669],[111.729771,32.645681],[111.729798,32.645272],[111.730367,32.645561],[111.730324,32.645744],[111.732808,32.646062],[111.732655,32.646403],[111.730458,32.646126],[111.730506,32.646352],[111.732596,32.646623],[111.73265,32.647343],[111.733521,32.647232],[111.733033,32.646123],[111.733457,32.645902],[111.734076,32.647099],[111.734645,32.646925],[111.735015,32.647914],[111.735361,32.647849],[111.735627,32.649276],[111.736026,32.649233],[111.735844,32.647768],[111.737708,32.647282],[111.738207,32.648418],[111.738765,32.648278],[111.739556,32.649531],[111.740203,32.649281],[111.740157,32.649138],[111.740905,32.648831],[111.741471,32.649577],[111.74156,32.64975],[111.74053,32.650046],[111.741149,32.65111],[111.742316,32.650751],[111.743008,32.651736],[111.744819,32.651017],[111.745358,32.650846],[111.744894,32.649755],[111.745428,32.649726],[111.745315,32.648712],[111.745369,32.64868],[111.745653,32.648666],[111.748872,32.648969],[111.749067,32.647745],[111.747589,32.64768],[111.747627,32.647325],[111.748622,32.647363],[111.748657,32.646869],[111.747568,32.646869],[111.747568,32.6463],[111.748831,32.646347],[111.748933,32.644832],[111.750199,32.645066],[111.750425,32.645075],[111.750942,32.644233],[111.750942,32.644109],[111.750781,32.643908],[111.751363,32.643967],[111.751452,32.64372],[111.751868,32.641941],[111.753659,32.642036],[111.754027,32.642237],[111.754319,32.642325],[111.754737,32.641265],[111.754869,32.640534],[111.75408,32.640608],[111.753729,32.639416],[111.754048,32.639339],[111.754257,32.639348],[111.754432,32.639318],[111.754381,32.638907],[111.753989,32.637295],[111.753777,32.636043],[111.753705,32.635772],[111.753308,32.634869],[111.749362,32.627552],[111.748534,32.625806],[111.748099,32.624724],[111.747812,32.624164],[111.747673,32.624013],[111.747056,32.624842],[111.746581,32.625262],[111.744647,32.625763],[111.744148,32.625811],[111.743378,32.625693],[111.742745,32.625494],[111.742311,32.625262],[111.741348,32.624385],[111.741453,32.624015],[111.741509,32.623931],[111.741729,32.623037],[111.74193,32.62251],[111.740911,32.622221],[111.741627,32.620561],[111.741139,32.620455],[111.740618,32.620197],[111.741149,32.619153],[111.739076,32.61848],[111.739588,32.617662],[111.74127,32.618297],[111.742815,32.617161],[111.742281,32.616411],[111.741611,32.616675],[111.74116,32.616173],[111.741616,32.61604],[111.741294,32.615412],[111.742686,32.615012],[111.742587,32.61491],[111.741192,32.615238],[111.740672,32.615464],[111.73969,32.615812],[111.738569,32.615234],[111.738542,32.615328],[111.737558,32.614944],[111.737711,32.614648],[111.739041,32.615274],[111.739242,32.615091],[111.738658,32.614816],[111.739532,32.613587],[111.738684,32.6133],[111.738738,32.613105],[111.738899,32.612832],[111.739216,32.612376],[111.739562,32.611951],[111.73957,32.611802],[111.74006,32.610855],[111.739975,32.610505],[111.740211,32.609423],[111.741761,32.60968],[111.741667,32.60858],[111.743014,32.608385],[111.743826,32.608306],[111.745473,32.607739],[111.74444,32.605561],[111.742179,32.605437],[111.740736,32.605554],[111.740828,32.604757],[111.741584,32.604687],[111.742018,32.604612],[111.742102,32.603555],[111.742539,32.60282],[111.742112,32.60259],[111.742464,32.602045],[111.74285,32.602192],[111.743003,32.601808],[111.742456,32.601607],[111.742802,32.600943],[111.742123,32.60064],[111.74234,32.600048],[111.741731,32.599963],[111.741136,32.599682],[111.74215,32.598019],[111.740803,32.597298],[111.741131,32.597013],[111.741568,32.596769],[111.741061,32.596396],[111.741442,32.595904],[111.741646,32.595513],[111.741713,32.595027],[111.741554,32.594414],[111.741141,32.594534],[111.740956,32.5945],[111.740809,32.594414],[111.740398,32.594053],[111.740165,32.593791],[111.739623,32.593379],[111.739495,32.593364],[111.739358,32.593452],[111.739114,32.593807],[111.738011,32.59488],[111.737491,32.595336],[111.737378,32.59549],[111.737188,32.595641],[111.737097,32.595773],[111.736895,32.595904],[111.736713,32.595931],[111.736667,32.595883],[111.736858,32.595567],[111.737381,32.595072],[111.737558,32.594665],[111.737518,32.594503],[111.736488,32.593926],[111.736303,32.593775],[111.735739,32.593786],[111.735592,32.593872],[111.735391,32.593897],[111.735179,32.594021],[111.735053,32.594037],[111.734897,32.594152],[111.734774,32.594177],[111.734726,32.594107],[111.734785,32.59392],[111.734951,32.593761],[111.735241,32.593623],[111.73586,32.59351],[111.736745,32.59356],[111.736952,32.593499],[111.737566,32.592866],[111.737759,32.592916],[111.73806,32.592591],[111.738097,32.592446],[111.737925,32.592405],[111.737298,32.592351]]]}}]}