{"type":"FeatureCollection","name":"镇平县","features":[{"type":"Feature","properties":{"regionCode":"411324001","sourceCode":"411324001000","name":"涅阳街道","sourceName":"涅阳街道办事处","parentCode":"411324","parentName":"镇平县","regionLevel":"township","regionType":"street","isManagementZone":false,"source":"ruiduobao","sourceVersion":"mixed-legacy~2018-2020","geometryRepaired":false,"match2020":true,"match2023":true},"geometry":{"type":"Polygon","coordinates":[[[112.225224,33.021555],[112.225092,33.022401],[112.224803,33.023737],[112.22277,33.023172],[112.222657,33.023172],[112.222595,33.023312],[112.222491,33.023777],[112.222979,33.023874],[112.223706,33.024097],[112.22458,33.024308],[112.224551,33.024463],[112.224199,33.025151],[112.224044,33.025142],[112.222126,33.024632],[112.221799,33.025484],[112.221874,33.025637],[112.219385,33.025178],[112.219149,33.025455],[112.218467,33.025322],[112.218019,33.025271],[112.217303,33.025127],[112.217132,33.02505],[112.216375,33.02653],[112.216273,33.026663],[112.216128,33.026631],[112.215155,33.026251],[112.208573,33.026193],[112.208495,33.026498],[112.208465,33.028731],[112.208229,33.029986],[112.209283,33.030198],[112.209034,33.032266],[112.209069,33.034576],[112.205434,33.035675],[112.204984,33.035572],[112.204887,33.036752],[112.20427,33.036881],[112.203653,33.036831],[112.203444,33.037328],[112.203466,33.037789],[112.202838,33.03798],[112.20184,33.039275],[112.199971,33.040359],[112.198576,33.040638],[112.19852,33.041535],[112.198461,33.041668],[112.198514,33.041728],[112.198512,33.04182],[112.198292,33.042884],[112.197997,33.042749],[112.19797,33.043264],[112.198085,33.043338],[112.198273,33.043399],[112.198898,33.043554],[112.199279,33.04381],[112.199432,33.043849],[112.200113,33.043849],[112.201062,33.043619],[112.201341,33.043514],[112.201835,33.043507],[112.201851,33.044703],[112.202315,33.044698],[112.20264,33.044638],[112.203868,33.044635],[112.203849,33.045287],[112.204214,33.045303],[112.20416,33.04669],[112.204485,33.047048],[112.203616,33.046985],[112.203549,33.04772],[112.203562,33.04786],[112.203702,33.047907],[112.204383,33.047949],[112.204434,33.047587],[112.205963,33.047754],[112.20621,33.047819],[112.206196,33.048667],[112.206244,33.048763],[112.206403,33.048806],[112.207537,33.048822],[112.207521,33.050016],[112.209122,33.050034],[112.209114,33.050184],[112.210903,33.050276],[112.21236,33.05031],[112.212357,33.050097],[112.212459,33.05011],[112.212451,33.049573],[112.21218,33.049586],[112.21222,33.049339],[112.212258,33.048239],[112.212301,33.047828],[112.212285,33.047527],[112.212196,33.047614],[112.211815,33.047826],[112.210917,33.048478],[112.210177,33.049164],[112.209965,33.049231],[112.209463,33.049301],[112.208752,33.049339],[112.208476,33.048977],[112.208463,33.048512],[112.208632,33.047731],[112.208629,33.04752],[112.208492,33.047059],[112.208489,33.046805],[112.208557,33.046576],[112.208881,33.046203],[112.209415,33.045204],[112.209975,33.044752],[112.210238,33.044597],[112.210946,33.04435],[112.211137,33.04419],[112.211212,33.043876],[112.211638,33.043644],[112.211786,33.043516],[112.211944,33.043453],[112.21199,33.043361],[112.212094,33.0433],[112.212274,33.043205],[112.212524,33.043129],[112.212923,33.042805],[112.213055,33.042569],[112.213438,33.042693],[112.213481,33.043574],[112.21379,33.043576],[112.213832,33.043936],[112.214227,33.043938],[112.214245,33.045267],[112.21479,33.045272],[112.214793,33.045456],[112.215908,33.045501],[112.215925,33.045661],[112.216126,33.045683],[112.216112,33.045937],[112.216324,33.045946],[112.216437,33.04618],[112.217687,33.046245],[112.217706,33.046398],[112.218293,33.046414],[112.218304,33.046221],[112.220675,33.046304],[112.220661,33.046549],[112.220951,33.046556],[112.221104,33.046459],[112.222161,33.046607],[112.222099,33.046969],[112.222287,33.047007],[112.222499,33.047032],[112.222534,33.046904],[112.222563,33.046893],[112.223285,33.046953],[112.223303,33.046886],[112.224226,33.046969],[112.224207,33.046866],[112.224229,33.04674],[112.225133,33.046848],[112.225178,33.046578],[112.225621,33.046623],[112.22565,33.045823],[112.225986,33.045841],[112.225996,33.045319],[112.229185,33.045359],[112.229193,33.045063],[112.230991,33.045108],[112.231001,33.045427],[112.232455,33.045413],[112.232495,33.045771],[112.23249,33.046272],[112.232581,33.047779],[112.232715,33.049534],[112.230942,33.049445],[112.230945,33.050036],[112.230993,33.050488],[112.232731,33.050555],[112.23279,33.051868],[112.234078,33.051839],[112.234078,33.051864],[112.235186,33.051888],[112.235261,33.052244],[112.235261,33.052612],[112.23658,33.052628],[112.235996,33.051149],[112.236076,33.050751],[112.236079,33.050458],[112.236189,33.049382],[112.236285,33.049006],[112.236462,33.048525],[112.236481,33.047848],[112.236556,33.047527],[112.236553,33.047376],[112.235762,33.047338],[112.236041,33.047028],[112.23695,33.047003],[112.236972,33.046679],[112.237074,33.046547],[112.237248,33.046407],[112.237278,33.046315],[112.237449,33.045209],[112.237573,33.044829],[112.245201,33.044759],[112.245217,33.042578],[112.245281,33.042475],[112.246588,33.04254],[112.246585,33.043268],[112.246518,33.04359],[112.2471,33.04363],[112.247239,33.043682],[112.247542,33.043302],[112.247784,33.042814],[112.247913,33.042477],[112.24788,33.042324],[112.247604,33.04225],[112.248041,33.042248],[112.248194,33.042113],[112.248382,33.041722],[112.248082,33.041625],[112.248028,33.041533],[112.247744,33.041456],[112.247717,33.041335],[112.247575,33.041294],[112.247626,33.040564],[112.247583,33.040559],[112.247596,33.040469],[112.247226,33.040492],[112.246164,33.040429],[112.246193,33.040159],[112.24633,33.04001],[112.24636,33.039923],[112.248366,33.040022],[112.248551,33.039525],[112.248621,33.039255],[112.248487,33.039219],[112.247682,33.039158],[112.247746,33.038412],[112.247752,33.037769],[112.247371,33.037789],[112.247424,33.037461],[112.247467,33.036804],[112.247376,33.036782],[112.246601,33.0368],[112.246545,33.036775],[112.246502,33.036653],[112.245391,33.036649],[112.245362,33.036089],[112.244351,33.036091],[112.243589,33.036044],[112.243455,33.036064],[112.243479,33.03525],[112.243559,33.035165],[112.243605,33.034466],[112.243476,33.034439],[112.242385,33.034506],[112.242436,33.03371],[112.242926,33.033112],[112.243543,33.03346],[112.244013,33.033602],[112.244227,33.033712],[112.244364,33.033825],[112.244426,33.033928],[112.246462,33.033946],[112.246598,33.033924],[112.246437,33.033058],[112.241604,33.032664],[112.241625,33.031576],[112.241859,33.031574],[112.241872,33.031362],[112.241931,33.031115],[112.242886,33.03114],[112.242849,33.031027],[112.242827,33.03051],[112.2429,33.029858],[112.243028,33.029363],[112.243184,33.028277],[112.243315,33.027088],[112.243315,33.026847],[112.243447,33.026705],[112.243543,33.026543],[112.243718,33.026377],[112.244664,33.025266],[112.244793,33.025214],[112.24485,33.02514],[112.244892,33.025174],[112.245091,33.025174],[112.245059,33.025093],[112.245077,33.02483],[112.245212,33.024115],[112.243728,33.024045],[112.243465,33.024083],[112.243406,33.025201],[112.243465,33.025205],[112.24342,33.025648],[112.241564,33.025504],[112.241459,33.026193],[112.241317,33.026145],[112.239563,33.026004],[112.239574,33.025844],[112.239343,33.024731],[112.239378,33.024594],[112.239394,33.024259],[112.239321,33.023989],[112.237849,33.023843],[112.237656,33.023775],[112.237484,33.02682],[112.237508,33.026822],[112.237503,33.027519],[112.237444,33.02805],[112.237444,33.028383],[112.236387,33.028378],[112.236401,33.028558],[112.235993,33.028558],[112.235987,33.028333],[112.234896,33.028345],[112.234772,33.028102],[112.233952,33.02801],[112.233675,33.027483],[112.233643,33.027481],[112.233584,33.026363],[112.233694,33.026363],[112.233692,33.026058],[112.232983,33.025999],[112.232549,33.025318],[112.232356,33.025178],[112.231763,33.025158],[112.231742,33.025318],[112.230848,33.025327],[112.230843,33.025507],[112.230669,33.025489],[112.229837,33.025558],[112.228509,33.025601],[112.227171,33.025579],[112.227034,33.025543],[112.226549,33.025792],[112.226479,33.026899],[112.225693,33.026854],[112.225631,33.026775],[112.225674,33.026064],[112.225959,33.025905],[112.226423,33.025864],[112.226498,33.025763],[112.22704,33.024648],[112.227375,33.023896],[112.227402,33.023735],[112.227321,33.023629],[112.227007,33.023384],[112.226522,33.023314],[112.226498,33.023197],[112.226541,33.022768],[112.226761,33.021303],[112.22531,33.021207],[112.225224,33.021555]]]}},{"type":"Feature","properties":{"regionCode":"411324002","sourceCode":"411324002000","name":"雪枫街道","sourceName":"雪枫街道办事处","parentCode":"411324","parentName":"镇平县","regionLevel":"township","regionType":"street","isManagementZone":false,"source":"ruiduobao","sourceVersion":"mixed-legacy~2018-2020","geometryRepaired":false,"match2020":true,"match2023":true},"geometry":{"type":"Polygon","coordinates":[[[112.247314,32.999194],[112.248285,32.999338],[112.248159,32.999819],[112.24717,32.999661],[112.247124,32.999875],[112.247132,33.000066],[112.246813,33.000165],[112.24625,33.002217],[112.248776,33.002732],[112.248648,33.003128],[112.248465,33.003465],[112.248165,33.004277],[112.247878,33.0054],[112.247921,33.005402],[112.247518,33.006585],[112.247406,33.007215],[112.247422,33.007438],[112.247698,33.007519],[112.249334,33.007795],[112.249458,33.007843],[112.24946,33.00793],[112.24739,33.007597],[112.247108,33.009073],[112.248835,33.009338],[112.248985,33.009388],[112.248825,33.009874],[112.25004,33.010047],[112.249895,33.010733],[112.251188,33.010982],[112.251035,33.011664],[112.250901,33.011612],[112.24784,33.011117],[112.247741,33.011165],[112.247017,33.011088],[112.247046,33.010722],[112.246636,33.01065],[112.246598,33.01069],[112.246555,33.010908],[112.2464,33.01215],[112.246368,33.012181],[112.246191,33.012188],[112.245885,33.012132],[112.245383,33.012145],[112.245263,33.012215],[112.245147,33.012487],[112.245008,33.012667],[112.24449,33.0141],[112.243409,33.013807],[112.243356,33.013753],[112.243415,33.013358],[112.242208,33.013286],[112.24173,33.013295],[112.241714,33.013004],[112.241679,33.01293],[112.24169,33.012701],[112.241617,33.0123],[112.241572,33.01222],[112.241258,33.012064],[112.240807,33.011936],[112.240655,33.011828],[112.240612,33.011567],[112.240716,33.011414],[112.240767,33.011052],[112.240738,33.010866],[112.240724,33.010033],[112.24073,33.009466],[112.240802,33.009131],[112.240767,33.008924],[112.240671,33.008592],[112.240499,33.008335],[112.240118,33.008056],[112.240038,33.007959],[112.239952,33.00778],[112.239936,33.007604],[112.239946,33.007417],[112.240013,33.007273],[112.240239,33.007042],[112.240241,33.006695],[112.238517,33.006585],[112.238511,33.006794],[112.237087,33.006704],[112.236934,33.006353],[112.236819,33.005811],[112.23683,33.005427],[112.236776,33.005067],[112.2358,33.005026],[112.235695,33.005038],[112.235601,33.005134],[112.23551,33.005168],[112.234671,33.0052],[112.234555,33.00515],[112.234386,33.004711],[112.234392,33.004534],[112.234338,33.004145],[112.234367,33.002851],[112.234574,33.002341],[112.234502,33.002314],[112.232426,33.002271],[112.232404,33.001137],[112.23245,33.000069],[112.2326,32.998238],[112.235033,32.998368],[112.235148,32.998274],[112.235231,32.998019],[112.235116,32.996901],[112.235194,32.996179],[112.235282,32.995792],[112.235274,32.995561],[112.234936,32.994454],[112.234952,32.99428],[112.235033,32.994098],[112.235043,32.993925],[112.234826,32.993876],[112.234807,32.993837],[112.234917,32.992899],[112.234649,32.992836],[112.234727,32.992125],[112.2333,32.991927],[112.232814,32.991887],[112.232935,32.988811],[112.233134,32.987648],[112.232766,32.987619],[112.232857,32.987041],[112.232806,32.986996],[112.232857,32.986661],[112.232903,32.986517],[112.233244,32.986355],[112.233061,32.986058],[112.233064,32.985945],[112.233815,32.985988],[112.234153,32.985846],[112.234266,32.985828],[112.234571,32.98586],[112.234772,32.985034],[112.234829,32.984532],[112.234676,32.984438],[112.235027,32.983016],[112.2358,32.983068],[112.235875,32.982379],[112.23584,32.982233],[112.234877,32.982136],[112.235014,32.981333],[112.235891,32.981396],[112.235856,32.981191],[112.235636,32.98057],[112.235309,32.980689],[112.235143,32.980705],[112.232632,32.980422],[112.232678,32.981346],[112.230695,32.98109],[112.23062,32.982246],[112.230588,32.982381],[112.22929,32.982318],[112.229258,32.982469],[112.229244,32.982926],[112.228976,32.983297],[112.228834,32.983587],[112.228684,32.983961],[112.228641,32.984166],[112.2284,32.984112],[112.227085,32.983995],[112.227311,32.987804],[112.225508,32.987855],[112.225615,32.988638],[112.225752,32.989295],[112.224207,32.989489],[112.224502,32.990092],[112.222812,32.990557],[112.219328,32.991027],[112.218475,32.991045],[112.218328,32.99177],[112.218237,32.992004],[112.217791,32.99199],[112.217888,32.991747],[112.214471,32.991642],[112.214262,32.991867],[112.213352,32.991849],[112.212754,32.991779],[112.212682,32.992308],[112.213891,32.992422],[112.213403,32.994611],[112.2135,32.994656],[112.215208,32.994798],[112.215211,32.994946],[112.215155,32.995214],[112.214991,32.995457],[112.214774,32.99568],[112.216501,32.995821],[112.217875,32.995866],[112.217722,32.996773],[112.217987,32.996814],[112.218027,32.997304],[112.218092,32.99759],[112.218035,32.998013],[112.218062,32.998289],[112.218781,32.998229],[112.218725,32.99979],[112.218671,33.000366],[112.21888,33.000393],[112.218829,33.000662],[112.218843,33.000923],[112.218854,33.000962],[112.218982,33.001022],[112.218923,33.001169],[112.218918,33.001277],[112.21898,33.001317],[112.220047,33.001207],[112.220152,33.001229],[112.220082,33.002709],[112.219575,33.002793],[112.219489,33.002901],[112.21965,33.002946],[112.219739,33.003087],[112.220474,33.003683],[112.220688,33.00394],[112.221238,33.004433],[112.221579,33.004669],[112.221737,33.004723],[112.221796,33.004698],[112.221882,33.004745],[112.222123,33.004768],[112.222185,33.004831],[112.222179,33.004997],[112.222027,33.005406],[112.221895,33.006023],[112.220302,33.005823],[112.220291,33.005994],[112.221868,33.006237],[112.221825,33.006538],[112.22226,33.006608],[112.222188,33.006767],[112.222123,33.007213],[112.221308,33.007087],[112.220626,33.006936],[112.220417,33.007827],[112.220492,33.007813],[112.220938,33.007874],[112.221203,33.007939],[112.221166,33.009179],[112.221198,33.00923],[112.220948,33.009266],[112.220559,33.009194],[112.220297,33.009201],[112.21991,33.008888],[112.219524,33.00863],[112.219422,33.009217],[112.220036,33.009257],[112.220042,33.00952],[112.22141,33.00964],[112.221482,33.00964],[112.221509,33.009421],[112.221571,33.009293],[112.222075,33.009316],[112.222169,33.00935],[112.222466,33.009332],[112.222973,33.009377],[112.222786,33.010027],[112.221453,33.009905],[112.221463,33.010024],[112.219977,33.00993],[112.219956,33.010868],[112.219908,33.010888],[112.219449,33.010848],[112.21946,33.010978],[112.219291,33.011947],[112.217797,33.011828],[112.217789,33.011592],[112.217215,33.011543],[112.217172,33.012215],[112.217086,33.012496],[112.216812,33.013016],[112.215831,33.012852],[112.21384,33.012622],[112.213516,33.014451],[112.213017,33.014408],[112.212977,33.015593],[112.213368,33.015645],[112.213342,33.016081],[112.213207,33.016909],[112.213063,33.01692],[112.212435,33.016817],[112.212526,33.01692],[112.212738,33.017291],[112.212076,33.017145],[112.211279,33.017069],[112.211239,33.017721],[112.210863,33.019581],[112.210874,33.019657],[112.20975,33.02156],[112.209608,33.021587],[112.209147,33.021553],[112.208353,33.021456],[112.208093,33.021396],[112.20805,33.021429],[112.207253,33.021353],[112.207049,33.021297],[112.205947,33.021171],[112.199467,33.020541],[112.197246,33.020291],[112.196918,33.020204],[112.195612,33.020112],[112.191557,33.019686],[112.191498,33.019902],[112.191382,33.020984],[112.191339,33.021657],[112.191364,33.022262],[112.191221,33.023076],[112.191203,33.023528],[112.191111,33.024045],[112.190972,33.025909],[112.191361,33.026321],[112.191742,33.026847],[112.191659,33.026887],[112.19161,33.027097],[112.191447,33.027371],[112.191369,33.027623],[112.189996,33.027499],[112.18984,33.028592],[112.189878,33.029548],[112.190285,33.031207],[112.190554,33.031192],[112.190441,33.030787],[112.19024,33.029696],[112.190572,33.029723],[112.190843,33.030996],[112.190787,33.031129],[112.191012,33.031133],[112.19113,33.031018],[112.190956,33.029935],[112.190964,33.029757],[112.191286,33.029786],[112.191345,33.030384],[112.191337,33.030674],[112.191396,33.031088],[112.19198,33.031111],[112.191887,33.029836],[112.192066,33.029851],[112.192198,33.031122],[112.192069,33.03116],[112.192149,33.031958],[112.192133,33.032057],[112.192217,33.032255],[112.19223,33.032835],[112.192436,33.032835],[112.192514,33.033604],[112.192463,33.033674],[112.192512,33.034344],[112.192477,33.034508],[112.193061,33.034475],[112.193128,33.034879],[112.193279,33.035023],[112.193281,33.03512],[112.193469,33.035289],[112.193517,33.035561],[112.194354,33.03561],[112.194864,33.035585],[112.196004,33.035633],[112.196017,33.036062],[112.195593,33.036096],[112.195647,33.036262],[112.195733,33.037407],[112.195757,33.037994],[112.195722,33.038189],[112.196226,33.037949],[112.196272,33.038416],[112.196656,33.038349],[112.196811,33.038374],[112.196876,33.038522],[112.196945,33.038844],[112.196921,33.038969],[112.198423,33.038864],[112.198466,33.039455],[112.198541,33.039648],[112.198576,33.040638],[112.199971,33.040359],[112.20184,33.039275],[112.202838,33.03798],[112.203466,33.037789],[112.203444,33.037328],[112.203653,33.036831],[112.20427,33.036881],[112.204887,33.036752],[112.204984,33.035572],[112.205434,33.035675],[112.209069,33.034576],[112.209034,33.032266],[112.209283,33.030198],[112.208229,33.029986],[112.208465,33.028731],[112.208495,33.026498],[112.208573,33.026193],[112.215155,33.026251],[112.216128,33.026631],[112.216273,33.026663],[112.216375,33.02653],[112.217132,33.02505],[112.217303,33.025127],[112.218019,33.025271],[112.218467,33.025322],[112.219149,33.025455],[112.219385,33.025178],[112.221874,33.025637],[112.221799,33.025484],[112.222126,33.024632],[112.224044,33.025142],[112.224199,33.025151],[112.224551,33.024463],[112.22458,33.024308],[112.223706,33.024097],[112.222979,33.023874],[112.222491,33.023777],[112.222595,33.023312],[112.222657,33.023172],[112.22277,33.023172],[112.224803,33.023737],[112.225092,33.022401],[112.225224,33.021555],[112.22531,33.021207],[112.226761,33.021303],[112.226541,33.022768],[112.226498,33.023197],[112.226522,33.023314],[112.227007,33.023384],[112.227321,33.023629],[112.227402,33.023735],[112.227375,33.023896],[112.22704,33.024648],[112.226498,33.025763],[112.226423,33.025864],[112.225959,33.025905],[112.225674,33.026064],[112.225631,33.026775],[112.225693,33.026854],[112.226479,33.026899],[112.226549,33.025792],[112.227034,33.025543],[112.227171,33.025579],[112.228509,33.025601],[112.229837,33.025558],[112.230669,33.025489],[112.230843,33.025507],[112.230848,33.025327],[112.231742,33.025318],[112.231763,33.025158],[112.232356,33.025178],[112.232549,33.025318],[112.232983,33.025999],[112.233692,33.026058],[112.233694,33.026363],[112.233584,33.026363],[112.233643,33.027481],[112.233675,33.027483],[112.233952,33.02801],[112.234772,33.028102],[112.234896,33.028345],[112.235987,33.028333],[112.235993,33.028558],[112.236401,33.028558],[112.236387,33.028378],[112.237444,33.028383],[112.237444,33.02805],[112.237503,33.027519],[112.237508,33.026822],[112.237484,33.02682],[112.237656,33.023775],[112.237849,33.023843],[112.239321,33.023989],[112.239394,33.024259],[112.239378,33.024594],[112.239343,33.024731],[112.239574,33.025844],[112.239563,33.026004],[112.241317,33.026145],[112.241459,33.026193],[112.241564,33.025504],[112.24342,33.025648],[112.243465,33.025205],[112.243406,33.025201],[112.243465,33.024083],[112.243728,33.024045],[112.245212,33.024115],[112.245077,33.02483],[112.245059,33.025093],[112.245091,33.025174],[112.244892,33.025174],[112.24485,33.02514],[112.244793,33.025214],[112.244664,33.025266],[112.243718,33.026377],[112.243543,33.026543],[112.243447,33.026705],[112.243315,33.026847],[112.243315,33.027088],[112.243184,33.028277],[112.243028,33.029363],[112.2429,33.029858],[112.242827,33.03051],[112.242849,33.031027],[112.242886,33.03114],[112.241931,33.031115],[112.241872,33.031362],[112.241859,33.031574],[112.241625,33.031576],[112.241604,33.032664],[112.246437,33.033058],[112.246598,33.033924],[112.246462,33.033946],[112.244426,33.033928],[112.244364,33.033825],[112.244227,33.033712],[112.244013,33.033602],[112.243543,33.03346],[112.242926,33.033112],[112.242436,33.03371],[112.242385,33.034506],[112.243476,33.034439],[112.243605,33.034466],[112.243559,33.035165],[112.243479,33.03525],[112.243455,33.036064],[112.243589,33.036044],[112.244351,33.036091],[112.245362,33.036089],[112.245391,33.036649],[112.246502,33.036653],[112.246545,33.036775],[112.246601,33.0368],[112.247376,33.036782],[112.247467,33.036804],[112.247424,33.037461],[112.247371,33.037789],[112.247752,33.037769],[112.247746,33.038412],[112.247682,33.039158],[112.248487,33.039219],[112.248621,33.039255],[112.248366,33.040022],[112.246427,33.039907],[112.24636,33.039923],[112.24633,33.04001],[112.246193,33.040159],[112.246164,33.040429],[112.247226,33.040492],[112.247596,33.040469],[112.247583,33.040559],[112.247626,33.040564],[112.247575,33.041294],[112.247717,33.041335],[112.247744,33.041456],[112.248028,33.041533],[112.248082,33.041625],[112.248382,33.041722],[112.248194,33.042113],[112.248041,33.042248],[112.247604,33.04225],[112.24788,33.042324],[112.247913,33.042477],[112.247784,33.042814],[112.247542,33.043302],[112.247239,33.043682],[112.247119,33.044109],[112.247105,33.044273],[112.248183,33.044359],[112.248205,33.044489],[112.248162,33.044977],[112.249122,33.045063],[112.249149,33.044743],[112.251614,33.044779],[112.25159,33.044874],[112.251593,33.045508],[112.251724,33.046061],[112.252437,33.046122],[112.252674,33.046169],[112.252727,33.046205],[112.252781,33.046283],[112.252805,33.046699],[112.252891,33.046929],[112.255122,33.047043],[112.255412,33.046931],[112.256061,33.046886],[112.256176,33.04681],[112.256235,33.046614],[112.256337,33.045674],[112.256579,33.045202],[112.257255,33.045667],[112.25722,33.046733],[112.257448,33.046706],[112.257531,33.045847],[112.257818,33.046],[112.25785,33.046117],[112.257823,33.046416],[112.257684,33.047459],[112.258649,33.047729],[112.258797,33.047819],[112.259441,33.047806],[112.260071,33.04786],[112.260119,33.047884],[112.26013,33.047927],[112.260157,33.048289],[112.260422,33.048269],[112.260709,33.048296],[112.260779,33.049876],[112.261061,33.050103],[112.260996,33.049325],[112.261353,33.049217],[112.262177,33.049076],[112.262201,33.048291],[112.261383,33.048269],[112.260967,33.048224],[112.260763,33.047057],[112.260658,33.046056],[112.260758,33.045861],[112.261568,33.046169],[112.26164,33.046245],[112.261565,33.045757],[112.261474,33.044339],[112.260495,33.044296],[112.260463,33.043786],[112.261155,33.043489],[112.261688,33.043635],[112.262592,33.043698],[112.262807,33.04368],[112.262869,33.043788],[112.262909,33.044692],[112.264373,33.044714],[112.264553,33.044613],[112.264341,33.043203],[112.264658,33.043289],[112.264912,33.043226],[112.265503,33.043219],[112.266224,33.043232],[112.266439,33.043295],[112.26657,33.043244],[112.268386,33.043152],[112.268316,33.041836],[112.268461,33.041605],[112.269475,33.041677],[112.269604,33.041744],[112.269976,33.041827],[112.270996,33.042574],[112.271234,33.0427],[112.271414,33.042666],[112.271645,33.041785],[112.272044,33.041697],[112.272133,33.041227],[112.272519,33.041357],[112.272691,33.041191],[112.272986,33.041157],[112.274198,33.041263],[112.274193,33.04033],[112.274241,33.039563],[112.274544,33.03702],[112.275255,33.03704],[112.275274,33.037413],[112.275419,33.0378],[112.275585,33.038018],[112.275531,33.040001],[112.275443,33.040044],[112.275574,33.040037],[112.275741,33.040096],[112.275942,33.039473],[112.275848,33.038987],[112.275845,33.038473],[112.275813,33.038329],[112.276347,33.038304],[112.276403,33.03861],[112.276636,33.038612],[112.276733,33.037739],[112.276821,33.037247],[112.277395,33.037186],[112.276835,33.037087],[112.277259,33.033272],[112.278973,33.033393],[112.279002,33.03223],[112.280858,33.032437],[112.280729,33.031018],[112.280746,33.030901],[112.28258,33.031059],[112.282843,33.029694],[112.282961,33.029606],[112.283355,33.029471],[112.283532,33.028842],[112.28368,33.028136],[112.283959,33.027288],[112.284243,33.026181],[112.284313,33.025799],[112.284434,33.025457],[112.284476,33.024735],[112.284425,33.024418],[112.284364,33.024283],[112.284318,33.024052],[112.284316,33.023033],[112.282966,33.022999],[112.283039,33.02362],[112.28305,33.024364],[112.282974,33.025001],[112.279957,33.024668],[112.279573,33.02454],[112.279219,33.024261],[112.278796,33.024128],[112.278651,33.023993],[112.278678,33.022855],[112.278055,33.023017],[112.277583,33.022437],[112.277422,33.022133],[112.277181,33.019734],[112.277189,33.019432],[112.277312,33.019237],[112.277226,33.018782],[112.27753,33.018506],[112.27779,33.018193],[112.277996,33.017881],[112.278211,33.017827],[112.278616,33.017851],[112.27875,33.017831],[112.279024,33.017651],[112.279388,33.017147],[112.279214,33.017109],[112.279573,33.016898],[112.279404,33.016855],[112.2796,33.016664],[112.280303,33.016203],[112.280633,33.016061],[112.280338,33.01598],[112.280172,33.015845],[112.280145,33.015735],[112.280123,33.015429],[112.280362,33.014703],[112.277259,33.014188],[112.277594,33.013126],[112.277747,33.012512],[112.277969,33.011932],[112.28214,33.012667],[112.282645,33.011491],[112.283213,33.011614],[112.283892,33.009327],[112.283532,33.009251],[112.283843,33.008038],[112.284042,33.006716],[112.284112,33.00654],[112.284538,33.00665],[112.284774,33.005566],[112.285568,33.005688],[112.285614,33.00529],[112.285665,33.005159],[112.285842,33.004145],[112.285844,33.004075],[112.285402,33.004034],[112.284965,33.004039],[112.284707,33.0041],[112.284723,33.003841],[112.284978,33.002543],[112.285021,33.00208],[112.283039,33.001819],[112.28295,33.001832],[112.283358,32.999958],[112.283387,32.999643],[112.283511,32.999286],[112.283492,32.99918],[112.283288,32.998757],[112.283149,32.998543],[112.283272,32.997997],[112.283385,32.997968],[112.284324,32.998177],[112.284603,32.998094],[112.284774,32.997702],[112.284739,32.997628],[112.283041,32.997394],[112.282961,32.997414],[112.282889,32.997113],[112.282636,32.996643],[112.282476,32.996085],[112.281931,32.995988],[112.279394,32.995333],[112.279335,32.995147],[112.279852,32.993081],[112.276548,32.992533],[112.275891,32.992494],[112.273034,32.992038],[112.273219,32.991799],[112.273348,32.991527],[112.273356,32.991421],[112.273439,32.991219],[112.274021,32.990197],[112.274137,32.989837],[112.270752,32.989293],[112.270805,32.991306],[112.269169,32.991252],[112.269158,32.990724],[112.269236,32.989709],[112.268955,32.989669],[112.26771,32.989617],[112.267825,32.990647],[112.264416,32.990348],[112.264199,32.99029],[112.264183,32.990164],[112.264355,32.989207],[112.264073,32.989185],[112.264011,32.989412],[112.263936,32.990031],[112.264092,32.990474],[112.262807,32.990249],[112.262721,32.990584],[112.262702,32.99085],[112.26414,32.991039],[112.264202,32.991705],[112.264336,32.992332],[112.264049,32.993437],[112.264145,32.993896],[112.262354,32.993536],[112.262472,32.993194],[112.258539,32.992267],[112.258357,32.992771],[112.25832,32.993183],[112.258124,32.993477],[112.257257,32.99273],[112.256847,32.994168],[112.256286,32.99404],[112.256378,32.993833],[112.25395,32.993385],[112.253449,32.995198],[112.253451,32.995331],[112.253312,32.995313],[112.253215,32.995758],[112.252977,32.995732],[112.252851,32.995684],[112.252918,32.995581],[112.252971,32.995358],[112.253003,32.995171],[112.252974,32.995115],[112.252593,32.995043],[112.252488,32.99532],[112.252387,32.995794],[112.252124,32.995693],[112.252014,32.995936],[112.251499,32.995815],[112.251807,32.994692],[112.251475,32.994919],[112.251332,32.994926],[112.25004,32.994676],[112.2499,32.994703],[112.249833,32.994908],[112.24964,32.995273],[112.249728,32.995387],[112.250474,32.995588],[112.250619,32.995588],[112.250125,32.99682],[112.249943,32.996818],[112.248924,32.996625],[112.248779,32.996825],[112.248631,32.997176],[112.248487,32.997857],[112.246346,32.997551],[112.246223,32.998269],[112.246172,32.998865],[112.246188,32.998993],[112.247314,32.999194]]]}},{"type":"Feature","properties":{"regionCode":"411324003","sourceCode":"411324003000","name":"玉都街道","sourceName":"玉都街道办事处","parentCode":"411324","parentName":"镇平县","regionLevel":"township","regionType":"street","isManagementZone":false,"source":"ruiduobao","sourceVersion":"mixed-legacy~2018-2020","geometryRepaired":false,"match2020":true,"match2023":true},"geometry":{"type":"Polygon","coordinates":[[[112.192447,33.03311],[112.192436,33.032835],[112.19223,33.032835],[112.192217,33.032255],[112.192133,33.032057],[112.192149,33.031958],[112.192069,33.03116],[112.192198,33.031122],[112.192066,33.029851],[112.191887,33.029836],[112.19198,33.031111],[112.191396,33.031088],[112.191337,33.030674],[112.191345,33.030384],[112.191286,33.029786],[112.190964,33.029757],[112.190956,33.029935],[112.19113,33.031018],[112.191012,33.031133],[112.190787,33.031129],[112.190843,33.030996],[112.190572,33.029723],[112.19024,33.029696],[112.190441,33.030787],[112.190554,33.031192],[112.190285,33.031207],[112.189939,33.029761],[112.189894,33.02968],[112.189229,33.029651],[112.189207,33.029527],[112.189223,33.028666],[112.189255,33.028255],[112.189119,33.028189],[112.189046,33.029678],[112.188915,33.029692],[112.188952,33.029147],[112.188928,33.02899],[112.188872,33.028945],[112.188233,33.028884],[112.188276,33.028129],[112.187265,33.028106],[112.186898,33.028147],[112.186042,33.02812],[112.184827,33.028275],[112.184768,33.028306],[112.184607,33.028028],[112.184205,33.02812],[112.184299,33.02872],[112.184355,33.029725],[112.18428,33.029793],[112.184226,33.029793],[112.184234,33.030002],[112.184334,33.030953],[112.184395,33.031266],[112.183376,33.031295],[112.183352,33.030063],[112.183247,33.029539],[112.182526,33.029332],[112.182346,33.032066],[112.182148,33.032048],[112.182029,33.032462],[112.181949,33.032948],[112.181839,33.033359],[112.181337,33.033146],[112.180463,33.032862],[112.179506,33.032752],[112.179449,33.032678],[112.179436,33.032345],[112.179339,33.032323],[112.179283,33.032446],[112.179235,33.034117],[112.17913,33.034074],[112.178701,33.03376],[112.178636,33.033674],[112.178811,33.032264],[112.178478,33.032235],[112.178435,33.032399],[112.178347,33.033544],[112.178264,33.033793],[112.178162,33.034996],[112.178049,33.035734],[112.177006,33.035556],[112.176705,33.035621],[112.176641,33.035682],[112.175903,33.03554],[112.17593,33.035084],[112.176172,33.033969],[112.175367,33.033948],[112.175168,33.035388],[112.174093,33.035196],[112.174122,33.035028],[112.174227,33.034762],[112.174267,33.034407],[112.174222,33.033982],[112.174128,33.033831],[112.174058,33.033782],[112.172537,33.033701],[112.172518,33.033301],[112.171926,33.033222],[112.169879,33.033071],[112.169844,33.033175],[112.169756,33.033263],[112.169662,33.033557],[112.169605,33.03362],[112.169579,33.033751],[112.169946,33.033656],[112.172596,33.033987],[112.172355,33.034328],[112.171121,33.034211],[112.170284,33.034095],[112.17037,33.034335],[112.169777,33.03422],[112.169504,33.034207],[112.169359,33.034241],[112.169115,33.034196],[112.167664,33.034108],[112.167669,33.035405],[112.167232,33.035417],[112.167251,33.035273],[112.166821,33.035246],[112.166894,33.034238],[112.166843,33.034],[112.16687,33.033854],[112.166864,33.033409],[112.166905,33.033191],[112.166864,33.033022],[112.166647,33.03304],[112.166553,33.035232],[112.16595,33.035203],[112.165853,33.035154],[112.166062,33.033024],[112.165558,33.033015],[112.165461,33.03367],[112.165443,33.034389],[112.162229,33.034272],[112.162157,33.035133],[112.16275,33.035131],[112.162903,33.03516],[112.1629,33.035356],[112.162951,33.03561],[112.161328,33.03554],[112.161301,33.035923],[112.160921,33.035911],[112.160497,33.035869],[112.160419,33.035403],[112.160371,33.035289],[112.157911,33.035235],[112.157882,33.035727],[112.157713,33.035698],[112.157562,33.035727],[112.1576,33.036608],[112.154419,33.036431],[112.154379,33.036534],[112.154373,33.03695],[112.153815,33.036905],[112.153751,33.037033],[112.153681,33.038452],[112.153515,33.038439],[112.153386,33.038466],[112.152933,33.038416],[112.152898,33.038578],[112.152836,33.039772],[112.153056,33.03977],[112.153295,33.039837],[112.154894,33.039824],[112.154945,33.040883],[112.155693,33.040836],[112.156192,33.040851],[112.156208,33.040618],[112.156406,33.039948],[112.156428,33.03977],[112.158906,33.039615],[112.158893,33.039972],[112.15893,33.040008],[112.159223,33.040019],[112.159252,33.040062],[112.159201,33.040393],[112.158675,33.040375],[112.158603,33.040658],[112.158539,33.041227],[112.158641,33.041261],[112.15885,33.041247],[112.159579,33.041294],[112.159494,33.041411],[112.159437,33.041825],[112.160918,33.041861],[112.160859,33.042084],[112.16084,33.042967],[112.160674,33.044845],[112.162417,33.044899],[112.162296,33.045485],[112.162302,33.045753],[112.162337,33.04611],[112.162476,33.046351],[112.162543,33.046841],[112.161991,33.046861],[112.16179,33.046935],[112.161803,33.047178],[112.161701,33.047637],[112.160738,33.047635],[112.160658,33.047491],[112.160473,33.047378],[112.159665,33.047255],[112.159638,33.047457],[112.159459,33.047958],[112.15937,33.04808],[112.158161,33.047686],[112.158166,33.047794],[112.157973,33.048494],[112.157418,33.050234],[112.155588,33.049847],[112.154636,33.049687],[112.154073,33.051405],[112.154435,33.051486],[112.154073,33.053073],[112.153888,33.053039],[112.153869,33.054152],[112.153839,33.054377],[112.158466,33.055159],[112.159011,33.054534],[112.159574,33.053494],[112.15984,33.052812],[112.160068,33.052412],[112.162095,33.049672],[112.163839,33.049827],[112.162567,33.051293],[112.158485,33.056848],[112.157924,33.057455],[112.157267,33.058021],[112.159046,33.058363],[112.159244,33.05725],[112.159306,33.057084],[112.159577,33.05707],[112.160451,33.057169],[112.160357,33.057677],[112.161079,33.057763],[112.161162,33.058466],[112.161862,33.058408],[112.161564,33.057583],[112.16172,33.057572],[112.163461,33.057538],[112.16368,33.057477],[112.16728,33.05772],[112.167304,33.057868],[112.172985,33.058071],[112.173417,33.057999],[112.173454,33.05759],[112.175917,33.057581],[112.177212,33.058446],[112.17784,33.057655],[112.178132,33.057808],[112.1774,33.058567],[112.177979,33.058981],[112.179817,33.057695],[112.180176,33.057904],[112.180702,33.058273],[112.181107,33.058662],[112.181233,33.058932],[112.181525,33.059219],[112.181793,33.059338],[112.181997,33.059561],[112.182217,33.059966],[112.183177,33.061355],[112.181708,33.06193],[112.181946,33.061998],[112.182244,33.06196],[112.18332,33.06155],[112.183631,33.061973],[112.183735,33.062229],[112.18303,33.062497],[112.182319,33.062814],[112.182778,33.06332],[112.18321,33.063875],[112.183049,33.063944],[112.182598,33.064246],[112.183046,33.064587],[112.183352,33.06474],[112.183266,33.06481],[112.182748,33.065062],[112.18226,33.065264],[112.181895,33.065482],[112.182207,33.065907],[112.182523,33.066062],[112.182958,33.065945],[112.183116,33.066093],[112.183668,33.067175],[112.183786,33.067838],[112.18392,33.068155],[112.184162,33.068415],[112.184443,33.068303],[112.185508,33.067743],[112.185691,33.068098],[112.186361,33.067858],[112.186595,33.067842],[112.186715,33.068022],[112.187102,33.068838],[112.187222,33.068997],[112.187343,33.068977],[112.187625,33.068811],[112.188022,33.068667],[112.188105,33.068984],[112.188241,33.069906],[112.189373,33.069649],[112.18958,33.070121],[112.190865,33.069955],[112.191128,33.071542],[112.191876,33.071546],[112.191809,33.071937],[112.192383,33.071962],[112.19282,33.07194],[112.192871,33.0724],[112.192925,33.072614],[112.192935,33.073203],[112.192377,33.073203],[112.192343,33.073506],[112.191401,33.073464],[112.191315,33.074167],[112.191243,33.076136],[112.190288,33.076298],[112.189845,33.076475],[112.189454,33.076547],[112.189644,33.076916],[112.189835,33.077114],[112.189942,33.077177],[112.190508,33.077213],[112.190497,33.077318],[112.19054,33.077329],[112.190803,33.077359],[112.191125,33.077325],[112.190964,33.078053],[112.190972,33.078575],[112.190881,33.07875],[112.190618,33.078896],[112.19079,33.080287],[112.189698,33.080301],[112.189781,33.081316],[112.189765,33.081845],[112.189467,33.081829],[112.189159,33.081876],[112.189113,33.081982],[112.189105,33.082496],[112.189411,33.08257],[112.189671,33.082568],[112.190537,33.082997],[112.190806,33.083054],[112.190725,33.082024],[112.191415,33.082125],[112.191938,33.081979],[112.192471,33.082013],[112.192506,33.082038],[112.192552,33.082368],[112.1923,33.082519],[112.19212,33.082584],[112.191887,33.082746],[112.191632,33.083173],[112.191613,33.083388],[112.191095,33.083553],[112.190773,33.083928],[112.191036,33.084157],[112.191272,33.084314],[112.191549,33.084416],[112.19193,33.084445],[112.192879,33.084355],[112.193263,33.084753],[112.193831,33.085427],[112.194333,33.085829],[112.194743,33.086299],[112.195231,33.087],[112.195768,33.08767],[112.196004,33.088083],[112.196074,33.088395],[112.196696,33.088373],[112.196607,33.087539],[112.197146,33.087494],[112.19724,33.087398],[112.197356,33.087544],[112.19804,33.087986],[112.198201,33.088144],[112.198233,33.088288],[112.198217,33.088634],[112.198265,33.08882],[112.198563,33.089128],[112.199308,33.08958],[112.199453,33.089827],[112.199437,33.090162],[112.199373,33.090339],[112.199397,33.090521],[112.199566,33.090712],[112.200142,33.090843],[112.200319,33.091018],[112.200311,33.091166],[112.200153,33.091418],[112.200083,33.091652],[112.199737,33.092115],[112.199673,33.092153],[112.199794,33.0926],[112.200317,33.093753],[112.20044,33.09411],[112.199965,33.094559],[112.199705,33.094861],[112.199303,33.095083],[112.199032,33.095173],[112.198756,33.095339],[112.198353,33.095467],[112.198187,33.095586],[112.198104,33.095703],[112.198748,33.096357],[112.198847,33.096485],[112.198962,33.096721],[112.199158,33.096762],[112.199252,33.096818],[112.199351,33.096941],[112.19956,33.097393],[112.200319,33.097339],[112.200228,33.097854],[112.200097,33.098314],[112.200003,33.098988],[112.199914,33.09913],[112.199788,33.099253],[112.199611,33.09933],[112.199708,33.099489],[112.2,33.10024],[112.200038,33.100521],[112.199982,33.100745],[112.199729,33.101094],[112.199735,33.101224],[112.199917,33.101525],[112.200263,33.101992],[112.200389,33.102253],[112.20066,33.102294],[112.201245,33.102314],[112.201594,33.102251],[112.201749,33.102195],[112.201985,33.101956],[112.202141,33.101882],[112.20232,33.10195],[112.202484,33.10221],[112.202677,33.102365],[112.202969,33.10239],[112.203206,33.102323],[112.203104,33.104468],[112.202929,33.10525],[112.202591,33.104992],[112.202371,33.104752],[112.202371,33.104821],[112.202452,33.105246],[112.202618,33.105769],[112.202779,33.106064],[112.203315,33.106839],[112.203552,33.106798],[112.204394,33.106536],[112.204573,33.106416],[112.204622,33.10596],[112.205738,33.105736],[112.206293,33.105684],[112.206695,33.106677],[112.206735,33.106873],[112.207226,33.107407],[112.207532,33.107183],[112.208168,33.106803],[112.20854,33.108243],[112.208798,33.108452],[112.209088,33.108432],[112.209643,33.108488],[112.2099,33.108459],[112.210096,33.108396],[112.210407,33.108266],[112.210555,33.108146],[112.210724,33.108119],[112.211032,33.108],[112.211968,33.10747],[112.212494,33.10721],[112.212644,33.107084],[112.213465,33.107843],[112.213666,33.107949],[112.213752,33.107929],[112.214433,33.107479],[112.215034,33.107367],[112.215074,33.107544],[112.2153,33.107443],[112.215592,33.107423],[112.215686,33.107596],[112.215683,33.108009],[112.217054,33.108077],[112.217064,33.108681],[112.217408,33.108769],[112.216952,33.1102],[112.216955,33.11027],[112.217022,33.110373],[112.21715,33.110225],[112.217309,33.109921],[112.217443,33.109575],[112.217585,33.109043],[112.217695,33.108877],[112.217778,33.108841],[112.218701,33.108701],[112.218961,33.108697],[112.219186,33.109263],[112.219256,33.109551],[112.22013,33.109818],[112.22038,33.109951],[112.220313,33.112224],[112.220517,33.112608],[112.221042,33.113154],[112.222276,33.11399],[112.22241,33.11412],[112.22259,33.114558],[112.222643,33.114889],[112.222614,33.115185],[112.222523,33.115572],[112.222445,33.115754],[112.222606,33.115738],[112.222971,33.115567],[112.223317,33.115324],[112.223478,33.11525],[112.22414,33.115257],[112.224593,33.115342],[112.225009,33.115549],[112.225556,33.115956],[112.226557,33.116468],[112.226855,33.116542],[112.227775,33.116623],[112.228255,33.116749],[112.228539,33.11687],[112.228839,33.117025],[112.229553,33.117584],[112.229743,33.117832],[112.230108,33.117721],[112.230687,33.117405],[112.231109,33.11707],[112.231784,33.116814],[112.232136,33.116645],[112.232324,33.116605],[112.232951,33.116578],[112.233284,33.116524],[112.234255,33.116533],[112.23474,33.116493],[112.23473,33.115657],[112.234697,33.115428],[112.234459,33.115014],[112.234196,33.114637],[112.234067,33.114084],[112.234086,33.113707],[112.23426,33.113116],[112.234231,33.112323],[112.23426,33.111269],[112.234325,33.110856],[112.234392,33.110658],[112.234523,33.110485],[112.236328,33.109315],[112.236843,33.10905],[112.236645,33.109029],[112.236167,33.109092],[112.236146,33.108758],[112.236221,33.108704],[112.236508,33.10865],[112.236497,33.108396],[112.236561,33.108142],[112.236744,33.108084],[112.23684,33.108423],[112.237055,33.108796],[112.237221,33.1088],[112.237235,33.108713],[112.237025,33.108322],[112.236953,33.108005],[112.237034,33.107787],[112.237219,33.107636],[112.237664,33.107403],[112.238195,33.10727],[112.238503,33.107259],[112.239115,33.107297],[112.239222,33.107252],[112.239466,33.107387],[112.239415,33.107589],[112.239389,33.107989],[112.239547,33.108371],[112.239595,33.108746],[112.239533,33.109566],[112.239442,33.110115],[112.239072,33.11062],[112.238836,33.111015],[112.239053,33.111166],[112.239321,33.111498],[112.239925,33.112307],[112.240153,33.112554],[112.240268,33.112813],[112.240389,33.113244],[112.240384,33.11357],[112.240456,33.114069],[112.240338,33.114875],[112.240258,33.115102],[112.240472,33.11516],[112.240872,33.115205],[112.242084,33.11516],[112.24287,33.114987],[112.243034,33.114929],[112.243543,33.114579],[112.244874,33.11355],[112.244986,33.113702],[112.245238,33.113819],[112.245472,33.113875],[112.245837,33.113893],[112.246263,33.113799],[112.245989,33.113487],[112.246284,33.113276],[112.246225,33.112871],[112.246405,33.112577],[112.246405,33.112429],[112.246722,33.111206],[112.246829,33.111391],[112.247226,33.111719],[112.247636,33.111627],[112.249189,33.111501],[112.24935,33.111494],[112.24968,33.111559],[112.250096,33.111766],[112.250292,33.111984],[112.250423,33.112217],[112.250608,33.112961],[112.250871,33.11328],[112.251209,33.113451],[112.251552,33.113556],[112.252051,33.113826],[112.252566,33.114055],[112.252985,33.114428],[112.253427,33.114671],[112.254259,33.115262],[112.254878,33.115902],[112.255206,33.116111],[112.255849,33.116445],[112.256268,33.116556],[112.25697,33.117133],[112.257241,33.117492],[112.257445,33.117645],[112.257585,33.117825],[112.257684,33.118133],[112.257703,33.118306],[112.257676,33.118548],[112.257705,33.11895],[112.25767,33.119281],[112.257705,33.119453],[112.257756,33.119568],[112.25822,33.120067],[112.25848,33.119936],[112.259615,33.119555],[112.25995,33.119478],[112.260326,33.119462],[112.260589,33.119391],[112.261385,33.118719],[112.261589,33.118604],[112.262177,33.118461],[112.262472,33.118526],[112.262818,33.118676],[112.263067,33.118901],[112.26352,33.119573],[112.264161,33.120204],[112.265355,33.12088],[112.265819,33.121246],[112.267042,33.122381],[112.267101,33.122515],[112.267088,33.123133],[112.267168,33.123701],[112.267302,33.124178],[112.267431,33.12444],[112.267828,33.124712],[112.268265,33.124964],[112.268394,33.125009],[112.268992,33.125031],[112.269282,33.125074],[112.269676,33.124645],[112.269998,33.124065],[112.270105,33.123524],[112.270153,33.122971],[112.270253,33.122538],[112.270387,33.122399],[112.270647,33.122313],[112.271181,33.122219],[112.271452,33.122122],[112.272358,33.121673],[112.27253,33.121549],[112.272653,33.121392],[112.272766,33.121123],[112.272938,33.120884],[112.273187,33.120678],[112.27364,33.120487],[112.274115,33.120226],[112.273847,33.120199],[112.273546,33.120282],[112.273482,33.120242],[112.273171,33.119633],[112.272994,33.119391],[112.272074,33.118438],[112.27202,33.117901],[112.272028,33.117537],[112.272744,33.116724],[112.273066,33.11641],[112.273962,33.115327],[112.274853,33.115053],[112.275129,33.114866],[112.275378,33.114522],[112.275569,33.114064],[112.275773,33.113089],[112.275912,33.112873],[112.27636,33.112496],[112.276709,33.112325],[112.277519,33.112029],[112.278219,33.11168],[112.278417,33.111636],[112.278487,33.111323],[112.27875,33.110824],[112.279123,33.11033],[112.279469,33.109537],[112.280102,33.107773],[112.280273,33.107495],[112.280577,33.107167],[112.280652,33.107019],[112.28066,33.106855],[112.280617,33.106668],[112.280367,33.106223],[112.280279,33.105417],[112.279933,33.104509],[112.27927,33.103644],[112.279257,33.103489],[112.279399,33.103195],[112.279817,33.102718],[112.280029,33.102682],[112.280644,33.102855],[112.281593,33.103311],[112.281875,33.10339],[112.282175,33.103426],[112.284074,33.10343],[112.284482,33.103336],[112.284742,33.103343],[112.284884,33.103399],[112.284857,33.1031],[112.2846,33.10292],[112.284198,33.102437],[112.284004,33.102327],[112.283664,33.102258],[112.283219,33.102114],[112.282883,33.101898],[112.282607,33.101613],[112.282352,33.101217],[112.282119,33.10055],[112.281848,33.099984],[112.280665,33.098703],[112.280405,33.098213],[112.279834,33.097393],[112.279133,33.096654],[112.278517,33.09606],[112.278122,33.095714],[112.276414,33.094368],[112.27614,33.09411],[112.275767,33.093688],[112.274995,33.093191],[112.274343,33.092672],[112.274153,33.092438],[112.273925,33.092263],[112.273584,33.092047],[112.273278,33.091919],[112.272683,33.091807],[112.272291,33.091697],[112.271881,33.091636],[112.271419,33.091463],[112.270945,33.091],[112.270577,33.090564],[112.269504,33.089697],[112.268477,33.088717],[112.268026,33.088245],[112.267557,33.087674],[112.267283,33.087238],[112.267203,33.086975],[112.267882,33.086652],[112.268166,33.086557],[112.268161,33.086479],[112.267825,33.086043],[112.267627,33.085892],[112.267388,33.085795],[112.26708,33.085436],[112.266734,33.084984],[112.266591,33.084658],[112.266527,33.08442],[112.266001,33.084443],[112.265956,33.083811],[112.265964,33.083411],[112.265924,33.083341],[112.266085,33.081539],[112.266138,33.081355],[112.266447,33.081386],[112.26657,33.081456],[112.266736,33.081469],[112.266675,33.081633],[112.266581,33.082422],[112.266578,33.082683],[112.266618,33.082773],[112.266876,33.082759],[112.2669,33.082719],[112.266935,33.081858],[112.267208,33.081836],[112.267131,33.080993],[112.267064,33.080694],[112.267077,33.080665],[112.26734,33.080651],[112.26741,33.080831],[112.267528,33.081804],[112.267281,33.081827],[112.267364,33.082568],[112.267823,33.082564],[112.267742,33.081806],[112.267962,33.08184],[112.268102,33.08157],[112.268153,33.081262],[112.268139,33.080914],[112.268051,33.080746],[112.267621,33.080501],[112.267305,33.080119],[112.267267,33.079995],[112.267498,33.079952],[112.26753,33.079907],[112.267442,33.079732],[112.267125,33.079384],[112.267069,33.079161],[112.26705,33.078831],[112.266905,33.078748],[112.266683,33.078734],[112.266656,33.078705],[112.266653,33.078473],[112.266707,33.07844],[112.26734,33.078455],[112.26742,33.078404],[112.267343,33.077404],[112.267125,33.077545],[112.266688,33.077705],[112.266133,33.077858],[112.265934,33.077954],[112.266254,33.077352],[112.266642,33.07686],[112.266785,33.076612],[112.265811,33.07679],[112.265612,33.076309],[112.266948,33.076075],[112.266887,33.075961],[112.264545,33.076372],[112.264274,33.076455],[112.264167,33.07586],[112.267388,33.075489],[112.267364,33.075354],[112.264132,33.075677],[112.264108,33.075547],[112.267144,33.07514],[112.267112,33.074949],[112.264073,33.075354],[112.263998,33.074938],[112.26613,33.074671],[112.267136,33.074621],[112.267442,33.07474],[112.267866,33.074846],[112.268107,33.074972],[112.268102,33.075122],[112.267967,33.075187],[112.267981,33.075985],[112.268482,33.07599],[112.268434,33.075898],[112.268496,33.075684],[112.268893,33.075143],[112.269022,33.074729],[112.269802,33.074783],[112.270035,33.073819],[112.269824,33.073785],[112.269909,33.072513],[112.269979,33.072421],[112.269976,33.07227],[112.269888,33.072275],[112.269858,33.071782],[112.269579,33.071767],[112.269553,33.071704],[112.269507,33.071371],[112.26951,33.07098],[112.26944,33.07067],[112.268619,33.070775],[112.268268,33.070171],[112.268142,33.069888],[112.267667,33.069317],[112.267549,33.069051],[112.269287,33.06893],[112.270212,33.068912],[112.270033,33.068631],[112.269625,33.068699],[112.267141,33.068833],[112.266964,33.068373],[112.266785,33.068017],[112.266653,33.067916],[112.266283,33.067797],[112.266237,33.067586],[112.266001,33.066954],[112.265816,33.066541],[112.265701,33.066446],[112.265505,33.065835],[112.26543,33.065711],[112.265087,33.065504],[112.264939,33.06537],[112.264912,33.065246],[112.264888,33.064264],[112.264735,33.063904],[112.264263,33.063553],[112.263909,33.063169],[112.263821,33.062973],[112.264076,33.063135],[112.264505,33.063346],[112.264405,33.061993],[112.264191,33.06077],[112.263346,33.060519],[112.263378,33.060359],[112.263351,33.06031],[112.263164,33.060247],[112.26282,33.060211],[112.262954,33.058934],[112.263043,33.058615],[112.263067,33.057362],[112.263217,33.057374],[112.263188,33.057605],[112.263161,33.058916],[112.263735,33.059177],[112.263821,33.0583],[112.263864,33.057335],[112.263941,33.056679],[112.263821,33.054627],[112.264671,33.054393],[112.265033,33.054348],[112.266173,33.054319],[112.266144,33.053707],[112.267356,33.053507],[112.268032,33.053444],[112.267739,33.052862],[112.267651,33.052212],[112.267477,33.051524],[112.267131,33.050766],[112.266972,33.050292],[112.266956,33.049939],[112.266876,33.050011],[112.266769,33.050508],[112.266688,33.050699],[112.266334,33.051295],[112.266232,33.051589],[112.266015,33.051623],[112.26422,33.05167],[112.263703,33.05172],[112.263732,33.050778],[112.263679,33.050735],[112.263665,33.049876],[112.261544,33.050249],[112.261195,33.050229],[112.260779,33.049876],[112.260709,33.048296],[112.260422,33.048269],[112.260157,33.048289],[112.26013,33.047927],[112.260119,33.047884],[112.260071,33.04786],[112.259441,33.047806],[112.258797,33.047819],[112.258649,33.047729],[112.257684,33.047459],[112.257823,33.046416],[112.25785,33.046117],[112.257818,33.046],[112.257531,33.045847],[112.257448,33.046706],[112.25722,33.046733],[112.257255,33.045667],[112.256579,33.045202],[112.256337,33.045674],[112.256235,33.046614],[112.256176,33.04681],[112.256061,33.046886],[112.255412,33.046931],[112.255122,33.047043],[112.252891,33.046929],[112.252805,33.046699],[112.252781,33.046283],[112.252727,33.046205],[112.252674,33.046169],[112.252437,33.046122],[112.251724,33.046061],[112.251593,33.045508],[112.25159,33.044874],[112.251614,33.044779],[112.249149,33.044743],[112.249122,33.045063],[112.248162,33.044977],[112.248205,33.044489],[112.248183,33.044359],[112.247105,33.044273],[112.247119,33.044109],[112.247239,33.043682],[112.247103,33.04363],[112.246518,33.04359],[112.246585,33.043268],[112.246588,33.04254],[112.245281,33.042475],[112.245217,33.042578],[112.245201,33.044759],[112.237573,33.044829],[112.237449,33.045209],[112.237278,33.046315],[112.237248,33.046407],[112.237074,33.046547],[112.236972,33.046679],[112.23695,33.047003],[112.236041,33.047028],[112.235762,33.047338],[112.236553,33.047376],[112.236556,33.047527],[112.236481,33.047848],[112.236462,33.048525],[112.236285,33.049006],[112.236189,33.049382],[112.236079,33.050458],[112.236076,33.050751],[112.235996,33.051149],[112.23658,33.052628],[112.235261,33.052612],[112.235261,33.052244],[112.235186,33.051888],[112.234078,33.051864],[112.234078,33.051839],[112.23279,33.051868],[112.232731,33.050555],[112.230993,33.050488],[112.230945,33.050036],[112.230942,33.049445],[112.232715,33.049534],[112.232581,33.047779],[112.23249,33.046272],[112.232495,33.045771],[112.232455,33.045413],[112.231001,33.045427],[112.230991,33.045108],[112.229193,33.045063],[112.229185,33.045359],[112.225996,33.045319],[112.225986,33.045841],[112.22565,33.045823],[112.225621,33.046623],[112.225178,33.046578],[112.225133,33.046848],[112.224229,33.04674],[112.224207,33.046866],[112.224226,33.046969],[112.223303,33.046886],[112.223285,33.046953],[112.222563,33.046893],[112.222534,33.046904],[112.222499,33.047032],[112.222287,33.047007],[112.222099,33.046969],[112.222161,33.046607],[112.221104,33.046459],[112.220951,33.046556],[112.220661,33.046549],[112.220675,33.046304],[112.218304,33.046221],[112.218293,33.046414],[112.217706,33.046398],[112.217687,33.046245],[112.216437,33.04618],[112.216324,33.045946],[112.216112,33.045937],[112.216126,33.045683],[112.215925,33.045661],[112.215908,33.045501],[112.214793,33.045456],[112.21479,33.045272],[112.214245,33.045267],[112.214227,33.043938],[112.213832,33.043936],[112.21379,33.043576],[112.213481,33.043574],[112.213438,33.042693],[112.213055,33.042569],[112.212923,33.042805],[112.212524,33.043129],[112.212274,33.043205],[112.212094,33.0433],[112.21199,33.043361],[112.211944,33.043453],[112.211786,33.043516],[112.211638,33.043644],[112.211212,33.043876],[112.211137,33.04419],[112.210946,33.04435],[112.210238,33.044597],[112.209975,33.044752],[112.209415,33.045204],[112.208881,33.046203],[112.208557,33.046576],[112.208489,33.046805],[112.208492,33.047059],[112.208629,33.04752],[112.208632,33.047731],[112.208463,33.048512],[112.208476,33.048977],[112.208752,33.049339],[112.209463,33.049301],[112.209965,33.049231],[112.210177,33.049164],[112.210917,33.048478],[112.211815,33.047826],[112.212196,33.047614],[112.212285,33.047527],[112.212301,33.047828],[112.212258,33.048239],[112.21222,33.049339],[112.21218,33.049586],[112.212451,33.049573],[112.212459,33.05011],[112.212357,33.050097],[112.21236,33.05031],[112.210903,33.050276],[112.209114,33.050184],[112.209122,33.050034],[112.207521,33.050016],[112.207537,33.048822],[112.206403,33.048806],[112.206244,33.048763],[112.206196,33.048667],[112.20621,33.047819],[112.205963,33.047754],[112.204434,33.047587],[112.204383,33.047949],[112.203702,33.047907],[112.203562,33.04786],[112.203549,33.04772],[112.203616,33.046985],[112.204485,33.047048],[112.20416,33.04669],[112.204214,33.045303],[112.203849,33.045287],[112.203868,33.044635],[112.20264,33.044638],[112.202315,33.044698],[112.201851,33.044703],[112.201835,33.043507],[112.201341,33.043514],[112.201062,33.043619],[112.200113,33.043849],[112.199432,33.043849],[112.199279,33.04381],[112.198898,33.043554],[112.198273,33.043399],[112.198085,33.043338],[112.19797,33.043264],[112.197997,33.042749],[112.198292,33.042884],[112.198512,33.04182],[112.198514,33.041728],[112.198461,33.041668],[112.19852,33.041535],[112.198522,33.041234],[112.198587,33.040773],[112.198549,33.040359],[112.198541,33.039648],[112.198466,33.039455],[112.198423,33.038864],[112.196921,33.038969],[112.196945,33.038844],[112.196876,33.038522],[112.196811,33.038374],[112.196656,33.038349],[112.196272,33.038416],[112.196226,33.037949],[112.195722,33.038189],[112.195757,33.037994],[112.195733,33.037407],[112.195647,33.036262],[112.195593,33.036096],[112.196017,33.036062],[112.196004,33.035633],[112.194864,33.035585],[112.194354,33.03561],[112.193517,33.035561],[112.193469,33.035289],[112.193281,33.03512],[112.193279,33.035023],[112.193128,33.034879],[112.193061,33.034475],[112.192477,33.034508],[112.192512,33.034344],[112.192463,33.033674],[112.192514,33.033604],[112.192447,33.03311]]]}},{"type":"Feature","properties":{"regionCode":"411324101","sourceCode":"411324101000","name":"石佛寺镇","sourceName":"石佛寺镇","parentCode":"411324","parentName":"镇平县","regionLevel":"township","regionType":"town","isManagementZone":false,"source":"ruiduobao","sourceVersion":"mixed-legacy~2018-2020","geometryRepaired":false,"match2020":true,"match2023":true},"geometry":{"type":"Polygon","coordinates":[[[112.124054,33.050364],[112.122479,33.05036],[112.122527,33.050535],[112.122466,33.050719],[112.12213,33.050823],[112.121658,33.051086],[112.121597,33.051549],[112.121047,33.051569],[112.121224,33.052905],[112.121039,33.052947],[112.118713,33.052992],[112.118874,33.054743],[112.117597,33.054651],[112.117619,33.053941],[112.116066,33.053889],[112.115739,33.053932],[112.115403,33.054094],[112.115261,33.054242],[112.11498,33.054728],[112.114819,33.054694],[112.114285,33.054687],[112.114084,33.054622],[112.11392,33.054676],[112.113083,33.054656],[112.113231,33.054824],[112.11179,33.054824],[112.111812,33.055876],[112.113255,33.055912],[112.113255,33.056214],[112.111163,33.056236],[112.111056,33.056259],[112.111227,33.056724],[112.113006,33.05669],[112.113244,33.056711],[112.113231,33.057482],[112.113166,33.057709],[112.112989,33.057756],[112.112936,33.057927],[112.113035,33.058999],[112.113663,33.058979],[112.113759,33.059111],[112.11381,33.059327],[112.113051,33.059363],[112.112753,33.059419],[112.112866,33.059651],[112.112888,33.05977],[112.113891,33.059658],[112.113971,33.060002],[112.114033,33.060764],[112.114223,33.060912],[112.114272,33.061434],[112.114379,33.061582],[112.114473,33.062209],[112.114588,33.062544],[112.114601,33.062809],[112.114497,33.063043],[112.114561,33.063623],[112.114486,33.063765],[112.114572,33.064129],[112.115025,33.064113],[112.11506,33.064385],[112.115114,33.06445],[112.115226,33.064477],[112.11532,33.064942],[112.115339,33.064963],[112.115782,33.064963],[112.116103,33.066096],[112.116109,33.066253],[112.115538,33.06626],[112.114996,33.066309],[112.115446,33.066849],[112.116495,33.067696],[112.116511,33.067907],[112.116487,33.068051],[112.116334,33.068507],[112.113993,33.068676],[112.114065,33.069589],[112.114497,33.070573],[112.114679,33.071133],[112.114827,33.072005],[112.114234,33.072027],[112.114347,33.073246],[112.11447,33.073277],[112.115385,33.073221],[112.115304,33.073875],[112.115315,33.074911],[112.116584,33.074855],[112.116597,33.07517],[112.116691,33.075668],[112.116806,33.076024],[112.117037,33.07657],[112.117439,33.077327],[112.117614,33.077583],[112.118083,33.078204],[112.118416,33.078548],[112.118244,33.078512],[112.117997,33.078514],[112.116986,33.078568],[112.117206,33.080013],[112.117726,33.079948],[112.117764,33.080501],[112.117868,33.08055],[112.118386,33.080507],[112.11841,33.080869],[112.118509,33.080889],[112.119671,33.080842],[112.120226,33.080723],[112.120199,33.081779],[112.119923,33.081845],[112.119872,33.082042],[112.119872,33.082465],[112.11991,33.082611],[112.117941,33.082649],[112.117801,33.082748],[112.118053,33.083858],[112.118126,33.084429],[112.118051,33.08446],[112.115913,33.08449],[112.11591,33.084741],[112.116337,33.08469],[112.118222,33.084593],[112.118233,33.084789],[112.115808,33.08491],[112.115881,33.085296],[112.115894,33.08575],[112.115173,33.08578],[112.114907,33.085809],[112.114888,33.08584],[112.114896,33.085937],[112.114964,33.08607],[112.115084,33.08609],[112.115615,33.086034],[112.115905,33.086045],[112.115905,33.086341],[112.11513,33.086366],[112.115079,33.086386],[112.115087,33.086598],[112.115908,33.086541],[112.115908,33.086692],[112.116358,33.088072],[112.116667,33.089337],[112.116122,33.089364],[112.116146,33.089506],[112.116213,33.089634],[112.116699,33.089584],[112.117045,33.091139],[112.117249,33.09171],[112.118222,33.091506],[112.118378,33.091515],[112.118405,33.091811],[112.119051,33.091631],[112.120159,33.091449],[112.120604,33.091317],[112.120534,33.091717],[112.120363,33.09189],[112.12029,33.092112],[112.120175,33.092189],[112.120156,33.092254],[112.120229,33.092371],[112.120172,33.092537],[112.119859,33.092658],[112.119848,33.09271],[112.120041,33.09353],[112.121782,33.092998],[112.121994,33.09327],[112.122176,33.093577],[112.122262,33.094038],[112.122334,33.094222],[112.121642,33.094355],[112.121629,33.094575],[112.121656,33.094719],[112.121964,33.094679],[112.121983,33.09487],[112.121902,33.095022],[112.1219,33.095616],[112.12176,33.096067],[112.121747,33.096476],[112.121648,33.096735],[112.121361,33.097146],[112.121937,33.097188],[112.122324,33.097159],[112.122369,33.097361],[112.122391,33.097858],[112.122455,33.098103],[112.122452,33.098254],[112.121825,33.098229],[112.121401,33.098292],[112.120652,33.09826],[112.120261,33.098795],[112.120138,33.099215],[112.120062,33.099301],[112.120575,33.099388],[112.121414,33.099458],[112.121275,33.099786],[112.1212,33.100132],[112.121226,33.101539],[112.12073,33.101637],[112.120175,33.101687],[112.119987,33.101763],[112.120019,33.101941],[112.120167,33.102141],[112.121318,33.102058],[112.122031,33.102103],[112.122801,33.102199],[112.123088,33.102195],[112.123091,33.10235],[112.12305,33.102437],[112.123683,33.102702],[112.124024,33.102801],[112.12375,33.102864],[112.123434,33.103084],[112.123278,33.103484],[112.122471,33.103381],[112.122318,33.103559],[112.122128,33.104424],[112.122372,33.104682],[112.123257,33.104657],[112.123471,33.104677],[112.123426,33.105005],[112.123434,33.10519],[112.123276,33.10525],[112.123402,33.105817],[112.124228,33.105891],[112.124483,33.105963],[112.124531,33.106787],[112.124569,33.10696],[112.124687,33.107241],[112.124998,33.107176],[112.125456,33.107135],[112.1258,33.107158],[112.125837,33.107362],[112.125958,33.107688],[112.126631,33.10878],[112.12635,33.108841],[112.12632,33.10894],[112.126414,33.109187],[112.127235,33.109928],[112.127578,33.110514],[112.127734,33.110696],[112.128522,33.111247],[112.128978,33.111379],[112.129278,33.111528],[112.129337,33.111575],[112.129386,33.111683],[112.129324,33.111793],[112.129099,33.11184],[112.128179,33.111775],[112.127795,33.111678],[112.127634,33.111707],[112.127827,33.111995],[112.127937,33.112287],[112.128627,33.113635],[112.128117,33.11381],[112.127634,33.113914],[112.127548,33.113792],[112.127637,33.113761],[112.127543,33.113559],[112.126875,33.113864],[112.126696,33.113732],[112.126604,33.11361],[112.126417,33.113631],[112.12632,33.113698],[112.126645,33.114017],[112.125982,33.114408],[112.12584,33.114322],[112.125998,33.114172],[112.126231,33.11406],[112.126341,33.113925],[112.125848,33.113754],[112.125657,33.113736],[112.125448,33.113864],[112.125293,33.114044],[112.125231,33.114158],[112.125108,33.114585],[112.125116,33.114826],[112.12525,33.115066],[112.12547,33.115322],[112.125824,33.11559],[112.125851,33.115673],[112.125832,33.115711],[112.126205,33.115531],[112.126341,33.115506],[112.126789,33.11614],[112.126977,33.116066],[112.127463,33.115958],[112.1275,33.116187],[112.127414,33.116567],[112.128345,33.116998],[112.128332,33.117221],[112.128377,33.117391],[112.127857,33.117665],[112.127235,33.117903],[112.127092,33.117706],[112.126575,33.117773],[112.126336,33.11714],[112.126054,33.117221],[112.125813,33.116796],[112.125813,33.116699],[112.125617,33.116668],[112.125373,33.11669],[112.124646,33.116845],[112.12433,33.116497],[112.124142,33.116454],[112.123855,33.116598],[112.12371,33.11672],[112.123783,33.116904],[112.123968,33.117164],[112.124689,33.118038],[112.125006,33.117894],[112.125907,33.117899],[112.12603,33.118627],[112.126081,33.11933],[112.126127,33.119494],[112.126427,33.120096],[112.126449,33.120251],[112.126414,33.120478],[112.126261,33.120732],[112.126197,33.12108],[112.126213,33.121188],[112.126567,33.122138],[112.126645,33.122257],[112.125483,33.122783],[112.125094,33.122846],[112.125172,33.122899],[112.125309,33.123115],[112.125277,33.123412],[112.125419,33.124106],[112.125464,33.124198],[112.125545,33.124272],[112.125663,33.124281],[112.125784,33.124542],[112.126001,33.124838],[112.126261,33.125123],[112.126575,33.125283],[112.126838,33.125519],[112.126996,33.125602],[112.126792,33.125815],[112.126132,33.126226],[112.127366,33.127565],[112.127717,33.127873],[112.127991,33.128005],[112.128047,33.128147],[112.12801,33.128414],[112.127774,33.129382],[112.127605,33.129944],[112.127548,33.130016],[112.127514,33.13015],[112.126953,33.131089],[112.126344,33.131689],[112.126127,33.131855],[112.125875,33.131985],[112.125773,33.132091],[112.125717,33.133259],[112.125727,33.133951],[112.125545,33.134146],[112.125239,33.133996],[112.124778,33.133967],[112.124783,33.134236],[112.124724,33.134584],[112.12481,33.134645],[112.125652,33.134869],[112.126848,33.1354],[112.126561,33.135548],[112.126231,33.135595],[112.124373,33.135624],[112.124255,33.135725],[112.124249,33.135786],[112.124075,33.13606],[112.123898,33.136141],[112.123488,33.136181],[112.123128,33.136125],[112.123005,33.136046],[112.122267,33.135759],[112.122098,33.13573],[112.121511,33.135692],[112.120966,33.135698],[112.120746,33.135759],[112.120618,33.135703],[112.120215,33.135786],[112.119816,33.135813],[112.119405,33.135784],[112.118957,33.135644],[112.118684,33.135599],[112.118185,33.135683],[112.118032,33.135763],[112.117976,33.135676],[112.117096,33.135516],[112.116938,33.135415],[112.116686,33.13551],[112.116168,33.135528],[112.11602,33.135559],[112.115272,33.135541],[112.114998,33.135498],[112.114787,33.135948],[112.114596,33.136233],[112.114422,33.136403],[112.114078,33.136648],[112.113676,33.1367],[112.111933,33.136523],[112.111648,33.136563],[112.111557,33.136514],[112.111152,33.136098],[112.110916,33.135945],[112.110854,33.136509],[112.110793,33.136675],[112.110718,33.136763],[112.110554,33.136877],[112.110288,33.136994],[112.109798,33.137122],[112.109771,33.137459],[112.109696,33.137641],[112.109503,33.137722],[112.109191,33.137789],[112.109154,33.137843],[112.109157,33.137929],[112.109277,33.138],[112.109535,33.13792],[112.110272,33.137866],[112.11042,33.137904],[112.110492,33.138021],[112.11038,33.138263],[112.110015,33.13842],[112.110069,33.138881],[112.110323,33.139413],[112.110337,33.139604],[112.109452,33.139984],[112.110111,33.141032],[112.110315,33.141466],[112.111023,33.141441],[112.111723,33.141349],[112.111855,33.141219],[112.111954,33.141023],[112.112107,33.140819],[112.112324,33.14081],[112.112963,33.140999],[112.112702,33.141558],[112.112525,33.142198],[112.112335,33.143404],[112.112319,33.143844],[112.112209,33.143956],[112.112209,33.144073],[112.112246,33.144408],[112.112638,33.143947],[112.112756,33.144107],[112.113231,33.14446],[112.112968,33.145953],[112.112796,33.146171],[112.112335,33.146124],[112.112193,33.146144],[112.11197,33.146294],[112.111796,33.146153],[112.111667,33.145984],[112.111576,33.145953],[112.111493,33.145969],[112.111372,33.14602],[112.111257,33.146231],[112.111029,33.146445],[112.110916,33.146755],[112.110809,33.146791],[112.110712,33.14675],[112.110565,33.146746],[112.110396,33.146793],[112.110495,33.146932],[112.110642,33.147431],[112.110787,33.147577],[112.11127,33.147464],[112.111396,33.147505],[112.111514,33.147613],[112.111616,33.147777],[112.111627,33.147999],[112.11156,33.148145],[112.111372,33.148324],[112.111812,33.14898],[112.111847,33.149106],[112.111562,33.149061],[112.110951,33.148861],[112.109969,33.148488],[112.109763,33.14847],[112.109186,33.148702],[112.108835,33.148789],[112.108588,33.148904],[112.108132,33.14938],[112.107596,33.149733],[112.107534,33.149816],[112.107435,33.150193],[112.107705,33.150215],[112.108583,33.150173],[112.108746,33.150373],[112.108867,33.150673],[112.108899,33.151356],[112.109006,33.151448],[112.109167,33.151421],[112.10914,33.151394],[112.109146,33.151159],[112.109497,33.150685],[112.109454,33.150278],[112.109317,33.149865],[112.109618,33.149811],[112.109782,33.149838],[112.109894,33.150029],[112.110187,33.150357],[112.11131,33.151938],[112.111589,33.152232],[112.111887,33.152412],[112.112421,33.152663],[112.112668,33.152834],[112.113169,33.153523],[112.113357,33.153644],[112.11374,33.153732],[112.113926,33.153813],[112.114513,33.15419],[112.114711,33.154255],[112.115251,33.154199],[112.115884,33.153732],[112.11628,33.153514],[112.116905,33.152989],[112.117096,33.152701],[112.117211,33.152209],[112.117364,33.151882],[112.117447,33.151556],[112.117455,33.151406],[112.117627,33.151275],[112.118426,33.151064],[112.119529,33.150992],[112.119762,33.151053],[112.12047,33.151516],[112.12087,33.15156],[112.121296,33.151704],[112.121784,33.151794],[112.122597,33.151639],[112.123447,33.15198],[112.123895,33.15201],[112.124086,33.152079],[112.124957,33.152706],[112.125102,33.152751],[112.125623,33.152717],[112.125735,33.152814],[112.125888,33.153162],[112.125969,33.153265],[112.126076,33.153379],[112.126215,33.153436],[112.126596,33.15344],[112.127621,33.153141],[112.127782,33.153141],[112.128179,33.153319],[112.128474,33.153386],[112.129018,33.153245],[112.129431,33.153247],[112.129544,33.153278],[112.129659,33.153409],[112.129756,33.153754],[112.129871,33.153822],[112.130263,33.154024],[112.130609,33.15415],[112.131137,33.154246],[112.131304,33.154246],[112.132285,33.154076],[112.133044,33.153775],[112.133286,33.153727],[112.133594,33.153716],[112.133618,33.153952],[112.133862,33.154287],[112.13398,33.154354],[112.133991,33.154489],[112.134503,33.154817],[112.134656,33.154996],[112.134919,33.155167],[112.135112,33.155185],[112.135222,33.156366],[112.135437,33.156344],[112.135289,33.155174],[112.135504,33.155055],[112.13578,33.15496],[112.136727,33.154828],[112.13706,33.154852],[112.137333,33.154931],[112.137357,33.154974],[112.137322,33.155243],[112.137263,33.155293],[112.136558,33.155288],[112.135909,33.155351],[112.135976,33.155434],[112.136142,33.15582],[112.136193,33.156272],[112.136338,33.156451],[112.136408,33.156503],[112.137188,33.156352],[112.137258,33.156319],[112.137212,33.156171],[112.1374,33.156088],[112.137931,33.155986],[112.137674,33.155443],[112.137776,33.155373],[112.137886,33.155387],[112.137993,33.155423],[112.138293,33.156189],[112.13861,33.156788],[112.138714,33.156916],[112.139251,33.157195],[112.139578,33.157266],[112.139677,33.156793],[112.139675,33.156665],[112.139964,33.156528],[112.140053,33.1564],[112.140107,33.15593],[112.140281,33.155665],[112.140836,33.15604],[112.141246,33.156272],[112.141861,33.156496],[112.142816,33.15653],[112.142915,33.15642],[112.143891,33.156409],[112.143907,33.156132],[112.143821,33.155627],[112.143795,33.155236],[112.143615,33.154608],[112.143553,33.154179],[112.143529,33.153469],[112.143486,33.153308],[112.143513,33.153231],[112.143746,33.15315],[112.14417,33.153074],[112.145881,33.152232],[112.146517,33.151828],[112.146699,33.151576],[112.146866,33.151197],[112.147163,33.150352],[112.147354,33.149959],[112.147496,33.149562],[112.14697,33.149256],[112.1466,33.148994],[112.147515,33.148129],[112.148716,33.147089],[112.148861,33.147062],[112.149213,33.147213],[112.150892,33.148084],[112.15123,33.148268],[112.152077,33.148828],[112.152823,33.149375],[112.152917,33.149405],[112.153008,33.149382],[112.153,33.149101],[112.153212,33.148275],[112.153265,33.147864],[112.153335,33.147689],[112.153333,33.147615],[112.153303,33.147532],[112.153201,33.147449],[112.153129,33.147332],[112.153029,33.14697],[112.152842,33.145728],[112.152871,33.145317],[112.153156,33.143368],[112.153343,33.142903],[112.15337,33.142764],[112.153408,33.14242],[112.153405,33.141724],[112.15333,33.141423],[112.153169,33.141154],[112.152885,33.140859],[112.152764,33.140464],[112.152997,33.140563],[112.153287,33.140873],[112.153936,33.141306],[112.154607,33.142003],[112.15484,33.142007],[112.154918,33.141915],[112.154998,33.141915],[112.155666,33.142389],[112.155878,33.142245],[112.15624,33.142591],[112.156806,33.143022],[112.156986,33.143038],[112.157409,33.142973],[112.157546,33.143069],[112.157731,33.143018],[112.157723,33.142928],[112.157753,33.142892],[112.158201,33.142759],[112.158225,33.142917],[112.158909,33.144084],[112.159376,33.144522],[112.159858,33.144891],[112.16007,33.145176],[112.160253,33.145286],[112.160918,33.145335],[112.161513,33.145252],[112.161854,33.145167],[112.162455,33.144933],[112.162887,33.144823],[112.163112,33.144718],[112.163361,33.145508],[112.163493,33.145796],[112.163796,33.146191],[112.164662,33.147069],[112.165209,33.146984],[112.167106,33.147215],[112.167575,33.147709],[112.167833,33.14792],[112.167924,33.148042],[112.168042,33.148073],[112.168149,33.148059],[112.168307,33.147882],[112.168205,33.14777],[112.168144,33.147556],[112.168149,33.147417],[112.168377,33.147044],[112.16853,33.147002],[112.168922,33.146986],[112.16953,33.147181],[112.169989,33.147238],[112.170163,33.147303],[112.170552,33.147532],[112.171365,33.14823],[112.171687,33.148385],[112.172851,33.148776],[112.173894,33.149045],[112.174211,33.149189],[112.174433,33.14936],[112.174656,33.149436],[112.175002,33.149739],[112.175308,33.150119],[112.175557,33.150287],[112.176062,33.150471],[112.17703,33.150709],[112.177548,33.150882],[112.17832,33.151039],[112.178736,33.151082],[112.179833,33.150797],[112.180399,33.150622],[112.181362,33.150195],[112.181793,33.149917],[112.182566,33.149326],[112.182805,33.149196],[112.183695,33.148967],[112.185994,33.148625],[112.188046,33.148118],[112.188523,33.148104],[112.18863,33.148051],[112.189164,33.148255],[112.189982,33.148345],[112.190639,33.148313],[112.190765,33.148271],[112.191071,33.148419],[112.191806,33.148664],[112.192184,33.148828],[112.192423,33.148976],[112.192525,33.149081],[112.192592,33.149198],[112.192573,33.14964],[112.192635,33.149802],[112.192796,33.150087],[112.193287,33.150703],[112.193533,33.150961],[112.19448,33.151816],[112.195156,33.152607],[112.195478,33.152867],[112.196012,33.153213],[112.196181,33.153413],[112.196261,33.153606],[112.196438,33.153873],[112.196597,33.154004],[112.19669,33.154062],[112.197281,33.154129],[112.197396,33.154114],[112.198227,33.153912],[112.198801,33.153716],[112.199316,33.153431],[112.199517,33.153352],[112.200577,33.153469],[112.20066,33.153579],[112.201073,33.154446],[112.201382,33.154884],[112.201516,33.155331],[112.202007,33.156548],[112.202162,33.156864],[112.20224,33.156936],[112.202379,33.157024],[112.202766,33.157118],[112.203412,33.157206],[112.203825,33.157206],[112.20405,33.157244],[112.204311,33.157473],[112.205064,33.157783],[112.205147,33.157884],[112.20519,33.1584],[112.205515,33.159135],[112.205917,33.159323],[112.206314,33.159451],[112.206746,33.159709],[112.207202,33.160143],[112.20725,33.16026],[112.207422,33.160462],[112.207655,33.16065],[112.207983,33.161214],[112.208143,33.1614],[112.208471,33.161582],[112.209055,33.161816],[112.210144,33.162128],[112.211011,33.162251],[112.21177,33.16222],[112.212041,33.162146],[112.212156,33.161881],[112.212328,33.161151],[112.212459,33.159462],[112.212537,33.159249],[112.212802,33.159007],[112.214404,33.158387],[112.215064,33.158187],[112.215925,33.158037],[112.216831,33.157471],[112.218462,33.157233],[112.219143,33.157076],[112.219398,33.156954],[112.219704,33.156748],[112.220034,33.156595],[112.220626,33.156588],[112.221571,33.156667],[112.221946,33.156602],[112.222354,33.156487],[112.223016,33.156114],[112.223137,33.155998],[112.223255,33.155798],[112.223483,33.155266],[112.223507,33.153817],[112.223051,33.15377],[112.222574,33.153678],[112.222188,33.15351],[112.221807,33.153296],[112.22149,33.153083],[112.221074,33.152659],[112.220396,33.152041],[112.219841,33.151399],[112.219798,33.151257],[112.21958,33.151141],[112.219151,33.151114],[112.218821,33.151019],[112.218679,33.150918],[112.218497,33.150669],[112.21839,33.150417],[112.218349,33.149937],[112.218277,33.149591],[112.21817,33.149346],[112.217923,33.148987],[112.217909,33.148677],[112.218019,33.148387],[112.218572,33.147779],[112.218631,33.14768],[112.218682,33.147273],[112.218612,33.146914],[112.21803,33.146184],[112.217875,33.145933],[112.217571,33.145246],[112.217443,33.145106],[112.216702,33.144716],[112.216555,33.144581],[112.216466,33.144435],[112.216705,33.144078],[112.217153,33.143793],[112.217577,33.143611],[112.217577,33.143301],[112.217523,33.142971],[112.217547,33.142735],[112.217687,33.142223],[112.21781,33.141576],[112.218041,33.141219],[112.218086,33.141086],[112.218062,33.140514],[112.217971,33.139925],[112.217802,33.139222],[112.216842,33.13926],[112.216501,33.13922],[112.216075,33.13911],[112.215761,33.138975],[112.215235,33.138555],[112.214629,33.138371],[112.214428,33.138277],[112.214127,33.138072],[112.213234,33.137726],[112.212781,33.13767],[112.212266,33.137666],[112.211802,33.137477],[112.211035,33.137064],[112.210836,33.136826],[112.21056,33.136296],[112.210431,33.136112],[112.210083,33.135943],[112.209769,33.135986],[112.209147,33.135909],[112.208004,33.135912],[112.207135,33.135988],[112.206432,33.136112],[112.205778,33.135692],[112.205641,33.135638],[112.20519,33.135298],[112.204654,33.134863],[112.204552,33.134753],[112.20452,33.13467],[112.205048,33.134261],[112.205719,33.13365],[112.206521,33.133171],[112.206843,33.13292],[112.207076,33.132668],[112.207285,33.132318],[112.207438,33.131972],[112.207856,33.131386],[112.207921,33.131222],[112.207991,33.130851],[112.208119,33.130665],[112.208388,33.130397],[112.208919,33.130061],[112.209047,33.129706],[112.209147,33.129555],[112.209393,33.129351],[112.209933,33.129092],[112.210391,33.12896],[112.2106,33.128839],[112.211464,33.127956],[112.211813,33.127426],[112.211754,33.127185],[112.211614,33.127046],[112.21111,33.126637],[112.210777,33.126469],[112.210485,33.12622],[112.210388,33.126089],[112.210346,33.125898],[112.210431,33.125184],[112.210364,33.124665],[112.210386,33.124497],[112.210362,33.124144],[112.210305,33.124059],[112.210166,33.12398],[112.209721,33.123823],[112.209624,33.123742],[112.209562,33.123621],[112.209546,33.123147],[112.209375,33.122623],[112.209364,33.121105],[112.209455,33.120516],[112.209522,33.120343],[112.20968,33.120139],[112.209823,33.120011],[112.21008,33.119903],[112.210488,33.119591],[112.210673,33.119355],[112.210721,33.119099],[112.210775,33.118971],[112.210874,33.118851],[112.211432,33.118687],[112.212019,33.118366],[112.212647,33.118135],[112.213119,33.117867],[112.213312,33.117701],[112.21336,33.117551],[112.213634,33.117306],[112.213822,33.117063],[112.214959,33.116481],[112.216743,33.115765],[112.216799,33.115439],[112.216769,33.114583],[112.216721,33.114327],[112.216877,33.114248],[112.216976,33.114246],[112.21693,33.113869],[112.217207,33.113813],[112.217657,33.113795],[112.218596,33.113664],[112.218376,33.113404],[112.218347,33.113195],[112.21807,33.112775],[112.218044,33.11268],[112.218044,33.112159],[112.217955,33.112024],[112.217987,33.111887],[112.217987,33.111618],[112.217807,33.110766],[112.217869,33.108827],[112.217695,33.108877],[112.217585,33.109043],[112.217443,33.109575],[112.217309,33.109921],[112.21715,33.110225],[112.217022,33.110373],[112.216955,33.11027],[112.216952,33.1102],[112.217408,33.108769],[112.217064,33.108681],[112.217054,33.108077],[112.215683,33.108009],[112.215686,33.107596],[112.215592,33.107423],[112.2153,33.107443],[112.215074,33.107544],[112.215034,33.107367],[112.214433,33.107479],[112.213752,33.107929],[112.213666,33.107949],[112.213465,33.107843],[112.212644,33.107084],[112.212494,33.10721],[112.211968,33.10747],[112.211032,33.108],[112.210724,33.108119],[112.210555,33.108146],[112.210407,33.108266],[112.210096,33.108396],[112.2099,33.108459],[112.209643,33.108488],[112.209088,33.108432],[112.208798,33.108452],[112.20854,33.108243],[112.208168,33.106803],[112.207532,33.107183],[112.207226,33.107407],[112.206735,33.106873],[112.206695,33.106677],[112.206293,33.105684],[112.205738,33.105736],[112.204622,33.10596],[112.204573,33.106416],[112.204394,33.106536],[112.203552,33.106798],[112.203315,33.106839],[112.202779,33.106064],[112.202618,33.105769],[112.202452,33.105246],[112.202371,33.104821],[112.202371,33.104752],[112.202591,33.104992],[112.202929,33.10525],[112.203104,33.104468],[112.203206,33.102323],[112.202969,33.10239],[112.202677,33.102365],[112.202484,33.10221],[112.20232,33.10195],[112.202141,33.101882],[112.201985,33.101956],[112.201749,33.102195],[112.201594,33.102251],[112.201245,33.102314],[112.20066,33.102294],[112.200389,33.102253],[112.200263,33.101992],[112.199917,33.101525],[112.199735,33.101224],[112.199729,33.101094],[112.199982,33.100745],[112.200038,33.100521],[112.2,33.10024],[112.199708,33.099489],[112.199611,33.09933],[112.199788,33.099253],[112.199914,33.09913],[112.200003,33.098988],[112.200097,33.098314],[112.200228,33.097854],[112.200319,33.097339],[112.19956,33.097393],[112.199351,33.096941],[112.199252,33.096818],[112.199158,33.096762],[112.198962,33.096721],[112.198847,33.096485],[112.198748,33.096357],[112.198104,33.095703],[112.198187,33.095586],[112.198353,33.095467],[112.198756,33.095339],[112.199032,33.095173],[112.199303,33.095083],[112.199705,33.094861],[112.199965,33.094559],[112.20044,33.09411],[112.200317,33.093753],[112.199794,33.0926],[112.199673,33.092153],[112.199737,33.092115],[112.200083,33.091652],[112.200153,33.091418],[112.200311,33.091166],[112.200319,33.091018],[112.200142,33.090843],[112.199566,33.090712],[112.199397,33.090521],[112.199373,33.090339],[112.199437,33.090162],[112.199453,33.089827],[112.199308,33.08958],[112.198563,33.089128],[112.198265,33.08882],[112.198217,33.088634],[112.198233,33.088288],[112.198201,33.088144],[112.19804,33.087986],[112.197356,33.087544],[112.19724,33.087398],[112.197146,33.087494],[112.196607,33.087539],[112.196696,33.088373],[112.196074,33.088395],[112.196004,33.088083],[112.195768,33.08767],[112.195231,33.087],[112.194743,33.086299],[112.194333,33.085829],[112.193831,33.085427],[112.193263,33.084753],[112.192879,33.084355],[112.19193,33.084445],[112.191549,33.084416],[112.191272,33.084314],[112.191036,33.084157],[112.190773,33.083928],[112.191095,33.083553],[112.191613,33.083388],[112.191632,33.083173],[112.191887,33.082746],[112.19212,33.082584],[112.1923,33.082519],[112.192552,33.082368],[112.192506,33.082038],[112.192471,33.082013],[112.191938,33.081979],[112.191415,33.082125],[112.190725,33.082024],[112.190806,33.083054],[112.190537,33.082997],[112.189671,33.082568],[112.189411,33.08257],[112.189105,33.082496],[112.189113,33.081982],[112.189159,33.081876],[112.189467,33.081829],[112.189765,33.081845],[112.189781,33.081316],[112.189698,33.080301],[112.19079,33.080287],[112.190618,33.078896],[112.190881,33.07875],[112.190972,33.078575],[112.190964,33.078053],[112.191125,33.077325],[112.190803,33.077359],[112.19054,33.077329],[112.190497,33.077318],[112.190508,33.077213],[112.189942,33.077177],[112.189835,33.077114],[112.189644,33.076916],[112.189454,33.076547],[112.189845,33.076475],[112.190288,33.076298],[112.191243,33.076136],[112.191315,33.074167],[112.191401,33.073464],[112.192343,33.073506],[112.192377,33.073203],[112.192935,33.073203],[112.192925,33.072614],[112.192871,33.0724],[112.19282,33.07194],[112.192383,33.071962],[112.191809,33.071937],[112.191876,33.071546],[112.191128,33.071542],[112.190865,33.069955],[112.18958,33.070121],[112.189373,33.069649],[112.188241,33.069906],[112.188105,33.068984],[112.188022,33.068667],[112.187625,33.068811],[112.187343,33.068977],[112.187222,33.068997],[112.187102,33.068838],[112.186715,33.068022],[112.186595,33.067842],[112.186361,33.067858],[112.185691,33.068098],[112.185508,33.067743],[112.184443,33.068303],[112.184162,33.068415],[112.18392,33.068155],[112.183786,33.067838],[112.183668,33.067175],[112.183116,33.066093],[112.182958,33.065945],[112.182523,33.066062],[112.182207,33.065907],[112.181895,33.065482],[112.18226,33.065264],[112.182748,33.065062],[112.183266,33.06481],[112.183352,33.06474],[112.183046,33.064587],[112.182598,33.064246],[112.183049,33.063944],[112.18321,33.063875],[112.182778,33.06332],[112.182319,33.062814],[112.18303,33.062497],[112.183735,33.062229],[112.183631,33.061973],[112.18332,33.06155],[112.182244,33.06196],[112.181946,33.061998],[112.181708,33.06193],[112.183177,33.061355],[112.182217,33.059966],[112.181997,33.059561],[112.181793,33.059338],[112.181525,33.059219],[112.181233,33.058932],[112.181107,33.058662],[112.180702,33.058273],[112.180176,33.057904],[112.179817,33.057695],[112.177979,33.058981],[112.1774,33.058567],[112.178132,33.057808],[112.17784,33.057655],[112.177212,33.058446],[112.175917,33.057581],[112.173454,33.05759],[112.173417,33.057999],[112.172985,33.058071],[112.167304,33.057868],[112.16728,33.05772],[112.16368,33.057477],[112.163461,33.057538],[112.16172,33.057572],[112.161564,33.057583],[112.161862,33.058408],[112.161162,33.058466],[112.161079,33.057763],[112.160357,33.057677],[112.160451,33.057169],[112.159577,33.05707],[112.159306,33.057084],[112.159244,33.05725],[112.159046,33.058363],[112.157267,33.058021],[112.157924,33.057455],[112.158485,33.056848],[112.162567,33.051293],[112.163839,33.049827],[112.162095,33.049672],[112.160068,33.052412],[112.15984,33.052812],[112.159574,33.053494],[112.159011,33.054534],[112.158466,33.055159],[112.153839,33.054377],[112.153869,33.054152],[112.153888,33.053039],[112.154073,33.053073],[112.154435,33.051486],[112.154073,33.051405],[112.154636,33.049687],[112.155588,33.049847],[112.157418,33.050234],[112.157871,33.048766],[112.155248,33.048318],[112.155127,33.048847],[112.154891,33.048802],[112.152973,33.048644],[112.152976,33.048431],[112.153196,33.047333],[112.153263,33.047217],[112.152936,33.047201],[112.150546,33.046906],[112.150235,33.048431],[112.143534,33.047934],[112.143524,33.047558],[112.143711,33.045787],[112.14285,33.045699],[112.142743,33.046738],[112.142553,33.047972],[112.140273,33.047945],[112.140163,33.048091],[112.139975,33.049359],[112.139924,33.049364],[112.139916,33.049546],[112.139983,33.049539],[112.139946,33.049775],[112.139967,33.050263],[112.140064,33.05074],[112.140235,33.052237],[112.13633,33.051992],[112.136421,33.05074],[112.134825,33.050656],[112.134817,33.049867],[112.133468,33.04978],[112.1335,33.048341],[112.133471,33.047909],[112.133508,33.046967],[112.130638,33.046951],[112.130641,33.047093],[112.127734,33.047073],[112.12775,33.047466],[112.127886,33.048168],[112.126004,33.048114],[112.126012,33.050315],[112.125674,33.05033],[112.125464,33.050373],[112.124054,33.050364]]]}},{"type":"Feature","properties":{"regionCode":"411324102","sourceCode":"411324102000","name":"晁陂镇","sourceName":"晁陂镇","parentCode":"411324","parentName":"镇平县","regionLevel":"township","regionType":"town","isManagementZone":false,"source":"ruiduobao","sourceVersion":"mixed-legacy~2018-2020","geometryRepaired":false,"match2020":true,"match2023":true},"geometry":{"type":"Polygon","coordinates":[[[112.097822,32.998827],[112.097379,32.998283],[112.09725,32.998186],[112.097323,32.998465],[112.097119,32.99866],[112.096915,32.998737],[112.096816,32.998964],[112.096746,32.999407],[112.096792,32.999621],[112.096666,32.999625],[112.094729,32.999533],[112.094758,32.998552],[112.094423,32.998503],[112.094426,32.998557],[112.092294,32.99855],[112.09217,32.998663],[112.089901,32.998494],[112.08992,32.998651],[112.089888,32.998883],[112.089668,32.999524],[112.089649,32.999745],[112.089593,32.99992],[112.087476,32.999722],[112.087431,32.999952],[112.086653,32.999891],[112.086623,33.000296],[112.086487,33.001121],[112.085851,33.001009],[112.085891,33.001405],[112.085843,33.001524],[112.084212,33.001416],[112.084081,33.001843],[112.083855,33.002413],[112.083099,33.002329],[112.081919,33.002988],[112.080626,33.002566],[112.080146,33.003202],[112.080119,33.003351],[112.079486,33.005229],[112.080886,33.005303],[112.08068,33.006603],[112.080602,33.007363],[112.081272,33.007408],[112.080827,33.009181],[112.081664,33.009224],[112.0812,33.010958],[112.083067,33.010998],[112.083026,33.011509],[112.083056,33.012089],[112.083026,33.012489],[112.083051,33.012631],[112.072695,33.012557],[112.072679,33.013124],[112.071533,33.013097],[112.070766,33.013034],[112.071109,33.012073],[112.071088,33.011864],[112.071042,33.01157],[112.070922,33.011275],[112.070645,33.010928],[112.070511,33.010539],[112.070315,33.010119],[112.070315,33.009957],[112.070265,33.009741],[112.070125,33.009581],[112.068926,33.008913],[112.068658,33.008726],[112.068618,33.008646],[112.068411,33.008477],[112.068416,33.008333],[112.068178,33.008416],[112.067711,33.008497],[112.067456,33.008589],[112.067279,33.008726],[112.067258,33.009035],[112.067365,33.009291],[112.067668,33.009649],[112.067926,33.00986],[112.067969,33.009934],[112.06799,33.01009],[112.067762,33.010359],[112.067716,33.010506],[112.067751,33.010949],[112.06762,33.011259],[112.067451,33.011513],[112.067078,33.011963],[112.065568,33.011675],[112.065517,33.011646],[112.065555,33.01143],[112.065351,33.011374],[112.064656,33.011284],[112.064661,33.011448],[112.063575,33.011338],[112.063505,33.011421],[112.063366,33.011821],[112.063296,33.012354],[112.063162,33.01271],[112.060332,33.012363],[112.060271,33.0126],[112.059922,33.014878],[112.059101,33.014757],[112.057135,33.014291],[112.056837,33.014966],[112.056623,33.015254],[112.056143,33.015634],[112.055553,33.016221],[112.055081,33.016623],[112.054678,33.016859],[112.053176,33.016203],[112.052841,33.01609],[112.052125,33.015924],[112.051999,33.016488],[112.051771,33.016943],[112.051148,33.017786],[112.052047,33.018204],[112.052243,33.018366],[112.052704,33.018378],[112.052827,33.018288],[112.052929,33.018141],[112.054539,33.0188],[112.055016,33.018953],[112.054348,33.020253],[112.054402,33.020291],[112.054836,33.020091],[112.05503,33.020049],[112.055306,33.020114],[112.056365,33.020582],[112.056942,33.020788],[112.057199,33.020991],[112.057277,33.021299],[112.058685,33.021342],[112.058685,33.021542],[112.058098,33.023789],[112.057996,33.02395],[112.057894,33.024241],[112.057613,33.025399],[112.057559,33.025455],[112.057441,33.025857],[112.057285,33.025804],[112.057293,33.026654],[112.05761,33.026777],[112.057387,33.02899],[112.057433,33.029642],[112.057604,33.029656],[112.057578,33.030274],[112.058578,33.03029],[112.058538,33.031718],[112.063728,33.032001],[112.066748,33.032019],[112.068038,33.032109],[112.068162,33.032275],[112.068146,33.032525],[112.068105,33.03266],[112.068567,33.032604],[112.069138,33.032583],[112.069159,33.03277],[112.069025,33.033831],[112.069291,33.033822],[112.069744,33.033876],[112.069849,33.033915],[112.069741,33.034331],[112.069672,33.034439],[112.069487,33.034281],[112.069358,33.034234],[112.069149,33.03422],[112.06891,33.03425],[112.068797,33.034654],[112.06851,33.036118],[112.0685,33.036458],[112.068416,33.037081],[112.068524,33.038486],[112.068435,33.038756],[112.068213,33.039179],[112.067842,33.039383],[112.067279,33.03961],[112.066354,33.039862],[112.065351,33.040235],[112.064455,33.040743],[112.0638,33.041607],[112.06376,33.041733],[112.063602,33.041933],[112.063041,33.043095],[112.062966,33.043091],[112.062832,33.043212],[112.062687,33.043277],[112.062419,33.043338],[112.062435,33.043583],[112.062371,33.04381],[112.06236,33.044096],[112.062274,33.044271],[112.062266,33.044435],[112.062019,33.044732],[112.062725,33.044849],[112.062792,33.044986],[112.062824,33.045173],[112.062655,33.045618],[112.062467,33.045751],[112.062188,33.045663],[112.061378,33.045519],[112.061105,33.045443],[112.06103,33.04562],[112.060499,33.04553],[112.060102,33.045942],[112.060002,33.046119],[112.060888,33.046239],[112.062475,33.046524],[112.062424,33.046648],[112.062027,33.046924],[112.061904,33.047129],[112.061893,33.047313],[112.06195,33.047475],[112.062159,33.047754],[112.062239,33.048042],[112.062009,33.048959],[112.061987,33.049166],[112.062159,33.049793],[112.06207,33.050018],[112.061998,33.050387],[112.061829,33.050677],[112.061094,33.050854],[112.059852,33.050787],[112.059748,33.050816],[112.059678,33.050899],[112.059557,33.051702],[112.059251,33.051675],[112.059152,33.051693],[112.058251,33.051601],[112.057419,33.051558],[112.05757,33.050695],[112.057484,33.050614],[112.056918,33.050409],[112.056151,33.050344],[112.055874,33.050447],[112.054963,33.05089],[112.054622,33.051083],[112.054193,33.051405],[112.053954,33.051603],[112.053498,33.052084],[112.053187,33.052309],[112.052892,33.052792],[112.052693,33.053021],[112.05253,33.053599],[112.052522,33.05411],[112.052484,33.054301],[112.052361,33.054555],[112.051878,33.0566],[112.051714,33.057122],[112.051586,33.057891],[112.051637,33.058223],[112.051714,33.058318],[112.052798,33.05839],[112.053431,33.058475],[112.053372,33.059066],[112.052315,33.058943],[112.051972,33.058995],[112.051502,33.058911],[112.05143,33.059051],[112.051473,33.059516],[112.051594,33.059957],[112.05184,33.06046],[112.052178,33.060991],[112.05227,33.061209],[112.052372,33.061607],[112.052345,33.061872],[112.052259,33.062171],[112.052087,33.062528],[112.051784,33.062879],[112.051666,33.063072],[112.051154,33.063614],[112.052216,33.063837],[112.053656,33.063926],[112.054182,33.062085],[112.054783,33.062187],[112.054791,33.062268],[112.056803,33.062445],[112.056819,33.06231],[112.058624,33.062495],[112.060322,33.062724],[112.060622,33.061674],[112.060786,33.060921],[112.06085,33.060874],[112.06207,33.060964],[112.062229,33.061018],[112.062639,33.060982],[112.062577,33.061346],[112.062827,33.061344],[112.063041,33.061211],[112.063251,33.060112],[112.063578,33.058738],[112.064085,33.058799],[112.065501,33.058763],[112.065525,33.058923],[112.06549,33.059485],[112.067403,33.059617],[112.067454,33.059745],[112.068433,33.059858],[112.068634,33.058855],[112.070364,33.059024],[112.070425,33.058572],[112.073188,33.058714],[112.073126,33.057859],[112.073094,33.057688],[112.073003,33.057542],[112.074119,33.057641],[112.074264,33.057758],[112.074867,33.057828],[112.074964,33.057828],[112.075009,33.057704],[112.075017,33.057488],[112.075562,33.057581],[112.075629,33.056886],[112.075626,33.056704],[112.075562,33.056598],[112.075307,33.056627],[112.073977,33.056459],[112.074261,33.054615],[112.074438,33.054615],[112.074768,33.054681],[112.075106,33.054696],[112.076007,33.054824],[112.076235,33.054836],[112.076361,33.054795],[112.076163,33.054606],[112.076114,33.054489],[112.076031,33.054402],[112.076066,33.05406],[112.076391,33.053406],[112.076458,33.053057],[112.076299,33.052347],[112.076409,33.052176],[112.07693,33.051605],[112.077024,33.051324],[112.076814,33.051162],[112.076538,33.051101],[112.076761,33.050643],[112.076868,33.050236],[112.078201,33.050258],[112.078185,33.050355],[112.078931,33.050216],[112.079054,33.05022],[112.079143,33.050292],[112.079118,33.049669],[112.080696,33.049631],[112.081106,33.050049],[112.082034,33.051218],[112.082192,33.051295],[112.082305,33.051306],[112.082836,33.051281],[112.082927,33.052821],[112.084081,33.052792],[112.084048,33.054534],[112.086562,33.054321],[112.086559,33.057677],[112.086658,33.057677],[112.086666,33.057967],[112.087431,33.057978],[112.086521,33.058725],[112.086521,33.059114],[112.088023,33.059145],[112.088037,33.05924],[112.088386,33.059244],[112.088391,33.059316],[112.088026,33.059309],[112.088013,33.059419],[112.085647,33.05935],[112.085631,33.060388],[112.085824,33.060462],[112.087012,33.060519],[112.087307,33.060575],[112.087305,33.060899],[112.087168,33.06097],[112.08691,33.060982],[112.086991,33.062063],[112.087077,33.062297],[112.086972,33.062544],[112.086945,33.062722],[112.086151,33.062755],[112.086146,33.063041],[112.086894,33.063052],[112.086902,33.063627],[112.087557,33.063618],[112.088694,33.063677],[112.088707,33.064383],[112.086905,33.064342],[112.086857,33.065408],[112.087715,33.065457],[112.087702,33.066927],[112.08683,33.066912],[112.086806,33.067422],[112.085406,33.067397],[112.08544,33.068649],[112.0854,33.069505],[112.086843,33.069501],[112.088823,33.069598],[112.08882,33.069218],[112.091049,33.069224],[112.094284,33.069305],[112.095821,33.069305],[112.095845,33.069683],[112.098578,33.069768],[112.099957,33.069847],[112.099983,33.06922],[112.100863,33.069207],[112.102333,33.069121],[112.102363,33.069894],[112.102405,33.069894],[112.102413,33.07024],[112.103991,33.070171],[112.104063,33.07038],[112.104031,33.071137],[112.104345,33.071045],[112.10512,33.070694],[112.105782,33.070827],[112.106029,33.070562],[112.106131,33.070492],[112.106292,33.070481],[112.107343,33.070544],[112.107968,33.070614],[112.108237,33.070533],[112.108365,33.070814],[112.108625,33.070825],[112.109149,33.070719],[112.109422,33.070728],[112.11017,33.070661],[112.110275,33.070726],[112.110364,33.070957],[112.11134,33.070841],[112.111994,33.07073],[112.111914,33.070308],[112.111997,33.070265],[112.11233,33.070211],[112.113137,33.07022],[112.114296,33.070121],[112.114065,33.069589],[112.113993,33.068676],[112.116334,33.068507],[112.116511,33.067907],[112.116495,33.067696],[112.115446,33.066849],[112.114996,33.066309],[112.115479,33.066264],[112.116109,33.066253],[112.116103,33.066096],[112.115782,33.064963],[112.115339,33.064963],[112.11532,33.064942],[112.115226,33.064477],[112.115114,33.06445],[112.11506,33.064385],[112.115025,33.064113],[112.114572,33.064129],[112.114486,33.063765],[112.114561,33.063623],[112.114497,33.063043],[112.114601,33.062809],[112.114588,33.062544],[112.114473,33.062209],[112.114379,33.061582],[112.114272,33.061434],[112.114223,33.060912],[112.114033,33.060764],[112.113971,33.060002],[112.113891,33.059658],[112.112888,33.05977],[112.112866,33.059651],[112.112753,33.059419],[112.113051,33.059363],[112.11381,33.059327],[112.113759,33.059111],[112.113663,33.058979],[112.113035,33.058999],[112.112936,33.057927],[112.112989,33.057756],[112.113166,33.057709],[112.113231,33.057482],[112.113244,33.056711],[112.113006,33.05669],[112.111227,33.056724],[112.11116,33.056598],[112.111056,33.056259],[112.111163,33.056236],[112.113255,33.056214],[112.113255,33.055912],[112.111812,33.055876],[112.11179,33.054824],[112.113231,33.054824],[112.113083,33.054656],[112.11392,33.054676],[112.114084,33.054622],[112.114285,33.054687],[112.114819,33.054694],[112.11498,33.054728],[112.115261,33.054242],[112.115403,33.054094],[112.115739,33.053932],[112.116066,33.053889],[112.117619,33.053941],[112.117597,33.054651],[112.118874,33.054743],[112.118713,33.052992],[112.121039,33.052947],[112.121224,33.052905],[112.121047,33.051569],[112.121597,33.051549],[112.121658,33.051086],[112.12213,33.050823],[112.122466,33.050719],[112.122527,33.050535],[112.122479,33.05036],[112.125464,33.050373],[112.125674,33.05033],[112.126012,33.050315],[112.126004,33.048114],[112.127886,33.048168],[112.12775,33.047466],[112.127734,33.047073],[112.130641,33.047093],[112.130638,33.046951],[112.133508,33.046967],[112.133471,33.047909],[112.1335,33.048341],[112.133468,33.04978],[112.134817,33.049867],[112.134825,33.050656],[112.136421,33.05074],[112.13633,33.051992],[112.140235,33.052237],[112.140064,33.05074],[112.139967,33.050263],[112.139946,33.049775],[112.139983,33.049539],[112.139916,33.049546],[112.139924,33.049364],[112.139975,33.049359],[112.140163,33.048091],[112.140273,33.047945],[112.142553,33.047972],[112.142743,33.046738],[112.14285,33.045699],[112.143711,33.045787],[112.143524,33.047558],[112.143534,33.047934],[112.150235,33.048431],[112.150546,33.046906],[112.152936,33.047201],[112.153263,33.047217],[112.153196,33.047333],[112.152976,33.048431],[112.152973,33.048644],[112.154891,33.048802],[112.155127,33.048847],[112.155248,33.048318],[112.157871,33.048766],[112.158166,33.047794],[112.158161,33.047686],[112.15937,33.04808],[112.159459,33.047958],[112.159638,33.047457],[112.159665,33.047255],[112.160473,33.047378],[112.160658,33.047491],[112.160738,33.047635],[112.161701,33.047637],[112.161803,33.047178],[112.16179,33.046935],[112.161991,33.046861],[112.162543,33.046841],[112.162476,33.046351],[112.162337,33.04611],[112.162302,33.045753],[112.162296,33.045485],[112.162417,33.044899],[112.160674,33.044845],[112.16084,33.042967],[112.160859,33.042084],[112.160918,33.041861],[112.159437,33.041825],[112.159494,33.041411],[112.159579,33.041294],[112.15885,33.041247],[112.158641,33.041261],[112.158539,33.041227],[112.158603,33.040658],[112.158675,33.040375],[112.159201,33.040393],[112.159252,33.040062],[112.159223,33.040019],[112.15893,33.040008],[112.158893,33.039972],[112.158906,33.039615],[112.156428,33.03977],[112.156406,33.039948],[112.156208,33.040618],[112.156192,33.040851],[112.155693,33.040836],[112.154945,33.040883],[112.154894,33.039824],[112.154159,33.039819],[112.1541,33.040053],[112.154102,33.040797],[112.154078,33.041007],[112.154051,33.041029],[112.153585,33.041058],[112.153276,33.04113],[112.152217,33.041213],[112.150505,33.041126],[112.148365,33.041105],[112.148389,33.040334],[112.148362,33.040197],[112.148285,33.040172],[112.141745,33.040699],[112.141826,33.039781],[112.141901,33.039367],[112.141842,33.038893],[112.140512,33.038857],[112.140217,33.03881],[112.14008,33.038828],[112.139331,33.038783],[112.139433,33.038272],[112.13961,33.036944],[112.139659,33.036854],[112.139452,33.036838],[112.138505,33.036644],[112.138618,33.036298],[112.138859,33.035079],[112.139235,33.03516],[112.139621,33.033469],[112.139691,33.03331],[112.139911,33.033332],[112.139897,33.033458],[112.139785,33.03389],[112.13979,33.033978],[112.139664,33.034319],[112.139616,33.034661],[112.13946,33.035217],[112.139669,33.035271],[112.139753,33.034789],[112.139806,33.034711],[112.139892,33.034207],[112.140109,33.033393],[112.140297,33.033397],[112.140179,33.033822],[112.14019,33.033928],[112.139943,33.035336],[112.14064,33.035491],[112.140841,33.03342],[112.141979,33.033528],[112.141499,33.035689],[112.142,33.035806],[112.142148,33.035259],[112.14214,33.035127],[112.142526,33.033627],[112.142529,33.03353],[112.143148,33.033582],[112.143459,33.032383],[112.144385,33.032473],[112.144243,33.033285],[112.14491,33.033341],[112.144929,33.031992],[112.145114,33.031369],[112.146482,33.031515],[112.146512,33.031493],[112.146565,33.031275],[112.146643,33.031279],[112.146665,33.03109],[112.147182,33.031142],[112.148019,33.031171],[112.149999,33.03161],[112.150184,33.03159],[112.150194,33.031241],[112.150275,33.03112],[112.149197,33.030919],[112.149301,33.030105],[112.149505,33.029091],[112.148598,33.028961],[112.148491,33.028909],[112.148472,33.02883],[112.148778,33.027256],[112.148692,33.027191],[112.147252,33.026863],[112.147284,33.026822],[112.147389,33.026348],[112.147472,33.026181],[112.147762,33.026087],[112.147858,33.026024],[112.147995,33.025572],[112.147909,33.025599],[112.14766,33.025565],[112.14729,33.025462],[112.147265,33.025345],[112.147314,33.025275],[112.147534,33.02418],[112.14686,33.024038],[112.146874,33.023926],[112.14697,33.02382],[112.14803,33.023444],[112.147678,33.023359],[112.147633,33.023285],[112.147255,33.023206],[112.147083,33.023181],[112.146893,33.023204],[112.146187,33.023125],[112.144291,33.022819],[112.14435,33.022475],[112.144275,33.022399],[112.14009,33.021917],[112.140074,33.021708],[112.139924,33.021654],[112.135753,33.021285],[112.135673,33.021288],[112.135614,33.021605],[112.134133,33.021456],[112.134136,33.0212],[112.131561,33.021056],[112.131239,33.020919],[112.131151,33.020926],[112.130955,33.02086],[112.130204,33.020824],[112.129732,33.02084],[112.129678,33.019579],[112.129415,33.019632],[112.127489,33.019603],[112.127355,33.01916],[112.127205,33.019084],[112.127125,33.019003],[112.127138,33.018821],[112.127098,33.018557],[112.127098,33.017269],[112.126229,33.017118],[112.125741,33.016985],[112.125781,33.016787],[112.125802,33.016272],[112.12595,33.015622],[112.126004,33.015247],[112.126009,33.014961],[112.126178,33.01479],[112.126097,33.013805],[112.126124,33.013729],[112.126835,33.013774],[112.12669,33.011992],[112.127186,33.012033],[112.127256,33.010193],[112.127119,33.010247],[112.126779,33.010215],[112.1265,33.008153],[112.125435,33.008189],[112.12544,33.007055],[112.124678,33.007066],[112.124547,33.007096],[112.124365,33.007078],[112.123691,33.006657],[112.123592,33.00654],[112.123388,33.006504],[112.122543,33.006506],[112.12176,33.006443],[112.120733,33.006423],[112.12083,33.005586],[112.120993,33.004707],[112.118257,33.004905],[112.114926,33.005065],[112.11509,33.00306],[112.111439,33.003299],[112.111396,33.003598],[112.111428,33.005146],[112.110814,33.005166],[112.110696,33.004448],[112.110203,33.004491],[112.108017,33.004527],[112.10586,33.004617],[112.105742,33.004052],[112.100584,33.004172],[112.100509,33.003821],[112.100418,33.002847],[112.100313,33.002584],[112.100128,33.002433],[112.100077,33.002293],[112.099919,33.002059],[112.099686,33.001888],[112.099635,33.001686],[112.099407,33.001344],[112.099366,33.001124],[112.099318,33.001034],[112.099181,33.001031],[112.099189,33.000314],[112.09923,33.000071],[112.099128,33.000042],[112.098425,32.999531],[112.098412,32.99932],[112.097886,32.998935],[112.097822,32.998827]]]}},{"type":"Feature","properties":{"regionCode":"411324103","sourceCode":"411324103000","name":"贾宋镇","sourceName":"贾宋镇","parentCode":"411324","parentName":"镇平县","regionLevel":"township","regionType":"town","isManagementZone":false,"source":"ruiduobao","sourceVersion":"mixed-legacy~2018-2020","geometryRepaired":false,"match2020":true,"match2023":true},"geometry":{"type":"Polygon","coordinates":[[[112.112759,32.906159],[112.112912,32.90474],[112.112257,32.904988],[112.112246,32.904914],[112.112348,32.904418],[112.112343,32.90429],[112.112195,32.904242],[112.11123,32.904105],[112.111461,32.902984],[112.111321,32.902952],[112.110551,32.902907],[112.110573,32.903038],[112.11038,32.903884],[112.110393,32.90404],[112.11024,32.903979],[112.10891,32.903826],[112.108733,32.904594],[112.106842,32.904229],[112.105616,32.904051],[112.10546,32.904497],[112.105074,32.90628],[112.103913,32.906067],[112.103457,32.905952],[112.103481,32.905801],[112.103156,32.905729],[112.102829,32.905598],[112.101555,32.905409],[112.101375,32.905413],[112.101381,32.905515],[112.101139,32.906704],[112.100303,32.906566],[112.100026,32.908496],[112.098377,32.908422],[112.09622,32.908379],[112.09618,32.90862],[112.095888,32.909471],[112.09588,32.909602],[112.095963,32.910048],[112.095963,32.910653],[112.095853,32.911187],[112.09272,32.911124],[112.09239,32.912703],[112.090606,32.912486],[112.090293,32.913601],[112.090226,32.913675],[112.087538,32.913437],[112.086996,32.913434],[112.08661,32.913376],[112.086529,32.913815],[112.086441,32.914085],[112.086218,32.91526],[112.0833,32.914882],[112.083163,32.915589],[112.083013,32.915551],[112.081229,32.915369],[112.081326,32.914403],[112.080671,32.91438],[112.080468,32.915877],[112.080444,32.916409],[112.079574,32.916348],[112.079819,32.914292],[112.079518,32.914297],[112.079403,32.915123],[112.07922,32.915173],[112.079129,32.916154],[112.079017,32.916298],[112.0777,32.916188],[112.077678,32.915675],[112.077702,32.914995],[112.076557,32.914851],[112.076238,32.914862],[112.076334,32.916848],[112.07627,32.91687],[112.076246,32.917111],[112.075613,32.917109],[112.075648,32.91739],[112.075648,32.918973],[112.074143,32.918958],[112.074164,32.918705],[112.072896,32.918899],[112.071842,32.918895],[112.071791,32.918392],[112.069817,32.918543],[112.068679,32.918595],[112.068685,32.91887],[112.068569,32.918987],[112.068237,32.918991],[112.066102,32.919194],[112.063457,32.919304],[112.063505,32.919532],[112.063111,32.919559],[112.063041,32.919525],[112.062505,32.919584],[112.062497,32.91943],[112.062432,32.919358],[112.061486,32.919608],[112.059799,32.919966],[112.057706,32.920527],[112.057336,32.920597],[112.057452,32.921038],[112.057685,32.921333],[112.057908,32.921506],[112.058291,32.921664],[112.058465,32.921704],[112.058691,32.921668],[112.058916,32.92168],[112.059168,32.921727],[112.05949,32.921842],[112.059579,32.923965],[112.058138,32.924005],[112.058154,32.924379],[112.058122,32.924555],[112.057937,32.924589],[112.056891,32.924647],[112.055488,32.924645],[112.055402,32.924796],[112.055389,32.925181],[112.055287,32.925829],[112.053101,32.925604],[112.052736,32.92559],[112.052519,32.92727],[112.052447,32.927446],[112.049917,32.927119],[112.046693,32.926781],[112.046766,32.926178],[112.045889,32.926099],[112.045642,32.927747],[112.045296,32.927722],[112.04506,32.928607],[112.045156,32.928918],[112.045781,32.92897],[112.045835,32.929024],[112.045797,32.929733],[112.047257,32.929812],[112.047023,32.93191],[112.04753,32.931896],[112.047522,32.932342],[112.046833,32.932254],[112.046548,32.932261],[112.047222,32.933576],[112.047224,32.933943],[112.047316,32.934116],[112.047417,32.934177],[112.047372,32.93433],[112.04713,32.934559],[112.047147,32.934681],[112.0472,32.934749],[112.047417,32.934832],[112.047544,32.935023],[112.047546,32.93507],[112.044054,32.934726],[112.044019,32.934942],[112.04363,32.934897],[112.043587,32.934978],[112.039151,32.934341],[112.039454,32.932729],[112.039006,32.932659],[112.036664,32.932171],[112.036573,32.93213],[112.036627,32.931842],[112.03689,32.931518],[112.037094,32.931187],[112.037196,32.930854],[112.037509,32.93028],[112.037534,32.930039],[112.037504,32.929965],[112.037204,32.92962],[112.036871,32.929431],[112.036683,32.92937],[112.036439,32.929361],[112.035814,32.929469],[112.035637,32.929463],[112.035436,32.929388],[112.035329,32.92928],[112.035267,32.929127],[112.03524,32.928884],[112.035385,32.928612],[112.035624,32.928418],[112.036238,32.928056],[112.036383,32.927837],[112.036455,32.927587],[112.036509,32.927166],[112.034465,32.926973],[112.034511,32.926874],[112.034513,32.926761],[112.030782,32.926423],[112.030828,32.926387],[112.03115,32.92492],[112.028795,32.924897],[112.025085,32.924602],[112.025163,32.923789],[112.024165,32.923751],[112.022122,32.923573],[112.022095,32.923868],[112.020692,32.923704],[112.019847,32.923661],[112.019348,32.924012],[112.019211,32.924233],[112.019195,32.924883],[112.019265,32.92507],[112.019348,32.925145],[112.019359,32.925212],[112.018916,32.927488],[112.018611,32.929258],[112.018506,32.929298],[112.0179,32.929361],[112.017771,32.929118],[112.017299,32.928729],[112.017232,32.928715],[112.01684,32.930284],[112.016564,32.931669],[112.016017,32.931601],[112.014767,32.93152],[112.014469,32.931703],[112.013992,32.931363],[112.013783,32.931102],[112.013659,32.930723],[112.013573,32.930699],[112.013348,32.930773],[112.013233,32.930665],[112.013101,32.930606],[112.012935,32.930627],[112.012959,32.930865],[112.012841,32.931809],[112.012846,32.932101],[112.012272,32.932083],[112.010733,32.931849],[112.010572,32.932806],[112.009376,32.932585],[112.009191,32.933486],[112.008043,32.933348],[112.007957,32.933519],[112.00752,32.935179],[112.008303,32.935271],[112.008555,32.935329],[112.007233,32.937272],[112.010762,32.937828],[112.010652,32.938123],[112.010529,32.938814],[112.010422,32.939017],[112.010395,32.939226],[112.010443,32.93924],[112.011025,32.939314],[112.011226,32.939296],[112.011556,32.939199],[112.012369,32.939138],[112.013335,32.939215],[112.014397,32.939226],[112.015129,32.939285],[112.015515,32.939548],[112.015038,32.941],[112.014681,32.942233],[112.014796,32.94222],[112.015437,32.94192],[112.015684,32.941918],[112.015724,32.942022],[112.01584,32.942125],[112.016602,32.942355],[112.01698,32.942425],[112.017602,32.94263],[112.018133,32.94269],[112.018482,32.942821],[112.018981,32.942915],[112.019337,32.943039],[112.0211,32.943415],[112.021271,32.943476],[112.021194,32.94375],[112.022387,32.944061],[112.022395,32.944174],[112.022256,32.944581],[112.021816,32.946602],[112.021733,32.946911],[112.021641,32.947017],[112.023755,32.947597],[112.024334,32.947624],[112.024619,32.947885],[112.024753,32.947955],[112.02464,32.948133],[112.024359,32.94841],[112.024088,32.948828],[112.023959,32.94913],[112.024619,32.949261],[112.025343,32.949663],[112.025603,32.949753],[112.026182,32.949756],[112.026502,32.950204],[112.026606,32.95076],[112.026652,32.951601],[112.028151,32.952078],[112.03104,32.952871],[112.031252,32.952466],[112.033159,32.95281],[112.033508,32.951471],[112.035798,32.951874],[112.03579,32.951907],[112.036351,32.951986],[112.03733,32.952191],[112.037405,32.952283],[112.037399,32.952488],[112.037166,32.953859],[112.036866,32.954478],[112.038816,32.954719],[112.038751,32.955004],[112.039829,32.955126],[112.040082,32.955193],[112.039926,32.955911],[112.03962,32.957057],[112.040664,32.9573],[112.040615,32.957712],[112.040395,32.958515],[112.041492,32.9587],[112.041332,32.959078],[112.04101,32.960118],[112.040795,32.961236],[112.0426,32.961556],[112.045121,32.962071],[112.04646,32.962226],[112.046377,32.962746],[112.048426,32.962773],[112.048455,32.963491],[112.048531,32.964072],[112.049579,32.963903],[112.049692,32.964758],[112.049842,32.966394],[112.050352,32.966246],[112.053313,32.965802],[112.05474,32.965521],[112.055351,32.965442],[112.055185,32.96382],[112.055475,32.963788],[112.055247,32.962105],[112.057414,32.961839],[112.057065,32.960588],[112.059391,32.960079],[112.059493,32.960021],[112.059552,32.960435],[112.059447,32.961164],[112.059563,32.962114],[112.060772,32.96197],[112.060858,32.962764],[112.061043,32.962717],[112.061097,32.962845],[112.061145,32.963325],[112.060257,32.963511],[112.060619,32.963815],[112.060906,32.964232],[112.061038,32.964646],[112.061349,32.965271],[112.061708,32.966477],[112.062151,32.9674],[112.062848,32.967378],[112.063041,32.967418],[112.063669,32.967405],[112.064962,32.967305],[112.064991,32.967474],[112.064825,32.967499],[112.062915,32.967632],[112.06229,32.967643],[112.062631,32.968336],[112.062749,32.968473],[112.062939,32.968545],[112.063055,32.968647],[112.063728,32.969311],[112.063849,32.969504],[112.063945,32.969797],[112.064334,32.970571],[112.064399,32.970881],[112.064404,32.97109],[112.06434,32.971423],[112.064318,32.971838],[112.064074,32.971808],[112.063728,32.971871],[112.062843,32.971919],[112.06063,32.971952],[112.060335,32.971912],[112.060238,32.971842],[112.060316,32.970188],[112.057983,32.970231],[112.057921,32.970703],[112.056628,32.970663],[112.055746,32.970679],[112.055743,32.971736],[112.054367,32.971689],[112.054351,32.972009],[112.05117,32.971952],[112.051073,32.97429],[112.051757,32.974409],[112.051704,32.975582],[112.05099,32.975514],[112.050676,32.977186],[112.052213,32.977254],[112.05375,32.977456],[112.053629,32.977611],[112.053611,32.97978],[112.054753,32.9799],[112.056145,32.979954],[112.05617,32.979645],[112.058841,32.979774],[112.059388,32.978255],[112.060332,32.978489],[112.062041,32.978761],[112.062129,32.9803],[112.0621,32.981027],[112.063041,32.981178],[112.063977,32.980921],[112.063969,32.98102],[112.064087,32.981373],[112.064256,32.981531],[112.064594,32.981643],[112.064871,32.981634],[112.065058,32.981684],[112.065343,32.981792],[112.06564,32.981967],[112.066249,32.98248],[112.066748,32.983151],[112.066686,32.983752],[112.066708,32.983887],[112.066861,32.984283],[112.066901,32.984742],[112.066727,32.985356],[112.066145,32.986222],[112.066011,32.98664],[112.066013,32.986904],[112.066056,32.98707],[112.066129,32.98718],[112.06674,32.987619],[112.067448,32.988245],[112.068052,32.988969],[112.068167,32.989212],[112.067958,32.989158],[112.066129,32.989219],[112.06604,32.989538],[112.06582,32.989754],[112.065576,32.989932],[112.065557,32.990236],[112.065597,32.990416],[112.06582,32.990798],[112.066129,32.990798],[112.06696,32.990892],[112.066912,32.991016],[112.066912,32.99127],[112.067054,32.991549],[112.06715,32.991664],[112.067448,32.991952],[112.067952,32.992285],[112.06825,32.992425],[112.068328,32.992591],[112.068352,32.993075],[112.068387,32.993212],[112.06873,32.993912],[112.067215,32.993801],[112.067049,32.993817],[112.067038,32.994051],[112.066912,32.99426],[112.066799,32.994798],[112.066464,32.996035],[112.069146,32.99635],[112.069202,32.996537],[112.069159,32.996546],[112.069178,32.996773],[112.0688,32.996805],[112.068741,32.99694],[112.068543,32.997716],[112.068478,32.998154],[112.068653,32.998762],[112.06883,32.999205],[112.068567,32.999344],[112.068408,32.999468],[112.068293,32.999637],[112.067966,32.999862],[112.067837,33.000066],[112.0678,33.000181],[112.067668,33.000267],[112.06755,33.000444],[112.067346,33.001412],[112.06736,33.001956],[112.067566,33.002426],[112.067923,33.002651],[112.068052,33.002826],[112.0681,33.003004],[112.068108,33.003254],[112.068188,33.003429],[112.068486,33.003913],[112.068553,33.003942],[112.068827,33.004255],[112.069033,33.00463],[112.069607,33.004664],[112.069543,33.005634],[112.069562,33.005978],[112.069532,33.006387],[112.069554,33.006441],[112.069513,33.006738],[112.069519,33.007231],[112.06851,33.007118],[112.068438,33.007303],[112.068419,33.007492],[112.068454,33.007955],[112.068411,33.008477],[112.068618,33.008646],[112.068658,33.008726],[112.068926,33.008913],[112.070125,33.009581],[112.070265,33.009741],[112.070315,33.009957],[112.070315,33.010119],[112.070511,33.010539],[112.070645,33.010928],[112.070922,33.011275],[112.071042,33.01157],[112.071088,33.011864],[112.071109,33.012073],[112.070766,33.013034],[112.071319,33.013088],[112.072679,33.013124],[112.072695,33.012557],[112.083051,33.012631],[112.083026,33.012489],[112.083056,33.012089],[112.083026,33.011509],[112.083067,33.010998],[112.0812,33.010958],[112.081664,33.009224],[112.080827,33.009181],[112.081272,33.007408],[112.080602,33.007363],[112.08068,33.006603],[112.080886,33.005303],[112.079486,33.005229],[112.080119,33.003351],[112.080146,33.003202],[112.080626,33.002566],[112.081919,33.002988],[112.083099,33.002329],[112.083855,33.002413],[112.084081,33.001843],[112.084212,33.001416],[112.085843,33.001524],[112.085891,33.001405],[112.085851,33.001009],[112.086487,33.001121],[112.086623,33.000296],[112.086653,32.999891],[112.087431,32.999952],[112.087476,32.999722],[112.089593,32.99992],[112.089649,32.999745],[112.089668,32.999524],[112.089888,32.998883],[112.08992,32.998651],[112.089901,32.998494],[112.09217,32.998663],[112.092294,32.99855],[112.094426,32.998557],[112.094423,32.998503],[112.094758,32.998552],[112.094729,32.999533],[112.096792,32.999621],[112.096746,32.999407],[112.096816,32.998964],[112.096915,32.998737],[112.097119,32.99866],[112.097323,32.998465],[112.09725,32.998186],[112.09754,32.998465],[112.097886,32.998935],[112.098267,32.999191],[112.099173,32.999158],[112.099096,32.998085],[112.099206,32.998022],[112.099214,32.997794],[112.099058,32.997792],[112.099015,32.997398],[112.099079,32.99685],[112.099063,32.996172],[112.099699,32.99622],[112.099742,32.996008],[112.099782,32.995342],[112.09975,32.994699],[112.101316,32.994712],[112.101314,32.994496],[112.101357,32.994321],[112.101394,32.993862],[112.10137,32.993687],[112.102336,32.993747],[112.102349,32.993282],[112.102451,32.992699],[112.102218,32.992654],[112.101485,32.992602],[112.101563,32.991891],[112.100026,32.991639],[112.100174,32.990935],[112.100305,32.989858],[112.100313,32.989207],[112.100383,32.988472],[112.100337,32.98766],[112.100107,32.987617],[112.099281,32.987801],[112.099246,32.987043],[112.099104,32.987005],[112.098865,32.986998],[112.098945,32.986127],[112.099179,32.986107],[112.099479,32.986141],[112.099369,32.98552],[112.099452,32.985041],[112.099428,32.984978],[112.100227,32.985025],[112.100372,32.98399],[112.10221,32.984067],[112.102073,32.982613],[112.101746,32.981803],[112.101601,32.981533],[112.104288,32.981493],[112.104377,32.980401],[112.104911,32.980388],[112.104994,32.980401],[112.105004,32.980554],[112.104924,32.981517],[112.105589,32.981711],[112.105675,32.981495],[112.105721,32.981128],[112.105793,32.980896],[112.10589,32.980041],[112.105643,32.980271],[112.1053,32.980359],[112.105182,32.980327],[112.105238,32.978457],[112.104731,32.978424],[112.104841,32.97735],[112.106016,32.977492],[112.106069,32.977308],[112.10637,32.975465],[112.10638,32.975154],[112.108054,32.975188],[112.108078,32.974992],[112.109749,32.975071],[112.109741,32.974731],[112.109827,32.973687],[112.109862,32.973644],[112.109897,32.973311],[112.110036,32.973266],[112.110237,32.973262],[112.110267,32.972369],[112.110428,32.970919],[112.111018,32.970915],[112.111176,32.96882],[112.111176,32.968795],[112.111115,32.968793],[112.111297,32.967463],[112.111359,32.967247],[112.111514,32.965886],[112.112375,32.965503],[112.112541,32.965485],[112.112547,32.965377],[112.114765,32.965458],[112.1148,32.964616],[112.115712,32.964661],[112.115905,32.964722],[112.116002,32.964713],[112.116093,32.964646],[112.116079,32.964006],[112.115977,32.96386],[112.115597,32.96357],[112.115551,32.963424],[112.115626,32.963293],[112.115645,32.963088],[112.117573,32.963102],[112.117678,32.960883],[112.118198,32.960905],[112.118131,32.960671],[112.118118,32.960466],[112.119446,32.960426],[112.119341,32.959398],[112.119783,32.959377],[112.120245,32.959283],[112.120183,32.958513],[112.120124,32.958437],[112.120116,32.957912],[112.119258,32.957921],[112.11926,32.95595],[112.118432,32.955945],[112.11845,32.955076],[112.117316,32.954989],[112.117313,32.955353],[112.116828,32.955299],[112.116195,32.955178],[112.116369,32.954784],[112.116503,32.954331],[112.116334,32.954356],[112.11583,32.954329],[112.115996,32.953528],[112.115495,32.953447],[112.11531,32.954271],[112.114465,32.954219],[112.11432,32.954174],[112.114521,32.953328],[112.112861,32.952918],[112.111155,32.952632],[112.111686,32.949936],[112.108363,32.949733],[112.108591,32.948554],[112.107727,32.948464],[112.107368,32.948308],[112.107156,32.948176],[112.107164,32.946931],[112.107266,32.946499],[112.107349,32.945443],[112.106131,32.945385],[112.105914,32.946006],[112.104181,32.945909],[112.104229,32.945704],[112.104251,32.945265],[112.104066,32.945252],[112.104156,32.944276],[112.104318,32.943026],[112.102593,32.942936],[112.102797,32.941333],[112.102502,32.941342],[112.102215,32.941304],[112.100745,32.941236],[112.100836,32.940781],[112.10041,32.940766],[112.098986,32.940601],[112.099023,32.940034],[112.099297,32.938868],[112.098159,32.938762],[112.098189,32.938371],[112.095515,32.938141],[112.095544,32.937932],[112.095665,32.937592],[112.093849,32.93743],[112.094056,32.934931],[112.094133,32.934935],[112.094359,32.932966],[112.094989,32.933026],[112.095185,32.931538],[112.096488,32.931655],[112.096475,32.931493],[112.096687,32.93001],[112.097288,32.930073],[112.097213,32.929715],[112.097229,32.929582],[112.096344,32.929526],[112.096475,32.928456],[112.096808,32.928499],[112.096869,32.928346],[112.096893,32.928141],[112.097349,32.928098],[112.097347,32.927932],[112.097505,32.927304],[112.097867,32.927328],[112.098414,32.927423],[112.099892,32.927601],[112.100077,32.927659],[112.099766,32.929055],[112.100311,32.929091],[112.101515,32.929066],[112.101748,32.927632],[112.102287,32.92768],[112.10243,32.926811],[112.102703,32.925766],[112.104508,32.925897],[112.105157,32.923339],[112.106206,32.923701],[112.106603,32.922134],[112.106662,32.921646],[112.108006,32.921864],[112.10847,32.919989],[112.111348,32.920435],[112.111718,32.920432],[112.112826,32.920218],[112.113008,32.920133],[112.113193,32.920095],[112.114365,32.920124],[112.114344,32.918989],[112.114438,32.918528],[112.114339,32.917902],[112.114462,32.917161],[112.114491,32.916524],[112.114424,32.916028],[112.114856,32.916049],[112.114931,32.914963],[112.114915,32.914869],[112.114846,32.914824],[112.114757,32.914826],[112.114996,32.913964],[112.114974,32.913846],[112.115162,32.913765],[112.115387,32.913729],[112.115479,32.91366],[112.115768,32.913283],[112.115937,32.912905],[112.116812,32.912772],[112.116428,32.910244],[112.116431,32.910088],[112.116246,32.91016],[112.11561,32.91059],[112.115312,32.91084],[112.115213,32.910088],[112.115065,32.909496],[112.115114,32.908762],[112.114792,32.908728],[112.114776,32.908514],[112.114819,32.908181],[112.114668,32.908138],[112.114154,32.908089],[112.113113,32.908064],[112.113129,32.907001],[112.113166,32.906866],[112.113193,32.906443],[112.112971,32.906411],[112.112761,32.906445],[112.112759,32.906159]]]}},{"type":"Feature","properties":{"regionCode":"411324104","sourceCode":"411324104000","name":"侯集镇","sourceName":"侯集镇","parentCode":"411324","parentName":"镇平县","regionLevel":"township","regionType":"town","isManagementZone":false,"source":"ruiduobao","sourceVersion":"mixed-legacy~2018-2020","geometryRepaired":false,"match2020":true,"match2023":true},"geometry":{"type":"Polygon","coordinates":[[[112.265781,32.878551],[112.265476,32.878342],[112.264934,32.8781],[112.264574,32.877997],[112.261849,32.877513],[112.261501,32.877287],[112.259698,32.875222],[112.259113,32.874947],[112.258749,32.874947],[112.25814,32.874825],[112.257279,32.874456],[112.256874,32.874447],[112.256187,32.874562],[112.25435,32.874255],[112.25417,32.87464],[112.253494,32.874652],[112.252714,32.87455],[112.251367,32.874248],[112.249774,32.874098],[112.249763,32.874143],[112.249871,32.874228],[112.249755,32.875066],[112.249361,32.877141],[112.25008,32.877242],[112.249889,32.879378],[112.248618,32.879321],[112.24824,32.880481],[112.247988,32.881427],[112.248009,32.881684],[112.247937,32.882407],[112.247875,32.882797],[112.247615,32.883898],[112.245818,32.883786],[112.245692,32.883619],[112.244155,32.883419],[112.243664,32.884995],[112.241607,32.883202],[112.240558,32.882173],[112.240338,32.883108],[112.235797,32.882317],[112.235797,32.882342],[112.235706,32.882328],[112.233544,32.881957],[112.233115,32.883993],[112.233702,32.884018],[112.233729,32.884097],[112.233477,32.885439],[112.229403,32.885275],[112.229269,32.885723],[112.229309,32.885768],[112.229488,32.88582],[112.229282,32.886682],[112.229142,32.887376],[112.229134,32.887545],[112.225747,32.887439],[112.22576,32.887691],[112.225658,32.888626],[112.224325,32.888563],[112.224191,32.889989],[112.223352,32.889926],[112.223311,32.890101],[112.223217,32.891845],[112.222936,32.891833],[112.222896,32.892009],[112.221332,32.891937],[112.221257,32.892973],[112.221182,32.893291],[112.218419,32.892892],[112.218368,32.892982],[112.218325,32.892984],[112.21766,32.89289],[112.217561,32.894167],[112.217577,32.894284],[112.217818,32.894284],[112.217834,32.894313],[112.217681,32.895043],[112.217647,32.895507],[112.218746,32.895671],[112.219331,32.895716],[112.21913,32.897266],[112.219132,32.897444],[112.218398,32.897392],[112.218384,32.897151],[112.218462,32.896793],[112.216922,32.896613],[112.216871,32.897065],[112.216885,32.897189],[112.216775,32.897214],[112.214798,32.896995],[112.21468,32.897664],[112.213326,32.897676],[112.213296,32.897775],[112.21328,32.898759],[112.21247,32.898732],[112.212344,32.900101],[112.211011,32.900148],[112.210767,32.900187],[112.210807,32.900403],[112.210855,32.901434],[112.208629,32.901353],[112.208589,32.901686],[112.207604,32.901671],[112.207516,32.901628],[112.207481,32.901572],[112.207489,32.90131],[112.206285,32.901279],[112.206199,32.902846],[112.204142,32.902794],[112.204045,32.902335],[112.203903,32.902346],[112.203766,32.901988],[112.203141,32.898867],[112.201891,32.898962],[112.2015,32.899027],[112.200767,32.899065],[112.200534,32.899119],[112.200518,32.899556],[112.199327,32.899585],[112.197069,32.899437],[112.196905,32.898642],[112.19683,32.898687],[112.196398,32.898748],[112.194985,32.89882],[112.194901,32.897624],[112.193147,32.897795],[112.192404,32.897802],[112.192388,32.897653],[112.192455,32.897336],[112.192208,32.895511],[112.190803,32.895583],[112.189328,32.895592],[112.189336,32.895252],[112.188561,32.895234],[112.18781,32.895169],[112.187279,32.895182],[112.187249,32.894755],[112.186841,32.894768],[112.186334,32.894721],[112.18557,32.894716],[112.185439,32.894685],[112.18435,32.894219],[112.184422,32.895509],[112.184073,32.89546],[112.183368,32.895432],[112.183336,32.896124],[112.181616,32.896214],[112.180643,32.896223],[112.180659,32.897108],[112.181018,32.897133],[112.180957,32.898689],[112.180458,32.898635],[112.17895,32.89868],[112.176818,32.898669],[112.176864,32.90111],[112.176172,32.901074],[112.176056,32.902403],[112.177703,32.902504],[112.177478,32.903826],[112.176998,32.906109],[112.176901,32.906884],[112.176831,32.907204],[112.176834,32.907445],[112.177062,32.907607],[112.177143,32.907936],[112.177287,32.908217],[112.177057,32.90814],[112.175576,32.907877],[112.175442,32.909365],[112.174412,32.909129],[112.174034,32.909077],[112.171998,32.908465],[112.171397,32.908357],[112.170955,32.909669],[112.170399,32.909566],[112.169774,32.911451],[112.169656,32.911707],[112.169182,32.91159],[112.168919,32.912331],[112.168825,32.912831],[112.16846,32.913734],[112.168302,32.913889],[112.168382,32.914029],[112.168707,32.914096],[112.168994,32.914245],[112.169155,32.914288],[112.16942,32.914285],[112.169689,32.914324],[112.169986,32.914412],[112.170255,32.914855],[112.17078,32.915049],[112.170979,32.915049],[112.171035,32.915103],[112.171236,32.915177],[112.172057,32.915398],[112.172998,32.915711],[112.173784,32.915931],[112.173918,32.915893],[112.173618,32.916735],[112.173637,32.916933],[112.17353,32.91721],[112.17339,32.917875],[112.173975,32.917971],[112.173446,32.919788],[112.174216,32.919955],[112.176472,32.920705],[112.176102,32.92211],[112.178856,32.922715],[112.178934,32.922871],[112.179283,32.922918],[112.179492,32.922859],[112.179173,32.924039],[112.180275,32.92426],[112.180203,32.924613],[112.179945,32.926561],[112.179361,32.926455],[112.179358,32.92666],[112.181241,32.927117],[112.181244,32.927464],[112.180278,32.927214],[112.180187,32.927369],[112.179326,32.927142],[112.179278,32.927385],[112.181193,32.927876],[112.181107,32.928733],[112.176689,32.927916],[112.176287,32.92926],[112.176096,32.929287],[112.175995,32.929942],[112.175697,32.931394],[112.175673,32.931435],[112.175421,32.931496],[112.175378,32.931671],[112.175241,32.932295],[112.175262,32.932326],[112.175547,32.932371],[112.17527,32.933846],[112.175109,32.934514],[112.174224,32.934487],[112.174155,32.934654],[112.174069,32.935215],[112.173921,32.935811],[112.173854,32.935892],[112.173747,32.935915],[112.173503,32.935836],[112.173033,32.935804],[112.172929,32.936387],[112.172832,32.937616],[112.173371,32.937824],[112.175109,32.93865],[112.175096,32.938812],[112.172505,32.93851],[112.172395,32.93964],[112.172422,32.939741],[112.170222,32.939649],[112.170225,32.93994],[112.169469,32.93996],[112.169345,32.940261],[112.169273,32.941234],[112.169219,32.941482],[112.166811,32.941427],[112.166333,32.941385],[112.166357,32.941621],[112.166929,32.941659],[112.16687,32.942785],[112.167299,32.942796],[112.167216,32.944345],[112.166719,32.944329],[112.166757,32.94281],[112.166186,32.942794],[112.166153,32.944327],[112.166001,32.944324],[112.166094,32.944523],[112.169469,32.944669],[112.169316,32.945601],[112.168283,32.945508],[112.1682,32.945754],[112.167897,32.947237],[112.167894,32.947428],[112.168342,32.947532],[112.168165,32.948725],[112.167594,32.948675],[112.167454,32.949605],[112.166671,32.949546],[112.166658,32.949661],[112.166872,32.949726],[112.166921,32.94983],[112.166832,32.949974],[112.166835,32.950251],[112.166746,32.951349],[112.16684,32.951471],[112.166797,32.951739],[112.166725,32.951928],[112.1678,32.952038],[112.16879,32.952193],[112.169085,32.952191],[112.169399,32.952259],[112.170751,32.952367],[112.170906,32.952353],[112.17103,32.952256],[112.173106,32.952533],[112.173213,32.951946],[112.17575,32.952553],[112.176078,32.952574],[112.17755,32.952988],[112.177805,32.953044],[112.177958,32.953035],[112.178588,32.953211],[112.180291,32.953593],[112.180106,32.95428],[112.181026,32.954484],[112.180943,32.954737],[112.181828,32.954939],[112.181678,32.955308],[112.181555,32.955317],[112.18123,32.956404],[112.182866,32.956733],[112.182416,32.958956],[112.182416,32.959136],[112.183317,32.958824],[112.183572,32.958783],[112.184063,32.958794],[112.183794,32.959886],[112.183714,32.960102],[112.183652,32.960473],[112.183513,32.960455],[112.183454,32.96059],[112.183199,32.961713],[112.182534,32.961576],[112.182687,32.960964],[112.181496,32.960784],[112.181252,32.961842],[112.181396,32.961891],[112.182086,32.961995],[112.182343,32.961932],[112.182311,32.962112],[112.184851,32.962701],[112.185181,32.962721],[112.186029,32.962877],[112.186227,32.96199],[112.186667,32.960388],[112.186195,32.959899],[112.186493,32.958869],[112.188118,32.959211],[112.188121,32.959089],[112.188504,32.959143],[112.188472,32.959271],[112.18888,32.95931],[112.188711,32.960131],[112.190446,32.960372],[112.190205,32.96098],[112.190071,32.96147],[112.19076,32.96158],[112.194521,32.962035],[112.194309,32.962319],[112.193922,32.963309],[112.193222,32.964463],[112.19301,32.965053],[112.192994,32.965568],[112.192874,32.965775],[112.192563,32.966552],[112.192493,32.966993],[112.192332,32.967531],[112.192222,32.967758],[112.192039,32.968001],[112.191559,32.968775],[112.190816,32.970449],[112.190513,32.970892],[112.190194,32.971293],[112.190052,32.971417],[112.190838,32.971633],[112.190728,32.972222],[112.192085,32.972375],[112.191948,32.97269],[112.192117,32.972697],[112.192882,32.972861],[112.193861,32.973129],[112.195958,32.973552],[112.195787,32.974036],[112.195722,32.974081],[112.201148,32.975494],[112.201207,32.975422],[112.20132,32.975125],[112.203307,32.975881],[112.202597,32.977292],[112.202556,32.977443],[112.20471,32.978037],[112.204941,32.978127],[112.204799,32.978444],[112.205164,32.978469],[112.20566,32.978588],[112.205402,32.979263],[112.205365,32.979533],[112.205231,32.979942],[112.205215,32.98008],[112.203613,32.979774],[112.203358,32.980471],[112.204016,32.980624],[112.203922,32.980818],[112.203672,32.981549],[112.204777,32.981594],[112.204624,32.982001],[112.20441,32.982777],[112.205949,32.982786],[112.205601,32.984721],[112.206,32.98471],[112.208071,32.984982],[112.208412,32.983032],[112.208728,32.983052],[112.208637,32.983794],[112.208404,32.985057],[112.210751,32.985378],[112.210791,32.98543],[112.211172,32.985524],[112.211958,32.985653],[112.212786,32.985839],[112.212711,32.986195],[112.210702,32.985821],[112.210474,32.987617],[112.211869,32.987849],[112.211899,32.987822],[112.213009,32.988116],[112.212422,32.989862],[112.215098,32.990121],[112.21509,32.991664],[112.217888,32.991747],[112.217791,32.99199],[112.218237,32.992004],[112.218328,32.99177],[112.218475,32.991045],[112.219328,32.991027],[112.222812,32.990557],[112.224502,32.990092],[112.224207,32.989489],[112.225752,32.989295],[112.225615,32.988638],[112.225508,32.987855],[112.227311,32.987804],[112.227085,32.983995],[112.2284,32.984112],[112.228641,32.984166],[112.228684,32.983961],[112.228834,32.983587],[112.228976,32.983297],[112.229244,32.982926],[112.229258,32.982469],[112.22929,32.982318],[112.230588,32.982381],[112.23062,32.982246],[112.230695,32.98109],[112.232678,32.981346],[112.232632,32.980422],[112.234797,32.98068],[112.234848,32.980575],[112.234904,32.980145],[112.235049,32.979605],[112.23478,32.979528],[112.233195,32.979303],[112.233123,32.978885],[112.232871,32.978835],[112.232777,32.978784],[112.233163,32.977308],[112.234502,32.977553],[112.23452,32.97738],[112.234772,32.976351],[112.235065,32.97641],[112.235231,32.975483],[112.23533,32.974704],[112.23452,32.974565],[112.234829,32.973138],[112.237696,32.973651],[112.238077,32.972337],[112.235888,32.971955],[112.23514,32.971862],[112.235274,32.970987],[112.234673,32.970942],[112.233539,32.970728],[112.233692,32.969581],[112.2322,32.969443],[112.232198,32.969205],[112.232517,32.966644],[112.23275,32.964403],[112.232812,32.963959],[112.23305,32.963973],[112.233177,32.962116],[112.235491,32.962094],[112.235405,32.959944],[112.235912,32.959949],[112.235907,32.959798],[112.235966,32.959755],[112.238289,32.959863],[112.238305,32.957644],[112.240424,32.957647],[112.240502,32.956735],[112.242985,32.95678],[112.24302,32.956614],[112.242964,32.956431],[112.244147,32.956602],[112.243524,32.955461],[112.243109,32.955382],[112.242749,32.954367],[112.243728,32.954316],[112.24371,32.953467],[112.243752,32.95297],[112.245829,32.952959],[112.245995,32.952916],[112.246571,32.952932],[112.24663,32.952693],[112.246625,32.952214],[112.246588,32.951928],[112.246585,32.950458],[112.246663,32.948108],[112.247583,32.94798],[112.248897,32.947957],[112.249449,32.947991],[112.24949,32.947512],[112.251013,32.947552],[112.251104,32.947035],[112.251228,32.945952],[112.248323,32.945848],[112.248323,32.945763],[112.248889,32.945441],[112.249562,32.945261],[112.24983,32.945151],[112.250029,32.945115],[112.250329,32.945153],[112.250579,32.945139],[112.250766,32.944997],[112.251112,32.944919],[112.251445,32.944572],[112.251735,32.944538],[112.251906,32.94443],[112.252376,32.944327],[112.252851,32.94414],[112.252577,32.942465],[112.25332,32.942454],[112.253349,32.941],[112.254382,32.940642],[112.254548,32.939102],[112.255605,32.939134],[112.25567,32.938823],[112.255694,32.938218],[112.255501,32.938166],[112.25572,32.935755],[112.254245,32.935642],[112.254304,32.934519],[112.255138,32.93453],[112.255224,32.933569],[112.255299,32.933344],[112.257802,32.933614],[112.25789,32.933195],[112.258094,32.931653],[112.257359,32.931554],[112.257625,32.9298],[112.257823,32.9298],[112.258065,32.927858],[112.257864,32.927817],[112.258116,32.925419],[112.255801,32.925158],[112.25586,32.924665],[112.258161,32.924931],[112.258199,32.924676],[112.25604,32.92442],[112.253618,32.924077],[112.253425,32.924082],[112.25347,32.923902],[112.255374,32.924154],[112.255938,32.924262],[112.255981,32.924098],[112.256037,32.923335],[112.256193,32.923355],[112.256555,32.921914],[112.256083,32.922143],[112.256386,32.921301],[112.256439,32.921013],[112.255951,32.920925],[112.255133,32.920849],[112.255353,32.919426],[112.254605,32.919313],[112.254688,32.918354],[112.254658,32.918064],[112.254707,32.91798],[112.254792,32.917656],[112.254768,32.916733],[112.254795,32.916398],[112.254457,32.916211],[112.254559,32.916028],[112.254996,32.914542],[112.255364,32.91465],[112.255694,32.91481],[112.25568,32.915024],[112.255369,32.916375],[112.25531,32.916515],[112.256214,32.916652],[112.25626,32.91633],[112.25664,32.914716],[112.257287,32.914484],[112.257295,32.914574],[112.257121,32.915299],[112.256807,32.91631],[112.257032,32.916373],[112.25766,32.916434],[112.257957,32.915492],[112.258202,32.91452],[112.258177,32.914342],[112.258132,32.914254],[112.257815,32.914105],[112.257764,32.913984],[112.257904,32.913439],[112.257912,32.913169],[112.257818,32.912984],[112.257794,32.912556],[112.257611,32.912137],[112.257365,32.911863],[112.257177,32.911773],[112.257005,32.911642],[112.256335,32.911419],[112.256246,32.911352],[112.256201,32.911149],[112.256353,32.910097],[112.256455,32.908089],[112.256657,32.907492],[112.256882,32.906979],[112.25719,32.906003],[112.257322,32.905495],[112.257528,32.904231],[112.257523,32.904078],[112.257705,32.902898],[112.257662,32.901558],[112.257767,32.901416],[112.258105,32.901112],[112.258483,32.900871],[112.259647,32.900331],[112.26061,32.89984],[112.260894,32.899353],[112.260964,32.899097],[112.260988,32.898599],[112.260857,32.898268],[112.260782,32.897572],[112.260795,32.89725],[112.261493,32.896221],[112.261764,32.895946],[112.26245,32.895372],[112.262879,32.894962],[112.263013,32.894707],[112.263553,32.893953],[112.263598,32.893791],[112.263676,32.893665],[112.264041,32.893297],[112.26432,32.893133],[112.265097,32.892779],[112.26855,32.891541],[112.268662,32.891406],[112.268882,32.890984],[112.26903,32.890838],[112.269301,32.890119],[112.269349,32.889732],[112.269335,32.889572],[112.269174,32.889241],[112.267981,32.887712],[112.267656,32.886698],[112.267638,32.886559],[112.267444,32.886144],[112.267085,32.884797],[112.267031,32.884498],[112.266473,32.883029],[112.266385,32.882653],[112.266323,32.881961],[112.266157,32.881788],[112.266017,32.881515],[112.266004,32.881195],[112.266109,32.880461],[112.266095,32.879587],[112.266138,32.878945],[112.266101,32.878605],[112.265985,32.878409],[112.265781,32.878551]]]}},{"type":"Feature","properties":{"regionCode":"411324105","sourceCode":"411324105000","name":"老庄镇","sourceName":"老庄镇","parentCode":"411324","parentName":"镇平县","regionLevel":"township","regionType":"town","isManagementZone":false,"source":"ruiduobao","sourceVersion":"mixed-legacy~2018-2020","geometryRepaired":false,"match2020":true,"match2023":true},"geometry":{"type":"Polygon","coordinates":[[[112.324231,33.082385],[112.323543,33.082665],[112.323339,33.082791],[112.323154,33.082984],[112.32313,33.082818],[112.322808,33.082292],[112.322116,33.082519],[112.3221,33.082415],[112.321936,33.08224],[112.321716,33.08217],[112.321413,33.082269],[112.320957,33.082521],[112.320887,33.082382],[112.320933,33.082152],[112.320874,33.081845],[112.320743,33.081629],[112.3206,33.081074],[112.320504,33.081029],[112.320236,33.081022],[112.320064,33.080961],[112.319986,33.080883],[112.319393,33.081206],[112.319385,33.081415],[112.319066,33.081584],[112.318787,33.081579],[112.318052,33.081411],[112.317057,33.081489],[112.316446,33.081413],[112.315861,33.081276],[112.315676,33.081125],[112.315359,33.080698],[112.315003,33.080964],[112.314126,33.081928],[112.313541,33.082487],[112.313206,33.082955],[112.312948,33.083465],[112.312819,33.083633],[112.312575,33.083447],[112.312388,33.083031],[112.31195,33.082319],[112.311894,33.082438],[112.311639,33.082779],[112.311414,33.082923],[112.311162,33.083148],[112.310969,33.083514],[112.310633,33.083854],[112.310094,33.084047],[112.30966,33.084141],[112.309204,33.084121],[112.309206,33.084267],[112.309265,33.084496],[112.309375,33.084625],[112.309614,33.085054],[112.309735,33.085371],[112.309807,33.085679],[112.309791,33.085867],[112.309582,33.086139],[112.30896,33.086584],[112.308903,33.086708],[112.308839,33.087106],[112.308681,33.087555],[112.308429,33.088072],[112.307554,33.089229],[112.306572,33.090681],[112.306141,33.091002],[112.305977,33.091061],[112.305108,33.091225],[112.304435,33.091492],[112.304204,33.091618],[112.303888,33.091939],[112.303381,33.092294],[112.303236,33.092434],[112.303112,33.09267],[112.303019,33.092939],[112.302909,33.093398],[112.302745,33.093521],[112.302632,33.093652],[112.302568,33.09389],[112.302324,33.094413],[112.302171,33.094546],[112.301251,33.094901],[112.300983,33.095043],[112.299937,33.095721],[112.299532,33.095946],[112.299331,33.096094],[112.298893,33.096573],[112.298518,33.096923],[112.297719,33.097049],[112.297126,33.097096],[112.296442,33.097283],[112.29605,33.097449],[112.295482,33.097624],[112.295267,33.097636],[112.294851,33.09764],[112.294462,33.09753],[112.294208,33.097337],[112.29376,33.097146],[112.293223,33.097022],[112.292813,33.096995],[112.292762,33.097173],[112.292507,33.097624],[112.291979,33.09871],[112.291828,33.099119],[112.291185,33.100202],[112.291072,33.100471],[112.291134,33.101431],[112.291021,33.101595],[112.290777,33.102121],[112.290085,33.103226],[112.290088,33.10343],[112.289924,33.103392],[112.28972,33.103401],[112.288685,33.103754],[112.288202,33.103848],[112.287381,33.104087],[112.28707,33.104098],[112.286837,33.104019],[112.285968,33.103523],[112.284184,33.103406],[112.284074,33.10343],[112.282175,33.103426],[112.281875,33.10339],[112.281593,33.103311],[112.280644,33.102855],[112.280029,33.102682],[112.279817,33.102718],[112.279399,33.103195],[112.279257,33.103489],[112.27927,33.103644],[112.279933,33.104509],[112.280059,33.104804],[112.280279,33.105417],[112.280367,33.106223],[112.280617,33.106668],[112.28066,33.106855],[112.280652,33.107019],[112.280512,33.107263],[112.280273,33.107495],[112.280102,33.107773],[112.279469,33.109537],[112.279123,33.11033],[112.27875,33.110824],[112.278487,33.111323],[112.278417,33.111636],[112.278219,33.11168],[112.277519,33.112029],[112.276709,33.112325],[112.27636,33.112496],[112.275912,33.112873],[112.275773,33.113089],[112.275569,33.114064],[112.275378,33.114522],[112.275129,33.114866],[112.274853,33.115053],[112.273962,33.115327],[112.273066,33.11641],[112.272744,33.116724],[112.272028,33.117537],[112.27202,33.117901],[112.272074,33.118438],[112.272994,33.119391],[112.273171,33.119633],[112.273482,33.120242],[112.273546,33.120282],[112.273847,33.120199],[112.274115,33.120226],[112.27364,33.120487],[112.273187,33.120678],[112.272938,33.120884],[112.272766,33.121123],[112.272653,33.121392],[112.27253,33.121549],[112.272358,33.121673],[112.271452,33.122122],[112.271181,33.122219],[112.270647,33.122313],[112.270387,33.122399],[112.270253,33.122538],[112.270153,33.122971],[112.270105,33.123524],[112.269998,33.124065],[112.269676,33.124645],[112.269282,33.125074],[112.268992,33.125031],[112.268394,33.125009],[112.268265,33.124964],[112.267828,33.124712],[112.267431,33.12444],[112.267302,33.124178],[112.267168,33.123701],[112.267088,33.123133],[112.267101,33.122515],[112.267042,33.122381],[112.265819,33.121246],[112.265355,33.12088],[112.264161,33.120204],[112.26352,33.119573],[112.263067,33.118901],[112.262818,33.118676],[112.262472,33.118526],[112.262177,33.118461],[112.261589,33.118604],[112.261385,33.118719],[112.260589,33.119391],[112.260326,33.119462],[112.25995,33.119478],[112.259615,33.119555],[112.25848,33.119936],[112.25822,33.120067],[112.257756,33.119568],[112.257705,33.119453],[112.25767,33.119281],[112.257705,33.11895],[112.257676,33.118548],[112.257703,33.118306],[112.257684,33.118133],[112.257585,33.117825],[112.257445,33.117645],[112.257241,33.117492],[112.25697,33.117133],[112.256268,33.116556],[112.255849,33.116445],[112.255206,33.116111],[112.254878,33.115902],[112.254259,33.115262],[112.253427,33.114671],[112.252985,33.114428],[112.252566,33.114055],[112.252051,33.113826],[112.251552,33.113556],[112.251209,33.113451],[112.250871,33.11328],[112.250608,33.112961],[112.250423,33.112217],[112.250292,33.111984],[112.250096,33.111766],[112.24968,33.111559],[112.24935,33.111494],[112.249189,33.111501],[112.247636,33.111627],[112.247226,33.111719],[112.246829,33.111391],[112.246722,33.111206],[112.246405,33.112429],[112.246405,33.112577],[112.246225,33.112871],[112.246284,33.113276],[112.245989,33.113487],[112.246263,33.113799],[112.245837,33.113893],[112.245472,33.113875],[112.245238,33.113819],[112.244986,33.113702],[112.244874,33.11355],[112.243543,33.114579],[112.243034,33.114929],[112.24287,33.114987],[112.242084,33.11516],[112.240872,33.115205],[112.240472,33.11516],[112.240258,33.115102],[112.240338,33.114875],[112.240456,33.114069],[112.240384,33.11357],[112.240389,33.113244],[112.240268,33.112813],[112.240153,33.112554],[112.239925,33.112307],[112.239321,33.111498],[112.239053,33.111166],[112.238836,33.111015],[112.239072,33.11062],[112.239442,33.110115],[112.239533,33.109566],[112.239595,33.108746],[112.239547,33.108371],[112.239389,33.107989],[112.239415,33.107589],[112.239466,33.107387],[112.239222,33.107252],[112.239115,33.107297],[112.238503,33.107259],[112.238195,33.10727],[112.237664,33.107403],[112.237219,33.107636],[112.237034,33.107787],[112.236953,33.108005],[112.237025,33.108322],[112.237235,33.108713],[112.237221,33.1088],[112.237055,33.108796],[112.23684,33.108423],[112.236744,33.108084],[112.236561,33.108142],[112.236497,33.108396],[112.236508,33.10865],[112.236221,33.108704],[112.236146,33.108758],[112.236167,33.109092],[112.236645,33.109029],[112.236843,33.10905],[112.236256,33.109357],[112.235067,33.110128],[112.234523,33.110485],[112.234392,33.110658],[112.234325,33.110856],[112.23426,33.111269],[112.234231,33.112323],[112.23426,33.113116],[112.234086,33.113707],[112.234067,33.114084],[112.234196,33.114637],[112.234459,33.115014],[112.234697,33.115428],[112.23473,33.115657],[112.23474,33.116493],[112.234255,33.116533],[112.233284,33.116524],[112.232951,33.116578],[112.232324,33.116605],[112.232136,33.116645],[112.231784,33.116814],[112.231109,33.11707],[112.230687,33.117405],[112.230108,33.117721],[112.229743,33.117832],[112.229553,33.117584],[112.228839,33.117025],[112.228539,33.11687],[112.228255,33.116749],[112.227775,33.116623],[112.226855,33.116542],[112.226557,33.116468],[112.225559,33.115956],[112.225009,33.115549],[112.224593,33.115342],[112.22414,33.115257],[112.223478,33.11525],[112.223317,33.115324],[112.222971,33.115567],[112.222606,33.115738],[112.222445,33.115754],[112.222523,33.115572],[112.222614,33.115185],[112.222643,33.114889],[112.22259,33.114558],[112.22241,33.11412],[112.222276,33.11399],[112.221042,33.113154],[112.220517,33.112608],[112.220313,33.112224],[112.22038,33.109951],[112.22013,33.109818],[112.219256,33.109551],[112.219186,33.109263],[112.218961,33.108697],[112.218701,33.108701],[112.217869,33.108827],[112.217807,33.110766],[112.217987,33.111618],[112.217987,33.111887],[112.217955,33.112024],[112.218044,33.112159],[112.218044,33.11268],[112.21807,33.112775],[112.218347,33.113195],[112.218376,33.113404],[112.218596,33.113664],[112.217657,33.113795],[112.217207,33.113813],[112.21693,33.113869],[112.216976,33.114246],[112.216877,33.114248],[112.216721,33.114327],[112.216769,33.114583],[112.216799,33.115439],[112.216743,33.115765],[112.214959,33.116481],[112.213822,33.117063],[112.213634,33.117306],[112.21336,33.117551],[112.213312,33.117701],[112.213119,33.117867],[112.212647,33.118135],[112.212019,33.118366],[112.211432,33.118687],[112.210874,33.118851],[112.210775,33.118971],[112.210721,33.119099],[112.210673,33.119355],[112.210488,33.119591],[112.21008,33.119903],[112.209823,33.120011],[112.209522,33.120343],[112.209412,33.120705],[112.209364,33.121105],[112.209375,33.122623],[112.209546,33.123147],[112.209562,33.123621],[112.209624,33.123742],[112.209721,33.123823],[112.210166,33.12398],[112.210305,33.124059],[112.210362,33.124144],[112.210386,33.124497],[112.210364,33.124665],[112.210431,33.125184],[112.210346,33.125898],[112.210388,33.126089],[112.210485,33.12622],[112.210777,33.126469],[112.21111,33.126637],[112.211614,33.127046],[112.211754,33.127185],[112.211813,33.127426],[112.211464,33.127956],[112.2106,33.128839],[112.210391,33.12896],[112.209933,33.129092],[112.209624,33.129225],[112.209393,33.129351],[112.209147,33.129555],[112.209047,33.129706],[112.208919,33.130061],[112.208388,33.130397],[112.208119,33.130665],[112.207991,33.130851],[112.207921,33.131222],[112.207856,33.131386],[112.207438,33.131972],[112.207285,33.132318],[112.207076,33.132668],[112.206843,33.13292],[112.206521,33.133171],[112.205719,33.13365],[112.205048,33.134261],[112.20452,33.13467],[112.204552,33.134753],[112.204654,33.134863],[112.205641,33.135638],[112.205778,33.135692],[112.206432,33.136112],[112.207135,33.135988],[112.208004,33.135912],[112.209147,33.135909],[112.209769,33.135986],[112.210083,33.135943],[112.210431,33.136112],[112.21056,33.136296],[112.210836,33.136826],[112.211035,33.137064],[112.211802,33.137477],[112.212266,33.137666],[112.212781,33.13767],[112.213246,33.137731],[112.214127,33.138072],[112.214428,33.138277],[112.214629,33.138371],[112.215235,33.138555],[112.215761,33.138975],[112.216075,33.13911],[112.216501,33.13922],[112.216842,33.13926],[112.217802,33.139222],[112.217971,33.139925],[112.218062,33.140514],[112.218086,33.141086],[112.218041,33.141219],[112.21781,33.141576],[112.217687,33.142223],[112.217547,33.142735],[112.217523,33.142971],[112.217577,33.143301],[112.217577,33.143611],[112.217153,33.143793],[112.216705,33.144078],[112.216466,33.144435],[112.216555,33.144581],[112.216702,33.144716],[112.217443,33.145106],[112.217571,33.145246],[112.217875,33.145933],[112.21803,33.146184],[112.218612,33.146914],[112.218682,33.147273],[112.218631,33.14768],[112.218572,33.147779],[112.218019,33.148387],[112.217909,33.148677],[112.217923,33.148987],[112.21817,33.149346],[112.218277,33.149591],[112.218349,33.149937],[112.21839,33.150417],[112.218497,33.150669],[112.218679,33.150918],[112.218821,33.151019],[112.219151,33.151114],[112.21958,33.151141],[112.219798,33.151257],[112.219841,33.151399],[112.220396,33.152041],[112.221074,33.152659],[112.22149,33.153083],[112.221807,33.153296],[112.222188,33.15351],[112.222574,33.153678],[112.223051,33.15377],[112.223507,33.153817],[112.223483,33.155266],[112.223268,33.155769],[112.223137,33.155998],[112.223016,33.156114],[112.222354,33.156487],[112.221946,33.156602],[112.221571,33.156667],[112.220626,33.156588],[112.220034,33.156595],[112.219704,33.156748],[112.219398,33.156954],[112.219143,33.157076],[112.218462,33.157233],[112.216831,33.157471],[112.215925,33.158037],[112.215064,33.158187],[112.214404,33.158387],[112.212802,33.159007],[112.212537,33.159249],[112.212459,33.159462],[112.212328,33.161151],[112.212156,33.161881],[112.212041,33.162146],[112.212014,33.162285],[112.2121,33.16253],[112.212497,33.163163],[112.212612,33.163527],[112.212706,33.163955],[112.212832,33.165895],[112.212886,33.166113],[112.213256,33.166852],[112.213537,33.167168],[112.213701,33.167458],[112.213773,33.167689],[112.213666,33.168507],[112.21372,33.168794],[112.213693,33.168926],[112.213819,33.169162],[112.213929,33.169281],[112.214329,33.169892],[112.214355,33.170305],[112.214573,33.17099],[112.214573,33.171502],[112.214527,33.171966],[112.214457,33.172202],[112.214157,33.172599],[112.214221,33.172727],[112.214551,33.173064],[112.214878,33.173513],[112.215058,33.173818],[112.21505,33.173868],[112.214817,33.173998],[112.214763,33.174099],[112.214565,33.174247],[112.21438,33.174492],[112.214288,33.174692],[112.215292,33.175888],[112.215286,33.17603],[112.215324,33.176131],[112.21527,33.176847],[112.215171,33.177065],[112.214964,33.177267],[112.21487,33.177469],[112.214728,33.178158],[112.214701,33.178481],[112.214763,33.178638],[112.214766,33.178773],[112.215056,33.179119],[112.215101,33.179211],[112.215238,33.179343],[112.215436,33.179705],[112.214951,33.180219],[112.214919,33.180327],[112.214962,33.181074],[112.2149,33.181195],[112.214715,33.181373],[112.213918,33.181891],[112.21372,33.182066],[112.213494,33.182188],[112.213363,33.182457],[112.213258,33.182594],[112.213427,33.18289],[112.213802,33.183357],[112.213849,33.18346],[112.213846,33.183537],[112.213669,33.183725],[112.213387,33.183838],[112.212561,33.184428],[112.212422,33.184655],[112.212355,33.185061],[112.212271,33.185171],[112.212263,33.185283],[112.212188,33.185389],[112.212119,33.185602],[112.21222,33.185788],[112.212411,33.185954],[112.212502,33.1861],[112.212475,33.1863],[112.212336,33.186513],[112.21247,33.187773],[112.212534,33.187885],[112.212717,33.187966],[112.213146,33.187963],[112.21358,33.187862],[112.214154,33.187499],[112.214457,33.187413],[112.215208,33.187384],[112.21549,33.18747],[112.215616,33.187595],[112.215782,33.187986],[112.215895,33.188432],[112.216,33.188643],[112.216099,33.188745],[112.216394,33.188872],[112.216794,33.188888],[112.21792,33.188572],[112.218255,33.188542],[112.218465,33.188574],[112.218816,33.188917],[112.219296,33.189613],[112.219454,33.189746],[112.219808,33.189997],[112.220409,33.190343],[112.220881,33.190556],[112.220983,33.190652],[112.22142,33.191232],[112.221646,33.191613],[112.222064,33.192767],[112.222166,33.192888],[112.222287,33.192991],[112.222587,33.193074],[112.222944,33.193364],[112.223314,33.193793],[112.224274,33.194394],[112.2248,33.195216],[112.224829,33.195368],[112.224813,33.195503],[112.224722,33.195763],[112.224744,33.196118],[112.224897,33.196565],[112.225253,33.197114],[112.225414,33.197617],[112.22542,33.197799],[112.225556,33.198351],[112.225774,33.198701],[112.225854,33.199072],[112.225932,33.199182],[112.226141,33.199363],[112.22697,33.199799],[112.227281,33.200059],[112.227461,33.20067],[112.227498,33.200948],[112.227498,33.201415],[112.227595,33.202014],[112.228029,33.202422],[112.22852,33.203001],[112.228796,33.203423],[112.22877,33.203542],[112.22863,33.203778],[112.228555,33.204366],[112.228477,33.204703],[112.228459,33.205008],[112.228528,33.205571],[112.22903,33.206074],[112.229655,33.206922],[112.229998,33.207306],[112.230282,33.207786],[112.230594,33.208206],[112.230915,33.208558],[112.231025,33.208834],[112.231369,33.209375],[112.231873,33.209871],[112.231991,33.210143],[112.232055,33.210219],[112.232624,33.210551],[112.233041,33.211296],[112.233225,33.211716],[112.233085,33.211951],[112.23305,33.21249],[112.233072,33.212692],[112.233101,33.212838],[112.233346,33.213405],[112.23341,33.213951],[112.233413,33.214698],[112.233332,33.215064],[112.233439,33.215237],[112.233646,33.215427],[112.233708,33.215627],[112.233976,33.216026],[112.234252,33.216325],[112.234408,33.216376],[112.234475,33.216502],[112.234644,33.216599],[112.234853,33.216827],[112.235027,33.21718],[112.235092,33.217528],[112.235212,33.217828],[112.235247,33.218015],[112.235312,33.218127],[112.235759,33.218627],[112.236653,33.219383],[112.23713,33.219911],[112.237264,33.22],[112.237334,33.22009],[112.237476,33.220148],[112.237793,33.220525],[112.23783,33.220644],[112.237771,33.220707],[112.237744,33.220871],[112.237543,33.221389],[112.237567,33.221546],[112.237661,33.221717],[112.237629,33.221966],[112.237884,33.222487],[112.238211,33.223433],[112.238463,33.223658],[112.238718,33.223795],[112.239179,33.224149],[112.239305,33.22419],[112.23945,33.224324],[112.239507,33.224434],[112.239364,33.22515],[112.239397,33.225309],[112.239748,33.225989],[112.239842,33.226117],[112.240097,33.226294],[112.240309,33.226579],[112.240325,33.226741],[112.240078,33.227037],[112.240035,33.227167],[112.240024,33.227349],[112.240094,33.227622],[112.240276,33.227851],[112.240314,33.227963],[112.240553,33.228291],[112.240558,33.228414],[112.240311,33.228596],[112.23996,33.228762],[112.239863,33.228998],[112.239584,33.229307],[112.239217,33.229536],[112.239021,33.229731],[112.238957,33.229837],[112.238882,33.230122],[112.238764,33.230241],[112.238565,33.230348],[112.237758,33.230995],[112.237624,33.231147],[112.237473,33.231432],[112.237436,33.231802],[112.237508,33.232249],[112.237634,33.232617],[112.237661,33.232794],[112.237492,33.232866],[112.237211,33.232884],[112.236993,33.233052],[112.236693,33.233393],[112.236465,33.234055],[112.236438,33.234638],[112.236545,33.234932],[112.236671,33.235067],[112.237221,33.235307],[112.237471,33.235466],[112.237806,33.235973],[112.238227,33.236357],[112.238259,33.23655],[112.23838,33.236879],[112.238396,33.23714],[112.238356,33.237568],[112.238463,33.23786],[112.23864,33.238151],[112.238659,33.238331],[112.238377,33.238497],[112.238163,33.238571],[112.238018,33.238786],[112.238055,33.239684],[112.238313,33.240639],[112.238439,33.240924],[112.238522,33.241231],[112.238471,33.241575],[112.238165,33.241904],[112.237752,33.242703],[112.237685,33.242775],[112.237414,33.242831],[112.23731,33.242936],[112.237031,33.243089],[112.23691,33.243412],[112.236709,33.243648],[112.236403,33.244457],[112.236398,33.244677],[112.236505,33.245083],[112.236575,33.245857],[112.236886,33.246615],[112.236999,33.247109],[112.237369,33.247501],[112.238055,33.248082],[112.238176,33.248311],[112.238552,33.24871],[112.238662,33.248926],[112.238965,33.249278],[112.239083,33.249482],[112.239112,33.249599],[112.239096,33.250186],[112.239131,33.25026],[112.239523,33.250698],[112.240102,33.25118],[112.240298,33.251734],[112.240507,33.251889],[112.241338,33.252225],[112.24261,33.252568],[112.242739,33.252934],[112.242865,33.253717],[112.243007,33.254004],[112.243436,33.254154],[112.244686,33.254412],[112.24482,33.254477],[112.244981,33.254695],[112.245217,33.25493],[112.245346,33.255177],[112.245421,33.255179],[112.246073,33.255601],[112.246893,33.255964],[112.248355,33.255893],[112.248792,33.255688],[112.249871,33.25502],[112.250603,33.254641],[112.250906,33.25439],[112.251059,33.254096],[112.251037,33.253688],[112.250638,33.253203],[112.250249,33.252844],[112.249935,33.252362],[112.249761,33.251936],[112.249728,33.251517],[112.250187,33.250637],[112.250501,33.250505],[112.250799,33.250094],[112.25123,33.249827],[112.251649,33.24946],[112.251888,33.249054],[112.251855,33.248652],[112.25174,33.248094],[112.251332,33.24758],[112.250909,33.247232],[112.250557,33.247154],[112.249892,33.247107],[112.24865,33.246958],[112.248393,33.246826],[112.24784,33.246057],[112.247486,33.245765],[112.246558,33.245267],[112.246199,33.244789],[112.246094,33.243988],[112.246191,33.243309],[112.246386,33.242674],[112.24662,33.242257],[112.246885,33.242032],[112.247314,33.241835],[112.248127,33.241561],[112.249334,33.241415],[112.25123,33.241593],[112.252279,33.241537],[112.253454,33.241216],[112.254712,33.240662],[112.255101,33.240305],[112.255318,33.239807],[112.255476,33.239096],[112.255369,33.237537],[112.255104,33.236666],[112.255012,33.236029],[112.254779,33.235488],[112.254688,33.235089],[112.254709,33.234521],[112.254326,33.233249],[112.254143,33.23233],[112.254076,33.23167],[112.254157,33.23125],[112.254414,33.231643],[112.254766,33.232702],[112.255055,33.233312],[112.255235,33.233972],[112.255608,33.234488],[112.256262,33.235073],[112.256573,33.23521],[112.256941,33.235302],[112.257839,33.235316],[112.259272,33.235208],[112.259915,33.235105],[112.260337,33.234948],[112.260417,33.234652],[112.260237,33.233945],[112.260004,33.233429],[112.259371,33.232419],[112.258599,33.231365],[112.258279,33.230705],[112.258006,33.230236],[112.258271,33.230068],[112.259033,33.23025],[112.259599,33.230528],[112.260819,33.231434],[112.261616,33.232112],[112.261847,33.232464],[112.262466,33.23449],[112.262847,33.235621],[112.263021,33.235995],[112.263421,33.23644],[112.264188,33.237],[112.26487,33.23744],[112.265744,33.237835],[112.266323,33.237923],[112.266699,33.237658],[112.267112,33.237088],[112.267329,33.236543],[112.267485,33.235549],[112.267608,33.234389],[112.267723,33.233622],[112.268579,33.233577],[112.270803,33.233292],[112.271647,33.233314],[112.272382,33.233101],[112.273149,33.232935],[112.274399,33.232397],[112.274678,33.232175],[112.274662,33.231814],[112.274485,33.231295],[112.274365,33.230497],[112.27434,33.229498],[112.274381,33.229092],[112.274319,33.228598],[112.274437,33.228201],[112.274343,33.227315],[112.274322,33.22668],[112.274035,33.226117],[112.273729,33.225819],[112.27356,33.225516],[112.273369,33.225296],[112.27319,33.225015],[112.273139,33.224663],[112.273227,33.22436],[112.273187,33.224048],[112.27279,33.223108],[112.272959,33.2227],[112.273284,33.222518],[112.273431,33.222276],[112.273713,33.22211],[112.27397,33.221663],[112.273359,33.220113],[112.273353,33.219664],[112.273289,33.219074],[112.273305,33.218412],[112.273455,33.21773],[112.273758,33.218028],[112.274308,33.218699],[112.274713,33.218692],[112.275008,33.218441],[112.276092,33.216942],[112.276457,33.216643],[112.276803,33.216495],[112.277755,33.216462],[112.278171,33.216253],[112.278329,33.215986],[112.278417,33.215672],[112.27827,33.214509],[112.278262,33.213973],[112.278527,33.212793],[112.278525,33.212151],[112.278294,33.211116],[112.278205,33.21045],[112.27834,33.210192],[112.278702,33.20997],[112.279155,33.209844],[112.279359,33.209539],[112.279214,33.209234],[112.27754,33.208165],[112.277057,33.207793],[112.276886,33.207521],[112.278897,33.204772],[112.279477,33.204083],[112.279952,33.203818],[112.280488,33.203766],[112.281271,33.203922],[112.28339,33.204561],[112.284098,33.204932],[112.284498,33.205378],[112.284814,33.205892],[112.285252,33.207023],[112.285512,33.207445],[112.285882,33.207889],[112.286622,33.208495],[112.288972,33.209819],[112.289991,33.210351],[112.290951,33.211116],[112.292697,33.212732],[112.293156,33.213343],[112.293419,33.214],[112.293789,33.214397],[112.294071,33.214442],[112.294688,33.214366],[112.296031,33.213998],[112.297375,33.213747],[112.298268,33.213358],[112.299277,33.213064],[112.299741,33.213085],[112.300894,33.214135],[112.301433,33.214579],[112.301745,33.214593],[112.30175,33.214299],[112.301905,33.213915],[112.302179,33.213524],[112.30241,33.213044],[112.30274,33.212719],[112.303314,33.212528],[112.303786,33.211978],[112.30426,33.211855],[112.304794,33.211803],[112.306146,33.212025],[112.306567,33.211998],[112.307538,33.211206],[112.30793,33.211038],[112.308214,33.211224],[112.308839,33.211761],[112.309805,33.212483],[112.31043,33.212806],[112.310993,33.212918],[112.312481,33.212856],[112.312672,33.212476],[112.312791,33.21124],[112.312972,33.209992],[112.312929,33.209579],[112.312728,33.209119],[112.31246,33.208617],[112.312326,33.208022],[112.313589,33.207174],[112.313941,33.206803],[112.314681,33.206386],[112.315325,33.205957],[112.315544,33.205681],[112.315813,33.20501],[112.316236,33.204216],[112.316835,33.202927],[112.317068,33.202223],[112.316832,33.201713],[112.316754,33.201381],[112.316937,33.20106],[112.3178,33.200326],[112.318141,33.199812],[112.317752,33.199211],[112.316585,33.198201],[112.316344,33.197788],[112.316392,33.197263],[112.316722,33.196495],[112.316813,33.196078],[112.316475,33.195175],[112.316261,33.19496],[112.315539,33.194408],[112.315182,33.193927],[112.315153,33.193485],[112.315196,33.19311],[112.315874,33.191952],[112.315625,33.19149],[112.315016,33.19087],[112.314506,33.190426],[112.313865,33.188843],[112.314056,33.188614],[112.314724,33.188388],[112.315113,33.188201],[112.315561,33.187833],[112.31633,33.187299],[112.316888,33.187036],[112.317685,33.186792],[112.318181,33.186695],[112.319262,33.186612],[112.320126,33.186475],[112.320622,33.186325],[112.321585,33.185678],[112.322937,33.184917],[112.325399,33.183164],[112.326466,33.182298],[112.327153,33.181925],[112.327746,33.181793],[112.328191,33.181914],[112.329653,33.182735],[112.331112,33.183411],[112.333397,33.184206],[112.334135,33.184379],[112.33513,33.18437],[112.336055,33.184423],[112.336573,33.184388],[112.337311,33.184396],[112.337399,33.184089],[112.337257,33.183683],[112.337252,33.183391],[112.337386,33.183137],[112.337753,33.182879],[112.338094,33.182585],[112.338555,33.182473],[112.339065,33.182614],[112.339963,33.182506],[112.340484,33.182403],[112.341071,33.182378],[112.341441,33.182295],[112.341785,33.182194],[112.342337,33.181916],[112.34268,33.18168],[112.343,33.181559],[112.343485,33.181516],[112.344153,33.181393],[112.344569,33.181265],[112.345172,33.180933],[112.345741,33.180569],[112.347382,33.180226],[112.347731,33.180066],[112.34841,33.179653],[112.348793,33.179307],[112.349448,33.1786],[112.349705,33.178115],[112.349855,33.177604],[112.350113,33.177233],[112.350429,33.176887],[112.350601,33.176643],[112.350767,33.176236],[112.351057,33.175704],[112.350748,33.175217],[112.350242,33.174544],[112.349968,33.174351],[112.349437,33.174261],[112.348943,33.174027],[112.348549,33.174003],[112.347101,33.173661],[112.34639,33.173427],[112.345827,33.173167],[112.345347,33.172882],[112.344944,33.172444],[112.344427,33.171297],[112.34426,33.17061],[112.34418,33.169557],[112.344268,33.16861],[112.344255,33.167721],[112.344381,33.166823],[112.344368,33.166441],[112.344628,33.164894],[112.344762,33.164339],[112.344671,33.16405],[112.343912,33.163165],[112.341905,33.161499],[112.340599,33.160143],[112.340688,33.159078],[112.341355,33.157947],[112.342463,33.156799],[112.34304,33.155463],[112.342798,33.154682],[112.341626,33.15375],[112.339979,33.152793],[112.338244,33.151911],[112.336557,33.150716],[112.335157,33.148664],[112.334497,33.146856],[112.334253,33.146582],[112.333491,33.146025],[112.333298,33.145661],[112.333317,33.145246],[112.333553,33.144455],[112.333593,33.143824],[112.3337,33.143507],[112.333676,33.143139],[112.333615,33.142822],[112.333639,33.141998],[112.333802,33.141677],[112.334398,33.141311],[112.334476,33.140949],[112.334384,33.140163],[112.334398,33.139471],[112.334341,33.13898],[112.334336,33.138537],[112.33451,33.138101],[112.33483,33.137522],[112.33494,33.137219],[112.334948,33.136868],[112.334875,33.136446],[112.334671,33.136033],[112.334532,33.135617],[112.334695,33.135249],[112.334698,33.134845],[112.33458,33.13438],[112.334341,33.134005],[112.334159,33.133648],[112.334095,33.132799],[112.333781,33.13164],[112.333738,33.131231],[112.33388,33.130285],[112.333891,33.129924],[112.333773,33.12956],[112.333623,33.12927],[112.333545,33.128964],[112.333668,33.128618],[112.333695,33.128264],[112.333679,33.127902],[112.333537,33.127055],[112.333478,33.126368],[112.333588,33.125229],[112.333502,33.124274],[112.333381,33.123926],[112.332855,33.123176],[112.331683,33.121981],[112.331463,33.12165],[112.331069,33.120747],[112.330616,33.120161],[112.330479,33.119795],[112.330535,33.119325],[112.33071,33.118937],[112.330983,33.118573],[112.332011,33.117593],[112.332359,33.117409],[112.333314,33.117021],[112.334146,33.116735],[112.334618,33.116625],[112.336074,33.116607],[112.336399,33.116558],[112.337874,33.116228],[112.338375,33.116046],[112.340178,33.115583],[112.340983,33.115304],[112.342026,33.114817],[112.342372,33.114592],[112.34271,33.114271],[112.342927,33.113916],[112.343206,33.113343],[112.343456,33.113064],[112.343646,33.112763],[112.34393,33.112177],[112.344207,33.111483],[112.344274,33.111085],[112.344193,33.110128],[112.343971,33.109124],[112.343976,33.108672],[112.34419,33.108344],[112.344349,33.107929],[112.344512,33.106971],[112.344507,33.106652],[112.344432,33.106221],[112.344464,33.105817],[112.344571,33.105446],[112.344705,33.104262],[112.344976,33.102561],[112.345459,33.100968],[112.345652,33.100116],[112.345824,33.098757],[112.345741,33.098013],[112.345642,33.097728],[112.345266,33.096926],[112.344536,33.095991],[112.34419,33.095712],[112.343496,33.095993],[112.343161,33.096204],[112.342788,33.096357],[112.342246,33.095501],[112.342141,33.095685],[112.341489,33.096171],[112.34146,33.096222],[112.341532,33.096362],[112.341669,33.096467],[112.341677,33.096669],[112.341339,33.097894],[112.340323,33.09773],[112.339609,33.097683],[112.339467,33.097436],[112.338408,33.096427],[112.338231,33.096305],[112.338062,33.096269],[112.336782,33.096615],[112.33657,33.096476],[112.336163,33.096503],[112.335084,33.09682],[112.334808,33.096971],[112.333816,33.096166],[112.334108,33.095955],[112.334784,33.095613],[112.334312,33.095204],[112.333424,33.095687],[112.333279,33.09573],[112.332783,33.095299],[112.332367,33.095544],[112.332775,33.096031],[112.332402,33.096339],[112.331994,33.096056],[112.331855,33.095764],[112.33127,33.095872],[112.330723,33.096081],[112.330479,33.096135],[112.329851,33.095726],[112.329044,33.095119],[112.329066,33.095036],[112.329924,33.094306],[112.330391,33.093977],[112.330704,33.093479],[112.330739,33.093326],[112.330632,33.093018],[112.329798,33.093144],[112.328679,33.093474],[112.328357,33.092917],[112.327499,33.093256],[112.326858,33.092613],[112.326576,33.092389],[112.326523,33.092665],[112.326668,33.092919],[112.327341,33.093741],[112.327494,33.093867],[112.32818,33.093613],[112.328478,33.094047],[112.328288,33.094162],[112.327829,33.094272],[112.328073,33.094645],[112.327936,33.09471],[112.326933,33.094847],[112.326472,33.094995],[112.32641,33.094541],[112.325589,33.094434],[112.325616,33.094885],[112.325694,33.095171],[112.325546,33.095168],[112.32516,33.095254],[112.324761,33.095292],[112.324495,33.094739],[112.324305,33.094497],[112.324087,33.094137],[112.323883,33.093613],[112.324004,33.093555],[112.3245,33.09349],[112.325088,33.093577],[112.3242,33.091694],[112.325276,33.091025],[112.325093,33.090829],[112.32531,33.090533],[112.325898,33.089935],[112.326909,33.089263],[112.327373,33.088879],[112.327234,33.08864],[112.327089,33.08856],[112.327483,33.088335],[112.328095,33.087888],[112.32759,33.087359],[112.327086,33.087117],[112.32552,33.087027],[112.325549,33.086485],[112.325517,33.086083],[112.325525,33.084827],[112.325155,33.084795],[112.326257,33.083613],[112.32542,33.083627],[112.325455,33.083517],[112.325616,33.082036],[112.325546,33.08197],[112.325399,33.081905],[112.324231,33.082385]]]}},{"type":"Feature","properties":{"regionCode":"411324106","sourceCode":"411324106000","name":"卢医镇","sourceName":"卢医镇","parentCode":"411324","parentName":"镇平县","regionLevel":"township","regionType":"town","isManagementZone":false,"source":"ruiduobao","sourceVersion":"mixed-legacy~2018-2020","geometryRepaired":false,"match2020":true,"match2023":true},"geometry":{"type":"Polygon","coordinates":[[[112.068795,33.062297],[112.068851,33.062079],[112.070152,33.06216],[112.070305,33.059831],[112.068484,33.059606],[112.068433,33.059858],[112.068307,33.059853],[112.067454,33.059745],[112.067403,33.059617],[112.06549,33.059485],[112.065525,33.058923],[112.065501,33.058763],[112.064085,33.058799],[112.063578,33.058738],[112.063251,33.060112],[112.063041,33.061211],[112.062827,33.061344],[112.062577,33.061346],[112.062639,33.060982],[112.062229,33.061018],[112.06207,33.060964],[112.06085,33.060874],[112.060786,33.060921],[112.060622,33.061674],[112.060322,33.062724],[112.058624,33.062495],[112.056819,33.06231],[112.056803,33.062445],[112.054791,33.062268],[112.054783,33.062187],[112.054182,33.062085],[112.053656,33.063924],[112.052216,33.063837],[112.051154,33.063614],[112.051036,33.063711],[112.050878,33.063744],[112.051303,33.064104],[112.051414,33.064304],[112.051207,33.06528],[112.051194,33.065448],[112.051277,33.065738],[112.050019,33.065543],[112.049561,33.065529],[112.049603,33.065322],[112.049561,33.064862],[112.049375,33.06432],[112.049233,33.064338],[112.04859,33.064648],[112.048364,33.064792],[112.048123,33.064983],[112.047718,33.065383],[112.047514,33.065621],[112.047366,33.065857],[112.047088,33.066752],[112.046873,33.066963],[112.046626,33.06713],[112.0462,33.067305],[112.045653,33.067345],[112.044891,33.067249],[112.044413,33.067103],[112.044081,33.067044],[112.043748,33.067098],[112.043665,33.067154],[112.043587,33.067251],[112.043542,33.067399],[112.043459,33.067948],[112.043536,33.06857],[112.043678,33.068991],[112.043603,33.069045],[112.043204,33.069067],[112.042922,33.069577],[112.042812,33.069849],[112.042793,33.069649],[112.042533,33.069532],[112.041731,33.069469],[112.041506,33.069402],[112.041353,33.069393],[112.040661,33.069508],[112.040261,33.069649],[112.039309,33.069679],[112.038947,33.069759],[112.038679,33.06998],[112.03785,33.069986],[112.037762,33.070061],[112.037201,33.070252],[112.036938,33.070276],[112.03701,33.070515],[112.037099,33.071128],[112.036536,33.07114],[112.03604,33.071216],[112.035476,33.071468],[112.03538,33.071474],[112.035063,33.071755],[112.034747,33.072198],[112.034653,33.072362],[112.034693,33.072549],[112.033499,33.072396],[112.03343,33.073365],[112.033336,33.07358],[112.033135,33.07439],[112.032757,33.074286],[112.032652,33.074599],[112.032319,33.07465],[112.032024,33.074769],[112.031668,33.075116],[112.03156,33.075347],[112.03145,33.075482],[112.03144,33.075738],[112.031198,33.076608],[112.030981,33.076626],[112.030624,33.07657],[112.02983,33.076408],[112.029452,33.076244],[112.028114,33.076053],[112.026982,33.076055],[112.026684,33.075628],[112.0264,33.075628],[112.026303,33.075498],[112.026145,33.075522],[112.026287,33.07737],[112.025566,33.077383],[112.025423,33.075662],[112.024774,33.075853],[112.024216,33.075929],[112.024147,33.075163],[112.024181,33.074963],[112.024334,33.074857],[112.024503,33.074848],[112.02456,33.074192],[112.023441,33.074201],[112.023353,33.075021],[112.023312,33.075194],[112.023227,33.075214],[112.023087,33.075221],[112.023245,33.074284],[112.023176,33.074338],[112.022827,33.074412],[112.022443,33.074632],[112.022419,33.074778],[112.022178,33.075089],[112.022089,33.075134],[112.020963,33.074916],[112.020697,33.075743],[112.020625,33.075846],[112.020617,33.076403],[112.020032,33.076392],[112.019818,33.076336],[112.019793,33.07712],[112.018849,33.077084],[112.018766,33.07942],[112.018661,33.079784],[112.018616,33.080773],[112.018997,33.080795],[112.018908,33.081298],[112.018914,33.081548],[112.015808,33.081328],[112.015365,33.081321],[112.015413,33.081698],[112.01533,33.081663],[112.015295,33.081552],[112.015263,33.081537],[112.013726,33.081413],[112.013356,33.081391],[112.013281,33.081413],[112.013192,33.081525],[112.013048,33.082204],[112.01283,33.082386],[112.012734,33.08264],[112.012793,33.082867],[112.012951,33.083121],[112.012951,33.083213],[112.013021,33.083341],[112.012997,33.08344],[112.012822,33.083517],[112.012568,33.083739],[112.01246,33.083894],[112.012433,33.084056],[112.012578,33.084555],[112.013954,33.084537],[112.01396,33.085128],[112.01283,33.085182],[112.012871,33.085362],[112.012833,33.085625],[112.0125,33.086128],[112.012458,33.086306],[112.012482,33.086429],[112.012726,33.086699],[112.012774,33.086865],[112.01282,33.087636],[112.012382,33.089387],[112.012372,33.089593],[112.012482,33.089849],[112.012522,33.090049],[112.0125,33.090184],[112.012399,33.090351],[112.012171,33.090445],[112.012128,33.090512],[112.012122,33.090683],[112.012187,33.090818],[112.012348,33.091004],[112.012358,33.091112],[112.012272,33.091852],[112.01234,33.092337],[112.012313,33.092524],[112.012246,33.09264],[112.012278,33.092751],[112.011867,33.092816],[112.011607,33.092906],[112.011194,33.093164],[112.011143,33.093481],[112.01099,33.093932],[112.008729,33.093638],[112.008898,33.093283],[112.00911,33.093002],[112.009384,33.092764],[112.009649,33.092454],[112.009684,33.092216],[112.009944,33.091542],[112.010129,33.091395],[112.010132,33.091339],[112.009494,33.091346],[112.009529,33.091647],[112.009038,33.091661],[112.009134,33.090733],[112.009223,33.090342],[112.008327,33.090328],[112.007978,33.090351],[112.007495,33.090169],[112.007278,33.089953],[112.006913,33.090099],[112.00576,33.09073],[112.005951,33.090721],[112.006063,33.090753],[112.006095,33.090831],[112.006111,33.091083],[112.006052,33.091685],[112.006326,33.09173],[112.007217,33.091748],[112.007203,33.091899],[112.00532,33.091901],[112.00528,33.091721],[112.005017,33.091692],[112.003762,33.091333],[112.003673,33.091474],[112.0034,33.092146],[112.003239,33.092344],[112.003005,33.092413],[112.002651,33.09229],[112.002536,33.092438],[112.002549,33.092604],[112.002895,33.09269],[112.002812,33.093339],[112.002587,33.093341],[112.00278,33.093645],[112.002914,33.093928],[112.002914,33.094182],[112.004156,33.094535],[112.004566,33.094586],[112.004419,33.095213],[112.004357,33.095856],[112.003671,33.095892],[112.003416,33.095874],[112.00333,33.095901],[112.001305,33.095373],[112.001139,33.095728],[112.00101,33.0958],[112.000441,33.095676],[111.99983,33.095492],[111.999637,33.095535],[111.999618,33.095971],[111.999489,33.096137],[111.999393,33.096164],[111.998797,33.096123],[111.998325,33.096045],[111.998287,33.096182],[111.998502,33.09689],[111.998513,33.09711],[111.998915,33.097114],[111.999848,33.097206],[111.999776,33.097584],[111.999763,33.098249],[111.998907,33.098283],[111.998346,33.098206],[111.998414,33.098325],[111.998486,33.098642],[111.99873,33.098919],[111.998542,33.099062],[111.998161,33.099224],[111.99766,33.099516],[111.996775,33.09988],[111.996694,33.099705],[111.996461,33.099696],[111.995871,33.099871],[111.994664,33.10006],[111.994567,33.09988],[111.99443,33.09917],[111.994328,33.099013],[111.994189,33.09888],[111.993899,33.098907],[111.9938,33.098874],[111.993787,33.09851],[111.991577,33.09904],[111.99108,33.099116],[111.99082,33.099107],[111.990606,33.099024],[111.990324,33.098319],[111.98982,33.097579],[111.989731,33.097528],[111.98971,33.097386],[111.989189,33.097377],[111.988382,33.09746],[111.988363,33.098195],[111.988387,33.098647],[111.987596,33.098325],[111.987803,33.098622],[111.9878,33.099096],[111.988181,33.099334],[111.98828,33.09968],[111.988452,33.10011],[111.988575,33.100608],[111.986636,33.100799],[111.986569,33.100611],[111.985646,33.100754],[111.985563,33.100447],[111.98463,33.100622],[111.984579,33.101476],[111.98463,33.101918],[111.984359,33.101716],[111.984176,33.101653],[111.983962,33.10166],[111.983581,33.101718],[111.982642,33.101934],[111.982428,33.101999],[111.982379,33.102094],[111.981878,33.102168],[111.981835,33.102222],[111.981905,33.102669],[111.982079,33.102824],[111.982224,33.103581],[111.982656,33.104788],[111.982889,33.105551],[111.982985,33.106082],[111.982902,33.106958],[111.982728,33.107713],[111.982256,33.108333],[111.982071,33.108811],[111.981985,33.109625],[111.9821,33.110395],[111.982213,33.110831],[111.982532,33.11129],[111.982631,33.111631],[111.982715,33.112424],[111.982669,33.112876],[111.981998,33.113741],[111.981776,33.11419],[111.981604,33.115942],[111.981685,33.116259],[111.982106,33.116607],[111.986564,33.119341],[111.983576,33.121208],[111.985941,33.121895],[111.985606,33.122156],[111.985241,33.122545],[111.984925,33.123093],[111.985019,33.123367],[111.985362,33.123524],[111.98684,33.123735],[111.989643,33.124032],[111.992446,33.124263],[111.993543,33.12451],[111.993811,33.12524],[111.994087,33.12577],[111.994275,33.126361],[111.994331,33.126923],[111.99453,33.127812],[111.994911,33.12816],[111.995184,33.128794],[111.995192,33.13082],[111.995254,33.131372],[111.995308,33.132922],[111.995023,33.133547],[111.994548,33.134881],[111.994554,33.135352],[111.994645,33.13595],[111.994594,33.136664],[111.994503,33.137178],[111.994374,33.137558],[111.9913,33.140226],[111.991306,33.140639],[111.991746,33.142674],[111.992134,33.143786],[111.992636,33.14415],[111.993071,33.144208],[111.993411,33.144291],[111.99358,33.144269],[111.993492,33.143945],[111.994055,33.143995],[111.994704,33.143921],[111.995029,33.143828],[111.995562,33.143806],[111.995645,33.143977],[111.995766,33.144028],[111.996061,33.144073],[111.996305,33.144037],[111.996598,33.144134],[111.996933,33.144347],[111.996761,33.144655],[111.996721,33.144823],[111.996096,33.144711],[111.995978,33.14525],[111.996107,33.145288],[111.996493,33.145279],[111.997105,33.145439],[111.997185,33.145427],[111.997255,33.145374],[111.997284,33.145252],[111.997343,33.145187],[111.997673,33.145158],[111.998076,33.145043],[111.99876,33.144996],[111.999122,33.144918],[111.999315,33.144996],[111.999878,33.145077],[111.999961,33.144945],[112.000031,33.144612],[112.000189,33.144648],[112.00054,33.144653],[112.000994,33.144504],[112.00119,33.14448],[112.001356,33.144538],[112.001772,33.144796],[112.001941,33.144967],[112.00145,33.146074],[112.001278,33.145989],[112.001123,33.146092],[112.001026,33.146229],[112.001882,33.146503],[112.002123,33.146831],[112.00222,33.14702],[112.002246,33.14715],[112.001852,33.147217],[112.001495,33.147332],[112.001431,33.148125],[112.001718,33.148143],[112.002367,33.147808],[112.002788,33.14739],[112.00311,33.147258],[112.003469,33.147213],[112.00422,33.14717],[112.004253,33.147512],[112.005143,33.147433],[112.005098,33.147808],[112.00539,33.147875],[112.006798,33.147729],[112.006932,33.146764],[112.007318,33.146757],[112.007509,33.146818],[112.008169,33.146845],[112.008053,33.147112],[112.008107,33.147296],[112.007866,33.147509],[112.007841,33.147617],[112.008,33.147925],[112.007466,33.148423],[112.007125,33.148798],[112.006892,33.149169],[112.006613,33.149485],[112.006321,33.149629],[112.006221,33.149867],[112.006047,33.149971],[112.005959,33.150108],[112.005964,33.150388],[112.006219,33.15037],[112.006288,33.150395],[112.006441,33.151132],[112.006707,33.151053],[112.006873,33.151641],[112.006935,33.1517],[112.007158,33.151614],[112.007332,33.152403],[112.007624,33.152304],[112.007836,33.152284],[112.008051,33.153007],[112.008249,33.152933],[112.008362,33.152849],[112.008445,33.152874],[112.008507,33.152937],[112.008625,33.153117],[112.008987,33.154053],[112.00903,33.154289],[112.008987,33.154745],[112.009201,33.154933],[112.009453,33.155311],[112.009842,33.156036],[112.010245,33.156546],[112.011299,33.157605],[112.011119,33.15768],[112.010626,33.158122],[112.01054,33.158162],[112.010172,33.157774],[112.009987,33.157507],[112.009837,33.157403],[112.009647,33.158028],[112.009561,33.158212],[112.009335,33.158441],[112.009993,33.15891],[112.010095,33.158955],[112.010556,33.158975],[112.010639,33.159034],[112.010816,33.159209],[112.010972,33.159483],[112.011162,33.160114],[112.011757,33.160129],[112.011964,33.159927],[112.012128,33.159667],[112.012152,33.159555],[112.012377,33.159631],[112.012908,33.159597],[112.013584,33.159319],[112.013471,33.159137],[112.013007,33.158659],[112.012873,33.158459],[112.013018,33.158252],[112.014222,33.158831],[112.01433,33.15871],[112.014338,33.158656],[112.014158,33.158535],[112.01327,33.158001],[112.013608,33.15765],[112.013694,33.157448],[112.014139,33.157601],[112.014263,33.157098],[112.013541,33.156826],[112.01345,33.156734],[112.013986,33.156182],[112.014126,33.156328],[112.014222,33.156379],[112.014287,33.156346],[112.014319,33.156272],[112.014158,33.155668],[112.014104,33.155562],[112.014228,33.155409],[112.014365,33.155396],[112.014963,33.155513],[112.015325,33.155506],[112.015631,33.15571],[112.016003,33.155903],[112.017682,33.156555],[112.018122,33.156921],[112.018297,33.156741],[112.018726,33.156072],[112.018753,33.155686],[112.018817,33.155672],[112.018997,33.155757],[112.019045,33.15571],[112.018965,33.155468],[112.019155,33.155389],[112.01926,33.155423],[112.019324,33.155531],[112.019286,33.155816],[112.018747,33.156959],[112.018881,33.156918],[112.019337,33.156934],[112.020164,33.157213],[112.020617,33.157534],[112.020984,33.157945],[112.021837,33.157473],[112.021754,33.157257],[112.02177,33.15719],[112.022116,33.157071],[112.022022,33.156799],[112.021942,33.156694],[112.022607,33.156642],[112.022926,33.156445],[112.023036,33.156224],[112.022867,33.155468],[112.022905,33.154716],[112.022569,33.154684],[112.022569,33.154482],[112.022615,33.154197],[112.023036,33.154165],[112.023082,33.153891],[112.023084,33.153447],[112.023149,33.153159],[112.02251,33.152989],[112.021982,33.152915],[112.021416,33.152899],[112.02136,33.152849],[112.021322,33.1526],[112.020703,33.152488],[112.020939,33.151715],[112.021092,33.151639],[112.021185,33.151525],[112.021349,33.151278],[112.021387,33.151159],[112.021105,33.151098],[112.020539,33.150669],[112.020032,33.150379],[112.020223,33.149578],[112.019608,33.149607],[112.019308,33.149679],[112.019603,33.149238],[112.019726,33.149149],[112.02007,33.149003],[112.020429,33.148922],[112.020772,33.148785],[112.020818,33.149039],[112.021188,33.149],[112.021196,33.148493],[112.021411,33.148313],[112.021596,33.148351],[112.021762,33.148324],[112.021974,33.147592],[112.02214,33.147202],[112.020952,33.147035],[112.020976,33.146788],[112.021314,33.146784],[112.022232,33.146896],[112.022175,33.147089],[112.022462,33.147179],[112.023111,33.147298],[112.02331,33.147303],[112.023597,33.147213],[112.023683,33.14715],[112.023822,33.146916],[112.022741,33.146701],[112.022642,33.146651],[112.022687,33.146382],[112.023355,33.146321],[112.023345,33.146162],[112.023095,33.146054],[112.023079,33.145899],[112.023428,33.145908],[112.023436,33.145326],[112.024004,33.145246],[112.024114,33.145553],[112.024468,33.145297],[112.024691,33.145115],[112.024471,33.144803],[112.024694,33.144711],[112.024544,33.144567],[112.024895,33.144251],[112.025343,33.143754],[112.025469,33.143674],[112.025582,33.143761],[112.025729,33.143802],[112.025984,33.14359],[112.026121,33.143375],[112.026196,33.142908],[112.025933,33.14287],[112.025445,33.142658],[112.025469,33.142467],[112.025525,33.142369],[112.025957,33.141991],[112.026338,33.142059],[112.02648,33.142036],[112.026566,33.141789],[112.026652,33.141365],[112.026654,33.140307],[112.02684,33.140329],[112.027046,33.140309],[112.027011,33.140105],[112.026783,33.139537],[112.026633,33.139386],[112.026617,33.13882],[112.026477,33.138405],[112.02641,33.138331],[112.02644,33.13814],[112.026555,33.137989],[112.026622,33.137715],[112.026445,33.136889],[112.026472,33.136496],[112.026566,33.136332],[112.026625,33.136244],[112.026767,33.136269],[112.027081,33.13608],[112.027384,33.135732],[112.027625,33.135121],[112.027494,33.135067],[112.027411,33.13475],[112.027448,33.134299],[112.027406,33.134175],[112.027384,33.133892],[112.027497,33.133578],[112.027491,33.133441],[112.027212,33.133273],[112.027304,33.133048],[112.027408,33.132556],[112.027532,33.132343],[112.027231,33.13226],[112.02736,33.131871],[112.027789,33.131864],[112.027915,33.131902],[112.028288,33.131848],[112.02847,33.131947],[112.028543,33.13203],[112.028586,33.132226],[112.028637,33.132266],[112.02872,33.132271],[112.028784,33.132224],[112.028843,33.13199],[112.029256,33.131543],[112.029932,33.131732],[112.030656,33.131781],[112.030965,33.131738],[112.030868,33.13195],[112.030549,33.132459],[112.030624,33.13261],[112.030742,33.132729],[112.03104,33.1329],[112.031206,33.132459],[112.031458,33.131932],[112.031541,33.131819],[112.032258,33.1319],[112.032499,33.131994],[112.032692,33.132003],[112.032714,33.132118],[112.032539,33.133362],[112.032834,33.133281],[112.032963,33.132188],[112.033572,33.132309],[112.033379,33.133156],[112.034723,33.133057],[112.03479,33.132924],[112.034806,33.132612],[112.035154,33.132621],[112.035106,33.132224],[112.035015,33.131943],[112.036021,33.131972],[112.036123,33.131426],[112.036817,33.131419],[112.037252,33.131453],[112.038344,33.131348],[112.039647,33.131489],[112.040162,33.131574],[112.040589,33.131902],[112.040784,33.132131],[112.040886,33.132401],[112.04102,33.132473],[112.041168,33.132482],[112.041452,33.132857],[112.041798,33.13314],[112.041959,33.133205],[112.04212,33.133187],[112.041932,33.132843],[112.041796,33.132507],[112.041873,33.132412],[112.042227,33.132311],[112.043099,33.132237],[112.043424,33.13228],[112.043834,33.132392],[112.043982,33.131889],[112.044132,33.131729],[112.044545,33.131893],[112.044376,33.132374],[112.044102,33.132785],[112.043976,33.133073],[112.044188,33.133313],[112.044239,33.133335],[112.044328,33.133268],[112.044773,33.133077],[112.044875,33.132331],[112.045003,33.132127],[112.045261,33.132203],[112.045382,33.132096],[112.045441,33.132127],[112.045628,33.132275],[112.045738,33.132455],[112.045738,33.13256],[112.046264,33.132698],[112.046589,33.132738],[112.046747,33.13272],[112.046685,33.132612],[112.045859,33.132203],[112.045819,33.132116],[112.04606,33.131822],[112.046396,33.131534],[112.046527,33.131366],[112.046626,33.131132],[112.04701,33.131002],[112.047715,33.131006],[112.047978,33.131094],[112.048281,33.129663],[112.047772,33.129587],[112.047686,33.129512],[112.04753,33.129146],[112.047849,33.129088],[112.048139,33.128964],[112.048356,33.128832],[112.04845,33.128693],[112.048265,33.127965],[112.048185,33.127877],[112.048021,33.127844],[112.048016,33.12768],[112.048091,33.127489],[112.048029,33.127165],[112.048037,33.127017],[112.048155,33.126983],[112.048252,33.126857],[112.048439,33.126808],[112.049134,33.126976],[112.04915,33.126822],[112.049274,33.126453],[112.049292,33.126249],[112.049536,33.126235],[112.049705,33.126357],[112.049829,33.126498],[112.049933,33.126536],[112.050097,33.126485],[112.050113,33.126377],[112.0504,33.126141],[112.052688,33.126242],[112.052484,33.126947],[112.052503,33.127066],[112.052768,33.127096],[112.052986,33.127179],[112.053066,33.127114],[112.053283,33.127087],[112.053935,33.127136],[112.054257,33.127203],[112.054681,33.127376],[112.054844,33.12741],[112.054861,33.127217],[112.054928,33.127019],[112.055488,33.127262],[112.055582,33.127201],[112.05574,33.127239],[112.055856,33.127172],[112.055797,33.126974],[112.056223,33.126907],[112.056336,33.127365],[112.057157,33.127614],[112.057124,33.126682],[112.057149,33.126184],[112.057208,33.126058],[112.057701,33.12599],[112.057744,33.125813],[112.057811,33.125737],[112.057959,33.125678],[112.058109,33.125633],[112.058318,33.125644],[112.058685,33.125566],[112.058731,33.125532],[112.058677,33.125069],[112.058677,33.124387],[112.058779,33.124321],[112.059796,33.124144],[112.060016,33.12409],[112.060169,33.124014],[112.060314,33.124479],[112.060432,33.124465],[112.060547,33.124308],[112.060735,33.124243],[112.060955,33.124407],[112.061301,33.124807],[112.061577,33.125303],[112.061665,33.125662],[112.061663,33.125986],[112.061708,33.126076],[112.062805,33.125892],[112.062886,33.126038],[112.06299,33.12637],[112.063044,33.126433],[112.063723,33.126451],[112.063825,33.126408],[112.06383,33.126246],[112.063733,33.126033],[112.063849,33.125963],[112.064106,33.125894],[112.064677,33.125808],[112.064712,33.125759],[112.064546,33.125348],[112.064771,33.125182],[112.064962,33.124921],[112.065115,33.124777],[112.065756,33.125182],[112.066475,33.125725],[112.066799,33.12593],[112.067483,33.125067],[112.067918,33.124804],[112.068003,33.124941],[112.068087,33.125184],[112.068065,33.125317],[112.067907,33.125355],[112.067971,33.125528],[112.068089,33.125662],[112.068339,33.125579],[112.068449,33.125606],[112.068626,33.125822],[112.068795,33.12573],[112.069441,33.125539],[112.069412,33.125775],[112.069497,33.126118],[112.069387,33.126163],[112.069275,33.125887],[112.069184,33.12582],[112.068993,33.12586],[112.069079,33.126091],[112.069149,33.12646],[112.069178,33.126505],[112.069318,33.126534],[112.069626,33.12655],[112.069862,33.126604],[112.070879,33.126446],[112.070396,33.125319],[112.071058,33.125184],[112.071332,33.125999],[112.071415,33.126085],[112.072005,33.12615],[112.072,33.125925],[112.07193,33.125543],[112.071697,33.124845],[112.071485,33.124378],[112.071455,33.124223],[112.07263,33.123719],[112.072729,33.123609],[112.072657,33.12332],[112.072405,33.122697],[112.072217,33.122751],[112.072105,33.122729],[112.072024,33.122652],[112.071957,33.122396],[112.071772,33.122342],[112.071233,33.122324],[112.071123,33.12165],[112.071072,33.121509],[112.071262,33.121217],[112.071388,33.121107],[112.071793,33.121093],[112.071871,33.120386],[112.071895,33.119388],[112.071944,33.118935],[112.070975,33.118741],[112.071069,33.118169],[112.071356,33.118103],[112.071522,33.117993],[112.072201,33.118058],[112.072322,33.117407],[112.07256,33.116704],[112.072595,33.116331],[112.0727,33.115814],[112.071085,33.11578],[112.071088,33.115542],[112.072048,33.1155],[112.072727,33.115536],[112.072746,33.115176],[112.072357,33.115131],[112.071069,33.11508],[112.071053,33.11492],[112.071091,33.114781],[112.072764,33.114799],[112.07277,33.114727],[112.072657,33.114322],[112.07266,33.114179],[112.071801,33.114224],[112.071812,33.113826],[112.072214,33.11383],[112.07222,33.112694],[112.072032,33.112613],[112.071694,33.112559],[112.070946,33.112321],[112.070611,33.112175],[112.070474,33.111892],[112.070326,33.111732],[112.070294,33.111525],[112.070348,33.111054],[112.070833,33.110982],[112.070825,33.110748],[112.070742,33.110514],[112.070734,33.110263],[112.070839,33.110216],[112.071021,33.110207],[112.070978,33.109935],[112.070619,33.109926],[112.070546,33.109528],[112.070291,33.109104],[112.07031,33.108865],[112.070265,33.1086],[112.070053,33.108275],[112.070179,33.10823],[112.070782,33.108205],[112.071745,33.108225],[112.071654,33.107504],[112.0717,33.106888],[112.072059,33.105628],[112.070991,33.105444],[112.070798,33.105358],[112.07057,33.105172],[112.070731,33.105064],[112.071533,33.105178],[112.072158,33.105217],[112.072231,33.104947],[112.071324,33.104783],[112.071045,33.104776],[112.070903,33.104725],[112.071053,33.104201],[112.071211,33.104197],[112.072365,33.104394],[112.072563,33.103255],[112.07126,33.103013],[112.071289,33.102752],[112.071091,33.102327],[112.071123,33.10135],[112.070847,33.101195],[112.07078,33.101064],[112.070632,33.101044],[112.070374,33.101073],[112.070283,33.100745],[112.070299,33.100348],[112.068634,33.100307],[112.068325,33.099963],[112.06828,33.099858],[112.068366,33.099379],[112.068033,33.09926],[112.068097,33.099157],[112.068674,33.099316],[112.069978,33.099485],[112.069889,33.099341],[112.069685,33.099161],[112.069023,33.098941],[112.068969,33.098842],[112.06888,33.098768],[112.068427,33.098649],[112.068242,33.098537],[112.068183,33.098469],[112.068135,33.098334],[112.068138,33.098018],[112.068392,33.098018],[112.069479,33.098166],[112.069699,33.098148],[112.069642,33.097815],[112.070957,33.097809],[112.070876,33.097611],[112.068679,33.097521],[112.068221,33.097535],[112.068253,33.097031],[112.068073,33.096935],[112.068006,33.095768],[112.068046,33.095607],[112.068223,33.095483],[112.068175,33.094921],[112.068229,33.094791],[112.067883,33.094732],[112.06781,33.094645],[112.067864,33.09458],[112.068001,33.094539],[112.068516,33.09451],[112.06987,33.094544],[112.069693,33.094263],[112.069082,33.094306],[112.0678,33.094312],[112.067746,33.094079],[112.068516,33.094063],[112.069385,33.09409],[112.069591,33.094056],[112.069167,33.09291],[112.069052,33.092375],[112.069028,33.092004],[112.069058,33.090258],[112.069315,33.090211],[112.070028,33.090207],[112.070358,33.090238],[112.070396,33.089094],[112.070058,33.089103],[112.069269,33.089056],[112.069253,33.0886],[112.0691,33.088431],[112.069578,33.085688],[112.069618,33.085303],[112.07057,33.085299],[112.070602,33.084654],[112.070471,33.084604],[112.07016,33.084591],[112.069712,33.08464],[112.069594,33.084681],[112.069578,33.084483],[112.069784,33.084443],[112.070589,33.084413],[112.070589,33.084256],[112.070128,33.084249],[112.069661,33.084292],[112.069548,33.084247],[112.069449,33.083042],[112.06872,33.082993],[112.06854,33.082953],[112.068529,33.082227],[112.068298,33.082119],[112.068258,33.081305],[112.068269,33.080898],[112.06829,33.080811],[112.068543,33.080824],[112.068534,33.079889],[112.067714,33.079743],[112.067759,33.079325],[112.069114,33.07962],[112.069001,33.078264],[112.066955,33.078031],[112.066941,33.077262],[112.06696,33.07677],[112.067065,33.076149],[112.067129,33.07601],[112.068803,33.076179],[112.068709,33.075293],[112.067609,33.075149],[112.067762,33.074799],[112.068666,33.074882],[112.068534,33.073511],[112.068653,33.073039],[112.068985,33.072281],[112.069052,33.071814],[112.069095,33.071162],[112.070624,33.071211],[112.070602,33.070886],[112.070758,33.070816],[112.071823,33.070823],[112.07182,33.070859],[112.072062,33.070888],[112.072925,33.070946],[112.072877,33.07082],[112.072882,33.070607],[112.072847,33.070443],[112.072904,33.070121],[112.072979,33.069849],[112.073164,33.06969],[112.073376,33.06933],[112.073416,33.069081],[112.073628,33.06877],[112.073644,33.068056],[112.073725,33.067624],[112.07359,33.067541],[112.071619,33.067157],[112.070364,33.066869],[112.070391,33.066541],[112.07079,33.064814],[112.07067,33.064803],[112.070734,33.064545],[112.069218,33.064365],[112.069111,33.064293],[112.069127,33.063837],[112.068392,33.063708],[112.068591,33.062928],[112.068795,33.062297]]]}},{"type":"Feature","properties":{"regionCode":"411324107","sourceCode":"411324107000","name":"遮山镇","sourceName":"遮山镇","parentCode":"411324","parentName":"镇平县","regionLevel":"township","regionType":"town","isManagementZone":false,"source":"ruiduobao","sourceVersion":"mixed-legacy~2018-2020","geometryRepaired":false,"match2020":true,"match2023":true},"geometry":{"type":"Polygon","coordinates":[[[112.352693,32.9812],[112.352733,32.981531],[112.351553,32.981612],[112.351494,32.980172],[112.351009,32.980219],[112.351108,32.981598],[112.350561,32.981628],[112.350585,32.981954],[112.350097,32.982001],[112.34779,32.982388],[112.347664,32.982116],[112.346932,32.980017],[112.346781,32.980017],[112.345872,32.980176],[112.34569,32.980233],[112.345701,32.98039],[112.345813,32.98084],[112.346382,32.98282],[112.34569,32.982935],[112.345835,32.98377],[112.345057,32.983371],[112.344917,32.983594],[112.345304,32.98372],[112.345701,32.983898],[112.345781,32.984127],[112.345851,32.984217],[112.345985,32.984267],[112.346234,32.984285],[112.346513,32.984397],[112.346733,32.984415],[112.346959,32.98453],[112.346822,32.984622],[112.346535,32.984631],[112.346253,32.984717],[112.346167,32.984793],[112.346146,32.985122],[112.34654,32.986879],[112.347079,32.986782],[112.347248,32.988098],[112.34698,32.988112],[112.345376,32.988402],[112.345483,32.98864],[112.345754,32.988937],[112.345977,32.989097],[112.346374,32.989255],[112.346454,32.989345],[112.346545,32.989633],[112.346677,32.989783],[112.346967,32.989876],[112.347203,32.989896],[112.34739,32.98995],[112.346709,32.990215],[112.346511,32.990033],[112.346347,32.98981],[112.346216,32.989741],[112.345851,32.989653],[112.345596,32.989453],[112.345521,32.989345],[112.345438,32.989309],[112.345161,32.989338],[112.344939,32.989169],[112.34452,32.989293],[112.344188,32.988724],[112.343496,32.988872],[112.343032,32.988937],[112.343273,32.989754],[112.34389,32.990132],[112.344129,32.9902],[112.344123,32.990416],[112.344351,32.991156],[112.344204,32.991246],[112.343866,32.991369],[112.343571,32.991446],[112.343466,32.991214],[112.342884,32.989455],[112.341508,32.989873],[112.341484,32.989689],[112.341326,32.98952],[112.340873,32.989644],[112.34083,32.989538],[112.340612,32.989315],[112.339802,32.988816],[112.338434,32.987797],[112.338129,32.987538],[112.33797,32.987448],[112.337195,32.987185],[112.336621,32.986856],[112.336393,32.986656],[112.336047,32.986062],[112.335937,32.985947],[112.335862,32.985929],[112.335707,32.985961],[112.335288,32.98617],[112.335106,32.986161],[112.334953,32.986078],[112.334749,32.986051],[112.334846,32.985547],[112.334722,32.985259],[112.334591,32.985129],[112.33413,32.985061],[112.333698,32.985174],[112.333521,32.985149],[112.333277,32.984949],[112.333078,32.984535],[112.332426,32.984746],[112.33193,32.982246],[112.331788,32.982327],[112.331686,32.982858],[112.331579,32.982951],[112.331412,32.982962],[112.330755,32.982746],[112.330369,32.982759],[112.329725,32.983173],[112.329331,32.983513],[112.328309,32.983536],[112.328333,32.983655],[112.328765,32.984697],[112.329084,32.985394],[112.329216,32.985792],[112.327427,32.986379],[112.327094,32.985581],[112.326228,32.983686],[112.32634,32.983612],[112.326273,32.983468],[112.325541,32.983581],[112.324905,32.984339],[112.324334,32.984917],[112.324219,32.985084],[112.323846,32.985106],[112.322242,32.985378],[112.32203,32.98538],[112.321971,32.985149],[112.321582,32.98521],[112.319782,32.985378],[112.319884,32.985639],[112.319758,32.985655],[112.319589,32.985792],[112.319396,32.986348],[112.318774,32.986544],[112.316287,32.986886],[112.315912,32.986895],[112.31496,32.987077],[112.315174,32.987628],[112.315319,32.988134],[112.313613,32.988566],[112.313753,32.988829],[112.313849,32.989196],[112.314194,32.990056],[112.314372,32.990733],[112.31449,32.990915],[112.314751,32.991682],[112.315019,32.993205],[112.314415,32.992924],[112.31401,32.992508],[112.313943,32.992481],[112.313337,32.992667],[112.313128,32.992989],[112.312315,32.992976],[112.312288,32.992605],[112.31232,32.992321],[112.312363,32.992231],[112.311958,32.992267],[112.31135,32.992427],[112.311293,32.992492],[112.31128,32.992596],[112.311291,32.992908],[112.311409,32.993642],[112.30922,32.993885],[112.309311,32.994591],[112.309518,32.995261],[112.309332,32.995336],[112.309029,32.995399],[112.308455,32.995419],[112.308303,32.99545],[112.307973,32.994233],[112.307833,32.994269],[112.307578,32.994537],[112.307833,32.99554],[112.307455,32.995594],[112.306782,32.995905],[112.305937,32.995896],[112.305754,32.995707],[112.305419,32.994685],[112.304574,32.994796],[112.3041,32.995043],[112.304,32.995129],[112.304035,32.99532],[112.30392,32.99532],[112.303713,32.995399],[112.303745,32.995302],[112.303619,32.994913],[112.303206,32.995021],[112.3033,32.9953],[112.303249,32.995385],[112.303153,32.995363],[112.302994,32.995252],[112.302571,32.99541],[112.302034,32.995556],[112.301256,32.995664],[112.300122,32.995336],[112.299867,32.995363],[112.300377,32.99673],[112.300484,32.996917],[112.298767,32.998193],[112.297888,32.998498],[112.296815,32.998757],[112.296571,32.99878],[112.295299,32.999212],[112.295669,33.000181],[112.295616,33.000228],[112.2949,33.000325],[112.295551,33.000845],[112.295876,33.001229],[112.296131,33.001695],[112.295986,33.001708],[112.294387,33.002131],[112.294663,33.00295],[112.295406,33.004275],[112.295487,33.004534],[112.295498,33.004797],[112.295447,33.005024],[112.295355,33.005179],[112.295211,33.00529],[112.294916,33.005388],[112.294626,33.005568],[112.294449,33.005818],[112.294417,33.006131],[112.294301,33.006392],[112.294017,33.008486],[112.294245,33.008972],[112.294304,33.009026],[112.294642,33.00964],[112.294765,33.009968],[112.29479,33.010427],[112.294709,33.010901],[112.294511,33.011336],[112.294513,33.011453],[112.294548,33.011675],[112.294865,33.012087],[112.294991,33.012125],[112.295597,33.012145],[112.297013,33.012033],[112.297249,33.01206],[112.297418,33.012696],[112.297472,33.012795],[112.297831,33.012962],[112.300682,33.012528],[112.300715,33.012593],[112.300929,33.013882],[112.301436,33.013225],[112.30182,33.012827],[112.301946,33.012744],[112.302131,33.013385],[112.302292,33.014161],[112.301632,33.013976],[112.302088,33.016497],[112.302847,33.016407],[112.302941,33.017071],[112.301511,33.017228],[112.301584,33.017451],[112.301023,33.017523],[112.300924,33.017516],[112.300886,33.017267],[112.300583,33.017287],[112.300623,33.017876],[112.299784,33.017919],[112.299725,33.017952],[112.299693,33.01847],[112.298652,33.01853],[112.298649,33.018695],[112.298515,33.019043],[112.298445,33.019448],[112.298075,33.019457],[112.298016,33.019408],[112.298011,33.019106],[112.296734,33.019232],[112.296455,33.019311],[112.296241,33.01932],[112.29652,33.020004],[112.296603,33.020354],[112.296713,33.020606],[112.297791,33.020471],[112.297853,33.020566],[112.297973,33.021396],[112.297989,33.021549],[112.297944,33.021794],[112.298164,33.021778],[112.298437,33.021816],[112.298711,33.021947],[112.298968,33.02201],[112.299636,33.022428],[112.299878,33.022513],[112.300264,33.022718],[112.30057,33.022799],[112.300827,33.022774],[112.301103,33.022642],[112.301758,33.022205],[112.301747,33.022491],[112.30182,33.022977],[112.301895,33.023937],[112.301366,33.023867],[112.301165,33.023804],[112.301224,33.023908],[112.301307,33.024229],[112.301525,33.025358],[112.301667,33.025325],[112.302361,33.0253],[112.302415,33.02534],[112.302445,33.025772],[112.301769,33.025819],[112.302471,33.026222],[112.302616,33.026168],[112.305357,33.025565],[112.305231,33.025466],[112.305996,33.025169],[112.306666,33.025945],[112.308233,33.025095],[112.309341,33.024567],[112.309853,33.024702],[112.310411,33.025046],[112.31077,33.025221],[112.313018,33.026008],[112.313085,33.02561],[112.313959,33.026145],[112.313973,33.026217],[112.314407,33.02651],[112.314995,33.026211],[112.316003,33.025902],[112.316902,33.026033],[112.317317,33.027101],[112.317323,33.027234],[112.317502,33.02716],[112.31768,33.027011],[112.317827,33.026797],[112.317983,33.026431],[112.31802,33.026204],[112.318085,33.026143],[112.318068,33.025788],[112.318093,33.025705],[112.318422,33.025477],[112.319522,33.025579],[112.320016,33.025507],[112.320072,33.025574],[112.320131,33.026208],[112.32011,33.026413],[112.320169,33.026593],[112.320847,33.027459],[112.321279,33.027776],[112.320928,33.028106],[112.320828,33.028358],[112.320997,33.028603],[112.321196,33.029037],[112.321263,33.02933],[112.321402,33.030227],[112.321376,33.030512],[112.321523,33.031142],[112.321475,33.031414],[112.3217,33.031522],[112.321955,33.031569],[112.322481,33.031821],[112.323323,33.032149],[112.323763,33.032354],[112.32475,33.032898],[112.325458,33.033359],[112.325962,33.033764],[112.326134,33.033845],[112.32644,33.033825],[112.326257,33.033537],[112.326209,33.033049],[112.326233,33.032867],[112.326539,33.033031],[112.32715,33.033256],[112.327853,33.033465],[112.32839,33.033717],[112.32861,33.033865],[112.329033,33.033735],[112.329165,33.033733],[112.330664,33.03469],[112.331343,33.035203],[112.331504,33.035648],[112.331732,33.036033],[112.331828,33.036224],[112.331917,33.036516],[112.332013,33.036644],[112.33207,33.037108],[112.333344,33.036701],[112.333298,33.036523],[112.332845,33.035392],[112.333556,33.035154],[112.334103,33.034902],[112.334374,33.034855],[112.336321,33.036402],[112.335109,33.037085],[112.335033,33.037162],[112.335752,33.037922],[112.336251,33.038511],[112.336399,33.039365],[112.33609,33.039367],[112.335876,33.039442],[112.336029,33.040008],[112.336138,33.040269],[112.336257,33.040451],[112.336857,33.040719],[112.337579,33.040892],[112.337788,33.041735],[112.337836,33.042066],[112.337683,33.042173],[112.337649,33.042286],[112.337903,33.042886],[112.338,33.042963],[112.338555,33.042949],[112.339089,33.042891],[112.339172,33.042978],[112.339247,33.043538],[112.339966,33.043511],[112.339963,33.043754],[112.340089,33.044566],[112.340924,33.044483],[112.341321,33.044476],[112.34143,33.04451],[112.341627,33.045328],[112.341685,33.045703],[112.343201,33.045595],[112.343372,33.046038],[112.343785,33.046796],[112.344019,33.046742],[112.344241,33.047221],[112.343268,33.047297],[112.342525,33.047417],[112.342493,33.04745],[112.342517,33.048215],[112.342329,33.048534],[112.342702,33.048595],[112.342868,33.04868],[112.342973,33.048871],[112.343354,33.049393],[112.343539,33.050209],[112.343764,33.050499],[112.343933,33.050663],[112.343944,33.050897],[112.34371,33.051092],[112.343753,33.051358],[112.344236,33.051931],[112.344306,33.052336],[112.344437,33.05274],[112.344542,33.052916],[112.344671,33.052916],[112.344904,33.053037],[112.346108,33.05384],[112.346213,33.053885],[112.346256,33.053775],[112.346269,33.053604],[112.34625,33.0527],[112.346323,33.050899],[112.346218,33.050575],[112.347044,33.050793],[112.347264,33.050962],[112.347337,33.051063],[112.347522,33.051142],[112.347605,33.050955],[112.347592,33.050539],[112.347704,33.049319],[112.347803,33.04926],[112.348042,33.049256],[112.348334,33.049431],[112.348718,33.049602],[112.348742,33.049377],[112.34868,33.049049],[112.348667,33.048082],[112.350373,33.048021],[112.350443,33.048197],[112.350593,33.048365],[112.351162,33.048503],[112.351331,33.048581],[112.351634,33.048817],[112.352167,33.048739],[112.352192,33.047936],[112.352173,33.047617],[112.352833,33.047632],[112.353854,33.047601],[112.353833,33.048516],[112.353895,33.048905],[112.3539,33.049175],[112.353785,33.049474],[112.353895,33.049559],[112.354141,33.049658],[112.355335,33.049649],[112.355694,33.049723],[112.356545,33.049804],[112.356923,33.04995],[112.357025,33.049905],[112.357138,33.049798],[112.357218,33.049678],[112.35728,33.049485],[112.359259,33.049595],[112.359281,33.04913],[112.359318,33.04897],[112.360799,33.048896],[112.360724,33.050782],[112.360117,33.050755],[112.360093,33.051686],[112.359957,33.05194],[112.360179,33.052118],[112.360252,33.052268],[112.360254,33.052628],[112.3613,33.052736],[112.361847,33.052722],[112.361767,33.053069],[112.3614,33.053473],[112.361375,33.053745],[112.361579,33.053822],[112.361746,33.053966],[112.362019,33.054442],[112.362156,33.054588],[112.362274,33.054779],[112.362644,33.055056],[112.362808,33.05511],[112.362907,33.055254],[112.363057,33.055726],[112.363146,33.056207],[112.363277,33.056567],[112.36354,33.056722],[112.36421,33.056872],[112.364436,33.056949],[112.364543,33.057041],[112.364905,33.057111],[112.36524,33.057124],[112.365098,33.059177],[112.36557,33.059147],[112.365501,33.060716],[112.365962,33.060739],[112.367212,33.060997],[112.367861,33.061058],[112.367826,33.062166],[112.367933,33.063535],[112.369103,33.063349],[112.369663,33.063097],[112.369736,33.06369],[112.370452,33.063506],[112.37076,33.063513],[112.370685,33.062665],[112.37065,33.0626],[112.370406,33.062501],[112.371243,33.061777],[112.372179,33.061112],[112.37289,33.061033],[112.373209,33.061101],[112.373464,33.061224],[112.373722,33.06142],[112.373955,33.061472],[112.374068,33.061461],[112.374212,33.060707],[112.375548,33.060719],[112.375637,33.060901],[112.375942,33.060382],[112.376044,33.06008],[112.376229,33.059939],[112.376814,33.059709],[112.377324,33.059249],[112.377487,33.05919],[112.377917,33.05921],[112.37841,33.059168],[112.378694,33.059084],[112.379512,33.058462],[112.380014,33.058289],[112.380339,33.058248],[112.381224,33.058284],[112.381803,33.058158],[112.382213,33.058172],[112.3825,33.058205],[112.382804,33.058282],[112.383007,33.058408],[112.383101,33.058511],[112.38316,33.05837],[112.383396,33.057414],[112.385507,33.057837],[112.385553,33.057974],[112.385531,33.058089],[112.38537,33.058419],[112.387452,33.058882],[112.387259,33.059341],[112.38699,33.059658],[112.387838,33.05995],[112.38794,33.060047],[112.387688,33.060145],[112.387205,33.060487],[112.387538,33.060696],[112.387677,33.06075],[112.387503,33.060885],[112.387336,33.061085],[112.387288,33.061198],[112.387261,33.061215],[112.387063,33.061168],[112.386425,33.062283],[112.386296,33.062445],[112.386261,33.062546],[112.386669,33.06271],[112.386934,33.062767],[112.387994,33.062764],[112.388645,33.062955],[112.38875,33.062863],[112.388967,33.062562],[112.389217,33.062157],[112.389844,33.061461],[112.390086,33.061128],[112.390308,33.060737],[112.390864,33.060256],[112.391336,33.059781],[112.39159,33.059649],[112.391963,33.059557],[112.392956,33.059415],[112.39435,33.059105],[112.395211,33.058988],[112.395576,33.058828],[112.395828,33.058617],[112.395992,33.058327],[112.396193,33.058113],[112.396539,33.057823],[112.39677,33.057468],[112.396901,33.057124],[112.397137,33.056776],[112.397738,33.056227],[112.398422,33.055063],[112.399197,33.054467],[112.39942,33.054193],[112.399734,33.05352],[112.399959,33.053165],[112.400157,33.052727],[112.400683,33.051792],[112.400962,33.051187],[112.401257,33.051034],[112.401729,33.050928],[112.402864,33.050746],[112.403314,33.050566],[112.404149,33.050067],[112.404481,33.049939],[112.406198,33.049476],[112.408271,33.049074],[112.409164,33.04897],[112.409931,33.048923],[112.410253,33.048847],[112.410564,33.048595],[112.410857,33.048251],[112.411624,33.04777],[112.412176,33.047311],[112.412463,33.04712],[112.413534,33.046625],[112.414346,33.046113],[112.414714,33.045915],[112.415097,33.045613],[112.415435,33.045285],[112.416221,33.044345],[112.416723,33.043844],[112.416967,33.043518],[112.41738,33.04283],[112.417546,33.042378],[112.417616,33.041596],[112.417576,33.041117],[112.41735,33.040593],[112.416087,33.039374],[112.415717,33.039118],[112.415408,33.038969],[112.414781,33.038888],[112.414161,33.03856],[112.413751,33.038398],[112.413367,33.03809],[112.413121,33.037521],[112.412624,33.036887],[112.411039,33.035367],[112.410406,33.034879],[112.409636,33.034108],[112.409355,33.033885],[112.408778,33.033627],[112.407826,33.033299],[112.407464,33.033107],[112.407019,33.032759],[112.406705,33.032437],[112.406479,33.032062],[112.406321,33.031612],[112.406276,33.031225],[112.406286,33.030276],[112.406573,33.02933],[112.40682,33.028599],[112.407086,33.027947],[112.407303,33.027528],[112.40796,33.026624],[112.408258,33.025781],[112.408247,33.025376],[112.408177,33.025039],[112.40788,33.024119],[112.407936,33.023755],[112.408051,33.023417],[112.408252,33.023049],[112.408719,33.02277],[112.409057,33.022338],[112.40907,33.021872],[112.408808,33.021591],[112.40844,33.021524],[112.40781,33.021225],[112.406702,33.021146],[112.405551,33.021252],[112.404784,33.021162],[112.404495,33.021157],[112.401796,33.021751],[112.400984,33.021881],[112.400611,33.021926],[112.400265,33.021893],[112.399892,33.021796],[112.399219,33.021375],[112.39883,33.021049],[112.398374,33.020818],[112.398036,33.020795],[112.397757,33.020701],[112.397553,33.020471],[112.397357,33.020179],[112.397148,33.019785],[112.397033,33.019495],[112.396971,33.019097],[112.396821,33.018708],[112.396797,33.018398],[112.396974,33.018128],[112.397258,33.017876],[112.397837,33.017271],[112.398111,33.016871],[112.398264,33.016371],[112.398739,33.015245],[112.399085,33.014226],[112.399345,33.013785],[112.399916,33.013029],[112.400922,33.011538],[112.400895,33.011014],[112.401123,33.010353],[112.40119,33.010058],[112.401051,33.008223],[112.400769,33.006785],[112.400683,33.006446],[112.400565,33.006171],[112.400281,33.005863],[112.399726,33.005373],[112.399559,33.005114],[112.399492,33.004781],[112.399597,33.004025],[112.399613,33.003636],[112.39975,33.003245],[112.399986,33.002968],[112.40027,33.002779],[112.400595,33.002646],[112.401338,33.002419],[112.402054,33.002093],[112.402502,33.001936],[112.402952,33.001857],[112.403373,33.001731],[112.404191,33.001852],[112.404559,33.001798],[112.404921,33.001812],[112.405305,33.001895],[112.406182,33.001947],[112.406608,33.002014],[112.407713,33.002111],[112.409186,33.002048],[112.409856,33.002147],[112.410462,33.002318],[112.41105,33.002655],[112.411286,33.003303],[112.411584,33.003753],[112.411962,33.003983],[112.41274,33.003836],[112.413389,33.003672],[112.41374,33.003524],[112.414083,33.003312],[112.414722,33.00304],[112.415097,33.002691],[112.41532,33.002381],[112.415489,33.002071],[112.415655,33.001218],[112.415687,33.000573],[112.415639,33.000188],[112.414585,32.998229],[112.41448,32.997963],[112.414006,32.996368],[112.413788,32.995842],[112.413523,32.995446],[112.413099,32.995],[112.412407,32.994487],[112.411291,32.993419],[112.410146,32.992744],[112.409288,32.992164],[112.408695,32.991693],[112.408357,32.991302],[112.408132,32.990883],[112.408003,32.990411],[112.407955,32.989516],[112.408051,32.988481],[112.408043,32.988188],[112.408282,32.987482],[112.408966,32.9859],[112.409411,32.985156],[112.409669,32.984607],[112.409886,32.983833],[112.410108,32.983324],[112.410535,32.982739],[112.410811,32.982201],[112.411012,32.981643],[112.411104,32.981241],[112.411203,32.9803],[112.411364,32.9796],[112.411289,32.978734],[112.411557,32.977357],[112.411812,32.976795],[112.412235,32.97648],[112.412691,32.976212],[112.413442,32.975859],[112.413748,32.975553],[112.41411,32.974889],[112.414494,32.974036],[112.414792,32.973257],[112.414853,32.972315],[112.414966,32.971653],[112.414936,32.97134],[112.414765,32.970744],[112.414561,32.970413],[112.414172,32.970161],[112.413558,32.969889],[112.413209,32.969779],[112.412847,32.969698],[112.411431,32.969673],[112.410814,32.969522],[112.410146,32.969236],[112.409819,32.968989],[112.409441,32.968325],[112.408134,32.968782],[112.407713,32.968971],[112.40759,32.968986],[112.407426,32.968557],[112.407308,32.968368],[112.407279,32.968217],[112.407153,32.967909],[112.407083,32.967825],[112.40674,32.967774],[112.405911,32.967902],[112.405592,32.968003],[112.405457,32.968129],[112.40523,32.968255],[112.404768,32.968305],[112.404267,32.968608],[112.404025,32.968818],[112.403915,32.968851],[112.403497,32.968797],[112.403164,32.968887],[112.403003,32.968894],[112.402837,32.968962],[112.40255,32.969133],[112.402132,32.969797],[112.401984,32.96981],[112.401737,32.969727],[112.40155,32.969614],[112.401407,32.96959],[112.401069,32.969365],[112.399806,32.969635],[112.399498,32.969405],[112.399082,32.969187],[112.398564,32.969004],[112.398427,32.969011],[112.398229,32.969268],[112.398025,32.969666],[112.397548,32.969889],[112.397309,32.969941],[112.396426,32.970233],[112.396153,32.970366],[112.395863,32.970591],[112.395761,32.970814],[112.395759,32.971606],[112.39567,32.972173],[112.395531,32.972816],[112.395431,32.973118],[112.395351,32.973136],[112.394978,32.973019],[112.394823,32.97346],[112.395329,32.973557],[112.395211,32.973883],[112.394919,32.97438],[112.395128,32.974475],[112.395042,32.97474],[112.395005,32.974826],[112.394774,32.974727],[112.394691,32.975062],[112.394785,32.97625],[112.394525,32.976097],[112.393962,32.97562],[112.393699,32.975332],[112.393527,32.975042],[112.393412,32.974742],[112.393363,32.9747],[112.393259,32.974733],[112.392148,32.974819],[112.392143,32.975168],[112.391837,32.975204],[112.391802,32.975244],[112.391588,32.974979],[112.391105,32.974722],[112.391025,32.974616],[112.39096,32.974313],[112.390869,32.974202],[112.390746,32.97422],[112.390477,32.974178],[112.389866,32.974256],[112.389311,32.97425],[112.388817,32.974315],[112.388857,32.974094],[112.387505,32.97425],[112.387369,32.97431],[112.387291,32.974169],[112.387103,32.973638],[112.387017,32.973165],[112.38676,32.972308],[112.38669,32.972229],[112.386084,32.97236],[112.386052,32.972454],[112.386218,32.973491],[112.38639,32.97402],[112.386626,32.974506],[112.386234,32.974641],[112.385207,32.975105],[112.384721,32.975429],[112.384804,32.975503],[112.385274,32.976192],[112.384834,32.97648],[112.384217,32.976772],[112.384394,32.977251],[112.384059,32.977461],[112.384249,32.97776],[112.384397,32.977877],[112.384373,32.978073],[112.384332,32.97816],[112.384043,32.978266],[112.383997,32.97834],[112.384037,32.978768],[112.38411,32.978894],[112.383834,32.978932],[112.383488,32.979036],[112.38378,32.979346],[112.384145,32.979524],[112.384992,32.979859],[112.385059,32.979861],[112.385387,32.980032],[112.385644,32.980336],[112.385792,32.980595],[112.385499,32.98084],[112.38537,32.98102],[112.385328,32.981432],[112.385226,32.981553],[112.385108,32.981605],[112.384858,32.98163],[112.384823,32.981819],[112.38474,32.9819],[112.384673,32.981835],[112.384526,32.98156],[112.384367,32.981479],[112.383721,32.98149],[112.383627,32.981556],[112.383592,32.981643],[112.383488,32.982215],[112.383402,32.982348],[112.383104,32.982309],[112.382715,32.982494],[112.382613,32.982624],[112.382581,32.982512],[112.38245,32.982438],[112.382232,32.982467],[112.381811,32.982753],[112.381318,32.982953],[112.381036,32.982969],[112.380435,32.982669],[112.38051,32.982793],[112.380615,32.983254],[112.380679,32.983812],[112.380666,32.984253],[112.380636,32.984339],[112.380129,32.984773],[112.379829,32.984926],[112.379773,32.984454],[112.379789,32.98419],[112.379553,32.984172],[112.378555,32.984242],[112.37855,32.984438],[112.378483,32.984589],[112.37845,32.98512],[112.378305,32.98514],[112.377973,32.985632],[112.377922,32.98577],[112.377943,32.985819],[112.377799,32.986229],[112.377691,32.98637],[112.37742,32.98655],[112.377259,32.986598],[112.376946,32.986793],[112.376465,32.987516],[112.376589,32.988146],[112.376651,32.988827],[112.376691,32.988924],[112.37693,32.988852],[112.3769,32.98934],[112.376921,32.989468],[112.376777,32.99152],[112.376806,32.991637],[112.377329,32.991693],[112.377522,32.99186],[112.377587,32.991995],[112.378407,32.992818],[112.378485,32.992766],[112.378936,32.992633],[112.379166,32.992649],[112.379416,32.992717],[112.379502,32.992789],[112.379405,32.993126],[112.379459,32.993282],[112.379448,32.993399],[112.379818,32.993498],[112.380754,32.993304],[112.380958,32.993239],[112.381071,32.993162],[112.381116,32.993178],[112.381154,32.993527],[112.381197,32.993615],[112.380403,32.993844],[112.380068,32.994112],[112.37915,32.994029],[112.378855,32.993963],[112.378719,32.99397],[112.378544,32.994038],[112.378483,32.994096],[112.378429,32.994206],[112.378413,32.994505],[112.3783,32.994593],[112.378241,32.994685],[112.378161,32.994931],[112.378123,32.995277],[112.378161,32.995527],[112.37823,32.995736],[112.378405,32.995639],[112.378474,32.995639],[112.379016,32.995421],[112.378896,32.996406],[112.376036,32.996526],[112.376036,32.9966],[112.375768,32.997245],[112.376074,32.997347],[112.3765,32.997428],[112.377292,32.997434],[112.377935,32.997545],[112.378094,32.997603],[112.378322,32.997835],[112.37834,32.997947],[112.378469,32.998109],[112.378963,32.998316],[112.378987,32.998429],[112.378804,32.99902],[112.378576,32.99927],[112.378327,32.99947],[112.378257,32.999484],[112.37763,32.999983],[112.377477,33.000012],[112.377326,33.000132],[112.377158,33.000179],[112.376766,33.000447],[112.376449,33.000532],[112.376339,33.000521],[112.376256,33.000469],[112.375835,33.000339],[112.375594,33.000341],[112.375275,33.000406],[112.375047,33.000388],[112.374947,33.000422],[112.373974,33.000226],[112.373604,32.999873],[112.373491,32.999826],[112.373349,32.99981],[112.37259,33.000019],[112.372442,33.000019],[112.371992,32.999713],[112.371672,32.999727],[112.371372,32.999578],[112.371144,32.999508],[112.370661,32.99952],[112.370334,32.999684],[112.370154,32.9997],[112.369658,32.99963],[112.369478,32.999565],[112.369224,32.999335],[112.368427,32.998723],[112.368003,32.998512],[112.367842,32.998489],[112.367405,32.99889],[112.367105,32.999218],[112.366697,32.999567],[112.366407,32.999751],[112.366005,32.999929],[112.365664,33.000003],[112.365452,32.999992],[112.364835,32.999846],[112.364736,32.999801],[112.364546,32.999567],[112.364178,32.999553],[112.362478,32.99929],[112.361805,32.999259],[112.361319,32.999331],[112.361174,32.999271],[112.361078,32.999077],[112.36107,32.998969],[112.361137,32.998741],[112.361475,32.996962],[112.361622,32.996834],[112.362051,32.996161],[112.362279,32.995664],[112.362298,32.995473],[112.362102,32.995329],[112.361979,32.995165],[112.361896,32.994958],[112.361762,32.994793],[112.361641,32.994708],[112.361113,32.994566],[112.360944,32.994487],[112.360426,32.994469],[112.35994,32.994269],[112.35924,32.99408],[112.358578,32.994076],[112.35843,32.994047],[112.358758,32.993999],[112.359053,32.993844],[112.35909,32.993795],[112.35916,32.993228],[112.359415,32.992658],[112.359388,32.992155],[112.359458,32.991939],[112.360093,32.990989],[112.360691,32.990427],[112.360622,32.989448],[112.360458,32.989133],[112.360243,32.988834],[112.361566,32.988787],[112.361826,32.988438],[112.362092,32.987725],[112.362108,32.986645],[112.362016,32.986328],[112.361917,32.985587],[112.360117,32.985617],[112.359916,32.984649],[112.36074,32.984492],[112.360729,32.984346],[112.360592,32.983806],[112.362269,32.983385],[112.362443,32.982107],[112.362561,32.982053],[112.364291,32.981673],[112.364082,32.981079],[112.364039,32.980858],[112.363079,32.981081],[112.362349,32.981157],[112.362043,32.981279],[112.359117,32.981623],[112.358379,32.981268],[112.3575,32.981551],[112.357156,32.981567],[112.355391,32.981819],[112.355649,32.982782],[112.355619,32.983162],[112.355099,32.983275],[112.354965,32.982377],[112.354458,32.982487],[112.354565,32.983302],[112.353873,32.983356],[112.353696,32.982199],[112.353339,32.982237],[112.353106,32.979967],[112.352554,32.980019],[112.352693,32.9812]]]}},{"type":"Feature","properties":{"regionCode":"411324108","sourceCode":"411324108000","name":"高丘镇","sourceName":"高丘镇","parentCode":"411324","parentName":"镇平县","regionLevel":"township","regionType":"town","isManagementZone":false,"source":"ruiduobao","sourceVersion":"mixed-legacy~2018-2020","geometryRepaired":false,"match2020":true,"match2023":true},"geometry":{"type":"Polygon","coordinates":[[[112.071099,33.127282],[112.071042,33.127053],[112.07082,33.126985],[112.070586,33.126968],[112.070474,33.126689],[112.070144,33.126768],[112.069961,33.126777],[112.069862,33.126604],[112.069178,33.126505],[112.068993,33.12586],[112.069184,33.12582],[112.069275,33.125887],[112.069387,33.126163],[112.069497,33.126118],[112.069412,33.125775],[112.069441,33.125539],[112.068795,33.12573],[112.068626,33.125822],[112.068449,33.125606],[112.068339,33.125579],[112.068089,33.125662],[112.067971,33.125528],[112.067907,33.125355],[112.068065,33.125317],[112.068087,33.125184],[112.068003,33.124941],[112.067918,33.124804],[112.067483,33.125067],[112.066799,33.12593],[112.066475,33.125725],[112.065756,33.125182],[112.065115,33.124777],[112.064962,33.124921],[112.064771,33.125182],[112.064546,33.125348],[112.064712,33.125759],[112.064677,33.125808],[112.064106,33.125894],[112.063849,33.125963],[112.063733,33.126033],[112.06383,33.126246],[112.063825,33.126408],[112.063723,33.126451],[112.063044,33.126433],[112.06299,33.12637],[112.062886,33.126038],[112.062805,33.125892],[112.061708,33.126076],[112.061663,33.125986],[112.061665,33.125662],[112.061577,33.125303],[112.061301,33.124807],[112.060955,33.124407],[112.060735,33.124243],[112.060547,33.124308],[112.060432,33.124465],[112.060314,33.124479],[112.060169,33.124014],[112.060016,33.12409],[112.059796,33.124144],[112.058779,33.124321],[112.058677,33.124387],[112.058677,33.125069],[112.058731,33.125532],[112.058685,33.125566],[112.058318,33.125644],[112.058109,33.125633],[112.057959,33.125678],[112.057811,33.125737],[112.057744,33.125813],[112.057701,33.12599],[112.057208,33.126058],[112.057149,33.126184],[112.057124,33.126682],[112.057157,33.127614],[112.056336,33.127365],[112.056223,33.126907],[112.055797,33.126974],[112.055856,33.127172],[112.05574,33.127239],[112.055582,33.127201],[112.055488,33.127262],[112.054928,33.127019],[112.054861,33.127217],[112.054844,33.12741],[112.054681,33.127376],[112.054257,33.127203],[112.053935,33.127136],[112.053283,33.127087],[112.053066,33.127114],[112.052986,33.127179],[112.052768,33.127096],[112.052503,33.127066],[112.052484,33.126947],[112.052688,33.126242],[112.0504,33.126141],[112.050113,33.126377],[112.050097,33.126485],[112.049933,33.126536],[112.049829,33.126498],[112.049705,33.126357],[112.049536,33.126235],[112.049292,33.126249],[112.049274,33.126453],[112.04915,33.126822],[112.049134,33.126976],[112.048439,33.126808],[112.048252,33.126857],[112.048155,33.126983],[112.048037,33.127017],[112.048029,33.127165],[112.048091,33.127489],[112.048016,33.12768],[112.048021,33.127844],[112.048185,33.127877],[112.048265,33.127965],[112.04845,33.128693],[112.048356,33.128832],[112.048139,33.128964],[112.047849,33.129088],[112.04753,33.129146],[112.047686,33.129512],[112.047772,33.129587],[112.048281,33.129663],[112.047978,33.131094],[112.047715,33.131006],[112.04701,33.131002],[112.046626,33.131132],[112.046527,33.131366],[112.046396,33.131534],[112.04606,33.131822],[112.045819,33.132116],[112.045859,33.132203],[112.046685,33.132612],[112.046747,33.13272],[112.046589,33.132738],[112.046264,33.132698],[112.045738,33.13256],[112.045738,33.132455],[112.045628,33.132275],[112.045441,33.132127],[112.045382,33.132096],[112.045261,33.132203],[112.045003,33.132127],[112.044875,33.132331],[112.044773,33.133077],[112.044328,33.133268],[112.044239,33.133335],[112.044188,33.133313],[112.043976,33.133073],[112.044102,33.132785],[112.044376,33.132374],[112.044545,33.131893],[112.044132,33.131729],[112.043982,33.131889],[112.043834,33.132392],[112.043424,33.13228],[112.043099,33.132237],[112.042227,33.132311],[112.041873,33.132412],[112.041796,33.132507],[112.041932,33.132843],[112.04212,33.133187],[112.041959,33.133205],[112.041798,33.13314],[112.041452,33.132857],[112.041168,33.132482],[112.04102,33.132473],[112.040886,33.132401],[112.040784,33.132131],[112.040589,33.131902],[112.040162,33.131574],[112.039647,33.131489],[112.038344,33.131348],[112.037252,33.131453],[112.036817,33.131419],[112.036123,33.131426],[112.036021,33.131972],[112.035015,33.131943],[112.035106,33.132224],[112.035154,33.132621],[112.034806,33.132612],[112.03479,33.132924],[112.034723,33.133057],[112.033379,33.133156],[112.033572,33.132309],[112.032963,33.132188],[112.032834,33.133281],[112.032539,33.133362],[112.032714,33.132118],[112.032692,33.132003],[112.032499,33.131994],[112.032258,33.1319],[112.031541,33.131819],[112.031458,33.131932],[112.031206,33.132459],[112.03104,33.1329],[112.030742,33.132729],[112.030624,33.13261],[112.030549,33.132459],[112.030868,33.13195],[112.030965,33.131738],[112.030656,33.131781],[112.029932,33.131732],[112.029256,33.131543],[112.028843,33.13199],[112.028784,33.132224],[112.02872,33.132271],[112.028637,33.132266],[112.028586,33.132226],[112.028543,33.13203],[112.02847,33.131947],[112.028288,33.131848],[112.027915,33.131902],[112.027789,33.131864],[112.02736,33.131871],[112.027231,33.13226],[112.027532,33.132343],[112.027408,33.132556],[112.027304,33.133048],[112.027212,33.133273],[112.027491,33.133441],[112.027497,33.133578],[112.027384,33.133892],[112.027406,33.134175],[112.027448,33.134299],[112.027411,33.13475],[112.027494,33.135067],[112.027625,33.135121],[112.027384,33.135732],[112.027081,33.13608],[112.026767,33.136269],[112.026625,33.136244],[112.026566,33.136332],[112.026472,33.136496],[112.026445,33.136889],[112.026622,33.137715],[112.026555,33.137989],[112.02644,33.13814],[112.02641,33.138331],[112.026477,33.138405],[112.026617,33.13882],[112.026633,33.139386],[112.026783,33.139537],[112.027011,33.140105],[112.027046,33.140309],[112.02684,33.140329],[112.026654,33.140307],[112.026652,33.141365],[112.026566,33.141789],[112.02648,33.142036],[112.026338,33.142059],[112.025957,33.141991],[112.025525,33.142369],[112.025469,33.142467],[112.025445,33.142658],[112.025933,33.14287],[112.026196,33.142908],[112.026121,33.143375],[112.025984,33.14359],[112.025729,33.143802],[112.025582,33.143761],[112.025469,33.143674],[112.025343,33.143754],[112.024895,33.144251],[112.024544,33.144567],[112.024694,33.144711],[112.024471,33.144803],[112.024691,33.145115],[112.024468,33.145297],[112.024114,33.145553],[112.024004,33.145246],[112.023436,33.145326],[112.023428,33.145908],[112.023079,33.145899],[112.023095,33.146054],[112.023345,33.146162],[112.023355,33.146321],[112.022687,33.146382],[112.022642,33.146651],[112.022741,33.146701],[112.023822,33.146916],[112.023683,33.14715],[112.023597,33.147213],[112.02331,33.147303],[112.023111,33.147298],[112.022462,33.147179],[112.022175,33.147089],[112.022232,33.146896],[112.021314,33.146784],[112.020976,33.146788],[112.020952,33.147035],[112.02214,33.147202],[112.021974,33.147592],[112.021762,33.148324],[112.021596,33.148351],[112.021411,33.148313],[112.021196,33.148493],[112.021188,33.149],[112.020818,33.149039],[112.020772,33.148785],[112.020429,33.148922],[112.02007,33.149003],[112.019726,33.149149],[112.019603,33.149238],[112.019308,33.149679],[112.019608,33.149607],[112.020223,33.149578],[112.020032,33.150379],[112.020539,33.150669],[112.021105,33.151098],[112.021387,33.151159],[112.021349,33.151278],[112.021185,33.151525],[112.021092,33.151639],[112.020939,33.151715],[112.020703,33.152488],[112.021322,33.1526],[112.02136,33.152849],[112.021416,33.152899],[112.021982,33.152915],[112.02251,33.152989],[112.023149,33.153159],[112.023084,33.153447],[112.023082,33.153891],[112.023036,33.154165],[112.022615,33.154197],[112.022569,33.154482],[112.022569,33.154684],[112.022905,33.154716],[112.022867,33.155468],[112.023036,33.156224],[112.022926,33.156445],[112.022607,33.156642],[112.021942,33.156694],[112.022022,33.156799],[112.022116,33.157071],[112.02177,33.15719],[112.021754,33.157257],[112.021837,33.157473],[112.020984,33.157945],[112.020617,33.157534],[112.020164,33.157213],[112.019337,33.156934],[112.018881,33.156918],[112.018747,33.156959],[112.019286,33.155816],[112.019324,33.155531],[112.01926,33.155423],[112.019155,33.155389],[112.018965,33.155468],[112.019045,33.15571],[112.018997,33.155757],[112.018817,33.155672],[112.018753,33.155686],[112.018726,33.156072],[112.018297,33.156741],[112.018122,33.156921],[112.017682,33.156555],[112.016003,33.155903],[112.015631,33.15571],[112.015325,33.155506],[112.014963,33.155513],[112.014365,33.155396],[112.014228,33.155409],[112.014104,33.155562],[112.014158,33.155668],[112.014319,33.156272],[112.014287,33.156346],[112.014222,33.156379],[112.014126,33.156328],[112.013986,33.156182],[112.01345,33.156734],[112.013541,33.156826],[112.014263,33.157098],[112.014139,33.157601],[112.013694,33.157448],[112.013608,33.15765],[112.01327,33.158001],[112.014158,33.158535],[112.014338,33.158656],[112.01433,33.15871],[112.014222,33.158831],[112.013018,33.158252],[112.012873,33.158459],[112.013007,33.158659],[112.013471,33.159137],[112.013584,33.159319],[112.012908,33.159597],[112.012377,33.159631],[112.012152,33.159555],[112.012128,33.159667],[112.011964,33.159927],[112.011757,33.160129],[112.011162,33.160114],[112.010972,33.159483],[112.010816,33.159209],[112.010639,33.159034],[112.010556,33.158975],[112.010095,33.158955],[112.009993,33.15891],[112.009335,33.158441],[112.009561,33.158212],[112.009647,33.158028],[112.009837,33.157403],[112.009987,33.157507],[112.010172,33.157774],[112.01054,33.158162],[112.010626,33.158122],[112.011119,33.15768],[112.011299,33.157605],[112.010245,33.156546],[112.009842,33.156036],[112.009453,33.155311],[112.009201,33.154933],[112.008987,33.154745],[112.00903,33.154289],[112.008987,33.154053],[112.008625,33.153117],[112.008507,33.152937],[112.008445,33.152874],[112.008362,33.152849],[112.008249,33.152933],[112.008051,33.153007],[112.007836,33.152284],[112.007624,33.152304],[112.007332,33.152403],[112.007158,33.151614],[112.006935,33.1517],[112.006873,33.151641],[112.006707,33.151053],[112.006441,33.151132],[112.006288,33.150395],[112.006219,33.15037],[112.005964,33.150388],[112.005959,33.150108],[112.006047,33.149971],[112.006221,33.149867],[112.006321,33.149629],[112.006613,33.149485],[112.006892,33.149169],[112.007125,33.148798],[112.007466,33.148423],[112.008,33.147925],[112.007841,33.147617],[112.007866,33.147509],[112.008107,33.147296],[112.008053,33.147112],[112.008169,33.146845],[112.007509,33.146818],[112.007318,33.146757],[112.006932,33.146764],[112.006798,33.147729],[112.00539,33.147875],[112.005098,33.147808],[112.005143,33.147433],[112.004253,33.147512],[112.00422,33.14717],[112.003469,33.147213],[112.00311,33.147258],[112.002788,33.14739],[112.002367,33.147808],[112.001718,33.148143],[112.001431,33.148125],[112.001495,33.147332],[112.001852,33.147217],[112.002246,33.14715],[112.00222,33.14702],[112.002123,33.146831],[112.001882,33.146503],[112.001026,33.146229],[112.001123,33.146092],[112.001278,33.145989],[112.00145,33.146074],[112.001941,33.144967],[112.001772,33.144796],[112.001356,33.144538],[112.00119,33.14448],[112.000994,33.144504],[112.00054,33.144653],[112.000189,33.144648],[112.000031,33.144612],[111.999961,33.144945],[111.999878,33.145077],[111.999315,33.144996],[111.999122,33.144918],[111.99876,33.144996],[111.998076,33.145043],[111.997673,33.145158],[111.997343,33.145187],[111.997284,33.145252],[111.997255,33.145374],[111.997185,33.145427],[111.997105,33.145439],[111.996493,33.145279],[111.996107,33.145288],[111.995978,33.14525],[111.996096,33.144711],[111.996721,33.144823],[111.996761,33.144655],[111.996933,33.144347],[111.996598,33.144134],[111.996305,33.144037],[111.996061,33.144073],[111.995766,33.144028],[111.995645,33.143977],[111.995562,33.143806],[111.995029,33.143828],[111.994704,33.143921],[111.994055,33.143995],[111.993492,33.143945],[111.99358,33.144269],[111.993529,33.144289],[111.993411,33.144291],[111.993071,33.144208],[111.992636,33.14415],[111.994921,33.145834],[111.99546,33.146499],[111.995656,33.147078],[111.995133,33.147482],[111.993695,33.148363],[111.992743,33.148832],[111.99269,33.149196],[111.992867,33.151614],[111.992727,33.15273],[111.992593,33.154228],[111.992534,33.155661],[111.992692,33.156296],[111.993162,33.157471],[111.993366,33.158838],[111.993958,33.160998],[111.994307,33.161762],[111.995916,33.163531],[111.99645,33.163749],[111.997587,33.163964],[112.00013,33.164548],[112.000913,33.164647],[112.001259,33.164752],[112.001573,33.164939],[112.001729,33.165278],[112.002405,33.16647],[112.002855,33.166987],[112.003217,33.167476],[112.003917,33.168253],[112.004381,33.168819],[112.004768,33.169409],[112.005006,33.169847],[112.005291,33.170595],[112.005674,33.171861],[112.005714,33.172718],[112.005666,33.173224],[112.005382,33.174146],[112.005309,33.17458],[112.005124,33.175073],[112.005052,33.175412],[112.005047,33.175754],[112.004974,33.176097],[112.004754,33.17653],[112.004599,33.17719],[112.004583,33.17772],[112.004733,33.178163],[112.004735,33.178643],[112.004513,33.179339],[112.004448,33.179862],[112.004424,33.180457],[112.004459,33.18124],[112.004588,33.181656],[112.00488,33.181977],[112.005889,33.182861],[112.00668,33.183678],[112.006876,33.184062],[112.007453,33.184688],[112.007729,33.184872],[112.008169,33.184881],[112.010229,33.184549],[112.010652,33.184572],[112.011009,33.184704],[112.011253,33.184964],[112.011438,33.18527],[112.011757,33.186015],[112.011902,33.186446],[112.012074,33.18731],[112.012141,33.188275],[112.012117,33.189272],[112.012066,33.189939],[112.012095,33.190457],[112.011728,33.192278],[112.01135,33.193528],[112.011108,33.193869],[112.010787,33.194082],[112.010073,33.194338],[112.009805,33.194571],[112.009574,33.195512],[112.009598,33.196039],[112.009885,33.196358],[112.0104,33.19656],[112.010738,33.196807],[112.010964,33.197247],[112.01099,33.197637],[112.010856,33.198275],[112.010894,33.198701],[112.011103,33.199143],[112.011489,33.199314],[112.012978,33.199379],[112.013367,33.199435],[112.014375,33.199749],[112.015384,33.200162],[112.015781,33.200232],[112.016816,33.200304],[112.017299,33.200223],[112.017696,33.199918],[112.01798,33.199586],[112.018318,33.199301],[112.018801,33.199278],[112.019348,33.199408],[112.020764,33.199862],[112.022344,33.200589],[112.022964,33.200809],[112.023479,33.200894],[112.023854,33.200901],[112.024321,33.200726],[112.024568,33.200474],[112.024702,33.200109],[112.02486,33.199413],[112.02511,33.199195],[112.025595,33.199312],[112.025855,33.199532],[112.026443,33.200346],[112.027376,33.201473],[112.027827,33.201675],[112.028186,33.20163],[112.028596,33.201437],[112.029219,33.200872],[112.029565,33.200723],[112.029895,33.200701],[112.030211,33.200921],[112.030233,33.201361],[112.030393,33.201787],[112.030766,33.201857],[112.031147,33.201769],[112.032491,33.201136],[112.032939,33.200878],[112.033682,33.200333],[112.03469,33.19972],[112.035433,33.199352],[112.036259,33.199599],[112.037182,33.199745],[112.038901,33.200162],[112.038032,33.201365],[112.037971,33.201781],[112.03822,33.202871],[112.038464,33.20354],[112.039618,33.206161],[112.039918,33.206581],[112.040071,33.207003],[112.039988,33.207474],[112.039792,33.208271],[112.039797,33.20872],[112.03995,33.209139],[112.040878,33.21025],[112.043351,33.211942],[112.04621,33.213807],[112.049156,33.21567],[112.049748,33.215838],[112.051052,33.216051],[112.051851,33.216069],[112.052211,33.216204],[112.051907,33.216455],[112.051948,33.217018],[112.052235,33.217566],[112.053117,33.218459],[112.053552,33.219083],[112.053922,33.219379],[112.054477,33.219605],[112.054992,33.219727],[112.055601,33.220492],[112.056041,33.220909],[112.056848,33.221582],[112.05724,33.221795],[112.057929,33.222029],[112.058195,33.222208],[112.058133,33.222621],[112.057757,33.223294],[112.05665,33.224472],[112.055775,33.225596],[112.055341,33.226209],[112.055494,33.226716],[112.056481,33.227602],[112.056899,33.228145],[112.057556,33.228563],[112.058329,33.228904],[112.058688,33.229348],[112.059037,33.230005],[112.059415,33.230757],[112.059627,33.231446],[112.059981,33.232112],[112.060332,33.232168],[112.060587,33.232522],[112.060877,33.232819],[112.061376,33.233079],[112.061754,33.233182],[112.061751,33.233723],[112.06185,33.234017],[112.062068,33.234302],[112.062521,33.234355],[112.062934,33.234219],[112.063269,33.234068],[112.06347,33.234607],[112.063626,33.234914],[112.063698,33.23528],[112.063648,33.23561],[112.06347,33.235915],[112.063449,33.236211],[112.063728,33.236453],[112.063916,33.236684],[112.064219,33.236893],[112.064675,33.237016],[112.065082,33.237442],[112.065209,33.237777],[112.065496,33.237981],[112.065777,33.238077],[112.06641,33.238459],[112.0667,33.238495],[112.067499,33.238421],[112.067864,33.238674],[112.068269,33.239125],[112.068631,33.239686],[112.068717,33.240229],[112.068583,33.240621],[112.068752,33.241063],[112.069103,33.241429],[112.069205,33.241826],[112.070079,33.242737],[112.071099,33.243719],[112.071367,33.244065],[112.071611,33.244635],[112.071898,33.246445],[112.071986,33.247488],[112.071504,33.248062],[112.069688,33.249199],[112.069817,33.249549],[112.069953,33.250139],[112.070184,33.250574],[112.070766,33.250998],[112.071131,33.251429],[112.071362,33.252019],[112.071437,33.252622],[112.07137,33.252963],[112.071107,33.25323],[112.070957,33.253558],[112.070994,33.25386],[112.070589,33.254506],[112.070211,33.254753],[112.069318,33.255224],[112.068725,33.255348],[112.068414,33.255372],[112.068111,33.255269],[112.067706,33.255614],[112.067008,33.25701],[112.066732,33.257465],[112.066365,33.257801],[112.066145,33.258227],[112.065729,33.258317],[112.06526,33.258317],[112.064586,33.258465],[112.064337,33.258914],[112.063881,33.259367],[112.063583,33.259721],[112.063438,33.260251],[112.063245,33.260659],[112.062092,33.262386],[112.061775,33.262953],[112.061515,33.263195],[112.060818,33.263673],[112.060493,33.264009],[112.060238,33.264413],[112.060067,33.264765],[112.059868,33.265052],[112.059589,33.265196],[112.059176,33.265501],[112.05908,33.265864],[112.057942,33.266869],[112.05746,33.269692],[112.05732,33.270314],[112.057411,33.27071],[112.057714,33.271329],[112.058173,33.272417],[112.058624,33.273034],[112.05916,33.273377],[112.061212,33.274352],[112.063232,33.275204],[112.064103,33.275395],[112.064704,33.275207],[112.065276,33.274882],[112.066126,33.274716],[112.066759,33.274698],[112.067097,33.274776],[112.067494,33.274976],[112.069173,33.275615],[112.069656,33.275727],[112.070085,33.275882],[112.070667,33.275935],[112.072214,33.275801],[112.072569,33.27572],[112.073102,33.275496],[112.073526,33.2754],[112.074454,33.275438],[112.074797,33.275507],[112.075318,33.275799],[112.076021,33.276317],[112.076493,33.276599],[112.076777,33.276626],[112.077506,33.276543],[112.078547,33.276691],[112.079749,33.276794],[112.080339,33.27738],[112.080277,33.277916],[112.080511,33.278584],[112.08068,33.278967],[112.081728,33.279019],[112.082262,33.279088],[112.084169,33.28014],[112.084912,33.280456],[112.08555,33.280824],[112.08624,33.280272],[112.086916,33.279956],[112.088782,33.280398],[112.089517,33.280019],[112.090572,33.279041],[112.090896,33.279039],[112.091583,33.279555],[112.092031,33.280048],[112.092425,33.280689],[112.092814,33.281035],[112.093468,33.2814],[112.093943,33.281497],[112.094445,33.281416],[112.094855,33.281239],[112.095236,33.280864],[112.095788,33.280187],[112.096078,33.279739],[112.096035,33.278496],[112.095807,33.277519],[112.096373,33.277202],[112.097226,33.276821],[112.09828,33.276018],[112.099071,33.275489],[112.099573,33.275312],[112.099927,33.275384],[112.100909,33.275859],[112.101121,33.276317],[112.101083,33.277041],[112.101134,33.27755],[112.100938,33.27796],[112.10081,33.278355],[112.100721,33.279014],[112.100716,33.279465],[112.101223,33.281053],[112.101534,33.281351],[112.10177,33.281723],[112.10207,33.282355],[112.103036,33.282781],[112.105501,33.284441],[112.10626,33.285212],[112.107215,33.285923],[112.107751,33.286266],[112.108435,33.286533],[112.109532,33.286797],[112.110868,33.287033],[112.111699,33.287299],[112.112769,33.287811],[112.113515,33.288225],[112.115009,33.289479],[112.115532,33.289997],[112.115554,33.290418],[112.115213,33.291514],[112.115023,33.291965],[112.114727,33.292364],[112.114577,33.292786],[112.114666,33.293252],[112.114578,33.293624],[112.114344,33.293913],[112.114347,33.294227],[112.114513,33.294698],[112.115572,33.296552],[112.115607,33.297124],[112.115792,33.297693],[112.116063,33.297965],[112.117343,33.298673],[112.117847,33.298718],[112.118201,33.298639],[112.118992,33.298086],[112.119376,33.298009],[112.120146,33.298],[112.12047,33.298097],[112.120918,33.298366],[112.121221,33.298911],[112.121677,33.299899],[112.121859,33.300195],[112.122155,33.300269],[112.122627,33.30009],[112.125295,33.298303],[112.125883,33.297974],[112.128125,33.297606],[112.12945,33.297173],[112.130451,33.296765],[112.131274,33.29651],[112.132132,33.296451],[112.133106,33.296294],[112.134528,33.296406],[112.136427,33.296884],[112.137111,33.297153],[112.137706,33.297518],[112.137945,33.29779],[112.138401,33.298729],[112.138709,33.299646],[112.138921,33.299942],[112.139637,33.300433],[112.140115,33.300899],[112.140506,33.301392],[112.140632,33.301888],[112.140616,33.30219],[112.140337,33.302107],[112.139879,33.30243],[112.139559,33.302717],[112.13927,33.302921],[112.138956,33.303015],[112.138285,33.302953],[112.137709,33.303154],[112.137062,33.30358],[112.136376,33.303872],[112.135997,33.304134],[112.135716,33.304526],[112.135587,33.305163],[112.135684,33.305732],[112.135895,33.306104],[112.136821,33.306766],[112.137829,33.307153],[112.13857,33.307221],[112.139398,33.307091],[112.140635,33.306757],[112.14155,33.306598],[112.142083,33.306692],[112.142472,33.307086],[112.142097,33.307662],[112.141866,33.308135],[112.141871,33.308483],[112.142022,33.30883],[112.142411,33.309025],[112.144098,33.309256],[112.145492,33.309518],[112.147748,33.310166],[112.148196,33.310361],[112.148641,33.310605],[112.149092,33.311074],[112.149486,33.311915],[112.149889,33.313103],[112.150264,33.314739],[112.150817,33.316323],[112.151332,33.317238],[112.151549,33.318005],[112.151887,33.318946],[112.152107,33.319937],[112.152174,33.320533],[112.152372,33.320965],[112.153037,33.321449],[112.153378,33.321638],[112.153644,33.322102],[112.154247,33.322964],[112.15447,33.32315],[112.154877,33.323146],[112.156243,33.322884],[112.156943,33.322599],[112.15716,33.322348],[112.157415,33.321974],[112.157857,33.321875],[112.159335,33.321739],[112.159853,33.321577],[112.160548,33.321044],[112.161722,33.320412],[112.16257,33.320031],[112.162975,33.320026],[112.163828,33.320205],[112.164464,33.320696],[112.167073,33.322162],[112.167556,33.322344],[112.167929,33.322371],[112.168444,33.322274],[112.169954,33.321763],[112.170475,33.321866],[112.171912,33.322893],[112.172411,33.322794],[112.172623,33.322079],[112.172682,33.320961],[112.17288,33.320539],[112.174152,33.320217],[112.174278,33.32001],[112.173454,33.319925],[112.17324,33.320044],[112.17291,33.320291],[112.172787,33.320344],[112.172556,33.32038],[112.171969,33.320398],[112.171655,33.32001],[112.171545,33.319981],[112.171142,33.320055],[112.170984,33.32014],[112.17078,33.319954],[112.16989,33.319334],[112.169458,33.318968],[112.169184,33.31878],[112.169023,33.318719],[112.168884,33.318724],[112.168964,33.318558],[112.168986,33.318273],[112.169265,33.317975],[112.169469,33.317606],[112.169538,33.316882],[112.169648,33.316418],[112.168656,33.315868],[112.168645,33.315803],[112.168699,33.315635],[112.168895,33.31529],[112.1689,33.315071],[112.168841,33.314508],[112.168884,33.314409],[112.168863,33.314277],[112.16872,33.314026],[112.168407,33.31375],[112.167519,33.313215],[112.167259,33.312986],[112.166837,33.31254],[112.166687,33.312338],[112.166449,33.311466],[112.166325,33.311296],[112.166124,33.310695],[112.166065,33.310415],[112.165968,33.310272],[112.165778,33.31015],[112.165427,33.309402],[112.165233,33.309202],[112.164861,33.30868],[112.164721,33.308272],[112.164576,33.308164],[112.164558,33.308079],[112.164448,33.307936],[112.164035,33.307566],[112.163833,33.307288],[112.163482,33.307071],[112.162712,33.306259],[112.162479,33.306048],[112.1618,33.305542],[112.161594,33.305277],[112.161473,33.304869],[112.161376,33.304331],[112.161291,33.303473],[112.161079,33.30243],[112.161175,33.302016],[112.161089,33.301885],[112.160725,33.301556],[112.160223,33.301025],[112.15996,33.300556],[112.159464,33.29996],[112.159392,33.299825],[112.159394,33.299729],[112.15981,33.299267],[112.159987,33.298586],[112.159995,33.298182],[112.159955,33.298045],[112.159856,33.297882],[112.159684,33.297718],[112.159561,33.297642],[112.159247,33.297554],[112.159134,33.297485],[112.159067,33.297375],[112.159008,33.29718],[112.159016,33.296774],[112.158979,33.296474],[112.158912,33.296299],[112.158777,33.296093],[112.158367,33.295812],[112.158177,33.295718],[112.157758,33.295599],[112.15778,33.295256],[112.157871,33.29501],[112.157884,33.294617],[112.157736,33.293974],[112.157715,33.293647],[112.157498,33.29299],[112.157179,33.292331],[112.157171,33.292216],[112.157257,33.291911],[112.157313,33.291062],[112.157254,33.290763],[112.157262,33.290636],[112.156951,33.289757],[112.156884,33.289223],[112.157069,33.288642],[112.157152,33.288512],[112.15753,33.288322],[112.157538,33.288207],[112.157147,33.287737],[112.157152,33.287512],[112.157713,33.286956],[112.157868,33.286537],[112.15789,33.286337],[112.157871,33.285896],[112.157774,33.28527],[112.157696,33.285046],[112.157474,33.284734],[112.15716,33.284508],[112.156951,33.284246],[112.15694,33.284086],[112.157034,33.283752],[112.157042,33.282893],[112.157031,33.282716],[112.156948,33.282591],[112.156913,33.282452],[112.156798,33.282288],[112.156481,33.282145],[112.155929,33.282084],[112.155406,33.282133],[112.155175,33.282122],[112.154609,33.282039],[112.154403,33.281981],[112.154282,33.2819],[112.154078,33.281719],[112.153907,33.28147],[112.153724,33.280922],[112.153451,33.280658],[112.153367,33.280519],[112.15333,33.280353],[112.153362,33.279804],[112.153169,33.279288],[112.153188,33.278945],[112.153282,33.278779],[112.153574,33.27846],[112.153555,33.278337],[112.152654,33.277667],[112.152032,33.277651],[112.151871,33.277611],[112.151434,33.277344],[112.151144,33.277097],[112.150988,33.277072],[112.150774,33.277155],[112.150672,33.27714],[112.150318,33.276949],[112.150039,33.276619],[112.149878,33.276211],[112.149701,33.27594],[112.149655,33.275808],[112.149631,33.275494],[112.149465,33.275301],[112.149467,33.275169],[112.149537,33.274951],[112.149792,33.274518],[112.149875,33.274298],[112.150031,33.273348],[112.150015,33.273054],[112.150076,33.272792],[112.150082,33.272619],[112.149899,33.272063],[112.149604,33.272054],[112.149073,33.271933],[112.148767,33.271796],[112.148022,33.271594],[112.147657,33.271459],[112.146479,33.270722],[112.145262,33.270246],[112.144366,33.269813],[112.144232,33.269636],[112.144135,33.269233],[112.143714,33.268934],[112.143604,33.268744],[112.143593,33.268436],[112.143733,33.268181],[112.143752,33.268082],[112.143575,33.267981],[112.143588,33.267779],[112.143505,33.267604],[112.143178,33.267297],[112.143014,33.267201],[112.142958,33.267116],[112.142789,33.266974],[112.141831,33.26631],[112.141137,33.265413],[112.141035,33.26518],[112.140831,33.264877],[112.14038,33.26444],[112.140233,33.264353],[112.139817,33.264254],[112.138237,33.264142],[112.138151,33.264092],[112.138014,33.263913],[112.137794,33.263731],[112.136864,33.263424],[112.136542,33.263222],[112.134509,33.262404],[112.134013,33.262155],[112.133436,33.261812],[112.13335,33.26172],[112.133208,33.261453],[112.133192,33.261311],[112.133197,33.261163],[112.133396,33.26063],[112.133382,33.260508],[112.133189,33.260277],[112.132862,33.260051],[112.132599,33.259809],[112.132215,33.259219],[112.132132,33.259145],[112.132057,33.258992],[112.131939,33.258864],[112.131588,33.25862],[112.13147,33.258483],[112.13136,33.257979],[112.131397,33.257873],[112.131408,33.257586],[112.131529,33.257297],[112.131717,33.257072],[112.131904,33.256909],[112.132205,33.256839],[112.132484,33.256608],[112.132717,33.256285],[112.132819,33.255991],[112.133186,33.255509],[112.13349,33.255009],[112.133811,33.25465],[112.134324,33.254188],[112.134544,33.253721],[112.134664,33.253571],[112.134922,33.253383],[112.135083,33.253131],[112.135249,33.252959],[112.135509,33.252757],[112.136054,33.252438],[112.136274,33.252263],[112.136373,33.252149],[112.136427,33.251963],[112.136394,33.251779],[112.136241,33.251375],[112.136123,33.250927],[112.13589,33.250523],[112.135305,33.249267],[112.135043,33.248953],[112.134731,33.248307],[112.134479,33.247098],[112.134498,33.246867],[112.134595,33.246752],[112.134632,33.246517],[112.134611,33.245978],[112.134525,33.245382],[112.134962,33.245059],[112.135579,33.244762],[112.136043,33.244442],[112.136274,33.244341],[112.136802,33.24402],[112.137102,33.243885],[112.137883,33.243654],[112.138613,33.243616],[112.138838,33.243499],[112.13898,33.24334],[112.139286,33.242391],[112.139412,33.242189],[112.139699,33.241494],[112.139814,33.241397],[112.1402,33.241243],[112.140337,33.241122],[112.140587,33.240772],[112.140764,33.240301],[112.140884,33.240202],[112.141228,33.240074],[112.141625,33.239661],[112.142105,33.239356],[112.142456,33.23897],[112.142598,33.238667],[112.142751,33.238479],[112.143773,33.238358],[112.143974,33.238284],[112.144044,33.238178],[112.144127,33.237889],[112.144205,33.23779],[112.144497,33.236902],[112.144859,33.236363],[112.145128,33.236105],[112.145227,33.235906],[112.145251,33.235392],[112.145318,33.235071],[112.145924,33.234526],[112.146142,33.234396],[112.146447,33.234068],[112.146745,33.233673],[112.147027,33.233445],[112.147048,33.233391],[112.147013,33.233117],[112.146844,33.232837],[112.146683,33.232289],[112.146563,33.232018],[112.146297,33.231731],[112.146029,33.231529],[112.145755,33.23125],[112.145796,33.231127],[112.146013,33.230784],[112.146179,33.230387],[112.146174,33.230292],[112.146868,33.229083],[112.147003,33.228316],[112.146893,33.227672],[112.146351,33.227252],[112.146273,33.225679],[112.146061,33.224872],[112.146042,33.224632],[112.145935,33.224317],[112.145871,33.224241],[112.145919,33.224232],[112.146182,33.223938],[112.146775,33.223476],[112.147579,33.2227],[112.148049,33.222197],[112.148105,33.222101],[112.148365,33.22215],[112.149084,33.222365],[112.149341,33.222475],[112.150232,33.222706],[112.150559,33.222776],[112.150967,33.222801],[112.151943,33.222408],[112.152297,33.222312],[112.152463,33.222222],[112.152987,33.222092],[112.153595,33.222031],[112.153917,33.221946],[112.154545,33.221701],[112.154679,33.221625],[112.154894,33.221127],[112.155282,33.22073],[112.155596,33.220514],[112.156125,33.220357],[112.156457,33.220368],[112.157283,33.220276],[112.157501,33.220164],[112.157844,33.219794],[112.158142,33.219554],[112.158788,33.219446],[112.159172,33.219276],[112.159292,33.218988],[112.159308,33.218591],[112.15926,33.218295],[112.159166,33.218068],[112.159081,33.217703],[112.159021,33.217059],[112.15919,33.216365],[112.159311,33.21621],[112.159622,33.215993],[112.159756,33.215735],[112.159748,33.215593],[112.159652,33.215344],[112.159587,33.215059],[112.15959,33.214606],[112.159539,33.214406],[112.159504,33.213899],[112.159359,33.213529],[112.159231,33.213352],[112.159024,33.213165],[112.158603,33.212696],[112.157519,33.211377],[112.157141,33.210989],[112.15661,33.210145],[112.156433,33.210037],[112.156213,33.209963],[112.155832,33.209929],[112.155714,33.209819],[112.155207,33.209582],[112.154966,33.209431],[112.15388,33.208567],[112.153732,33.208482],[112.153499,33.208192],[112.153402,33.207836],[112.153349,33.207779],[112.153308,33.20749],[112.153544,33.206839],[112.153689,33.206588],[112.154148,33.206139],[112.154387,33.205782],[112.154446,33.205452],[112.154419,33.205026],[112.15455,33.204525],[112.154577,33.204294],[112.154523,33.204072],[112.154529,33.203805],[112.154588,33.203493],[112.154754,33.203181],[112.15525,33.202737],[112.155323,33.202636],[112.155333,33.202382],[112.155637,33.201718],[112.155958,33.201487],[112.156192,33.201237],[112.156439,33.200795],[112.15654,33.20021],[112.156677,33.199983],[112.157128,33.199453],[112.157232,33.199152],[112.157286,33.198659],[112.157171,33.198192],[112.156889,33.197936],[112.156398,33.197646],[112.156138,33.197541],[112.155958,33.197417],[112.155827,33.197276],[112.155261,33.196989],[112.15495,33.196998],[112.154789,33.19704],[112.154652,33.19702],[112.154599,33.196843],[112.154733,33.196592],[112.154738,33.196309],[112.154824,33.196086],[112.154663,33.195649],[112.154215,33.195391],[112.153805,33.195204],[112.153464,33.194971],[112.152801,33.194706],[112.152209,33.194358],[112.152107,33.194239],[112.151986,33.193741],[112.151892,33.193662],[112.15131,33.193368],[112.15113,33.193218],[112.150578,33.192906],[112.150033,33.192643],[112.149269,33.192022],[112.149146,33.19184],[112.14895,33.191656],[112.148821,33.191483],[112.148657,33.191178],[112.148529,33.190771],[112.148378,33.190455],[112.148124,33.190204],[112.147526,33.189822],[112.147391,33.189701],[112.1473,33.18953],[112.147112,33.188906],[112.147075,33.188691],[112.147083,33.188331],[112.147016,33.187896],[112.146935,33.187651],[112.14642,33.18705],[112.146329,33.186897],[112.146166,33.186771],[112.146064,33.186639],[112.14586,33.186136],[112.14575,33.185968],[112.14557,33.18555],[112.145557,33.185288],[112.145589,33.184931],[112.145686,33.184637],[112.145838,33.184385],[112.145871,33.184129],[112.145828,33.18327],[112.14579,33.183032],[112.145551,33.182289],[112.145447,33.181674],[112.14545,33.181337],[112.145527,33.181218],[112.145817,33.180971],[112.145951,33.180769],[112.146297,33.180385],[112.146415,33.180347],[112.146683,33.180183],[112.146834,33.180044],[112.146895,33.179914],[112.146973,33.179525],[112.146938,33.179215],[112.14693,33.178522],[112.146981,33.177967],[112.148542,33.177873],[112.148781,33.177801],[112.149084,33.177595],[112.149189,33.177444],[112.149331,33.176979],[112.149194,33.176755],[112.148969,33.176683],[112.148698,33.176546],[112.148384,33.176333],[112.148266,33.176214],[112.147979,33.175574],[112.147762,33.175199],[112.147351,33.17409],[112.147292,33.173836],[112.147083,33.173421],[112.147271,33.173179],[112.147786,33.172689],[112.148403,33.172148],[112.148797,33.171917],[112.148816,33.171845],[112.14881,33.171787],[112.148708,33.171695],[112.148322,33.171477],[112.147904,33.170927],[112.147874,33.170599],[112.147949,33.170116],[112.148057,33.169665],[112.148126,33.169535],[112.148113,33.169387],[112.147947,33.168924],[112.147609,33.168628],[112.147365,33.168295],[112.147123,33.167745],[112.147088,33.167615],[112.147099,33.167265],[112.147037,33.167052],[112.147016,33.166735],[112.146876,33.166511],[112.146697,33.166378],[112.146466,33.165983],[112.146595,33.165404],[112.146528,33.165231],[112.146434,33.165118],[112.146324,33.165056],[112.145911,33.164932],[112.145114,33.164577],[112.144733,33.164476],[112.144106,33.164225],[112.143475,33.163832],[112.143205,33.163726],[112.142716,33.163639],[112.14258,33.163583],[112.142274,33.163363],[112.141753,33.163275],[112.141464,33.163138],[112.141051,33.163064],[112.140951,33.162875],[112.140876,33.162613],[112.140799,33.162018],[112.14075,33.161901],[112.140774,33.161701],[112.14096,33.161492],[112.141115,33.161409],[112.141855,33.16116],[112.142344,33.160814],[112.14251,33.160754],[112.143685,33.16061],[112.143872,33.160509],[112.144452,33.160071],[112.144395,33.159992],[112.143789,33.159707],[112.142926,33.15911],[112.143137,33.158122],[112.142199,33.158441],[112.142043,33.158448],[112.1413,33.158344],[112.140745,33.158369],[112.140723,33.158214],[112.140613,33.158115],[112.140428,33.15812],[112.140308,33.158077],[112.14027,33.157998],[112.140267,33.157877],[112.1403,33.157852],[112.141123,33.157745],[112.14093,33.157078],[112.14145,33.156945],[112.141466,33.156707],[112.141888,33.156763],[112.141914,33.156577],[112.141861,33.156496],[112.141246,33.156272],[112.140836,33.15604],[112.140281,33.155665],[112.140107,33.15593],[112.140053,33.1564],[112.139964,33.156528],[112.139675,33.156665],[112.139677,33.156793],[112.139578,33.157266],[112.139251,33.157195],[112.138714,33.156916],[112.13861,33.156788],[112.138293,33.156189],[112.137993,33.155423],[112.137776,33.155373],[112.137674,33.155443],[112.137931,33.155986],[112.1374,33.156088],[112.137212,33.156171],[112.137258,33.156319],[112.137188,33.156352],[112.136408,33.156503],[112.136193,33.156272],[112.136142,33.15582],[112.135976,33.155434],[112.135909,33.155351],[112.136558,33.155288],[112.137263,33.155293],[112.137322,33.155243],[112.137357,33.154974],[112.137333,33.154931],[112.13706,33.154852],[112.136727,33.154828],[112.13578,33.15496],[112.135504,33.155055],[112.135289,33.155174],[112.135437,33.156344],[112.135222,33.156366],[112.135112,33.155185],[112.134919,33.155167],[112.134656,33.154996],[112.134503,33.154817],[112.133991,33.154489],[112.13398,33.154354],[112.133862,33.154287],[112.133618,33.153952],[112.133594,33.153716],[112.133286,33.153727],[112.133044,33.153775],[112.132285,33.154076],[112.131304,33.154246],[112.131137,33.154246],[112.130609,33.15415],[112.130263,33.154024],[112.129871,33.153822],[112.129756,33.153754],[112.129659,33.153409],[112.129544,33.153278],[112.129431,33.153247],[112.129018,33.153245],[112.128474,33.153386],[112.128179,33.153319],[112.127782,33.153141],[112.127621,33.153141],[112.126596,33.15344],[112.126215,33.153436],[112.126076,33.153379],[112.125969,33.153265],[112.125888,33.153162],[112.125735,33.152814],[112.125623,33.152717],[112.125102,33.152751],[112.124957,33.152706],[112.124241,33.152171],[112.123895,33.15201],[112.123447,33.15198],[112.122597,33.151639],[112.121784,33.151794],[112.121546,33.15176],[112.12087,33.15156],[112.12047,33.151516],[112.119762,33.151053],[112.119529,33.150992],[112.119325,33.150995],[112.118426,33.151064],[112.117627,33.151275],[112.117455,33.151406],[112.117447,33.151556],[112.117364,33.151882],[112.117211,33.152209],[112.117096,33.152701],[112.116905,33.152989],[112.11628,33.153514],[112.115884,33.153732],[112.115251,33.154199],[112.114711,33.154255],[112.114513,33.15419],[112.113926,33.153813],[112.11374,33.153732],[112.113357,33.153644],[112.113169,33.153523],[112.112668,33.152834],[112.112421,33.152663],[112.111887,33.152412],[112.111589,33.152232],[112.11131,33.151938],[112.110187,33.150357],[112.109894,33.150029],[112.109782,33.149838],[112.109618,33.149811],[112.109317,33.149865],[112.109454,33.150278],[112.109497,33.150685],[112.109146,33.151159],[112.10914,33.151394],[112.109167,33.151421],[112.109006,33.151448],[112.108899,33.151356],[112.108867,33.150673],[112.108746,33.150373],[112.108583,33.150173],[112.107705,33.150215],[112.107435,33.150193],[112.107534,33.149816],[112.107697,33.149649],[112.108132,33.14938],[112.108588,33.148904],[112.108835,33.148789],[112.109186,33.148702],[112.109763,33.14847],[112.109969,33.148488],[112.110951,33.148861],[112.111562,33.149061],[112.111847,33.149106],[112.111812,33.14898],[112.111372,33.148324],[112.11156,33.148145],[112.111627,33.147999],[112.111616,33.147777],[112.111514,33.147613],[112.111396,33.147505],[112.11127,33.147464],[112.110787,33.147577],[112.110642,33.147431],[112.110495,33.146932],[112.110396,33.146793],[112.110565,33.146746],[112.110712,33.14675],[112.110809,33.146791],[112.110916,33.146755],[112.111029,33.146445],[112.111257,33.146231],[112.111372,33.14602],[112.111493,33.145969],[112.111576,33.145953],[112.111667,33.145984],[112.111796,33.146153],[112.11197,33.146294],[112.112193,33.146144],[112.112335,33.146124],[112.112796,33.146171],[112.112968,33.145953],[112.113231,33.14446],[112.112756,33.144107],[112.112638,33.143947],[112.112246,33.144408],[112.112209,33.144073],[112.112209,33.143956],[112.112319,33.143844],[112.112335,33.143404],[112.112525,33.142198],[112.112702,33.141558],[112.112963,33.140999],[112.112324,33.14081],[112.112107,33.140819],[112.111954,33.141023],[112.111855,33.141219],[112.111723,33.141349],[112.111023,33.141441],[112.110315,33.141466],[112.110111,33.141032],[112.109452,33.139984],[112.110337,33.139604],[112.110323,33.139413],[112.110069,33.138881],[112.110015,33.13842],[112.11038,33.138263],[112.110492,33.138021],[112.11042,33.137904],[112.110272,33.137866],[112.109535,33.13792],[112.109277,33.138],[112.109157,33.137929],[112.109154,33.137843],[112.109191,33.137789],[112.109503,33.137722],[112.109696,33.137641],[112.109771,33.137459],[112.109792,33.137302],[112.109798,33.137122],[112.109653,33.136877],[112.109454,33.136669],[112.109328,33.136397],[112.109167,33.136246],[112.108746,33.136208],[112.108684,33.136098],[112.108545,33.13606],[112.108427,33.136078],[112.10832,33.136177],[112.108188,33.136365],[112.108097,33.136603],[112.107928,33.136606],[112.107775,33.136527],[112.107754,33.136444],[112.107773,33.136352],[112.107856,33.136181],[112.108161,33.135795],[112.108164,33.135635],[112.10811,33.135521],[112.10752,33.135426],[112.107496,33.135777],[112.107435,33.135882],[112.107164,33.13588],[112.106965,33.135939],[112.106906,33.136028],[112.106861,33.136493],[112.106753,33.136803],[112.106619,33.137073],[112.106437,33.137257],[112.106236,33.137176],[112.10582,33.137104],[112.105444,33.136996],[112.105235,33.137464],[112.105117,33.137601],[112.104811,33.13738],[112.104452,33.136947],[112.104369,33.136884],[112.104613,33.137457],[112.104634,33.137603],[112.104532,33.137672],[112.104389,33.137557],[112.103913,33.136963],[112.103816,33.136893],[112.103532,33.136943],[112.103215,33.137075],[112.103454,33.137372],[112.104036,33.137848],[112.103425,33.138041],[112.102869,33.138173],[112.101821,33.138369],[112.101861,33.138537],[112.102078,33.13898],[112.102043,33.139108],[112.101209,33.139287],[112.101306,33.13946],[112.1017,33.139393],[112.101703,33.139716],[112.101794,33.140121],[112.101786,33.140305],[112.101451,33.140293],[112.101373,33.140163],[112.10129,33.139656],[112.101156,33.139656],[112.100957,33.139772],[112.100815,33.13929],[112.100375,33.139312],[112.100308,33.139047],[112.10016,33.138742],[112.099806,33.138807],[112.099758,33.13898],[112.099857,33.139761],[112.099307,33.139514],[112.099232,33.139505],[112.09913,33.13889],[112.098862,33.138861],[112.098133,33.138932],[112.09805,33.139016],[112.098296,33.13931],[112.09813,33.139388],[112.097932,33.139155],[112.097698,33.13906],[112.097103,33.139049],[112.096851,33.139105],[112.096585,33.138405],[112.096293,33.138481],[112.096255,33.138216],[112.096027,33.137643],[112.096784,33.137448],[112.096421,33.136927],[112.096212,33.136395],[112.095609,33.136363],[112.095595,33.136177],[112.09541,33.135822],[112.095182,33.135265],[112.094898,33.135307],[112.095113,33.135631],[112.095319,33.136098],[112.095408,33.13639],[112.09526,33.136428],[112.095206,33.136401],[112.095075,33.136073],[112.094855,33.136112],[112.09464,33.135489],[112.09448,33.135581],[112.094005,33.13564],[112.093863,33.135357],[112.09383,33.135114],[112.093678,33.134939],[112.09357,33.13486],[112.093232,33.134748],[112.092945,33.134773],[112.092733,33.134611],[112.092436,33.13433],[112.092079,33.133926],[112.092194,33.133839],[112.092256,33.133717],[112.092229,33.133486],[112.091907,33.133499],[112.091851,33.133234],[112.091859,33.132749],[112.091231,33.13279],[112.090767,33.132857],[112.090306,33.13281],[112.090298,33.131851],[112.090856,33.131837],[112.090837,33.131613],[112.090915,33.131071],[112.09088,33.130921],[112.090483,33.130892],[112.09036,33.131341],[112.089217,33.131397],[112.088833,33.131449],[112.088793,33.13133],[112.088807,33.130442],[112.088396,33.12903],[112.088093,33.129043],[112.088042,33.129434],[112.088268,33.129459],[112.088348,33.130341],[112.088506,33.131253],[112.088471,33.131388],[112.088353,33.131404],[112.087964,33.131352],[112.087935,33.131941],[112.08842,33.131896],[112.088375,33.132379],[112.088356,33.13338],[112.088399,33.133479],[112.088509,33.13354],[112.088369,33.133762],[112.088318,33.133942],[112.088292,33.134348],[112.088327,33.134474],[112.088246,33.134955],[112.088388,33.13524],[112.088603,33.135492],[112.088273,33.135586],[112.087736,33.135683],[112.087138,33.13575],[112.087066,33.135245],[112.086975,33.135146],[112.086862,33.135238],[112.08691,33.13568],[112.086961,33.135876],[112.087187,33.136195],[112.087173,33.136386],[112.086291,33.136453],[112.086344,33.136788],[112.086422,33.137046],[112.086111,33.13708],[112.0858,33.137165],[112.085545,33.13732],[112.085298,33.137367],[112.084644,33.137374],[112.084199,33.137423],[112.084303,33.137839],[112.084309,33.138106],[112.083359,33.138232],[112.083348,33.137926],[112.08326,33.137385],[112.08315,33.137349],[112.082959,33.137389],[112.081793,33.138187],[112.081785,33.138227],[112.081892,33.138396],[112.081873,33.138589],[112.081414,33.138874],[112.080449,33.139121],[112.080331,33.138793],[112.080106,33.138486],[112.079853,33.138562],[112.079674,33.138663],[112.079408,33.138919],[112.079247,33.139148],[112.079231,33.139427],[112.079188,33.139507],[112.078317,33.139489],[112.078341,33.139995],[112.078062,33.14008],[112.078051,33.140559],[112.078799,33.140626],[112.078772,33.141129],[112.078697,33.141304],[112.078456,33.141297],[112.078459,33.141509],[112.078724,33.141486],[112.078984,33.141526],[112.079132,33.141652],[112.079204,33.14185],[112.07918,33.142176],[112.079049,33.142562],[112.078912,33.142685],[112.078566,33.14264],[112.077332,33.142613],[112.076356,33.14271],[112.075253,33.142863],[112.074476,33.14291],[112.074036,33.142905],[112.073609,33.14298],[112.073231,33.142953],[112.072802,33.142813],[112.071965,33.142739],[112.07222,33.142366],[112.072995,33.141461],[112.073105,33.141378],[112.073692,33.141446],[112.073617,33.141345],[112.073601,33.141181],[112.073639,33.140949],[112.073371,33.140619],[112.073274,33.139813],[112.073338,33.139317],[112.073837,33.139254],[112.073647,33.138948],[112.07332,33.138692],[112.072861,33.138425],[112.072716,33.138301],[112.07307,33.138319],[112.073379,33.13829],[112.073529,33.138241],[112.073285,33.137942],[112.073027,33.137551],[112.072813,33.137154],[112.073134,33.13701],[112.073376,33.137327],[112.073617,33.13789],[112.073778,33.138133],[112.074481,33.137848],[112.074481,33.137677],[112.074221,33.137347],[112.074143,33.137169],[112.073668,33.137327],[112.073572,33.137261],[112.073483,33.137122],[112.073266,33.136972],[112.073113,33.136725],[112.072933,33.13659],[112.072805,33.136536],[112.072308,33.136765],[112.071898,33.136415],[112.071877,33.136307],[112.072434,33.135992],[112.073419,33.135584],[112.073588,33.135447],[112.073285,33.134762],[112.072968,33.134557],[112.072813,33.134595],[112.072475,33.134786],[112.072201,33.134997],[112.072145,33.13509],[112.072139,33.134802],[112.072244,33.134263],[112.072241,33.134106],[112.072086,33.134052],[112.071764,33.133845],[112.071244,33.133255],[112.071351,33.133064],[112.071506,33.132897],[112.071614,33.13268],[112.0716,33.132529],[112.071439,33.132233],[112.071402,33.132024],[112.072029,33.132237],[112.072206,33.132268],[112.072295,33.132201],[112.072198,33.132078],[112.072223,33.131961],[112.072319,33.131889],[112.072306,33.131763],[112.07207,33.131637],[112.071909,33.13166],[112.071777,33.13164],[112.071337,33.13144],[112.070211,33.130743],[112.07038,33.130586],[112.070898,33.130236],[112.071799,33.129398],[112.072021,33.129117],[112.072072,33.128904],[112.072142,33.128809],[112.071777,33.128342],[112.071179,33.128553],[112.0709,33.128221],[112.070755,33.127864],[112.071421,33.127572],[112.071737,33.127475],[112.071635,33.127376],[112.071158,33.127313],[112.071099,33.127282]]]}},{"type":"Feature","properties":{"regionCode":"411324109","sourceCode":"411324109000","name":"曲屯镇","sourceName":"曲屯镇","parentCode":"411324","parentName":"镇平县","regionLevel":"township","regionType":"town","isManagementZone":false,"source":"ruiduobao","sourceVersion":"mixed-legacy~2018-2020","geometryRepaired":false,"match2020":true,"match2023":true},"geometry":{"type":"Polygon","coordinates":[[[112.045988,33.011626],[112.04488,33.011306],[112.04459,33.012062],[112.044499,33.012229],[112.044684,33.012305],[112.044633,33.012525],[112.044303,33.013304],[112.044338,33.01349],[112.043512,33.015265],[112.044295,33.015591],[112.044657,33.015703],[112.045178,33.016081],[112.044885,33.016684],[112.044641,33.017383],[112.043418,33.017006],[112.04286,33.018081],[112.040087,33.017114],[112.039411,33.018387],[112.03903,33.018252],[112.039137,33.017894],[112.037815,33.017505],[112.037692,33.017867],[112.035307,33.017579],[112.035211,33.01802],[112.036718,33.018243],[112.036383,33.019869],[112.034873,33.019779],[112.034709,33.020748],[112.032909,33.020555],[112.032255,33.020528],[112.031946,33.021083],[112.031544,33.021944],[112.031389,33.022313],[112.031158,33.023168],[112.030919,33.023543],[112.03079,33.023573],[112.03001,33.023519],[112.028891,33.023588],[112.027328,33.023476],[112.026587,33.023507],[112.026405,33.023575],[112.02608,33.023503],[112.025686,33.023474],[112.024831,33.023575],[112.023688,33.023768],[112.021435,33.023995],[112.021062,33.023876],[112.020931,33.023672],[112.020748,33.023577],[112.020453,33.023557],[112.020528,33.023267],[112.020526,33.022981],[112.020451,33.022833],[112.020327,33.022727],[112.019965,33.022657],[112.019654,33.022709],[112.019525,33.022804],[112.019394,33.022983],[112.019182,33.023024],[112.019077,33.022965],[112.018847,33.022723],[112.018511,33.022576],[112.018294,33.022439],[112.017581,33.022428],[112.017353,33.022324],[112.016931,33.021942],[112.016733,33.021672],[112.016132,33.0206],[112.015574,33.01983],[112.015317,33.01921],[112.01529,33.018974],[112.015419,33.018755],[112.015486,33.018719],[112.015703,33.018717],[112.015829,33.018753],[112.015893,33.018742],[112.015931,33.018677],[112.016038,33.018265],[112.01606,33.017543],[112.015936,33.016817],[112.015617,33.016111],[112.015491,33.015953],[112.01548,33.015582],[112.015507,33.01535],[112.01547,33.015202],[112.015365,33.015083],[112.015301,33.014943],[112.014936,33.014493],[112.01456,33.014192],[112.01426,33.014003],[112.014072,33.013783],[112.013978,33.013596],[112.013943,33.013427],[112.014013,33.013063],[112.013793,33.012366],[112.013619,33.012078],[112.013509,33.011992],[112.013461,33.011878],[112.013235,33.011673],[112.013034,33.011543],[112.012412,33.011178],[112.012262,33.011138],[112.012171,33.011077],[112.011959,33.010877],[112.011817,33.010652],[112.01165,33.010287],[112.011519,33.009867],[112.011436,33.00921],[112.011095,33.008886],[112.010669,33.008547],[112.010513,33.008335],[112.010357,33.007858],[112.010459,33.007019],[112.010411,33.006603],[112.010116,33.005928],[112.009947,33.005409],[112.009612,33.005566],[112.009148,33.005726],[112.008719,33.006036],[112.00797,33.006457],[112.007796,33.006666],[112.007799,33.006833],[112.007909,33.00697],[112.008072,33.00733],[112.00801,33.007476],[112.007874,33.007604],[112.007563,33.007723],[112.007402,33.00782],[112.007128,33.008065],[112.007031,33.008223],[112.007136,33.00876],[112.007026,33.008846],[112.0065,33.008924],[112.006299,33.008893],[112.005934,33.008697],[112.005832,33.008686],[112.005672,33.008783],[112.00543,33.009199],[112.005213,33.009359],[112.004985,33.00968],[112.005564,33.010546],[112.005685,33.010857],[112.005398,33.011093],[112.005079,33.011212],[112.004757,33.011563],[112.005047,33.011862],[112.004982,33.012159],[112.004113,33.012521],[112.004306,33.013596],[112.00425,33.014032],[112.003794,33.014217],[112.003494,33.014568],[112.003456,33.015096],[112.002692,33.015107],[112.002501,33.015411],[112.002533,33.015712],[112.002705,33.016048],[112.00252,33.016457],[112.002056,33.016823],[112.001737,33.017255],[112.001393,33.017597],[112.000911,33.017917],[112.000798,33.018371],[112.000785,33.019077],[112.000634,33.019403],[112.000929,33.019588],[112.001123,33.019873],[112.000487,33.019954],[111.999594,33.019983],[111.999296,33.020082],[111.998915,33.020366],[111.998687,33.020739],[111.997713,33.021045],[111.995254,33.020905],[111.994007,33.020788],[111.992644,33.020575],[111.991754,33.02055],[111.991676,33.021888],[111.991823,33.024944],[111.991888,33.027333],[111.990624,33.029923],[111.992448,33.03029],[111.993395,33.030409],[111.994154,33.030562],[111.994629,33.030755],[111.994943,33.031003],[111.995568,33.031697],[111.996136,33.032073],[111.996439,33.032318],[111.99656,33.03282],[111.996606,33.0332],[111.996584,33.033858],[111.9967,33.034882],[111.992086,33.035034],[111.991499,33.03514],[111.991713,33.036608],[111.992419,33.03657],[111.993116,33.036867],[111.993494,33.036979],[111.993779,33.037953],[111.993411,33.041937],[111.993468,33.043529],[111.994975,33.043644],[111.995184,33.044788],[111.994543,33.044952],[111.993446,33.044995],[111.992995,33.04526],[111.992982,33.045616],[111.992912,33.046045],[111.993006,33.046452],[111.992633,33.046688],[111.989895,33.047012],[111.990042,33.0483],[111.990257,33.052327],[111.989522,33.052446],[111.989069,33.05248],[111.988768,33.05261],[111.98817,33.053253],[111.987349,33.054373],[111.986864,33.054919],[111.98574,33.05585],[111.984394,33.05723],[111.983398,33.057947],[111.982924,33.058183],[111.982669,33.058457],[111.982334,33.058435],[111.981947,33.058203],[111.981505,33.058181],[111.980821,33.058365],[111.979756,33.058765],[111.975534,33.060179],[111.974148,33.060784],[111.972029,33.061577],[111.971468,33.060712],[111.969843,33.06142],[111.968939,33.061652],[111.968145,33.061721],[111.967732,33.061883],[111.965661,33.063502],[111.965795,33.064668],[111.967496,33.064495],[111.966935,33.065295],[111.964226,33.065642],[111.964669,33.065954],[111.965669,33.066541],[111.966841,33.066885],[111.967037,33.067685],[111.967016,33.069054],[111.96727,33.071648],[111.967611,33.073131],[111.968177,33.075032],[111.968692,33.077192],[111.970392,33.076893],[111.970186,33.075462],[111.974668,33.073675],[111.977433,33.072378],[111.976967,33.071396],[111.979705,33.070865],[111.981215,33.070535],[111.981856,33.070546],[111.981862,33.070944],[111.981792,33.071486],[111.981985,33.071771],[111.982487,33.071964],[111.983171,33.072387],[111.983353,33.072994],[111.983412,33.073412],[111.983613,33.073929],[111.984066,33.074722],[111.984276,33.075158],[111.984391,33.075828],[111.98441,33.076417],[111.984482,33.07686],[111.984756,33.077415],[111.984879,33.077813],[111.984906,33.078736],[111.985053,33.079154],[111.985196,33.079451],[111.98534,33.079979],[111.985287,33.080467],[111.985311,33.08077],[111.985491,33.081236],[111.985198,33.081521],[111.984555,33.081685],[111.982588,33.081988],[111.979305,33.082555],[111.975344,33.083413],[111.974008,33.083645],[111.974939,33.086258],[111.975652,33.088112],[111.975776,33.088724],[111.97602,33.089454],[111.976218,33.089712],[111.97657,33.090344],[111.976666,33.091362],[111.976819,33.092144],[111.976779,33.093209],[111.976832,33.095027],[111.977106,33.095692],[111.977414,33.096328],[111.977543,33.097791],[111.977594,33.098842],[111.97775,33.099319],[111.978096,33.099696],[111.981301,33.102125],[111.981905,33.102669],[111.981835,33.102222],[111.981878,33.102168],[111.982379,33.102094],[111.982428,33.101999],[111.982642,33.101934],[111.983581,33.101718],[111.984176,33.101653],[111.984359,33.101716],[111.98463,33.101918],[111.984579,33.101476],[111.98463,33.100622],[111.985563,33.100447],[111.985646,33.100754],[111.986569,33.100611],[111.986636,33.100799],[111.988575,33.100608],[111.988452,33.10011],[111.98828,33.09968],[111.988181,33.099334],[111.9878,33.099096],[111.987803,33.098622],[111.987596,33.098325],[111.988387,33.098647],[111.988363,33.098195],[111.988382,33.09746],[111.989189,33.097377],[111.98971,33.097386],[111.989731,33.097528],[111.98982,33.097579],[111.990324,33.098319],[111.990606,33.099024],[111.99082,33.099107],[111.99108,33.099116],[111.991577,33.09904],[111.993787,33.09851],[111.9938,33.098874],[111.993899,33.098907],[111.994189,33.09888],[111.994328,33.099013],[111.99443,33.09917],[111.994567,33.09988],[111.994664,33.10006],[111.995871,33.099871],[111.996461,33.099696],[111.996694,33.099705],[111.996775,33.09988],[111.99766,33.099516],[111.998161,33.099224],[111.998542,33.099062],[111.99873,33.098919],[111.998486,33.098642],[111.998414,33.098325],[111.998346,33.098206],[111.998907,33.098283],[111.999763,33.098249],[111.999776,33.097584],[111.999848,33.097206],[111.998915,33.097114],[111.998513,33.09711],[111.998502,33.09689],[111.998287,33.096182],[111.998325,33.096045],[111.998797,33.096123],[111.999393,33.096164],[111.999489,33.096137],[111.999618,33.095971],[111.999637,33.095535],[111.99983,33.095492],[112.000441,33.095676],[112.00101,33.0958],[112.001139,33.095728],[112.001305,33.095373],[112.00333,33.095901],[112.003416,33.095874],[112.003671,33.095892],[112.004357,33.095856],[112.004419,33.095213],[112.004566,33.094586],[112.004156,33.094535],[112.002914,33.094182],[112.002914,33.093928],[112.00278,33.093645],[112.002587,33.093341],[112.002812,33.093339],[112.002895,33.09269],[112.002549,33.092604],[112.002536,33.092438],[112.002651,33.09229],[112.003005,33.092413],[112.003239,33.092344],[112.0034,33.092146],[112.003673,33.091474],[112.003762,33.091333],[112.005017,33.091692],[112.00528,33.091721],[112.00532,33.091901],[112.007203,33.091899],[112.007217,33.091748],[112.006326,33.09173],[112.006052,33.091685],[112.006111,33.091083],[112.006095,33.090831],[112.006063,33.090753],[112.005951,33.090721],[112.00576,33.09073],[112.006913,33.090099],[112.007278,33.089953],[112.007495,33.090169],[112.007978,33.090351],[112.008327,33.090328],[112.009223,33.090342],[112.009134,33.090733],[112.009038,33.091661],[112.009529,33.091647],[112.009494,33.091346],[112.010132,33.091339],[112.010129,33.091395],[112.009944,33.091542],[112.009684,33.092216],[112.009649,33.092454],[112.009384,33.092764],[112.00911,33.093002],[112.008898,33.093283],[112.008729,33.093638],[112.01099,33.093932],[112.011143,33.093481],[112.011194,33.093164],[112.011607,33.092906],[112.011867,33.092816],[112.012278,33.092751],[112.012246,33.09264],[112.012313,33.092524],[112.01234,33.092337],[112.012272,33.091852],[112.012358,33.091112],[112.012348,33.091004],[112.012187,33.090818],[112.012122,33.090683],[112.012128,33.090512],[112.012171,33.090445],[112.012399,33.090351],[112.0125,33.090184],[112.012522,33.090049],[112.012482,33.089849],[112.012372,33.089593],[112.012382,33.089387],[112.01282,33.087636],[112.012774,33.086865],[112.012726,33.086699],[112.012482,33.086429],[112.012458,33.086306],[112.0125,33.086128],[112.012833,33.085625],[112.012871,33.085362],[112.01283,33.085182],[112.01396,33.085128],[112.013954,33.084537],[112.012578,33.084555],[112.012433,33.084056],[112.01246,33.083894],[112.012568,33.083739],[112.012822,33.083517],[112.012997,33.08344],[112.013021,33.083341],[112.012951,33.083213],[112.012951,33.083121],[112.012793,33.082867],[112.012734,33.08264],[112.01283,33.082386],[112.013048,33.082204],[112.013192,33.081525],[112.013281,33.081413],[112.013356,33.081391],[112.013726,33.081413],[112.015263,33.081537],[112.015295,33.081552],[112.01533,33.081663],[112.015413,33.081698],[112.015365,33.081321],[112.015808,33.081328],[112.018914,33.081548],[112.018908,33.081298],[112.018997,33.080795],[112.018616,33.080773],[112.018661,33.079784],[112.018766,33.07942],[112.018849,33.077084],[112.019793,33.07712],[112.019818,33.076336],[112.020032,33.076392],[112.020617,33.076403],[112.020625,33.075846],[112.020697,33.075743],[112.020963,33.074916],[112.022089,33.075134],[112.022178,33.075089],[112.022419,33.074778],[112.022443,33.074632],[112.022827,33.074412],[112.023176,33.074338],[112.023245,33.074284],[112.023087,33.075221],[112.023227,33.075214],[112.023312,33.075194],[112.023353,33.075021],[112.023441,33.074201],[112.02456,33.074192],[112.024503,33.074848],[112.024334,33.074857],[112.024181,33.074963],[112.024147,33.075163],[112.024216,33.075929],[112.024774,33.075853],[112.025423,33.075662],[112.025566,33.077383],[112.026287,33.07737],[112.026145,33.075522],[112.026303,33.075498],[112.0264,33.075628],[112.026684,33.075628],[112.026982,33.076055],[112.028114,33.076053],[112.029452,33.076244],[112.02983,33.076408],[112.030624,33.07657],[112.030981,33.076626],[112.031198,33.076608],[112.03144,33.075738],[112.03145,33.075482],[112.03156,33.075347],[112.031668,33.075116],[112.032024,33.074769],[112.032319,33.07465],[112.032652,33.074599],[112.032757,33.074286],[112.033135,33.07439],[112.033336,33.07358],[112.03343,33.073365],[112.033499,33.072396],[112.034693,33.072549],[112.034653,33.072362],[112.034747,33.072198],[112.035063,33.071755],[112.03538,33.071474],[112.035476,33.071468],[112.03604,33.071216],[112.036536,33.07114],[112.037099,33.071128],[112.03701,33.070515],[112.036938,33.070276],[112.037201,33.070252],[112.037762,33.070061],[112.03785,33.069986],[112.038679,33.06998],[112.038947,33.069759],[112.039309,33.069679],[112.040261,33.069649],[112.040661,33.069508],[112.041353,33.069393],[112.041506,33.069402],[112.041731,33.069469],[112.042533,33.069532],[112.042793,33.069649],[112.042812,33.069849],[112.042922,33.069577],[112.043204,33.069067],[112.043603,33.069045],[112.043678,33.068991],[112.043536,33.06857],[112.043459,33.067948],[112.043542,33.067399],[112.043587,33.067251],[112.043665,33.067154],[112.043748,33.067098],[112.044081,33.067044],[112.044413,33.067103],[112.044891,33.067249],[112.045653,33.067345],[112.0462,33.067305],[112.046626,33.06713],[112.046873,33.066963],[112.047088,33.066752],[112.047366,33.065857],[112.047514,33.065621],[112.047718,33.065383],[112.048123,33.064983],[112.048364,33.064792],[112.04859,33.064648],[112.049233,33.064338],[112.049375,33.06432],[112.049561,33.064862],[112.049603,33.065322],[112.049561,33.065529],[112.050019,33.065543],[112.051277,33.065738],[112.051194,33.065448],[112.051207,33.06528],[112.051414,33.064304],[112.05132,33.064122],[112.05121,33.064007],[112.050878,33.063744],[112.051036,33.063711],[112.051226,33.063553],[112.051666,33.063072],[112.051784,33.062879],[112.052087,33.062528],[112.052259,33.062171],[112.052345,33.061872],[112.052372,33.061607],[112.05227,33.061209],[112.052178,33.060991],[112.05184,33.06046],[112.051594,33.059957],[112.051473,33.059516],[112.05143,33.059051],[112.051502,33.058911],[112.051972,33.058995],[112.052315,33.058943],[112.053372,33.059066],[112.053431,33.058475],[112.052798,33.05839],[112.051714,33.058318],[112.051637,33.058223],[112.051586,33.057891],[112.051714,33.057122],[112.051878,33.0566],[112.052361,33.054555],[112.052484,33.054301],[112.052522,33.05411],[112.05253,33.053599],[112.052693,33.053021],[112.052892,33.052792],[112.053187,33.052309],[112.053498,33.052084],[112.053954,33.051603],[112.054193,33.051405],[112.054622,33.051083],[112.054963,33.05089],[112.055874,33.050447],[112.056151,33.050344],[112.056918,33.050409],[112.057484,33.050614],[112.05757,33.050695],[112.057419,33.051558],[112.058251,33.051601],[112.059152,33.051693],[112.059251,33.051675],[112.059557,33.051702],[112.059678,33.050899],[112.059748,33.050816],[112.059852,33.050787],[112.061094,33.050854],[112.061829,33.050677],[112.061998,33.050387],[112.06207,33.050018],[112.062159,33.049793],[112.061987,33.049166],[112.062009,33.048959],[112.062239,33.048042],[112.062159,33.047754],[112.06195,33.047475],[112.061893,33.047313],[112.061904,33.047129],[112.062027,33.046924],[112.062424,33.046648],[112.062475,33.046524],[112.060888,33.046239],[112.060002,33.046119],[112.060102,33.045942],[112.060499,33.04553],[112.06103,33.04562],[112.061105,33.045443],[112.061378,33.045519],[112.062188,33.045663],[112.062467,33.045751],[112.062655,33.045618],[112.062824,33.045173],[112.062792,33.044986],[112.062725,33.044849],[112.062019,33.044732],[112.062266,33.044435],[112.062274,33.044271],[112.06236,33.044096],[112.062371,33.04381],[112.062435,33.043583],[112.062419,33.043338],[112.062687,33.043277],[112.062832,33.043212],[112.062966,33.043091],[112.063041,33.043095],[112.063602,33.041933],[112.06376,33.041733],[112.0638,33.041607],[112.064455,33.040743],[112.065351,33.040235],[112.066354,33.039862],[112.067279,33.03961],[112.067842,33.039383],[112.068213,33.039179],[112.068435,33.038756],[112.068524,33.038486],[112.068416,33.037081],[112.0685,33.036458],[112.068513,33.036114],[112.068746,33.034893],[112.06891,33.03425],[112.069149,33.03422],[112.069358,33.034234],[112.069487,33.034281],[112.069672,33.034439],[112.069741,33.034331],[112.069849,33.033915],[112.069744,33.033876],[112.069291,33.033822],[112.069025,33.033831],[112.069159,33.03277],[112.069138,33.032583],[112.068567,33.032604],[112.068105,33.03266],[112.068146,33.032525],[112.068162,33.032275],[112.068038,33.032109],[112.066748,33.032019],[112.063728,33.032001],[112.058538,33.031718],[112.058578,33.03029],[112.057578,33.030274],[112.057604,33.029656],[112.057433,33.029642],[112.057387,33.02899],[112.05761,33.026777],[112.057293,33.026654],[112.057285,33.025804],[112.057441,33.025857],[112.057559,33.025455],[112.057613,33.025399],[112.057894,33.024241],[112.057996,33.02395],[112.058098,33.023789],[112.058685,33.021542],[112.058685,33.021342],[112.057277,33.021299],[112.057199,33.020991],[112.056942,33.020788],[112.056365,33.020582],[112.055306,33.020114],[112.05503,33.020049],[112.054836,33.020091],[112.054402,33.020291],[112.054348,33.020253],[112.055016,33.018953],[112.054539,33.0188],[112.052929,33.018141],[112.052827,33.018288],[112.052704,33.018378],[112.052243,33.018366],[112.052047,33.018204],[112.051148,33.017786],[112.051771,33.016943],[112.051999,33.016488],[112.052197,33.015586],[112.052157,33.014766],[112.05205,33.014172],[112.051816,33.013762],[112.052372,33.014048],[112.054048,33.014293],[112.054271,33.01405],[112.054418,33.01374],[112.054413,33.013542],[112.053273,33.013202],[112.052567,33.013054],[112.050971,33.012568],[112.049732,33.012265],[112.048869,33.01195],[112.048364,33.011842],[112.046817,33.011743],[112.045988,33.011626]]]}},{"type":"Feature","properties":{"regionCode":"411324110","sourceCode":"411324110000","name":"枣园镇","sourceName":"枣园镇","parentCode":"411324","parentName":"镇平县","regionLevel":"township","regionType":"town","isManagementZone":false,"source":"ruiduobao","sourceVersion":"mixed-legacy~2018-2020","geometryRepaired":false,"match2020":true,"match2023":true},"geometry":{"type":"Polygon","coordinates":[[[111.998456,32.905812],[111.996834,32.907179],[111.99483,32.908658],[111.993626,32.909886],[111.993231,32.90998],[111.99221,32.909892],[111.991536,32.909888],[111.991169,32.909649],[111.989892,32.909392],[111.988948,32.912011],[111.988095,32.911896],[111.987808,32.911561],[111.987336,32.911442],[111.986963,32.912617],[111.986644,32.91322],[111.986303,32.913705],[111.986129,32.914376],[111.985735,32.915384],[111.988433,32.916711],[111.986716,32.918667],[111.983321,32.918273],[111.983589,32.915803],[111.981982,32.915461],[111.981288,32.915515],[111.980561,32.91529],[111.98062,32.915634],[111.980633,32.916801],[111.97911,32.916902],[111.978801,32.91685],[111.978447,32.916562],[111.978147,32.916373],[111.977401,32.916229],[111.976334,32.915819],[111.974628,32.92208],[111.975338,32.922225],[111.980062,32.922875],[111.98198,32.9231],[111.984257,32.923681],[111.984278,32.925834],[111.98441,32.927218],[111.984705,32.927387],[111.985434,32.927461],[111.98736,32.927876],[111.98883,32.928351],[111.988889,32.928938],[111.988752,32.929521],[111.985952,32.929589],[111.984793,32.929789],[111.98475,32.930465],[111.984643,32.93091],[111.984656,32.931205],[111.985684,32.931124],[111.986682,32.931117],[111.987081,32.93118],[111.986824,32.935158],[111.988605,32.935383],[111.988586,32.936745],[111.988452,32.937524],[111.98843,32.93869],[111.988361,32.939109],[111.988036,32.940052],[111.987805,32.941283],[111.987333,32.941457],[111.987188,32.94181],[111.987226,32.942168],[111.987162,32.942938],[111.986695,32.944815],[111.986907,32.945371],[111.987974,32.945661],[111.987661,32.948644],[111.987221,32.949925],[111.986923,32.950406],[111.986604,32.952421],[111.986234,32.953159],[111.985748,32.953834],[111.984887,32.954638],[111.984399,32.954993],[111.983305,32.95545],[111.982588,32.955806],[111.982065,32.956321],[111.981505,32.957093],[111.980692,32.958952],[111.98025,32.960073],[111.978882,32.961801],[111.978305,32.962636],[111.978069,32.963545],[111.977471,32.963923],[111.975108,32.964423],[111.974625,32.964576],[111.974123,32.96492],[111.973225,32.966122],[111.972798,32.966826],[111.973413,32.967319],[111.974225,32.968111],[111.975703,32.969792],[111.976221,32.970312],[111.976953,32.970737],[111.977908,32.971189],[111.97897,32.971489],[111.979812,32.971669],[111.981821,32.971959],[111.982554,32.9722],[111.982884,32.972351],[111.983106,32.972657],[111.983184,32.973086],[111.98324,32.974902],[111.98339,32.975148],[111.98416,32.97551],[111.985043,32.976025],[111.98563,32.976421],[111.98622,32.976939],[111.98718,32.977917],[111.987808,32.978588],[111.987993,32.978865],[111.988192,32.979796],[111.987095,32.980138],[111.985292,32.981065],[111.984745,32.981306],[111.98434,32.981596],[111.984614,32.983554],[111.98471,32.984703],[111.984699,32.985781],[111.984836,32.986064],[111.985115,32.986346],[111.985598,32.986528],[111.98585,32.986942],[111.985933,32.987745],[111.986043,32.988337],[111.986448,32.988566],[111.9868,32.988701],[111.986757,32.989707],[111.988071,32.989934],[111.988079,32.990697],[111.987961,32.992245],[111.990541,32.992548],[111.992652,32.992625],[111.993991,32.992728],[111.992936,32.993347],[111.990981,32.994355],[111.990603,32.994422],[111.989855,32.994382],[111.989466,32.996703],[111.989903,32.997095],[111.990321,32.997254],[111.991257,32.997495],[111.993476,32.997981],[111.993433,32.998672],[111.993207,33.000138],[111.992982,33.000743],[111.992885,33.001457],[111.992588,33.002215],[111.992566,33.002757],[111.992703,33.003425],[111.993425,33.003699],[111.994374,33.003697],[111.994868,33.003618],[111.995476,33.003315],[111.996026,33.003207],[111.996751,33.003171],[111.997421,33.003081],[111.997756,33.003114],[111.9984,33.003789],[111.999983,33.005269],[112.001131,33.006003],[112.001667,33.00643],[112.003483,33.008007],[112.004497,33.0091],[112.004985,33.00968],[112.005213,33.009359],[112.00543,33.009199],[112.005672,33.008783],[112.005832,33.008686],[112.005934,33.008697],[112.006299,33.008893],[112.0065,33.008924],[112.007026,33.008846],[112.007136,33.00876],[112.007031,33.008223],[112.007128,33.008065],[112.007402,33.00782],[112.007563,33.007723],[112.007874,33.007604],[112.00801,33.007476],[112.008072,33.00733],[112.007909,33.00697],[112.007799,33.006833],[112.007796,33.006666],[112.00797,33.006457],[112.008719,33.006036],[112.009148,33.005726],[112.009612,33.005566],[112.009947,33.005409],[112.010116,33.005928],[112.010411,33.006603],[112.010459,33.007019],[112.010357,33.007858],[112.010513,33.008335],[112.010669,33.008547],[112.011095,33.008886],[112.011436,33.00921],[112.011519,33.009867],[112.01165,33.010287],[112.011817,33.010652],[112.011959,33.010877],[112.012171,33.011077],[112.012262,33.011138],[112.012412,33.011178],[112.013034,33.011543],[112.013235,33.011673],[112.013461,33.011878],[112.013509,33.011992],[112.013619,33.012078],[112.013793,33.012366],[112.014013,33.013063],[112.013943,33.013427],[112.013978,33.013596],[112.014072,33.013783],[112.01426,33.014003],[112.01456,33.014192],[112.014936,33.014493],[112.015301,33.014943],[112.015365,33.015083],[112.01547,33.015202],[112.015507,33.01535],[112.01548,33.015582],[112.015491,33.015953],[112.015617,33.016111],[112.015936,33.016817],[112.01606,33.017543],[112.016038,33.018265],[112.015931,33.018677],[112.015893,33.018742],[112.015829,33.018753],[112.015703,33.018717],[112.015486,33.018719],[112.015419,33.018755],[112.01529,33.018974],[112.015317,33.01921],[112.015574,33.01983],[112.016132,33.0206],[112.016733,33.021672],[112.016931,33.021942],[112.017353,33.022324],[112.017581,33.022428],[112.018294,33.022439],[112.018511,33.022576],[112.018847,33.022723],[112.019077,33.022965],[112.019182,33.023024],[112.019394,33.022983],[112.019525,33.022804],[112.019654,33.022709],[112.019965,33.022657],[112.020327,33.022727],[112.020451,33.022833],[112.020526,33.022981],[112.020528,33.023267],[112.020453,33.023557],[112.020748,33.023577],[112.020931,33.023672],[112.021062,33.023876],[112.021435,33.023995],[112.023688,33.023768],[112.024831,33.023575],[112.025686,33.023474],[112.02608,33.023503],[112.026405,33.023575],[112.026587,33.023507],[112.027328,33.023476],[112.028891,33.023588],[112.03001,33.023519],[112.03079,33.023573],[112.030919,33.023543],[112.031158,33.023168],[112.031389,33.022313],[112.031544,33.021944],[112.031946,33.021083],[112.032255,33.020528],[112.032909,33.020555],[112.034709,33.020748],[112.034873,33.019779],[112.036383,33.019869],[112.036718,33.018243],[112.035211,33.01802],[112.035307,33.017579],[112.037692,33.017867],[112.037815,33.017505],[112.039137,33.017894],[112.03903,33.018252],[112.039411,33.018387],[112.040087,33.017114],[112.04286,33.018081],[112.043418,33.017006],[112.044641,33.017383],[112.044885,33.016684],[112.045178,33.016081],[112.044657,33.015703],[112.044295,33.015591],[112.043512,33.015265],[112.044338,33.01349],[112.044303,33.013304],[112.044633,33.012525],[112.044684,33.012305],[112.044499,33.012229],[112.04459,33.012062],[112.04488,33.011306],[112.045988,33.011626],[112.046817,33.011743],[112.048364,33.011842],[112.048869,33.01195],[112.049775,33.012278],[112.050971,33.012568],[112.052567,33.013054],[112.053273,33.013202],[112.054413,33.013542],[112.054418,33.01374],[112.054271,33.01405],[112.054048,33.014293],[112.052372,33.014048],[112.051816,33.013762],[112.05205,33.014172],[112.052157,33.014766],[112.052197,33.015586],[112.052125,33.015924],[112.052841,33.01609],[112.053176,33.016203],[112.054678,33.016859],[112.055081,33.016623],[112.055553,33.016221],[112.056143,33.015634],[112.056623,33.015254],[112.056837,33.014966],[112.057135,33.014291],[112.059101,33.014757],[112.059922,33.014878],[112.060271,33.0126],[112.060332,33.012363],[112.063162,33.01271],[112.063296,33.012354],[112.063366,33.011821],[112.063505,33.011421],[112.063575,33.011338],[112.064661,33.011448],[112.064656,33.011284],[112.065351,33.011374],[112.065555,33.01143],[112.065517,33.011646],[112.065568,33.011675],[112.067078,33.011963],[112.067451,33.011513],[112.06762,33.011259],[112.067751,33.010949],[112.067716,33.010506],[112.067762,33.010359],[112.06799,33.01009],[112.067969,33.009934],[112.067926,33.00986],[112.067668,33.009649],[112.067365,33.009291],[112.067258,33.009035],[112.067279,33.008726],[112.067456,33.008589],[112.067711,33.008497],[112.068178,33.008416],[112.068416,33.008333],[112.068454,33.007955],[112.068419,33.007492],[112.068438,33.007303],[112.06851,33.007118],[112.069519,33.007231],[112.069513,33.006738],[112.069554,33.006441],[112.069532,33.006387],[112.069562,33.005978],[112.069543,33.005634],[112.069607,33.004664],[112.069033,33.00463],[112.068827,33.004255],[112.068553,33.003942],[112.068486,33.003913],[112.068188,33.003429],[112.068108,33.003254],[112.0681,33.003004],[112.068052,33.002826],[112.067923,33.002651],[112.067566,33.002426],[112.06736,33.001956],[112.067346,33.001412],[112.06755,33.000444],[112.067668,33.000267],[112.0678,33.000181],[112.067837,33.000066],[112.067966,32.999862],[112.068293,32.999637],[112.068408,32.999468],[112.068567,32.999344],[112.06883,32.999205],[112.068653,32.998762],[112.068478,32.998154],[112.068543,32.997716],[112.068741,32.99694],[112.0688,32.996805],[112.069178,32.996773],[112.069159,32.996546],[112.069202,32.996537],[112.069146,32.99635],[112.066464,32.996035],[112.066799,32.994798],[112.066912,32.99426],[112.067038,32.994051],[112.067049,32.993817],[112.067215,32.993801],[112.06873,32.993912],[112.068387,32.993212],[112.068352,32.993075],[112.068328,32.992591],[112.06825,32.992425],[112.067952,32.992285],[112.067448,32.991952],[112.06715,32.991664],[112.067054,32.991549],[112.066912,32.99127],[112.066912,32.991016],[112.06696,32.990892],[112.066129,32.990798],[112.06582,32.990798],[112.0656,32.990418],[112.065557,32.990236],[112.065576,32.989932],[112.06582,32.989754],[112.06604,32.989538],[112.066129,32.989219],[112.067958,32.989158],[112.068167,32.989212],[112.068052,32.988969],[112.067448,32.988245],[112.06674,32.987619],[112.066129,32.98718],[112.066056,32.98707],[112.066013,32.986904],[112.066011,32.98664],[112.066145,32.986222],[112.066727,32.985356],[112.066901,32.984742],[112.066861,32.984283],[112.066708,32.983887],[112.066686,32.983752],[112.066748,32.983151],[112.066249,32.98248],[112.06564,32.981967],[112.065343,32.981792],[112.065058,32.981684],[112.064871,32.981634],[112.064594,32.981643],[112.064256,32.981531],[112.064087,32.981373],[112.063969,32.98102],[112.063977,32.980921],[112.063041,32.981178],[112.0621,32.981027],[112.062129,32.9803],[112.062041,32.978761],[112.060397,32.9785],[112.059388,32.978255],[112.058841,32.979774],[112.05617,32.979645],[112.056145,32.979954],[112.054753,32.9799],[112.053611,32.97978],[112.053629,32.977611],[112.05375,32.977456],[112.052213,32.977254],[112.050676,32.977186],[112.05099,32.975514],[112.051704,32.975582],[112.051757,32.974409],[112.051073,32.97429],[112.05117,32.971952],[112.054351,32.972009],[112.054367,32.971689],[112.055743,32.971736],[112.055746,32.970679],[112.056628,32.970663],[112.057921,32.970703],[112.057983,32.970231],[112.060316,32.970188],[112.060238,32.971842],[112.060332,32.971912],[112.06063,32.971952],[112.062843,32.971919],[112.063728,32.971871],[112.064074,32.971808],[112.064318,32.971838],[112.06434,32.971423],[112.064404,32.97109],[112.064399,32.970881],[112.064334,32.970571],[112.063945,32.969797],[112.063849,32.969504],[112.063728,32.969311],[112.063055,32.968647],[112.062939,32.968545],[112.062749,32.968473],[112.062631,32.968336],[112.06229,32.967643],[112.062915,32.967632],[112.064825,32.967499],[112.064991,32.967474],[112.064962,32.967305],[112.063669,32.967405],[112.063041,32.967418],[112.062848,32.967378],[112.062151,32.9674],[112.061708,32.966477],[112.061349,32.965271],[112.061038,32.964646],[112.060906,32.964232],[112.060619,32.963815],[112.060257,32.963511],[112.061145,32.963325],[112.061097,32.962845],[112.061043,32.962717],[112.060858,32.962764],[112.060772,32.96197],[112.059563,32.962114],[112.059447,32.961164],[112.059552,32.960435],[112.059493,32.960021],[112.059391,32.960079],[112.057065,32.960588],[112.057414,32.961839],[112.055247,32.962105],[112.055475,32.963788],[112.055185,32.96382],[112.055351,32.965442],[112.05474,32.965521],[112.053313,32.965802],[112.050352,32.966246],[112.049842,32.966394],[112.049692,32.964758],[112.049579,32.963903],[112.048531,32.964072],[112.048455,32.963491],[112.048426,32.962773],[112.046377,32.962746],[112.04646,32.962226],[112.045121,32.962071],[112.0426,32.961556],[112.040795,32.961236],[112.04101,32.960118],[112.041332,32.959078],[112.041492,32.9587],[112.040395,32.958515],[112.040615,32.957712],[112.040664,32.9573],[112.03962,32.957057],[112.039926,32.955911],[112.040082,32.955193],[112.039829,32.955126],[112.038751,32.955004],[112.038816,32.954719],[112.036866,32.954478],[112.037166,32.953859],[112.037399,32.952488],[112.037405,32.952283],[112.03733,32.952191],[112.036351,32.951986],[112.03579,32.951907],[112.035798,32.951874],[112.033508,32.951471],[112.033159,32.95281],[112.031252,32.952466],[112.03104,32.952871],[112.028151,32.952078],[112.026652,32.951601],[112.026606,32.95076],[112.026502,32.950204],[112.026182,32.949756],[112.025603,32.949753],[112.025343,32.949663],[112.024619,32.949261],[112.023959,32.94913],[112.024088,32.948828],[112.024359,32.94841],[112.02464,32.948133],[112.024753,32.947955],[112.024619,32.947885],[112.024334,32.947624],[112.023755,32.947597],[112.021641,32.947017],[112.021733,32.946911],[112.021816,32.946602],[112.022256,32.944581],[112.022395,32.944174],[112.022387,32.944061],[112.021194,32.94375],[112.021271,32.943476],[112.0211,32.943415],[112.019337,32.943039],[112.018981,32.942915],[112.018482,32.942821],[112.018133,32.94269],[112.017602,32.94263],[112.01698,32.942425],[112.016602,32.942355],[112.01584,32.942125],[112.015724,32.942022],[112.015684,32.941918],[112.015437,32.94192],[112.014796,32.94222],[112.014681,32.942233],[112.015038,32.941],[112.015515,32.939548],[112.015129,32.939285],[112.014397,32.939226],[112.013335,32.939215],[112.012369,32.939138],[112.011556,32.939199],[112.011226,32.939296],[112.011025,32.939314],[112.010443,32.93924],[112.010395,32.939226],[112.010422,32.939017],[112.010529,32.938814],[112.010652,32.938123],[112.010762,32.937828],[112.007233,32.937272],[112.008555,32.935329],[112.008303,32.935271],[112.00752,32.935179],[112.007957,32.933519],[112.008043,32.933348],[112.009191,32.933486],[112.009376,32.932585],[112.010572,32.932806],[112.010733,32.931849],[112.012272,32.932083],[112.012846,32.932101],[112.012841,32.931809],[112.012959,32.930865],[112.012935,32.930627],[112.013101,32.930606],[112.013233,32.930665],[112.013348,32.930773],[112.013573,32.930699],[112.013659,32.930723],[112.013783,32.931102],[112.013992,32.931363],[112.014469,32.931703],[112.014767,32.93152],[112.016017,32.931601],[112.016564,32.931669],[112.01684,32.930284],[112.017232,32.928715],[112.017299,32.928729],[112.017771,32.929118],[112.0179,32.929361],[112.018506,32.929298],[112.018611,32.929258],[112.018916,32.927488],[112.019359,32.925212],[112.019348,32.925145],[112.019265,32.92507],[112.019195,32.924883],[112.019211,32.924233],[112.019348,32.924012],[112.020767,32.923013],[112.021784,32.922441],[112.021116,32.92251],[112.01941,32.922508],[112.018734,32.922441],[112.018696,32.922346],[112.018694,32.922182],[112.019174,32.920063],[112.019206,32.919421],[112.01937,32.918442],[112.020992,32.918566],[112.021014,32.918829],[112.02096,32.919237],[112.020888,32.919408],[112.021853,32.919538],[112.021923,32.919196],[112.021974,32.918615],[112.022457,32.91866],[112.022575,32.91769],[112.022714,32.9171],[112.022736,32.916738],[112.023063,32.915344],[112.021231,32.915116],[112.021057,32.915265],[112.018482,32.915098],[112.015408,32.915051],[112.01385,32.912802],[112.013724,32.912513],[112.008075,32.911982],[112.00774,32.91424],[112.006398,32.914182],[112.006114,32.913783],[112.005739,32.91263],[112.005559,32.911595],[112.005296,32.910584],[112.00498,32.909879],[112.004805,32.909314],[112.004685,32.908467],[112.004424,32.907832],[112.004255,32.907598],[112.002625,32.906668],[112.001149,32.90576],[112.000543,32.905422],[111.999508,32.905348],[111.999057,32.90535],[111.998456,32.905812]]]}},{"type":"Feature","properties":{"regionCode":"411324111","sourceCode":"411324111000","name":"杨营镇","sourceName":"杨营镇","parentCode":"411324","parentName":"镇平县","regionLevel":"township","regionType":"town","isManagementZone":false,"source":"ruiduobao","sourceVersion":"mixed-legacy~2018-2020","geometryRepaired":false,"match2020":true,"match2023":true},"geometry":{"type":"Polygon","coordinates":[[[112.1678,32.952038],[112.166725,32.951928],[112.166816,32.951622],[112.164547,32.951469],[112.162594,32.951412],[112.163257,32.952144],[112.162618,32.952137],[112.162608,32.952432],[112.161309,32.952367],[112.16124,32.952495],[112.161234,32.952889],[112.161173,32.953294],[112.161551,32.953321],[112.161551,32.953492],[112.159748,32.953361],[112.159762,32.953577],[112.160722,32.953672],[112.16069,32.95392],[112.159239,32.953816],[112.159182,32.954223],[112.15911,32.954223],[112.159062,32.954361],[112.159105,32.954892],[112.159086,32.955103],[112.15919,32.954986],[112.160572,32.955031],[112.160465,32.956082],[112.160411,32.957088],[112.160285,32.957705],[112.160263,32.958097],[112.160186,32.958198],[112.160151,32.958623],[112.160116,32.958639],[112.159697,32.958551],[112.159443,32.959512],[112.15742,32.959265],[112.157466,32.961898],[112.159464,32.961936],[112.159335,32.962125],[112.159107,32.962667],[112.159349,32.962672],[112.159005,32.963322],[112.15749,32.963253],[112.157503,32.96562],[112.157772,32.96625],[112.157957,32.96679],[112.158265,32.967396],[112.158329,32.967582],[112.157745,32.96947],[112.158651,32.969538],[112.158818,32.969576],[112.158726,32.9699],[112.157737,32.969797],[112.157699,32.969943],[112.157699,32.970373],[112.158069,32.970391],[112.158115,32.970503],[112.158531,32.970577],[112.158413,32.970976],[112.158386,32.971266],[112.158587,32.971703],[112.158611,32.972076],[112.160092,32.97247],[112.160805,32.972722],[112.160556,32.973356],[112.160116,32.974801],[112.159966,32.975035],[112.162669,32.975791],[112.162286,32.976914],[112.160293,32.976437],[112.160207,32.977539],[112.160693,32.977645],[112.160515,32.978433],[112.15944,32.978271],[112.159212,32.979279],[112.158735,32.979193],[112.158453,32.980743],[112.156414,32.980521],[112.155178,32.980248],[112.154928,32.981],[112.153684,32.980743],[112.153469,32.98073],[112.153137,32.98203],[112.151122,32.981655],[112.150803,32.981641],[112.15068,32.981736],[112.150178,32.982683],[112.150082,32.982964],[112.149961,32.983799],[112.149883,32.985981],[112.149838,32.986116],[112.149135,32.987383],[112.149084,32.987822],[112.148998,32.988074],[112.148867,32.988757],[112.148682,32.988751],[112.147118,32.98844],[112.14707,32.988737],[112.145785,32.988564],[112.145594,32.988503],[112.145509,32.988395],[112.143752,32.988186],[112.143958,32.987027],[112.14362,32.986973],[112.141429,32.986836],[112.141083,32.986838],[112.141056,32.987041],[112.141158,32.98804],[112.14122,32.988337],[112.141303,32.988512],[112.138846,32.988229],[112.138586,32.988222],[112.138444,32.989813],[112.137373,32.989774],[112.1374,32.98968],[112.135005,32.989457],[112.133903,32.9893],[112.133237,32.989156],[112.13327,32.988991],[112.130933,32.988645],[112.130949,32.988422],[112.131073,32.98786],[112.130558,32.988096],[112.130676,32.987444],[112.130443,32.987423],[112.130507,32.987061],[112.129321,32.986906],[112.126934,32.986454],[112.126808,32.987],[112.12672,32.987221],[112.126545,32.987212],[112.125542,32.987394],[112.125193,32.987428],[112.125239,32.987745],[112.125159,32.987923],[112.124831,32.988402],[112.124678,32.988771],[112.120443,32.98802],[112.120559,32.987482],[112.119014,32.987237],[112.118813,32.988224],[112.118708,32.988447],[112.116686,32.98808],[112.11672,32.987795],[112.11554,32.98766],[112.115572,32.987277],[112.115162,32.987264],[112.115551,32.985954],[112.113507,32.984998],[112.112947,32.984564],[112.112394,32.984042],[112.112308,32.983943],[112.112338,32.983736],[112.110959,32.983657],[112.110675,32.985234],[112.110452,32.985187],[112.1095,32.985113],[112.10976,32.983376],[112.107979,32.98255],[112.105589,32.981711],[112.104924,32.981517],[112.105004,32.980554],[112.104994,32.980401],[112.104911,32.980388],[112.104377,32.980401],[112.104288,32.981493],[112.101601,32.981533],[112.101746,32.981803],[112.102073,32.982613],[112.10221,32.984067],[112.100372,32.98399],[112.100227,32.985025],[112.099428,32.984978],[112.099452,32.985041],[112.099369,32.98552],[112.099479,32.986141],[112.099179,32.986107],[112.098945,32.986127],[112.098865,32.986998],[112.099104,32.987005],[112.099246,32.987043],[112.099281,32.987801],[112.100107,32.987617],[112.100337,32.98766],[112.100383,32.988472],[112.100313,32.989207],[112.100305,32.989858],[112.100174,32.990935],[112.100026,32.991639],[112.101563,32.991891],[112.101485,32.992602],[112.102218,32.992654],[112.102451,32.992699],[112.102349,32.993282],[112.102336,32.993747],[112.10137,32.993687],[112.101394,32.993862],[112.101357,32.994321],[112.101314,32.994496],[112.101316,32.994712],[112.09975,32.994699],[112.099782,32.995342],[112.099742,32.996008],[112.099699,32.99622],[112.099063,32.996172],[112.099079,32.99685],[112.099015,32.997398],[112.099058,32.997792],[112.099214,32.997794],[112.099206,32.998022],[112.099096,32.998085],[112.099173,32.999158],[112.098267,32.999191],[112.098412,32.99932],[112.098425,32.999531],[112.099128,33.000042],[112.09923,33.000071],[112.099189,33.000314],[112.099181,33.001031],[112.099318,33.001034],[112.099366,33.001124],[112.099407,33.001344],[112.099635,33.001686],[112.099686,33.001888],[112.099919,33.002059],[112.100077,33.002293],[112.100128,33.002433],[112.100313,33.002584],[112.100418,33.002847],[112.100509,33.003821],[112.100584,33.004172],[112.105742,33.004052],[112.10586,33.004617],[112.108017,33.004527],[112.110203,33.004491],[112.110696,33.004448],[112.110814,33.005166],[112.111428,33.005146],[112.111396,33.003598],[112.111439,33.003299],[112.11509,33.00306],[112.114926,33.005065],[112.118257,33.004905],[112.120993,33.004707],[112.12083,33.005586],[112.120733,33.006423],[112.12176,33.006443],[112.122543,33.006506],[112.123388,33.006504],[112.123592,33.00654],[112.123691,33.006657],[112.124365,33.007078],[112.124547,33.007096],[112.124678,33.007066],[112.12544,33.007055],[112.125435,33.008189],[112.1265,33.008153],[112.126779,33.010215],[112.127119,33.010247],[112.127256,33.010193],[112.127186,33.012033],[112.12669,33.011992],[112.126835,33.013774],[112.126124,33.013729],[112.126097,33.013805],[112.126178,33.01479],[112.126009,33.014961],[112.126004,33.015247],[112.12595,33.015622],[112.125802,33.016272],[112.125781,33.016787],[112.125741,33.016985],[112.12625,33.017123],[112.127098,33.017269],[112.127098,33.018557],[112.127138,33.018821],[112.127125,33.019003],[112.127205,33.019084],[112.127355,33.01916],[112.127489,33.019603],[112.129415,33.019632],[112.129678,33.019579],[112.129732,33.02084],[112.130204,33.020824],[112.130955,33.02086],[112.131151,33.020926],[112.131239,33.020919],[112.131561,33.021056],[112.134136,33.0212],[112.134133,33.021456],[112.135614,33.021605],[112.135673,33.021288],[112.135753,33.021285],[112.139924,33.021654],[112.140074,33.021708],[112.14009,33.021917],[112.144275,33.022399],[112.14435,33.022475],[112.144291,33.022819],[112.146187,33.023125],[112.146893,33.023204],[112.147083,33.023181],[112.147255,33.023206],[112.147633,33.023285],[112.147678,33.023359],[112.14803,33.023444],[112.14697,33.02382],[112.146874,33.023926],[112.14686,33.024038],[112.147534,33.02418],[112.147314,33.025275],[112.147265,33.025345],[112.14729,33.025462],[112.14766,33.025565],[112.147909,33.025599],[112.147995,33.025572],[112.147858,33.026024],[112.147762,33.026087],[112.147472,33.026181],[112.147389,33.026348],[112.147284,33.026822],[112.147252,33.026863],[112.148692,33.027191],[112.148778,33.027256],[112.148472,33.02883],[112.148491,33.028909],[112.148598,33.028961],[112.149505,33.029091],[112.149301,33.030105],[112.149197,33.030919],[112.150275,33.03112],[112.150194,33.031241],[112.150184,33.03159],[112.149999,33.03161],[112.148019,33.031171],[112.147182,33.031142],[112.146665,33.03109],[112.146643,33.031279],[112.146565,33.031275],[112.146512,33.031493],[112.146482,33.031515],[112.145114,33.031369],[112.144929,33.031992],[112.14491,33.033341],[112.144243,33.033285],[112.144385,33.032473],[112.143459,33.032383],[112.143148,33.033582],[112.142529,33.03353],[112.142526,33.033627],[112.14214,33.035127],[112.142148,33.035259],[112.142,33.035806],[112.141499,33.035689],[112.141979,33.033528],[112.140841,33.03342],[112.14064,33.035491],[112.139943,33.035336],[112.14019,33.033928],[112.140179,33.033822],[112.140297,33.033397],[112.140109,33.033393],[112.139892,33.034207],[112.139806,33.034711],[112.139753,33.034789],[112.139669,33.035271],[112.13946,33.035217],[112.139616,33.034661],[112.139664,33.034319],[112.13979,33.033978],[112.139785,33.03389],[112.139897,33.033458],[112.139911,33.033332],[112.139691,33.03331],[112.139621,33.033469],[112.139235,33.03516],[112.138859,33.035079],[112.138618,33.036298],[112.138505,33.036644],[112.139452,33.036838],[112.139659,33.036854],[112.13961,33.036944],[112.139433,33.038272],[112.139331,33.038783],[112.14008,33.038828],[112.140217,33.03881],[112.140512,33.038857],[112.141842,33.038893],[112.141901,33.039367],[112.141826,33.039781],[112.141745,33.040699],[112.148285,33.040172],[112.148362,33.040197],[112.148389,33.040334],[112.148365,33.041105],[112.150505,33.041126],[112.152217,33.041213],[112.153276,33.04113],[112.153585,33.041058],[112.154051,33.041029],[112.154078,33.041007],[112.154102,33.040797],[112.1541,33.040053],[112.154159,33.039819],[112.153295,33.039837],[112.153056,33.03977],[112.152836,33.039772],[112.152898,33.038578],[112.152933,33.038416],[112.153386,33.038466],[112.153515,33.038439],[112.153681,33.038452],[112.153751,33.037033],[112.153815,33.036905],[112.154373,33.03695],[112.154379,33.036534],[112.154419,33.036431],[112.1576,33.036608],[112.157562,33.035727],[112.157713,33.035698],[112.157882,33.035727],[112.157911,33.035235],[112.160371,33.035289],[112.160419,33.035403],[112.160497,33.035869],[112.160921,33.035911],[112.161301,33.035923],[112.161328,33.03554],[112.162951,33.03561],[112.1629,33.035356],[112.162903,33.03516],[112.16275,33.035131],[112.162157,33.035133],[112.162229,33.034272],[112.165443,33.034389],[112.165461,33.03367],[112.165558,33.033015],[112.166062,33.033024],[112.165853,33.035154],[112.16595,33.035203],[112.166553,33.035232],[112.166647,33.03304],[112.166864,33.033022],[112.166905,33.033191],[112.166864,33.033409],[112.16687,33.033854],[112.166843,33.034],[112.166894,33.034238],[112.166821,33.035246],[112.167251,33.035273],[112.167232,33.035417],[112.167669,33.035405],[112.167664,33.034108],[112.169115,33.034196],[112.169359,33.034241],[112.169504,33.034207],[112.169777,33.03422],[112.17037,33.034335],[112.170284,33.034095],[112.171121,33.034211],[112.172355,33.034328],[112.172596,33.033987],[112.169946,33.033656],[112.169579,33.033751],[112.169605,33.03362],[112.169662,33.033557],[112.169756,33.033263],[112.169844,33.033175],[112.169879,33.033071],[112.171926,33.033222],[112.172518,33.033301],[112.172537,33.033701],[112.174058,33.033782],[112.174128,33.033831],[112.174222,33.033982],[112.174267,33.034407],[112.174227,33.034762],[112.174122,33.035028],[112.174093,33.035196],[112.175168,33.035388],[112.175367,33.033948],[112.176172,33.033969],[112.17593,33.035084],[112.175903,33.03554],[112.176641,33.035682],[112.176705,33.035621],[112.177006,33.035556],[112.178049,33.035734],[112.178162,33.034996],[112.178264,33.033793],[112.178347,33.033544],[112.178435,33.032399],[112.178478,33.032235],[112.178811,33.032264],[112.178636,33.033674],[112.178701,33.03376],[112.17913,33.034074],[112.179235,33.034117],[112.179283,33.032446],[112.179339,33.032323],[112.179436,33.032345],[112.179449,33.032678],[112.179506,33.032752],[112.180463,33.032862],[112.181337,33.033146],[112.181839,33.033359],[112.181949,33.032948],[112.182029,33.032462],[112.182148,33.032048],[112.182346,33.032066],[112.182526,33.029332],[112.183247,33.029539],[112.183352,33.030063],[112.183376,33.031295],[112.184395,33.031266],[112.184334,33.030953],[112.184234,33.030002],[112.184226,33.029793],[112.18428,33.029793],[112.184355,33.029725],[112.184299,33.02872],[112.184205,33.02812],[112.184607,33.028028],[112.184768,33.028306],[112.184827,33.028275],[112.186042,33.02812],[112.186898,33.028147],[112.187265,33.028106],[112.188276,33.028129],[112.188233,33.028884],[112.188872,33.028945],[112.188928,33.02899],[112.188952,33.029147],[112.188915,33.029692],[112.189046,33.029678],[112.189119,33.028189],[112.189255,33.028255],[112.189223,33.028666],[112.189207,33.029527],[112.189229,33.029651],[112.189894,33.02968],[112.18984,33.028592],[112.189996,33.027499],[112.191369,33.027623],[112.191447,33.027371],[112.19161,33.027097],[112.191659,33.026887],[112.191742,33.026847],[112.191361,33.026321],[112.190972,33.025909],[112.191111,33.024045],[112.191203,33.023528],[112.191221,33.023076],[112.191364,33.022262],[112.191339,33.021657],[112.191382,33.020984],[112.191498,33.019902],[112.191557,33.019686],[112.195612,33.020112],[112.196918,33.020204],[112.197246,33.020291],[112.199467,33.020541],[112.205947,33.021171],[112.207049,33.021297],[112.207253,33.021353],[112.20805,33.021429],[112.208093,33.021396],[112.208353,33.021456],[112.209147,33.021553],[112.209608,33.021587],[112.20975,33.02156],[112.210874,33.019657],[112.210863,33.019581],[112.211239,33.017721],[112.211279,33.017069],[112.212076,33.017145],[112.212738,33.017291],[112.212526,33.01692],[112.212435,33.016817],[112.213063,33.01692],[112.213207,33.016909],[112.213342,33.016081],[112.213368,33.015645],[112.212977,33.015593],[112.213017,33.014408],[112.213516,33.014451],[112.21384,33.012622],[112.215831,33.012852],[112.216812,33.013016],[112.217086,33.012496],[112.217172,33.012215],[112.217215,33.011543],[112.217789,33.011592],[112.217797,33.011828],[112.219291,33.011947],[112.21946,33.010978],[112.219449,33.010848],[112.219908,33.010888],[112.219956,33.010868],[112.219977,33.00993],[112.221463,33.010024],[112.221453,33.009905],[112.222786,33.010027],[112.222855,33.009849],[112.222973,33.009377],[112.222466,33.009332],[112.222169,33.00935],[112.222075,33.009316],[112.221571,33.009293],[112.221509,33.009421],[112.221482,33.00964],[112.22141,33.00964],[112.220042,33.00952],[112.220036,33.009257],[112.219422,33.009217],[112.219524,33.00863],[112.21991,33.008888],[112.220297,33.009201],[112.220559,33.009194],[112.220948,33.009266],[112.221198,33.00923],[112.221166,33.009179],[112.221203,33.007939],[112.220938,33.007874],[112.220492,33.007813],[112.220417,33.007827],[112.220626,33.006936],[112.221308,33.007087],[112.222123,33.007213],[112.222188,33.006767],[112.22226,33.006608],[112.221825,33.006538],[112.221868,33.006237],[112.220291,33.005994],[112.220302,33.005823],[112.221895,33.006023],[112.222027,33.005406],[112.222179,33.004997],[112.222185,33.004831],[112.222123,33.004768],[112.221882,33.004745],[112.221796,33.004698],[112.221737,33.004723],[112.221579,33.004669],[112.221238,33.004433],[112.220688,33.00394],[112.220474,33.003683],[112.219739,33.003087],[112.21965,33.002946],[112.219489,33.002901],[112.219575,33.002793],[112.220082,33.002709],[112.220152,33.001229],[112.220047,33.001207],[112.21898,33.001317],[112.218918,33.001277],[112.218923,33.001169],[112.218982,33.001022],[112.218854,33.000962],[112.218843,33.000923],[112.218829,33.000662],[112.21888,33.000393],[112.218671,33.000366],[112.218725,32.99979],[112.218781,32.998229],[112.218062,32.998289],[112.218035,32.998013],[112.218092,32.99759],[112.218027,32.997304],[112.217987,32.996814],[112.217722,32.996773],[112.217875,32.995866],[112.216501,32.995821],[112.214774,32.99568],[112.214991,32.995457],[112.215155,32.995214],[112.215211,32.994946],[112.215208,32.994798],[112.2135,32.994656],[112.213403,32.994611],[112.213891,32.992422],[112.212682,32.992308],[112.212754,32.991779],[112.213352,32.991849],[112.214262,32.991867],[112.214471,32.991642],[112.21509,32.991664],[112.215098,32.990121],[112.212422,32.989862],[112.213009,32.988116],[112.211899,32.987822],[112.211869,32.987849],[112.210474,32.987617],[112.210702,32.985821],[112.212711,32.986195],[112.212786,32.985839],[112.211958,32.985653],[112.211172,32.985524],[112.210791,32.98543],[112.210751,32.985378],[112.208404,32.985057],[112.208637,32.983794],[112.208728,32.983052],[112.208412,32.983032],[112.208071,32.984982],[112.206,32.98471],[112.205601,32.984721],[112.205949,32.982786],[112.20441,32.982777],[112.204624,32.982001],[112.204777,32.981594],[112.203672,32.981549],[112.203922,32.980818],[112.204016,32.980624],[112.203358,32.980471],[112.203613,32.979774],[112.205215,32.98008],[112.205231,32.979942],[112.205365,32.979533],[112.205402,32.979263],[112.20566,32.978588],[112.205164,32.978469],[112.204799,32.978444],[112.204941,32.978127],[112.20471,32.978037],[112.202556,32.977443],[112.202597,32.977292],[112.203307,32.975881],[112.20132,32.975125],[112.201207,32.975422],[112.201148,32.975494],[112.195722,32.974081],[112.195787,32.974036],[112.195958,32.973552],[112.193861,32.973129],[112.192882,32.972861],[112.192117,32.972697],[112.191948,32.97269],[112.192085,32.972375],[112.190728,32.972222],[112.190838,32.971633],[112.190052,32.971417],[112.190194,32.971293],[112.190513,32.970892],[112.190816,32.970449],[112.191559,32.968775],[112.192039,32.968001],[112.192222,32.967758],[112.192332,32.967531],[112.192493,32.966993],[112.192563,32.966552],[112.192874,32.965775],[112.192994,32.965568],[112.19301,32.965053],[112.193222,32.964463],[112.193922,32.963309],[112.194309,32.962319],[112.194521,32.962035],[112.19076,32.96158],[112.190071,32.96147],[112.190205,32.96098],[112.190446,32.960372],[112.188711,32.960131],[112.18888,32.95931],[112.188472,32.959271],[112.188504,32.959143],[112.188121,32.959089],[112.188118,32.959211],[112.186493,32.958869],[112.186195,32.959899],[112.186667,32.960388],[112.186227,32.96199],[112.186029,32.962877],[112.185181,32.962721],[112.184851,32.962701],[112.182311,32.962112],[112.182343,32.961932],[112.182086,32.961995],[112.181396,32.961891],[112.181252,32.961842],[112.181496,32.960784],[112.182687,32.960964],[112.182534,32.961576],[112.183199,32.961713],[112.183454,32.96059],[112.183513,32.960455],[112.183652,32.960473],[112.183714,32.960102],[112.183794,32.959886],[112.184063,32.958794],[112.183572,32.958783],[112.183317,32.958824],[112.182416,32.959136],[112.182416,32.958956],[112.182866,32.956733],[112.18123,32.956404],[112.181555,32.955317],[112.181678,32.955308],[112.181828,32.954939],[112.180943,32.954737],[112.181026,32.954484],[112.180106,32.95428],[112.180291,32.953593],[112.178588,32.953211],[112.177958,32.953035],[112.177805,32.953044],[112.17755,32.952988],[112.176078,32.952574],[112.17575,32.952553],[112.173213,32.951946],[112.173106,32.952533],[112.17103,32.952256],[112.170906,32.952353],[112.170751,32.952367],[112.169399,32.952259],[112.169085,32.952191],[112.16879,32.952193],[112.1678,32.952038]]]}},{"type":"Feature","properties":{"regionCode":"411324112","sourceCode":"411324112000","name":"安字营镇","sourceName":"安字营镇","parentCode":"411324","parentName":"镇平县","regionLevel":"township","regionType":"town","isManagementZone":false,"source":"ruiduobao","sourceVersion":"mixed-legacy~2018-2020","geometryRepaired":false,"match2020":true,"match2023":true},"geometry":{"type":"Polygon","coordinates":[[[112.280367,32.869396],[112.280609,32.871194],[112.28011,32.872115],[112.279348,32.872998],[112.27905,32.873568],[112.278876,32.87419],[112.27831,32.874771],[112.278527,32.873496],[112.278962,32.871683],[112.277948,32.871514],[112.277688,32.872627],[112.276899,32.87442],[112.277546,32.874595],[112.276956,32.876267],[112.275716,32.87603],[112.275043,32.878182],[112.276261,32.878459],[112.276087,32.879047],[112.277328,32.879526],[112.277334,32.879914],[112.276567,32.88195],[112.274271,32.881934],[112.272586,32.881772],[112.271143,32.881439],[112.271288,32.880493],[112.271546,32.87922],[112.271567,32.878274],[112.271712,32.877544],[112.271709,32.876174],[112.271827,32.874296],[112.270052,32.874172],[112.270223,32.873489],[112.270277,32.873104],[112.269209,32.873827],[112.267895,32.874435],[112.267565,32.874911],[112.267418,32.875677],[112.266605,32.877855],[112.26627,32.878213],[112.265985,32.878409],[112.266101,32.878605],[112.266138,32.878945],[112.266098,32.879407],[112.266109,32.880461],[112.266004,32.881195],[112.266017,32.881515],[112.266157,32.881788],[112.266323,32.881961],[112.266385,32.882653],[112.266473,32.883029],[112.267031,32.884498],[112.267085,32.884797],[112.267444,32.886144],[112.267638,32.886559],[112.267656,32.886698],[112.267981,32.887712],[112.269174,32.889241],[112.269317,32.889507],[112.269349,32.889732],[112.269301,32.890119],[112.26903,32.890838],[112.268882,32.890984],[112.268662,32.891406],[112.26855,32.891541],[112.265097,32.892779],[112.26432,32.893133],[112.264041,32.893297],[112.263676,32.893665],[112.263598,32.893791],[112.263553,32.893953],[112.263013,32.894707],[112.262879,32.894962],[112.26245,32.895372],[112.261764,32.895946],[112.261493,32.896221],[112.260795,32.89725],[112.260782,32.897572],[112.260857,32.898268],[112.260988,32.898599],[112.260964,32.899097],[112.260894,32.899353],[112.26061,32.89984],[112.259647,32.900331],[112.258483,32.900871],[112.258105,32.901112],[112.257767,32.901416],[112.257662,32.901558],[112.257705,32.902898],[112.257523,32.904078],[112.257528,32.904231],[112.257322,32.905495],[112.25719,32.906003],[112.256882,32.906979],[112.256657,32.907492],[112.256455,32.908089],[112.256353,32.910097],[112.256201,32.911149],[112.256246,32.911352],[112.256335,32.911419],[112.257005,32.911642],[112.257177,32.911773],[112.257365,32.911863],[112.257611,32.912137],[112.257794,32.912556],[112.257818,32.912984],[112.257912,32.913169],[112.257904,32.913439],[112.257764,32.913984],[112.257815,32.914105],[112.258132,32.914254],[112.258177,32.914342],[112.258202,32.91452],[112.257957,32.915492],[112.25766,32.916434],[112.257032,32.916373],[112.256807,32.91631],[112.257121,32.915299],[112.257295,32.914574],[112.257287,32.914484],[112.25664,32.914716],[112.256265,32.916305],[112.256214,32.916652],[112.25531,32.916515],[112.255369,32.916375],[112.25568,32.915024],[112.255694,32.91481],[112.255364,32.91465],[112.254996,32.914542],[112.254559,32.916028],[112.254457,32.916211],[112.254795,32.916398],[112.254768,32.916733],[112.254792,32.917656],[112.254707,32.91798],[112.254658,32.918064],[112.254688,32.918354],[112.254605,32.919313],[112.255353,32.919426],[112.255133,32.920849],[112.255951,32.920925],[112.256439,32.921013],[112.256386,32.921301],[112.256083,32.922143],[112.256555,32.921914],[112.256193,32.923355],[112.256037,32.923335],[112.255981,32.924098],[112.255938,32.924262],[112.255374,32.924154],[112.25347,32.923902],[112.253425,32.924082],[112.253618,32.924077],[112.25604,32.92442],[112.258199,32.924676],[112.258161,32.924931],[112.25586,32.924665],[112.255801,32.925158],[112.258116,32.925419],[112.257864,32.927817],[112.258065,32.927858],[112.257823,32.9298],[112.257625,32.9298],[112.257359,32.931554],[112.258094,32.931653],[112.25789,32.933195],[112.257802,32.933614],[112.255299,32.933344],[112.255224,32.933569],[112.255138,32.93453],[112.254304,32.934519],[112.254245,32.935642],[112.25572,32.935755],[112.255501,32.938166],[112.255694,32.938218],[112.25567,32.938823],[112.255605,32.939134],[112.254548,32.939102],[112.254382,32.940642],[112.253349,32.941],[112.25332,32.942454],[112.252577,32.942465],[112.252851,32.94414],[112.252376,32.944327],[112.251906,32.94443],[112.251735,32.944538],[112.251445,32.944572],[112.251112,32.944919],[112.250766,32.944997],[112.250579,32.945139],[112.250329,32.945153],[112.250029,32.945115],[112.24983,32.945151],[112.249562,32.945261],[112.248889,32.945441],[112.248323,32.945763],[112.248323,32.945848],[112.251228,32.945952],[112.251104,32.947035],[112.251013,32.947552],[112.24949,32.947512],[112.249449,32.947991],[112.248897,32.947957],[112.247583,32.94798],[112.246663,32.948108],[112.246585,32.950458],[112.246588,32.951928],[112.246625,32.952214],[112.24663,32.952693],[112.246571,32.952932],[112.245995,32.952916],[112.245829,32.952959],[112.243752,32.95297],[112.24371,32.953467],[112.243728,32.954316],[112.242749,32.954367],[112.243109,32.955382],[112.243524,32.955461],[112.244147,32.956602],[112.242964,32.956431],[112.24302,32.956614],[112.242985,32.95678],[112.240502,32.956735],[112.240424,32.957647],[112.238305,32.957644],[112.238289,32.959863],[112.235966,32.959755],[112.235907,32.959798],[112.235912,32.959949],[112.235405,32.959944],[112.235491,32.962094],[112.233177,32.962116],[112.23305,32.963973],[112.232812,32.963959],[112.23275,32.964403],[112.232517,32.966644],[112.232198,32.969205],[112.2322,32.969443],[112.233692,32.969581],[112.233539,32.970728],[112.234673,32.970942],[112.235274,32.970987],[112.23514,32.971862],[112.236114,32.971991],[112.238077,32.972337],[112.237696,32.973651],[112.234829,32.973138],[112.23452,32.974565],[112.23533,32.974704],[112.235231,32.975483],[112.235065,32.97641],[112.234772,32.976351],[112.23452,32.97738],[112.234502,32.977553],[112.233163,32.977308],[112.232777,32.978784],[112.232871,32.978835],[112.233123,32.978885],[112.233195,32.979303],[112.23478,32.979528],[112.235049,32.979605],[112.234904,32.980145],[112.234848,32.980575],[112.234797,32.98068],[112.235309,32.980689],[112.235636,32.98057],[112.235856,32.981191],[112.235891,32.981396],[112.235014,32.981333],[112.234877,32.982136],[112.23584,32.982233],[112.235875,32.982379],[112.2358,32.983068],[112.235027,32.983016],[112.234676,32.984438],[112.234829,32.984532],[112.234772,32.985034],[112.234571,32.98586],[112.234266,32.985828],[112.234153,32.985846],[112.233815,32.985988],[112.233064,32.985945],[112.233061,32.986058],[112.233244,32.986355],[112.232903,32.986517],[112.232857,32.986661],[112.232806,32.986996],[112.232857,32.987041],[112.232766,32.987619],[112.233134,32.987648],[112.232935,32.988811],[112.232814,32.991887],[112.2333,32.991927],[112.234727,32.992125],[112.234649,32.992836],[112.234917,32.992899],[112.234807,32.993837],[112.234826,32.993876],[112.235043,32.993925],[112.235033,32.994098],[112.234952,32.99428],[112.234936,32.994454],[112.235274,32.995561],[112.235282,32.995792],[112.235194,32.996179],[112.235116,32.996901],[112.235231,32.998019],[112.235148,32.998274],[112.235033,32.998368],[112.2326,32.998238],[112.23245,33.000069],[112.232404,33.001137],[112.232426,33.002271],[112.234502,33.002314],[112.234574,33.002341],[112.234367,33.002851],[112.234338,33.004145],[112.234392,33.004534],[112.234386,33.004711],[112.234555,33.00515],[112.234671,33.0052],[112.23551,33.005168],[112.235601,33.005134],[112.235695,33.005038],[112.2358,33.005026],[112.236776,33.005067],[112.23683,33.005427],[112.236819,33.005811],[112.236934,33.006353],[112.237087,33.006704],[112.238511,33.006794],[112.238517,33.006585],[112.240241,33.006695],[112.240239,33.007042],[112.240013,33.007273],[112.239946,33.007417],[112.239936,33.007604],[112.239952,33.00778],[112.240038,33.007959],[112.240118,33.008056],[112.240499,33.008335],[112.240671,33.008592],[112.240767,33.008924],[112.240802,33.009131],[112.24073,33.009466],[112.240724,33.010033],[112.240738,33.010866],[112.240767,33.011052],[112.240716,33.011414],[112.240612,33.011567],[112.240655,33.011828],[112.240807,33.011936],[112.241258,33.012064],[112.241572,33.01222],[112.241617,33.0123],[112.24169,33.012701],[112.241679,33.01293],[112.241714,33.013004],[112.24173,33.013295],[112.242208,33.013286],[112.243415,33.013358],[112.243356,33.013753],[112.243409,33.013807],[112.24449,33.0141],[112.245008,33.012667],[112.245147,33.012487],[112.245263,33.012215],[112.245383,33.012145],[112.245885,33.012132],[112.246191,33.012188],[112.246368,33.012181],[112.2464,33.01215],[112.246555,33.010908],[112.246598,33.01069],[112.246636,33.01065],[112.247046,33.010722],[112.247017,33.011088],[112.247741,33.011165],[112.24784,33.011117],[112.250901,33.011612],[112.251035,33.011664],[112.251188,33.010982],[112.249895,33.010733],[112.25004,33.010047],[112.248825,33.009874],[112.248985,33.009388],[112.248835,33.009338],[112.247108,33.009073],[112.24739,33.007597],[112.249103,33.00789],[112.24946,33.00793],[112.249458,33.007843],[112.249334,33.007795],[112.247698,33.007519],[112.247422,33.007438],[112.247406,33.007215],[112.247518,33.006585],[112.247921,33.005402],[112.247878,33.0054],[112.248165,33.004277],[112.248465,33.003465],[112.248648,33.003128],[112.248776,33.002732],[112.24625,33.002217],[112.246813,33.000165],[112.247132,33.000066],[112.247124,32.999875],[112.24717,32.999661],[112.248159,32.999819],[112.248285,32.999338],[112.246188,32.998993],[112.246172,32.998865],[112.246223,32.998269],[112.246346,32.997551],[112.248487,32.997857],[112.248631,32.997176],[112.248779,32.996825],[112.248924,32.996625],[112.249943,32.996818],[112.250125,32.99682],[112.250619,32.995588],[112.250474,32.995588],[112.249728,32.995387],[112.24964,32.995273],[112.249833,32.994908],[112.2499,32.994703],[112.25004,32.994676],[112.251332,32.994926],[112.251475,32.994919],[112.251807,32.994692],[112.251499,32.995815],[112.252014,32.995936],[112.252124,32.995693],[112.252387,32.995794],[112.252488,32.99532],[112.252593,32.995043],[112.252974,32.995115],[112.253003,32.995171],[112.252971,32.995358],[112.252918,32.995581],[112.252851,32.995684],[112.252977,32.995732],[112.253215,32.995758],[112.253312,32.995313],[112.253451,32.995331],[112.253449,32.995198],[112.25395,32.993385],[112.256378,32.993833],[112.256286,32.99404],[112.256847,32.994168],[112.257257,32.99273],[112.258124,32.993477],[112.25832,32.993183],[112.258357,32.992771],[112.258539,32.992267],[112.262472,32.993194],[112.262354,32.993536],[112.264145,32.993896],[112.264049,32.993437],[112.264336,32.992332],[112.264202,32.991705],[112.26414,32.991039],[112.262702,32.99085],[112.262721,32.990584],[112.262807,32.990249],[112.264092,32.990474],[112.263936,32.990031],[112.264011,32.989412],[112.264073,32.989185],[112.264355,32.989207],[112.264183,32.990164],[112.264199,32.99029],[112.264416,32.990348],[112.267825,32.990647],[112.26771,32.989617],[112.268955,32.989669],[112.269236,32.989709],[112.269158,32.990724],[112.269169,32.991252],[112.270805,32.991306],[112.270752,32.989293],[112.274137,32.989837],[112.274021,32.990197],[112.273439,32.991219],[112.273356,32.991421],[112.273348,32.991527],[112.273219,32.991799],[112.273034,32.992038],[112.275891,32.992494],[112.276548,32.992533],[112.279852,32.993081],[112.279335,32.995147],[112.279394,32.995333],[112.281931,32.995988],[112.282476,32.996085],[112.282636,32.996643],[112.282889,32.997113],[112.282961,32.997414],[112.283041,32.997394],[112.284739,32.997628],[112.284774,32.997702],[112.284603,32.998094],[112.284324,32.998177],[112.283385,32.997968],[112.283272,32.997997],[112.283149,32.998543],[112.283288,32.998757],[112.283492,32.99918],[112.283511,32.999286],[112.283387,32.999643],[112.283358,32.999958],[112.28295,33.001832],[112.283039,33.001819],[112.285021,33.00208],[112.284978,33.002543],[112.284734,33.003789],[112.288304,33.004502],[112.291351,33.005031],[112.292982,33.005281],[112.294916,33.005388],[112.295211,33.00529],[112.295355,33.005179],[112.295447,33.005024],[112.295498,33.004797],[112.295487,33.004534],[112.295406,33.004275],[112.294663,33.00295],[112.294387,33.002131],[112.295986,33.001708],[112.296131,33.001695],[112.295876,33.001229],[112.295551,33.000845],[112.2949,33.000325],[112.295616,33.000228],[112.295669,33.000181],[112.295661,33.000134],[112.295524,32.99985],[112.295299,32.999212],[112.295028,32.999322],[112.294376,32.997547],[112.293963,32.997542],[112.293733,32.997502],[112.293296,32.995779],[112.293338,32.995637],[112.292646,32.99577],[112.292655,32.994978],[112.292786,32.994935],[112.29387,32.994793],[112.29344,32.994143],[112.292499,32.994307],[112.292408,32.994069],[112.291877,32.993342],[112.291737,32.993241],[112.29122,32.992654],[112.290865,32.992177],[112.290611,32.991736],[112.290391,32.991489],[112.289294,32.990895],[112.289122,32.990841],[112.289141,32.990683],[112.289283,32.990427],[112.289444,32.990213],[112.289726,32.989986],[112.288926,32.990157],[112.288819,32.990035],[112.288258,32.98876],[112.28836,32.98869],[112.289388,32.988382],[112.289323,32.988258],[112.28887,32.985734],[112.288594,32.985776],[112.288462,32.985756],[112.28836,32.9857],[112.288264,32.98554],[112.288248,32.985434],[112.287022,32.985601],[112.286931,32.985412],[112.286327,32.98451],[112.284785,32.982539],[112.284401,32.982015],[112.284401,32.981927],[112.285643,32.981684],[112.285565,32.981533],[112.285158,32.979987],[112.285801,32.979859],[112.286528,32.979767],[112.286636,32.980012],[112.286716,32.980343],[112.287,32.980271],[112.287776,32.980161],[112.287853,32.980134],[112.287902,32.980046],[112.288411,32.97996],[112.28843,32.979864],[112.288087,32.978808],[112.288269,32.978784],[112.288325,32.978743],[112.288789,32.97909],[112.290444,32.978925],[112.290506,32.978959],[112.290723,32.979643],[112.291016,32.980365],[112.290318,32.980458],[112.290216,32.979992],[112.289642,32.98008],[112.289943,32.980863],[112.290152,32.981556],[112.291099,32.981376],[112.291308,32.981373],[112.292212,32.981124],[112.292099,32.980572],[112.291649,32.978802],[112.292571,32.978687],[112.292866,32.978741],[112.293349,32.980269],[112.293483,32.980806],[112.293773,32.980734],[112.293904,32.980737],[112.293727,32.979911],[112.293483,32.979074],[112.293569,32.978986],[112.29435,32.979292],[112.295533,32.979857],[112.29582,32.980109],[112.29583,32.979585],[112.295989,32.979504],[112.296082,32.979414],[112.295803,32.978498],[112.296179,32.978471],[112.29682,32.978889],[112.297818,32.978784],[112.297641,32.977535],[112.300417,32.977614],[112.300017,32.976178],[112.301401,32.976156],[112.301549,32.976093],[112.302402,32.975991],[112.302343,32.97553],[112.302391,32.975413],[112.302694,32.975352],[112.303466,32.975321],[112.303488,32.97526],[112.303381,32.974508],[112.303421,32.974421],[112.303625,32.974349],[112.304952,32.974227],[112.304872,32.974047],[112.304499,32.972704],[112.303981,32.970629],[112.303981,32.97049],[112.301533,32.970431],[112.301039,32.96907],[112.300586,32.968878],[112.29847,32.967792],[112.298365,32.967281],[112.297625,32.967409],[112.297378,32.967477],[112.297265,32.967546],[112.29711,32.966538],[112.296973,32.966486],[112.296745,32.966502],[112.296233,32.966594],[112.295787,32.966633],[112.295388,32.963095],[112.295444,32.96282],[112.295511,32.961256],[112.294146,32.961229],[112.294143,32.961198],[112.293781,32.961191],[112.293682,32.960221],[112.293674,32.959337],[112.292131,32.959298],[112.292051,32.958635],[112.292848,32.958401],[112.292789,32.955727],[112.294532,32.955761],[112.294693,32.953933],[112.294052,32.953917],[112.294229,32.952675],[112.294339,32.952493],[112.293322,32.952144],[112.293609,32.950287],[112.294089,32.950307],[112.294722,32.946301],[112.295498,32.946238],[112.295653,32.943579],[112.296793,32.943566],[112.296946,32.943233],[112.296986,32.942841],[112.296882,32.942076],[112.296833,32.941918],[112.297533,32.941884],[112.298314,32.941909],[112.298295,32.94131],[112.298346,32.941022],[112.298443,32.940948],[112.299312,32.941],[112.299325,32.941821],[112.299293,32.942636],[112.299666,32.942704],[112.300505,32.942702],[112.300653,32.942643],[112.300578,32.940207],[112.301334,32.940223],[112.301275,32.939165],[112.301629,32.939165],[112.302638,32.938985],[112.303217,32.939604],[112.304081,32.939537],[112.304306,32.939485],[112.303944,32.939143],[112.303134,32.937698],[112.302994,32.937078],[112.302724,32.9365],[112.302903,32.936428],[112.3033,32.936381],[112.304116,32.93643],[112.304113,32.936259],[112.303673,32.935597],[112.303601,32.935199],[112.305234,32.935005],[112.305073,32.933589],[112.306063,32.933537],[112.306036,32.933164],[112.3058,32.932236],[112.305843,32.930471],[112.305762,32.930345],[112.304928,32.930519],[112.304065,32.930926],[112.30326,32.930897],[112.302855,32.930809],[112.303601,32.929346],[112.306395,32.923026],[112.306672,32.922094],[112.3068,32.921767],[112.306854,32.92258],[112.306674,32.924733],[112.30745,32.924872],[112.307501,32.924609],[112.307519,32.924134],[112.307611,32.923645],[112.308273,32.923704],[112.308292,32.92501],[112.308936,32.925048],[112.30896,32.924935],[112.309442,32.925041],[112.309563,32.924233],[112.30963,32.92405],[112.311242,32.924282],[112.311033,32.925239],[112.313224,32.92546],[112.313251,32.926088],[112.313163,32.926759],[112.313152,32.927283],[112.313267,32.927371],[112.313246,32.928799],[112.314557,32.928796],[112.314683,32.927912],[112.314911,32.92725],[112.314946,32.926766],[112.315,32.926489],[112.314984,32.926322],[112.31507,32.926417],[112.315367,32.926414],[112.315445,32.925241],[112.315488,32.925061],[112.316271,32.925007],[112.31618,32.926446],[112.317419,32.926491],[112.317363,32.926991],[112.318766,32.927151],[112.318744,32.92741],[112.318624,32.927599],[112.318887,32.927612],[112.319758,32.927545],[112.319793,32.928652],[112.321719,32.928627],[112.321896,32.927169],[112.322078,32.927229],[112.322376,32.927241],[112.322424,32.926448],[112.322687,32.926473],[112.32343,32.926466],[112.323478,32.926011],[112.3232,32.925966],[112.323234,32.924676],[112.323213,32.924323],[112.323562,32.92439],[112.323599,32.923695],[112.323575,32.921178],[112.32365,32.921076],[112.324449,32.921148],[112.324358,32.920016],[112.323017,32.920032],[112.322894,32.917598],[112.32291,32.912781],[112.318307,32.912516],[112.318173,32.913191],[112.316328,32.912948],[112.315703,32.912772],[112.315496,32.913081],[112.314557,32.912966],[112.314048,32.912759],[112.313584,32.912509],[112.313037,32.912336],[112.312873,32.912646],[112.311763,32.9122],[112.308638,32.91068],[112.308007,32.909973],[112.309016,32.909082],[112.309322,32.908559],[112.309035,32.908174],[112.308973,32.90771],[112.308978,32.907152],[112.309158,32.906819],[112.310207,32.906186],[112.310826,32.90588],[112.310931,32.905236],[112.311004,32.90399],[112.31102,32.901418],[112.310982,32.900718],[112.309735,32.900311],[112.309974,32.899608],[112.309974,32.899092],[112.310016,32.898775],[112.308171,32.897944],[112.30786,32.89777],[112.308045,32.897354],[112.309037,32.895867],[112.309292,32.895252],[112.309249,32.894836],[112.309045,32.894396],[112.308785,32.894032],[112.308619,32.893737],[112.308568,32.893406],[112.308697,32.893027],[112.309552,32.891295],[112.307637,32.891011],[112.307922,32.890079],[112.30702,32.889899],[112.306929,32.888939],[112.308032,32.888797],[112.308037,32.887543],[112.308584,32.887453],[112.309008,32.887279],[112.309155,32.887025],[112.309332,32.883748],[112.308678,32.883502],[112.309383,32.882101],[112.310287,32.882261],[112.311084,32.88093],[112.308756,32.879357],[112.308823,32.878918],[112.309268,32.877645],[112.309432,32.87699],[112.306581,32.87535],[112.305623,32.876708],[112.304091,32.875388],[112.303724,32.875373],[112.303201,32.875258],[112.300918,32.874902],[112.29969,32.874915],[112.298649,32.874992],[112.298158,32.876715],[112.297976,32.876952],[112.295938,32.874954],[112.29233,32.871723],[112.291222,32.872],[112.290729,32.872034],[112.289959,32.871998],[112.289422,32.871906],[112.288797,32.872088],[112.288331,32.872113],[112.287588,32.872081],[112.287236,32.872025],[112.286349,32.8718],[112.285767,32.871746],[112.284742,32.871579],[112.282972,32.871421],[112.281856,32.871532],[112.281885,32.870723],[112.281939,32.87018],[112.282797,32.870198],[112.282816,32.869423],[112.282049,32.869277],[112.282119,32.868405],[112.281499,32.868335],[112.281443,32.869396],[112.280367,32.869396]]]}},{"type":"Feature","properties":{"regionCode":"411324113","sourceCode":"411324113000","name":"张林镇","sourceName":"张林镇","parentCode":"411324","parentName":"镇平县","regionLevel":"township","regionType":"town","isManagementZone":false,"source":"ruiduobao","sourceVersion":"mixed-legacy~2018-2020","geometryRepaired":false,"match2020":true,"match2023":true},"geometry":{"type":"Polygon","coordinates":[[[112.192691,32.849517],[112.192445,32.849758],[112.192166,32.853264],[112.192168,32.854089],[112.191141,32.854127],[112.188056,32.854091],[112.187321,32.854031],[112.186879,32.854091],[112.186635,32.855362],[112.186243,32.855455],[112.18299,32.855522],[112.183027,32.85598],[112.183333,32.858235],[112.183432,32.858695],[112.183564,32.858983],[112.183153,32.85906],[112.181606,32.858875],[112.180114,32.858758],[112.179747,32.858607],[112.179213,32.857796],[112.178974,32.857554],[112.17858,32.857446],[112.175463,32.857167],[112.172454,32.857063],[112.172119,32.857354],[112.171598,32.857579],[112.171183,32.857694],[112.171185,32.858091],[112.169225,32.858043],[112.168726,32.857915],[112.168061,32.857611],[112.164485,32.85739],[112.159781,32.856867],[112.159888,32.855907],[112.159963,32.854666],[112.158453,32.854405],[112.15848,32.852965],[112.158531,32.852203],[112.158595,32.851552],[112.158718,32.850795],[112.158753,32.850227],[112.158249,32.849697],[112.157613,32.849274],[112.15698,32.849076],[112.155569,32.848812],[112.154129,32.848697],[112.152989,32.848632],[112.15245,32.848751],[112.152313,32.849702],[112.152144,32.850513],[112.15201,32.85178],[112.151839,32.852388],[112.151149,32.852444],[112.149768,32.852255],[112.146823,32.85175],[112.146343,32.851705],[112.145801,32.851748],[112.145576,32.853958],[112.145369,32.85559],[112.145018,32.855993],[112.144025,32.856378],[112.144036,32.857496],[112.143969,32.858273],[112.14446,32.858278],[112.1445,32.858688],[112.144409,32.860513],[112.144234,32.861853],[112.144095,32.862187],[112.143998,32.862633],[112.143872,32.864059],[112.143333,32.864401],[112.141831,32.865019],[112.13986,32.86592],[112.139643,32.866382],[112.139103,32.870205],[112.138621,32.871825],[112.138092,32.871843],[112.136606,32.871478],[112.135429,32.871252],[112.133052,32.871063],[112.131175,32.870631],[112.129667,32.870669],[112.129107,32.870626],[112.128407,32.870374],[112.127707,32.870214],[112.126559,32.870108],[112.125577,32.869856],[112.124595,32.869394],[112.124032,32.869187],[112.123777,32.869178],[112.123394,32.870984],[112.123265,32.871462],[112.122841,32.87139],[112.122557,32.872604],[112.123761,32.872829],[112.123506,32.873856],[112.124198,32.873974],[112.124169,32.874122],[112.124169,32.87499],[112.124198,32.875177],[112.124271,32.875325],[112.124212,32.875623],[112.125183,32.875778],[112.125478,32.875848],[112.125542,32.875884],[112.125569,32.875947],[112.126022,32.876008],[112.125794,32.875438],[112.125818,32.875066],[112.125936,32.874539],[112.127838,32.874769],[112.12809,32.874823],[112.128058,32.875066],[112.128007,32.876853],[112.12794,32.877458],[112.126113,32.877256],[112.126046,32.877452],[112.12429,32.877244],[112.124166,32.877251],[112.12404,32.878801],[112.123989,32.878936],[112.12514,32.879112],[112.125279,32.879103],[112.125657,32.879161],[112.125751,32.879213],[112.125891,32.879206],[112.12625,32.879272],[112.127557,32.879418],[112.127937,32.879511],[112.127704,32.880621],[112.125507,32.880479],[112.125325,32.880716],[112.12507,32.880941],[112.124952,32.881173],[112.12397,32.88102],[112.123986,32.88136],[112.123941,32.881986],[112.123809,32.882597],[112.123818,32.883234],[112.12378,32.884099],[112.123603,32.884966],[112.123482,32.885966],[112.123482,32.886324],[112.123587,32.88689],[112.123584,32.887056],[112.123407,32.887583],[112.123305,32.888273],[112.123198,32.890198],[112.122895,32.890156],[112.122833,32.890122],[112.122079,32.89009],[112.121894,32.891919],[112.121543,32.891901],[112.121543,32.892027],[112.121428,32.892606],[112.121229,32.893367],[112.121843,32.893437],[112.122377,32.893354],[112.122876,32.893365],[112.122919,32.89359],[112.122978,32.894394],[112.122927,32.895023],[112.122932,32.895354],[112.122881,32.895523],[112.122801,32.897025],[112.122755,32.897263],[112.122726,32.897718],[112.12256,32.898621],[112.122329,32.899396],[112.12223,32.899504],[112.122028,32.90034],[112.122031,32.900473],[112.122112,32.900599],[112.12227,32.90072],[112.122428,32.900997],[112.122492,32.901346],[112.122549,32.901495],[112.122538,32.901732],[112.122463,32.901907],[112.12235,32.902027],[112.122267,32.902209],[112.12223,32.902382],[112.122232,32.902572],[112.12238,32.903439],[112.12109,32.90333],[112.120982,32.905227],[112.121892,32.905296],[112.121956,32.905326],[112.122063,32.905672],[112.122138,32.906163],[112.12213,32.906449],[112.122093,32.906564],[112.120907,32.906548],[112.120942,32.905929],[112.118727,32.905913],[112.118673,32.906526],[112.117383,32.906528],[112.117174,32.909913],[112.116669,32.909919],[112.116431,32.910088],[112.116428,32.910244],[112.116812,32.912772],[112.115937,32.912905],[112.115768,32.913283],[112.115479,32.91366],[112.115387,32.913729],[112.115162,32.913765],[112.114974,32.913846],[112.114996,32.913964],[112.114757,32.914826],[112.114846,32.914824],[112.114915,32.914869],[112.114931,32.914963],[112.114856,32.916049],[112.114424,32.916028],[112.114491,32.916524],[112.114462,32.917161],[112.114339,32.917902],[112.114438,32.918528],[112.114344,32.918989],[112.114365,32.920124],[112.113193,32.920095],[112.113008,32.920133],[112.112826,32.920218],[112.111718,32.920432],[112.111348,32.920435],[112.10847,32.919989],[112.108006,32.921864],[112.106662,32.921646],[112.106603,32.922134],[112.106206,32.923701],[112.105157,32.923339],[112.104508,32.925897],[112.102703,32.925766],[112.10243,32.926811],[112.102287,32.92768],[112.101748,32.927632],[112.101515,32.929066],[112.100311,32.929091],[112.099766,32.929055],[112.100077,32.927659],[112.099892,32.927601],[112.098414,32.927423],[112.097867,32.927328],[112.097505,32.927304],[112.097347,32.927932],[112.097349,32.928098],[112.096893,32.928141],[112.096869,32.928346],[112.096808,32.928499],[112.096475,32.928456],[112.096344,32.929526],[112.097229,32.929582],[112.097213,32.929715],[112.097288,32.930073],[112.096687,32.93001],[112.096475,32.931493],[112.096488,32.931655],[112.095185,32.931538],[112.094989,32.933026],[112.094359,32.932966],[112.094133,32.934935],[112.094056,32.934931],[112.093849,32.93743],[112.095665,32.937592],[112.095544,32.937932],[112.095515,32.938141],[112.098189,32.938371],[112.098159,32.938762],[112.099297,32.938868],[112.099023,32.940034],[112.098986,32.940601],[112.10041,32.940766],[112.100836,32.940781],[112.100745,32.941236],[112.102215,32.941304],[112.102502,32.941342],[112.102797,32.941333],[112.102593,32.942936],[112.104318,32.943026],[112.104149,32.944329],[112.104066,32.945252],[112.104251,32.945265],[112.104229,32.945704],[112.104181,32.945909],[112.105914,32.946006],[112.106131,32.945385],[112.107349,32.945443],[112.107266,32.946499],[112.107164,32.946931],[112.107156,32.948176],[112.107368,32.948308],[112.107727,32.948464],[112.108591,32.948554],[112.108363,32.949733],[112.111686,32.949936],[112.111155,32.952632],[112.112861,32.952918],[112.114521,32.953328],[112.11432,32.954174],[112.114465,32.954219],[112.11531,32.954271],[112.115495,32.953447],[112.115996,32.953528],[112.11583,32.954329],[112.116334,32.954356],[112.116503,32.954331],[112.116369,32.954784],[112.116195,32.955178],[112.116828,32.955299],[112.117313,32.955353],[112.117316,32.954989],[112.11845,32.955076],[112.118432,32.955945],[112.11926,32.95595],[112.119258,32.957921],[112.120116,32.957912],[112.120124,32.958437],[112.120183,32.958513],[112.120245,32.959283],[112.119783,32.959377],[112.119341,32.959398],[112.119446,32.960426],[112.118118,32.960466],[112.118131,32.960671],[112.118198,32.960905],[112.117678,32.960883],[112.117573,32.963102],[112.115645,32.963088],[112.115626,32.963293],[112.115551,32.963424],[112.115597,32.96357],[112.115977,32.96386],[112.116079,32.964006],[112.116093,32.964646],[112.116002,32.964713],[112.115905,32.964722],[112.115712,32.964661],[112.1148,32.964616],[112.114765,32.965458],[112.112547,32.965377],[112.112541,32.965485],[112.112375,32.965503],[112.111514,32.965886],[112.111359,32.967247],[112.111297,32.967463],[112.111115,32.968793],[112.111176,32.968795],[112.111176,32.96882],[112.111018,32.970915],[112.110428,32.970919],[112.110267,32.972369],[112.110237,32.973262],[112.110036,32.973266],[112.109897,32.973311],[112.109862,32.973644],[112.109827,32.973687],[112.109741,32.974731],[112.109749,32.975071],[112.108078,32.974992],[112.108054,32.975188],[112.10638,32.975154],[112.10637,32.975465],[112.106069,32.977308],[112.106016,32.977492],[112.104841,32.97735],[112.104731,32.978424],[112.105238,32.978457],[112.105182,32.980327],[112.1053,32.980359],[112.105643,32.980271],[112.10589,32.980041],[112.105793,32.980896],[112.105721,32.981128],[112.105675,32.981495],[112.105589,32.981711],[112.107979,32.98255],[112.10976,32.983376],[112.1095,32.985113],[112.110452,32.985187],[112.110675,32.985234],[112.110959,32.983657],[112.112338,32.983736],[112.112308,32.983943],[112.112394,32.984042],[112.112947,32.984564],[112.113507,32.984998],[112.115551,32.985954],[112.115162,32.987264],[112.115572,32.987277],[112.11554,32.98766],[112.11672,32.987795],[112.116686,32.98808],[112.118708,32.988447],[112.118813,32.988224],[112.119014,32.987237],[112.120559,32.987482],[112.120443,32.98802],[112.124678,32.988771],[112.124831,32.988402],[112.125159,32.987923],[112.125239,32.987745],[112.125193,32.987428],[112.125542,32.987394],[112.126545,32.987212],[112.12672,32.987221],[112.126808,32.987],[112.126934,32.986454],[112.129321,32.986906],[112.130507,32.987061],[112.130443,32.987423],[112.130676,32.987444],[112.130558,32.988096],[112.131073,32.98786],[112.130949,32.988422],[112.130933,32.988645],[112.13327,32.988991],[112.133237,32.989156],[112.133903,32.9893],[112.135005,32.989457],[112.1374,32.98968],[112.137373,32.989774],[112.138444,32.989813],[112.138586,32.988222],[112.138846,32.988229],[112.141303,32.988512],[112.14122,32.988337],[112.141158,32.98804],[112.141056,32.987041],[112.141083,32.986838],[112.141429,32.986836],[112.14362,32.986973],[112.143958,32.987027],[112.143752,32.988186],[112.145509,32.988395],[112.145594,32.988503],[112.145785,32.988564],[112.14707,32.988737],[112.147118,32.98844],[112.148652,32.988746],[112.148867,32.988757],[112.148998,32.988074],[112.149084,32.987822],[112.149135,32.987383],[112.149838,32.986116],[112.149883,32.985981],[112.149961,32.983799],[112.150082,32.982964],[112.150178,32.982683],[112.15068,32.981736],[112.150803,32.981641],[112.151122,32.981655],[112.153137,32.98203],[112.153469,32.98073],[112.153684,32.980743],[112.154928,32.981],[112.155178,32.980248],[112.156414,32.980521],[112.158453,32.980743],[112.158735,32.979193],[112.159212,32.979279],[112.15944,32.978271],[112.160515,32.978433],[112.160693,32.977645],[112.160207,32.977539],[112.160293,32.976437],[112.162286,32.976914],[112.162669,32.975791],[112.159966,32.975035],[112.160116,32.974801],[112.160556,32.973356],[112.160805,32.972722],[112.160092,32.97247],[112.158611,32.972076],[112.158587,32.971703],[112.158386,32.971266],[112.158413,32.970976],[112.158531,32.970577],[112.158115,32.970503],[112.158069,32.970391],[112.157699,32.970373],[112.157699,32.969943],[112.157737,32.969797],[112.158726,32.9699],[112.158818,32.969576],[112.158651,32.969538],[112.157745,32.96947],[112.158329,32.967582],[112.158265,32.967396],[112.157957,32.96679],[112.157772,32.96625],[112.157503,32.96562],[112.15749,32.963253],[112.159005,32.963322],[112.159349,32.962672],[112.159107,32.962667],[112.159335,32.962125],[112.159464,32.961936],[112.157466,32.961898],[112.15742,32.959265],[112.159443,32.959512],[112.159697,32.958551],[112.160116,32.958639],[112.160151,32.958623],[112.160186,32.958198],[112.160263,32.958097],[112.160285,32.957705],[112.160411,32.957088],[112.160465,32.956082],[112.160572,32.955031],[112.15919,32.954986],[112.159086,32.955103],[112.159105,32.954892],[112.159062,32.954361],[112.15911,32.954223],[112.159182,32.954223],[112.159239,32.953816],[112.16069,32.95392],[112.160722,32.953672],[112.159762,32.953577],[112.159748,32.953361],[112.161551,32.953492],[112.161551,32.953321],[112.161173,32.953294],[112.161234,32.952889],[112.16124,32.952495],[112.161309,32.952367],[112.162608,32.952432],[112.162618,32.952137],[112.163257,32.952144],[112.162594,32.951412],[112.164547,32.951469],[112.166816,32.951622],[112.16684,32.951471],[112.166746,32.951349],[112.166746,32.951252],[112.166835,32.950251],[112.166832,32.949974],[112.166921,32.94983],[112.166872,32.949726],[112.166658,32.949661],[112.166671,32.949546],[112.167454,32.949605],[112.167594,32.948675],[112.168165,32.948725],[112.168342,32.947532],[112.167894,32.947428],[112.167897,32.947237],[112.1682,32.945754],[112.168283,32.945508],[112.169316,32.945601],[112.169469,32.944669],[112.166094,32.944523],[112.166001,32.944324],[112.166153,32.944327],[112.166186,32.942794],[112.166757,32.94281],[112.166719,32.944329],[112.167216,32.944345],[112.167299,32.942796],[112.16687,32.942785],[112.166929,32.941659],[112.166357,32.941621],[112.166333,32.941385],[112.166811,32.941427],[112.169219,32.941482],[112.169273,32.941234],[112.169345,32.940261],[112.169469,32.93996],[112.170225,32.93994],[112.170222,32.939649],[112.172422,32.939741],[112.172395,32.93964],[112.172505,32.93851],[112.175096,32.938812],[112.175109,32.93865],[112.173371,32.937824],[112.172832,32.937616],[112.172929,32.936387],[112.173033,32.935804],[112.173503,32.935836],[112.173747,32.935915],[112.173854,32.935892],[112.173921,32.935811],[112.174069,32.935215],[112.174155,32.934654],[112.174224,32.934487],[112.175109,32.934514],[112.17527,32.933846],[112.175547,32.932371],[112.175262,32.932326],[112.175241,32.932295],[112.175378,32.931671],[112.175421,32.931496],[112.175673,32.931435],[112.175697,32.931394],[112.175995,32.929942],[112.176096,32.929287],[112.176287,32.92926],[112.176689,32.927916],[112.181107,32.928733],[112.181193,32.927876],[112.179278,32.927385],[112.179326,32.927142],[112.180187,32.927369],[112.180278,32.927214],[112.181244,32.927464],[112.181241,32.927117],[112.179358,32.92666],[112.179361,32.926455],[112.179945,32.926561],[112.180203,32.924613],[112.180275,32.92426],[112.179173,32.924039],[112.179492,32.922859],[112.179283,32.922918],[112.178934,32.922871],[112.178856,32.922715],[112.176102,32.92211],[112.176472,32.920705],[112.174216,32.919955],[112.173446,32.919788],[112.173975,32.917971],[112.17339,32.917875],[112.17353,32.91721],[112.173637,32.916933],[112.173618,32.916735],[112.173918,32.915893],[112.173784,32.915931],[112.172998,32.915711],[112.172057,32.915398],[112.171236,32.915177],[112.171035,32.915103],[112.170979,32.915049],[112.17078,32.915049],[112.170255,32.914855],[112.169986,32.914412],[112.169689,32.914324],[112.16942,32.914285],[112.169155,32.914288],[112.168994,32.914245],[112.168707,32.914096],[112.168382,32.914029],[112.168302,32.913889],[112.16846,32.913734],[112.168825,32.912831],[112.168919,32.912331],[112.169182,32.91159],[112.169656,32.911707],[112.169774,32.911451],[112.170399,32.909566],[112.170955,32.909669],[112.171397,32.908357],[112.171998,32.908465],[112.174034,32.909077],[112.174412,32.909129],[112.175442,32.909365],[112.175576,32.907877],[112.177057,32.90814],[112.177287,32.908217],[112.177143,32.907936],[112.177062,32.907607],[112.176834,32.907445],[112.176831,32.907204],[112.176901,32.906884],[112.176998,32.906109],[112.177478,32.903826],[112.177703,32.902504],[112.176056,32.902403],[112.176172,32.901074],[112.176864,32.90111],[112.176818,32.898669],[112.17895,32.89868],[112.180458,32.898635],[112.180957,32.898689],[112.181018,32.897133],[112.180659,32.897108],[112.180643,32.896223],[112.181611,32.896216],[112.183336,32.896124],[112.183368,32.895432],[112.184073,32.89546],[112.184422,32.895509],[112.18435,32.894219],[112.185439,32.894685],[112.18557,32.894716],[112.186334,32.894721],[112.186841,32.894768],[112.187249,32.894755],[112.187279,32.895182],[112.18781,32.895169],[112.188561,32.895234],[112.189336,32.895252],[112.189328,32.895592],[112.190803,32.895583],[112.192208,32.895511],[112.192125,32.894342],[112.192353,32.894345],[112.192168,32.892863],[112.192801,32.892829],[112.192635,32.892219],[112.192434,32.891741],[112.19013,32.89209],[112.190323,32.893095],[112.190291,32.893092],[112.19014,32.892426],[112.189953,32.891047],[112.189929,32.890502],[112.190452,32.890379],[112.191565,32.890205],[112.190969,32.889545],[112.19047,32.888547],[112.187606,32.884471],[112.187764,32.884432],[112.188046,32.884279],[112.188413,32.883734],[112.189132,32.88252],[112.19161,32.882455],[112.191353,32.880972],[112.19131,32.880466],[112.19249,32.8804],[112.192659,32.880479],[112.192954,32.880488],[112.195328,32.880306],[112.195432,32.881281],[112.198332,32.881139],[112.198453,32.881126],[112.198453,32.881103],[112.199029,32.881065],[112.198941,32.879932],[112.198893,32.879923],[112.19886,32.879587],[112.198729,32.878927],[112.19934,32.878923],[112.199442,32.881038],[112.200011,32.881],[112.202492,32.88047],[112.203731,32.880171],[112.203653,32.87899],[112.203774,32.87897],[112.203753,32.878416],[112.204219,32.878366],[112.204225,32.878323],[112.204185,32.877612],[112.20404,32.877605],[112.203889,32.875656],[112.204351,32.875609],[112.204168,32.8743],[112.204056,32.873007],[112.20217,32.873014],[112.202143,32.872503],[112.202194,32.870987],[112.203377,32.870923],[112.20335,32.870793],[112.203321,32.869824],[112.203176,32.869835],[112.203184,32.869295],[112.20324,32.86893],[112.2032,32.868885],[112.202771,32.868862],[112.202747,32.868749],[112.202776,32.867999],[112.203594,32.868002],[112.203431,32.867393],[112.203401,32.866652],[112.203192,32.866064],[112.203125,32.865562],[112.202959,32.864751],[112.202996,32.864397],[112.202991,32.864068],[112.202849,32.863466],[112.20283,32.863079],[112.20537,32.86318],[112.205402,32.863554],[112.207293,32.863658],[112.207291,32.862676],[112.207333,32.86259],[112.207894,32.862601],[112.208098,32.862579],[112.20813,32.862511],[112.208184,32.862509],[112.209192,32.862583],[112.209227,32.862486],[112.209334,32.861432],[112.209401,32.861117],[112.208672,32.861031],[112.208803,32.859841],[112.20934,32.857868],[112.207484,32.857636],[112.206228,32.857714],[112.203691,32.857633],[112.202441,32.857478],[112.202597,32.854567],[112.202621,32.852009],[112.20254,32.849391],[112.202165,32.849299],[112.200647,32.849136],[112.197718,32.849141],[112.196385,32.849089],[112.195025,32.84908],[112.192691,32.849517]],[[112.192168,32.892875],[112.192166,32.892863],[112.192168,32.892863],[112.192168,32.892875]]]}},{"type":"Feature","properties":{"regionCode":"411324114","sourceCode":"411324114000","name":"柳泉铺镇","sourceName":"柳泉铺镇","parentCode":"411324","parentName":"镇平县","regionLevel":"township","regionType":"town","isManagementZone":false,"source":"ruiduobao","sourceVersion":"mixed-legacy~2018-2020","geometryRepaired":false,"match2020":true,"match2023":true},"geometry":{"type":"Polygon","coordinates":[[[112.284723,33.003841],[112.284707,33.0041],[112.284965,33.004039],[112.285402,33.004034],[112.285844,33.004075],[112.285665,33.005159],[112.285614,33.00529],[112.285568,33.005688],[112.284774,33.005566],[112.284538,33.00665],[112.284112,33.00654],[112.284042,33.006716],[112.283843,33.008038],[112.283532,33.009251],[112.283892,33.009327],[112.283213,33.011614],[112.282645,33.011491],[112.28214,33.012667],[112.277969,33.011932],[112.277747,33.012512],[112.277594,33.013126],[112.277259,33.014188],[112.280362,33.014703],[112.280123,33.015429],[112.280145,33.015735],[112.280172,33.015845],[112.280338,33.01598],[112.280633,33.016061],[112.280303,33.016203],[112.2796,33.016664],[112.279404,33.016855],[112.279573,33.016898],[112.279214,33.017109],[112.279388,33.017147],[112.279024,33.017651],[112.27875,33.017831],[112.278616,33.017851],[112.278211,33.017827],[112.277996,33.017881],[112.27779,33.018193],[112.27753,33.018506],[112.277226,33.018782],[112.277312,33.019237],[112.277189,33.019432],[112.277181,33.019734],[112.277422,33.022133],[112.277583,33.022437],[112.278055,33.023017],[112.278678,33.022855],[112.278651,33.023993],[112.278796,33.024128],[112.279219,33.024261],[112.279573,33.02454],[112.279957,33.024668],[112.282974,33.025001],[112.28305,33.024364],[112.283039,33.02362],[112.282966,33.022999],[112.284316,33.023033],[112.284318,33.024052],[112.284364,33.024283],[112.284425,33.024418],[112.284476,33.024735],[112.284434,33.025457],[112.284313,33.025799],[112.284243,33.026181],[112.283959,33.027288],[112.28368,33.028136],[112.283532,33.028842],[112.283355,33.029471],[112.282961,33.029606],[112.282843,33.029694],[112.28258,33.031059],[112.280746,33.030901],[112.280729,33.031018],[112.280858,33.032437],[112.279002,33.03223],[112.278973,33.033393],[112.277259,33.033272],[112.276835,33.037087],[112.277395,33.037186],[112.276821,33.037247],[112.276733,33.037739],[112.276636,33.038612],[112.276403,33.03861],[112.276347,33.038304],[112.275813,33.038329],[112.275845,33.038473],[112.275848,33.038987],[112.275942,33.039473],[112.275741,33.040096],[112.275574,33.040037],[112.275443,33.040044],[112.275531,33.040001],[112.275585,33.038018],[112.275419,33.0378],[112.275274,33.037413],[112.275255,33.03704],[112.274544,33.03702],[112.274241,33.039563],[112.274193,33.04033],[112.274198,33.041263],[112.272986,33.041157],[112.272691,33.041191],[112.272519,33.041357],[112.272133,33.041227],[112.272044,33.041697],[112.271645,33.041785],[112.271414,33.042666],[112.271234,33.0427],[112.270996,33.042574],[112.269976,33.041827],[112.269604,33.041744],[112.269475,33.041677],[112.268461,33.041605],[112.268316,33.041836],[112.268386,33.043152],[112.26657,33.043244],[112.266439,33.043295],[112.266224,33.043232],[112.265503,33.043219],[112.264912,33.043226],[112.264658,33.043289],[112.264341,33.043203],[112.264553,33.044613],[112.264373,33.044714],[112.262909,33.044692],[112.262869,33.043788],[112.262807,33.04368],[112.262592,33.043698],[112.261688,33.043635],[112.261155,33.043489],[112.260463,33.043786],[112.260495,33.044296],[112.261474,33.044339],[112.261565,33.045757],[112.26164,33.046245],[112.261568,33.046169],[112.260758,33.045861],[112.260658,33.046056],[112.260763,33.047057],[112.260967,33.048224],[112.261383,33.048269],[112.262201,33.048291],[112.262177,33.049076],[112.261353,33.049217],[112.260996,33.049325],[112.261061,33.050103],[112.261195,33.050229],[112.261544,33.050249],[112.263665,33.049876],[112.263679,33.050735],[112.263732,33.050778],[112.263703,33.05172],[112.26422,33.05167],[112.266015,33.051623],[112.266232,33.051589],[112.266334,33.051295],[112.266688,33.050699],[112.266769,33.050508],[112.266876,33.050011],[112.266956,33.049939],[112.266972,33.050292],[112.267131,33.050766],[112.267477,33.051524],[112.267651,33.052212],[112.267739,33.052862],[112.268032,33.053444],[112.267356,33.053507],[112.266144,33.053707],[112.266173,33.054319],[112.265033,33.054348],[112.264671,33.054393],[112.263821,33.054627],[112.263941,33.056679],[112.263864,33.057335],[112.263821,33.0583],[112.263735,33.059177],[112.263161,33.058916],[112.263188,33.057605],[112.263217,33.057374],[112.263067,33.057362],[112.263043,33.058615],[112.262954,33.058934],[112.26282,33.060211],[112.263164,33.060247],[112.263351,33.06031],[112.263378,33.060359],[112.263346,33.060519],[112.264191,33.06077],[112.264405,33.061993],[112.264505,33.063346],[112.264076,33.063135],[112.263821,33.062973],[112.263909,33.063169],[112.264263,33.063553],[112.264735,33.063904],[112.264888,33.064264],[112.264912,33.065246],[112.264939,33.06537],[112.265087,33.065504],[112.26543,33.065711],[112.265505,33.065835],[112.265701,33.066446],[112.265816,33.066541],[112.266001,33.066954],[112.266237,33.067586],[112.266283,33.067797],[112.266653,33.067916],[112.266785,33.068017],[112.266964,33.068373],[112.267141,33.068833],[112.269625,33.068699],[112.270033,33.068631],[112.270212,33.068912],[112.269073,33.068941],[112.267549,33.069051],[112.267667,33.069317],[112.268142,33.069888],[112.268268,33.070171],[112.268619,33.070775],[112.26944,33.07067],[112.26951,33.07098],[112.269507,33.071371],[112.269553,33.071704],[112.269579,33.071767],[112.269858,33.071782],[112.269888,33.072275],[112.269976,33.07227],[112.269979,33.072421],[112.269909,33.072513],[112.269824,33.073785],[112.270035,33.073819],[112.269802,33.074783],[112.269022,33.074729],[112.268893,33.075143],[112.268496,33.075684],[112.268434,33.075898],[112.268482,33.07599],[112.267981,33.075985],[112.267967,33.075187],[112.268102,33.075122],[112.268107,33.074972],[112.267866,33.074846],[112.267442,33.07474],[112.267136,33.074621],[112.26613,33.074671],[112.263998,33.074938],[112.264073,33.075354],[112.267112,33.074949],[112.267144,33.07514],[112.264108,33.075547],[112.264132,33.075677],[112.267364,33.075354],[112.267388,33.075489],[112.264167,33.07586],[112.264274,33.076455],[112.264545,33.076372],[112.266887,33.075961],[112.266948,33.076075],[112.265612,33.076309],[112.265811,33.07679],[112.266785,33.076612],[112.266642,33.07686],[112.266254,33.077352],[112.265934,33.077954],[112.266133,33.077858],[112.266688,33.077705],[112.267125,33.077545],[112.267343,33.077404],[112.26742,33.078404],[112.26734,33.078455],[112.266707,33.07844],[112.266653,33.078473],[112.266656,33.078705],[112.266683,33.078734],[112.266905,33.078748],[112.26705,33.078831],[112.267069,33.079161],[112.267125,33.079384],[112.267442,33.079732],[112.26753,33.079907],[112.267498,33.079952],[112.267267,33.079995],[112.267305,33.080119],[112.267621,33.080501],[112.268051,33.080746],[112.268139,33.080914],[112.268153,33.081262],[112.268102,33.08157],[112.267962,33.08184],[112.267742,33.081806],[112.267823,33.082564],[112.267364,33.082568],[112.267281,33.081827],[112.267528,33.081804],[112.26741,33.080831],[112.26734,33.080651],[112.267077,33.080665],[112.267064,33.080694],[112.267131,33.080993],[112.267208,33.081836],[112.266935,33.081858],[112.2669,33.082719],[112.266876,33.082759],[112.266618,33.082773],[112.266578,33.082683],[112.266581,33.082422],[112.266675,33.081633],[112.266736,33.081469],[112.26657,33.081456],[112.266447,33.081386],[112.266138,33.081355],[112.266085,33.081539],[112.265924,33.083341],[112.265964,33.083411],[112.265956,33.083811],[112.266001,33.084443],[112.266527,33.08442],[112.266591,33.084658],[112.266734,33.084984],[112.26708,33.085436],[112.267388,33.085795],[112.267627,33.085892],[112.267825,33.086043],[112.268161,33.086479],[112.268166,33.086557],[112.267882,33.086652],[112.267203,33.086975],[112.267283,33.087238],[112.267557,33.087674],[112.268026,33.088245],[112.268477,33.088717],[112.269504,33.089697],[112.270577,33.090564],[112.270945,33.091],[112.271419,33.091463],[112.271881,33.091636],[112.272291,33.091697],[112.272683,33.091807],[112.273278,33.091919],[112.273584,33.092047],[112.273925,33.092263],[112.274153,33.092438],[112.274343,33.092672],[112.274995,33.093191],[112.275767,33.093688],[112.27614,33.09411],[112.276414,33.094368],[112.278122,33.095714],[112.278517,33.09606],[112.279133,33.096654],[112.279834,33.097393],[112.280405,33.098213],[112.280665,33.098703],[112.281848,33.099984],[112.282119,33.10055],[112.282352,33.101217],[112.282607,33.101613],[112.282883,33.101898],[112.283219,33.102114],[112.283664,33.102258],[112.284004,33.102327],[112.284198,33.102437],[112.2846,33.10292],[112.284857,33.1031],[112.284884,33.103399],[112.284742,33.103343],[112.284482,33.103336],[112.284184,33.103406],[112.285968,33.103523],[112.286837,33.104019],[112.28707,33.104098],[112.287381,33.104087],[112.288202,33.103848],[112.288685,33.103754],[112.28972,33.103401],[112.289924,33.103392],[112.290088,33.10343],[112.290085,33.103226],[112.290777,33.102121],[112.291021,33.101595],[112.291134,33.101431],[112.291072,33.100471],[112.291185,33.100202],[112.291828,33.099119],[112.291979,33.09871],[112.292507,33.097624],[112.292762,33.097173],[112.292813,33.096995],[112.293223,33.097022],[112.29376,33.097146],[112.294208,33.097337],[112.294462,33.09753],[112.294851,33.09764],[112.295267,33.097636],[112.295482,33.097624],[112.29605,33.097449],[112.296442,33.097283],[112.297126,33.097096],[112.297719,33.097049],[112.298518,33.096923],[112.298893,33.096573],[112.299331,33.096094],[112.299532,33.095946],[112.299937,33.095721],[112.300983,33.095043],[112.301251,33.094901],[112.302171,33.094546],[112.302324,33.094413],[112.302568,33.09389],[112.302632,33.093652],[112.302745,33.093521],[112.302909,33.093398],[112.303019,33.092939],[112.303112,33.09267],[112.303236,33.092434],[112.303381,33.092294],[112.303888,33.091939],[112.304204,33.091618],[112.304435,33.091492],[112.305108,33.091225],[112.305977,33.091061],[112.306141,33.091002],[112.306572,33.090681],[112.307554,33.089229],[112.308429,33.088072],[112.308681,33.087555],[112.308839,33.087106],[112.308903,33.086708],[112.30896,33.086584],[112.309582,33.086139],[112.309791,33.085867],[112.309807,33.085679],[112.309735,33.085371],[112.309614,33.085054],[112.309375,33.084625],[112.309265,33.084496],[112.309206,33.084267],[112.309204,33.084121],[112.30966,33.084141],[112.310094,33.084047],[112.310633,33.083854],[112.310969,33.083514],[112.311162,33.083148],[112.311414,33.082923],[112.311639,33.082779],[112.311894,33.082438],[112.31195,33.082319],[112.312388,33.083031],[112.312575,33.083447],[112.312819,33.083633],[112.312948,33.083465],[112.313206,33.082955],[112.313541,33.082487],[112.314126,33.081928],[112.315003,33.080964],[112.315359,33.080698],[112.315676,33.081125],[112.315861,33.081276],[112.316446,33.081413],[112.317057,33.081489],[112.318052,33.081411],[112.318787,33.081579],[112.319066,33.081584],[112.319385,33.081415],[112.319393,33.081206],[112.319986,33.080883],[112.320064,33.080961],[112.320236,33.081022],[112.320504,33.081029],[112.3206,33.081074],[112.320743,33.081629],[112.320874,33.081845],[112.320933,33.082152],[112.320887,33.082382],[112.320957,33.082521],[112.321413,33.082269],[112.321716,33.08217],[112.321936,33.08224],[112.3221,33.082415],[112.322116,33.082519],[112.322808,33.082292],[112.32313,33.082818],[112.323154,33.082984],[112.323339,33.082791],[112.323543,33.082665],[112.325399,33.081905],[112.325546,33.08197],[112.325616,33.082036],[112.325455,33.083517],[112.32542,33.083627],[112.326257,33.083613],[112.325155,33.084795],[112.325525,33.084827],[112.325517,33.086083],[112.325549,33.086485],[112.32552,33.087027],[112.327086,33.087117],[112.32759,33.087359],[112.328095,33.087888],[112.327483,33.088335],[112.327089,33.08856],[112.327234,33.08864],[112.327373,33.088879],[112.326909,33.089263],[112.325898,33.089935],[112.32531,33.090533],[112.325093,33.090829],[112.325276,33.091025],[112.3242,33.091694],[112.325088,33.093577],[112.3245,33.09349],[112.324004,33.093555],[112.323883,33.093613],[112.324087,33.094137],[112.324305,33.094497],[112.324495,33.094739],[112.324761,33.095292],[112.32516,33.095254],[112.325546,33.095168],[112.325694,33.095171],[112.325616,33.094885],[112.325589,33.094434],[112.32641,33.094541],[112.326472,33.094995],[112.326933,33.094847],[112.327936,33.09471],[112.328073,33.094645],[112.327829,33.094272],[112.328288,33.094162],[112.328478,33.094047],[112.32818,33.093613],[112.327494,33.093867],[112.327341,33.093741],[112.326668,33.092919],[112.326523,33.092665],[112.326576,33.092389],[112.326858,33.092613],[112.327499,33.093256],[112.328357,33.092917],[112.328679,33.093474],[112.329798,33.093144],[112.330632,33.093018],[112.330739,33.093326],[112.330704,33.093479],[112.330391,33.093977],[112.329924,33.094306],[112.329066,33.095036],[112.329044,33.095119],[112.329851,33.095726],[112.330479,33.096135],[112.330723,33.096081],[112.33127,33.095872],[112.331855,33.095764],[112.331994,33.096056],[112.332402,33.096339],[112.332775,33.096031],[112.332367,33.095544],[112.332783,33.095299],[112.333279,33.09573],[112.333424,33.095687],[112.334312,33.095204],[112.334784,33.095613],[112.334108,33.095955],[112.333816,33.096166],[112.334808,33.096971],[112.335084,33.09682],[112.336163,33.096503],[112.33657,33.096476],[112.336782,33.096615],[112.338062,33.096269],[112.338231,33.096305],[112.338408,33.096427],[112.339467,33.097436],[112.339609,33.097683],[112.340323,33.09773],[112.341339,33.097894],[112.341677,33.096669],[112.341669,33.096467],[112.341532,33.096362],[112.34146,33.096222],[112.341489,33.096171],[112.342141,33.095685],[112.342246,33.095501],[112.342788,33.096357],[112.343161,33.096204],[112.343496,33.095993],[112.34419,33.095712],[112.343732,33.095096],[112.343614,33.094804],[112.343649,33.09451],[112.344201,33.094047],[112.344373,33.093755],[112.344518,33.093422],[112.344705,33.093159],[112.344915,33.092903],[112.345762,33.092056],[112.346261,33.091764],[112.347302,33.090978],[112.348069,33.090348],[112.348672,33.089784],[112.348908,33.089627],[112.349228,33.089494],[112.349592,33.089438],[112.349971,33.089438],[112.350496,33.089148],[112.350716,33.088906],[112.350923,33.088611],[112.351564,33.08816],[112.351811,33.087883],[112.352143,33.0876],[112.352516,33.087422],[112.352902,33.087321],[112.353358,33.087139],[112.35368,33.08695],[112.3546,33.086593],[112.355276,33.086279],[112.355611,33.086083],[112.355906,33.085845],[112.356121,33.085553],[112.356204,33.085247],[112.356502,33.084941],[112.356891,33.084717],[112.357188,33.084598],[112.357993,33.083971],[112.358699,33.083528],[112.359082,33.08338],[112.359562,33.083344],[112.360437,33.083335],[112.361113,33.083388],[112.361413,33.083305],[112.362277,33.082824],[112.362612,33.082582],[112.363315,33.082209],[112.36373,33.082074],[112.364101,33.082031],[112.364924,33.082099],[112.365224,33.08217],[112.365517,33.082442],[112.365855,33.082836],[112.366163,33.083045],[112.36656,33.083175],[112.367016,33.083162],[112.367475,33.083067],[112.368164,33.082824],[112.368966,33.082492],[112.369435,33.082499],[112.370291,33.082761],[112.371466,33.083013],[112.372238,33.083292],[112.372574,33.083366],[112.372869,33.083386],[112.373467,33.083335],[112.373778,33.083202],[112.374025,33.082937],[112.374913,33.081806],[112.375245,33.081609],[112.375476,33.081422],[112.375717,33.081164],[112.376321,33.08024],[112.376895,33.079584],[112.377069,33.079343],[112.377286,33.078709],[112.377426,33.078408],[112.377654,33.078125],[112.377863,33.077765],[112.37855,33.077102],[112.378729,33.076646],[112.379333,33.075893],[112.379424,33.074608],[112.379392,33.074172],[112.379199,33.073524],[112.379239,33.073111],[112.379242,33.072409],[112.379373,33.071818],[112.379445,33.070906],[112.379561,33.070553],[112.379885,33.070049],[112.38066,33.069314],[112.380886,33.069047],[112.381111,33.068586],[112.381417,33.068303],[112.381983,33.068013],[112.382895,33.067658],[112.383176,33.067363],[112.383431,33.067022],[112.383732,33.066777],[112.384295,33.06652],[112.385049,33.065965],[112.385491,33.065574],[112.386253,33.065163],[112.387186,33.064558],[112.387538,33.064252],[112.388128,33.063459],[112.388645,33.062955],[112.387994,33.062764],[112.386934,33.062767],[112.386669,33.06271],[112.386261,33.062546],[112.386296,33.062445],[112.386425,33.062283],[112.387063,33.061168],[112.387261,33.061215],[112.387288,33.061198],[112.387336,33.061085],[112.387503,33.060885],[112.387677,33.06075],[112.387538,33.060696],[112.387205,33.060487],[112.387688,33.060145],[112.38794,33.060047],[112.387838,33.05995],[112.38699,33.059658],[112.387259,33.059341],[112.387452,33.058882],[112.38537,33.058419],[112.385531,33.058089],[112.385553,33.057974],[112.385507,33.057837],[112.383396,33.057414],[112.38316,33.05837],[112.383101,33.058511],[112.383007,33.058408],[112.382804,33.058282],[112.3825,33.058205],[112.382213,33.058172],[112.381803,33.058158],[112.381224,33.058284],[112.380339,33.058248],[112.380014,33.058289],[112.379512,33.058462],[112.378694,33.059084],[112.37841,33.059168],[112.377917,33.05921],[112.377487,33.05919],[112.377324,33.059249],[112.376814,33.059709],[112.376229,33.059939],[112.376044,33.06008],[112.375942,33.060382],[112.375637,33.060901],[112.375548,33.060719],[112.374212,33.060707],[112.374068,33.061461],[112.373955,33.061472],[112.373722,33.06142],[112.373464,33.061224],[112.373209,33.061101],[112.37289,33.061033],[112.372179,33.061112],[112.371243,33.061777],[112.370406,33.062501],[112.37065,33.0626],[112.370685,33.062665],[112.37076,33.063513],[112.370452,33.063506],[112.369736,33.06369],[112.369663,33.063097],[112.369103,33.063349],[112.367933,33.063535],[112.367826,33.062166],[112.367861,33.061058],[112.367212,33.060997],[112.365962,33.060739],[112.365501,33.060716],[112.36557,33.059147],[112.365098,33.059177],[112.36524,33.057124],[112.364905,33.057111],[112.364543,33.057041],[112.364436,33.056949],[112.36421,33.056872],[112.36354,33.056722],[112.363277,33.056567],[112.363146,33.056207],[112.363057,33.055726],[112.362907,33.055254],[112.362808,33.05511],[112.362644,33.055056],[112.362274,33.054779],[112.362156,33.054588],[112.362019,33.054442],[112.361746,33.053966],[112.361579,33.053822],[112.361375,33.053745],[112.3614,33.053473],[112.361767,33.053069],[112.361847,33.052722],[112.3613,33.052736],[112.360254,33.052628],[112.360252,33.052268],[112.360179,33.052118],[112.359957,33.05194],[112.360093,33.051686],[112.360117,33.050755],[112.360724,33.050782],[112.360799,33.048896],[112.359318,33.04897],[112.359281,33.04913],[112.359259,33.049595],[112.35728,33.049485],[112.357218,33.049678],[112.357138,33.049798],[112.357025,33.049905],[112.356923,33.04995],[112.356545,33.049804],[112.355694,33.049723],[112.355335,33.049649],[112.354141,33.049658],[112.353895,33.049559],[112.353785,33.049474],[112.3539,33.049175],[112.353895,33.048905],[112.353833,33.048516],[112.353854,33.047601],[112.352833,33.047632],[112.352173,33.047617],[112.352192,33.047936],[112.352167,33.048739],[112.351634,33.048817],[112.351331,33.048581],[112.351162,33.048503],[112.350593,33.048365],[112.350443,33.048197],[112.350373,33.048021],[112.348667,33.048082],[112.34868,33.049049],[112.348742,33.049377],[112.348718,33.049602],[112.348334,33.049431],[112.348042,33.049256],[112.347803,33.04926],[112.347704,33.049319],[112.347592,33.050539],[112.347605,33.050955],[112.347522,33.051142],[112.347337,33.051063],[112.347264,33.050962],[112.347044,33.050793],[112.346218,33.050575],[112.346323,33.050899],[112.34625,33.0527],[112.346269,33.053604],[112.346256,33.053775],[112.346213,33.053885],[112.346108,33.05384],[112.344904,33.053037],[112.344671,33.052916],[112.344542,33.052916],[112.344437,33.05274],[112.344306,33.052336],[112.344236,33.051931],[112.343753,33.051358],[112.34371,33.051092],[112.343944,33.050897],[112.343933,33.050663],[112.343764,33.050499],[112.343539,33.050209],[112.343354,33.049393],[112.342973,33.048871],[112.342868,33.04868],[112.342702,33.048595],[112.342329,33.048534],[112.342517,33.048215],[112.342487,33.047513],[112.342525,33.047417],[112.34352,33.047268],[112.344241,33.047221],[112.344019,33.046742],[112.343785,33.046796],[112.343372,33.046038],[112.343201,33.045595],[112.341685,33.045703],[112.341632,33.045344],[112.34143,33.04451],[112.341321,33.044476],[112.340924,33.044483],[112.340089,33.044566],[112.339963,33.043754],[112.339966,33.043511],[112.339247,33.043538],[112.339172,33.042978],[112.339089,33.042891],[112.338555,33.042949],[112.338,33.042963],[112.337903,33.042886],[112.337649,33.042286],[112.337683,33.042173],[112.337836,33.042066],[112.337788,33.041735],[112.337579,33.040892],[112.336857,33.040719],[112.336257,33.040451],[112.336138,33.040269],[112.336029,33.040008],[112.335876,33.039442],[112.33609,33.039367],[112.336399,33.039365],[112.336251,33.038511],[112.335752,33.037922],[112.335033,33.037162],[112.335109,33.037085],[112.336321,33.036402],[112.33624,33.036314],[112.334374,33.034855],[112.334103,33.034902],[112.333556,33.035154],[112.332845,33.035392],[112.333281,33.036478],[112.333344,33.036701],[112.33207,33.037108],[112.332013,33.036644],[112.331917,33.036516],[112.331828,33.036224],[112.331732,33.036033],[112.331504,33.035648],[112.331343,33.035203],[112.330664,33.03469],[112.329165,33.033733],[112.329033,33.033735],[112.32861,33.033865],[112.32839,33.033717],[112.327853,33.033465],[112.32715,33.033256],[112.326539,33.033031],[112.326233,33.032867],[112.326209,33.033049],[112.326257,33.033537],[112.32644,33.033825],[112.326134,33.033845],[112.325962,33.033764],[112.325458,33.033359],[112.32475,33.032898],[112.323763,33.032354],[112.323323,33.032149],[112.322481,33.031821],[112.321955,33.031569],[112.3217,33.031522],[112.321475,33.031414],[112.321523,33.031142],[112.321376,33.030512],[112.321402,33.030227],[112.321263,33.02933],[112.321196,33.029037],[112.320997,33.028603],[112.320828,33.028358],[112.320928,33.028106],[112.321279,33.027776],[112.320847,33.027459],[112.320169,33.026593],[112.32011,33.026413],[112.320131,33.026208],[112.320072,33.025574],[112.320016,33.025507],[112.319522,33.025579],[112.318422,33.025477],[112.318093,33.025705],[112.318068,33.025788],[112.318085,33.026143],[112.31802,33.026204],[112.317983,33.026431],[112.317827,33.026797],[112.31768,33.027011],[112.317502,33.02716],[112.317323,33.027234],[112.317317,33.027101],[112.316902,33.026033],[112.316003,33.025902],[112.314995,33.026211],[112.314407,33.02651],[112.313973,33.026217],[112.313959,33.026145],[112.313085,33.02561],[112.313018,33.026008],[112.31077,33.025221],[112.310411,33.025046],[112.309853,33.024702],[112.309341,33.024567],[112.308233,33.025095],[112.306666,33.025945],[112.305996,33.025169],[112.305231,33.025466],[112.305357,33.025565],[112.302616,33.026168],[112.302471,33.026222],[112.301769,33.025819],[112.302445,33.025772],[112.302415,33.02534],[112.302361,33.0253],[112.301667,33.025325],[112.301525,33.025358],[112.301307,33.024229],[112.301224,33.023908],[112.301165,33.023804],[112.301366,33.023867],[112.301895,33.023937],[112.30182,33.022977],[112.301747,33.022491],[112.301758,33.022205],[112.301103,33.022642],[112.300827,33.022774],[112.30057,33.022799],[112.300264,33.022718],[112.299878,33.022513],[112.299636,33.022428],[112.298968,33.02201],[112.298711,33.021947],[112.298437,33.021816],[112.298164,33.021778],[112.297944,33.021794],[112.297989,33.021549],[112.297973,33.021396],[112.297853,33.020566],[112.297791,33.020471],[112.296713,33.020606],[112.296603,33.020354],[112.29652,33.020004],[112.296241,33.01932],[112.296455,33.019311],[112.296734,33.019232],[112.298011,33.019106],[112.298016,33.019408],[112.298075,33.019457],[112.298445,33.019448],[112.298515,33.019043],[112.298649,33.018695],[112.298652,33.01853],[112.299693,33.01847],[112.299725,33.017952],[112.299784,33.017919],[112.300623,33.017876],[112.300583,33.017287],[112.300886,33.017267],[112.300924,33.017516],[112.301023,33.017523],[112.301584,33.017451],[112.301511,33.017228],[112.302941,33.017071],[112.302847,33.016407],[112.302088,33.016497],[112.301632,33.013976],[112.302292,33.014161],[112.302131,33.013385],[112.301946,33.012744],[112.30182,33.012827],[112.301436,33.013225],[112.300929,33.013882],[112.300715,33.012593],[112.300682,33.012528],[112.297831,33.012962],[112.297472,33.012795],[112.297418,33.012696],[112.297249,33.01206],[112.297013,33.012033],[112.295597,33.012145],[112.294991,33.012125],[112.294865,33.012087],[112.294548,33.011675],[112.294513,33.011453],[112.294511,33.011336],[112.294709,33.010901],[112.29479,33.010427],[112.294765,33.009968],[112.294642,33.00964],[112.294304,33.009026],[112.294245,33.008972],[112.294017,33.008484],[112.294301,33.006392],[112.294417,33.006131],[112.294449,33.005818],[112.294626,33.005568],[112.294916,33.005388],[112.292982,33.005281],[112.29126,33.005015],[112.288304,33.004502],[112.284734,33.003789],[112.284723,33.003841]]]}},{"type":"Feature","properties":{"regionCode":"411324115","sourceCode":"411324115000","name":"彭营镇","sourceName":"彭营镇","parentCode":"411324","parentName":"镇平县","regionLevel":"township","regionType":"town","isManagementZone":false,"source":"ruiduobao","sourceVersion":"mixed-legacy~2018-2020","geometryRepaired":false,"match2020":true,"match2023":true},"geometry":{"type":"Polygon","coordinates":[[[112.357178,32.90218],[112.356636,32.902204],[112.356888,32.904882],[112.356824,32.905206],[112.356204,32.907487],[112.354847,32.907042],[112.353482,32.909924],[112.354868,32.910437],[112.354627,32.910917],[112.354702,32.911356],[112.354603,32.912299],[112.354474,32.912588],[112.352733,32.913353],[112.352669,32.912824],[112.351301,32.912982],[112.35092,32.912457],[112.347296,32.912664],[112.347296,32.914603],[112.346867,32.914646],[112.3465,32.914625],[112.34628,32.922769],[112.344536,32.92274],[112.344684,32.921196],[112.343997,32.921133],[112.343651,32.922749],[112.342621,32.922616],[112.342316,32.925052],[112.343305,32.925343],[112.342986,32.926898],[112.342686,32.92691],[112.341827,32.926815],[112.342031,32.925248],[112.340688,32.92507],[112.340856,32.923839],[112.339338,32.923864],[112.338957,32.923938],[112.338949,32.923427],[112.337045,32.923229],[112.336997,32.922002],[112.335355,32.921898],[112.333813,32.921939],[112.328821,32.922378],[112.328524,32.921585],[112.326378,32.921536],[112.326287,32.922677],[112.326493,32.923877],[112.326474,32.925246],[112.325951,32.9253],[112.324782,32.925311],[112.324449,32.921148],[112.32365,32.921076],[112.323575,32.921178],[112.323562,32.921265],[112.323599,32.923695],[112.323562,32.92439],[112.323213,32.924323],[112.323234,32.924676],[112.3232,32.925966],[112.323478,32.926011],[112.32343,32.926466],[112.322687,32.926473],[112.322424,32.926448],[112.322376,32.927241],[112.322078,32.927229],[112.321896,32.927169],[112.321719,32.928627],[112.319793,32.928652],[112.319758,32.927545],[112.318887,32.927612],[112.318624,32.927599],[112.318744,32.92741],[112.318766,32.927151],[112.317363,32.926991],[112.317419,32.926491],[112.31618,32.926446],[112.316271,32.925007],[112.316164,32.924998],[112.315488,32.925061],[112.315445,32.925241],[112.315367,32.926414],[112.31507,32.926417],[112.314984,32.926322],[112.315,32.926489],[112.314946,32.926766],[112.314911,32.92725],[112.314683,32.927912],[112.314557,32.928796],[112.313246,32.928799],[112.313267,32.927371],[112.313152,32.927283],[112.313163,32.926759],[112.313251,32.926088],[112.313224,32.92546],[112.311033,32.925239],[112.311242,32.924282],[112.30963,32.92405],[112.309563,32.924233],[112.309442,32.925041],[112.30896,32.924935],[112.308936,32.925048],[112.308292,32.92501],[112.308273,32.923704],[112.307611,32.923645],[112.307519,32.924134],[112.307501,32.924609],[112.30745,32.924872],[112.306674,32.924733],[112.306854,32.92258],[112.3068,32.921767],[112.306672,32.922094],[112.306395,32.923026],[112.303601,32.929346],[112.302855,32.930809],[112.30326,32.930897],[112.304065,32.930926],[112.304928,32.930519],[112.305762,32.930345],[112.305843,32.930471],[112.3058,32.932236],[112.306036,32.933164],[112.306063,32.933537],[112.305073,32.933589],[112.305234,32.935005],[112.303601,32.935199],[112.303673,32.935597],[112.304113,32.936259],[112.304116,32.93643],[112.3033,32.936381],[112.302903,32.936428],[112.302724,32.9365],[112.302994,32.937078],[112.303134,32.937698],[112.303944,32.939143],[112.304306,32.939485],[112.304081,32.939537],[112.303217,32.939604],[112.302638,32.938985],[112.301629,32.939165],[112.301275,32.939165],[112.301334,32.940223],[112.300578,32.940207],[112.300653,32.942643],[112.300505,32.942702],[112.299666,32.942704],[112.299293,32.942636],[112.299325,32.941821],[112.299312,32.941],[112.298443,32.940948],[112.298346,32.941022],[112.298295,32.94131],[112.298314,32.941909],[112.297533,32.941884],[112.296833,32.941918],[112.296882,32.942076],[112.296986,32.942841],[112.296946,32.943233],[112.296793,32.943566],[112.295653,32.943579],[112.295498,32.946238],[112.294722,32.946301],[112.294089,32.950307],[112.293609,32.950287],[112.293322,32.952144],[112.294339,32.952493],[112.294229,32.952675],[112.294052,32.953917],[112.294693,32.953933],[112.294532,32.955761],[112.292789,32.955727],[112.292848,32.958401],[112.292051,32.958635],[112.292131,32.959298],[112.293674,32.959337],[112.293682,32.960221],[112.293781,32.961191],[112.294143,32.961198],[112.294146,32.961229],[112.295511,32.961256],[112.295444,32.96282],[112.295388,32.963095],[112.295787,32.966633],[112.296233,32.966594],[112.296745,32.966502],[112.296973,32.966486],[112.29711,32.966538],[112.297265,32.967546],[112.297378,32.967477],[112.297625,32.967409],[112.298365,32.967281],[112.29847,32.967792],[112.300586,32.968878],[112.301039,32.96907],[112.301533,32.970431],[112.303981,32.97049],[112.303981,32.970629],[112.304499,32.972704],[112.304872,32.974047],[112.304952,32.974227],[112.303625,32.974349],[112.303421,32.974421],[112.303381,32.974508],[112.303488,32.97526],[112.303466,32.975321],[112.302694,32.975352],[112.302391,32.975413],[112.302343,32.97553],[112.302402,32.975991],[112.301549,32.976093],[112.301401,32.976156],[112.300017,32.976178],[112.300417,32.977614],[112.297641,32.977535],[112.297818,32.978784],[112.29682,32.978889],[112.296179,32.978471],[112.295803,32.978498],[112.296082,32.979414],[112.295989,32.979504],[112.29583,32.979585],[112.29582,32.980109],[112.295533,32.979857],[112.29435,32.979292],[112.293569,32.978986],[112.293483,32.979074],[112.293727,32.979911],[112.293904,32.980737],[112.293773,32.980734],[112.293483,32.980806],[112.293349,32.980269],[112.292866,32.978741],[112.292571,32.978687],[112.291649,32.978802],[112.292099,32.980572],[112.292212,32.981124],[112.291308,32.981373],[112.291099,32.981376],[112.290152,32.981556],[112.289943,32.980863],[112.289642,32.98008],[112.290216,32.979992],[112.290318,32.980458],[112.291016,32.980365],[112.290723,32.979643],[112.290506,32.978959],[112.290444,32.978925],[112.288789,32.97909],[112.288325,32.978743],[112.288269,32.978784],[112.288087,32.978808],[112.28843,32.979864],[112.288411,32.97996],[112.287902,32.980046],[112.287853,32.980134],[112.287776,32.980161],[112.287,32.980271],[112.286716,32.980343],[112.286636,32.980012],[112.286528,32.979767],[112.285801,32.979859],[112.285158,32.979987],[112.285565,32.981533],[112.285643,32.981684],[112.284401,32.981927],[112.284401,32.982015],[112.284785,32.982539],[112.286327,32.98451],[112.286931,32.985412],[112.287022,32.985601],[112.288248,32.985434],[112.288264,32.98554],[112.28836,32.9857],[112.288462,32.985756],[112.288594,32.985776],[112.28887,32.985734],[112.289323,32.988258],[112.289388,32.988382],[112.28836,32.98869],[112.288258,32.98876],[112.288819,32.990035],[112.288926,32.990157],[112.289726,32.989986],[112.289444,32.990213],[112.289283,32.990427],[112.289141,32.990683],[112.289122,32.990841],[112.289294,32.990895],[112.290391,32.991489],[112.290611,32.991736],[112.290865,32.992177],[112.29122,32.992654],[112.291737,32.993241],[112.291877,32.993342],[112.292408,32.994069],[112.292499,32.994307],[112.29344,32.994143],[112.29387,32.994793],[112.292786,32.994935],[112.292655,32.994978],[112.292646,32.99577],[112.293338,32.995637],[112.293296,32.995779],[112.293733,32.997502],[112.293963,32.997542],[112.294376,32.997547],[112.295028,32.999322],[112.295474,32.999135],[112.296571,32.99878],[112.296815,32.998757],[112.297888,32.998498],[112.298767,32.998193],[112.300484,32.996917],[112.300377,32.99673],[112.299867,32.995363],[112.300122,32.995336],[112.301256,32.995664],[112.302032,32.995558],[112.302571,32.99541],[112.302994,32.995252],[112.303153,32.995363],[112.303249,32.995385],[112.3033,32.9953],[112.303206,32.995021],[112.303619,32.994913],[112.303745,32.995302],[112.303713,32.995399],[112.30392,32.99532],[112.304035,32.99532],[112.304,32.995129],[112.3041,32.995043],[112.304574,32.994796],[112.305419,32.994685],[112.305754,32.995707],[112.305937,32.995896],[112.306782,32.995905],[112.307455,32.995594],[112.307833,32.99554],[112.307578,32.994537],[112.307833,32.994269],[112.307973,32.994233],[112.308303,32.99545],[112.308455,32.995419],[112.309029,32.995399],[112.309332,32.995336],[112.309518,32.995261],[112.309311,32.994591],[112.30922,32.993885],[112.311409,32.993642],[112.311291,32.992908],[112.31128,32.992596],[112.311293,32.992492],[112.31135,32.992427],[112.311958,32.992267],[112.312363,32.992231],[112.31232,32.992321],[112.312288,32.992605],[112.312315,32.992976],[112.313128,32.992989],[112.313337,32.992667],[112.313943,32.992481],[112.31401,32.992508],[112.314415,32.992924],[112.315019,32.993205],[112.314751,32.991682],[112.31449,32.990915],[112.314372,32.990733],[112.314198,32.990065],[112.313849,32.989196],[112.313753,32.988829],[112.313613,32.988566],[112.315319,32.988134],[112.315174,32.987628],[112.31496,32.987077],[112.315912,32.986895],[112.316287,32.986886],[112.318774,32.986544],[112.319396,32.986348],[112.319589,32.985792],[112.319758,32.985655],[112.319884,32.985639],[112.319782,32.985378],[112.321582,32.98521],[112.321971,32.985149],[112.32203,32.98538],[112.322242,32.985378],[112.323846,32.985106],[112.324219,32.985084],[112.324334,32.984917],[112.324905,32.984339],[112.325541,32.983581],[112.326273,32.983468],[112.32634,32.983612],[112.326228,32.983686],[112.327094,32.985581],[112.327427,32.986379],[112.329216,32.985792],[112.329084,32.985394],[112.328765,32.984697],[112.328333,32.983655],[112.328309,32.983536],[112.329331,32.983513],[112.329725,32.983173],[112.330369,32.982759],[112.330755,32.982746],[112.331412,32.982962],[112.331579,32.982951],[112.331686,32.982858],[112.331788,32.982327],[112.33193,32.982246],[112.332426,32.984746],[112.333078,32.984535],[112.333277,32.984949],[112.333521,32.985149],[112.333698,32.985174],[112.33413,32.985061],[112.334591,32.985129],[112.334722,32.985259],[112.334846,32.985547],[112.334749,32.986051],[112.334953,32.986078],[112.335106,32.986161],[112.335288,32.98617],[112.335707,32.985961],[112.335862,32.985929],[112.335937,32.985947],[112.336047,32.986062],[112.336393,32.986656],[112.336621,32.986856],[112.337195,32.987185],[112.33797,32.987448],[112.338129,32.987538],[112.338434,32.987797],[112.339802,32.988816],[112.340612,32.989315],[112.34083,32.989538],[112.340873,32.989644],[112.341326,32.98952],[112.341484,32.989689],[112.341508,32.989873],[112.342884,32.989455],[112.343466,32.991214],[112.343571,32.991446],[112.343866,32.991369],[112.344204,32.991246],[112.344351,32.991156],[112.344107,32.990346],[112.344129,32.9902],[112.34389,32.990132],[112.343273,32.989754],[112.343032,32.988937],[112.343496,32.988872],[112.344188,32.988724],[112.34452,32.989293],[112.344939,32.989169],[112.345161,32.989338],[112.345438,32.989309],[112.345521,32.989345],[112.345596,32.989453],[112.345851,32.989653],[112.346216,32.989741],[112.346347,32.98981],[112.346511,32.990033],[112.346709,32.990215],[112.34739,32.98995],[112.347203,32.989896],[112.346967,32.989876],[112.346677,32.989783],[112.346545,32.989633],[112.346454,32.989345],[112.346374,32.989255],[112.345974,32.989095],[112.345754,32.988937],[112.345483,32.98864],[112.345376,32.988402],[112.34698,32.988112],[112.347248,32.988098],[112.347079,32.986782],[112.34654,32.986879],[112.346146,32.985122],[112.346167,32.984793],[112.346253,32.984717],[112.346535,32.984631],[112.346822,32.984622],[112.346959,32.98453],[112.346733,32.984415],[112.346513,32.984397],[112.346234,32.984285],[112.345985,32.984267],[112.345851,32.984217],[112.345781,32.984127],[112.345701,32.983898],[112.345304,32.98372],[112.344917,32.983594],[112.345057,32.983371],[112.345835,32.98377],[112.34569,32.982935],[112.346382,32.98282],[112.345811,32.980827],[112.345701,32.98039],[112.34569,32.980233],[112.345872,32.980176],[112.346781,32.980017],[112.346932,32.980017],[112.347664,32.982116],[112.34779,32.982388],[112.350097,32.982001],[112.350585,32.981954],[112.350561,32.981628],[112.351108,32.981598],[112.351009,32.980219],[112.351494,32.980172],[112.351553,32.981612],[112.352733,32.981531],[112.352554,32.980019],[112.353106,32.979967],[112.353339,32.982237],[112.353696,32.982199],[112.353873,32.983356],[112.354565,32.983302],[112.354458,32.982487],[112.354965,32.982377],[112.355099,32.983275],[112.355619,32.983162],[112.355649,32.982782],[112.355391,32.981819],[112.357178,32.981567],[112.3575,32.981551],[112.358379,32.981268],[112.359117,32.981623],[112.362043,32.981279],[112.362349,32.981157],[112.363079,32.981081],[112.364039,32.980858],[112.364117,32.9812],[112.364291,32.981673],[112.362561,32.982053],[112.362443,32.982107],[112.362269,32.983385],[112.360592,32.983806],[112.360729,32.984346],[112.36074,32.984492],[112.359916,32.984649],[112.360117,32.985617],[112.361917,32.985587],[112.362016,32.986328],[112.362108,32.986645],[112.362092,32.987725],[112.361826,32.988438],[112.361566,32.988787],[112.360243,32.988834],[112.360458,32.989133],[112.360622,32.989448],[112.360691,32.990427],[112.360093,32.990989],[112.359458,32.991939],[112.359388,32.992155],[112.359415,32.992658],[112.35916,32.993228],[112.35909,32.993795],[112.359053,32.993844],[112.358758,32.993999],[112.35843,32.994047],[112.358578,32.994076],[112.35924,32.99408],[112.35994,32.994269],[112.360426,32.994469],[112.360944,32.994487],[112.361113,32.994566],[112.361641,32.994708],[112.361762,32.994793],[112.361896,32.994958],[112.361979,32.995165],[112.362102,32.995329],[112.362298,32.995473],[112.362279,32.995664],[112.362051,32.996161],[112.361622,32.996834],[112.361475,32.996962],[112.361137,32.998741],[112.36107,32.998969],[112.361078,32.999077],[112.361174,32.999272],[112.361319,32.999331],[112.361805,32.999259],[112.362478,32.99929],[112.364178,32.999553],[112.364546,32.999567],[112.364736,32.999801],[112.364835,32.999846],[112.365452,32.999992],[112.365664,33.000003],[112.366005,32.999929],[112.366407,32.999751],[112.366697,32.999567],[112.367105,32.999218],[112.367405,32.99889],[112.367842,32.998489],[112.368003,32.998512],[112.368427,32.998723],[112.369224,32.999335],[112.369478,32.999565],[112.369658,32.99963],[112.370154,32.9997],[112.370334,32.999684],[112.370661,32.99952],[112.371144,32.999508],[112.371372,32.999578],[112.371672,32.999727],[112.371992,32.999713],[112.372442,33.000019],[112.37259,33.000019],[112.373349,32.99981],[112.373604,32.999873],[112.373974,33.000226],[112.374752,33.000393],[112.374947,33.000422],[112.375047,33.000388],[112.375275,33.000406],[112.375594,33.000341],[112.375835,33.000339],[112.376256,33.000469],[112.376339,33.000521],[112.376449,33.000532],[112.376651,33.000487],[112.376916,33.000361],[112.377158,33.000179],[112.377326,33.000132],[112.377477,33.000012],[112.37763,32.999983],[112.378257,32.999484],[112.378327,32.99947],[112.378584,32.999263],[112.378804,32.99902],[112.378987,32.998429],[112.378963,32.998316],[112.378469,32.998109],[112.37834,32.997947],[112.378322,32.997835],[112.378094,32.997603],[112.377935,32.997545],[112.377292,32.997434],[112.3765,32.997428],[112.376074,32.997347],[112.375768,32.997245],[112.376036,32.9966],[112.376036,32.996526],[112.378896,32.996406],[112.379016,32.995421],[112.378474,32.995639],[112.378405,32.995639],[112.37823,32.995736],[112.378161,32.995527],[112.378123,32.995277],[112.378161,32.994931],[112.378241,32.994685],[112.3783,32.994593],[112.378413,32.994505],[112.378429,32.994206],[112.378483,32.994096],[112.378544,32.994038],[112.378719,32.99397],[112.378855,32.993963],[112.37915,32.994029],[112.380068,32.994112],[112.380403,32.993844],[112.381197,32.993615],[112.381154,32.993527],[112.381116,32.993178],[112.381071,32.993162],[112.380958,32.993239],[112.380754,32.993304],[112.379818,32.993498],[112.379448,32.993399],[112.379459,32.993282],[112.379405,32.993126],[112.379502,32.992789],[112.379416,32.992717],[112.379166,32.992649],[112.378944,32.992631],[112.378485,32.992766],[112.378407,32.992818],[112.377587,32.991995],[112.377522,32.99186],[112.377329,32.991693],[112.376806,32.991637],[112.376777,32.99152],[112.376921,32.989468],[112.3769,32.98934],[112.37693,32.988852],[112.376691,32.988924],[112.376651,32.988827],[112.376589,32.988146],[112.376465,32.987516],[112.376946,32.986793],[112.377259,32.986598],[112.37742,32.98655],[112.377691,32.98637],[112.377799,32.986229],[112.377943,32.985819],[112.377922,32.98577],[112.377973,32.985632],[112.378305,32.98514],[112.37845,32.98512],[112.378483,32.984589],[112.37855,32.984438],[112.378555,32.984242],[112.379553,32.984172],[112.379789,32.98419],[112.379773,32.984454],[112.379829,32.984926],[112.380129,32.984773],[112.380636,32.984339],[112.380666,32.984253],[112.380679,32.983812],[112.380615,32.983254],[112.38051,32.982793],[112.380435,32.982669],[112.381036,32.982969],[112.381318,32.982953],[112.381811,32.982753],[112.382232,32.982467],[112.38245,32.982438],[112.382581,32.982512],[112.382613,32.982624],[112.382715,32.982494],[112.383104,32.982309],[112.383402,32.982348],[112.383488,32.982215],[112.383592,32.981643],[112.383627,32.981556],[112.383721,32.98149],[112.384367,32.981479],[112.384526,32.98156],[112.384673,32.981835],[112.38474,32.9819],[112.384823,32.981819],[112.384858,32.98163],[112.385108,32.981605],[112.385226,32.981553],[112.385328,32.981432],[112.38537,32.98102],[112.385502,32.980838],[112.385792,32.980595],[112.385644,32.980336],[112.385387,32.980032],[112.385059,32.979861],[112.384992,32.979859],[112.384145,32.979524],[112.38378,32.979346],[112.383488,32.979036],[112.383834,32.978932],[112.38411,32.978894],[112.384037,32.978768],[112.383997,32.97834],[112.384043,32.978266],[112.384332,32.97816],[112.384373,32.978073],[112.384397,32.977877],[112.384249,32.97776],[112.384059,32.977461],[112.384394,32.977251],[112.384217,32.976772],[112.384834,32.97648],[112.385274,32.976192],[112.384804,32.975503],[112.384721,32.975429],[112.385207,32.975105],[112.386234,32.974641],[112.386626,32.974506],[112.38639,32.97402],[112.386218,32.973491],[112.386052,32.972454],[112.386084,32.97236],[112.38669,32.972229],[112.38676,32.972308],[112.387017,32.973165],[112.387103,32.973638],[112.387291,32.974169],[112.387369,32.97431],[112.387505,32.97425],[112.388857,32.974094],[112.388817,32.974315],[112.389311,32.97425],[112.389866,32.974256],[112.390477,32.974178],[112.390746,32.97422],[112.390869,32.974202],[112.39096,32.974313],[112.391025,32.974616],[112.391105,32.974722],[112.391588,32.974979],[112.391802,32.975244],[112.391837,32.975204],[112.392143,32.975168],[112.392148,32.974819],[112.393259,32.974733],[112.393363,32.9747],[112.393412,32.974742],[112.393527,32.975042],[112.393699,32.975332],[112.393962,32.97562],[112.394525,32.976097],[112.394785,32.97625],[112.394691,32.975062],[112.394774,32.974727],[112.395005,32.974826],[112.395042,32.97474],[112.395128,32.974475],[112.394919,32.97438],[112.395211,32.973883],[112.395329,32.973557],[112.394823,32.97346],[112.394978,32.973019],[112.395351,32.973136],[112.395431,32.973118],[112.395531,32.972816],[112.39567,32.972173],[112.395759,32.971606],[112.395761,32.970814],[112.395863,32.970591],[112.396153,32.970366],[112.396426,32.970233],[112.397309,32.969941],[112.397548,32.969889],[112.398025,32.969666],[112.398229,32.969268],[112.398427,32.969011],[112.398564,32.969004],[112.399082,32.969187],[112.399498,32.969405],[112.399806,32.969635],[112.401069,32.969365],[112.401407,32.96959],[112.40155,32.969614],[112.401737,32.969727],[112.401984,32.96981],[112.402132,32.969797],[112.40255,32.969133],[112.402837,32.968962],[112.403003,32.968894],[112.403164,32.968887],[112.403497,32.968797],[112.403915,32.968851],[112.404025,32.968818],[112.404267,32.968608],[112.404768,32.968305],[112.40523,32.968255],[112.405457,32.968129],[112.405592,32.968003],[112.406066,32.967861],[112.40674,32.967774],[112.407083,32.967825],[112.407153,32.967909],[112.407279,32.968217],[112.407308,32.968368],[112.407426,32.968557],[112.40759,32.968986],[112.407713,32.968971],[112.408134,32.968782],[112.409441,32.968325],[112.40932,32.968104],[112.408673,32.967332],[112.408242,32.966745],[112.408188,32.966412],[112.40815,32.965564],[112.40825,32.964819],[112.408491,32.964387],[112.409964,32.962454],[112.410387,32.961812],[112.410712,32.961211],[112.411061,32.960401],[112.411895,32.959094],[112.412125,32.958583],[112.41219,32.958031],[112.411881,32.957417],[112.410956,32.956109],[112.41065,32.955756],[112.409363,32.95443],[112.408427,32.954055],[112.407829,32.953924],[112.4059,32.95378],[112.404701,32.953814],[112.403601,32.95412],[112.403078,32.954154],[112.402585,32.954048],[112.401818,32.953827],[112.400938,32.953377],[112.400361,32.95283],[112.399994,32.952342],[112.399801,32.951885],[112.399275,32.94956],[112.39828,32.947449],[112.398253,32.947147],[112.398315,32.946179],[112.398572,32.945146],[112.399318,32.943744],[112.399339,32.943267],[112.399307,32.942729],[112.39946,32.941927],[112.399452,32.941513],[112.399254,32.940687],[112.399235,32.940194],[112.399769,32.939343],[112.399924,32.938927],[112.399951,32.93842],[112.400018,32.937959],[112.400211,32.937713],[112.40064,32.937295],[112.40078,32.936811],[112.400713,32.936329],[112.400171,32.935217],[112.400018,32.934733],[112.399964,32.934312],[112.399838,32.93394],[112.399425,32.933351],[112.398663,32.932551],[112.398315,32.931932],[112.397738,32.930266],[112.397481,32.929816],[112.397038,32.929361],[112.396708,32.929123],[112.396317,32.929258],[112.396172,32.929555],[112.396064,32.930296],[112.395971,32.93062],[112.395442,32.930771],[112.395053,32.930813],[112.394396,32.930674],[112.394055,32.930723],[112.393803,32.930998],[112.393366,32.931734],[112.393095,32.931903],[112.392655,32.931842],[112.392065,32.931818],[112.391784,32.931667],[112.39114,32.93152],[112.390748,32.931498],[112.390383,32.931939],[112.390231,32.932329],[112.389917,32.932574],[112.389512,32.932675],[112.3886,32.932777],[112.387924,32.93272],[112.387505,32.932763],[112.386551,32.933229],[112.386095,32.933317],[112.385781,32.932898],[112.385403,32.931905],[112.384381,32.932103],[112.383705,32.932284],[112.383453,32.932527],[112.383091,32.932732],[112.38271,32.932675],[112.382112,32.927756],[112.383316,32.927612],[112.384579,32.927542],[112.384442,32.924809],[112.384196,32.921729],[112.384037,32.920743],[112.383793,32.919734],[112.383624,32.918097],[112.383544,32.914846],[112.381741,32.91465],[112.381594,32.912507],[112.379826,32.912574],[112.379907,32.914092],[112.377994,32.914281],[112.37778,32.91332],[112.376382,32.913383],[112.376232,32.914612],[112.376299,32.91531],[112.37455,32.916159],[112.373939,32.916109],[112.372799,32.916242],[112.372088,32.916371],[112.370763,32.916724],[112.369776,32.915186],[112.368674,32.915468],[112.368092,32.915269],[112.368057,32.915938],[112.367778,32.916724],[112.365745,32.918125],[112.364841,32.916859],[112.363763,32.917352],[112.361641,32.91499],[112.361979,32.914745],[112.363513,32.916031],[112.364178,32.915709],[112.363256,32.914153],[112.364589,32.913488],[112.363307,32.911865],[112.362282,32.912142],[112.362438,32.910433],[112.359133,32.908958],[112.359281,32.908199],[112.360142,32.908503],[112.360117,32.906816],[112.359442,32.905668],[112.359028,32.904661],[112.358841,32.903625],[112.359551,32.90345],[112.359332,32.902078],[112.357178,32.90218]]]}},{"type":"Feature","properties":{"regionCode":"411324303","sourceCode":"411324303000","name":"二龙乡","sourceName":"二龙乡","parentCode":"411324","parentName":"镇平县","regionLevel":"township","regionType":"township","isManagementZone":false,"source":"ruiduobao","sourceVersion":"mixed-legacy~2018-2020","geometryRepaired":false,"match2020":true,"match2023":true},"geometry":{"type":"Polygon","coordinates":[[[112.158045,33.142786],[112.157753,33.142892],[112.157723,33.142928],[112.157731,33.143018],[112.157546,33.143069],[112.157409,33.142973],[112.156986,33.143038],[112.156806,33.143022],[112.15624,33.142591],[112.155878,33.142245],[112.155666,33.142389],[112.154998,33.141915],[112.154918,33.141915],[112.15484,33.142007],[112.154607,33.142003],[112.153936,33.141306],[112.153287,33.140873],[112.152997,33.140563],[112.152764,33.140464],[112.152885,33.140859],[112.153169,33.141154],[112.15333,33.141423],[112.153405,33.141724],[112.153408,33.14242],[112.15337,33.142764],[112.153343,33.142903],[112.153156,33.143368],[112.152871,33.145317],[112.152842,33.145728],[112.153029,33.14697],[112.153129,33.147332],[112.153201,33.147449],[112.153303,33.147532],[112.153333,33.147615],[112.153335,33.147689],[112.153265,33.147864],[112.153212,33.148275],[112.153,33.149101],[112.153008,33.149382],[112.152917,33.149405],[112.152823,33.149375],[112.152077,33.148828],[112.15123,33.148268],[112.150892,33.148084],[112.149213,33.147213],[112.148861,33.147062],[112.148716,33.147089],[112.147515,33.148129],[112.1466,33.148994],[112.14697,33.149256],[112.147496,33.149562],[112.147354,33.149959],[112.147163,33.150352],[112.146866,33.151197],[112.146699,33.151576],[112.146517,33.151828],[112.145881,33.152232],[112.14417,33.153074],[112.143746,33.15315],[112.143513,33.153231],[112.143486,33.153308],[112.143529,33.153469],[112.143553,33.154179],[112.143615,33.154608],[112.143795,33.155236],[112.143821,33.155627],[112.143907,33.156132],[112.143891,33.156409],[112.142915,33.15642],[112.142816,33.15653],[112.141861,33.156496],[112.141914,33.156577],[112.141888,33.156763],[112.141466,33.156707],[112.14145,33.156945],[112.14093,33.157078],[112.141123,33.157745],[112.140267,33.157877],[112.14027,33.157998],[112.140308,33.158077],[112.140428,33.15812],[112.140613,33.158115],[112.140723,33.158214],[112.140745,33.158369],[112.1413,33.158344],[112.141885,33.158436],[112.142199,33.158441],[112.143137,33.158122],[112.142926,33.15911],[112.143789,33.159707],[112.144395,33.159992],[112.144452,33.160071],[112.143872,33.160509],[112.143685,33.16061],[112.14251,33.160754],[112.142344,33.160814],[112.141855,33.16116],[112.141115,33.161409],[112.14096,33.161492],[112.140774,33.161701],[112.14075,33.161901],[112.140799,33.162018],[112.140876,33.162613],[112.140951,33.162875],[112.141051,33.163064],[112.141464,33.163138],[112.141753,33.163275],[112.142274,33.163363],[112.14258,33.163583],[112.142716,33.163639],[112.143205,33.163726],[112.143475,33.163832],[112.144106,33.164225],[112.144733,33.164476],[112.145114,33.164577],[112.14575,33.164869],[112.146069,33.164959],[112.146434,33.165118],[112.146528,33.165231],[112.146595,33.165404],[112.146466,33.165983],[112.146697,33.166378],[112.146876,33.166511],[112.147016,33.166735],[112.147037,33.167052],[112.147099,33.167265],[112.147088,33.167615],[112.147123,33.167745],[112.147365,33.168295],[112.147609,33.168628],[112.147947,33.168924],[112.148113,33.169387],[112.148126,33.169535],[112.148057,33.169665],[112.147949,33.170116],[112.147874,33.170599],[112.147904,33.170927],[112.148322,33.171477],[112.148708,33.171695],[112.14881,33.171787],[112.148797,33.171917],[112.148403,33.172148],[112.147786,33.172689],[112.147271,33.173179],[112.147083,33.173421],[112.147292,33.173836],[112.147351,33.17409],[112.147762,33.175199],[112.147979,33.175574],[112.148266,33.176214],[112.148384,33.176333],[112.148698,33.176546],[112.148969,33.176683],[112.149194,33.176755],[112.149331,33.176979],[112.14932,33.17706],[112.149189,33.177444],[112.149084,33.177595],[112.148781,33.177801],[112.148542,33.177873],[112.146981,33.177967],[112.14693,33.178522],[112.146938,33.179215],[112.146973,33.179525],[112.146895,33.179914],[112.146834,33.180044],[112.146683,33.180183],[112.146415,33.180347],[112.146297,33.180385],[112.145951,33.180769],[112.145817,33.180971],[112.145527,33.181218],[112.14545,33.181337],[112.145447,33.181674],[112.145551,33.182289],[112.14579,33.183032],[112.145828,33.18327],[112.145871,33.184129],[112.145838,33.184385],[112.145686,33.184637],[112.145589,33.184931],[112.145557,33.185288],[112.14557,33.18555],[112.14575,33.185968],[112.14586,33.186136],[112.146064,33.186639],[112.146166,33.186771],[112.146329,33.186897],[112.14642,33.18705],[112.146935,33.187651],[112.147016,33.187896],[112.147083,33.188331],[112.147075,33.188691],[112.147112,33.188906],[112.1473,33.18953],[112.147391,33.189701],[112.147526,33.189822],[112.148124,33.190204],[112.148378,33.190455],[112.148529,33.190771],[112.148657,33.191178],[112.148821,33.191483],[112.14895,33.191656],[112.149146,33.19184],[112.149269,33.192022],[112.150033,33.192643],[112.150586,33.192911],[112.15113,33.193218],[112.15131,33.193368],[112.151892,33.193662],[112.151986,33.193741],[112.152107,33.194239],[112.152209,33.194358],[112.152801,33.194706],[112.153464,33.194971],[112.153805,33.195204],[112.154215,33.195391],[112.154663,33.195649],[112.154824,33.196086],[112.154738,33.196309],[112.154733,33.196592],[112.154599,33.196843],[112.154652,33.19702],[112.154789,33.19704],[112.15495,33.196998],[112.155261,33.196989],[112.155827,33.197276],[112.155958,33.197417],[112.156138,33.197541],[112.156398,33.197646],[112.156889,33.197936],[112.157171,33.198192],[112.157286,33.198659],[112.157232,33.199152],[112.157128,33.199453],[112.156677,33.199983],[112.15654,33.20021],[112.156439,33.200795],[112.156192,33.201237],[112.155958,33.201487],[112.15562,33.201745],[112.155489,33.202086],[112.155333,33.202382],[112.155323,33.202636],[112.15525,33.202737],[112.154754,33.203181],[112.154588,33.203493],[112.154529,33.203805],[112.154523,33.204072],[112.154577,33.204294],[112.15455,33.204525],[112.154419,33.205026],[112.154446,33.205452],[112.154387,33.205782],[112.154148,33.206139],[112.153689,33.206588],[112.153544,33.206839],[112.153308,33.20749],[112.153349,33.207779],[112.153402,33.207836],[112.153499,33.208192],[112.153732,33.208482],[112.15388,33.208567],[112.154668,33.209211],[112.155207,33.209582],[112.155714,33.209819],[112.155832,33.209929],[112.156213,33.209963],[112.156433,33.210037],[112.15661,33.210145],[112.157141,33.210989],[112.157519,33.211377],[112.158603,33.212696],[112.159024,33.213165],[112.159231,33.213352],[112.159359,33.213529],[112.159504,33.213899],[112.159539,33.214406],[112.15959,33.214606],[112.159587,33.215059],[112.159652,33.215344],[112.159748,33.215593],[112.159756,33.215735],[112.159622,33.215993],[112.159311,33.21621],[112.15919,33.216365],[112.159021,33.217059],[112.159081,33.217703],[112.159166,33.218068],[112.15926,33.218295],[112.159308,33.218591],[112.159292,33.218988],[112.159172,33.219276],[112.158788,33.219446],[112.158142,33.219554],[112.157844,33.219794],[112.157501,33.220164],[112.157283,33.220276],[112.156457,33.220368],[112.156125,33.220357],[112.155596,33.220514],[112.155282,33.22073],[112.154894,33.221127],[112.154679,33.221625],[112.154545,33.221701],[112.153917,33.221946],[112.153595,33.222031],[112.152987,33.222092],[112.152463,33.222222],[112.152297,33.222312],[112.151943,33.222408],[112.150967,33.222801],[112.150559,33.222776],[112.150232,33.222706],[112.149341,33.222475],[112.149084,33.222365],[112.148365,33.22215],[112.148105,33.222101],[112.148049,33.222197],[112.147579,33.2227],[112.146775,33.223476],[112.146182,33.223938],[112.145919,33.224232],[112.145871,33.224241],[112.145935,33.224317],[112.146042,33.224632],[112.146061,33.224872],[112.146273,33.225679],[112.146351,33.227252],[112.146893,33.227672],[112.147003,33.228316],[112.146868,33.229083],[112.146174,33.230292],[112.146179,33.230387],[112.146013,33.230784],[112.145796,33.231127],[112.145755,33.23125],[112.146029,33.231529],[112.146297,33.231731],[112.146563,33.232018],[112.146683,33.232289],[112.146844,33.232837],[112.147013,33.233117],[112.147048,33.233391],[112.147027,33.233445],[112.146745,33.233673],[112.146447,33.234068],[112.146142,33.234396],[112.145924,33.234526],[112.145318,33.235071],[112.145251,33.235392],[112.145227,33.235906],[112.145128,33.236105],[112.144859,33.236363],[112.144497,33.236902],[112.144205,33.23779],[112.144127,33.237889],[112.144044,33.238178],[112.143974,33.238284],[112.143773,33.238358],[112.142751,33.238479],[112.142598,33.238667],[112.142456,33.23897],[112.142105,33.239356],[112.141625,33.239661],[112.141228,33.240074],[112.140884,33.240202],[112.140764,33.240301],[112.140587,33.240772],[112.140337,33.241122],[112.1402,33.241243],[112.139814,33.241397],[112.139699,33.241494],[112.139412,33.242189],[112.139286,33.242391],[112.13898,33.24334],[112.138838,33.243499],[112.138613,33.243616],[112.137883,33.243654],[112.137102,33.243885],[112.136802,33.24402],[112.136274,33.244341],[112.136043,33.244442],[112.135579,33.244762],[112.134962,33.245059],[112.134525,33.245382],[112.134611,33.245978],[112.134632,33.246517],[112.134595,33.246752],[112.134498,33.246867],[112.134479,33.247098],[112.134731,33.248307],[112.135043,33.248953],[112.135305,33.249267],[112.13589,33.250523],[112.136123,33.250927],[112.136241,33.251375],[112.136394,33.251779],[112.136427,33.251963],[112.136373,33.252149],[112.136274,33.252263],[112.136054,33.252438],[112.135509,33.252757],[112.135249,33.252959],[112.135083,33.253131],[112.134922,33.253383],[112.134664,33.253571],[112.134544,33.253721],[112.134324,33.254188],[112.133811,33.25465],[112.13349,33.255009],[112.133186,33.255509],[112.132819,33.255991],[112.132717,33.256285],[112.132484,33.256608],[112.132205,33.256839],[112.131904,33.256909],[112.131717,33.257072],[112.131529,33.257297],[112.131408,33.257586],[112.131397,33.257873],[112.13136,33.257979],[112.13147,33.258483],[112.131588,33.25862],[112.131939,33.258864],[112.132057,33.258992],[112.132132,33.259145],[112.132215,33.259219],[112.132599,33.259809],[112.132862,33.260051],[112.133189,33.260277],[112.133382,33.260508],[112.133396,33.26063],[112.133197,33.261163],[112.133192,33.261311],[112.133208,33.261453],[112.13335,33.26172],[112.133436,33.261812],[112.134013,33.262155],[112.134509,33.262404],[112.136542,33.263222],[112.136864,33.263424],[112.137794,33.263731],[112.138014,33.263913],[112.138151,33.264092],[112.138237,33.264142],[112.139817,33.264254],[112.140233,33.264353],[112.14038,33.26444],[112.140831,33.264877],[112.141035,33.26518],[112.141137,33.265413],[112.141831,33.26631],[112.142789,33.266974],[112.142958,33.267116],[112.143014,33.267201],[112.143178,33.267297],[112.143505,33.267604],[112.143588,33.267779],[112.143575,33.267981],[112.143752,33.268082],[112.143733,33.268181],[112.143593,33.268436],[112.143604,33.268744],[112.143714,33.268934],[112.144135,33.269233],[112.144232,33.269636],[112.144366,33.269813],[112.145262,33.270246],[112.146479,33.270722],[112.147657,33.271459],[112.148022,33.271594],[112.148767,33.271796],[112.149073,33.271933],[112.149604,33.272054],[112.149899,33.272063],[112.150082,33.272619],[112.150076,33.272792],[112.150015,33.273054],[112.150031,33.273348],[112.149875,33.274298],[112.149792,33.274518],[112.149537,33.274951],[112.149467,33.275169],[112.149465,33.275301],[112.149631,33.275494],[112.149655,33.275808],[112.149701,33.27594],[112.149878,33.276211],[112.150039,33.276619],[112.150318,33.276949],[112.150672,33.27714],[112.150774,33.277155],[112.150988,33.277072],[112.151144,33.277097],[112.151434,33.277344],[112.151871,33.277611],[112.152032,33.277651],[112.152654,33.277667],[112.153555,33.278337],[112.153574,33.27846],[112.153282,33.278779],[112.153188,33.278945],[112.153169,33.279288],[112.153362,33.279804],[112.15333,33.280353],[112.153367,33.280519],[112.153451,33.280658],[112.153724,33.280922],[112.153907,33.28147],[112.154078,33.281719],[112.154282,33.2819],[112.154403,33.281981],[112.154609,33.282039],[112.155175,33.282122],[112.155406,33.282133],[112.155929,33.282084],[112.156481,33.282145],[112.156798,33.282288],[112.156913,33.282452],[112.156948,33.282591],[112.157031,33.282716],[112.157042,33.282893],[112.157034,33.283752],[112.15694,33.284086],[112.156951,33.284246],[112.157088,33.284441],[112.157474,33.284734],[112.157696,33.285046],[112.157774,33.28527],[112.157871,33.285896],[112.15789,33.286337],[112.157868,33.286537],[112.157713,33.286956],[112.157152,33.287512],[112.157147,33.287737],[112.157538,33.288207],[112.15753,33.288322],[112.157152,33.288512],[112.157069,33.288642],[112.156884,33.289223],[112.156951,33.289757],[112.157262,33.290636],[112.157254,33.290763],[112.157313,33.291062],[112.157257,33.291911],[112.157171,33.292216],[112.157179,33.292331],[112.157498,33.29299],[112.157715,33.293647],[112.157731,33.293956],[112.157884,33.294617],[112.157871,33.29501],[112.15778,33.295256],[112.157758,33.295599],[112.158177,33.295718],[112.158367,33.295812],[112.158777,33.296093],[112.158912,33.296299],[112.158979,33.296474],[112.159016,33.296774],[112.159008,33.29718],[112.159067,33.297375],[112.159134,33.297485],[112.159247,33.297554],[112.159561,33.297642],[112.159684,33.297718],[112.159856,33.297882],[112.159955,33.298045],[112.159995,33.298182],[112.159987,33.298586],[112.15981,33.299267],[112.159394,33.299729],[112.159392,33.299825],[112.159464,33.29996],[112.15996,33.300556],[112.160223,33.301025],[112.160725,33.301556],[112.161089,33.301885],[112.161175,33.302016],[112.161079,33.30243],[112.161291,33.303473],[112.161376,33.304331],[112.161473,33.304869],[112.161594,33.305277],[112.1618,33.305542],[112.162479,33.306048],[112.162712,33.306259],[112.163482,33.307071],[112.163833,33.307288],[112.164035,33.307566],[112.164448,33.307936],[112.164558,33.308079],[112.164576,33.308164],[112.164721,33.308272],[112.164861,33.30868],[112.165233,33.309202],[112.165427,33.309402],[112.165778,33.31015],[112.165968,33.310272],[112.166065,33.310415],[112.166124,33.310695],[112.166325,33.311296],[112.166449,33.311466],[112.166693,33.312347],[112.166837,33.31254],[112.167259,33.312986],[112.167519,33.313215],[112.168407,33.31375],[112.16872,33.314026],[112.168863,33.314277],[112.168884,33.314409],[112.168841,33.314508],[112.1689,33.315071],[112.168895,33.31529],[112.168699,33.315635],[112.168645,33.315803],[112.168656,33.315868],[112.169648,33.316418],[112.169538,33.316882],[112.169469,33.317606],[112.169265,33.317975],[112.168986,33.318273],[112.168964,33.318558],[112.168884,33.318724],[112.169023,33.318719],[112.169184,33.31878],[112.169458,33.318968],[112.16989,33.319334],[112.17078,33.319954],[112.170984,33.32014],[112.171142,33.320055],[112.171545,33.319981],[112.171655,33.32001],[112.171969,33.320398],[112.172116,33.320407],[112.172787,33.320344],[112.17291,33.320291],[112.17324,33.320044],[112.173454,33.319925],[112.174278,33.32001],[112.174694,33.319325],[112.175096,33.318919],[112.17563,33.318634],[112.176228,33.317758],[112.176518,33.317413],[112.176925,33.317348],[112.180109,33.317597],[112.181332,33.317803],[112.18163,33.317892],[112.182005,33.318199],[112.182494,33.318755],[112.183239,33.319244],[112.183647,33.319271],[112.183979,33.319145],[112.184784,33.318547],[112.185267,33.318666],[112.186989,33.320172],[112.186761,33.321169],[112.187104,33.321528],[112.187906,33.322245],[112.188319,33.322861],[112.188233,33.32328],[112.187686,33.323814],[112.187745,33.324141],[112.188421,33.324818],[112.188909,33.325371],[112.189403,33.326299],[112.189628,33.326546],[112.189961,33.326573],[112.190478,33.326537],[112.191259,33.326777],[112.194091,33.328303],[112.194504,33.328641],[112.193933,33.33017],[112.194083,33.330416],[112.194794,33.330967],[112.195843,33.331891],[112.196484,33.332754],[112.196304,33.333128],[112.196218,33.333442],[112.196444,33.336364],[112.201309,33.337491],[112.204109,33.339662],[112.205303,33.338177],[112.20636,33.336628],[112.208055,33.334712],[112.208951,33.333435],[112.209168,33.332897],[112.209401,33.332682],[112.209511,33.332146],[112.209777,33.331696],[112.209825,33.331384],[112.209755,33.331082],[112.210641,33.330526],[112.21082,33.330105],[112.210708,33.329421],[112.210777,33.328991],[112.211064,33.328859],[112.21144,33.328747],[112.211915,33.328621],[112.21233,33.328579],[112.212878,33.328094],[112.213183,33.327953],[112.213626,33.327913],[112.214535,33.327899],[112.215876,33.32809],[112.216351,33.328202],[112.216976,33.328413],[112.217279,33.328547],[112.218414,33.329146],[112.218851,33.329302],[112.219047,33.329544],[112.219446,33.329504],[112.219806,33.329542],[112.220487,33.329728],[112.220838,33.329509],[112.221477,33.33008],[112.222542,33.330869],[112.223743,33.331528],[112.224693,33.331362],[112.225473,33.331153],[112.226219,33.331003],[112.226935,33.331026],[112.227847,33.330674],[112.228796,33.330407],[112.229204,33.330403],[112.229649,33.330542],[112.230266,33.330878],[112.230677,33.33099],[112.231307,33.331012],[112.231964,33.330575],[112.232372,33.330515],[112.23278,33.330598],[112.23367,33.330902],[112.234046,33.331097],[112.234437,33.331053],[112.235521,33.329542],[112.235864,33.329309],[112.236301,33.329334],[112.236679,33.329643],[112.237039,33.329755],[112.23746,33.329522],[112.237591,33.329177],[112.237806,33.328747],[112.238656,33.328724],[112.238806,33.328424],[112.238764,33.327882],[112.238911,33.327523],[112.239201,33.327391],[112.23985,33.327583],[112.240188,33.327523],[112.2411,33.32703],[112.241448,33.326376],[112.239992,33.325726],[112.239785,33.325499],[112.240086,33.325125],[112.240483,33.324874],[112.240416,33.324293],[112.240233,33.323841],[112.239869,33.3237],[112.239845,33.323296],[112.239901,33.322655],[112.239751,33.321945],[112.239732,33.32166],[112.239839,33.321322],[112.239901,33.320427],[112.239767,33.319928],[112.239775,33.318377],[112.239743,33.317796],[112.239818,33.317467],[112.239874,33.317],[112.240767,33.316617],[112.240606,33.316337],[112.240233,33.315862],[112.239574,33.314797],[112.239485,33.314468],[112.239635,33.313748],[112.240123,33.313358],[112.240255,33.312984],[112.240013,33.312701],[112.238841,33.311771],[112.23764,33.310955],[112.237465,33.310579],[112.237575,33.310236],[112.237613,33.309595],[112.237712,33.309119],[112.237632,33.308747],[112.237608,33.308395],[112.237626,33.308106],[112.237709,33.307691],[112.237849,33.307337],[112.238112,33.306902],[112.238613,33.306335],[112.238857,33.305844],[112.238959,33.305452],[112.23893,33.305066],[112.238801,33.304804],[112.238528,33.30454],[112.238289,33.304242],[112.237814,33.303347],[112.237522,33.303087],[112.237251,33.302986],[112.236827,33.302932],[112.235926,33.302652],[112.235679,33.302352],[112.236033,33.30202],[112.236511,33.301827],[112.23717,33.30096],[112.237583,33.300585],[112.238106,33.299964],[112.238933,33.298778],[112.239163,33.298379],[112.239359,33.29781],[112.239469,33.297312],[112.239574,33.296256],[112.239981,33.293804],[112.240161,33.293028],[112.240319,33.292591],[112.240598,33.291615],[112.240864,33.291156],[112.241604,33.290665],[112.242476,33.289627],[112.242535,33.289084],[112.242521,33.288026],[112.242377,33.287429],[112.242028,33.286804],[112.241921,33.286434],[112.242017,33.286089],[112.242417,33.285456],[112.243315,33.284192],[112.243779,33.283272],[112.244479,33.28238],[112.244817,33.282149],[112.244914,33.281777],[112.244723,33.281198],[112.244453,33.280871],[112.244986,33.280418],[112.244938,33.280126],[112.245107,33.279481],[112.244992,33.279144],[112.244796,33.278898],[112.244852,33.278608],[112.244911,33.276779],[112.244799,33.276122],[112.244514,33.275238],[112.243511,33.27402],[112.24301,33.273354],[112.243326,33.272823],[112.24416,33.271859],[112.243948,33.271302],[112.244013,33.270959],[112.244329,33.270585],[112.244273,33.2701],[112.244026,33.269589],[112.243656,33.269062],[112.243659,33.268759],[112.243484,33.268295],[112.243178,33.267878],[112.242953,33.267652],[112.242698,33.267472],[112.242422,33.267331],[112.242084,33.267068],[112.24191,33.266748],[112.24184,33.266429],[112.241827,33.265985],[112.241744,33.265564],[112.241524,33.264776],[112.241505,33.264391],[112.241988,33.263453],[112.241921,33.262738],[112.242014,33.262431],[112.241958,33.262092],[112.24154,33.261785],[112.241239,33.261179],[112.241164,33.260634],[112.241159,33.260248],[112.242253,33.259524],[112.242417,33.259152],[112.24254,33.25866],[112.242411,33.258337],[112.242698,33.257611],[112.242993,33.257158],[112.243283,33.25692],[112.243634,33.256826],[112.244251,33.256469],[112.244651,33.256016],[112.244914,33.255413],[112.245096,33.255168],[112.245346,33.255177],[112.245217,33.25493],[112.244981,33.254695],[112.24482,33.254477],[112.244686,33.254412],[112.243436,33.254154],[112.243007,33.254004],[112.242865,33.253717],[112.242739,33.252934],[112.24261,33.252568],[112.241338,33.252225],[112.240507,33.251889],[112.240298,33.251734],[112.240102,33.25118],[112.239523,33.250698],[112.239131,33.25026],[112.239096,33.250186],[112.239112,33.249599],[112.239083,33.249482],[112.238965,33.249278],[112.238662,33.248926],[112.238552,33.24871],[112.238176,33.248311],[112.238055,33.248082],[112.237369,33.247501],[112.236999,33.247109],[112.236886,33.246615],[112.236575,33.245857],[112.236505,33.245083],[112.236398,33.244677],[112.236403,33.244457],[112.236709,33.243648],[112.23691,33.243412],[112.237031,33.243089],[112.23731,33.242936],[112.237414,33.242831],[112.237685,33.242775],[112.237752,33.242703],[112.238165,33.241904],[112.238471,33.241575],[112.238522,33.241231],[112.238439,33.240924],[112.238313,33.240639],[112.238055,33.239684],[112.238018,33.238786],[112.238163,33.238571],[112.238377,33.238497],[112.238659,33.238331],[112.23864,33.238151],[112.238463,33.23786],[112.238356,33.237568],[112.238396,33.23714],[112.23838,33.236879],[112.238259,33.23655],[112.238227,33.236357],[112.237806,33.235973],[112.237471,33.235466],[112.237221,33.235307],[112.236671,33.235067],[112.236545,33.234932],[112.236438,33.234638],[112.236465,33.234055],[112.236693,33.233393],[112.236993,33.233052],[112.237211,33.232884],[112.237492,33.232866],[112.237661,33.232794],[112.237634,33.232617],[112.237508,33.232249],[112.237436,33.231802],[112.237473,33.231432],[112.237624,33.231147],[112.237758,33.230995],[112.238565,33.230348],[112.238764,33.230241],[112.238882,33.230122],[112.238957,33.229837],[112.239021,33.229731],[112.239217,33.229536],[112.239584,33.229307],[112.239863,33.228998],[112.23996,33.228762],[112.240311,33.228596],[112.240558,33.228414],[112.240553,33.228291],[112.240314,33.227963],[112.240276,33.227851],[112.240094,33.227622],[112.240024,33.227349],[112.240035,33.227167],[112.240078,33.227037],[112.240325,33.226741],[112.240309,33.226579],[112.240097,33.226294],[112.239842,33.226117],[112.239748,33.225989],[112.239397,33.225309],[112.239364,33.22515],[112.239507,33.224434],[112.23945,33.224324],[112.239305,33.22419],[112.239179,33.224149],[112.238718,33.223795],[112.238463,33.223658],[112.238211,33.223433],[112.237884,33.222487],[112.237629,33.221966],[112.237661,33.221717],[112.237567,33.221546],[112.237543,33.221389],[112.237744,33.220871],[112.237771,33.220707],[112.23783,33.220644],[112.237793,33.220525],[112.237476,33.220148],[112.237334,33.22009],[112.237264,33.22],[112.23713,33.219911],[112.236653,33.219383],[112.235759,33.218627],[112.235312,33.218127],[112.235247,33.218015],[112.235212,33.217828],[112.235092,33.217528],[112.235027,33.21718],[112.234853,33.216827],[112.234644,33.216599],[112.234475,33.216502],[112.234408,33.216376],[112.234252,33.216325],[112.233976,33.216026],[112.233708,33.215627],[112.233646,33.215427],[112.233439,33.215237],[112.233332,33.215064],[112.233413,33.214698],[112.23341,33.213951],[112.233346,33.213405],[112.233101,33.212838],[112.23305,33.21249],[112.233085,33.211951],[112.233225,33.211716],[112.233032,33.211276],[112.232624,33.210551],[112.232055,33.210219],[112.231991,33.210143],[112.231873,33.209871],[112.231369,33.209375],[112.231025,33.208834],[112.230915,33.208558],[112.230594,33.208206],[112.230282,33.207786],[112.229998,33.207306],[112.229655,33.206922],[112.22903,33.206074],[112.228528,33.205571],[112.228459,33.205008],[112.228477,33.204703],[112.228555,33.204366],[112.22863,33.203778],[112.22877,33.203542],[112.228796,33.203423],[112.22852,33.203001],[112.228029,33.202422],[112.227595,33.202014],[112.227498,33.201415],[112.227498,33.200948],[112.227461,33.20067],[112.227281,33.200059],[112.22697,33.199799],[112.226141,33.199363],[112.225932,33.199182],[112.225854,33.199072],[112.225774,33.198701],[112.225556,33.198351],[112.22542,33.197799],[112.225414,33.197617],[112.225253,33.197114],[112.224897,33.196565],[112.224744,33.196118],[112.224722,33.195763],[112.224813,33.195503],[112.224829,33.195368],[112.2248,33.195216],[112.224274,33.194394],[112.223314,33.193793],[112.222944,33.193364],[112.222587,33.193074],[112.222287,33.192991],[112.222166,33.192888],[112.222064,33.192767],[112.221646,33.191613],[112.22142,33.191232],[112.220983,33.190652],[112.220881,33.190556],[112.220409,33.190343],[112.219808,33.189997],[112.219454,33.189746],[112.219296,33.189613],[112.218816,33.188917],[112.218465,33.188574],[112.218255,33.188542],[112.21792,33.188572],[112.216794,33.188888],[112.216394,33.188872],[112.216099,33.188745],[112.216,33.188643],[112.215895,33.188432],[112.215782,33.187986],[112.215616,33.187595],[112.21549,33.18747],[112.215208,33.187384],[112.214457,33.187413],[112.214154,33.187499],[112.21358,33.187862],[112.213146,33.187963],[112.212717,33.187966],[112.212534,33.187885],[112.21247,33.187773],[112.212336,33.186513],[112.212475,33.1863],[112.212502,33.1861],[112.212411,33.185954],[112.21222,33.185788],[112.212119,33.185602],[112.212188,33.185389],[112.212263,33.185283],[112.212271,33.185171],[112.212355,33.185061],[112.212422,33.184655],[112.212561,33.184428],[112.213387,33.183838],[112.213669,33.183725],[112.213846,33.183537],[112.213849,33.18346],[112.213806,33.183362],[112.213427,33.18289],[112.213258,33.182594],[112.213363,33.182457],[112.213494,33.182188],[112.21372,33.182066],[112.213918,33.181891],[112.214715,33.181373],[112.2149,33.181195],[112.214962,33.181074],[112.214919,33.180327],[112.214951,33.180219],[112.215436,33.179705],[112.215238,33.179343],[112.215101,33.179211],[112.215056,33.179119],[112.214766,33.178773],[112.214763,33.178638],[112.214701,33.178481],[112.214728,33.178158],[112.21487,33.177469],[112.214964,33.177267],[112.215171,33.177065],[112.21527,33.176847],[112.215324,33.176131],[112.215286,33.17603],[112.215292,33.175888],[112.214288,33.174692],[112.21438,33.174492],[112.21457,33.174243],[112.214763,33.174099],[112.214817,33.173998],[112.21505,33.173868],[112.215058,33.173818],[112.214878,33.173513],[112.214551,33.173064],[112.214221,33.172727],[112.214157,33.172599],[112.214457,33.172202],[112.214527,33.171966],[112.214573,33.171502],[112.214573,33.17099],[112.214355,33.170305],[112.214329,33.169892],[112.213929,33.169281],[112.213819,33.169162],[112.213693,33.168926],[112.21372,33.168794],[112.213666,33.168507],[112.213773,33.167689],[112.213701,33.167458],[112.213537,33.167168],[112.213256,33.166852],[112.212886,33.166113],[112.212832,33.165895],[112.212706,33.163955],[112.212497,33.163163],[112.2121,33.16253],[112.212014,33.162285],[112.212041,33.162146],[112.21177,33.16222],[112.211011,33.162251],[112.210335,33.162166],[112.209055,33.161816],[112.208471,33.161582],[112.208143,33.1614],[112.207983,33.161214],[112.207655,33.16065],[112.207422,33.160462],[112.20725,33.16026],[112.207202,33.160143],[112.206746,33.159709],[112.206314,33.159451],[112.205917,33.159323],[112.205515,33.159135],[112.20519,33.1584],[112.205147,33.157884],[112.205064,33.157783],[112.204311,33.157473],[112.20405,33.157244],[112.203825,33.157206],[112.203412,33.157206],[112.202766,33.157118],[112.202379,33.157024],[112.20224,33.156936],[112.202162,33.156864],[112.202007,33.156548],[112.201516,33.155331],[112.201382,33.154884],[112.201073,33.154446],[112.20066,33.153579],[112.200577,33.153469],[112.199517,33.153352],[112.199316,33.153431],[112.198801,33.153716],[112.198227,33.153912],[112.197396,33.154114],[112.197281,33.154129],[112.19669,33.154062],[112.196597,33.154004],[112.196438,33.153873],[112.196261,33.153606],[112.196181,33.153413],[112.196012,33.153213],[112.195478,33.152867],[112.195156,33.152607],[112.19448,33.151816],[112.193533,33.150961],[112.193287,33.150703],[112.192796,33.150087],[112.192635,33.149802],[112.192573,33.14964],[112.192592,33.149198],[112.192423,33.148976],[112.192184,33.148828],[112.191806,33.148664],[112.191071,33.148419],[112.190765,33.148271],[112.190639,33.148313],[112.19021,33.148342],[112.189599,33.148309],[112.189164,33.148255],[112.18863,33.148051],[112.188523,33.148104],[112.187895,33.148143],[112.185994,33.148625],[112.183695,33.148967],[112.18318,33.149081],[112.182805,33.149196],[112.182566,33.149326],[112.181793,33.149917],[112.181362,33.150195],[112.180399,33.150622],[112.178736,33.151082],[112.17832,33.151039],[112.177548,33.150882],[112.17703,33.150709],[112.176062,33.150471],[112.175557,33.150287],[112.175308,33.150119],[112.175002,33.149739],[112.174656,33.149436],[112.174433,33.14936],[112.174211,33.149189],[112.173894,33.149045],[112.172851,33.148776],[112.171687,33.148385],[112.171365,33.14823],[112.170552,33.147532],[112.170163,33.147303],[112.169989,33.147238],[112.16953,33.147181],[112.168922,33.146986],[112.16853,33.147002],[112.168377,33.147044],[112.168149,33.147417],[112.168144,33.147556],[112.168205,33.14777],[112.168307,33.147882],[112.168149,33.148059],[112.168042,33.148073],[112.167924,33.148042],[112.167833,33.14792],[112.167575,33.147709],[112.167106,33.147215],[112.165209,33.146984],[112.164662,33.147069],[112.163796,33.146191],[112.163493,33.145796],[112.163361,33.145508],[112.163112,33.144718],[112.162887,33.144823],[112.162455,33.144933],[112.161854,33.145167],[112.161513,33.145252],[112.160918,33.145335],[112.160253,33.145286],[112.16007,33.145176],[112.159858,33.144891],[112.159376,33.144522],[112.158909,33.144084],[112.158225,33.142917],[112.158201,33.142759],[112.158045,33.142786]]]}},{"type":"Feature","properties":{"regionCode":"411324306","sourceCode":"411324306000","name":"王岗乡","sourceName":"王岗乡","parentCode":"411324","parentName":"镇平县","regionLevel":"township","regionType":"township","isManagementZone":false,"source":"ruiduobao","sourceVersion":"mixed-legacy~2018-2020","geometryRepaired":false,"match2020":true,"match2023":true},"geometry":{"type":"Polygon","coordinates":[[[112.081541,33.050598],[112.081106,33.050049],[112.080696,33.049631],[112.079118,33.049669],[112.079143,33.050292],[112.079054,33.05022],[112.078931,33.050216],[112.078185,33.050355],[112.078201,33.050258],[112.076868,33.050236],[112.076761,33.050643],[112.076538,33.051101],[112.076814,33.051162],[112.077024,33.051324],[112.07693,33.051605],[112.076409,33.052176],[112.076299,33.052347],[112.076458,33.053057],[112.076391,33.053406],[112.076066,33.05406],[112.076031,33.054402],[112.076114,33.054489],[112.076163,33.054606],[112.076361,33.054795],[112.076235,33.054836],[112.076007,33.054824],[112.075106,33.054696],[112.074768,33.054681],[112.074438,33.054615],[112.074261,33.054615],[112.073977,33.056459],[112.075307,33.056627],[112.075562,33.056598],[112.075626,33.056704],[112.075629,33.056886],[112.075562,33.057581],[112.075017,33.057488],[112.075009,33.057704],[112.074964,33.057828],[112.074867,33.057828],[112.074264,33.057758],[112.074119,33.057641],[112.073003,33.057542],[112.073094,33.057688],[112.073126,33.057859],[112.073188,33.058714],[112.070425,33.058572],[112.070364,33.059024],[112.068634,33.058855],[112.068484,33.059606],[112.070305,33.059831],[112.070152,33.06216],[112.068851,33.062079],[112.068591,33.062928],[112.068392,33.063708],[112.069127,33.063837],[112.069111,33.064293],[112.069218,33.064365],[112.070734,33.064545],[112.07067,33.064803],[112.07079,33.064814],[112.070391,33.066541],[112.070364,33.066869],[112.071619,33.067157],[112.07359,33.067541],[112.073725,33.067624],[112.073644,33.068056],[112.073628,33.06877],[112.073416,33.069081],[112.073376,33.06933],[112.073164,33.06969],[112.072979,33.069849],[112.072904,33.070121],[112.072847,33.070443],[112.072882,33.070607],[112.072877,33.07082],[112.072925,33.070946],[112.072062,33.070888],[112.07182,33.070859],[112.071823,33.070823],[112.070758,33.070816],[112.070602,33.070886],[112.070624,33.071211],[112.069095,33.071162],[112.069052,33.071814],[112.068985,33.072281],[112.068653,33.073039],[112.068534,33.073511],[112.068666,33.074882],[112.067762,33.074799],[112.067609,33.075149],[112.068709,33.075293],[112.068803,33.076179],[112.067129,33.07601],[112.067065,33.076149],[112.06696,33.07677],[112.066941,33.077262],[112.066955,33.078031],[112.069001,33.078264],[112.069114,33.07962],[112.067759,33.079325],[112.067714,33.079743],[112.068534,33.079889],[112.068543,33.080824],[112.06829,33.080811],[112.068269,33.080898],[112.068258,33.081305],[112.068298,33.082119],[112.068529,33.082227],[112.06854,33.082953],[112.06872,33.082993],[112.069449,33.083042],[112.069548,33.084247],[112.069661,33.084292],[112.070128,33.084249],[112.070589,33.084256],[112.070589,33.084413],[112.069784,33.084443],[112.069578,33.084483],[112.069594,33.084681],[112.069712,33.08464],[112.07016,33.084591],[112.070471,33.084604],[112.070602,33.084654],[112.07057,33.085299],[112.069618,33.085303],[112.069578,33.085688],[112.0691,33.088431],[112.069253,33.0886],[112.069269,33.089056],[112.070058,33.089103],[112.070396,33.089094],[112.070358,33.090238],[112.070028,33.090207],[112.069315,33.090211],[112.069058,33.090258],[112.069028,33.092004],[112.069052,33.092375],[112.069167,33.09291],[112.069591,33.094056],[112.069385,33.09409],[112.068516,33.094063],[112.067746,33.094079],[112.0678,33.094312],[112.069082,33.094306],[112.069693,33.094263],[112.06987,33.094544],[112.068516,33.09451],[112.068001,33.094539],[112.067864,33.09458],[112.06781,33.094645],[112.067883,33.094732],[112.068229,33.094791],[112.068175,33.094921],[112.068223,33.095483],[112.068046,33.095607],[112.068006,33.095768],[112.068073,33.096935],[112.068253,33.097031],[112.068221,33.097535],[112.068679,33.097521],[112.070876,33.097611],[112.070957,33.097809],[112.069642,33.097815],[112.069699,33.098148],[112.069479,33.098166],[112.068392,33.098018],[112.068138,33.098018],[112.068135,33.098334],[112.068183,33.098469],[112.068242,33.098537],[112.068427,33.098649],[112.06888,33.098768],[112.068969,33.098842],[112.069023,33.098941],[112.069685,33.099161],[112.069889,33.099341],[112.069978,33.099485],[112.068674,33.099316],[112.068097,33.099157],[112.068033,33.09926],[112.068366,33.099379],[112.06828,33.099858],[112.068325,33.099963],[112.068634,33.100307],[112.070299,33.100348],[112.070283,33.100745],[112.070374,33.101073],[112.070632,33.101044],[112.07078,33.101064],[112.070847,33.101195],[112.071123,33.10135],[112.071091,33.102327],[112.071289,33.102752],[112.07126,33.103013],[112.072563,33.103255],[112.072365,33.104394],[112.071211,33.104197],[112.071053,33.104201],[112.070903,33.104725],[112.071045,33.104776],[112.071319,33.104783],[112.072231,33.104947],[112.072158,33.105217],[112.071533,33.105178],[112.070731,33.105064],[112.07057,33.105172],[112.070798,33.105358],[112.070991,33.105444],[112.072059,33.105628],[112.0717,33.106888],[112.071654,33.107504],[112.071745,33.108225],[112.070782,33.108205],[112.070179,33.10823],[112.070053,33.108275],[112.070265,33.1086],[112.07031,33.108865],[112.070291,33.109104],[112.070546,33.109528],[112.070619,33.109926],[112.070978,33.109935],[112.071021,33.110207],[112.070839,33.110216],[112.070734,33.110263],[112.070742,33.110514],[112.070825,33.110748],[112.070833,33.110982],[112.070348,33.111054],[112.070294,33.111525],[112.070326,33.111732],[112.070474,33.111892],[112.070611,33.112175],[112.070946,33.112321],[112.071694,33.112559],[112.072032,33.112613],[112.07222,33.112694],[112.072214,33.11383],[112.071812,33.113826],[112.071801,33.114224],[112.07266,33.114179],[112.072657,33.114322],[112.072754,33.114633],[112.072764,33.114799],[112.071091,33.114781],[112.071053,33.11492],[112.071069,33.11508],[112.072357,33.115131],[112.072746,33.115176],[112.072727,33.115536],[112.072048,33.1155],[112.071088,33.115542],[112.071085,33.11578],[112.0727,33.115814],[112.072595,33.116331],[112.07256,33.116704],[112.072322,33.117407],[112.072201,33.118058],[112.071522,33.117993],[112.071356,33.118103],[112.071069,33.118169],[112.070975,33.118741],[112.071944,33.118935],[112.071895,33.119388],[112.071871,33.120386],[112.071793,33.121093],[112.071388,33.121107],[112.071262,33.121217],[112.071072,33.121509],[112.071123,33.12165],[112.071233,33.122324],[112.071772,33.122342],[112.071957,33.122396],[112.072024,33.122652],[112.072105,33.122729],[112.072217,33.122751],[112.072405,33.122697],[112.072657,33.12332],[112.072729,33.123609],[112.07263,33.123719],[112.071455,33.124223],[112.071485,33.124378],[112.071697,33.124845],[112.07193,33.125543],[112.072,33.125925],[112.072005,33.12615],[112.071415,33.126085],[112.071332,33.125999],[112.071058,33.125184],[112.070396,33.125319],[112.070879,33.126446],[112.069862,33.126604],[112.069961,33.126777],[112.070144,33.126768],[112.070474,33.126689],[112.070586,33.126968],[112.07082,33.126985],[112.071042,33.127053],[112.071099,33.127282],[112.071158,33.127313],[112.071635,33.127376],[112.071737,33.127475],[112.071421,33.127572],[112.070755,33.127864],[112.0709,33.128221],[112.071179,33.128553],[112.071777,33.128342],[112.072142,33.128809],[112.072072,33.128904],[112.072021,33.129117],[112.071799,33.129398],[112.071305,33.129874],[112.070898,33.130236],[112.07038,33.130586],[112.070211,33.130743],[112.071337,33.13144],[112.071777,33.13164],[112.071909,33.13166],[112.07207,33.131637],[112.072306,33.131763],[112.072319,33.131889],[112.072223,33.131961],[112.072198,33.132078],[112.072295,33.132201],[112.072206,33.132268],[112.072029,33.132237],[112.071402,33.132024],[112.071439,33.132233],[112.0716,33.132529],[112.071614,33.13268],[112.071506,33.132897],[112.071351,33.133064],[112.071244,33.133255],[112.071764,33.133845],[112.072086,33.134052],[112.072241,33.134106],[112.072244,33.134263],[112.072139,33.134802],[112.072145,33.13509],[112.072201,33.134997],[112.072475,33.134786],[112.072813,33.134595],[112.072968,33.134557],[112.073285,33.134762],[112.073588,33.135447],[112.073419,33.135584],[112.072434,33.135992],[112.071877,33.136307],[112.071898,33.136415],[112.072308,33.136765],[112.072805,33.136536],[112.072933,33.13659],[112.073113,33.136725],[112.073266,33.136972],[112.073483,33.137122],[112.073572,33.137261],[112.073668,33.137327],[112.074143,33.137169],[112.074221,33.137347],[112.074481,33.137677],[112.074481,33.137848],[112.073778,33.138133],[112.073617,33.13789],[112.073376,33.137327],[112.073134,33.13701],[112.072813,33.137154],[112.072912,33.137372],[112.073145,33.137731],[112.073529,33.138241],[112.073379,33.13829],[112.07307,33.138319],[112.072716,33.138301],[112.072861,33.138425],[112.07332,33.138692],[112.073647,33.138948],[112.073837,33.139254],[112.073338,33.139317],[112.073274,33.139813],[112.073371,33.140619],[112.073639,33.140949],[112.073601,33.141181],[112.073617,33.141345],[112.073692,33.141446],[112.073105,33.141378],[112.072995,33.141461],[112.07222,33.142366],[112.071965,33.142739],[112.072802,33.142813],[112.073231,33.142953],[112.073609,33.14298],[112.074036,33.142905],[112.074476,33.14291],[112.075253,33.142863],[112.076356,33.14271],[112.077332,33.142613],[112.078566,33.14264],[112.078912,33.142685],[112.079049,33.142562],[112.07918,33.142176],[112.079204,33.14185],[112.079132,33.141652],[112.078984,33.141526],[112.078724,33.141486],[112.078459,33.141509],[112.078456,33.141297],[112.078697,33.141304],[112.078772,33.141129],[112.078799,33.140626],[112.078051,33.140559],[112.078062,33.14008],[112.078341,33.139995],[112.078317,33.139489],[112.079188,33.139507],[112.079231,33.139427],[112.079247,33.139148],[112.079408,33.138919],[112.079674,33.138663],[112.079853,33.138562],[112.080106,33.138486],[112.080331,33.138793],[112.080449,33.139121],[112.081414,33.138874],[112.081873,33.138589],[112.081892,33.138396],[112.081785,33.138227],[112.081793,33.138187],[112.082959,33.137389],[112.08315,33.137349],[112.08326,33.137385],[112.083348,33.137926],[112.083359,33.138232],[112.084309,33.138106],[112.084303,33.137839],[112.084199,33.137423],[112.084644,33.137374],[112.085298,33.137367],[112.085545,33.13732],[112.0858,33.137165],[112.086111,33.13708],[112.086422,33.137046],[112.086344,33.136788],[112.086291,33.136453],[112.087173,33.136386],[112.087187,33.136195],[112.086961,33.135876],[112.08691,33.13568],[112.086862,33.135238],[112.086975,33.135146],[112.087066,33.135245],[112.087138,33.13575],[112.087736,33.135683],[112.088273,33.135586],[112.088603,33.135492],[112.088388,33.13524],[112.088246,33.134955],[112.088327,33.134474],[112.088292,33.134348],[112.088318,33.133942],[112.088369,33.133762],[112.088509,33.13354],[112.088399,33.133479],[112.088356,33.13338],[112.088375,33.132379],[112.08842,33.131896],[112.087935,33.131941],[112.087964,33.131352],[112.088353,33.131404],[112.088471,33.131388],[112.088506,33.131253],[112.088348,33.130341],[112.088268,33.129459],[112.088042,33.129434],[112.088093,33.129043],[112.088396,33.12903],[112.088807,33.130442],[112.088793,33.13133],[112.088833,33.131449],[112.089217,33.131397],[112.09036,33.131341],[112.090483,33.130892],[112.09088,33.130921],[112.090915,33.131071],[112.090837,33.131613],[112.090856,33.131837],[112.090298,33.131851],[112.090306,33.13281],[112.090767,33.132857],[112.091231,33.13279],[112.091859,33.132749],[112.091851,33.133234],[112.091907,33.133499],[112.092229,33.133486],[112.092256,33.133717],[112.092194,33.133839],[112.092079,33.133926],[112.092436,33.13433],[112.092733,33.134611],[112.092945,33.134773],[112.093232,33.134748],[112.09357,33.13486],[112.093678,33.134939],[112.09383,33.135114],[112.093863,33.135357],[112.094005,33.13564],[112.09448,33.135581],[112.09464,33.135489],[112.094855,33.136112],[112.095075,33.136073],[112.095206,33.136401],[112.09526,33.136428],[112.095408,33.13639],[112.095319,33.136098],[112.095113,33.135631],[112.094898,33.135307],[112.095182,33.135265],[112.09541,33.135822],[112.095595,33.136177],[112.095609,33.136363],[112.096212,33.136395],[112.096421,33.136927],[112.096784,33.137448],[112.096027,33.137643],[112.096255,33.138216],[112.096293,33.138481],[112.096585,33.138405],[112.096851,33.139105],[112.097103,33.139049],[112.097698,33.13906],[112.097932,33.139155],[112.09813,33.139388],[112.098296,33.13931],[112.09805,33.139016],[112.098133,33.138932],[112.098862,33.138861],[112.09913,33.13889],[112.099232,33.139505],[112.099307,33.139514],[112.099857,33.139761],[112.099758,33.13898],[112.099806,33.138807],[112.10016,33.138742],[112.100308,33.139047],[112.100375,33.139312],[112.100815,33.13929],[112.100957,33.139772],[112.101156,33.139656],[112.10129,33.139656],[112.101373,33.140163],[112.101451,33.140293],[112.101786,33.140305],[112.101794,33.140121],[112.101703,33.139716],[112.1017,33.139393],[112.101306,33.13946],[112.101209,33.139287],[112.102043,33.139108],[112.102078,33.13898],[112.101861,33.138537],[112.101821,33.138369],[112.102869,33.138173],[112.103425,33.138041],[112.104036,33.137848],[112.103435,33.137354],[112.103215,33.137075],[112.103532,33.136943],[112.103816,33.136893],[112.103913,33.136963],[112.104382,33.137551],[112.104532,33.137672],[112.104634,33.137603],[112.104613,33.137457],[112.104369,33.136884],[112.104452,33.136947],[112.104811,33.13738],[112.105117,33.137601],[112.105235,33.137464],[112.105444,33.136996],[112.10582,33.137104],[112.106236,33.137176],[112.106437,33.137257],[112.106619,33.137073],[112.106753,33.136803],[112.106861,33.136493],[112.106906,33.136028],[112.106965,33.135939],[112.107164,33.13588],[112.107435,33.135882],[112.107496,33.135777],[112.10752,33.135426],[112.10811,33.135521],[112.108164,33.135635],[112.108161,33.135795],[112.107856,33.136181],[112.107773,33.136352],[112.107754,33.136444],[112.107775,33.136527],[112.107928,33.136606],[112.108097,33.136603],[112.108188,33.136365],[112.108427,33.136078],[112.108545,33.13606],[112.108684,33.136098],[112.108746,33.136208],[112.109167,33.136246],[112.109328,33.136397],[112.109454,33.136669],[112.109653,33.136877],[112.109798,33.137122],[112.110288,33.136994],[112.110554,33.136877],[112.110718,33.136763],[112.110793,33.136675],[112.110854,33.136509],[112.110916,33.135945],[112.111152,33.136098],[112.111557,33.136514],[112.111648,33.136563],[112.111933,33.136523],[112.113676,33.1367],[112.114078,33.136648],[112.114422,33.136403],[112.114596,33.136233],[112.114787,33.135948],[112.114998,33.135498],[112.115264,33.135541],[112.11602,33.135559],[112.116168,33.135528],[112.116686,33.13551],[112.116938,33.135415],[112.117096,33.135516],[112.117976,33.135676],[112.118032,33.135763],[112.118185,33.135683],[112.118684,33.135599],[112.118957,33.135644],[112.119405,33.135784],[112.119816,33.135813],[112.120215,33.135786],[112.120618,33.135703],[112.120746,33.135759],[112.120966,33.135698],[112.121511,33.135692],[112.122098,33.13573],[112.122267,33.135759],[112.123005,33.136046],[112.123128,33.136125],[112.123488,33.136181],[112.123898,33.136141],[112.124075,33.13606],[112.124249,33.135786],[112.124255,33.135725],[112.124373,33.135624],[112.126231,33.135595],[112.126693,33.135501],[112.126848,33.1354],[112.125652,33.134869],[112.12481,33.134645],[112.124724,33.134584],[112.124783,33.134236],[112.124778,33.133967],[112.125239,33.133996],[112.125545,33.134146],[112.125727,33.133951],[112.125717,33.133259],[112.125773,33.132091],[112.125875,33.131985],[112.126127,33.131855],[112.126344,33.131689],[112.126953,33.131089],[112.127514,33.13015],[112.127548,33.130016],[112.127605,33.129944],[112.127774,33.129382],[112.12801,33.128414],[112.128047,33.128147],[112.127991,33.128005],[112.127717,33.127873],[112.127366,33.127565],[112.126132,33.126226],[112.126792,33.125815],[112.126996,33.125602],[112.126838,33.125519],[112.126575,33.125283],[112.126261,33.125123],[112.126001,33.124838],[112.125784,33.124542],[112.125663,33.124281],[112.125545,33.124272],[112.125464,33.124198],[112.125419,33.124106],[112.125277,33.123412],[112.125309,33.123115],[112.125172,33.122899],[112.125094,33.122846],[112.125483,33.122783],[112.126645,33.122257],[112.126567,33.122138],[112.126213,33.121188],[112.126197,33.12108],[112.12625,33.120775],[112.126414,33.120478],[112.126449,33.120251],[112.126427,33.120096],[112.126127,33.119494],[112.126063,33.119249],[112.12603,33.118627],[112.125907,33.117899],[112.125006,33.117894],[112.124689,33.118038],[112.123968,33.117164],[112.123783,33.116904],[112.12371,33.11672],[112.123855,33.116598],[112.124142,33.116454],[112.12433,33.116497],[112.124646,33.116845],[112.125373,33.11669],[112.125617,33.116668],[112.125813,33.116699],[112.125813,33.116796],[112.126054,33.117221],[112.126336,33.11714],[112.126575,33.117773],[112.127092,33.117706],[112.127235,33.117903],[112.127857,33.117665],[112.128377,33.117391],[112.128332,33.117221],[112.128345,33.116998],[112.127414,33.116567],[112.1275,33.116187],[112.127463,33.115958],[112.126977,33.116066],[112.126789,33.11614],[112.126341,33.115506],[112.126205,33.115531],[112.125832,33.115711],[112.125851,33.115673],[112.125824,33.11559],[112.12547,33.115322],[112.12525,33.115066],[112.125116,33.114826],[112.125108,33.114585],[112.125231,33.114158],[112.125293,33.114044],[112.125448,33.113864],[112.125657,33.113736],[112.125848,33.113754],[112.126341,33.113925],[112.126231,33.11406],[112.125998,33.114172],[112.12584,33.114322],[112.125982,33.114408],[112.126645,33.114017],[112.12632,33.113698],[112.126417,33.113631],[112.126604,33.11361],[112.126696,33.113732],[112.126875,33.113864],[112.127543,33.113559],[112.127637,33.113761],[112.127548,33.113792],[112.127634,33.113914],[112.128117,33.11381],[112.128627,33.113635],[112.127937,33.112287],[112.127827,33.111995],[112.127634,33.111707],[112.127795,33.111678],[112.128179,33.111775],[112.129099,33.11184],[112.129324,33.111793],[112.129386,33.111683],[112.129337,33.111575],[112.129278,33.111528],[112.128978,33.111379],[112.128522,33.111247],[112.127734,33.110696],[112.127578,33.110514],[112.127235,33.109928],[112.126414,33.109187],[112.12632,33.10894],[112.12635,33.108841],[112.126631,33.10878],[112.125958,33.107688],[112.125837,33.107362],[112.1258,33.107158],[112.125456,33.107135],[112.124998,33.107176],[112.124687,33.107241],[112.124569,33.10696],[112.124531,33.106787],[112.124483,33.105963],[112.124228,33.105891],[112.123402,33.105817],[112.123276,33.10525],[112.123434,33.10519],[112.123426,33.105005],[112.123471,33.104677],[112.123257,33.104657],[112.122372,33.104682],[112.122128,33.104424],[112.122318,33.103559],[112.122471,33.103381],[112.123278,33.103484],[112.123434,33.103084],[112.12375,33.102864],[112.124024,33.102801],[112.123683,33.102702],[112.12305,33.102437],[112.123091,33.10235],[112.123088,33.102195],[112.122801,33.102199],[112.122031,33.102103],[112.121318,33.102058],[112.120167,33.102141],[112.120019,33.101941],[112.119987,33.101763],[112.120175,33.101687],[112.12073,33.101637],[112.121226,33.101539],[112.1212,33.100132],[112.121275,33.099786],[112.121414,33.099458],[112.120575,33.099388],[112.120062,33.099301],[112.120138,33.099215],[112.120261,33.098795],[112.120652,33.09826],[112.121401,33.098292],[112.121825,33.098229],[112.122452,33.098254],[112.122455,33.098103],[112.122391,33.097858],[112.122369,33.097361],[112.122324,33.097159],[112.121937,33.097188],[112.121361,33.097146],[112.121648,33.096735],[112.121747,33.096476],[112.12176,33.096067],[112.1219,33.095616],[112.121902,33.095022],[112.121983,33.09487],[112.121964,33.094679],[112.121656,33.094719],[112.121629,33.094575],[112.121642,33.094355],[112.122334,33.094222],[112.122262,33.094038],[112.122176,33.093577],[112.121994,33.09327],[112.121782,33.092998],[112.120041,33.09353],[112.119848,33.09271],[112.119859,33.092658],[112.120172,33.092537],[112.120229,33.092371],[112.120156,33.092254],[112.120175,33.092189],[112.12029,33.092112],[112.120363,33.09189],[112.120534,33.091717],[112.120604,33.091317],[112.120159,33.091449],[112.119051,33.091631],[112.118405,33.091811],[112.118378,33.091515],[112.118222,33.091506],[112.117249,33.09171],[112.117045,33.091139],[112.116699,33.089584],[112.116213,33.089634],[112.116146,33.089506],[112.116122,33.089364],[112.116667,33.089337],[112.116358,33.088072],[112.115908,33.086692],[112.115908,33.086541],[112.115087,33.086598],[112.115079,33.086386],[112.11513,33.086366],[112.115905,33.086341],[112.115905,33.086045],[112.115615,33.086034],[112.115084,33.08609],[112.114964,33.08607],[112.114896,33.085937],[112.114907,33.085809],[112.115894,33.08575],[112.115881,33.085296],[112.115808,33.08491],[112.118233,33.084789],[112.118222,33.084593],[112.116337,33.08469],[112.11591,33.084741],[112.115913,33.08449],[112.118051,33.08446],[112.118126,33.084429],[112.118053,33.083858],[112.117801,33.082748],[112.117941,33.082649],[112.11991,33.082611],[112.119872,33.082465],[112.119872,33.082042],[112.119923,33.081845],[112.120199,33.081779],[112.120226,33.080723],[112.119671,33.080842],[112.118509,33.080889],[112.11841,33.080869],[112.118386,33.080507],[112.117868,33.08055],[112.117764,33.080501],[112.117726,33.079948],[112.117206,33.080013],[112.116986,33.078568],[112.117997,33.078514],[112.118244,33.078512],[112.118416,33.078548],[112.118083,33.078204],[112.117614,33.077583],[112.117439,33.077327],[112.117037,33.07657],[112.116806,33.076024],[112.116691,33.075668],[112.116597,33.07517],[112.116584,33.074855],[112.115315,33.074911],[112.115304,33.073875],[112.115385,33.073221],[112.11447,33.073277],[112.114347,33.073246],[112.114234,33.072027],[112.114827,33.072005],[112.114679,33.071133],[112.114497,33.070573],[112.114296,33.070121],[112.113137,33.07022],[112.11233,33.070211],[112.111997,33.070265],[112.111914,33.070308],[112.111994,33.07073],[112.110364,33.070957],[112.110275,33.070726],[112.11017,33.070661],[112.109422,33.070728],[112.109149,33.070719],[112.108625,33.070825],[112.108365,33.070814],[112.108237,33.070533],[112.107968,33.070614],[112.107343,33.070544],[112.106292,33.070481],[112.106131,33.070492],[112.106029,33.070562],[112.105782,33.070827],[112.10512,33.070694],[112.104345,33.071045],[112.104031,33.071137],[112.104063,33.07038],[112.103991,33.070171],[112.102413,33.07024],[112.102405,33.069894],[112.102363,33.069894],[112.102333,33.069121],[112.100863,33.069207],[112.099983,33.06922],[112.099957,33.069847],[112.098578,33.069768],[112.095845,33.069683],[112.095821,33.069305],[112.094284,33.069305],[112.091049,33.069224],[112.08882,33.069218],[112.088823,33.069598],[112.086843,33.069501],[112.0854,33.069505],[112.08544,33.068649],[112.085406,33.067397],[112.086806,33.067422],[112.08683,33.066912],[112.087702,33.066927],[112.087715,33.065457],[112.086857,33.065408],[112.086905,33.064342],[112.088707,33.064383],[112.088694,33.063677],[112.087557,33.063618],[112.086902,33.063627],[112.086894,33.063052],[112.086146,33.063041],[112.086151,33.062755],[112.086945,33.062722],[112.086972,33.062544],[112.087077,33.062297],[112.086991,33.062063],[112.08691,33.060982],[112.087168,33.06097],[112.087305,33.060899],[112.087307,33.060575],[112.087012,33.060519],[112.085824,33.060462],[112.085631,33.060388],[112.085647,33.05935],[112.088013,33.059419],[112.088026,33.059309],[112.088391,33.059316],[112.088386,33.059244],[112.088037,33.05924],[112.088023,33.059145],[112.086521,33.059114],[112.086521,33.058725],[112.087431,33.057978],[112.086666,33.057967],[112.086658,33.057677],[112.086559,33.057677],[112.086562,33.054321],[112.084048,33.054534],[112.084081,33.052792],[112.082927,33.052821],[112.082836,33.051281],[112.082316,33.051306],[112.082192,33.051295],[112.082034,33.051218],[112.081541,33.050598]]]}},{"type":"Feature","properties":{"regionCode":"411324309","sourceCode":"411324309000","name":"马庄乡","sourceName":"马庄乡","parentCode":"411324","parentName":"镇平县","regionLevel":"township","regionType":"township","isManagementZone":false,"source":"ruiduobao","sourceVersion":"mixed-legacy~2018-2020","geometryRepaired":false,"match2020":true,"match2023":true},"geometry":{"type":"Polygon","coordinates":[[[112.109934,32.865469],[112.108904,32.865762],[112.108408,32.866168],[112.108025,32.866877],[112.107563,32.867873],[112.107319,32.868441],[112.107134,32.868993],[112.106788,32.869087],[112.10589,32.873151],[112.10568,32.873712],[112.10483,32.875086],[112.103618,32.876418],[112.102129,32.878128],[112.100898,32.880071],[112.1003,32.881446],[112.100002,32.882297],[112.099675,32.882984],[112.099096,32.883576],[112.097905,32.884484],[112.097132,32.885293],[112.096585,32.886122],[112.09599,32.887707],[112.095413,32.888561],[112.094611,32.889205],[112.094219,32.889266],[112.093433,32.888955],[112.092336,32.888282],[112.090789,32.887493],[112.089474,32.887435],[112.087828,32.887448],[112.085786,32.887277],[112.08503,32.887142],[112.083212,32.887088],[112.081787,32.887099],[112.078566,32.887248],[112.078657,32.886475],[112.076552,32.88618],[112.074226,32.885962],[112.073861,32.887295],[112.071702,32.887209],[112.068741,32.887237],[112.068454,32.887],[112.068494,32.88463],[112.068038,32.884576],[112.065909,32.884196],[112.064787,32.883946],[112.064117,32.88395],[112.062475,32.884412],[112.061303,32.884588],[112.057787,32.884995],[112.055612,32.885178],[112.05346,32.88529],[112.052146,32.885302],[112.051532,32.885189],[112.050942,32.884957],[112.049561,32.884212],[112.047538,32.883029],[112.046669,32.882304],[112.0461,32.88172],[112.046055,32.881346],[112.046076,32.880977],[112.04628,32.880137],[112.046286,32.879713],[112.046122,32.879427],[112.045862,32.879152],[112.04554,32.878857],[112.044716,32.878242],[112.044491,32.877945],[112.043944,32.877033],[112.043788,32.876652],[112.043708,32.876364],[112.043676,32.876042],[112.043727,32.875735],[112.043842,32.875451],[112.044,32.875145],[112.044641,32.874251],[112.04473,32.873679],[112.044537,32.873048],[112.043531,32.872408],[112.042488,32.871649],[112.042093,32.871439],[112.041222,32.871309],[112.039695,32.871212],[112.039553,32.872602],[112.039867,32.873947],[112.039607,32.874372],[112.038226,32.875091],[112.037228,32.875737],[112.036839,32.876024],[112.03642,32.87612],[112.036056,32.876152],[112.035331,32.875571],[112.034993,32.875415],[112.034543,32.875309],[112.034183,32.875098],[112.033907,32.874546],[112.033478,32.874199],[112.033288,32.873942],[112.033282,32.873591],[112.033172,32.873314],[112.032563,32.87303],[112.031378,32.872282],[112.031142,32.872077],[112.030849,32.871899],[112.0306,32.871586],[112.030436,32.871306],[112.030176,32.870338],[112.029921,32.870119],[112.028728,32.869292],[112.02835,32.868907],[112.028012,32.868477],[112.027658,32.868164],[112.02729,32.867984],[112.025209,32.868198],[112.026322,32.870169],[112.026579,32.870709],[112.026139,32.873043],[112.027057,32.873203],[112.02795,32.873244],[112.029436,32.873467],[112.029192,32.874413],[112.030227,32.874568],[112.029964,32.875796],[112.02854,32.875879],[112.028524,32.876963],[112.029111,32.876983],[112.029642,32.877096],[112.030066,32.877445],[112.031112,32.878452],[112.032209,32.87922],[112.033309,32.88013],[112.033548,32.880508],[112.033516,32.881504],[112.033542,32.881982],[112.033497,32.882795],[112.033521,32.88311],[112.033639,32.883495],[112.033896,32.884061],[112.034277,32.885067],[112.034639,32.886309],[112.034892,32.886459],[112.035374,32.889378],[112.035637,32.890509],[112.036058,32.89186],[112.035771,32.892347],[112.035052,32.892917],[112.034194,32.89375],[112.033668,32.894083],[112.032888,32.894304],[112.031689,32.89443],[112.029621,32.894448],[112.028503,32.894505],[112.027583,32.894748],[112.026472,32.895205],[112.025667,32.895682],[112.025362,32.895991],[112.024927,32.896939],[112.024549,32.897858],[112.024332,32.898617],[112.024206,32.899892],[112.024141,32.901495],[112.024173,32.901871],[112.024377,32.902578],[112.025295,32.904763],[112.025445,32.905681],[112.02548,32.906247],[112.025321,32.906909],[112.02489,32.908231],[112.02456,32.908848],[112.023299,32.91098],[112.022666,32.911856],[112.022435,32.913603],[112.022189,32.914101],[112.021231,32.915116],[112.023063,32.915344],[112.022736,32.916738],[112.022714,32.9171],[112.022575,32.91769],[112.022457,32.91866],[112.021974,32.918615],[112.021923,32.919196],[112.021853,32.919538],[112.020888,32.919408],[112.02096,32.919237],[112.021014,32.918829],[112.020992,32.918566],[112.01937,32.918442],[112.019206,32.919421],[112.019174,32.920063],[112.018694,32.922182],[112.018696,32.922346],[112.018734,32.922441],[112.01941,32.922508],[112.021116,32.92251],[112.021784,32.922441],[112.020767,32.923013],[112.019847,32.923661],[112.020692,32.923704],[112.022095,32.923868],[112.022122,32.923573],[112.024165,32.923751],[112.025163,32.923789],[112.025085,32.924602],[112.028795,32.924897],[112.03115,32.92492],[112.030828,32.926387],[112.030782,32.926423],[112.034513,32.926761],[112.034511,32.926874],[112.034465,32.926973],[112.036509,32.927166],[112.036455,32.927587],[112.036383,32.927837],[112.036238,32.928056],[112.035624,32.928418],[112.035385,32.928612],[112.03524,32.928884],[112.035267,32.929127],[112.035329,32.92928],[112.035436,32.929388],[112.035637,32.929463],[112.035814,32.929469],[112.036439,32.929361],[112.036683,32.92937],[112.036871,32.929431],[112.037204,32.92962],[112.037504,32.929965],[112.037534,32.930039],[112.037509,32.93028],[112.037196,32.930854],[112.037094,32.931187],[112.03689,32.931518],[112.036627,32.931842],[112.036573,32.93213],[112.036664,32.932171],[112.038789,32.932614],[112.039454,32.932729],[112.039151,32.934341],[112.043587,32.934978],[112.04363,32.934897],[112.044019,32.934942],[112.044054,32.934726],[112.047546,32.93507],[112.047544,32.935023],[112.047417,32.934832],[112.047195,32.934746],[112.047147,32.934681],[112.04713,32.934559],[112.047372,32.93433],[112.047417,32.934177],[112.047316,32.934116],[112.047224,32.933943],[112.047222,32.933576],[112.046548,32.932261],[112.046833,32.932254],[112.047522,32.932342],[112.04753,32.931896],[112.047023,32.93191],[112.047257,32.929812],[112.045797,32.929733],[112.045835,32.929024],[112.045781,32.92897],[112.045156,32.928918],[112.04506,32.928607],[112.045296,32.927722],[112.045642,32.927747],[112.045889,32.926099],[112.046766,32.926178],[112.046693,32.926781],[112.049917,32.927119],[112.052447,32.927446],[112.052519,32.92727],[112.052736,32.92559],[112.053101,32.925604],[112.055287,32.925829],[112.055389,32.925181],[112.055402,32.924796],[112.055488,32.924645],[112.056891,32.924647],[112.057937,32.924589],[112.058122,32.924555],[112.058154,32.924379],[112.058138,32.924005],[112.059579,32.923965],[112.05949,32.921842],[112.059168,32.921727],[112.058916,32.92168],[112.058691,32.921668],[112.058465,32.921704],[112.058291,32.921664],[112.057908,32.921506],[112.057685,32.921333],[112.057452,32.921038],[112.057336,32.920597],[112.057706,32.920527],[112.059799,32.919966],[112.061486,32.919608],[112.062432,32.919358],[112.062497,32.91943],[112.062505,32.919584],[112.063041,32.919525],[112.063111,32.919559],[112.063505,32.919532],[112.063457,32.919304],[112.066102,32.919194],[112.068237,32.918991],[112.068569,32.918987],[112.068685,32.91887],[112.068679,32.918595],[112.069817,32.918543],[112.071791,32.918392],[112.071842,32.918895],[112.072896,32.918899],[112.074164,32.918705],[112.074143,32.918958],[112.075648,32.918973],[112.075648,32.91739],[112.075613,32.917109],[112.076246,32.917111],[112.07627,32.91687],[112.076334,32.916848],[112.076238,32.914862],[112.076557,32.914851],[112.077702,32.914995],[112.077678,32.915675],[112.0777,32.916188],[112.079017,32.916298],[112.079129,32.916154],[112.07922,32.915173],[112.079403,32.915123],[112.079518,32.914297],[112.079819,32.914292],[112.079574,32.916348],[112.080444,32.916409],[112.080468,32.915877],[112.080671,32.91438],[112.081326,32.914403],[112.081229,32.915369],[112.083013,32.915551],[112.083163,32.915589],[112.0833,32.914882],[112.086218,32.91526],[112.086441,32.914085],[112.086529,32.913815],[112.08661,32.913376],[112.086996,32.913434],[112.087538,32.913437],[112.090226,32.913675],[112.090293,32.913601],[112.090606,32.912486],[112.09239,32.912703],[112.09272,32.911124],[112.095853,32.911187],[112.095963,32.910653],[112.095963,32.910048],[112.09588,32.909602],[112.095888,32.909471],[112.09618,32.90862],[112.09622,32.908379],[112.098377,32.908422],[112.100026,32.908496],[112.100303,32.906566],[112.101139,32.906704],[112.101381,32.905515],[112.101375,32.905413],[112.101555,32.905409],[112.102829,32.905598],[112.103156,32.905729],[112.103481,32.905801],[112.103457,32.905952],[112.103913,32.906067],[112.105074,32.90628],[112.10546,32.904497],[112.105616,32.904051],[112.106842,32.904229],[112.108733,32.904594],[112.10891,32.903826],[112.11024,32.903979],[112.110393,32.90404],[112.11038,32.903884],[112.110573,32.903038],[112.110551,32.902907],[112.111321,32.902952],[112.111461,32.902984],[112.11123,32.904105],[112.112195,32.904242],[112.112343,32.90429],[112.112348,32.904418],[112.112246,32.904914],[112.112257,32.904988],[112.112912,32.90474],[112.112759,32.906159],[112.112761,32.906445],[112.112971,32.906411],[112.113193,32.906443],[112.113166,32.906866],[112.113129,32.907001],[112.113113,32.908064],[112.114154,32.908089],[112.114668,32.908138],[112.114819,32.908181],[112.114776,32.908514],[112.114792,32.908728],[112.115114,32.908762],[112.115065,32.909496],[112.115213,32.910088],[112.115312,32.91084],[112.115822,32.910446],[112.116669,32.909919],[112.117174,32.909913],[112.117383,32.906528],[112.118673,32.906526],[112.118727,32.905913],[112.120942,32.905929],[112.120907,32.906548],[112.122093,32.906564],[112.12213,32.906449],[112.122138,32.906163],[112.122063,32.905672],[112.121956,32.905326],[112.121892,32.905296],[112.120982,32.905227],[112.12109,32.90333],[112.12238,32.903439],[112.122232,32.902572],[112.12223,32.902382],[112.122267,32.902209],[112.12235,32.902027],[112.122463,32.901907],[112.122538,32.901732],[112.122549,32.901495],[112.122492,32.901346],[112.122428,32.900997],[112.12227,32.90072],[112.122112,32.900599],[112.122031,32.900473],[112.122028,32.90034],[112.12223,32.899504],[112.122329,32.899396],[112.12256,32.898621],[112.122726,32.897718],[112.122755,32.897263],[112.122801,32.897025],[112.122881,32.895523],[112.122932,32.895354],[112.122927,32.895023],[112.122978,32.894394],[112.122919,32.89359],[112.122876,32.893365],[112.122377,32.893354],[112.121843,32.893437],[112.121229,32.893367],[112.121428,32.892606],[112.121543,32.892027],[112.121543,32.891901],[112.121894,32.891919],[112.122079,32.89009],[112.122833,32.890122],[112.122895,32.890156],[112.123198,32.890198],[112.123305,32.888273],[112.123407,32.887583],[112.123584,32.887056],[112.123587,32.88689],[112.123482,32.886324],[112.123482,32.885966],[112.123603,32.884966],[112.12378,32.884099],[112.123818,32.883234],[112.123809,32.882597],[112.123941,32.881986],[112.123986,32.88136],[112.12397,32.88102],[112.124952,32.881173],[112.12507,32.880941],[112.125325,32.880716],[112.125507,32.880479],[112.127704,32.880621],[112.127937,32.879511],[112.127557,32.879418],[112.125891,32.879206],[112.125751,32.879213],[112.125657,32.879161],[112.125279,32.879103],[112.12514,32.879112],[112.123989,32.878936],[112.12404,32.878801],[112.124147,32.877341],[112.124166,32.877251],[112.12429,32.877244],[112.126046,32.877452],[112.126113,32.877256],[112.12794,32.877458],[112.128007,32.876853],[112.128058,32.875066],[112.12809,32.874823],[112.127838,32.874769],[112.125936,32.874539],[112.125818,32.875066],[112.125794,32.875438],[112.126022,32.876008],[112.125569,32.875947],[112.125542,32.875884],[112.125478,32.875848],[112.125183,32.875778],[112.124212,32.875623],[112.124271,32.875325],[112.124198,32.875177],[112.124169,32.87499],[112.124169,32.874122],[112.124198,32.873974],[112.123506,32.873856],[112.123761,32.872829],[112.122557,32.872604],[112.122841,32.87139],[112.123265,32.871462],[112.123394,32.870984],[112.123777,32.869178],[112.123557,32.869168],[112.122914,32.869009],[112.121964,32.868945],[112.12143,32.868858],[112.120113,32.868443],[112.11903,32.867758],[112.118944,32.866616],[112.118719,32.866382],[112.11807,32.865963],[112.116809,32.86562],[112.115744,32.865395],[112.114626,32.865262],[112.112724,32.865163],[112.111691,32.865219],[112.109934,32.865469]]]}},{"type":"Feature","properties":{"regionCode":"411324315","sourceCode":"411324315000","name":"郭庄回族乡","sourceName":"郭庄回族乡","parentCode":"411324","parentName":"镇平县","regionLevel":"township","regionType":"township","isManagementZone":false,"source":"ruiduobao","sourceVersion":"mixed-legacy~2018-2020","geometryRepaired":false,"match2020":true,"match2023":true},"geometry":{"type":"Polygon","coordinates":[[[112.221858,32.856779],[112.221804,32.854409],[112.221482,32.854276],[112.219964,32.854136],[112.218419,32.854085],[112.218113,32.854619],[112.217797,32.856322],[112.217427,32.85798],[112.216799,32.858075],[112.214412,32.857435],[112.211764,32.857086],[112.210815,32.857117],[112.210734,32.857913],[112.209788,32.857922],[112.20934,32.857868],[112.208803,32.859841],[112.208672,32.861031],[112.209401,32.861117],[112.209334,32.861432],[112.209227,32.862486],[112.209192,32.862583],[112.208184,32.862509],[112.20813,32.862511],[112.208098,32.862579],[112.207894,32.862601],[112.207333,32.86259],[112.207291,32.862676],[112.207293,32.863658],[112.205402,32.863554],[112.20537,32.86318],[112.20283,32.863079],[112.202849,32.863466],[112.202991,32.864068],[112.202996,32.864397],[112.202959,32.864751],[112.203125,32.865562],[112.203192,32.866064],[112.203401,32.866652],[112.203431,32.867393],[112.203594,32.868002],[112.202776,32.867999],[112.202747,32.868749],[112.202771,32.868862],[112.2032,32.868885],[112.20324,32.86893],[112.203184,32.869295],[112.203176,32.869835],[112.203321,32.869824],[112.203337,32.87054],[112.203377,32.870923],[112.202194,32.870987],[112.202143,32.872503],[112.20217,32.873014],[112.204056,32.873007],[112.204168,32.8743],[112.204351,32.875609],[112.203889,32.875656],[112.20404,32.877605],[112.204185,32.877612],[112.204225,32.878323],[112.204219,32.878366],[112.203753,32.878416],[112.203774,32.87897],[112.203653,32.87899],[112.203731,32.880171],[112.202492,32.88047],[112.200011,32.881],[112.199442,32.881038],[112.19934,32.878923],[112.198729,32.878927],[112.19886,32.879587],[112.198893,32.879923],[112.198941,32.879932],[112.199029,32.881065],[112.198453,32.881103],[112.198453,32.881126],[112.198332,32.881139],[112.195432,32.881281],[112.195328,32.880306],[112.192954,32.880488],[112.192659,32.880479],[112.19249,32.8804],[112.19131,32.880466],[112.191353,32.880972],[112.19161,32.882455],[112.189132,32.88252],[112.188413,32.883734],[112.188046,32.884279],[112.187764,32.884432],[112.187606,32.884471],[112.19047,32.888547],[112.190969,32.889545],[112.191565,32.890205],[112.190452,32.890379],[112.189929,32.890502],[112.189953,32.891047],[112.19014,32.892426],[112.190291,32.893092],[112.190323,32.893095],[112.19013,32.89209],[112.192434,32.891741],[112.192635,32.892219],[112.192801,32.892829],[112.192166,32.892863],[112.192353,32.894345],[112.192125,32.894342],[112.192133,32.894597],[112.192208,32.895511],[112.192455,32.897336],[112.192388,32.897653],[112.192404,32.897802],[112.193147,32.897795],[112.194901,32.897624],[112.194985,32.89882],[112.196398,32.898748],[112.19683,32.898687],[112.196905,32.898642],[112.197069,32.899437],[112.199327,32.899585],[112.200518,32.899556],[112.200534,32.899119],[112.200767,32.899065],[112.2015,32.899027],[112.201891,32.898962],[112.203141,32.898867],[112.203766,32.901988],[112.203903,32.902346],[112.204045,32.902335],[112.204142,32.902794],[112.206199,32.902846],[112.206285,32.901279],[112.207489,32.90131],[112.207481,32.901572],[112.207516,32.901628],[112.207604,32.901671],[112.208589,32.901686],[112.208629,32.901353],[112.210855,32.901434],[112.210807,32.900403],[112.210767,32.900187],[112.211011,32.900148],[112.212344,32.900101],[112.21247,32.898732],[112.21328,32.898759],[112.213296,32.897775],[112.213326,32.897676],[112.21468,32.897664],[112.214798,32.896995],[112.216775,32.897214],[112.216885,32.897189],[112.216871,32.897065],[112.216922,32.896613],[112.218462,32.896793],[112.218384,32.897151],[112.218398,32.897392],[112.219132,32.897444],[112.21913,32.897266],[112.219331,32.895716],[112.218746,32.895671],[112.217647,32.895507],[112.217681,32.895043],[112.217834,32.894313],[112.217818,32.894284],[112.217577,32.894284],[112.217561,32.894167],[112.21766,32.89289],[112.218325,32.892984],[112.218368,32.892982],[112.218419,32.892892],[112.221182,32.893291],[112.221257,32.892973],[112.221332,32.891937],[112.222896,32.892009],[112.222936,32.891833],[112.223217,32.891845],[112.223311,32.890101],[112.223352,32.889926],[112.224191,32.889989],[112.224325,32.888563],[112.225658,32.888626],[112.22576,32.887691],[112.225747,32.887439],[112.229134,32.887545],[112.229142,32.887376],[112.229282,32.886682],[112.229488,32.88582],[112.229309,32.885768],[112.229269,32.885723],[112.229403,32.885275],[112.233477,32.885439],[112.233729,32.884097],[112.233702,32.884018],[112.233115,32.883993],[112.233544,32.881957],[112.235706,32.882328],[112.235797,32.882342],[112.235797,32.882317],[112.240338,32.883108],[112.240558,32.882173],[112.241607,32.883202],[112.243664,32.884995],[112.244155,32.883419],[112.245692,32.883619],[112.245818,32.883786],[112.247615,32.883898],[112.247875,32.882797],[112.247937,32.882407],[112.248009,32.881684],[112.247988,32.881427],[112.24824,32.880481],[112.248618,32.879321],[112.249889,32.879378],[112.25008,32.877242],[112.249361,32.877141],[112.249755,32.875066],[112.249871,32.874228],[112.249763,32.874143],[112.249774,32.874098],[112.249565,32.87408],[112.247752,32.873712],[112.246926,32.873424],[112.246453,32.873194],[112.246617,32.87285],[112.244512,32.872167],[112.240866,32.871185],[112.240459,32.871043],[112.240016,32.87054],[112.240078,32.869887],[112.240166,32.869542],[112.240199,32.868774],[112.240432,32.867578],[112.240486,32.866731],[112.240689,32.866285],[112.240869,32.865742],[112.241338,32.864631],[112.241569,32.863813],[112.24147,32.862917],[112.241569,32.862525],[112.240738,32.862277],[112.237063,32.861407],[112.236921,32.86047],[112.236328,32.86047],[112.234612,32.860143],[112.232881,32.859762],[112.231739,32.8596],[112.23072,32.859334],[112.228609,32.859062],[112.228051,32.858949],[112.227919,32.858318],[112.224905,32.857863],[112.22388,32.857563],[112.223193,32.857063],[112.222853,32.856935],[112.221858,32.856779]]]}}]}