{"type":"FeatureCollection","name":"南召县","features":[{"type":"Feature","properties":{"regionCode":"411321100","sourceCode":"411321100000","name":"城关镇","sourceName":"城关镇","parentCode":"411321","parentName":"南召县","regionLevel":"township","regionType":"town","isManagementZone":false,"source":"ruiduobao","sourceVersion":"mixed-legacy~2018-2020","geometryRepaired":false,"match2020":true,"match2023":true},"geometry":{"type":"Polygon","coordinates":[[[112.433567,33.476035],[112.433363,33.475972],[112.43295,33.475954],[112.432832,33.476194],[112.432451,33.476746],[112.431976,33.477863],[112.43169,33.478185],[112.431234,33.479019],[112.431172,33.47921],[112.431268,33.480051],[112.431588,33.480304],[112.431802,33.480415],[112.431864,33.480489],[112.431252,33.481138],[112.430756,33.481382],[112.430466,33.481465],[112.429847,33.481577],[112.429249,33.481603],[112.429198,33.481677],[112.429203,33.481948],[112.428811,33.481959],[112.428224,33.481908],[112.428082,33.482371],[112.427562,33.483326],[112.427444,33.483621],[112.426899,33.483536],[112.426011,33.483538],[112.425933,33.483863],[112.425762,33.483885],[112.425719,33.483865],[112.425668,33.483749],[112.425526,33.483639],[112.425478,33.483474],[112.425279,33.483203],[112.425129,33.483111],[112.425038,33.482995],[112.424716,33.482785],[112.424421,33.482404],[112.424311,33.482149],[112.424327,33.481883],[112.42437,33.481729],[112.423498,33.481608],[112.423013,33.481706],[112.42238,33.481957],[112.422634,33.482764],[112.42264,33.483344],[112.422785,33.483702],[112.422809,33.484122],[112.422691,33.484449],[112.422125,33.485371],[112.42209,33.485151],[112.421669,33.484283],[112.421492,33.484415],[112.421036,33.484892],[112.420835,33.484746],[112.420631,33.484538],[112.419461,33.485111],[112.418946,33.485315],[112.418815,33.485357],[112.418405,33.485389],[112.418434,33.485478],[112.418354,33.485626],[112.418378,33.485733],[112.41837,33.486127],[112.418437,33.486411],[112.418431,33.486838],[112.418402,33.487001],[112.418233,33.487203],[112.417855,33.486925],[112.4176,33.486791],[112.416838,33.486769],[112.416661,33.486704],[112.416519,33.48655],[112.416382,33.486503],[112.41617,33.486514],[112.416041,33.486565],[112.415929,33.486666],[112.41572,33.487086],[112.415626,33.487194],[112.415489,33.487288],[112.415213,33.487386],[112.415121,33.487451],[112.415092,33.487514],[112.415143,33.487679],[112.415433,33.487711],[112.41583,33.487816],[112.415982,33.487894],[112.416393,33.487986],[112.416559,33.48806],[112.416787,33.488227],[112.417055,33.48854],[112.417474,33.48886],[112.417624,33.488927],[112.417991,33.489265],[112.418024,33.489379],[112.417981,33.489619],[112.417745,33.489994],[112.417227,33.490538],[112.416894,33.490981],[112.416913,33.491142],[112.416999,33.491314],[112.417133,33.491437],[112.41713,33.491473],[112.416674,33.491694],[112.416591,33.491804],[112.416532,33.492401],[112.416956,33.492457],[112.417047,33.492504],[112.416988,33.49269],[112.416827,33.492945],[112.416736,33.493169],[112.416607,33.493348],[112.416385,33.493571],[112.416342,33.493661],[112.415792,33.493951],[112.415647,33.494115],[112.415645,33.494385],[112.415886,33.494479],[112.416176,33.494687],[112.416377,33.494994],[112.416438,33.495238],[112.416414,33.495387],[112.4162,33.495598],[112.416202,33.495864],[112.416253,33.496029],[112.416189,33.496168],[112.415991,33.496365],[112.415776,33.496463],[112.415787,33.496801],[112.415862,33.497038],[112.415969,33.497242],[112.415948,33.497468],[112.415508,33.49741],[112.415347,33.497448],[112.415205,33.497528],[112.414995,33.497488],[112.41455,33.497495],[112.414282,33.497573],[112.413992,33.497595],[112.413823,33.497501],[112.413536,33.497488],[112.413239,33.497553],[112.412836,33.497754],[112.412485,33.498159],[112.411407,33.498418],[112.410892,33.498586],[112.41113,33.498774],[112.411235,33.498928],[112.410766,33.499163],[112.410741,33.499416],[112.410811,33.499642],[112.410854,33.500116],[112.410969,33.500349],[112.411246,33.500337],[112.411712,33.500208],[112.412351,33.500203],[112.413185,33.500064],[112.413574,33.499968],[112.414258,33.499646],[112.414644,33.499537],[112.415527,33.499123],[112.415784,33.499047],[112.416798,33.498863],[112.416798,33.499192],[112.416707,33.499335],[112.416607,33.49966],[112.416294,33.500187],[112.416106,33.500378],[112.416098,33.500617],[112.416052,33.500823],[112.416055,33.500894],[112.416133,33.501031],[112.415958,33.50163],[112.415814,33.501901],[112.415561,33.502001],[112.415497,33.502071],[112.415548,33.502279],[112.415894,33.503006],[112.416184,33.502869],[112.416932,33.502851],[112.416886,33.502945],[112.416806,33.503406],[112.416642,33.503706],[112.41665,33.50399],[112.415972,33.504218],[112.415717,33.504348],[112.414778,33.505188],[112.414462,33.505419],[112.414046,33.505663],[112.413917,33.505933],[112.413931,33.506038],[112.414081,33.506289],[112.414102,33.506557],[112.414043,33.507251],[112.413847,33.508013],[112.413826,33.508248],[112.414121,33.509451],[112.414167,33.509885],[112.41422,33.510086],[112.414231,33.510341],[112.414432,33.51065],[112.414505,33.510979],[112.414379,33.511397],[112.414349,33.51165],[112.41455,33.512032],[112.414598,33.512269],[112.414553,33.512553],[112.414467,33.51258],[112.414413,33.512721],[112.414255,33.512806],[112.414201,33.512915],[112.413976,33.513177],[112.413888,33.513235],[112.413931,33.513434],[112.413855,33.513609],[112.413764,33.513651],[112.413609,33.513855],[112.413383,33.513948],[112.412777,33.514098],[112.412388,33.51425],[112.412289,33.514557],[112.41219,33.514678],[112.412069,33.514747],[112.411855,33.514736],[112.411592,33.514593],[112.411273,33.514297],[112.410827,33.513794],[112.410583,33.51364],[112.410535,33.513638],[112.410414,33.513689],[112.410092,33.513955],[112.409902,33.514007],[112.409234,33.513993],[112.408805,33.514253],[112.408378,33.514445],[112.408156,33.514604],[112.408054,33.514798],[112.408008,33.515603],[112.407866,33.51572],[112.407611,33.515796],[112.406984,33.515903],[112.406718,33.515916],[112.406337,33.516196],[112.406139,33.516245],[112.405763,33.51625],[112.404948,33.516411],[112.4041,33.51669],[112.404063,33.516775],[112.404111,33.517225],[112.404248,33.517663],[112.404331,33.517806],[112.404226,33.518412],[112.404017,33.518902],[112.403923,33.519009],[112.403832,33.51919],[112.403848,33.519461],[112.403545,33.520015],[112.403489,33.520219],[112.403414,33.520268],[112.403406,33.520393],[112.403247,33.520682],[112.403186,33.520921],[112.404122,33.521203],[112.40458,33.521435],[112.405393,33.521775],[112.405846,33.521941],[112.406426,33.522086],[112.406707,33.522207],[112.40766,33.522721],[112.408207,33.523079],[112.40859,33.523276],[112.409634,33.524027],[112.409883,33.524148],[112.410125,33.524414],[112.41083,33.524861],[112.411806,33.52542],[112.411645,33.525565],[112.411517,33.525778],[112.411399,33.526062],[112.411219,33.526339],[112.411216,33.526484],[112.411264,33.526542],[112.411436,33.526547],[112.411608,33.526457],[112.411691,33.526527],[112.411857,33.526571],[112.412026,33.526661],[112.411991,33.526748],[112.411573,33.526858],[112.411484,33.526952],[112.41164,33.527139],[112.41186,33.527305],[112.411973,33.527497],[112.412211,33.527669],[112.411951,33.52794],[112.411785,33.528273],[112.411715,33.528338],[112.410889,33.528047],[112.410709,33.527803],[112.410524,33.527654],[112.410492,33.527517],[112.410374,33.527356],[112.410229,33.527258],[112.410095,33.527622],[112.410127,33.527875],[112.410283,33.528172],[112.410454,33.528246],[112.41069,33.528499],[112.410741,33.528602],[112.410771,33.528825],[112.411002,33.529255],[112.41101,33.529458],[112.410873,33.529556],[112.410682,33.529585],[112.410599,33.529673],[112.410487,33.530156],[112.41042,33.530305],[112.410226,33.530203],[112.410012,33.529977],[112.409846,33.529854],[112.409403,33.529903],[112.409073,33.530057],[112.409006,33.530234],[112.409028,33.530876],[112.408904,33.531135],[112.408891,33.531365],[112.40855,33.531956],[112.408703,33.532175],[112.4094,33.532532],[112.410658,33.532897],[112.410929,33.533286],[112.411042,33.533355],[112.411144,33.533353],[112.41124,33.53323],[112.411326,33.532928],[112.411428,33.532814],[112.411731,33.532604],[112.411908,33.532405],[112.412455,33.532222],[112.412536,33.532134],[112.413142,33.531719],[112.41341,33.531222],[112.413552,33.531063],[112.413813,33.530672],[112.413845,33.530576],[112.413783,33.530639],[112.413316,33.530797],[112.412898,33.531046],[112.412429,33.531245],[112.411991,33.531477],[112.411533,33.53166],[112.41146,33.531719],[112.4112,33.531774],[112.411058,33.531897],[112.410889,33.532181],[112.410806,33.532729],[112.410749,33.532738],[112.410712,33.5327],[112.410717,33.532398],[112.410908,33.531765],[112.410688,33.531674],[112.410082,33.531526],[112.409602,33.531535],[112.409441,33.531497],[112.409231,33.531412],[112.409221,33.531354],[112.409293,33.531327],[112.410916,33.531613],[112.411294,33.531582],[112.411527,33.531488],[112.411777,33.531336],[112.412066,33.53124],[112.41245,33.531021],[112.412611,33.530972],[112.412903,33.530648],[112.413357,33.530478],[112.4137,33.530232],[112.413872,33.530187],[112.413888,33.530044],[112.413821,33.529583],[112.41388,33.529277],[112.413823,33.528863],[112.413796,33.528016],[112.413813,33.527526],[112.413778,33.526887],[112.413826,33.526482],[112.414269,33.526507],[112.414464,33.526634],[112.414566,33.527061],[112.414569,33.527173],[112.414518,33.527287],[112.414483,33.527913],[112.414529,33.528624],[112.414416,33.528803],[112.414376,33.529096],[112.414411,33.52917],[112.414521,33.529241],[112.41484,33.529302],[112.414902,33.529326],[112.414918,33.529369],[112.414875,33.52942],[112.414341,33.529362],[112.414376,33.530004],[112.414558,33.53063],[112.414628,33.531108],[112.414765,33.53126],[112.414912,33.531345],[112.415304,33.531473],[112.415881,33.531743],[112.416141,33.531978],[112.416299,33.53221],[112.416634,33.532514],[112.416747,33.532651],[112.416793,33.532763],[112.416854,33.532805],[112.417066,33.532778],[112.41745,33.532649],[112.417541,33.532655],[112.417525,33.532718],[112.417248,33.532877],[112.416868,33.532935],[112.416924,33.533002],[112.41709,33.53346],[112.41709,33.533563],[112.416978,33.533565],[112.416798,33.533465],[112.416586,33.532852],[112.416192,33.533641],[112.416092,33.533939],[112.415846,33.534337],[112.415556,33.534927],[112.415339,33.535258],[112.415304,33.535372],[112.415277,33.535844],[112.415046,33.536215],[112.414872,33.536396],[112.4148,33.536651],[112.414928,33.536912],[112.415371,33.53733],[112.415366,33.537462],[112.415274,33.537646],[112.415041,33.537806],[112.41502,33.537874],[112.415071,33.538081],[112.415513,33.538459],[112.415634,33.538701],[112.41583,33.538882],[112.415942,33.539132],[112.416084,33.5393],[112.416479,33.539512],[112.416889,33.539606],[112.417136,33.539716],[112.417302,33.539758],[112.417868,33.539729],[112.418032,33.539783],[112.418241,33.539769],[112.418737,33.539828],[112.41897,33.539801],[112.419123,33.539707],[112.419295,33.53951],[112.419359,33.539302],[112.419424,33.539262],[112.419488,33.538927],[112.419424,33.538743],[112.419437,33.538667],[112.419585,33.538441],[112.4197,33.538394],[112.419735,33.53833],[112.41977,33.538175],[112.419711,33.537827],[112.4197,33.537357],[112.419901,33.53695],[112.42007,33.536789],[112.420153,33.536642],[112.420239,33.536347],[112.42036,33.53613],[112.420636,33.535893],[112.420797,33.535819],[112.42081,33.53577],[112.420794,33.535519],[112.420679,33.535112],[112.420499,33.534943],[112.420601,33.534737],[112.420623,33.534562],[112.420585,33.53422],[112.42054,33.53412],[112.420481,33.533784],[112.420416,33.533623],[112.420151,33.533246],[112.419652,33.533217],[112.419196,33.533317],[112.418641,33.533082],[112.418547,33.533011],[112.418681,33.532955],[112.419016,33.53264],[112.419107,33.532376],[112.419048,33.531815],[112.418831,33.531383],[112.41867,33.530797],[112.418622,33.530419],[112.41871,33.530267],[112.418742,33.530044],[112.418785,33.529966],[112.41907,33.529948],[112.419354,33.530004],[112.420322,33.530042],[112.420644,33.529988],[112.421028,33.529865],[112.42117,33.529454],[112.421438,33.528942],[112.421108,33.528461],[112.420837,33.528193],[112.420746,33.528141],[112.420612,33.527893],[112.420491,33.527801],[112.420456,33.527837],[112.42044,33.528121],[112.420489,33.528497],[112.420473,33.528794],[112.419574,33.528611],[112.419518,33.528586],[112.419434,33.528436],[112.419268,33.528369],[112.419038,33.528311],[112.418729,33.528307],[112.418396,33.528159],[112.418016,33.528195],[112.417654,33.528141],[112.41745,33.528045],[112.417047,33.527714],[112.41661,33.527218],[112.41642,33.527057],[112.416288,33.526829],[112.416058,33.526563],[112.4162,33.52646],[112.416294,33.526287],[112.416524,33.526026],[112.417026,33.525239],[112.417195,33.525192],[112.418289,33.524434],[112.419137,33.523967],[112.419703,33.523475],[112.420172,33.523155],[112.421167,33.522254],[112.421379,33.521916],[112.421983,33.521196],[112.422039,33.521066],[112.42235,33.520597],[112.422353,33.520527],[112.422605,33.520223],[112.422731,33.519995],[112.423238,33.518806],[112.423324,33.51868],[112.423823,33.51756],[112.423967,33.517332],[112.424359,33.51648],[112.424523,33.516214],[112.424665,33.515845],[112.425148,33.514991],[112.425421,33.514378],[112.425494,33.514313],[112.425585,33.514096],[112.42588,33.513707],[112.426025,33.513439],[112.426325,33.513056],[112.426628,33.512752],[112.42676,33.512676],[112.427425,33.513005],[112.427588,33.51305],[112.428203,33.513396],[112.428833,33.51368],[112.429646,33.51377],[112.430415,33.513805],[112.430837,33.513792],[112.430981,33.513821],[112.431617,33.513774],[112.432296,33.5136],[112.433438,33.513597],[112.433492,33.513539],[112.43357,33.513164],[112.433621,33.513058],[112.433648,33.512824],[112.433589,33.512573],[112.433701,33.512269],[112.433859,33.512095],[112.434036,33.511824],[112.434195,33.511435],[112.434289,33.510994],[112.43439,33.510699],[112.434468,33.510641],[112.434683,33.510605],[112.434922,33.510677],[112.435077,33.510666],[112.43527,33.51056],[112.435627,33.510046],[112.435807,33.509975],[112.436268,33.509905],[112.436279,33.509849],[112.43618,33.509623],[112.43619,33.509536],[112.436255,33.509465],[112.436375,33.509467],[112.436745,33.509559],[112.436909,33.509561],[112.43729,33.509436],[112.437486,33.509404],[112.437649,33.509433],[112.437947,33.509614],[112.43843,33.510238],[112.438599,33.510305],[112.438736,33.510312],[112.438942,33.510243],[112.439125,33.51014],[112.439422,33.509898],[112.439583,33.509811],[112.439919,33.509762],[112.440254,33.509847],[112.440447,33.509834],[112.440549,33.509784],[112.44101,33.509315],[112.441426,33.509134],[112.441651,33.50914],[112.442231,33.509382],[112.442456,33.509389],[112.442569,33.509373],[112.442754,33.509275],[112.44296,33.50897],[112.443145,33.508892],[112.443293,33.508863],[112.444583,33.508829],[112.445082,33.508733],[112.445122,33.508344],[112.445109,33.508031],[112.445042,33.50755],[112.444988,33.507389],[112.444811,33.507197],[112.444409,33.506913],[112.444186,33.506794],[112.443269,33.506032],[112.443019,33.505502],[112.442928,33.505168],[112.442225,33.505101],[112.441603,33.505188],[112.441193,33.505121],[112.441021,33.505135],[112.440755,33.50522],[112.440753,33.505014],[112.440994,33.504491],[112.441099,33.504135],[112.441112,33.50397],[112.441069,33.503661],[112.440576,33.502344],[112.440369,33.501939],[112.439988,33.501675],[112.439629,33.501538],[112.439514,33.500735],[112.439551,33.500503],[112.439688,33.500284],[112.439833,33.500161],[112.43991,33.499805],[112.43987,33.498951],[112.439983,33.498807],[112.44024,33.498839],[112.439908,33.498186],[112.439819,33.497763],[112.440026,33.497711],[112.439999,33.497631],[112.440028,33.497333],[112.44034,33.497143],[112.440364,33.497065],[112.440256,33.496669],[112.440082,33.49639],[112.439822,33.496094],[112.439508,33.49594],[112.439345,33.495922],[112.439039,33.495987],[112.438899,33.496052],[112.43858,33.496034],[112.438159,33.495938],[112.438052,33.495996],[112.437539,33.495801],[112.436386,33.495531],[112.437389,33.49396],[112.437727,33.493506],[112.437939,33.493113],[112.438478,33.492634],[112.438749,33.49231],[112.438958,33.49192],[112.439079,33.491791],[112.439361,33.491314],[112.439766,33.490276],[112.43998,33.489518],[112.440117,33.489305],[112.44072,33.488004],[112.440879,33.487485],[112.441294,33.486364],[112.442147,33.484134],[112.442306,33.483794],[112.442056,33.483731],[112.441488,33.483505],[112.440825,33.483301],[112.440589,33.483189],[112.440002,33.482997],[112.439699,33.482874],[112.439277,33.482635],[112.439243,33.482603],[112.439487,33.482337],[112.438159,33.481319],[112.438261,33.481214],[112.438229,33.481156],[112.438087,33.481069],[112.438604,33.480494],[112.438325,33.480335],[112.438052,33.480225],[112.437161,33.47961],[112.437411,33.47931],[112.437419,33.479259],[112.437319,33.479219],[112.437188,33.479046],[112.43689,33.478894],[112.436574,33.478673],[112.436807,33.478568],[112.436914,33.478465],[112.436995,33.47833],[112.437105,33.478024],[112.43744,33.477467],[112.437499,33.477272],[112.437657,33.477057],[112.437537,33.477031],[112.436633,33.476648],[112.436271,33.476541],[112.436035,33.476706],[112.435557,33.476934],[112.435286,33.47695],[112.435064,33.476869],[112.434425,33.476292],[112.434264,33.476221],[112.433669,33.476091],[112.433567,33.476035]]]}},{"type":"Feature","properties":{"regionCode":"411321101","sourceCode":"411321101000","name":"留山镇","sourceName":"留山镇","parentCode":"411321","parentName":"南召县","regionLevel":"township","regionType":"town","isManagementZone":false,"source":"ruiduobao","sourceVersion":"mixed-legacy~2018-2020","geometryRepaired":false,"match2020":true,"match2023":true},"geometry":{"type":"Polygon","coordinates":[[[112.524542,33.375857],[112.524438,33.375796],[112.524381,33.375675],[112.524462,33.375512],[112.524942,33.375254],[112.525296,33.374947],[112.525403,33.374506],[112.52551,33.374228],[112.525529,33.37398],[112.525481,33.373789],[112.525266,33.373554],[112.525122,33.373487],[112.524397,33.373411],[112.524408,33.373317],[112.524161,33.373366],[112.523901,33.373357],[112.523316,33.372407],[112.518904,33.375763],[112.514438,33.37583],[112.511086,33.375644],[112.51049,33.373541],[112.507153,33.374332],[112.506939,33.374533],[112.506703,33.375167],[112.506652,33.375382],[112.506655,33.37635],[112.506762,33.376925],[112.507145,33.377539],[112.507194,33.377667],[112.507121,33.37856],[112.507135,33.378715],[112.507432,33.379179],[112.507542,33.379454],[112.507542,33.379564],[112.50743,33.379785],[112.507416,33.379978],[112.507473,33.380193],[112.507564,33.380287],[112.507988,33.380536],[112.508256,33.380852],[112.508433,33.381266],[112.508465,33.381537],[112.508596,33.381759],[112.5089,33.381958],[112.509173,33.382014],[112.509613,33.382041],[112.510149,33.38201],[112.510579,33.38203],[112.510769,33.382043],[112.510876,33.382092],[112.511533,33.38216],[112.512043,33.382061],[112.512234,33.381983],[112.512448,33.381824],[112.512491,33.381604],[112.512486,33.381273],[112.512539,33.381114],[112.512628,33.381015],[112.512818,33.380861],[112.513245,33.38074],[112.512714,33.381447],[112.512612,33.381799],[112.512703,33.38213],[112.513234,33.382943],[112.51329,33.383107],[112.513285,33.383418],[112.513215,33.383602],[112.512797,33.384122],[112.512757,33.38433],[112.512859,33.384558],[112.513733,33.385223],[112.514127,33.385593],[112.5142,33.385716],[112.514369,33.38624],[112.51446,33.386735],[112.514505,33.387008],[112.514546,33.387723],[112.514524,33.388027],[112.514441,33.388254],[112.514197,33.388529],[112.513703,33.388827],[112.513355,33.389116],[112.513132,33.389349],[112.513062,33.389541],[112.513041,33.389824],[112.512982,33.389933],[112.512821,33.390038],[112.512513,33.390171],[112.5124,33.390276],[112.512132,33.39082],[112.51211,33.390939],[112.51193,33.391237],[112.511649,33.391384],[112.511448,33.391378],[112.511083,33.391272],[112.510855,33.391512],[112.510195,33.39149],[112.509983,33.391519],[112.50972,33.391604],[112.509026,33.391908],[112.508755,33.391967],[112.508417,33.392114],[112.50832,33.392231],[112.508234,33.392482],[112.5082,33.393772],[112.508149,33.394009],[112.507953,33.394517],[112.507784,33.394708],[112.507349,33.395073],[112.506598,33.395373],[112.506381,33.395608],[112.506182,33.395973],[112.505949,33.396114],[112.505928,33.39626],[112.505968,33.396593],[112.506064,33.396938],[112.50604,33.397102],[112.50596,33.397294],[112.505571,33.397841],[112.505244,33.398156],[112.505153,33.398295],[112.505032,33.398597],[112.504898,33.398812],[112.504788,33.398927],[112.50468,33.399159],[112.504595,33.399254],[112.504447,33.39933],[112.504184,33.399381],[112.504452,33.399885],[112.504871,33.400322],[112.50501,33.401141],[112.505123,33.401374],[112.505324,33.401649],[112.505383,33.401876],[112.505415,33.402198],[112.505389,33.402456],[112.505214,33.402915],[112.50526,33.403098],[112.505456,33.403528],[112.505466,33.403627],[112.505381,33.404746],[112.505402,33.404899],[112.505906,33.406394],[112.506075,33.407073],[112.506161,33.407234],[112.506429,33.407532],[112.506896,33.407794],[112.507164,33.407865],[112.508165,33.407919],[112.508503,33.407865],[112.508521,33.407984],[112.50846,33.408436],[112.508629,33.409354],[112.50865,33.409818],[112.508629,33.410021],[112.508709,33.410319],[112.508948,33.410769],[112.508942,33.410854],[112.508902,33.41098],[112.508352,33.411076],[112.50802,33.411204],[112.507888,33.411331],[112.507854,33.411419],[112.507867,33.411582],[112.508022,33.411725],[112.509887,33.412276],[112.510356,33.412462],[112.510418,33.412522],[112.51038,33.412652],[112.510074,33.413004],[112.510128,33.413402],[112.510104,33.413821],[112.510021,33.41409],[112.50994,33.414219],[112.509608,33.414116],[112.509428,33.414186],[112.508983,33.414842],[112.508685,33.415153],[112.508505,33.415281],[112.507856,33.41559],[112.507604,33.415666],[112.507333,33.415688],[112.506287,33.415706],[112.505936,33.415625],[112.505359,33.415419],[112.505144,33.415399],[112.505037,33.415437],[112.505107,33.415596],[112.505252,33.415755],[112.505587,33.415999],[112.506311,33.416355],[112.506813,33.416557],[112.507076,33.416707],[112.507389,33.416834],[112.508149,33.417],[112.509165,33.417325],[112.509374,33.417414],[112.510029,33.41788],[112.510377,33.41801],[112.510895,33.418079],[112.51119,33.418213],[112.511952,33.418746],[112.512293,33.419113],[112.512445,33.419606],[112.512448,33.420208],[112.512322,33.420613],[112.512204,33.420846],[112.51193,33.421216],[112.511179,33.421988],[112.510758,33.42229],[112.510509,33.422362],[112.509999,33.422064],[112.509699,33.421972],[112.509492,33.421968],[112.509278,33.421992],[112.509066,33.422077],[112.508436,33.422485],[112.508293,33.422684],[112.508259,33.422827],[112.508181,33.423548],[112.508167,33.424063],[112.50809,33.424397],[112.506681,33.425174],[112.506215,33.425581],[112.505869,33.426116],[112.505791,33.426302],[112.505866,33.426463],[112.506569,33.42711],[112.506714,33.427361],[112.506735,33.427676],[112.506695,33.428016],[112.506577,33.428388],[112.506566,33.428677],[112.506601,33.428818],[112.506864,33.429156],[112.507068,33.429317],[112.507245,33.429418],[112.507746,33.429568],[112.507977,33.429762],[112.508063,33.430004],[112.508081,33.430291],[112.508256,33.43098],[112.508205,33.431341],[112.50791,33.431484],[112.507223,33.431916],[112.507108,33.43203],[112.505222,33.432811],[112.504562,33.433026],[112.503551,33.433254],[112.5032,33.43329],[112.503205,33.433429],[112.503114,33.433973],[112.502996,33.434459],[112.504144,33.434824],[112.50504,33.435233],[112.505195,33.435334],[112.505187,33.435435],[112.505147,33.435502],[112.504962,33.435638],[112.504683,33.435748],[112.503321,33.4359],[112.502696,33.436037],[112.501824,33.436352],[112.501236,33.436637],[112.501049,33.436695],[112.500754,33.436854],[112.500553,33.437004],[112.500174,33.43682],[112.5,33.436769],[112.499879,33.436876],[112.499815,33.436984],[112.499657,33.437024],[112.49905,33.437024],[112.49878,33.437107],[112.498621,33.437071],[112.498358,33.437147],[112.49779,33.437151],[112.497554,33.437219],[112.497119,33.437268],[112.496722,33.437353],[112.496315,33.43729],[112.49558,33.437281],[112.495282,33.437239],[112.49511,33.43727],[112.494687,33.437223],[112.494426,33.437373],[112.494373,33.437498],[112.494437,33.437659],[112.494558,33.437778],[112.494864,33.438029],[112.495102,33.43817],[112.495242,33.438315],[112.495529,33.438736],[112.495765,33.43902],[112.496038,33.439493],[112.496057,33.439665],[112.495974,33.439804],[112.49581,33.439976],[112.495301,33.440352],[112.495279,33.440426],[112.495379,33.440578],[112.495596,33.440775],[112.495859,33.440896],[112.496041,33.441046],[112.49651,33.441332],[112.497017,33.441876],[112.497318,33.441986],[112.497452,33.442078],[112.497645,33.442116],[112.497825,33.442205],[112.497945,33.442203],[112.498152,33.442268],[112.498568,33.442259],[112.499155,33.442125],[112.499405,33.44197],[112.499574,33.441908],[112.500821,33.441599],[112.501236,33.441431],[112.501784,33.440963],[112.501979,33.440621],[112.502012,33.440433],[112.502012,33.44024],[112.501971,33.440059],[112.501778,33.439701],[112.501464,33.439338],[112.501483,33.439184],[112.501601,33.43911],[112.502264,33.438886],[112.502586,33.43881],[112.50273,33.438796],[112.503541,33.438926],[112.503862,33.439076],[112.504098,33.439264],[112.504444,33.439723],[112.50486,33.440025],[112.505426,33.440148],[112.506601,33.440213],[112.506934,33.440258],[112.507531,33.44043],[112.507636,33.440498],[112.5078,33.440824],[112.50791,33.441511],[112.507824,33.442691],[112.50784,33.443306],[112.507867,33.443394],[112.508221,33.443465],[112.508438,33.443474],[112.508677,33.443436],[112.509377,33.44323],[112.509656,33.44319],[112.509921,33.443224],[112.510053,33.443273],[112.510249,33.443407],[112.510536,33.443716],[112.510667,33.443913],[112.510986,33.444206],[112.511236,33.444327],[112.511625,33.4446],[112.51225,33.444898],[112.512875,33.445401],[112.512995,33.445609],[112.513003,33.445712],[112.512942,33.445815],[112.512708,33.446035],[112.512655,33.446182],[112.512456,33.446008],[112.512306,33.445952],[112.512006,33.445979],[112.511941,33.446032],[112.511906,33.446144],[112.511922,33.446261],[112.512226,33.446863],[112.512263,33.447044],[112.512228,33.447355],[112.512116,33.447565],[112.511689,33.4481],[112.511061,33.448535],[112.510911,33.448698],[112.510871,33.448821],[112.510978,33.449537],[112.51089,33.449589],[112.510772,33.449725],[112.510587,33.449828],[112.510361,33.449884],[112.510048,33.449893],[112.509197,33.450025],[112.508677,33.450146],[112.507636,33.450267],[112.507288,33.450262],[112.507054,33.450184],[112.506204,33.449539],[112.505869,33.449349],[112.505772,33.449228],[112.505649,33.448969],[112.505136,33.448626],[112.504863,33.448167],[112.504536,33.447912],[112.504262,33.447791],[112.504216,33.447572],[112.504029,33.44714],[112.50379,33.446923],[112.503581,33.446829],[112.503519,33.446672],[112.50335,33.446594],[112.503229,33.446393],[112.50302,33.44627],[112.502575,33.446142],[112.502371,33.446003],[112.502339,33.445907],[112.502092,33.445851],[112.501456,33.445929],[112.501435,33.44605],[112.501566,33.446227],[112.501628,33.446529],[112.501542,33.446793],[112.501371,33.447136],[112.501325,33.447489],[112.501124,33.447673],[112.501014,33.447727],[112.500907,33.447738],[112.500874,33.447901],[112.500649,33.448268],[112.500448,33.448364],[112.500016,33.448476],[112.499909,33.448573],[112.4996,33.449121],[112.49949,33.449521],[112.49927,33.449667],[112.49916,33.450117],[112.499083,33.45022],[112.498538,33.450515],[112.498289,33.450732],[112.498173,33.451001],[112.498149,33.451303],[112.498101,33.451348],[112.497326,33.451587],[112.497232,33.451715],[112.497331,33.451726],[112.497538,33.451965],[112.497744,33.452301],[112.497857,33.452413],[112.497962,33.452464],[112.497988,33.452525],[112.498096,33.452599],[112.498243,33.45263],[112.498348,33.45271],[112.498404,33.452858],[112.498372,33.452892],[112.498324,33.45289],[112.4982,33.452778],[112.497975,33.45274],[112.497943,33.452755],[112.497857,33.452952],[112.49786,33.453122],[112.497731,33.453084],[112.497658,33.453098],[112.497699,33.452825],[112.497642,33.452731],[112.497393,33.452574],[112.497025,33.452187],[112.496867,33.452133],[112.496693,33.45216],[112.496693,33.452198],[112.496505,33.452317],[112.496409,33.452341],[112.496167,33.452296],[112.495969,33.452661],[112.495961,33.452793],[112.49592,33.45286],[112.495548,33.452742],[112.495464,33.452652],[112.495397,33.452643],[112.495051,33.452836],[112.494898,33.45284],[112.494856,33.453006],[112.49489,33.453348],[112.494874,33.453487],[112.494974,33.453639],[112.495057,33.454105],[112.495231,33.454297],[112.495494,33.454413],[112.495759,33.454801],[112.496012,33.455483],[112.496073,33.455783],[112.496084,33.456014],[112.49636,33.456065],[112.496588,33.456244],[112.496822,33.456515],[112.497098,33.456689],[112.49735,33.456792],[112.497975,33.456799],[112.498286,33.456871],[112.49882,33.457204],[112.499118,33.457432],[112.499203,33.457417],[112.49985,33.457054],[112.500198,33.457054],[112.500182,33.457173],[112.500021,33.457508],[112.499941,33.457596],[112.499893,33.45794],[112.499785,33.458262],[112.499777,33.458591],[112.499694,33.458712],[112.499692,33.45877],[112.499973,33.459115],[112.499984,33.459339],[112.500249,33.459556],[112.500719,33.460066],[112.501236,33.460384],[112.501647,33.460558],[112.502406,33.460809],[112.503111,33.46101],[112.503237,33.460986],[112.50335,33.461064],[112.503862,33.46123],[112.504115,33.461359],[112.50449,33.461359],[112.504587,33.461286],[112.504895,33.461189],[112.505405,33.461221],[112.505536,33.461185],[112.50607,33.460838],[112.506408,33.460666],[112.506596,33.460614],[112.50707,33.460576],[112.507325,33.460816],[112.507435,33.46101],[112.50766,33.461239],[112.507768,33.461277],[112.508551,33.461234],[112.509079,33.461389],[112.509522,33.46142],[112.509986,33.461588],[112.510074,33.461588],[112.510479,33.461406],[112.510595,33.461319],[112.510656,33.461223],[112.510772,33.461245],[112.510887,33.461218],[112.511209,33.46123],[112.511405,33.46118],[112.511571,33.461095],[112.511858,33.461073],[112.51196,33.461185],[112.512349,33.461288],[112.512614,33.461409],[112.512716,33.461538],[112.513111,33.461852],[112.513261,33.461937],[112.513738,33.462055],[112.514897,33.462044],[112.515023,33.461975],[112.515168,33.461767],[112.515259,33.461536],[112.515318,33.46121],[112.515369,33.461169],[112.515549,33.461109],[112.516091,33.461133],[112.516568,33.461051],[112.516828,33.460923],[112.516981,33.460802],[112.517322,33.460399],[112.518006,33.459178],[112.518269,33.458831],[112.518362,33.458914],[112.518802,33.459594],[112.518974,33.459972],[112.518649,33.460695],[112.518521,33.460856],[112.518137,33.461138],[112.516761,33.461888],[112.516064,33.462375],[112.515841,33.462745],[112.515629,33.462946],[112.515391,33.463279],[112.515562,33.463532],[112.515602,33.463794],[112.515487,33.464107],[112.515289,33.464407],[112.515377,33.46451],[112.516321,33.46466],[112.516769,33.464859],[112.517096,33.464964],[112.517373,33.464946],[112.517931,33.46481],[112.518357,33.46477],[112.518598,33.464821],[112.518684,33.464908],[112.519036,33.465759],[112.519398,33.46636],[112.519368,33.466665],[112.51921,33.466944],[112.51899,33.467618],[112.518947,33.467929],[112.518966,33.468074],[112.519041,33.468209],[112.519162,33.468303],[112.519545,33.468488],[112.519781,33.468542],[112.520371,33.468598],[112.520484,33.468685],[112.520677,33.468956],[112.520712,33.469019],[112.520715,33.469173],[112.520677,33.469298],[112.520562,33.469397],[112.520154,33.469522],[112.519162,33.469591],[112.518529,33.46954],[112.518376,33.469582],[112.518094,33.469799],[112.517378,33.470032],[112.516724,33.470404],[112.515879,33.47082],[112.51549,33.471151],[112.515399,33.471263],[112.515184,33.471813],[112.5152,33.472169],[112.515106,33.472475],[112.515063,33.473169],[112.515165,33.473563],[112.515267,33.473811],[112.515444,33.47408],[112.515774,33.474771],[112.51593,33.475847],[112.515779,33.476127],[112.515417,33.476579],[112.51512,33.476861],[112.51491,33.476995],[112.514226,33.477218],[112.513888,33.477409],[112.513473,33.477523],[112.513119,33.477762],[112.513038,33.477874],[112.512912,33.477941],[112.512665,33.477912],[112.512081,33.477746],[112.511831,33.47772],[112.511646,33.47765],[112.511394,33.477453],[112.511276,33.477118],[112.511198,33.476977],[112.511118,33.47691],[112.511013,33.476883],[112.51067,33.47695],[112.510431,33.476954],[112.509967,33.476729],[112.509817,33.4768],[112.509661,33.477133],[112.509734,33.477404],[112.509865,33.477489],[112.509943,33.4775],[112.51023,33.477328],[112.51038,33.477344],[112.510858,33.477576],[112.511432,33.477957],[112.511681,33.478234],[112.511778,33.47842],[112.51203,33.478744],[112.51166,33.479295],[112.511493,33.479317],[112.511306,33.479243],[112.510973,33.478955],[112.510675,33.478758],[112.510474,33.478704],[112.510337,33.478751],[112.510206,33.478845],[112.510031,33.478798],[112.509913,33.478679],[112.509739,33.478252],[112.509549,33.477984],[112.509415,33.477941],[112.509288,33.478098],[112.509294,33.478214],[112.509723,33.478867],[112.510289,33.479429],[112.510345,33.479543],[112.510308,33.47974],[112.510351,33.479814],[112.510418,33.479852],[112.510525,33.479845],[112.510807,33.479686],[112.510943,33.479653],[112.51148,33.479666],[112.51159,33.479726],[112.51159,33.480317],[112.511673,33.480932],[112.511491,33.481536],[112.512513,33.48212],[112.512494,33.482245],[112.512429,33.482351],[112.512322,33.482476],[112.512164,33.482579],[112.511654,33.482776],[112.510418,33.48306],[112.5081,33.482972],[112.508191,33.482879],[112.508205,33.482753],[112.508119,33.482512],[112.508006,33.482304],[112.507537,33.481695],[112.507341,33.481172],[112.507298,33.480923],[112.507381,33.480518],[112.507462,33.479697],[112.507406,33.479299],[112.507239,33.479044],[112.506727,33.478404],[112.506614,33.478373],[112.506542,33.478389],[112.506539,33.478462],[112.506829,33.478997],[112.507027,33.479469],[112.507153,33.479863],[112.507151,33.481151],[112.507186,33.481306],[112.507355,33.481726],[112.507926,33.482849],[112.50795,33.483011],[112.507899,33.483147],[112.507674,33.483384],[112.507502,33.483516],[112.506818,33.483867],[112.506255,33.484239],[112.506115,33.484283],[112.505979,33.485031],[112.505845,33.485359],[112.50567,33.485626],[112.505482,33.485749],[112.505139,33.485847],[112.504707,33.485876],[112.504487,33.485849],[112.504002,33.485704],[112.50353,33.485637],[112.503334,33.485648],[112.503232,33.485704],[112.503071,33.485863],[112.503031,33.486225],[112.502958,33.486505],[112.502897,33.486619],[112.502712,33.486744],[112.502476,33.486847],[112.502068,33.487158],[112.50195,33.487344],[112.501915,33.487567],[112.502256,33.487865],[112.502505,33.488026],[112.502725,33.488247],[112.502781,33.488386],[112.502827,33.488677],[112.503106,33.489386],[112.503157,33.48961],[112.503176,33.48982],[112.503136,33.490086],[112.503149,33.4902],[112.503195,33.490227],[112.50327,33.490185],[112.503329,33.490073],[112.503431,33.489986],[112.5035,33.489994],[112.503862,33.490243],[112.50412,33.49029],[112.504388,33.4902],[112.504469,33.490109],[112.504477,33.490046],[112.503487,33.488903],[112.503042,33.48827],[112.502527,33.48769],[112.502492,33.487585],[112.502511,33.487469],[112.502575,33.487388],[112.502645,33.487373],[112.503015,33.487447],[112.503358,33.487623],[112.503959,33.488118],[112.504074,33.488281],[112.504876,33.489165],[112.50578,33.490449],[112.505861,33.490603],[112.505909,33.490733],[112.505906,33.490831],[112.505769,33.491182],[112.505641,33.491375],[112.505525,33.491484],[112.505668,33.491894],[112.506086,33.492506],[112.506799,33.494059],[112.50706,33.49494],[112.507065,33.495056],[112.506893,33.495777],[112.506875,33.495974],[112.506762,33.496387],[112.506679,33.49658],[112.506574,33.496725],[112.506413,33.496866],[112.506014,33.496595],[112.50563,33.496542],[112.505472,33.496564],[112.505061,33.496723],[112.504686,33.496958],[112.504283,33.497119],[112.504141,33.497146],[112.502857,33.49709],[112.502406,33.49709],[112.502183,33.497141],[112.501896,33.497231],[112.501271,33.497691],[112.500936,33.497886],[112.50081,33.497928],[112.500555,33.497937],[112.50003,33.498058],[112.499659,33.498212],[112.499498,33.498246],[112.499179,33.498452],[112.498887,33.498584],[112.498798,33.498673],[112.498696,33.498707],[112.498426,33.498731],[112.498128,33.498682],[112.497717,33.499223],[112.497074,33.499414],[112.496594,33.499601],[112.496484,33.500064],[112.496481,33.500633],[112.496441,33.501127],[112.496234,33.501467],[112.495813,33.501751],[112.495427,33.50195],[112.494992,33.502115],[112.494719,33.502317],[112.494536,33.502402],[112.493764,33.502563],[112.493447,33.502715],[112.493195,33.502777],[112.492983,33.502807],[112.492745,33.502793],[112.49246,33.50261],[112.492243,33.502529],[112.49191,33.502498],[112.491758,33.502446],[112.491554,33.502464],[112.491342,33.502603],[112.49098,33.503044],[112.489706,33.50384],[112.489598,33.50399],[112.489462,33.504305],[112.489268,33.504591],[112.489177,33.504667],[112.489038,33.504661],[112.488764,33.504567],[112.488509,33.504573],[112.487893,33.504683],[112.487742,33.504768],[112.487498,33.50505],[112.487396,33.505215],[112.487163,33.505642],[112.487061,33.506],[112.486889,33.506273],[112.486871,33.506372],[112.486903,33.506557],[112.48701,33.50675],[112.486983,33.507054],[112.486924,33.507154],[112.487091,33.507327],[112.487163,33.507476],[112.487351,33.507696],[112.487565,33.507828],[112.487852,33.507727],[112.488268,33.507669],[112.488799,33.507774],[112.489014,33.50776],[112.489279,33.507655],[112.489526,33.507662],[112.489867,33.507718],[112.489969,33.507763],[112.490095,33.507852],[112.490277,33.508065],[112.490492,33.508592],[112.49054,33.508894],[112.490628,33.509046],[112.490832,33.509241],[112.491049,33.509351],[112.491235,33.509523],[112.491328,33.50972],[112.491312,33.510071],[112.491454,33.510375],[112.491664,33.510668],[112.492219,33.511142],[112.492519,33.511303],[112.493276,33.511582],[112.493689,33.511598],[112.494308,33.511451],[112.494534,33.511506],[112.49485,33.511833],[112.495411,33.512211],[112.495612,33.512437],[112.495483,33.5126],[112.495397,33.512783],[112.495346,33.512969],[112.495295,33.513401],[112.495295,33.513541],[112.495424,33.513685],[112.495421,33.513857],[112.495475,33.513982],[112.495851,33.514291],[112.496076,33.514566],[112.496497,33.514722],[112.496661,33.514861],[112.496918,33.514991],[112.497143,33.515196],[112.497248,33.515331],[112.497551,33.51589],[112.497994,33.516518],[112.498042,33.5168],[112.498012,33.517055],[112.497884,33.517444],[112.498015,33.517661],[112.497988,33.517819],[112.497675,33.518294],[112.497221,33.519222],[112.497101,33.519593],[112.497334,33.519611],[112.497532,33.519709],[112.49787,33.51976],[112.498224,33.519756],[112.498147,33.520107],[112.49812,33.520501],[112.498045,33.520691],[112.49798,33.521091],[112.49787,33.52129],[112.497852,33.521675],[112.497758,33.521889],[112.497763,33.522336],[112.497734,33.522462],[112.497605,33.522618],[112.497514,33.522862],[112.497511,33.523164],[112.497634,33.52409],[112.497725,33.52428],[112.497755,33.524427],[112.497894,33.524689],[112.497964,33.524997],[112.497959,33.525724],[112.498047,33.526243],[112.498063,33.527003],[112.498002,33.527186],[112.498004,33.527323],[112.498206,33.52758],[112.498238,33.527676],[112.498375,33.527795],[112.498485,33.527826],[112.498503,33.528119],[112.498573,33.528181],[112.49879,33.528599],[112.498817,33.529033],[112.498696,33.529288],[112.498761,33.52938],[112.498903,33.529738],[112.498924,33.52999],[112.498873,33.530261],[112.498911,33.530469],[112.498951,33.530522],[112.498941,33.530618],[112.49904,33.530842],[112.499008,33.53092],[112.499016,33.531037],[112.499166,33.53124],[112.499056,33.531513],[112.499069,33.531951],[112.499257,33.53264],[112.499337,33.533078],[112.499496,33.533594],[112.499619,33.533773],[112.499643,33.533988],[112.499616,33.534055],[112.499887,33.534124],[112.500038,33.534296],[112.500354,33.534422],[112.500346,33.534799],[112.500376,33.534927],[112.500502,33.535108],[112.500687,33.535238],[112.500936,33.535325],[112.501025,33.535417],[112.501121,33.535457],[112.501183,33.535569],[112.501569,33.535821],[112.502006,33.536221],[112.50221,33.536353],[112.502819,33.536966],[112.502878,33.537122],[112.50291,33.537507],[112.502846,33.537782],[112.502637,33.538209],[112.50261,33.538415],[112.502615,33.53854],[112.50272,33.538877],[112.502862,33.539108],[112.503173,33.53945],[112.503476,33.539736],[112.503921,33.540053],[112.504404,33.540483],[112.504815,33.540941],[112.505099,33.541328],[112.505193,33.541511],[112.505193,33.541976],[112.505257,33.542287],[112.505539,33.542734],[112.505617,33.542953],[112.505751,33.543717],[112.505828,33.54389],[112.505981,33.544071],[112.506038,33.544218],[112.506494,33.544958],[112.506625,33.545336],[112.506869,33.545638],[112.507242,33.545855],[112.507813,33.546252],[112.508084,33.546617],[112.508323,33.547207],[112.508309,33.547397],[112.508237,33.547777],[112.508057,33.548148],[112.507955,33.548714],[112.507711,33.549277],[112.507674,33.54972],[112.507816,33.550124],[112.508183,33.550643],[112.508344,33.55094],[112.508492,33.551535],[112.508704,33.552132],[112.509026,33.552898],[112.509286,33.553153],[112.509935,33.553421],[112.510198,33.553475],[112.510772,33.553683],[112.510986,33.553866],[112.511434,33.554423],[112.512738,33.555733],[112.51314,33.5562],[112.513492,33.556432],[112.514095,33.55675],[112.514605,33.557136],[112.514991,33.557516],[112.51527,33.557881],[112.515755,33.558998],[112.514768,33.55959],[112.5145,33.559707],[112.51421,33.559881],[112.51358,33.560469],[112.513486,33.560643],[112.513226,33.560978],[112.512899,33.561555],[112.512813,33.561788],[112.512706,33.561935],[112.512585,33.562221],[112.512593,33.562418],[112.512735,33.562903],[112.512751,33.563245],[112.511984,33.563645],[112.511807,33.563667],[112.511539,33.563801],[112.511289,33.563976],[112.511236,33.564061],[112.511091,33.564554],[112.511051,33.565194],[112.510909,33.565442],[112.510892,33.56554],[112.510925,33.565717],[112.511024,33.565911],[112.511069,33.56615],[112.511035,33.566606],[112.510986,33.566747],[112.510882,33.566966],[112.510514,33.567308],[112.510324,33.567431],[112.510214,33.567556],[112.510007,33.567659],[112.50994,33.567737],[112.509645,33.56849],[112.50971,33.568796],[112.509699,33.568986],[112.509742,33.569377],[112.509919,33.570072],[112.510045,33.57024],[112.510632,33.570772],[112.511319,33.571791],[112.511464,33.572095],[112.511507,33.572292],[112.511576,33.573074],[112.511812,33.573601],[112.511984,33.574383],[112.512362,33.575143],[112.512537,33.575329],[112.512711,33.575438],[112.513038,33.575541],[112.513376,33.575722],[112.513454,33.576227],[112.513508,33.576334],[112.513797,33.576598],[112.514084,33.576779],[112.514382,33.576895],[112.514808,33.576926],[112.515782,33.577264],[112.515857,33.577311],[112.51601,33.577499],[112.516125,33.577735],[112.516265,33.577896],[112.516442,33.578015],[112.516807,33.578368],[112.517131,33.578564],[112.517399,33.578649],[112.517657,33.578618],[112.518134,33.578683],[112.518274,33.578752],[112.518395,33.57885],[112.518816,33.579378],[112.519033,33.579704],[112.519685,33.580386],[112.520007,33.580857],[112.519859,33.58132],[112.51995,33.581784],[112.519907,33.582178],[112.519915,33.582388],[112.52009,33.582674],[112.520664,33.583045],[112.520723,33.583505],[112.520846,33.583753],[112.521307,33.5842],[112.521788,33.584944],[112.52183,33.58504],[112.521841,33.585538],[112.521946,33.585943],[112.521884,33.586182],[112.521873,33.586508],[112.52197,33.586989],[112.522217,33.587545],[112.522356,33.587753],[112.522485,33.587876],[112.522606,33.588162],[112.522651,33.588222],[112.522866,33.588334],[112.52297,33.588436],[112.523469,33.589482],[112.52451,33.589236],[112.525425,33.58893],[112.525712,33.588939],[112.526184,33.589013],[112.527045,33.588859],[112.527755,33.588836],[112.52812,33.588901],[112.528397,33.589006],[112.529089,33.589534],[112.529512,33.589708],[112.529941,33.589442],[112.53047,33.589491],[112.531151,33.590032],[112.53224,33.590738],[112.532693,33.590901],[112.533557,33.590599],[112.534027,33.590646],[112.535491,33.591274],[112.536097,33.591643],[112.5364,33.591781],[112.536859,33.59181],[112.537656,33.591723],[112.538058,33.591721],[112.538385,33.591851],[112.539005,33.592369],[112.539627,33.592436],[112.540469,33.59299],[112.540692,33.593341],[112.540735,33.593662],[112.540472,33.59438],[112.540906,33.594648],[112.541274,33.595001],[112.541472,33.595343],[112.541652,33.595751],[112.542156,33.595698],[112.542454,33.594916],[112.542867,33.594324],[112.542897,33.593826],[112.542862,33.593377],[112.543082,33.592948],[112.543127,33.592335],[112.543433,33.591994],[112.543945,33.591556],[112.544589,33.591142],[112.545466,33.589978],[112.545978,33.589815],[112.546601,33.589907],[112.548156,33.590233],[112.548486,33.590329],[112.548374,33.589954],[112.548347,33.589525],[112.548245,33.589093],[112.548288,33.588852],[112.548443,33.588468],[112.548451,33.588012],[112.548384,33.587766],[112.548433,33.587373],[112.548508,33.587259],[112.549385,33.587174],[112.549916,33.587212],[112.550959,33.587223],[112.551241,33.587152],[112.551568,33.587011],[112.551775,33.586998],[112.552142,33.586805],[112.55233,33.586535],[112.55237,33.58614],[112.552405,33.586081],[112.552928,33.58559],[112.553515,33.58538],[112.553829,33.585121],[112.554159,33.585022],[112.554537,33.58475],[112.554645,33.584747],[112.555481,33.584902],[112.555637,33.584902],[112.555897,33.584785],[112.556002,33.58468],[112.556629,33.584448],[112.556984,33.584278],[112.557692,33.5838],[112.558335,33.583422],[112.558609,33.583074],[112.558722,33.582855],[112.558958,33.582645],[112.559159,33.582359],[112.559322,33.5822],[112.55987,33.581957],[112.56043,33.58197],[112.56105,33.581798],[112.56161,33.581811],[112.562074,33.581887],[112.562238,33.581876],[112.562343,33.581836],[112.562809,33.581507],[112.563705,33.581029],[112.564,33.580953],[112.564158,33.580877],[112.564333,33.580759],[112.5647,33.58043],[112.564818,33.580372],[112.565631,33.580231],[112.566095,33.579945],[112.566715,33.579635],[112.567018,33.579309],[112.567165,33.5789],[112.567104,33.578095],[112.567219,33.577315],[112.567342,33.577085],[112.567439,33.576745],[112.567584,33.576417],[112.567525,33.57601],[112.567509,33.575499],[112.567541,33.574821],[112.567568,33.574712],[112.567643,33.574609],[112.568045,33.574468],[112.568278,33.574265],[112.568504,33.574184],[112.569129,33.57414],[112.570011,33.574006],[112.570239,33.574019],[112.570333,33.573999],[112.570588,33.573856],[112.570872,33.573807],[112.571156,33.573836],[112.571242,33.573796],[112.571323,33.573595],[112.571341,33.573235],[112.571559,33.572732],[112.571779,33.572379],[112.571934,33.572256],[112.572047,33.572234],[112.572401,33.571807],[112.572535,33.57157],[112.572892,33.571147],[112.573012,33.571096],[112.573316,33.571049],[112.573659,33.571047],[112.574295,33.570794],[112.574549,33.570788],[112.574793,33.570832],[112.575145,33.570969],[112.57566,33.570642],[112.576121,33.570466],[112.576448,33.57039],[112.576835,33.570365],[112.577269,33.570291],[112.577881,33.569847],[112.578439,33.56965],[112.578734,33.569509],[112.578951,33.569355],[112.57916,33.569094],[112.579401,33.568705],[112.57945,33.568325],[112.57942,33.568153],[112.579823,33.567292],[112.580126,33.566463],[112.580182,33.566186],[112.580185,33.565882],[112.580233,33.565699],[112.580313,33.565545],[112.580466,33.565355],[112.58122,33.564753],[112.581464,33.564461],[112.581695,33.564286],[112.582081,33.564154],[112.582427,33.564119],[112.582623,33.564175],[112.582926,33.564324],[112.583205,33.564546],[112.583749,33.564277],[112.584205,33.564163],[112.584747,33.563833],[112.585793,33.563477],[112.585919,33.563336],[112.586013,33.562994],[112.586035,33.562384],[112.585957,33.562047],[112.58601,33.561783],[112.586,33.561374],[112.586094,33.561061],[112.586343,33.560748],[112.586402,33.560357],[112.586525,33.560142],[112.586633,33.560051],[112.586989,33.55987],[112.587574,33.559642],[112.587797,33.559588],[112.587891,33.559528],[112.587998,33.559456],[112.588215,33.559157],[112.588215,33.559072],[112.58839,33.558466],[112.588365,33.558337],[112.588524,33.557831],[112.588561,33.557586],[112.588642,33.557335],[112.588647,33.55719],[112.588964,33.556993],[112.589025,33.556881],[112.589103,33.556656],[112.589132,33.555929],[112.589208,33.555779],[112.589449,33.555574],[112.589529,33.555415],[112.589535,33.555218],[112.589473,33.555026],[112.589433,33.554655],[112.589457,33.554503],[112.589682,33.554081],[112.590181,33.553605],[112.590734,33.553234],[112.59104,33.553086],[112.591107,33.55341],[112.591254,33.553801],[112.591589,33.55451],[112.591943,33.555089],[112.592306,33.555429],[112.592812,33.555775],[112.59329,33.555985],[112.593789,33.556113],[112.593985,33.556197],[112.594355,33.55622],[112.594701,33.556061],[112.594824,33.555797],[112.595178,33.554427],[112.595414,33.554123],[112.595487,33.553877],[112.595489,33.553701],[112.595272,33.553533],[112.59443,33.552968],[112.594229,33.552874],[112.593177,33.552203],[112.592904,33.552062],[112.592067,33.551897],[112.592051,33.551834],[112.592104,33.55155],[112.592357,33.55122],[112.592501,33.550866],[112.59252,33.550473],[112.592362,33.550097],[112.592359,33.549744],[112.59241,33.549664],[112.592534,33.549579],[112.592678,33.549349],[112.59274,33.549183],[112.592815,33.548723],[112.592901,33.548542],[112.59307,33.548322],[112.593496,33.547938],[112.59396,33.547267],[112.594081,33.54697],[112.594105,33.546811],[112.593936,33.546592],[112.593816,33.546123],[112.59381,33.545589],[112.593757,33.54522],[112.593802,33.54509],[112.593958,33.544936],[112.594073,33.544873],[112.594124,33.544786],[112.59418,33.544627],[112.594159,33.544281],[112.594438,33.544068],[112.594577,33.5438],[112.594811,33.542964],[112.594832,33.54272],[112.594805,33.542372],[112.594838,33.541734],[112.5948,33.541464],[112.594779,33.541366],[112.594596,33.541015],[112.594446,33.540831],[112.594416,33.540617],[112.594677,33.540313],[112.595374,33.539859],[112.595733,33.539709],[112.595865,33.539427],[112.595908,33.539219],[112.595953,33.538929],[112.595988,33.538195],[112.595859,33.537773],[112.595768,33.537637],[112.595578,33.537489],[112.595366,33.537415],[112.594698,33.537279],[112.594537,33.537185],[112.594374,33.537051],[112.594129,33.53676],[112.593791,33.53649],[112.593365,33.536025],[112.593094,33.535441],[112.592965,33.5353],[112.592576,33.535083],[112.592327,33.534829],[112.592134,33.534524],[112.591951,33.533878],[112.59119,33.532823],[112.590959,33.532099],[112.590742,33.531689],[112.590637,33.531533],[112.590533,33.531446],[112.59005,33.531209],[112.589945,33.531137],[112.589884,33.531048],[112.589857,33.530853],[112.58961,33.530326],[112.589524,33.530176],[112.589406,33.530051],[112.589127,33.529494],[112.589004,33.52893],[112.588658,33.528365],[112.58854,33.528224],[112.588132,33.527938],[112.587692,33.527535],[112.587542,33.527271],[112.587335,33.526502],[112.587338,33.526388],[112.587416,33.526205],[112.587655,33.525936],[112.587802,33.525657],[112.587826,33.5254],[112.587799,33.52525],[112.587689,33.525047],[112.587526,33.524839],[112.587284,33.524432],[112.587217,33.524237],[112.587199,33.523895],[112.587338,33.523633],[112.587453,33.523289],[112.587767,33.522743],[112.58806,33.522446],[112.588588,33.522021],[112.588626,33.521912],[112.588526,33.52161],[112.588524,33.521366],[112.588856,33.52065],[112.588964,33.52051],[112.589251,33.519908],[112.589277,33.519749],[112.589586,33.519099],[112.589712,33.518638],[112.589698,33.518475],[112.58947,33.517542],[112.589285,33.516896],[112.589138,33.516563],[112.588896,33.516323],[112.588457,33.516115],[112.588108,33.515811],[112.587925,33.515326],[112.587853,33.515225],[112.587365,33.514765],[112.587086,33.514286],[112.586989,33.514],[112.587134,33.513957],[112.587408,33.513783],[112.58784,33.513327],[112.587968,33.51311],[112.588266,33.512763],[112.588569,33.512488],[112.588854,33.512171],[112.588939,33.51211],[112.589336,33.511963],[112.589905,33.511831],[112.589972,33.511529],[112.589993,33.511196],[112.589985,33.511008],[112.58994,33.510876],[112.589824,33.510674],[112.589682,33.510563],[112.589532,33.510502],[112.589291,33.510283],[112.589224,33.510171],[112.589116,33.509639],[112.589079,33.509196],[112.58917,33.508668],[112.589079,33.507633],[112.589108,33.507421],[112.589355,33.507067],[112.589516,33.506935],[112.590026,33.506707],[112.590259,33.506568],[112.590543,33.506235],[112.590787,33.506045],[112.591211,33.50554],[112.591343,33.505251],[112.591351,33.505124],[112.591222,33.504875],[112.591013,33.504645],[112.590771,33.504484],[112.590675,33.504374],[112.590573,33.504099],[112.590573,33.503961],[112.59068,33.503692],[112.590887,33.503536],[112.590951,33.503426],[112.590981,33.503216],[112.590804,33.502816],[112.590779,33.502632],[112.590777,33.502476],[112.590849,33.502178],[112.590895,33.50203],[112.591037,33.501807],[112.591042,33.501726],[112.590962,33.501355],[112.590739,33.500905],[112.59075,33.500413],[112.590865,33.499778],[112.590892,33.49966],[112.590975,33.499512],[112.591327,33.499121],[112.591721,33.498356],[112.591882,33.497743],[112.592019,33.496665],[112.591847,33.496014],[112.591605,33.495531],[112.59149,33.49543],[112.59196,33.494878],[112.592292,33.494618],[112.592686,33.494117],[112.592829,33.493987],[112.593091,33.493833],[112.593325,33.493766],[112.593952,33.493383],[112.59436,33.493276],[112.594749,33.493113],[112.594972,33.492963],[112.595224,33.492737],[112.594449,33.492612],[112.594188,33.492609],[112.593496,33.492455],[112.592815,33.492732],[112.592547,33.492956],[112.592359,33.493164],[112.591654,33.493734],[112.591383,33.494133],[112.590675,33.494878],[112.589023,33.496003],[112.588988,33.495663],[112.588733,33.49522],[112.588647,33.494839],[112.58866,33.494321],[112.588776,33.493998],[112.58877,33.493634],[112.588695,33.49343],[112.588591,33.493289],[112.588156,33.492907],[112.5881,33.492661],[112.588097,33.492401],[112.58814,33.492117],[112.588194,33.491954],[112.588663,33.491399],[112.589173,33.490927],[112.589366,33.490708],[112.589546,33.490404],[112.589819,33.489379],[112.589924,33.489095],[112.590506,33.487959],[112.590935,33.487319],[112.590972,33.487156],[112.591171,33.486773],[112.591211,33.486241],[112.591176,33.485961],[112.591112,33.485773],[112.590889,33.485503],[112.590398,33.485095],[112.590656,33.484832],[112.590903,33.484666],[112.59112,33.484469],[112.591544,33.484241],[112.591125,33.483823],[112.590034,33.482243],[112.589943,33.481887],[112.589827,33.481619],[112.589674,33.48112],[112.589583,33.480717],[112.58936,33.480145],[112.588773,33.479196],[112.588583,33.478834],[112.588462,33.478496],[112.588352,33.478292],[112.588183,33.478075],[112.587107,33.47842],[112.587102,33.478241],[112.587381,33.477896],[112.58751,33.477659],[112.587529,33.477552],[112.587478,33.477429],[112.587354,33.477494],[112.587043,33.477997],[112.586909,33.478107],[112.586823,33.478138],[112.586745,33.478129],[112.586212,33.47772],[112.585683,33.477438],[112.586155,33.476773],[112.586946,33.476209],[112.587172,33.476095],[112.587062,33.476001],[112.586525,33.475247],[112.58611,33.474892],[112.586123,33.474771],[112.586491,33.474254],[112.58678,33.473735],[112.58685,33.473677],[112.587738,33.473941],[112.587891,33.473782],[112.588052,33.473487],[112.588073,33.473279],[112.588054,33.473003],[112.587931,33.472726],[112.587786,33.472596],[112.587738,33.472491],[112.588239,33.472424],[112.588607,33.472417],[112.588575,33.472238],[112.588569,33.471706],[112.588609,33.47154],[112.588679,33.471366],[112.588805,33.471254],[112.58899,33.471171],[112.58902,33.470815],[112.589149,33.47031],[112.58946,33.469609],[112.589712,33.469278],[112.589315,33.46905],[112.589111,33.468828],[112.588837,33.468388],[112.588792,33.46813],[112.588663,33.467866],[112.588253,33.468018],[112.588376,33.468359],[112.588151,33.468423],[112.588137,33.468265],[112.587963,33.467971],[112.58781,33.467598],[112.587813,33.467533],[112.587928,33.467374],[112.588422,33.4673],[112.588744,33.467074],[112.588789,33.46698],[112.588518,33.466976],[112.588422,33.466707],[112.588443,33.466206],[112.588542,33.465844],[112.588486,33.465696],[112.588296,33.465383],[112.587773,33.465009],[112.587537,33.46494],[112.586359,33.464937],[112.585407,33.464651],[112.585139,33.464631],[112.584677,33.464917],[112.584519,33.464989],[112.58438,33.464989],[112.584275,33.464958],[112.584173,33.464875],[112.584095,33.464752],[112.584082,33.464624],[112.584127,33.464322],[112.58427,33.463991],[112.584315,33.463796],[112.584305,33.463252],[112.584256,33.463118],[112.584136,33.462968],[112.583996,33.462615],[112.583773,33.461738],[112.583854,33.461453],[112.583862,33.461317],[112.5838,33.461158],[112.58357,33.460809],[112.583494,33.460641],[112.583449,33.460453],[112.583449,33.460223],[112.583385,33.459999],[112.582757,33.458399],[112.582416,33.458101],[112.581966,33.457965],[112.581759,33.457705],[112.581713,33.457553],[112.581703,33.45749],[112.581751,33.457367],[112.582175,33.456842],[112.582296,33.456645],[112.582325,33.456528],[112.582376,33.456172],[112.582414,33.455544],[112.582411,33.454754],[112.582459,33.454371],[112.582392,33.454022],[112.581864,33.453301],[112.581703,33.452954],[112.581638,33.452572],[112.581687,33.452155],[112.581652,33.451484],[112.581367,33.450777],[112.58103,33.450358],[112.580796,33.450123],[112.579482,33.449081],[112.57897,33.448355],[112.578766,33.448161],[112.578229,33.447832],[112.577618,33.447604],[112.577116,33.447369],[112.576633,33.447031],[112.575711,33.446531],[112.575418,33.446176],[112.574976,33.445945],[112.574858,33.445853],[112.574584,33.445529],[112.573836,33.444806],[112.5743,33.444719],[112.574702,33.444748],[112.575236,33.444656],[112.575617,33.444517],[112.576084,33.444199],[112.576175,33.444067],[112.576411,33.443893],[112.575453,33.442879],[112.575732,33.442783],[112.576282,33.4427],[112.575971,33.442528],[112.575842,33.442505],[112.575539,33.442357],[112.575005,33.442006],[112.574818,33.442024],[112.574128,33.442216],[112.573621,33.442237],[112.573543,33.442205],[112.573039,33.441729],[112.572554,33.441491],[112.572471,33.441422],[112.572398,33.441283],[112.572412,33.441041],[112.572312,33.440934],[112.572092,33.440878],[112.572613,33.440128],[112.573197,33.438615],[112.573522,33.438067],[112.573678,33.437492],[112.573694,33.437272],[112.573986,33.437315],[112.57475,33.437118],[112.575263,33.437098],[112.576092,33.437868],[112.577119,33.438915],[112.577323,33.438973],[112.577827,33.439504],[112.578074,33.439573],[112.578286,33.439743],[112.578433,33.439985],[112.578511,33.440242],[112.578527,33.440527],[112.578599,33.440686],[112.578809,33.440885],[112.578833,33.440985],[112.578967,33.441097],[112.580018,33.441173],[112.580507,33.441077],[112.580678,33.440977],[112.580922,33.440766],[112.581142,33.440482],[112.581268,33.440388],[112.581443,33.440155],[112.581488,33.439998],[112.581499,33.439459],[112.58159,33.439056],[112.581614,33.438664],[112.581719,33.43821],[112.582003,33.437438],[112.582046,33.437001],[112.582253,33.43652],[112.582228,33.43635],[112.581636,33.435945],[112.581553,33.435793],[112.58152,33.435392],[112.581738,33.434839],[112.581893,33.434564],[112.581936,33.434418],[112.581984,33.433859],[112.581783,33.433373],[112.581469,33.433015],[112.581343,33.432789],[112.581437,33.43254],[112.581469,33.432292],[112.581483,33.43177],[112.581453,33.431531],[112.581306,33.430969],[112.581271,33.430555],[112.581016,33.429937],[112.580812,33.429189],[112.580834,33.429125],[112.581059,33.428975],[112.581837,33.428283],[112.581762,33.427786],[112.581722,33.427558],[112.581531,33.42715],[112.581209,33.426933],[112.580346,33.426676],[112.580072,33.426456],[112.580018,33.426315],[112.580067,33.426],[112.580061,33.425709],[112.579949,33.425321],[112.57945,33.424421],[112.578806,33.423427],[112.579444,33.422874],[112.579908,33.422315],[112.580552,33.421849],[112.581148,33.421292],[112.58251,33.420627],[112.583457,33.419816],[112.58354,33.419693],[112.583588,33.419436],[112.583444,33.418769],[112.583419,33.418498],[112.583433,33.418269],[112.583545,33.417759],[112.583478,33.417549],[112.583425,33.417502],[112.583036,33.417367],[112.582891,33.417372],[112.582797,33.417311],[112.582717,33.417305],[112.581719,33.416933],[112.581051,33.416561],[112.580576,33.416237],[112.580423,33.416055],[112.580257,33.415764],[112.580104,33.415395],[112.579297,33.414219],[112.579058,33.413523],[112.578924,33.413223],[112.578734,33.412905],[112.578495,33.412601],[112.578178,33.412325],[112.578323,33.412222],[112.578806,33.411712],[112.579082,33.411475],[112.579753,33.411],[112.579812,33.410879],[112.579836,33.41055],[112.579954,33.410422],[112.58045,33.410268],[112.581032,33.410021],[112.581158,33.40993],[112.581526,33.409551],[112.581502,33.409459],[112.581553,33.409377],[112.581689,33.408535],[112.58207,33.408168],[112.581483,33.407917],[112.58195,33.407845],[112.582135,33.407547],[112.582658,33.407117],[112.582864,33.406844],[112.582746,33.406629],[112.582561,33.406448],[112.582406,33.406052],[112.582261,33.405366],[112.582204,33.40482],[112.58207,33.404144],[112.581781,33.402993],[112.5817,33.402317],[112.581652,33.40218],[112.581797,33.402122],[112.582092,33.402102],[112.582658,33.402122],[112.58255,33.402424],[112.582529,33.403006],[112.582937,33.402908],[112.58346,33.402847],[112.583454,33.401766],[112.583596,33.40122],[112.584227,33.401094],[112.584546,33.401285],[112.584892,33.401732],[112.584943,33.401963],[112.584892,33.402138],[112.584798,33.402243],[112.584514,33.402364],[112.583969,33.402753],[112.583873,33.402863],[112.583806,33.403006],[112.583781,33.403221],[112.583819,33.403371],[112.584412,33.404616],[112.584436,33.40501],[112.584677,33.405028],[112.584683,33.405416],[112.58589,33.405447],[112.587048,33.405619],[112.587225,33.405682],[112.587032,33.406817],[112.586979,33.407052],[112.586898,33.407171],[112.587459,33.407084],[112.588647,33.407189],[112.58947,33.407111],[112.589956,33.407102],[112.590908,33.407178],[112.591066,33.407153],[112.591785,33.40718],[112.591879,33.407155],[112.592373,33.407198],[112.592045,33.407868],[112.591439,33.408909],[112.59134,33.409032],[112.59141,33.409211],[112.5916,33.409354],[112.591788,33.409587],[112.591839,33.409818],[112.591825,33.409869],[112.591619,33.410021],[112.591477,33.410178],[112.591404,33.410313],[112.591391,33.410447],[112.591461,33.410523],[112.59196,33.41081],[112.592528,33.411083],[112.592952,33.411405],[112.593102,33.411403],[112.593454,33.411327],[112.594317,33.410933],[112.594559,33.410857],[112.594974,33.410644],[112.595401,33.410525],[112.596509,33.410501],[112.597423,33.409847],[112.59705,33.409356],[112.596771,33.408911],[112.596656,33.408653],[112.596669,33.408441],[112.596688,33.4084],[112.596806,33.40834],[112.597423,33.408087],[112.598115,33.407717],[112.598424,33.407473],[112.598638,33.407238],[112.598796,33.40699],[112.598917,33.406721],[112.598955,33.406589],[112.598939,33.406486],[112.598987,33.406155],[112.599271,33.405335],[112.599354,33.404834],[112.599193,33.404722],[112.598858,33.404574],[112.59807,33.404334],[112.598008,33.403833],[112.597895,33.403432],[112.597533,33.402393],[112.597426,33.402182],[112.597225,33.40186],[112.596506,33.401011],[112.595932,33.400496],[112.596036,33.400409],[112.596879,33.400178],[112.597305,33.400024],[112.596841,33.399271],[112.596763,33.399009],[112.596645,33.398815],[112.596517,33.398416],[112.596458,33.398064],[112.596238,33.39802],[112.596117,33.397957],[112.595991,33.397836],[112.595943,33.39767],[112.595964,33.397377],[112.596144,33.397317],[112.596173,33.396916],[112.596136,33.396707],[112.596232,33.396463],[112.596171,33.396197],[112.596219,33.396038],[112.596227,33.395854],[112.596181,33.39578],[112.595956,33.395659],[112.595865,33.395518],[112.595682,33.395332],[112.595436,33.395301],[112.595275,33.39525],[112.595229,33.395207],[112.595787,33.394961],[112.595395,33.394629],[112.595285,33.394477],[112.594948,33.394623],[112.594658,33.394679],[112.594593,33.394667],[112.594277,33.394437],[112.593859,33.394264],[112.594242,33.394134],[112.5945,33.39415],[112.595031,33.394099],[112.595237,33.393993],[112.595457,33.393946],[112.596342,33.393895],[112.596275,33.39351],[112.596227,33.392224],[112.596163,33.391626],[112.59602,33.391463],[112.595709,33.391268],[112.595551,33.391216],[112.595023,33.39123],[112.594258,33.39134],[112.594068,33.391402],[112.593467,33.391485],[112.592973,33.391593],[112.592652,33.391754],[112.59215,33.392074],[112.592024,33.392197],[112.591343,33.392932],[112.591643,33.392974],[112.59207,33.392961],[112.592155,33.392977],[112.59222,33.393046],[112.592196,33.393075],[112.591756,33.393136],[112.5913,33.393306],[112.59108,33.393554],[112.590871,33.393675],[112.590667,33.393971],[112.590664,33.394132],[112.591005,33.394708],[112.59075,33.395214],[112.590959,33.395288],[112.591217,33.396007],[112.590814,33.396157],[112.590372,33.396432],[112.590283,33.396566],[112.590154,33.396295],[112.590095,33.395908],[112.590061,33.395877],[112.589768,33.39593],[112.58946,33.395603],[112.589315,33.395503],[112.589111,33.395429],[112.588947,33.395447],[112.588618,33.395418],[112.587354,33.395153],[112.58648,33.395041],[112.586088,33.395037],[112.585777,33.395075],[112.585203,33.395339],[112.58494,33.395516],[112.584726,33.395711],[112.584302,33.396401],[112.584074,33.396497],[112.584098,33.396215],[112.584195,33.396101],[112.584213,33.395998],[112.584063,33.395731],[112.583999,33.39542],[112.583733,33.39546],[112.583562,33.395433],[112.583068,33.395433],[112.582344,33.395221],[112.581944,33.395191],[112.581909,33.395068],[112.581869,33.394358],[112.581815,33.394114],[112.581405,33.392959],[112.581236,33.392325],[112.581217,33.391929],[112.581306,33.391418],[112.581327,33.390598],[112.581276,33.39033],[112.58096,33.389673],[112.581633,33.388917],[112.581767,33.38867],[112.581813,33.388269],[112.581695,33.38749],[112.581885,33.386717],[112.58181,33.38616],[112.581797,33.385568],[112.581738,33.385248],[112.581507,33.384536],[112.581263,33.384095],[112.580729,33.382939],[112.580375,33.382424],[112.580045,33.382151],[112.579675,33.38175],[112.579544,33.381683],[112.579646,33.381573],[112.579702,33.38142],[112.579718,33.380726],[112.579635,33.380377],[112.579321,33.379772],[112.579356,33.379674],[112.579584,33.3794],[112.579372,33.379241],[112.579042,33.379069],[112.578962,33.379196],[112.578709,33.379416],[112.578562,33.379394],[112.578388,33.379304],[112.578103,33.379073],[112.577615,33.378601],[112.577282,33.378204],[112.577009,33.377792],[112.576928,33.377557],[112.576786,33.377371],[112.575907,33.377537],[112.575917,33.377774],[112.576129,33.378601],[112.576188,33.379044],[112.576167,33.379212],[112.576094,33.379304],[112.576006,33.379338],[112.575923,33.379306],[112.575282,33.378034],[112.575091,33.378056],[112.575115,33.378202],[112.575102,33.378594],[112.575056,33.378672],[112.574957,33.378728],[112.574839,33.378697],[112.574807,33.378632],[112.574801,33.37846],[112.574665,33.378099],[112.574404,33.377685],[112.574107,33.376997],[112.573965,33.377042],[112.573627,33.377013],[112.573147,33.37706],[112.572881,33.376997],[112.572801,33.376921],[112.572838,33.376291],[112.572908,33.376079],[112.572908,33.375973],[112.572873,33.375682],[112.572688,33.375227],[112.572436,33.375243],[112.572149,33.375163],[112.572189,33.375283],[112.572186,33.375434],[112.572221,33.375494],[112.572213,33.375606],[112.57228,33.376005],[112.572412,33.376453],[112.572336,33.376482],[112.572205,33.37645],[112.572009,33.376318],[112.571886,33.376119],[112.571765,33.375772],[112.571687,33.375718],[112.571631,33.375722],[112.571349,33.375864],[112.571014,33.376164],[112.570995,33.376484],[112.570896,33.376661],[112.570888,33.376771],[112.571274,33.377299],[112.571521,33.377758],[112.571623,33.378191],[112.57183,33.378455],[112.571923,33.378634],[112.572047,33.379167],[112.572133,33.379329],[112.572286,33.37949],[112.572567,33.379976],[112.572809,33.380482],[112.572827,33.380666],[112.572782,33.380881],[112.57327,33.382083],[112.572162,33.382433],[112.571202,33.382852],[112.570797,33.382986],[112.570663,33.382995],[112.57011,33.383302],[112.569762,33.383438],[112.569499,33.383454],[112.569399,33.383488],[112.569206,33.383642],[112.56908,33.383904],[112.568879,33.384115],[112.568756,33.384211],[112.56823,33.384478],[112.567517,33.384997],[112.567455,33.384789],[112.567366,33.384643],[112.567077,33.384424],[112.566937,33.384242],[112.565803,33.384843],[112.565239,33.38504],[112.565387,33.385138],[112.56554,33.385293],[112.566031,33.385983],[112.566379,33.386321],[112.566653,33.386507],[112.567031,33.386867],[112.56709,33.386986],[112.566918,33.387029],[112.566476,33.387268],[112.564928,33.388168],[112.564301,33.388581],[112.563751,33.388619],[112.56363,33.388697],[112.563603,33.388793],[112.563831,33.389394],[112.563949,33.389888],[112.564558,33.390914],[112.564657,33.391362],[112.56462,33.391537],[112.564518,33.391705],[112.564518,33.391792],[112.564625,33.392043],[112.566414,33.394421],[112.56654,33.394502],[112.566752,33.394759],[112.566945,33.394916],[112.567044,33.394941],[112.56735,33.394914],[112.567589,33.394844],[112.567466,33.395032],[112.567474,33.395236],[112.567396,33.39548],[112.567286,33.395671],[112.567498,33.395921],[112.567506,33.396036],[112.567407,33.396134],[112.567184,33.396269],[112.566902,33.396607],[112.56679,33.396074],[112.566162,33.396643],[112.565937,33.396732],[112.565491,33.397019],[112.565323,33.397175],[112.565151,33.397446],[112.565111,33.397621],[112.565331,33.398241],[112.56536,33.398526],[112.565355,33.39883],[112.565296,33.398983],[112.565191,33.399128],[112.565049,33.39926],[112.564585,33.399269],[112.56447,33.399233],[112.564161,33.399236],[112.563837,33.399354],[112.563617,33.399386],[112.563228,33.399377],[112.562884,33.399285],[112.562458,33.399242],[112.561903,33.399258],[112.561471,33.399404],[112.561613,33.399292],[112.561707,33.399168],[112.561997,33.398756],[112.562034,33.398627],[112.56208,33.398575],[112.562217,33.398456],[112.562568,33.398286],[112.562868,33.398076],[112.563005,33.397888],[112.563032,33.397429],[112.563021,33.396763],[112.562994,33.39662],[112.562718,33.39598],[112.562638,33.395664],[112.562536,33.395534],[112.562101,33.395274],[112.561793,33.395144],[112.56164,33.39516],[112.560623,33.395689],[112.560318,33.395765],[112.560044,33.39574],[112.559524,33.39555],[112.559164,33.395527],[112.559038,33.395574],[112.559001,33.395711],[112.559006,33.395845],[112.559328,33.396531],[112.559542,33.396734],[112.559939,33.396927],[112.560242,33.397135],[112.560312,33.397243],[112.56035,33.397444],[112.560358,33.398067],[112.560301,33.398324],[112.560135,33.398591],[112.559977,33.398754],[112.559835,33.398788],[112.559698,33.398727],[112.559212,33.398008],[112.558775,33.397549],[112.557922,33.396949],[112.557547,33.396788],[112.557662,33.397028],[112.558271,33.397975],[112.558298,33.398073],[112.558268,33.398107],[112.558132,33.398069],[112.557847,33.397608],[112.557614,33.397473],[112.557407,33.397469],[112.557297,33.397538],[112.557048,33.397995],[112.556804,33.398159],[112.556608,33.398185],[112.556375,33.398143],[112.556192,33.397991],[112.556141,33.397758],[112.55586,33.398398],[112.555532,33.398738],[112.555372,33.398779],[112.554859,33.399289],[112.554655,33.399408],[112.554524,33.399433],[112.55454,33.398904],[112.554626,33.398564],[112.554106,33.398461],[112.553255,33.398403],[112.553172,33.398438],[112.553129,33.398508],[112.553108,33.398904],[112.552598,33.398956],[112.552539,33.398691],[112.552515,33.398651],[112.552488,33.398658],[112.551909,33.399081],[112.551101,33.399314],[112.550458,33.399739],[112.550039,33.399912],[112.549168,33.40016],[112.548765,33.400344],[112.548336,33.400731],[112.547746,33.400911],[112.54769,33.400971],[112.547674,33.401146],[112.547641,33.401193],[112.547016,33.401744],[112.546161,33.402104],[112.545986,33.402149],[112.545458,33.402196],[112.545335,33.402185],[112.545163,33.402012],[112.544345,33.400774],[112.544176,33.400599],[112.54353,33.400089],[112.543393,33.399921],[112.543173,33.399554],[112.542907,33.398969],[112.542435,33.397753],[112.5435,33.397733],[112.543476,33.397124],[112.543251,33.395469],[112.543237,33.394876],[112.543387,33.394305],[112.543747,33.393861],[112.543846,33.393557],[112.543243,33.393465],[112.542797,33.393543],[112.542406,33.393693],[112.542127,33.393751],[112.541928,33.393675],[112.541749,33.393532],[112.541633,33.393355],[112.54162,33.393275],[112.541695,33.39256],[112.541829,33.392334],[112.54217,33.392061],[112.542226,33.391973],[112.54206,33.391187],[112.541955,33.390921],[112.541904,33.390601],[112.541818,33.390336],[112.541751,33.390256],[112.541126,33.390343],[112.54092,33.39035],[112.540619,33.390301],[112.540475,33.390242],[112.540295,33.390065],[112.540284,33.389953],[112.540346,33.3899],[112.540053,33.389835],[112.539512,33.389915],[112.539356,33.38983],[112.539166,33.389624],[112.53908,33.389584],[112.538967,33.389555],[112.538549,33.389582],[112.538425,33.389499],[112.538315,33.389241],[112.538246,33.389145],[112.538063,33.388995],[112.538012,33.388908],[112.537953,33.388598],[112.537926,33.388092],[112.538093,33.38788],[112.538101,33.387734],[112.537913,33.38755],[112.537642,33.387199],[112.53731,33.38684],[112.53724,33.38672],[112.537127,33.386619],[112.536993,33.38639],[112.537004,33.386278],[112.537267,33.386106],[112.53728,33.386054],[112.537221,33.385792],[112.537374,33.385631],[112.538189,33.385017],[112.538519,33.384849],[112.539074,33.384664],[112.53883,33.384677],[112.538299,33.384525],[112.537771,33.384303],[112.537307,33.384003],[112.536929,33.383665],[112.536408,33.383071],[112.536272,33.382793],[112.535942,33.382323],[112.535585,33.381956],[112.534268,33.380457],[112.533447,33.379815],[112.533227,33.3797],[112.532562,33.379017],[112.531945,33.378513],[112.530634,33.377792],[112.530456,33.37755],[112.530416,33.377396],[112.530411,33.376663],[112.530121,33.375839],[112.530062,33.375774],[112.529764,33.375707],[112.529606,33.375478],[112.529456,33.375395],[112.529373,33.375395],[112.529276,33.375422],[112.529161,33.375537],[112.52911,33.375949],[112.529032,33.376128],[112.528895,33.376282],[112.528694,33.376592],[112.528689,33.376802],[112.528753,33.376894],[112.528509,33.377055],[112.528198,33.37712],[112.528214,33.377391],[112.528458,33.377546],[112.528445,33.377967],[112.528504,33.378227],[112.528684,33.378397],[112.529011,33.378504],[112.529153,33.378684],[112.528997,33.37919],[112.52892,33.379774],[112.528681,33.380359],[112.529373,33.380428],[112.530011,33.380536],[112.530186,33.380603],[112.530301,33.380708],[112.530572,33.381405],[112.530534,33.382166],[112.530451,33.382793],[112.530462,33.383288],[112.530427,33.383436],[112.530239,33.383683],[112.530373,33.383806],[112.53066,33.383918],[112.530813,33.383898],[112.530926,33.383797],[112.531224,33.383629],[112.531258,33.383788],[112.531232,33.383862],[112.53103,33.384048],[112.530489,33.384287],[112.530017,33.384054],[112.529129,33.385627],[112.52903,33.385752],[112.529024,33.38581],[112.52907,33.385851],[112.528726,33.386565],[112.528619,33.386697],[112.528177,33.387046],[112.527962,33.387165],[112.527758,33.387156],[112.527672,33.387111],[112.528718,33.385407],[112.529016,33.384751],[112.529169,33.384572],[112.529381,33.384435],[112.529512,33.38429],[112.529853,33.38373],[112.530062,33.383143],[112.530124,33.382041],[112.530033,33.381582],[112.529896,33.381268],[112.529746,33.381049],[112.529437,33.380903],[112.528496,33.380807],[112.528198,33.381275],[112.527275,33.381188],[112.526986,33.381062],[112.526819,33.380883],[112.526597,33.380715],[112.526245,33.380607],[112.52605,33.380359],[112.525889,33.380269],[112.525771,33.380289],[112.525602,33.380381],[112.524735,33.381035],[112.524566,33.380896],[112.524387,33.380668],[112.524282,33.380585],[112.524419,33.380567],[112.524467,33.380531],[112.524475,33.380471],[112.524322,33.380328],[112.524456,33.380249],[112.524489,33.380157],[112.524633,33.380307],[112.524829,33.380386],[112.525025,33.380354],[112.525124,33.380303],[112.525368,33.380023],[112.525642,33.379631],[112.525765,33.379311],[112.525738,33.379096],[112.525604,33.378811],[112.525309,33.37841],[112.525122,33.378213],[112.5248,33.377989],[112.52425,33.377922],[112.524175,33.377884],[112.524105,33.377792],[112.524194,33.377626],[112.524491,33.377398],[112.524963,33.377113],[112.525122,33.376921],[112.525124,33.376576],[112.52528,33.376132],[112.525253,33.376032],[112.525164,33.375967],[112.525014,33.375964],[112.524542,33.375857]]]}},{"type":"Feature","properties":{"regionCode":"411321102","sourceCode":"411321102000","name":"云阳镇","sourceName":"云阳镇","parentCode":"411321","parentName":"南召县","regionLevel":"township","regionType":"town","isManagementZone":false,"source":"ruiduobao","sourceVersion":"mixed-legacy~2018-2020","geometryRepaired":false,"match2020":true,"match2023":true},"geometry":{"type":"Polygon","coordinates":[[[112.721929,33.371319],[112.721808,33.371175],[112.720504,33.370974],[112.720309,33.370904],[112.719887,33.370893],[112.719303,33.371084],[112.718576,33.371494],[112.717897,33.371581],[112.717428,33.371507],[112.717216,33.371518],[112.717047,33.37157],[112.716808,33.371749],[112.716613,33.371977],[112.716599,33.372582],[112.716629,33.373075],[112.71654,33.373633],[112.716446,33.373751],[112.716398,33.373884],[112.71643,33.374352],[112.716406,33.374446],[112.716267,33.374596],[112.716165,33.374636],[112.715475,33.374636],[112.715119,33.374887],[112.714923,33.374983],[112.714571,33.375053],[112.714209,33.375167],[112.713488,33.375633],[112.712664,33.376459],[112.712332,33.376885],[112.711559,33.378388],[112.711433,33.378605],[112.711291,33.378722],[112.710757,33.378892],[112.710516,33.378899],[112.709824,33.378818],[112.708805,33.378901],[112.708595,33.378959],[112.708389,33.379075],[112.707834,33.379517],[112.707592,33.379633],[112.707348,33.379665],[112.705943,33.379694],[112.705556,33.379792],[112.705066,33.380045],[112.704709,33.380175],[112.704532,33.380285],[112.70443,33.380406],[112.704392,33.381006],[112.704312,33.381286],[112.704087,33.381566],[112.703298,33.382287],[112.702987,33.382711],[112.702861,33.382939],[112.702861,33.38312],[112.702968,33.383344],[112.703301,33.383806],[112.703226,33.383969],[112.703054,33.38403],[112.70218,33.38409],[112.702032,33.384126],[112.701651,33.384307],[112.701107,33.384717],[112.700683,33.385159],[112.700364,33.385391],[112.699825,33.385559],[112.699167,33.38586],[112.698618,33.386173],[112.698108,33.386354],[112.697982,33.386518],[112.697829,33.386861],[112.697647,33.387055],[112.697558,33.387105],[112.697325,33.387174],[112.696255,33.387342],[112.695305,33.387317],[112.695133,33.38734],[112.694777,33.387429],[112.693757,33.387808],[112.693411,33.388005],[112.693068,33.388151],[112.691837,33.388296],[112.691628,33.388366],[112.691258,33.388551],[112.691,33.388901],[112.690507,33.389246],[112.689978,33.389526],[112.689546,33.389709],[112.68938,33.389868],[112.689246,33.390253],[112.689182,33.390654],[112.688983,33.391463],[112.688919,33.391823],[112.68894,33.392074],[112.688629,33.392211],[112.688272,33.392303],[112.688076,33.392296],[112.68765,33.39213],[112.68739,33.392139],[112.686843,33.392291],[112.686754,33.392343],[112.686462,33.392397],[112.686328,33.392466],[112.685271,33.392802],[112.685013,33.392853],[112.684737,33.393015],[112.684126,33.393483],[112.683718,33.394002],[112.683171,33.394513],[112.683018,33.3946],[112.682522,33.394681],[112.681492,33.395041],[112.680851,33.395395],[112.680674,33.395581],[112.680116,33.396049],[112.679893,33.396136],[112.679091,33.396246],[112.678227,33.396459],[112.677484,33.396508],[112.677216,33.39671],[112.676605,33.397449],[112.676377,33.397697],[112.676194,33.397841],[112.675682,33.398441],[112.675508,33.398712],[112.675516,33.398815],[112.675237,33.399448],[112.675041,33.399641],[112.674617,33.399786],[112.674121,33.399791],[112.672812,33.400619],[112.672155,33.401128],[112.671804,33.401493],[112.67123,33.401894],[112.670393,33.402709],[112.670299,33.40276],[112.670047,33.402825],[112.669832,33.402803],[112.66943,33.402657],[112.668923,33.402639],[112.668349,33.403251],[112.668081,33.403338],[112.667842,33.403374],[112.667665,33.403331],[112.667547,33.403347],[112.667453,33.403286],[112.667222,33.403271],[112.666911,33.403163],[112.666552,33.403132],[112.666042,33.403139],[112.665535,33.403374],[112.665109,33.403645],[112.664409,33.403931],[112.663985,33.40405],[112.663743,33.404007],[112.662778,33.403546],[112.662408,33.403486],[112.662284,33.403499],[112.662038,33.403604],[112.661807,33.403837],[112.6617,33.404019],[112.661222,33.405192],[112.661018,33.405418],[112.660798,33.40557],[112.660739,33.40594],[112.660764,33.406047],[112.66078,33.406958],[112.660584,33.407518],[112.660326,33.407885],[112.660206,33.407991],[112.659994,33.408138],[112.659632,33.408311],[112.659106,33.408624],[112.658819,33.408853],[112.65869,33.409005],[112.658398,33.409218],[112.658274,33.409368],[112.658277,33.409498],[112.658199,33.409854],[112.657902,33.410532],[112.657558,33.410998],[112.657194,33.411363],[112.657097,33.411504],[112.656791,33.411763],[112.656566,33.411875],[112.656472,33.411956],[112.655742,33.412023],[112.655608,33.412088],[112.65538,33.412139],[112.654766,33.412155],[112.654514,33.412077],[112.654222,33.41209],[112.653371,33.41237],[112.652551,33.412735],[112.653573,33.414356],[112.653648,33.414517],[112.654514,33.415731],[112.654914,33.416183],[112.655506,33.416734],[112.655952,33.416888],[112.656206,33.417121],[112.656853,33.417882],[112.656904,33.41805],[112.657464,33.418016],[112.657829,33.417945],[112.658553,33.417667],[112.65898,33.417587],[112.65935,33.417598],[112.659795,33.417672],[112.660439,33.417719],[112.661512,33.418041],[112.661968,33.418337],[112.662716,33.419091],[112.662874,33.419382],[112.662992,33.41983],[112.66292,33.420242],[112.663588,33.420029],[112.663494,33.418907],[112.663513,33.418742],[112.663483,33.41816],[112.663443,33.417873],[112.663462,33.417358],[112.663392,33.417114],[112.664181,33.417325],[112.664409,33.417343],[112.666286,33.417889],[112.666892,33.418137],[112.667354,33.418386],[112.667622,33.418455],[112.668011,33.418639],[112.668405,33.418766],[112.668521,33.418854],[112.668936,33.419055],[112.669309,33.419174],[112.670052,33.419539],[112.670597,33.419713],[112.670972,33.419969],[112.671551,33.420298],[112.671887,33.420466],[112.672209,33.420575],[112.672758,33.420891],[112.673523,33.421511],[112.673866,33.421697],[112.674397,33.422272],[112.674647,33.422451],[112.674971,33.422827],[112.675038,33.423051],[112.675022,33.423286],[112.674537,33.423495],[112.674255,33.423709],[112.673732,33.424012],[112.674454,33.424341],[112.674829,33.42441],[112.674671,33.424571],[112.674566,33.424757],[112.674547,33.424871],[112.674676,33.425071],[112.674859,33.425565],[112.674832,33.425715],[112.674765,33.425789],[112.674593,33.425932],[112.674344,33.426031],[112.673872,33.426329],[112.67367,33.426584],[112.673523,33.427338],[112.673893,33.427394],[112.673762,33.427649],[112.673601,33.427844],[112.673386,33.428028],[112.672815,33.428395],[112.67216,33.428666],[112.671305,33.429098],[112.671366,33.429339],[112.671637,33.429989],[112.671782,33.430192],[112.672155,33.430577],[112.672324,33.430685],[112.672707,33.4307],[112.672761,33.430743],[112.67278,33.430839],[112.672745,33.431076],[112.672729,33.431864],[112.672836,33.432305],[112.67296,33.432272],[112.673217,33.432061],[112.673585,33.431869],[112.67415,33.43145],[112.674349,33.431692],[112.675001,33.432813],[112.674692,33.432995],[112.674582,33.433125],[112.674612,33.433225],[112.674797,33.433463],[112.67495,33.433769],[112.675022,33.434051],[112.675006,33.434277],[112.67492,33.434479],[112.674896,33.434674],[112.674767,33.43505],[112.674413,33.435775],[112.674089,33.436316],[112.674078,33.436675],[112.674389,33.437568],[112.674593,33.437892],[112.674885,33.43804],[112.675355,33.438371],[112.675465,33.438564],[112.675502,33.438736],[112.675677,33.439128],[112.675894,33.439463],[112.676208,33.439569],[112.676645,33.439613],[112.676787,33.439584],[112.67727,33.439354],[112.677643,33.439392],[112.67827,33.43962],[112.678305,33.439669],[112.678893,33.439793],[112.679357,33.439929],[112.67978,33.440164],[112.679799,33.440274],[112.679705,33.44052],[112.679563,33.440567],[112.679231,33.440529],[112.678836,33.440621],[112.678176,33.440981],[112.678016,33.441232],[112.677758,33.441516],[112.677525,33.441845],[112.677417,33.442183],[112.677128,33.442293],[112.676897,33.442192],[112.676559,33.442125],[112.676291,33.442138],[112.676224,33.442212],[112.6762,33.442375],[112.675988,33.442845],[112.67591,33.443098],[112.675776,33.443284],[112.675073,33.44315],[112.67459,33.443112],[112.674534,33.443078],[112.674502,33.442783],[112.6744,33.442514],[112.674049,33.44261],[112.673762,33.442765],[112.673276,33.442915],[112.673145,33.442769],[112.672976,33.44221],[112.672603,33.4418],[112.672506,33.441776],[112.671723,33.442129],[112.671554,33.442165],[112.670371,33.442785],[112.670138,33.442879],[112.669473,33.443353],[112.66918,33.443629],[112.668464,33.444497],[112.668394,33.445184],[112.668419,33.445421],[112.668529,33.445636],[112.66863,33.44578],[112.669615,33.446758],[112.669955,33.446979],[112.67024,33.447033],[112.670446,33.447277],[112.670588,33.44776],[112.670578,33.448183],[112.670623,33.448465],[112.670717,33.448702],[112.670865,33.448922],[112.670932,33.44915],[112.670889,33.44938],[112.670897,33.449521],[112.670752,33.45],[112.67076,33.450135],[112.670913,33.450502],[112.670988,33.450853],[112.670937,33.45099],[112.670803,33.451139],[112.670339,33.451835],[112.670157,33.452256],[112.670095,33.452616],[112.6698,33.45346],[112.66976,33.453825],[112.669757,33.454496],[112.669693,33.454633],[112.669583,33.4547],[112.669422,33.455356],[112.669545,33.455454],[112.670009,33.455561],[112.670814,33.455633],[112.669781,33.456007],[112.669424,33.456083],[112.669129,33.456063],[112.669164,33.456177],[112.669309,33.456273],[112.669406,33.456381],[112.669438,33.456497],[112.669376,33.456752],[112.669213,33.456853],[112.669132,33.457059],[112.66936,33.457106],[112.669537,33.457341],[112.669719,33.45771],[112.670001,33.457609],[112.670076,33.457524],[112.670151,33.457173],[112.670154,33.456913],[112.670192,33.456745],[112.670406,33.456428],[112.670481,33.456376],[112.67065,33.456334],[112.671294,33.45641],[112.671452,33.456342],[112.671559,33.456345],[112.67168,33.456515],[112.671683,33.456721],[112.671602,33.456835],[112.671597,33.457126],[112.671533,33.457294],[112.67172,33.459122],[112.671745,33.459252],[112.672074,33.459695],[112.672064,33.459786],[112.672104,33.459809],[112.672209,33.459768],[112.67227,33.459697],[112.672276,33.459451],[112.672319,33.459357],[112.672359,33.459308],[112.672498,33.459269],[112.672662,33.459332],[112.672713,33.459428],[112.672774,33.459768],[112.672834,33.459833],[112.672994,33.459914],[112.673413,33.459999],[112.673821,33.459979],[112.674134,33.459824],[112.674268,33.459784],[112.67447,33.459782],[112.674641,33.459858],[112.675312,33.460314],[112.675628,33.460395],[112.676634,33.460805],[112.67723,33.460901],[112.678064,33.46095],[112.678099,33.46101],[112.678415,33.461185],[112.678482,33.461095],[112.678949,33.46112],[112.67937,33.46106],[112.679665,33.461071],[112.679864,33.461028],[112.680006,33.461091],[112.680666,33.460914],[112.680531,33.461057],[112.680285,33.46146],[112.680027,33.462011],[112.680051,33.462317],[112.680011,33.462646],[112.680067,33.46308],[112.679971,33.463221],[112.680183,33.463564],[112.680652,33.464123],[112.680936,33.464861],[112.681057,33.465266],[112.681119,33.465544],[112.681111,33.465633],[112.681046,33.465844],[112.680397,33.465978],[112.680019,33.466237],[112.679917,33.466369],[112.679673,33.466846],[112.679255,33.467441],[112.67897,33.468211],[112.678858,33.468851],[112.679807,33.469428],[112.679842,33.469524],[112.679866,33.470059],[112.67996,33.470377],[112.679957,33.470636],[112.679998,33.470782],[112.68,33.47095],[112.680035,33.471003],[112.680188,33.471035],[112.680454,33.470996],[112.680808,33.47103],[112.68103,33.471095],[112.681132,33.471258],[112.681164,33.471883],[112.681242,33.472053],[112.681299,33.472124],[112.681773,33.472435],[112.682323,33.472927],[112.682151,33.473079],[112.681972,33.473473],[112.681725,33.473699],[112.681462,33.473807],[112.681009,33.473847],[112.680395,33.474095],[112.680306,33.474158],[112.680151,33.474471],[112.680049,33.474771],[112.680022,33.475375],[112.680164,33.475666],[112.680338,33.475867],[112.680542,33.475995],[112.680837,33.47625],[112.681143,33.476565],[112.681341,33.476827],[112.681462,33.477118],[112.681634,33.477952],[112.681832,33.47923],[112.681848,33.479934],[112.681789,33.480438],[112.681899,33.480733],[112.682224,33.481308],[112.68224,33.481429],[112.682189,33.481565],[112.682138,33.481617],[112.681749,33.481767],[112.681594,33.481865],[112.681521,33.481952],[112.681508,33.482033],[112.681687,33.482319],[112.681865,33.482509],[112.681924,33.482653],[112.681937,33.482767],[112.681897,33.482923],[112.681746,33.483241],[112.681484,33.483451],[112.681226,33.483823],[112.681189,33.484281],[112.68102,33.48461],[112.680899,33.484735],[112.680502,33.484955],[112.680317,33.48516],[112.680306,33.485512],[112.680236,33.485652],[112.680269,33.485811],[112.680134,33.486183],[112.679805,33.48655],[112.679695,33.48659],[112.679099,33.486657],[112.678914,33.486751],[112.678598,33.487252],[112.678496,33.487509],[112.678394,33.488035],[112.678504,33.488185],[112.67889,33.488341],[112.679343,33.488431],[112.679713,33.488449],[112.67999,33.488505],[112.680191,33.488585],[112.68033,33.488713],[112.680191,33.48956],[112.68014,33.489657],[112.680057,33.489724],[112.679837,33.490151],[112.679571,33.490352],[112.679048,33.490491],[112.678836,33.490578],[112.678686,33.490657],[112.678622,33.490737],[112.677817,33.491216],[112.676959,33.491493],[112.676243,33.491867],[112.675875,33.491974],[112.675481,33.49205],[112.674727,33.492032],[112.673166,33.491882],[112.67249,33.491757],[112.672351,33.491961],[112.671774,33.493048],[112.671761,33.493305],[112.671879,33.493656],[112.671903,33.49384],[112.67171,33.494437],[112.671852,33.495251],[112.671699,33.496059],[112.671466,33.496709],[112.671471,33.496779],[112.671543,33.4969],[112.671871,33.497224],[112.672013,33.497412],[112.672158,33.497727],[112.672201,33.497754],[112.672675,33.497707],[112.672758,33.497785],[112.672898,33.498058],[112.672943,33.498076],[112.673053,33.498029],[112.673137,33.497922],[112.673453,33.497669],[112.673593,33.4976],[112.673646,33.497606],[112.673692,33.497649],[112.673786,33.497971],[112.673863,33.498054],[112.674521,33.498505],[112.674673,33.498579],[112.674741,33.498582],[112.674792,33.498548],[112.674856,33.498568],[112.675194,33.498866],[112.675159,33.499033],[112.675036,33.499264],[112.674212,33.499881],[112.673928,33.50017],[112.674671,33.500297],[112.674821,33.500782],[112.675494,33.501107],[112.675738,33.501261],[112.676063,33.501516],[112.676527,33.501986],[112.676634,33.502037],[112.676739,33.502039],[112.676983,33.501894],[112.677294,33.501836],[112.677425,33.501883],[112.677484,33.502035],[112.677581,33.502704],[112.677074,33.50284],[112.677144,33.503104],[112.67756,33.503048],[112.677696,33.503424],[112.677723,33.503645],[112.67779,33.503793],[112.67771,33.504211],[112.677796,33.504408],[112.677562,33.504576],[112.677423,33.504616],[112.677522,33.50526],[112.677586,33.50549],[112.677643,33.506034],[112.67782,33.506483],[112.678297,33.507293],[112.678871,33.507879],[112.678887,33.508098],[112.678694,33.508532],[112.678455,33.508809],[112.677731,33.509216],[112.677259,33.509248],[112.676865,33.509207],[112.676951,33.509617],[112.677098,33.509986],[112.677329,33.510348],[112.677667,33.51078],[112.677766,33.511001],[112.677758,33.51112],[112.677586,33.511372],[112.67756,33.51171],[112.677619,33.5122],[112.6779,33.513126],[112.677898,33.513295],[112.677788,33.513557],[112.677688,33.513658],[112.67768,33.513948],[112.677608,33.514237],[112.677519,33.514244],[112.677498,33.514275],[112.677484,33.514447],[112.677393,33.514622],[112.677396,33.514814],[112.677417,33.51489],[112.677624,33.515192],[112.677898,33.515391],[112.67797,33.515489],[112.678069,33.515793],[112.678077,33.515966],[112.678308,33.516147],[112.67838,33.516361],[112.678324,33.516677],[112.678284,33.516739],[112.677903,33.517037],[112.677718,33.517428],[112.677552,33.51752],[112.677482,33.517594],[112.677348,33.517822],[112.677388,33.518052],[112.677305,33.518365],[112.676975,33.518803],[112.676913,33.518962],[112.676908,33.519125],[112.676986,33.519273],[112.677608,33.51993],[112.678037,33.52055],[112.678056,33.520807],[112.677957,33.520984],[112.677948,33.521368],[112.678053,33.52209],[112.678069,33.522493],[112.678144,33.522726],[112.677549,33.52294],[112.676741,33.523162],[112.675889,33.523569],[112.675661,33.523741],[112.675674,33.524036],[112.675612,33.524344],[112.675526,33.524693],[112.675325,33.525114],[112.675033,33.525465],[112.674561,33.525816],[112.674446,33.526001],[112.67447,33.526753],[112.674427,33.527054],[112.674319,33.527421],[112.674234,33.527562],[112.673992,33.527783],[112.673542,33.527994],[112.673448,33.528105],[112.673273,33.529118],[112.673169,33.529304],[112.672793,33.529597],[112.672662,33.529648],[112.672069,33.530017],[112.670929,33.530842],[112.670422,33.531352],[112.669977,33.531716],[112.669609,33.531964],[112.669352,33.532273],[112.669301,33.532727],[112.670063,33.53325],[112.670505,33.53363],[112.671018,33.534153],[112.671082,33.534287],[112.671482,33.534766],[112.671498,33.535005],[112.671425,33.535168],[112.67138,33.535394],[112.671589,33.535908],[112.671616,33.536063],[112.671246,33.537082],[112.671176,33.537368],[112.67123,33.537663],[112.671407,33.537976],[112.671433,33.538093],[112.671409,33.538149],[112.671101,33.538285],[112.67065,33.538292],[112.670331,33.538336],[112.66987,33.53847],[112.669687,33.538562],[112.669521,33.538593],[112.669253,33.538705],[112.669124,33.538844],[112.668899,33.53928],[112.668708,33.539541],[112.667968,33.540042],[112.66793,33.540094],[112.66785,33.540433],[112.667716,33.540657],[112.667555,33.540816],[112.667373,33.540945],[112.667091,33.541082],[112.666464,33.541574],[112.666313,33.541667],[112.666069,33.541732],[112.665653,33.542083],[112.665339,33.542457],[112.665197,33.542962],[112.664999,33.543261],[112.664795,33.543467],[112.664645,33.543751],[112.664283,33.545425],[112.664068,33.545857],[112.663934,33.546328],[112.663894,33.546791],[112.663958,33.547491],[112.663875,33.547717],[112.663569,33.548045],[112.663212,33.548915],[112.6631,33.549393],[112.662947,33.54986],[112.662979,33.549981],[112.66314,33.550276],[112.663253,33.550629],[112.66322,33.551689],[112.663191,33.551798],[112.663237,33.552105],[112.66347,33.552733],[112.663499,33.553023],[112.66347,33.553193],[112.663322,33.553372],[112.663204,33.553638],[112.663194,33.553806],[112.663266,33.553929],[112.663285,33.554114],[112.663271,33.554172],[112.662933,33.554528],[112.662834,33.554751],[112.662786,33.555147],[112.662722,33.555245],[112.662182,33.555614],[112.661925,33.555835],[112.66189,33.55592],[112.661984,33.556524],[112.662064,33.556705],[112.662357,33.556998],[112.662601,33.557145],[112.662791,33.557306],[112.663019,33.557673],[112.663143,33.557952],[112.663569,33.55831],[112.663797,33.558415],[112.664049,33.558477],[112.664143,33.558558],[112.664146,33.558652],[112.663953,33.558987],[112.663923,33.559226],[112.663945,33.559461],[112.664068,33.559758],[112.664229,33.560308],[112.66421,33.560453],[112.664106,33.560719],[112.663982,33.560889],[112.663207,33.561414],[112.662966,33.56166],[112.662735,33.562145],[112.662577,33.562311],[112.662019,33.562749],[112.661949,33.562836],[112.661804,33.563312],[112.661549,33.563468],[112.661155,33.56383],[112.660624,33.56417],[112.660257,33.564505],[112.66008,33.564727],[112.659978,33.564925],[112.659903,33.565328],[112.659742,33.565475],[112.65953,33.565605],[112.659197,33.565712],[112.658854,33.565743],[112.658114,33.565703],[112.657776,33.565793],[112.65711,33.566262],[112.656799,33.566588],[112.656695,33.566812],[112.656601,33.566919],[112.656459,33.566982],[112.656327,33.567],[112.655791,33.566997],[112.65596,33.567279],[112.656048,33.567511],[112.656164,33.568168],[112.656475,33.568448],[112.656622,33.568667],[112.656893,33.569688],[112.657,33.569885],[112.657076,33.569961],[112.65754,33.570253],[112.65758,33.570399],[112.657548,33.570765],[112.657773,33.571168],[112.657934,33.571574],[112.657928,33.572095],[112.657872,33.572377],[112.657733,33.572622],[112.657489,33.572868],[112.657357,33.573114],[112.657379,33.573396],[112.657499,33.573843],[112.657505,33.574354],[112.657561,33.574475],[112.657599,33.574725],[112.657534,33.575125],[112.657572,33.57525],[112.657851,33.57557],[112.65813,33.575749],[112.658631,33.576028],[112.65894,33.57624],[112.65965,33.576544],[112.659691,33.576636],[112.659734,33.576962],[112.659865,33.577215],[112.660348,33.57755],[112.660447,33.577713],[112.66042,33.577928],[112.660114,33.578488],[112.660058,33.578649],[112.660058,33.578938],[112.660109,33.579107],[112.660195,33.579248],[112.660334,33.579344],[112.660509,33.579566],[112.660651,33.579943],[112.660664,33.580173],[112.660841,33.580839],[112.660806,33.58102],[112.660817,33.58113],[112.66115,33.581979],[112.661166,33.582339],[112.661139,33.582444],[112.661051,33.582569],[112.661029,33.582689],[112.661096,33.583078],[112.661169,33.58321],[112.661571,33.583597],[112.661582,33.58372],[112.661496,33.583983],[112.661464,33.584377],[112.661477,33.584459],[112.661729,33.584781],[112.661713,33.585639],[112.661759,33.585898],[112.662038,33.586278],[112.66252,33.586741],[112.662815,33.587199],[112.662904,33.587462],[112.662866,33.587764],[112.662907,33.588233],[112.662888,33.588356],[112.662773,33.588617],[112.662585,33.588917],[112.662392,33.589129],[112.662274,33.589462],[112.662115,33.589632],[112.661957,33.589701],[112.661847,33.589815],[112.6616,33.590307],[112.661166,33.590769],[112.660747,33.591475],[112.660568,33.591576],[112.659954,33.592157],[112.659586,33.59242],[112.659455,33.59257],[112.659463,33.592847],[112.659358,33.593122],[112.659264,33.593629],[112.659431,33.594107],[112.659449,33.59427],[112.659369,33.594994],[112.659339,33.595045],[112.659291,33.595099],[112.659168,33.595153],[112.658838,33.595226],[112.658763,33.595273],[112.658685,33.595345],[112.658457,33.595729],[112.65836,33.595787],[112.657607,33.595629],[112.656679,33.595604],[112.656539,33.595662],[112.656343,33.595832],[112.655657,33.596134],[112.655563,33.59627],[112.655568,33.596549],[112.655485,33.596828],[112.655394,33.596971],[112.655072,33.597306],[112.654935,33.597604],[112.654949,33.597834],[112.654919,33.597894],[112.654619,33.598202],[112.654573,33.598667],[112.654345,33.599],[112.654168,33.599163],[112.65402,33.599605],[112.653948,33.600394],[112.653838,33.600687],[112.653817,33.60108],[112.65386,33.601265],[112.653935,33.601417],[112.654299,33.601777],[112.654999,33.601844],[112.65534,33.602029],[112.655321,33.602454],[112.655254,33.602811],[112.655222,33.603285],[112.655244,33.604073],[112.655351,33.604071],[112.655313,33.603848],[112.655329,33.603539],[112.655643,33.603173],[112.655946,33.602677],[112.656118,33.602266],[112.656418,33.601842],[112.656789,33.601788],[112.657097,33.601875],[112.657491,33.601732],[112.658591,33.6016],[112.659811,33.601189],[112.660002,33.600894],[112.660093,33.600624],[112.660302,33.600345],[112.660608,33.600095],[112.660935,33.600014],[112.661332,33.599782],[112.662102,33.599713],[112.662437,33.599777],[112.662724,33.599485],[112.663135,33.599335],[112.663347,33.598991],[112.663481,33.598591],[112.663722,33.598307],[112.663963,33.5981],[112.664272,33.597952],[112.664677,33.59784],[112.664996,33.5977],[112.665693,33.597179],[112.666015,33.59702],[112.666326,33.59694],[112.666769,33.596953],[112.66722,33.597081],[112.667517,33.597005],[112.667925,33.596835],[112.668386,33.596884],[112.668783,33.596828],[112.669231,33.596971],[112.669593,33.597155],[112.669888,33.597139],[112.670594,33.596455],[112.671522,33.595848],[112.671841,33.59572],[112.672238,33.595662],[112.672665,33.595841],[112.673048,33.595859],[112.67334,33.595714],[112.673826,33.595673],[112.674279,33.595827],[112.674783,33.596116],[112.675076,33.596031],[112.675427,33.595781],[112.676068,33.59551],[112.676991,33.595233],[112.677619,33.594898],[112.678093,33.594795],[112.678469,33.594587],[112.678944,33.594205],[112.679579,33.593305],[112.680381,33.592025],[112.680687,33.591761],[112.681014,33.590892],[112.681223,33.589303],[112.681591,33.588407],[112.681948,33.588182],[112.682358,33.588146],[112.683283,33.588202],[112.683774,33.588159],[112.684482,33.587755],[112.685322,33.587489],[112.687588,33.587114],[112.688331,33.587078],[112.688637,33.587109],[112.688975,33.587337],[112.689131,33.587592],[112.688932,33.588032],[112.689404,33.587351],[112.68953,33.587038],[112.689536,33.586705],[112.689482,33.586508],[112.689568,33.586276],[112.689517,33.585941],[112.68945,33.585833],[112.689372,33.585572],[112.68942,33.585331],[112.689863,33.58473],[112.690075,33.584645],[112.690284,33.584627],[112.690592,33.584468],[112.690735,33.584339],[112.690815,33.584079],[112.690807,33.58376],[112.690839,33.583641],[112.690756,33.583331],[112.690855,33.58306],[112.691196,33.58256],[112.691952,33.581717],[112.692043,33.581297],[112.692116,33.581107],[112.692596,33.580374],[112.693116,33.579885],[112.693213,33.579539],[112.693135,33.57854],[112.693055,33.578073],[112.693073,33.577834],[112.693283,33.57696],[112.69354,33.576484],[112.693819,33.576325],[112.694039,33.576243],[112.694476,33.576147],[112.694991,33.576138],[112.695439,33.575945],[112.695587,33.575912],[112.696134,33.575869],[112.696571,33.575901],[112.697118,33.575709],[112.697735,33.575655],[112.698041,33.575561],[112.698459,33.575338],[112.698864,33.575288],[112.699505,33.57509],[112.699792,33.574942],[112.700822,33.574763],[112.701123,33.574631],[112.701241,33.574544],[112.701581,33.573959],[112.701689,33.573836],[112.702239,33.573523],[112.702485,33.573143],[112.70274,33.572953],[112.702839,33.572837],[112.70296,33.572591],[112.702971,33.572265],[112.702917,33.572079],[112.702585,33.571411],[112.702555,33.571282],[112.702563,33.571105],[112.702603,33.571011],[112.702815,33.570797],[112.704776,33.569717],[112.704843,33.569626],[112.704929,33.569342],[112.704974,33.568289],[112.70502,33.568124],[112.705109,33.568003],[112.705213,33.567911],[112.705744,33.567724],[112.70601,33.567587],[112.706568,33.567234],[112.707013,33.566908],[112.707142,33.566751],[112.70723,33.56657],[112.707201,33.566208],[112.707155,33.566099],[112.707064,33.566014],[112.706712,33.565855],[112.706452,33.565638],[112.706165,33.565227],[112.705983,33.56506],[112.705843,33.564876],[112.705656,33.564487],[112.705562,33.564378],[112.704886,33.563904],[112.704749,33.563761],[112.704677,33.563611],[112.704674,33.563488],[112.704902,33.562319],[112.705138,33.562024],[112.705924,33.56137],[112.706155,33.560885],[112.705597,33.560189],[112.705564,33.559859],[112.705683,33.559561],[112.705822,33.559054],[112.705817,33.558853],[112.705763,33.558649],[112.705784,33.558388],[112.706077,33.5578],[112.706122,33.557637],[112.706106,33.557362],[112.705696,33.556506],[112.705672,33.556166],[112.705723,33.555518],[112.705801,33.555049],[112.705884,33.554767],[112.70598,33.554646],[112.706106,33.554387],[112.706147,33.554038],[112.70605,33.553875],[112.705669,33.55362],[112.705556,33.55347],[112.705127,33.552411],[112.704119,33.550835],[112.703915,33.550667],[112.703518,33.550446],[112.703344,33.550296],[112.703271,33.550198],[112.703242,33.549943],[112.703282,33.549679],[112.703341,33.54955],[112.703609,33.54929],[112.703934,33.549076],[112.704017,33.548848],[112.704057,33.548539],[112.704028,33.548188],[112.704223,33.547862],[112.704524,33.547185],[112.705058,33.54648],[112.705087,33.546282],[112.705076,33.546194],[112.70494,33.545901],[112.704929,33.545396],[112.705047,33.545115],[112.705366,33.544663],[112.705371,33.544464],[112.705278,33.544207],[112.705299,33.54393],[112.705401,33.543516],[112.705508,33.543295],[112.705602,33.54298],[112.705669,33.542501],[112.705924,33.542193],[112.706283,33.541963],[112.706541,33.541837],[112.707123,33.541721],[112.707337,33.541614],[112.707587,33.541379],[112.70822,33.541033],[112.708384,33.540901],[112.708048,33.540223],[112.707828,33.539928],[112.707372,33.539582],[112.707187,33.539278],[112.707008,33.538884],[112.706997,33.538551],[112.707056,33.538513],[112.707187,33.537997],[112.707466,33.53759],[112.707496,33.537467],[112.707501,33.537082],[112.707598,33.536901],[112.707654,33.53668],[112.707624,33.536496],[112.707364,33.536237],[112.707305,33.536063],[112.707305,33.535906],[112.707206,33.535394],[112.707203,33.535144],[112.707249,33.534907],[112.707402,33.534486],[112.707488,33.534339],[112.707616,33.53427],[112.707936,33.534008],[112.708206,33.533885],[112.708611,33.533286],[112.708864,33.532756],[112.70907,33.532555],[112.709097,33.532441],[112.709041,33.532197],[112.708928,33.532072],[112.70837,33.531727],[112.708204,33.53166],[112.707587,33.530956],[112.707166,33.530536],[112.707056,33.530359],[112.706774,33.530042],[112.706594,33.529597],[112.706578,33.529431],[112.706637,33.529252],[112.706535,33.528921],[112.706479,33.52879],[112.706348,33.528617],[112.706265,33.528275],[112.7062,33.52815],[112.705988,33.527871],[112.705945,33.527312],[112.706077,33.526961],[112.706176,33.526876],[112.706337,33.526791],[112.707244,33.526095],[112.707404,33.526046],[112.707788,33.525659],[112.708357,33.525286],[112.708783,33.524883],[112.709416,33.52447],[112.709754,33.524188],[112.709816,33.524103],[112.710001,33.523584],[112.709743,33.522864],[112.709738,33.522287],[112.709802,33.522003],[112.709845,33.521569],[112.710001,33.521069],[112.710191,33.520711],[112.710299,33.520617],[112.710446,33.520326],[112.710465,33.520232],[112.710406,33.519747],[112.71043,33.519492],[112.710749,33.51904],[112.710862,33.518466],[112.710996,33.518144],[112.711487,33.517562],[112.711667,33.517283],[112.711709,33.516813],[112.711653,33.516493],[112.711768,33.516218],[112.71212,33.515755],[112.712232,33.515424],[112.712447,33.514995],[112.712522,33.51476],[112.712675,33.51453],[112.712772,33.513785],[112.712857,33.513705],[112.712884,33.513622],[112.712823,33.513519],[112.7126,33.513295],[112.712487,33.512987],[112.712479,33.512904],[112.712608,33.512618],[112.712605,33.512309],[112.712565,33.51222],[112.712616,33.512007],[112.712597,33.511896],[112.712442,33.511835],[112.712241,33.51184],[112.711353,33.511996],[112.711143,33.511936],[112.710293,33.511515],[112.710237,33.51137],[112.710207,33.510639],[112.710175,33.510549],[112.709773,33.509925],[112.709556,33.509771],[112.709397,33.509704],[112.708904,33.509623],[112.707313,33.509639],[112.706294,33.509717],[112.705538,33.509726],[112.704862,33.509574],[112.704768,33.509225],[112.704779,33.50904],[112.704612,33.507877],[112.704623,33.507644],[112.704572,33.507467],[112.704473,33.507235],[112.703985,33.506557],[112.702163,33.505723],[112.701844,33.505379],[112.700144,33.504696],[112.699261,33.502592],[112.69781,33.500261],[112.696338,33.496759],[112.696273,33.493471],[112.697346,33.490874],[112.698945,33.486393],[112.697542,33.486411],[112.694691,33.48433],[112.694315,33.479404],[112.695702,33.478449],[112.697687,33.479364],[112.701922,33.480487],[112.706198,33.483722],[112.708182,33.484635],[112.709867,33.484615],[112.710175,33.486019],[112.711326,33.487413],[112.713026,33.488198],[112.714617,33.489089],[112.714952,33.489158],[112.715043,33.489147],[112.715443,33.488892],[112.715781,33.488746],[112.716484,33.48863],[112.71661,33.488646],[112.716851,33.488567],[112.717398,33.488583],[112.717769,33.488502],[112.71805,33.488364],[112.718493,33.487963],[112.718815,33.487717],[112.719088,33.48757],[112.719692,33.487355],[112.719949,33.487355],[112.720612,33.487192],[112.72058,33.487017],[112.720381,33.486632],[112.720362,33.486346],[112.720405,33.486066],[112.720354,33.485456],[112.719949,33.484682],[112.719992,33.484489],[112.720215,33.484234],[112.720247,33.484149],[112.720891,33.484035],[112.721534,33.483986],[112.721714,33.483943],[112.721996,33.483955],[112.722328,33.484064],[112.722519,33.484066],[112.723323,33.483925],[112.724096,33.483713],[112.724209,33.483641],[112.724319,33.483366],[112.724415,33.482957],[112.724595,33.482697],[112.724833,33.4825],[112.725225,33.482357],[112.725719,33.482093],[112.726255,33.481581],[112.726687,33.481357],[112.726918,33.481319],[112.727505,33.481118],[112.728122,33.481024],[112.729034,33.480993],[112.729492,33.481066],[112.730005,33.481275],[112.730313,33.481476],[112.730555,33.481679],[112.731067,33.481968],[112.731783,33.482205],[112.732118,33.482131],[112.732722,33.481675],[112.733315,33.481424],[112.734063,33.481377],[112.7345,33.481507],[112.734693,33.481507],[112.734846,33.481483],[112.735034,33.481384],[112.735281,33.481326],[112.735595,33.481143],[112.735847,33.480796],[112.736442,33.480375],[112.736643,33.480147],[112.737198,33.479301],[112.737684,33.478923],[112.737799,33.478798],[112.737818,33.478635],[112.737759,33.47846],[112.73759,33.478239],[112.737284,33.478037],[112.736823,33.477791],[112.736678,33.477679],[112.736549,33.477525],[112.736453,33.477107],[112.736456,33.476456],[112.736284,33.47572],[112.73608,33.475357],[112.735817,33.475021],[112.73557,33.474757],[112.735275,33.474536],[112.735021,33.474241],[112.73475,33.474006],[112.73465,33.473592],[112.734377,33.47312],[112.734296,33.472782],[112.734143,33.471755],[112.733972,33.471384],[112.733628,33.471026],[112.733425,33.470708],[112.733315,33.470607],[112.733148,33.470374],[112.733038,33.470072],[112.732266,33.470052],[112.731909,33.469965],[112.731343,33.469735],[112.731045,33.469681],[112.729822,33.46965],[112.728696,33.469497],[112.728495,33.469421],[112.728288,33.469294],[112.727972,33.468949],[112.727964,33.46875],[112.728117,33.468124],[112.728092,33.467956],[112.728039,33.467752],[112.727934,33.467607],[112.727754,33.467242],[112.72772,33.466913],[112.727583,33.466602],[112.727529,33.466291],[112.727534,33.466179],[112.727636,33.465897],[112.727652,33.465754],[112.727728,33.465649],[112.727862,33.465298],[112.727931,33.465192],[112.727907,33.46496],[112.727862,33.464787],[112.72776,33.464613],[112.727239,33.46391],[112.727129,33.46381],[112.726821,33.463367],[112.726692,33.463091],[112.726743,33.463018],[112.727556,33.462711],[112.727824,33.462536],[112.728342,33.462324],[112.729077,33.461908],[112.729946,33.461538],[112.730563,33.461422],[112.730927,33.461391],[112.73118,33.461319],[112.731413,33.461104],[112.73152,33.460769],[112.731778,33.460431],[112.732143,33.460165],[112.732757,33.459822],[112.733626,33.459478],[112.733803,33.459341],[112.733926,33.459135],[112.734219,33.458847],[112.734497,33.457927],[112.73454,33.457605],[112.734664,33.457211],[112.734814,33.456915],[112.73498,33.45643],[112.734962,33.455691],[112.734784,33.455253],[112.73442,33.454868],[112.733746,33.454481],[112.733639,33.454355],[112.733199,33.453189],[112.733113,33.452236],[112.734653,33.452276],[112.736013,33.452267],[112.736378,33.452375],[112.736852,33.452437],[112.73752,33.452408],[112.738153,33.452317],[112.739178,33.451932],[112.739395,33.451824],[112.740487,33.451039],[112.74072,33.450934],[112.741616,33.450388],[112.742963,33.44998],[112.743993,33.449546],[112.744282,33.449394],[112.744626,33.449275],[112.745913,33.448917],[112.746744,33.448362],[112.74701,33.448382],[112.747276,33.44832],[112.747404,33.448335],[112.74859,33.448821],[112.749089,33.448837],[112.749582,33.448803],[112.749885,33.448832],[112.750111,33.448926],[112.751237,33.449667],[112.751355,33.449703],[112.751779,33.449996],[112.751873,33.450025],[112.752409,33.449942],[112.752782,33.449824],[112.753458,33.449696],[112.75456,33.449703],[112.754963,33.449593],[112.75548,33.449269],[112.755574,33.449239],[112.755585,33.44889],[112.755853,33.448479],[112.756178,33.448071],[112.756484,33.44785],[112.756768,33.447803],[112.756889,33.447834],[112.757103,33.447973],[112.757237,33.44793],[112.7579,33.448062],[112.758085,33.448018],[112.758798,33.447677],[112.759246,33.447201],[112.759882,33.446919],[112.760091,33.446706],[112.760416,33.44657],[112.760625,33.446397],[112.760882,33.446343],[112.76107,33.446343],[112.761185,33.446435],[112.76154,33.446538],[112.761674,33.446664],[112.761754,33.446648],[112.762044,33.446229],[112.762983,33.445365],[112.763358,33.445122],[112.763897,33.444674],[112.764906,33.443678],[112.765217,33.443611],[112.765364,33.443517],[112.765539,33.443465],[112.765673,33.44315],[112.765651,33.443002],[112.765724,33.442686],[112.766046,33.442246],[112.766153,33.442145],[112.766239,33.442122],[112.766333,33.441986],[112.766756,33.441655],[112.766853,33.441525],[112.767038,33.441156],[112.767172,33.441062],[112.767317,33.44101],[112.767548,33.440981],[112.767693,33.440921],[112.768076,33.440941],[112.768368,33.440912],[112.768661,33.440833],[112.769063,33.440663],[112.769417,33.440562],[112.769707,33.440365],[112.769879,33.440106],[112.76997,33.439752],[112.77001,33.439412],[112.770439,33.438855],[112.770597,33.438452],[112.770874,33.438091],[112.771244,33.437731],[112.771453,33.437577],[112.77218,33.437216],[112.772652,33.437033],[112.772993,33.436981],[112.773583,33.437013],[112.773894,33.436979],[112.774564,33.43667],[112.774897,33.436475],[112.775015,33.436453],[112.775436,33.436258],[112.775782,33.436144],[112.776294,33.435882],[112.776447,33.435846],[112.776718,33.435688],[112.7773,33.435508],[112.777407,33.435491],[112.78098,33.43588],[112.781884,33.435914],[112.783222,33.435542],[112.782429,33.434604],[112.782423,33.434268],[112.783729,33.432849],[112.784054,33.432341],[112.784494,33.430991],[112.785875,33.429736],[112.785559,33.429516],[112.785301,33.42912],[112.784982,33.428941],[112.784577,33.428581],[112.784295,33.427802],[112.78481,33.426897],[112.786444,33.425138],[112.786363,33.424466],[112.78635,33.423739],[112.785532,33.422966],[112.784354,33.420911],[112.78421,33.42041],[112.783807,33.42036],[112.782297,33.421558],[112.781565,33.421735],[112.779543,33.420813],[112.77906,33.420092],[112.779631,33.418628],[112.780095,33.418453],[112.781436,33.418657],[112.781643,33.418934],[112.781667,33.420112],[112.782134,33.420159],[112.782254,33.419485],[112.782359,33.418516],[112.782659,33.418668],[112.783727,33.419689],[112.784067,33.419935],[112.783641,33.418737],[112.781672,33.417092],[112.780648,33.415986],[112.779433,33.415386],[112.777214,33.41469],[112.776198,33.413978],[112.773524,33.413736],[112.77152,33.413821],[112.770707,33.413216],[112.768704,33.409941],[112.766244,33.407176],[112.76549,33.406233],[112.765088,33.406128],[112.76409,33.406253],[112.762819,33.406103],[112.761354,33.406349],[112.760153,33.406421],[112.759753,33.406484],[112.759359,33.406712],[112.7589,33.407279],[112.757978,33.407769],[112.757237,33.407527],[112.756301,33.407485],[112.755633,33.40755],[112.754711,33.408067],[112.754112,33.4083],[112.753445,33.408253],[112.751234,33.407688],[112.750556,33.407238],[112.74974,33.406988],[112.749258,33.406712],[112.748995,33.406381],[112.748719,33.406114],[112.748354,33.405866],[112.748163,33.405637],[112.747976,33.405187],[112.747689,33.404901],[112.747267,33.404605],[112.746956,33.404453],[112.746557,33.404372],[112.746243,33.404401],[112.745833,33.404549],[112.745532,33.404574],[112.744719,33.404545],[112.744204,33.404435],[112.743641,33.404453],[112.742895,33.404641],[112.742633,33.404827],[112.742327,33.405678],[112.742005,33.405801],[112.74178,33.40598],[112.740857,33.404249],[112.740881,33.403913],[112.741485,33.402348],[112.741638,33.401491],[112.741632,33.40023],[112.74109,33.398013],[112.740447,33.396564],[112.740339,33.396049],[112.740221,33.395718],[112.740262,33.39447],[112.740495,33.393214],[112.740422,33.392468],[112.740093,33.391846],[112.740055,33.39134],[112.740173,33.390121],[112.739148,33.389062],[112.738521,33.388686],[112.737963,33.388766],[112.73755,33.388928],[112.737421,33.388292],[112.736887,33.388177],[112.734991,33.388157],[112.734865,33.387651],[112.734288,33.386081],[112.733543,33.386032],[112.733108,33.385965],[112.732577,33.385297],[112.732652,33.383248],[112.732513,33.382068],[112.732046,33.381689],[112.729788,33.379407],[112.729495,33.379024],[112.729082,33.378621],[112.728157,33.378249],[112.72739,33.377982],[112.726757,33.377183],[112.726027,33.376589],[112.725129,33.376146],[112.72452,33.375888],[112.724254,33.375626],[112.723745,33.374524],[112.723232,33.373279],[112.722902,33.372607],[112.721929,33.371319]]]}},{"type":"Feature","properties":{"regionCode":"411321103","sourceCode":"411321103000","name":"皇路店镇","sourceName":"皇路店镇","parentCode":"411321","parentName":"南召县","regionLevel":"township","regionType":"town","isManagementZone":false,"source":"ruiduobao","sourceVersion":"mixed-legacy~2018-2020","geometryRepaired":false,"match2020":true,"match2023":true},"geometry":{"type":"Polygon","coordinates":[[[112.571489,33.199709],[112.571113,33.199812],[112.567728,33.200082],[112.567852,33.201267],[112.567393,33.201213],[112.566758,33.201065],[112.566122,33.201006],[112.565596,33.201047],[112.565422,33.203188],[112.565454,33.206404],[112.561812,33.206339],[112.560259,33.206523],[112.560189,33.207046],[112.560599,33.20795],[112.561154,33.209384],[112.561246,33.210048],[112.5612,33.210428],[112.560717,33.211585],[112.560433,33.211855],[112.559701,33.212263],[112.559127,33.212515],[112.558097,33.21264],[112.556753,33.212611],[112.555932,33.212465],[112.55527,33.212274],[112.554763,33.211927],[112.553668,33.210965],[112.553073,33.210394],[112.552367,33.209317],[112.552005,33.208702],[112.550965,33.20867],[112.55057,33.208704],[112.550493,33.208801],[112.549784,33.210396],[112.548336,33.213417],[112.547212,33.216051],[112.547049,33.216318],[112.546786,33.216978],[112.549138,33.217873],[112.549259,33.217889],[112.549688,33.218048],[112.551187,33.218656],[112.552681,33.219307],[112.552673,33.219276],[112.553202,33.219561],[112.554124,33.220292],[112.554339,33.220662],[112.554511,33.220801],[112.554913,33.220898],[112.555071,33.220985],[112.555216,33.22119],[112.555254,33.221425],[112.555428,33.221396],[112.556037,33.221472],[112.556426,33.221472],[112.556522,33.221432],[112.556933,33.22147],[112.556941,33.22162],[112.556839,33.221818],[112.556812,33.222029],[112.556836,33.222341],[112.557126,33.222489],[112.5573,33.222785],[112.557496,33.222906],[112.557659,33.223196],[112.557724,33.22349],[112.557877,33.224374],[112.557861,33.22486],[112.557812,33.225024],[112.55778,33.225408],[112.55778,33.226119],[112.557812,33.226393],[112.557895,33.226563],[112.558266,33.226833],[112.558496,33.22714],[112.558805,33.227441],[112.559379,33.228325],[112.559612,33.228825],[112.559612,33.229157],[112.559462,33.229812],[112.55951,33.230151],[112.559486,33.23029],[112.55906,33.230728],[112.558925,33.230802],[112.558625,33.231064],[112.559381,33.231708],[112.559499,33.231923],[112.559626,33.232401],[112.559575,33.232439],[112.559593,33.232662],[112.559341,33.232893],[112.559304,33.232904],[112.559261,33.232864],[112.559199,33.232913],[112.559102,33.233382],[112.558939,33.233424],[112.558172,33.233449],[112.558282,33.234001],[112.558282,33.234225],[112.557882,33.234313],[112.556992,33.234591],[112.556766,33.234714],[112.55645,33.23504],[112.556305,33.235298],[112.556141,33.235834],[112.555929,33.236132],[112.555785,33.236509],[112.555532,33.236785],[112.555125,33.237155],[112.554832,33.237315],[112.55435,33.237505],[112.553698,33.237819],[112.553454,33.237958],[112.553008,33.23832],[112.552472,33.238447],[112.552043,33.238479],[112.551474,33.238719],[112.551211,33.239136],[112.55119,33.239365],[112.551268,33.239621],[112.551262,33.239861],[112.551123,33.240179],[112.550914,33.240327],[112.550372,33.240597],[112.550077,33.24081],[112.549656,33.240971],[112.549495,33.241122],[112.549117,33.241629],[112.549374,33.24225],[112.549597,33.242373],[112.549945,33.243383],[112.549953,33.243565],[112.549189,33.243825],[112.549294,33.244139],[112.549329,33.244392],[112.549634,33.245337],[112.549704,33.245601],[112.549696,33.245691],[112.549795,33.245736],[112.550198,33.24572],[112.550144,33.245361],[112.550997,33.245413],[112.551018,33.245514],[112.550938,33.245794],[112.550678,33.245987],[112.550742,33.246057],[112.551241,33.246115],[112.551262,33.246281],[112.551879,33.246382],[112.55197,33.246326],[112.552024,33.246182],[112.552083,33.245826],[112.552861,33.246117],[112.552515,33.246714],[112.552716,33.246858],[112.553014,33.247192],[112.553236,33.247506],[112.5534,33.247647],[112.553419,33.247748],[112.553309,33.248188],[112.553003,33.248908],[112.552874,33.249495],[112.552848,33.250029],[112.552708,33.250328],[112.552652,33.250608],[112.552636,33.250765],[112.552684,33.250974],[112.552845,33.251348],[112.552845,33.251629],[112.552665,33.251974],[112.552381,33.252216],[112.552284,33.252373],[112.5523,33.253062],[112.552392,33.253275],[112.552287,33.253322],[112.552201,33.25345],[112.552115,33.253463],[112.551759,33.25367],[112.551437,33.253952],[112.551236,33.254],[112.55086,33.254029],[112.550761,33.254262],[112.55071,33.254504],[112.550595,33.254744],[112.550509,33.25511],[112.550297,33.255727],[112.549854,33.255626],[112.549342,33.255565],[112.549232,33.255621],[112.549154,33.255713],[112.549122,33.256151],[112.549025,33.256577],[112.54894,33.256803],[112.54883,33.256918],[112.548709,33.257164],[112.548545,33.257783],[112.54861,33.257851],[112.548741,33.257911],[112.549009,33.257949],[112.549068,33.258086],[112.549007,33.258319],[112.548218,33.258346],[112.545925,33.256828],[112.542242,33.256882],[112.541193,33.253558],[112.539192,33.252631],[112.535421,33.255552],[112.533538,33.253073],[112.532487,33.249749],[112.531183,33.248098],[112.530043,33.249374],[112.530054,33.250052],[112.528987,33.252654],[112.525975,33.255751],[112.526919,33.261847],[112.529984,33.2618],[112.530301,33.263911],[112.534016,33.269024],[112.536808,33.269217],[112.536266,33.270166],[112.532929,33.270686],[112.531564,33.27235],[112.532471,33.27633],[112.533646,33.279604],[112.533702,33.282891],[112.527672,33.288855],[112.52911,33.291185],[112.531098,33.293268],[112.531706,33.296079],[112.533125,33.297467],[112.535926,33.29813],[112.535976,33.300948],[112.533171,33.300052],[112.528431,33.300123],[112.526205,33.30039],[112.526224,33.301565],[112.527098,33.303668],[112.529625,33.304569],[112.529368,33.305748],[112.527477,33.309301],[112.525537,33.310034],[112.525052,33.314035],[112.523129,33.315709],[112.522311,33.316895],[112.517281,33.316267],[112.517019,33.317211],[112.515648,33.318641],[112.514272,33.319603],[112.512062,33.320811],[112.510147,33.322955],[112.510171,33.324363],[112.507121,33.325351],[112.504334,33.325392],[112.501333,33.329197],[112.499938,33.329217],[112.499152,33.33205],[112.49893,33.335342],[112.498436,33.339109],[112.501521,33.340001],[112.500992,33.341654],[112.501027,33.343769],[112.503538,33.343731],[112.504683,33.345358],[112.506633,33.345327],[112.507483,33.34582],[112.507526,33.345806],[112.507567,33.345878],[112.508071,33.346333],[112.505955,33.353175],[112.504289,33.35367],[112.503766,33.355792],[112.504549,33.357165],[112.563558,33.330528],[112.609464,33.309911],[112.620348,33.307427],[112.635637,33.3157],[112.641602,33.313887],[112.642382,33.315113],[112.642219,33.315201],[112.641878,33.315171],[112.641599,33.315209],[112.641519,33.315261],[112.641409,33.31557],[112.641621,33.315595],[112.64172,33.315647],[112.641838,33.315851],[112.641878,33.316003],[112.641902,33.31625],[112.64183,33.316366],[112.64146,33.316666],[112.64146,33.316796],[112.641481,33.316944],[112.641822,33.317872],[112.642034,33.318025],[112.641943,33.318215],[112.641983,33.318332],[112.642138,33.318507],[112.642149,33.318654],[112.642294,33.318583],[112.642431,33.318558],[112.642554,33.31865],[112.642718,33.318621],[112.643133,33.319428],[112.643927,33.319217],[112.644418,33.319945],[112.644917,33.319748],[112.645011,33.319742],[112.64518,33.319894],[112.644633,33.320237],[112.64621,33.322938],[112.64739,33.324374],[112.647798,33.324766],[112.648672,33.32547],[112.64897,33.32575],[112.649863,33.326736],[112.650107,33.327048],[112.650673,33.328182],[112.650866,33.328536],[112.651164,33.328957],[112.651376,33.32941],[112.652564,33.329713],[112.65375,33.332205],[112.655606,33.332422],[112.65585,33.330271],[112.66112,33.330329],[112.660895,33.326037],[112.660249,33.321987],[112.657845,33.322969],[112.655689,33.32192],[112.657937,33.320223],[112.66067,33.321745],[112.661555,33.323285],[112.661303,33.317561],[112.659921,33.312446],[112.655641,33.30462],[112.657274,33.300664],[112.662558,33.301437],[112.663279,33.301908],[112.665369,33.299498],[112.66881,33.30065],[112.670428,33.303257],[112.674985,33.303322],[112.675191,33.299265],[112.677141,33.296974],[112.67334,33.292008],[112.671806,33.293577],[112.667182,33.290169],[112.66428,33.28734],[112.661885,33.288678],[112.660922,33.283082],[112.663617,33.282573],[112.658916,33.282389],[112.65887,33.280003],[112.654329,33.280651],[112.653398,33.280254],[112.653396,33.280082],[112.653068,33.279983],[112.652419,33.279927],[112.652046,33.279786],[112.650842,33.278205],[112.650644,33.277911],[112.650472,33.277552],[112.650177,33.277207],[112.648106,33.275435],[112.646652,33.274458],[112.645129,33.273502],[112.645309,33.273117],[112.645515,33.27291],[112.645936,33.272296],[112.646162,33.271919],[112.646272,33.271596],[112.646585,33.271289],[112.646795,33.270924],[112.647205,33.270587],[112.647578,33.270197],[112.64779,33.269802],[112.648157,33.2688],[112.648399,33.268338],[112.648302,33.267878],[112.648452,33.267178],[112.648613,33.266795],[112.648919,33.266432],[112.649361,33.265763],[112.649769,33.265247],[112.650923,33.26453],[112.651451,33.264133],[112.651958,33.26346],[112.651853,33.262854],[112.65195,33.262357],[112.652395,33.262054],[112.653009,33.261397],[112.653578,33.260621],[112.653822,33.260185],[112.654235,33.259903],[112.654613,33.259739],[112.655008,33.259416],[112.655297,33.2591],[112.655504,33.258104],[112.65578,33.257451],[112.655799,33.257075],[112.655018,33.256482],[112.655281,33.255769],[112.65552,33.255457],[112.655718,33.255105],[112.656075,33.254742],[112.656582,33.254728],[112.657183,33.25456],[112.657507,33.25417],[112.657792,33.253894],[112.658556,33.253446],[112.659272,33.253311],[112.659621,33.2531],[112.659758,33.252804],[112.659747,33.25245],[112.659608,33.251945],[112.659602,33.251651],[112.659342,33.25127],[112.659235,33.250835],[112.659283,33.250184],[112.65927,33.249863],[112.658883,33.249583],[112.659144,33.248172],[112.658991,33.247396],[112.658913,33.246638],[112.658843,33.246321],[112.658744,33.246034],[112.658438,33.24542],[112.657872,33.245144],[112.657405,33.24507],[112.657167,33.244318],[112.657113,33.243302],[112.657298,33.24256],[112.657352,33.242005],[112.657368,33.241393],[112.657481,33.240875],[112.657089,33.240478],[112.656982,33.238903],[112.657014,33.23849],[112.657118,33.238023],[112.657405,33.237104],[112.657829,33.236143],[112.658264,33.235435],[112.658634,33.235228],[112.658728,33.234656],[112.659028,33.233615],[112.659224,33.233196],[112.659355,33.232671],[112.659393,33.232072],[112.659264,33.230461],[112.65935,33.229873],[112.659216,33.229011],[112.659042,33.228388],[112.658524,33.226949],[112.657741,33.225249],[112.657448,33.224432],[112.657234,33.224068],[112.656947,33.223667],[112.656413,33.223003],[112.6546,33.221252],[112.653235,33.220267],[112.651617,33.219401],[112.650281,33.218614],[112.649909,33.218358],[112.649364,33.217914],[112.648951,33.217638],[112.648128,33.21718],[112.647471,33.2167],[112.646339,33.216026],[112.644273,33.215129],[112.643935,33.214931],[112.643635,33.214698],[112.643093,33.2142],[112.640843,33.216011],[112.639276,33.21694],[112.638415,33.217395],[112.637517,33.217406],[112.635629,33.217027],[112.635473,33.216569],[112.635229,33.215228],[112.635098,33.214911],[112.634258,33.213881],[112.632863,33.213987],[112.631844,33.214272],[112.632295,33.216466],[112.632303,33.216877],[112.632434,33.217752],[112.632402,33.218176],[112.630286,33.218699],[112.629736,33.218896],[112.629797,33.219372],[112.629883,33.21968],[112.629618,33.220007],[112.629205,33.22011],[112.628384,33.220032],[112.62778,33.220173],[112.62626,33.220705],[112.624725,33.218905],[112.623036,33.218773],[112.622105,33.218475],[112.622041,33.217743],[112.620906,33.217846],[112.619645,33.218174],[112.61854,33.21832],[112.617438,33.21858],[112.616411,33.218703],[112.614911,33.218968],[112.612025,33.219738],[112.612666,33.22281],[112.612795,33.224317],[112.612666,33.224584],[112.612379,33.224811],[112.611907,33.224905],[112.610695,33.224943],[112.608587,33.225148],[112.607401,33.225145],[112.607186,33.223873],[112.607095,33.223599],[112.60705,33.223191],[112.607074,33.222704],[112.606975,33.222273],[112.606926,33.221661],[112.606867,33.22132],[112.606607,33.22143],[112.60632,33.219478],[112.603681,33.219511],[112.6037,33.220465],[112.60212,33.220685],[112.600832,33.221035],[112.598815,33.221726],[112.597606,33.222074],[112.596589,33.222641],[112.595468,33.223364],[112.594644,33.223599],[112.594494,33.223178],[112.594317,33.222107],[112.594325,33.221818],[112.594457,33.221479],[112.594631,33.221241],[112.595151,33.220727],[112.595374,33.220458],[112.59553,33.220211],[112.595645,33.219868],[112.59568,33.219426],[112.595564,33.218659],[112.59554,33.218221],[112.595444,33.217712],[112.593486,33.217514],[112.593389,33.216493],[112.59476,33.216365],[112.594663,33.215501],[112.593606,33.215295],[112.592981,33.213513],[112.59267,33.213551],[112.592072,33.213785],[112.591732,33.213856],[112.590594,33.214193],[112.590254,33.214182],[112.589344,33.21402],[112.588816,33.214054],[112.588052,33.214238],[112.587419,33.214337],[112.586523,33.214696],[112.586367,33.214341],[112.585911,33.212883],[112.585828,33.212366],[112.585949,33.212028],[112.585949,33.210558],[112.585764,33.209095],[112.585646,33.208489],[112.585498,33.208208],[112.585399,33.207732],[112.585235,33.206543],[112.584771,33.20383],[112.583355,33.198317],[112.574415,33.199321],[112.571489,33.199709]]]}},{"type":"Feature","properties":{"regionCode":"411321104","sourceCode":"411321104000","name":"南河店镇","sourceName":"南河店镇","parentCode":"411321","parentName":"南召县","regionLevel":"township","regionType":"town","isManagementZone":false,"source":"ruiduobao","sourceVersion":"mixed-legacy~2018-2020","geometryRepaired":true,"match2020":true,"match2023":true},"geometry":{"type":"Polygon","coordinates":[[[112.402266,33.284272],[112.401941,33.284382],[112.401555,33.28462],[112.401123,33.285113],[112.400938,33.285456],[112.400664,33.285826],[112.400426,33.285925],[112.399844,33.286281],[112.399522,33.286571],[112.399149,33.286842],[112.398846,33.287295],[112.398596,33.287555],[112.398422,33.287636],[112.397875,33.288037],[112.397633,33.288167],[112.39792,33.288223],[112.398098,33.28855],[112.398194,33.288609],[112.398806,33.288842],[112.399071,33.288902],[112.399355,33.289082],[112.399651,33.289089],[112.399782,33.289131],[112.400039,33.289349],[112.400222,33.289427],[112.400718,33.289873],[112.401051,33.290308],[112.401456,33.290604],[112.401968,33.290705],[112.402298,33.290824],[112.402207,33.290887],[112.402172,33.291293],[112.402384,33.292414],[112.402405,33.292745],[112.402569,33.29327],[112.402909,33.294167],[112.40306,33.294445],[112.403379,33.294898],[112.403666,33.295218],[112.40387,33.295548],[112.404183,33.296326],[112.404291,33.296689],[112.404618,33.297079],[112.404634,33.297169],[112.404543,33.297545],[112.40443,33.297767],[112.40428,33.297879],[112.403668,33.298097],[112.403132,33.298231],[112.402239,33.298561],[112.401879,33.298648],[112.401362,33.298716],[112.400734,33.298686],[112.400517,33.298729],[112.400407,33.2987],[112.400208,33.29872],[112.399637,33.299065],[112.398116,33.299523],[112.397269,33.299843],[112.397789,33.300522],[112.397942,33.300836],[112.398277,33.301347],[112.398435,33.301509],[112.399055,33.301924],[112.399117,33.302002],[112.399162,33.30219],[112.399077,33.302601],[112.399125,33.302854],[112.39942,33.303159],[112.399551,33.303378],[112.399747,33.303574],[112.399921,33.303816],[112.40079,33.304022],[112.400858,33.304156],[112.401204,33.304542],[112.401456,33.304564],[112.401622,33.304688],[112.401727,33.304894],[112.401906,33.304912],[112.402118,33.305084],[112.402188,33.305102],[112.402327,33.305609],[112.402327,33.305853],[112.402392,33.305983],[112.40259,33.306172],[112.402821,33.30647],[112.402928,33.306862],[112.40292,33.307066],[112.40284,33.30736],[112.40277,33.307505],[112.402663,33.307588],[112.4027,33.308512],[112.402547,33.308855],[112.40248,33.308942],[112.402295,33.308593],[112.40222,33.308523],[112.402043,33.308438],[112.401659,33.308097],[112.401319,33.307951],[112.400962,33.307882],[112.400581,33.30799],[112.399997,33.308456],[112.399795,33.308449],[112.399688,33.308377],[112.399543,33.308095],[112.399144,33.307487],[112.398991,33.307366],[112.398556,33.307438],[112.398326,33.307438],[112.397896,33.307281],[112.397432,33.307416],[112.397357,33.307452],[112.397296,33.307552],[112.397057,33.307624],[112.396821,33.307642],[112.396215,33.307772],[112.396182,33.307904],[112.396263,33.307954],[112.396614,33.308129],[112.396864,33.308306],[112.397314,33.308521],[112.397631,33.308597],[112.398065,33.308776],[112.398207,33.308983],[112.398154,33.309346],[112.398022,33.309516],[112.397813,33.309615],[112.39758,33.309677],[112.396909,33.309698],[112.39674,33.309767],[112.396834,33.309895],[112.397199,33.310038],[112.398189,33.310263],[112.398631,33.31031],[112.398937,33.310417],[112.399364,33.310516],[112.399667,33.310688],[112.400321,33.311168],[112.400208,33.31139],[112.399919,33.311614],[112.397633,33.312748],[112.396829,33.313275],[112.396416,33.313466],[112.395842,33.313815],[112.39548,33.314152],[112.39541,33.314347],[112.395482,33.314654],[112.395633,33.314974],[112.395861,33.315236],[112.395877,33.31553],[112.395941,33.315557],[112.396376,33.316023],[112.397084,33.316427],[112.397344,33.316655],[112.39744,33.316792],[112.397749,33.317619],[112.397851,33.317753],[112.398004,33.317881],[112.398277,33.318056],[112.398661,33.318202],[112.399739,33.318321],[112.399924,33.318403],[112.400157,33.318621],[112.400976,33.318547],[112.401499,33.318601],[112.401842,33.318778],[112.401955,33.318879],[112.402027,33.31908],[112.401987,33.319275],[112.401987,33.319502],[112.40178,33.319896],[112.401512,33.320069],[112.401273,33.320172],[112.401123,33.320219],[112.400788,33.320244],[112.400729,33.320275],[112.40067,33.320365],[112.400702,33.320472],[112.4013,33.320911],[112.401571,33.321203],[112.401217,33.321427],[112.4006,33.320918],[112.400479,33.320864],[112.400235,33.320672],[112.400096,33.320625],[112.399581,33.320598],[112.398537,33.32062],[112.398221,33.320746],[112.397537,33.320894],[112.397384,33.320981],[112.397322,33.321091],[112.397322,33.321169],[112.397346,33.321277],[112.39747,33.321463],[112.397682,33.321658],[112.397749,33.321783],[112.397792,33.322465],[112.397929,33.322801],[112.398763,33.323991],[112.39887,33.32409],[112.399176,33.324276],[112.399305,33.324421],[112.399181,33.324569],[112.399114,33.324771],[112.398556,33.325174],[112.398385,33.325519],[112.398409,33.325616],[112.398596,33.325865],[112.398832,33.326095],[112.399449,33.326313],[112.400117,33.326748],[112.400621,33.326869],[112.400908,33.326904],[112.401018,33.326878],[112.40134,33.326709],[112.40159,33.327003],[112.40171,33.327247],[112.401912,33.327823],[112.401904,33.328204],[112.40182,33.328417],[112.401815,33.328531],[112.401981,33.329087],[112.401987,33.329305],[112.401799,33.329598],[112.40152,33.330266],[112.401434,33.330555],[112.401426,33.33071],[112.401316,33.331032],[112.401069,33.331353],[112.401013,33.331501],[112.400954,33.331898],[112.400976,33.332115],[112.4009,33.332314],[112.400908,33.33244],[112.401145,33.332642],[112.401381,33.332928],[112.401386,33.333009],[112.401169,33.333397],[112.400879,33.333596],[112.40068,33.333872],[112.400627,33.334006],[112.400402,33.334224],[112.400332,33.334255],[112.400348,33.33467],[112.400278,33.334965],[112.400302,33.33514],[112.400458,33.335418],[112.400611,33.335783],[112.400967,33.335951],[112.401077,33.336108],[112.401142,33.336283],[112.401305,33.336442],[112.401348,33.336639],[112.401338,33.33687],[112.40141,33.337049],[112.401563,33.337251],[112.401839,33.337522],[112.401936,33.337861],[112.401912,33.337932],[112.402019,33.33817],[112.402298,33.338631],[112.402419,33.3389],[112.402614,33.339149],[112.40284,33.339539],[112.402915,33.339738],[112.402464,33.340036],[112.402183,33.340155],[112.402083,33.340229],[112.40204,33.34057],[112.401925,33.34076],[112.401861,33.340966],[112.401826,33.341172],[112.40185,33.341453],[112.401925,33.341914],[112.402081,33.342465],[112.401955,33.342622],[112.401955,33.342754],[112.401898,33.342768],[112.402105,33.343539],[112.401842,33.343873],[112.401769,33.344034],[112.401823,33.344202],[112.40174,33.344327],[112.401769,33.344513],[112.401858,33.344677],[112.40185,33.344849],[112.401909,33.345376],[112.402019,33.345945],[112.402303,33.346353],[112.402467,33.346734],[112.402537,33.346985],[112.402896,33.347276],[112.403078,33.347713],[112.403247,33.347948],[112.403395,33.348076],[112.403137,33.348197],[112.40263,33.347664],[112.402132,33.347012],[112.401815,33.345885],[112.401729,33.345307],[112.401694,33.344789],[112.400772,33.345033],[112.400954,33.345333],[112.400796,33.345365],[112.401037,33.345775],[112.400777,33.34586],[112.401145,33.346472],[112.401238,33.346678],[112.401354,33.346741],[112.401992,33.347296],[112.402494,33.347829],[112.402681,33.348116],[112.402936,33.348349],[112.402856,33.348434],[112.402496,33.348638],[112.402444,33.348706],[112.401949,33.348939],[112.402105,33.349013],[112.402478,33.349346],[112.40167,33.349951],[112.401214,33.349405],[112.400554,33.34895],[112.400069,33.348504],[112.398975,33.347341],[112.398733,33.347126],[112.398291,33.346646],[112.397953,33.346346],[112.397395,33.345719],[112.397025,33.345369],[112.396515,33.344809],[112.395453,33.343783],[112.395115,33.343355],[112.395069,33.343212],[112.394737,33.343373],[112.394345,33.343319],[112.393892,33.343445],[112.393465,33.343507],[112.393377,33.343552],[112.393323,33.343655],[112.393355,33.344007],[112.393329,33.344083],[112.393036,33.344327],[112.392873,33.344417],[112.392771,33.344569],[112.392736,33.345147],[112.392639,33.34558],[112.392594,33.345627],[112.392575,33.34575],[112.392433,33.34597],[112.392258,33.346162],[112.392181,33.346198],[112.391776,33.346261],[112.391456,33.346418],[112.391295,33.346581],[112.391223,33.346992],[112.390837,33.347292],[112.390759,33.347435],[112.390751,33.347565],[112.390992,33.347937],[112.391448,33.34828],[112.391615,33.348466],[112.39177,33.348706],[112.39181,33.348979],[112.391751,33.349167],[112.391926,33.349472],[112.391907,33.349685],[112.391778,33.349985],[112.39166,33.350072],[112.390923,33.350361],[112.390805,33.350449],[112.390534,33.351022],[112.390477,33.351235],[112.390354,33.351396],[112.390217,33.351473],[112.389984,33.35152],[112.389764,33.351488],[112.389576,33.351598],[112.389171,33.351762],[112.389093,33.351862],[112.388573,33.352243],[112.388425,33.352313],[112.387782,33.352272],[112.387519,33.352319],[112.386875,33.351965],[112.386811,33.351887],[112.386677,33.350879],[112.385244,33.35003],[112.385148,33.349759],[112.385008,33.349682],[112.384563,33.349579],[112.38422,33.349783],[112.383938,33.349882],[112.383479,33.3499],[112.383077,33.349826],[112.383101,33.349443],[112.382696,33.349142],[112.381913,33.348688],[112.381519,33.348616],[112.381025,33.348291],[112.380502,33.348071],[112.379974,33.348222],[112.378858,33.348909],[112.378839,33.348638],[112.378724,33.348197],[112.378708,33.347977],[112.378748,33.347574],[112.378609,33.347518],[112.378407,33.347489],[112.378324,33.347538],[112.378171,33.34746],[112.377753,33.347354],[112.37745,33.347171],[112.377182,33.347166],[112.377069,33.3472],[112.376632,33.34752],[112.37616,33.347924],[112.376026,33.347995],[112.375983,33.347897],[112.375803,33.347722],[112.375044,33.347077],[112.374837,33.34696],[112.374542,33.346853],[112.374239,33.346788],[112.374119,33.346662],[112.373842,33.346508],[112.373681,33.346369],[112.373456,33.346275],[112.373035,33.346174],[112.372397,33.346218],[112.371938,33.346306],[112.372126,33.346037],[112.372128,33.345896],[112.372008,33.345755],[112.371643,33.345629],[112.371477,33.345531],[112.370838,33.345271],[112.370361,33.345105],[112.369996,33.345062],[112.369532,33.34517],[112.369449,33.345163],[112.369017,33.345018],[112.368757,33.344865],[112.368647,33.344854],[112.368451,33.344897],[112.367413,33.344809],[112.367107,33.344861],[112.366976,33.344923],[112.366721,33.344939],[112.36652,33.344861],[112.36604,33.344547],[112.364645,33.344101],[112.364355,33.343969],[112.364221,33.343808],[112.364468,33.343389],[112.364506,33.343252],[112.364267,33.343243],[112.363902,33.343086],[112.363529,33.342763],[112.363433,33.342535],[112.36295,33.342268],[112.362676,33.342071],[112.362236,33.342011],[112.362124,33.34193],[112.362011,33.341771],[112.361853,33.341677],[112.361705,33.341627],[112.361507,33.341612],[112.361332,33.341535],[112.36104,33.341513],[112.360917,33.341423],[112.360466,33.341269],[112.360319,33.341184],[112.360209,33.34106],[112.360193,33.340971],[112.360219,33.340845],[112.360402,33.340467],[112.360359,33.340209],[112.360158,33.340068],[112.359865,33.339969],[112.358921,33.340068],[112.358677,33.340119],[112.358511,33.340106],[112.358387,33.340032],[112.358178,33.339678],[112.358039,33.33957],[112.357451,33.33936],[112.356848,33.339413],[112.356488,33.339337],[112.356204,33.339066],[112.356161,33.339077],[112.356073,33.339223],[112.355831,33.339319],[112.35552,33.339344],[112.354946,33.33927],[112.354694,33.339167],[112.354439,33.338858],[112.354396,33.338759],[112.354166,33.338609],[112.353908,33.338667],[112.353463,33.338663],[112.353221,33.338717],[112.353168,33.338777],[112.352897,33.338858],[112.352567,33.338873],[112.352218,33.338985],[112.351526,33.338983],[112.351475,33.339037],[112.351373,33.339062],[112.351263,33.339136],[112.35066,33.339331],[112.350301,33.339387],[112.34971,33.339413],[112.349662,33.339615],[112.349579,33.339716],[112.349043,33.339685],[112.348664,33.339832],[112.34878,33.34005],[112.349018,33.34026],[112.348769,33.340408],[112.348463,33.34048],[112.348233,33.340603],[112.347592,33.340839],[112.347414,33.340859],[112.347149,33.34098],[112.34705,33.341092],[112.346999,33.341329],[112.346891,33.341549],[112.34668,33.341764],[112.346543,33.341795],[112.346234,33.341748],[112.345768,33.341533],[112.345424,33.341847],[112.345215,33.341954],[112.345017,33.341968],[112.344818,33.34195],[112.344695,33.341898],[112.344614,33.341789],[112.344451,33.341408],[112.344405,33.341193],[112.344421,33.340762],[112.344327,33.339597],[112.344308,33.339514],[112.344204,33.33936],[112.344094,33.339306],[112.343925,33.339297],[112.343509,33.339416],[112.34308,33.339283],[112.342393,33.339543],[112.3422,33.339707],[112.34205,33.340034],[112.342023,33.340626],[112.341921,33.34076],[112.341605,33.340971],[112.341275,33.340962],[112.340966,33.341011],[112.340859,33.340993],[112.340516,33.340904],[112.340049,33.340617],[112.339768,33.340632],[112.33933,33.340471],[112.339172,33.340478],[112.338941,33.340422],[112.338335,33.340355],[112.337163,33.340655],[112.337085,33.340281],[112.337126,33.340081],[112.33715,33.339001],[112.337171,33.338918],[112.337305,33.338748],[112.337523,33.338676],[112.337697,33.338508],[112.337729,33.338284],[112.33767,33.337903],[112.33749,33.337397],[112.337378,33.337191],[112.337295,33.337177],[112.337109,33.337296],[112.336922,33.33726],[112.336739,33.337291],[112.336458,33.337572],[112.336184,33.337679],[112.335559,33.337762],[112.335162,33.338042],[112.334816,33.338118],[112.334162,33.338551],[112.333727,33.338634],[112.33267,33.338609],[112.332464,33.338674],[112.33218,33.338849],[112.331758,33.339035],[112.331662,33.339102],[112.331466,33.339333],[112.331372,33.339407],[112.331273,33.339429],[112.330755,33.339882],[112.330487,33.34001],[112.330313,33.340135],[112.330197,33.340321],[112.330157,33.340879],[112.330039,33.341009],[112.330058,33.341287],[112.330034,33.341329],[112.329776,33.341197],[112.32972,33.341078],[112.329631,33.34104],[112.329141,33.341016],[112.328489,33.341157],[112.328009,33.341341],[112.327826,33.341462],[112.327778,33.341766],[112.327738,33.341838],[112.327282,33.342199],[112.327236,33.342512],[112.327086,33.342618],[112.326874,33.342721],[112.326528,33.342705],[112.326212,33.342806],[112.325646,33.343068],[112.325214,33.343182],[112.324001,33.343825],[112.323881,33.343846],[112.323216,33.343787],[112.322497,33.34381],[112.322255,33.343778],[112.321984,33.343684],[112.321743,33.343527],[112.321378,33.343073],[112.32111,33.342922],[112.320874,33.342685],[112.32063,33.342499],[112.320525,33.342461],[112.32045,33.342371],[112.320407,33.341939],[112.320426,33.341441],[112.320359,33.341316],[112.320016,33.34098],[112.319798,33.340621],[112.319528,33.340413],[112.319174,33.340303],[112.319096,33.340252],[112.318927,33.340104],[112.318667,33.339947],[112.31802,33.339407],[112.317548,33.339234],[112.317119,33.339145],[112.315992,33.339077],[112.315633,33.339113],[112.315086,33.339239],[112.314831,33.339319],[112.3147,33.339398],[112.314434,33.339425],[112.314166,33.339514],[112.31389,33.339523],[112.313544,33.339689],[112.313468,33.339909],[112.313557,33.340267],[112.313367,33.340727],[112.313165,33.341047],[112.313122,33.341226],[112.31305,33.341334],[112.312766,33.341576],[112.312629,33.341764],[112.312487,33.341892],[112.311961,33.342261],[112.311808,33.342315],[112.311443,33.342306],[112.311237,33.342427],[112.310671,33.34245],[112.310384,33.342537],[112.310108,33.342512],[112.309963,33.342405],[112.309845,33.342676],[112.309866,33.342893],[112.310019,33.343203],[112.31003,33.343281],[112.309974,33.343404],[112.309724,33.34357],[112.309448,33.343633],[112.308879,33.34385],[112.308619,33.344059],[112.308115,33.344361],[112.307691,33.344802],[112.307562,33.345067],[112.30757,33.34534],[112.307796,33.345856],[112.307997,33.346115],[112.308005,33.34627],[112.307849,33.34636],[112.307549,33.346389],[112.307251,33.346485],[112.306825,33.346747],[112.306505,33.347014],[112.306299,33.347245],[112.305972,33.347482],[112.305129,33.3483],[112.304883,33.348616],[112.304161,33.349216],[112.30363,33.349853],[112.302646,33.350744],[112.302496,33.351083],[112.302372,33.35115],[112.302117,33.351184],[112.302048,33.351224],[112.301766,33.351452],[112.301482,33.351753],[112.301004,33.351925],[112.3001,33.352069],[112.299687,33.352458],[112.299537,33.352514],[112.299304,33.352535],[112.29903,33.352635],[112.298808,33.35285],[112.298687,33.35316],[112.298494,33.35346],[112.298335,33.354],[112.297957,33.354466],[112.297904,33.354594],[112.297858,33.35486],[112.297912,33.355281],[112.297896,33.356059],[112.297965,33.356337],[112.298217,33.35667],[112.298566,33.356968],[112.298993,33.357437],[112.299094,33.357584],[112.299129,33.357712],[112.299132,33.357981],[112.299078,33.358167],[112.298808,33.358534],[112.298767,33.358689],[112.298858,33.358915],[112.299103,33.359101],[112.29921,33.359332],[112.299226,33.359453],[112.299159,33.360208],[112.299204,33.360297],[112.299451,33.360521],[112.299792,33.360777],[112.29991,33.360925],[112.300014,33.361205],[112.30017,33.361467],[112.30068,33.361897],[112.300851,33.362262],[112.301176,33.36282],[112.301605,33.363176],[112.301809,33.363241],[112.302123,33.36312],[112.302418,33.363048],[112.302667,33.36291],[112.302772,33.362889],[112.30359,33.362889],[112.304274,33.36312],[112.304499,33.363246],[112.304869,33.36329],[112.305105,33.363402],[112.305221,33.363548],[112.305296,33.36383],[112.305239,33.364377],[112.305309,33.364758],[112.305328,33.365219],[112.305274,33.365369],[112.305103,33.365611],[112.305087,33.366039],[112.304885,33.366388],[112.304821,33.366814],[112.304802,33.367267],[112.304617,33.367589],[112.304633,33.367771],[112.304832,33.368091],[112.304907,33.368284],[112.304687,33.368947],[112.304671,33.36961],[112.304735,33.369749],[112.304875,33.369912],[112.305604,33.37032],[112.305658,33.370362],[112.305776,33.370586],[112.305854,33.370651],[112.306197,33.370763],[112.306503,33.370947],[112.307248,33.37178],[112.307455,33.372204],[112.307616,33.372412],[112.307704,33.372582],[112.307688,33.372851],[112.30764,33.37292],[112.307109,33.373247],[112.306948,33.373238],[112.306782,33.373091],[112.306701,33.373068],[112.305741,33.373077],[112.305003,33.373364],[112.304601,33.373453],[112.30404,33.373523],[112.303823,33.373606],[112.303611,33.373819],[112.303204,33.373881],[112.303153,33.374394],[112.303225,33.374735],[112.303303,33.3749],[112.303295,33.375313],[112.303646,33.37564],[112.30363,33.37577],[112.303542,33.375929],[112.30359,33.376067],[112.304006,33.376473],[112.304137,33.376648],[112.304397,33.37678],[112.30488,33.376753],[112.304952,33.376849],[112.305207,33.377035],[112.305376,33.377263],[112.305473,33.377597],[112.305596,33.377741],[112.305832,33.377832],[112.306049,33.378007],[112.306192,33.378065],[112.3065,33.378408],[112.30691,33.378607],[112.307181,33.37882],[112.307495,33.379284],[112.307602,33.37962],[112.307723,33.379808],[112.308662,33.379703],[112.309105,33.379568],[112.309193,33.379586],[112.309383,33.379718],[112.309729,33.380126],[112.30992,33.380189],[112.310094,33.380198],[112.310303,33.380133],[112.310778,33.379763],[112.310848,33.379611],[112.310958,33.379483],[112.311079,33.379226],[112.311164,33.379136],[112.311449,33.378477],[112.311642,33.378195],[112.311808,33.377792],[112.312076,33.377427],[112.312468,33.377268],[112.312763,33.37721],[112.31305,33.377201],[112.313267,33.377237],[112.313651,33.377078],[112.313941,33.377046],[112.315215,33.377342],[112.31533,33.377382],[112.315582,33.377546],[112.315732,33.377582],[112.316097,33.377543],[112.316223,33.377461],[112.316384,33.377425],[112.316569,33.377183],[112.316585,33.37712],[112.31651,33.376876],[112.316464,33.376303],[112.316604,33.375938],[112.316749,33.375729],[112.31695,33.375602],[112.317047,33.375501],[112.317307,33.375369],[112.317631,33.375322],[112.317937,33.375344],[112.318219,33.375281],[112.318439,33.37531],[112.318621,33.375286],[112.319034,33.375404],[112.319241,33.375543],[112.319723,33.375761],[112.320464,33.37592],[112.320676,33.37583],[112.320802,33.375736],[112.320882,33.375523],[112.321502,33.374645],[112.321617,33.374576],[112.322143,33.374403],[112.322636,33.374426],[112.322921,33.374403],[112.323178,33.374307],[112.323723,33.373944],[112.324136,33.373599],[112.324447,33.373113],[112.324656,33.373079],[112.324854,33.373097],[112.325335,33.373283],[112.325493,33.373277],[112.325978,33.373053],[112.326445,33.372786],[112.326708,33.372705],[112.327145,33.372656],[112.327411,33.372788],[112.32773,33.373102],[112.328403,33.373516],[112.328811,33.373704],[112.329055,33.373756],[112.329361,33.373767],[112.329913,33.373895],[112.330063,33.373668],[112.330157,33.373586],[112.330562,33.37333],[112.330699,33.373044],[112.330731,33.372701],[112.330919,33.372463],[112.331429,33.37198],[112.331917,33.371666],[112.332182,33.37144],[112.332367,33.371198],[112.332397,33.371104],[112.332467,33.370546],[112.332839,33.370329],[112.33329,33.370318],[112.333993,33.370423],[112.334403,33.370284],[112.334588,33.370277],[112.33542,33.370624],[112.335699,33.37068],[112.335819,33.370734],[112.336031,33.370909],[112.336077,33.37099],[112.336133,33.371144],[112.336098,33.371446],[112.336294,33.37155],[112.336718,33.37148],[112.336946,33.37139],[112.337075,33.371422],[112.337354,33.371408],[112.337603,33.371442],[112.337909,33.371422],[112.338029,33.371375],[112.33829,33.371187],[112.338512,33.371142],[112.338789,33.371245],[112.339003,33.371534],[112.339153,33.37159],[112.339515,33.371527],[112.339896,33.371294],[112.340076,33.37122],[112.340438,33.371153],[112.340679,33.371198],[112.340972,33.371187],[112.341645,33.37086],[112.341913,33.37077],[112.342104,33.370797],[112.342302,33.370875],[112.34315,33.370882],[112.343641,33.370994],[112.34411,33.371016],[112.344351,33.371189],[112.344724,33.371536],[112.34496,33.371655],[112.345143,33.371823],[112.345274,33.371998],[112.345666,33.372217],[112.346009,33.372325],[112.346317,33.372381],[112.346993,33.372407],[112.347406,33.372495],[112.347841,33.372643],[112.348664,33.372656],[112.348841,33.372645],[112.349568,33.372347],[112.349879,33.372295],[112.349984,33.372204],[112.350067,33.371751],[112.350354,33.371323],[112.350397,33.371169],[112.350394,33.370763],[112.350703,33.369968],[112.350816,33.369341],[112.350665,33.368736],[112.350657,33.368543],[112.350719,33.368371],[112.350813,33.368203],[112.351089,33.367916],[112.351526,33.367237],[112.351647,33.367103],[112.3521,33.366924],[112.352395,33.36685],[112.352993,33.366828],[112.353795,33.366948],[112.354434,33.366935],[112.354681,33.367072],[112.355171,33.367244],[112.355727,33.36732],[112.356652,33.367719],[112.357135,33.367842],[112.357787,33.367914],[112.358194,33.367791],[112.358508,33.367627],[112.358908,33.36706],[112.359157,33.366617],[112.359535,33.36625],[112.359922,33.366422],[112.360241,33.366476],[112.360893,33.36678],[112.361461,33.367159],[112.361611,33.367354],[112.361638,33.367513],[112.361523,33.367721],[112.361134,33.367979],[112.361534,33.36821],[112.361786,33.368445],[112.362148,33.368561],[112.362261,33.368644],[112.362368,33.3689],[112.36251,33.369475],[112.362537,33.369607],[112.362531,33.369901],[112.362716,33.369952],[112.362829,33.369883],[112.363033,33.369666],[112.363089,33.369417],[112.363057,33.368947],[112.363159,33.368826],[112.363417,33.368763],[112.363626,33.368754],[112.363875,33.368812],[112.364074,33.368902],[112.364283,33.36892],[112.364607,33.368624],[112.364793,33.368355],[112.365155,33.36836],[112.365361,33.368279],[112.366093,33.368436],[112.366273,33.368523],[112.366657,33.368561],[112.366726,33.368631],[112.366753,33.368743],[112.366933,33.368913],[112.366984,33.369086],[112.366962,33.369486],[112.366989,33.369706],[112.36704,33.369791],[112.367198,33.36993],[112.367668,33.369986],[112.367781,33.370062],[112.367826,33.370295],[112.36784,33.370622],[112.367732,33.370996],[112.367606,33.371339],[112.367448,33.371579],[112.367322,33.371883],[112.367346,33.372047],[112.367354,33.373438],[112.367343,33.373554],[112.367137,33.374043],[112.367145,33.374475],[112.367212,33.374909],[112.367295,33.374945],[112.367759,33.374963],[112.368183,33.375113],[112.368341,33.375707],[112.368354,33.376233],[112.368381,33.376412],[112.368438,33.376524],[112.368623,33.376562],[112.368888,33.376513],[112.369261,33.376513],[112.369535,33.376574],[112.370004,33.37676],[112.3705,33.37714],[112.370742,33.377219],[112.3712,33.377277],[112.371393,33.3774],[112.371619,33.377673],[112.371745,33.377949],[112.371769,33.378088],[112.37175,33.378372],[112.371643,33.378834],[112.371487,33.379091],[112.371359,33.379203],[112.371313,33.37949],[112.371318,33.379705],[112.371241,33.379994],[112.371283,33.380121],[112.371281,33.380236],[112.371101,33.380744],[112.370991,33.380912],[112.370723,33.381125],[112.370728,33.381219],[112.370581,33.381412],[112.370675,33.381947],[112.370565,33.382216],[112.37053,33.382446],[112.370401,33.38263],[112.370205,33.382823],[112.369993,33.382903],[112.369907,33.382979],[112.369862,33.383085],[112.369859,33.383217],[112.36969,33.383589],[112.369698,33.383712],[112.36984,33.38392],[112.369886,33.384426],[112.369878,33.384552],[112.369752,33.38497],[112.369749,33.385434],[112.369795,33.385772],[112.369714,33.385942],[112.369511,33.386099],[112.369618,33.386195],[112.369771,33.386431],[112.370055,33.38654],[112.3702,33.38656],[112.370428,33.386413],[112.370575,33.386379],[112.370787,33.386133],[112.370857,33.386117],[112.370956,33.386014],[112.371077,33.385985],[112.371147,33.385902],[112.371214,33.385884],[112.371302,33.385909],[112.371326,33.386285],[112.371624,33.386791],[112.37179,33.387353],[112.37182,33.387855],[112.371691,33.388383],[112.371629,33.388838],[112.37164,33.389237],[112.371694,33.389373],[112.371812,33.389497],[112.372378,33.389479],[112.373016,33.38927],[112.373239,33.389266],[112.373464,33.389331],[112.3737,33.389568],[112.373571,33.389806],[112.373233,33.390229],[112.373062,33.39061],[112.373062,33.390863],[112.373115,33.391093],[112.37307,33.391595],[112.373121,33.392238],[112.373209,33.3923],[112.373338,33.392336],[112.373993,33.392316],[112.374312,33.392614],[112.374639,33.392853],[112.374754,33.393044],[112.374827,33.393279],[112.374851,33.393628],[112.374902,33.393698],[112.37502,33.393736],[112.375143,33.393839],[112.375143,33.394105],[112.375216,33.394235],[112.375409,33.394311],[112.375554,33.394311],[112.375926,33.394155],[112.37606,33.394157],[112.376162,33.394208],[112.376278,33.394347],[112.376339,33.394576],[112.376626,33.395138],[112.37671,33.395478],[112.37671,33.395742],[112.376782,33.395908],[112.376854,33.396018],[112.377023,33.396125],[112.377179,33.396338],[112.377107,33.396578],[112.377123,33.396913],[112.377082,33.397032],[112.376938,33.397234],[112.37675,33.397746],[112.376675,33.397845],[112.376656,33.397979],[112.375999,33.398152],[112.374931,33.399233],[112.375012,33.3995],[112.375162,33.399795],[112.375304,33.400514],[112.375275,33.401119],[112.375202,33.401508],[112.375143,33.401632],[112.375194,33.402662],[112.375181,33.40276],[112.375119,33.402818],[112.375114,33.402897],[112.375309,33.403893],[112.375175,33.404247],[112.375175,33.404354],[112.375328,33.404881],[112.375267,33.405104],[112.375267,33.405272],[112.375331,33.40559],[112.375326,33.405922],[112.375277,33.406168],[112.375315,33.406374],[112.375288,33.406473],[112.375135,33.406665],[112.374886,33.406849],[112.37466,33.40714],[112.374647,33.407644],[112.374558,33.40778],[112.373931,33.40808],[112.373561,33.408553],[112.373504,33.408586],[112.373319,33.408597],[112.372984,33.408676],[112.372799,33.408833],[112.372724,33.408958],[112.372697,33.409401],[112.372321,33.410001],[112.372021,33.410012],[112.371184,33.409903],[112.370742,33.409885],[112.37027,33.409578],[112.370052,33.4095],[112.370162,33.409665],[112.370146,33.409827],[112.370036,33.410442],[112.369763,33.410857],[112.369693,33.411058],[112.369706,33.411705],[112.369607,33.412025],[112.369596,33.412294],[112.369717,33.412294],[112.369792,33.412247],[112.370189,33.411938],[112.370296,33.411783],[112.370422,33.411763],[112.370605,33.411656],[112.370999,33.411595],[112.371367,33.41192],[112.371643,33.412039],[112.371863,33.412301],[112.372107,33.412507],[112.372576,33.412554],[112.372759,33.412536],[112.373333,33.412563],[112.374092,33.412867],[112.374634,33.412914],[112.374752,33.412959],[112.374875,33.413102],[112.374972,33.413308],[112.375114,33.41376],[112.375079,33.414199],[112.374915,33.41436],[112.374837,33.414497],[112.374862,33.414705],[112.37495,33.41486],[112.375052,33.414952],[112.37558,33.41522],[112.375795,33.414969],[112.376235,33.414228],[112.37664,33.413149],[112.376664,33.412887],[112.376777,33.412681],[112.377026,33.41235],[112.377061,33.411844],[112.377431,33.41196],[112.377756,33.412157],[112.378405,33.412222],[112.378732,33.41235],[112.37889,33.412457],[112.379059,33.412654],[112.37911,33.412854],[112.379236,33.412972],[112.379794,33.413268],[112.380041,33.413353],[112.380312,33.413366],[112.380532,33.41325],[112.380682,33.41312],[112.380966,33.41304],[112.381103,33.413033],[112.381224,33.413073],[112.381473,33.413348],[112.381578,33.413364],[112.381859,33.413322],[112.382318,33.413167],[112.382396,33.413102],[112.382503,33.412907],[112.382605,33.412511],[112.382787,33.412225],[112.382967,33.412229],[112.384239,33.412092],[112.384654,33.412283],[112.384874,33.412487],[112.385121,33.412516],[112.385397,33.412408],[112.385572,33.412298],[112.385743,33.412294],[112.386089,33.412166],[112.386827,33.41218],[112.386996,33.412142],[112.387157,33.412041],[112.387353,33.411835],[112.387479,33.411557],[112.387811,33.41117],[112.388004,33.410975],[112.388273,33.410805],[112.388522,33.410724],[112.389058,33.410633],[112.389898,33.410626],[112.390161,33.410682],[112.390456,33.410624],[112.390644,33.410534],[112.39081,33.410382],[112.391006,33.410109],[112.391226,33.409914],[112.391698,33.409583],[112.3918,33.409419],[112.391894,33.409372],[112.392261,33.40933],[112.392505,33.409365],[112.393103,33.409356],[112.393374,33.409408],[112.393575,33.409406],[112.393849,33.409352],[112.394337,33.409175],[112.394514,33.409072],[112.394868,33.408833],[112.395169,33.408562],[112.395405,33.408492],[112.39582,33.408456],[112.396019,33.408407],[112.396295,33.408197],[112.396641,33.408011],[112.396842,33.407982],[112.397124,33.408],[112.397912,33.408188],[112.398285,33.408329],[112.398688,33.40858],[112.398846,33.408618],[112.39909,33.408546],[112.399463,33.408494],[112.399779,33.408378],[112.400251,33.408279],[112.400774,33.408275],[112.400976,33.408232],[112.40123,33.408224],[112.401458,33.408255],[112.401882,33.408382],[112.402598,33.408835],[112.402767,33.408906],[112.402984,33.408965],[112.403703,33.409054],[112.403985,33.408882],[112.404331,33.408526],[112.40498,33.407713],[112.405146,33.407561],[112.405616,33.407321],[112.406748,33.407082],[112.406753,33.406708],[112.406935,33.406193],[112.407075,33.406018],[112.407247,33.40587],[112.40756,33.405662],[112.407582,33.405516],[112.407499,33.405234],[112.40748,33.40497],[112.407499,33.40482],[112.407475,33.404278],[112.407501,33.404189],[112.407619,33.404077],[112.407799,33.403546],[112.407912,33.403313],[112.408054,33.4031],[112.408268,33.402883],[112.408419,33.402794],[112.408746,33.402704],[112.409363,33.402684],[112.409505,33.402724],[112.40972,33.402856],[112.410393,33.403598],[112.410575,33.403692],[112.410758,33.403736],[112.410876,33.403727],[112.411012,33.403638],[112.411382,33.403235],[112.411683,33.403058],[112.41201,33.402756],[112.412386,33.402489],[112.412565,33.40244],[112.413284,33.402409],[112.413925,33.402182],[112.414569,33.402084],[112.415052,33.402122],[112.415189,33.402088],[112.415349,33.402001],[112.415859,33.401573],[112.416701,33.401092],[112.416835,33.400955],[112.417334,33.400266],[112.417683,33.399894],[112.418115,33.399643],[112.418557,33.400158],[112.418724,33.40029],[112.419247,33.400463],[112.419772,33.40049],[112.420253,33.40061],[112.420459,33.400772],[112.420768,33.400935],[112.421071,33.401504],[112.421224,33.401466],[112.421462,33.401186],[112.42195,33.400803],[112.423066,33.400154],[112.423026,33.399925],[112.423018,33.399569],[112.423072,33.399278],[112.42316,33.399209],[112.423726,33.399106],[112.423895,33.39903],[112.424217,33.399045],[112.424303,33.399245],[112.424217,33.40001],[112.424338,33.40064],[112.42441,33.400729],[112.424863,33.401031],[112.425193,33.401132],[112.42562,33.401114],[112.425724,33.401168],[112.425885,33.401285],[112.425963,33.401388],[112.426019,33.401538],[112.426038,33.401721],[112.425815,33.402418],[112.425724,33.402597],[112.425086,33.403324],[112.424853,33.403882],[112.42448,33.404097],[112.424405,33.404245],[112.424327,33.404784],[112.424236,33.405111],[112.42426,33.405731],[112.424104,33.406179],[112.424123,33.406486],[112.424088,33.406712],[112.42415,33.406943],[112.424434,33.406938],[112.424767,33.40673],[112.425177,33.406629],[112.425952,33.406034],[112.426124,33.40594],[112.42644,33.405884],[112.426687,33.405794],[112.427087,33.405944],[112.427199,33.40568],[112.427253,33.405387],[112.427401,33.404999],[112.427377,33.404753],[112.427556,33.404231],[112.427613,33.404193],[112.42776,33.404171],[112.427846,33.403918],[112.427985,33.403846],[112.428028,33.403848],[112.428128,33.403969],[112.428227,33.404207],[112.428728,33.404155],[112.428862,33.404164],[112.428964,33.404247],[112.429029,33.404339],[112.429069,33.404478],[112.429005,33.404675],[112.4289,33.404755],[112.428881,33.404827],[112.428895,33.404997],[112.428997,33.405107],[112.429021,33.405196],[112.429018,33.405389],[112.42905,33.405521],[112.429112,33.405653],[112.429235,33.405765],[112.429372,33.405812],[112.42952,33.405803],[112.429592,33.405763],[112.429638,33.405684],[112.429705,33.405405],[112.429796,33.404598],[112.42975,33.404144],[112.429844,33.404036],[112.429949,33.40375],[112.430048,33.402671],[112.430316,33.401903],[112.430311,33.401392],[112.430155,33.400769],[112.43022,33.40046],[112.430442,33.400118],[112.430587,33.399782],[112.430609,33.399619],[112.430552,33.399153],[112.430694,33.398738],[112.430694,33.398611],[112.430627,33.398512],[112.430198,33.398297],[112.43034,33.398313],[112.430936,33.398194],[112.430963,33.398145],[112.430912,33.397926],[112.430901,33.397684],[112.430938,33.397592],[112.43162,33.397484],[112.431885,33.397561],[112.432805,33.398172],[112.433009,33.398434],[112.43302,33.398582],[112.432483,33.399643],[112.432497,33.399858],[112.432441,33.400145],[112.432199,33.400781],[112.432333,33.401417],[112.432333,33.401761],[112.432215,33.402241],[112.43207,33.402547],[112.431979,33.402894],[112.431939,33.403224],[112.43195,33.403351],[112.432119,33.403799],[112.431987,33.404144],[112.431861,33.404305],[112.431837,33.404392],[112.431853,33.404489],[112.432014,33.404724],[112.432073,33.404916],[112.432078,33.405062],[112.431947,33.405355],[112.431808,33.406014],[112.431526,33.406446],[112.431258,33.406623],[112.431097,33.406692],[112.430544,33.406862],[112.430426,33.406983],[112.430399,33.407131],[112.430002,33.407391],[112.429895,33.407507],[112.429804,33.407717],[112.429683,33.407841],[112.429605,33.40819],[112.429514,33.408385],[112.429595,33.40875],[112.429568,33.408929],[112.429605,33.409124],[112.429608,33.409435],[112.429702,33.40971],[112.429782,33.409815],[112.430083,33.409892],[112.431419,33.409511],[112.431711,33.40952],[112.432078,33.409737],[112.432231,33.409889],[112.432449,33.410026],[112.432561,33.410196],[112.432666,33.410283],[112.432808,33.41038],[112.432937,33.41038],[112.433505,33.410089],[112.433704,33.409878],[112.433859,33.409766],[112.433956,33.40954],[112.433945,33.409222],[112.434114,33.408743],[112.434283,33.408385],[112.434396,33.408203],[112.434586,33.408058],[112.43471,33.408009],[112.435077,33.40795],[112.435257,33.407986],[112.435361,33.408042],[112.435522,33.408262],[112.435665,33.408374],[112.43574,33.408391],[112.43582,33.408385],[112.436158,33.408224],[112.436536,33.408141],[112.436668,33.408143],[112.43711,33.408282],[112.437582,33.408546],[112.437816,33.408537],[112.438052,33.408335],[112.438229,33.407984],[112.438438,33.4078],[112.438518,33.40755],[112.438462,33.407294],[112.438467,33.40718],[112.438564,33.406938],[112.438658,33.406842],[112.439176,33.406477],[112.439629,33.406305],[112.439817,33.406101],[112.440082,33.405953],[112.440179,33.405756],[112.440353,33.405611],[112.440436,33.405886],[112.440251,33.40662],[112.440286,33.406882],[112.440385,33.407205],[112.440863,33.408201],[112.441209,33.408763],[112.441592,33.409766],[112.441292,33.41003],[112.440745,33.410398],[112.440533,33.410613],[112.440431,33.410733],[112.440374,33.410859],[112.440173,33.411428],[112.440458,33.411687],[112.440568,33.411869],[112.440578,33.41196],[112.440525,33.412086],[112.440447,33.412487],[112.440503,33.412771],[112.440546,33.412834],[112.440718,33.412791],[112.440788,33.412802],[112.440863,33.412948],[112.440903,33.413216],[112.440865,33.413613],[112.440723,33.414271],[112.440723,33.414352],[112.440788,33.414439],[112.440817,33.414553],[112.440788,33.414949],[112.440509,33.415469],[112.440324,33.415686],[112.440425,33.41591],[112.440439,33.416062],[112.440404,33.416154],[112.44002,33.416366],[112.43983,33.416429],[112.439564,33.416396],[112.439436,33.416429],[112.438966,33.416684],[112.438677,33.41694],[112.438352,33.417327],[112.438285,33.417553],[112.438339,33.417817],[112.438307,33.41792],[112.438197,33.41794],[112.438014,33.417826],[112.437773,33.417784],[112.437598,33.417676],[112.436759,33.418209],[112.436311,33.418592],[112.436072,33.418751],[112.43607,33.418793],[112.436335,33.418724],[112.436408,33.418657],[112.436601,33.418621],[112.436662,33.418659],[112.436735,33.418993],[112.436684,33.419073],[112.436657,33.419246],[112.436721,33.419393],[112.436281,33.41951],[112.435662,33.419787],[112.435356,33.419769],[112.435101,33.419651],[112.434592,33.419537],[112.434353,33.419398],[112.434079,33.419113],[112.433473,33.418805],[112.433098,33.418661],[112.432706,33.418413],[112.43262,33.418384],[112.432178,33.418381],[112.432062,33.418449],[112.431644,33.418934],[112.431429,33.419053],[112.431338,33.419147],[112.431247,33.419467],[112.431338,33.419644],[112.431279,33.419731],[112.431099,33.41983],[112.431065,33.41991],[112.431105,33.420016],[112.431327,33.420248],[112.431429,33.420495],[112.431419,33.421039],[112.43163,33.421307],[112.431732,33.421621],[112.43178,33.422093],[112.43174,33.422429],[112.431534,33.422915],[112.431231,33.42351],[112.431102,33.423622],[112.431376,33.423866],[112.431628,33.423996],[112.431746,33.424108],[112.431968,33.424231],[112.432092,33.424399],[112.432894,33.424916],[112.433133,33.425149],[112.433811,33.425559],[112.434334,33.426029],[112.434809,33.426382],[112.434884,33.426497],[112.435327,33.426792],[112.4356,33.427018],[112.436094,33.427336],[112.43674,33.427842],[112.43681,33.427853],[112.437507,33.428522],[112.438052,33.429212],[112.438188,33.429494],[112.4384,33.429718],[112.43854,33.429814],[112.439905,33.430268],[112.441209,33.430537],[112.443649,33.430891],[112.446072,33.430994],[112.445924,33.431961],[112.445691,33.43239],[112.445605,33.432666],[112.445527,33.433418],[112.445473,33.43359],[112.445202,33.434054],[112.445133,33.434443],[112.445103,33.434533],[112.445025,33.434622],[112.444738,33.434738],[112.444001,33.43496],[112.443381,33.435108],[112.443352,33.435123],[112.443341,33.435238],[112.443226,33.435361],[112.442872,33.435059],[112.442442,33.43485],[112.442311,33.434653],[112.442177,33.434546],[112.442067,33.434564],[112.441809,33.434774],[112.441742,33.434736],[112.441678,33.434685],[112.441657,33.434589],[112.44156,33.434463],[112.441356,33.434244],[112.44115,33.433904],[112.441112,33.433785],[112.441016,33.433722],[112.440881,33.433698],[112.440761,33.433783],[112.440868,33.434284],[112.441048,33.434662],[112.441174,33.434738],[112.441203,33.434828],[112.4413,33.434877],[112.441423,33.435003],[112.442043,33.435773],[112.442214,33.436023],[112.442271,33.43618],[112.442451,33.436431],[112.442644,33.436612],[112.443207,33.437024],[112.443419,33.43712],[112.44351,33.437194],[112.443733,33.437279],[112.443974,33.437536],[112.444146,33.43808],[112.444108,33.438226],[112.443947,33.43838],[112.444001,33.438591],[112.444089,33.438723],[112.444333,33.438899],[112.444497,33.439108],[112.445009,33.439524],[112.445084,33.439627],[112.44517,33.439963],[112.445186,33.441041],[112.445235,33.441245],[112.445296,33.441274],[112.445691,33.441274],[112.446224,33.441198],[112.44693,33.441259],[112.448148,33.441543],[112.448485,33.441565],[112.448858,33.441791],[112.449059,33.442031],[112.449207,33.442268],[112.449253,33.442586],[112.449545,33.442942],[112.449623,33.443085],[112.449633,33.443165],[112.449609,33.443275],[112.449499,33.443441],[112.449245,33.443682],[112.449014,33.444132],[112.448974,33.444244],[112.448968,33.444493],[112.449014,33.444652],[112.449204,33.444869],[112.449467,33.445003],[112.449636,33.445052],[112.449727,33.445142],[112.449706,33.445339],[112.449419,33.445925],[112.449414,33.446077],[112.449526,33.446245],[112.449717,33.446366],[112.450339,33.44701],[112.450368,33.447214],[112.450352,33.447619],[112.450307,33.447796],[112.45017,33.448056],[112.450309,33.448347],[112.450301,33.448622],[112.450621,33.448808],[112.450704,33.448984],[112.451109,33.44941],[112.45131,33.449255],[112.451656,33.449112],[112.452938,33.44872],[112.453761,33.44815],[112.453732,33.447991],[112.453871,33.447812],[112.454062,33.447682],[112.454188,33.447518],[112.454494,33.447286],[112.454786,33.446941],[112.454877,33.446742],[112.455086,33.446686],[112.455175,33.446764],[112.45587,33.446285],[112.455813,33.446185],[112.455679,33.446173],[112.454523,33.446462],[112.454107,33.44652],[112.453761,33.446525],[112.453431,33.446446],[112.452233,33.446885],[112.451667,33.446825],[112.451396,33.44674],[112.451114,33.446809],[112.450779,33.446811],[112.450629,33.446637],[112.450553,33.446422],[112.450494,33.446102],[112.45054,33.445771],[112.45079,33.445148],[112.450889,33.444741],[112.450972,33.444546],[112.451141,33.444309],[112.451551,33.444141],[112.451908,33.444157],[112.452321,33.44396],[112.452734,33.443875],[112.452933,33.443886],[112.453413,33.443821],[112.453558,33.443756],[112.453657,33.44332],[112.453659,33.443183],[112.453582,33.442888],[112.45333,33.442664],[112.452584,33.442212],[112.45252,33.442118],[112.452364,33.441637],[112.452511,33.441404],[112.452613,33.441082],[112.452691,33.440486],[112.452565,33.440242],[112.452273,33.439976],[112.452219,33.439743],[112.452235,33.439645],[112.452557,33.439206],[112.452823,33.43864],[112.452903,33.438371],[112.4533,33.437415],[112.45345,33.436487],[112.453445,33.435824],[112.453364,33.43567],[112.453265,33.435347],[112.453018,33.434989],[112.452737,33.434662],[112.452053,33.433991],[112.451956,33.433937],[112.451755,33.433924],[112.451675,33.43396],[112.451624,33.434062],[112.451691,33.434412],[112.451787,33.434627],[112.452104,33.434976],[112.452275,33.435247],[112.452426,33.435397],[112.452587,33.435849],[112.452549,33.435945],[112.452442,33.43599],[112.452192,33.435891],[112.451803,33.435526],[112.451245,33.435453],[112.451149,33.435446],[112.450599,33.435553],[112.450148,33.435737],[112.4501,33.435916],[112.449996,33.435929],[112.449977,33.435972],[112.450103,33.436352],[112.450047,33.436348],[112.44987,33.436102],[112.449776,33.436205],[112.449768,33.436399],[112.449607,33.436766],[112.449446,33.436981],[112.449405,33.437129],[112.449188,33.437586],[112.448982,33.438427],[112.449062,33.438832],[112.449306,33.439466],[112.449325,33.439922],[112.449507,33.440327],[112.449644,33.440459],[112.449883,33.440576],[112.450234,33.440652],[112.450808,33.44067],[112.450854,33.44071],[112.450572,33.440791],[112.450248,33.440997],[112.450234,33.441301],[112.450347,33.441773],[112.45046,33.441979],[112.450639,33.442194],[112.450722,33.442382],[112.450945,33.44257],[112.450983,33.442733],[112.451235,33.443203],[112.451492,33.4434],[112.451669,33.443447],[112.452294,33.443353],[112.452557,33.44338],[112.452662,33.443407],[112.45263,33.443541],[112.45257,33.443564],[112.451651,33.443586],[112.451597,33.443644],[112.451629,33.443888],[112.451562,33.443908],[112.451503,33.443897],[112.451401,33.443803],[112.451237,33.4436],[112.450937,33.443564],[112.450717,33.443615],[112.450317,33.443801],[112.450151,33.443913],[112.45002,33.443955],[112.44977,33.444139],[112.449714,33.444005],[112.449593,33.443967],[112.449451,33.443868],[112.449462,33.443835],[112.4501,33.44372],[112.45102,33.44336],[112.450905,33.443163],[112.450663,33.442939],[112.450564,33.442778],[112.450403,33.442333],[112.450317,33.441977],[112.450108,33.4415],[112.4498,33.441135],[112.449553,33.440972],[112.449438,33.440842],[112.449199,33.440289],[112.449033,33.439638],[112.448856,33.439284],[112.448722,33.438924],[112.448657,33.438649],[112.448732,33.438286],[112.449009,33.437619],[112.449049,33.437176],[112.449196,33.436748],[112.449304,33.435983],[112.449427,33.435634],[112.449481,33.435269],[112.449588,33.435101],[112.449467,33.434931],[112.449448,33.434741],[112.449609,33.433301],[112.449757,33.433087],[112.450604,33.432711],[112.450827,33.432467],[112.450862,33.432386],[112.451031,33.431361],[112.451047,33.43081],[112.451034,33.430615],[112.450883,33.430098],[112.450859,33.429904],[112.450763,33.429792],[112.452611,33.429261],[112.453244,33.429008],[112.453788,33.428699],[112.454051,33.428637],[112.454402,33.428473],[112.454647,33.428451],[112.454979,33.428283],[112.455357,33.42816],[112.45584,33.427943],[112.456374,33.427587],[112.456586,33.427524],[112.456749,33.42741],[112.457066,33.427258],[112.458034,33.426456],[112.458812,33.425695],[112.459217,33.425234],[112.459378,33.42512],[112.459641,33.424813],[112.460016,33.424482],[112.4604,33.424014],[112.460826,33.423168],[112.460979,33.422736],[112.461111,33.422463],[112.461414,33.421298],[112.461752,33.420575],[112.461816,33.420228],[112.461982,33.419875],[112.462256,33.419411],[112.461819,33.418757],[112.461382,33.418363],[112.461011,33.418131],[112.460429,33.417674],[112.45996,33.417197],[112.459206,33.416366],[112.458946,33.415961],[112.45856,33.415518],[112.458058,33.414857],[112.457822,33.414421],[112.457514,33.413447],[112.457667,33.412446],[112.457809,33.412234],[112.457868,33.41207],[112.458222,33.411732],[112.45834,33.411573],[112.459099,33.410919],[112.45926,33.410857],[112.45959,33.410604],[112.459968,33.410384],[112.460124,33.410348],[112.460454,33.410183],[112.460808,33.409871],[112.461044,33.409728],[112.461569,33.409486],[112.46187,33.409383],[112.462114,33.409227],[112.46254,33.409056],[112.463007,33.40868],[112.463404,33.408438],[112.466845,33.407214],[112.46831,33.406645],[112.469031,33.40632],[112.469541,33.406177],[112.469919,33.406002],[112.471078,33.405658],[112.472904,33.40529],[112.473132,33.405203],[112.473623,33.404943],[112.474256,33.40454],[112.474658,33.404263],[112.474986,33.403931],[112.475163,33.403723],[112.47556,33.403103],[112.475895,33.402494],[112.476211,33.402014],[112.476592,33.401589],[112.476995,33.40107],[112.478242,33.399095],[112.478389,33.39885],[112.478542,33.398497],[112.478658,33.397923],[112.478682,33.397352],[112.478615,33.396716],[112.478701,33.395581],[112.478786,33.395113],[112.478784,33.394065],[112.478711,33.393592],[112.47866,33.392217],[112.478438,33.388746],[112.47833,33.38798],[112.478218,33.387575],[112.47854,33.387055],[112.478695,33.386876],[112.478776,33.386616],[112.478937,33.386321],[112.479642,33.385174],[112.480101,33.384547],[112.480651,33.383918],[112.481241,33.3834],[112.481469,33.383118],[112.48163,33.383004],[112.481729,33.382838],[112.4823,33.382475],[112.483322,33.382101],[112.483464,33.382081],[112.483794,33.381956],[112.485114,33.381584],[112.485959,33.381143],[112.486503,33.380742],[112.486849,33.380534],[112.486948,33.380415],[112.487547,33.379893],[112.488359,33.378961],[112.489134,33.378285],[112.489727,33.377575],[112.490129,33.377219],[112.490368,33.37688],[112.491025,33.376211],[112.491449,33.375559],[112.491851,33.374188],[112.492412,33.37262],[112.492637,33.372094],[112.493045,33.371438],[112.492189,33.370698],[112.4919,33.370412],[112.490242,33.36911],[112.489432,33.368431],[112.489067,33.368042],[112.488705,33.367594],[112.488493,33.367278],[112.488354,33.367168],[112.488013,33.36666],[112.487895,33.366424],[112.487643,33.366113],[112.487284,33.365551],[112.487058,33.36519],[112.486535,33.363989],[112.486299,33.36299],[112.48627,33.362683],[112.486085,33.362179],[112.485688,33.36086],[112.485457,33.359778],[112.48535,33.359036],[112.484862,33.357712],[112.484191,33.356469],[112.483687,33.355635],[112.483282,33.35506],[112.482879,33.354634],[112.481917,33.353355],[112.481509,33.352929],[112.481179,33.352635],[112.481077,33.352602],[112.481391,33.352593],[112.482391,33.352709],[112.483124,33.352857],[112.484175,33.352866],[112.48454,33.352913],[112.484615,33.352868],[112.48484,33.352586],[112.484918,33.352544],[112.485328,33.352508],[112.485578,33.352393],[112.485688,33.352232],[112.485631,33.351598],[112.485685,33.351455],[112.485814,33.351419],[112.485875,33.351345],[112.486015,33.351275],[112.486171,33.351233],[112.486471,33.350993],[112.486565,33.350968],[112.487536,33.351078],[112.488056,33.351013],[112.488166,33.350982],[112.488324,33.350872],[112.488448,33.350758],[112.488676,33.350375],[112.488603,33.349902],[112.488268,33.349425],[112.488225,33.348836],[112.487978,33.348215],[112.487852,33.347998],[112.487836,33.347648],[112.48775,33.347332],[112.487764,33.347191],[112.487876,33.346819],[112.487903,33.346411],[112.48753,33.346387],[112.487251,33.346227],[112.486951,33.34616],[112.486573,33.345934],[112.486449,33.345909],[112.485875,33.345658],[112.485685,33.34547],[112.485602,33.345233],[112.485323,33.344953],[112.485344,33.344858],[112.485567,33.344657],[112.485615,33.344538],[112.485629,33.344439],[112.485591,33.344153],[112.485318,33.343772],[112.485106,33.343646],[112.484663,33.343265],[112.484569,33.343066],[112.484518,33.343035],[112.484462,33.342864],[112.484357,33.342761],[112.484175,33.342486],[112.484095,33.342295],[112.484068,33.342049],[112.484172,33.341444],[112.484172,33.34122],[112.484006,33.341029],[112.483604,33.340801],[112.483545,33.340704],[112.483448,33.340169],[112.483346,33.339821],[112.483183,33.339528],[112.482831,33.339331],[112.482405,33.339232],[112.482257,33.339169],[112.48152,33.338734],[112.481348,33.338728],[112.480774,33.338822],[112.480412,33.338815],[112.48009,33.338876],[112.479779,33.339035],[112.479578,33.339024],[112.479111,33.338847],[112.478985,33.338782],[112.478684,33.338461],[112.478314,33.338385],[112.478215,33.338329],[112.47817,33.338246],[112.478167,33.338156],[112.478226,33.337858],[112.47822,33.337686],[112.478161,33.337493],[112.477826,33.337271],[112.477483,33.337224],[112.477217,33.337117],[112.477078,33.337025],[112.476619,33.336592],[112.476528,33.336361],[112.476439,33.336245],[112.475943,33.335954],[112.475758,33.335732],[112.475584,33.335584],[112.475391,33.335528],[112.4752,33.335423],[112.475144,33.335275],[112.475007,33.335133],[112.474755,33.335006],[112.474439,33.334983],[112.474235,33.334891],[112.474017,33.334885],[112.47383,33.334822],[112.473468,33.334793],[112.473111,33.334954],[112.472926,33.334907],[112.472754,33.334847],[112.472419,33.334647],[112.47199,33.334293],[112.471907,33.334268],[112.471807,33.334172],[112.471308,33.333885],[112.471217,33.333802],[112.47115,33.33365],[112.470654,33.333054],[112.470547,33.332888],[112.470356,33.33246],[112.470319,33.332292],[112.470152,33.331956],[112.470109,33.331566],[112.470034,33.331445],[112.470032,33.331122],[112.469965,33.330849],[112.469788,33.330448],[112.469552,33.330091],[112.468967,33.329361],[112.468817,33.329103],[112.468524,33.328756],[112.468328,33.32863],[112.46809,33.328534],[112.467669,33.328433],[112.46732,33.328296],[112.46692,33.32833],[112.466615,33.328263],[112.466419,33.328009],[112.466236,33.327583],[112.465861,33.326521],[112.465853,33.326432],[112.465746,33.32627],[112.465314,33.325961],[112.465019,33.325891],[112.464855,33.325809],[112.464509,33.325748],[112.464375,33.325667],[112.464276,33.325835],[112.464294,33.325918],[112.464788,33.326133],[112.464815,33.32621],[112.464758,33.32625],[112.464372,33.326216],[112.464238,33.326281],[112.464155,33.326398],[112.464209,33.326712],[112.464319,33.326873],[112.464522,33.327061],[112.465161,33.327382],[112.465172,33.327514],[112.465075,33.327557],[112.464659,33.327619],[112.464439,33.327599],[112.464286,33.327541],[112.463806,33.32705],[112.463487,33.326532],[112.463313,33.326456],[112.463018,33.326508],[112.463077,33.326633],[112.463664,33.327359],[112.464281,33.327846],[112.465027,33.328278],[112.465855,33.32911],[112.465936,33.32924],[112.465888,33.329376],[112.465236,33.330037],[112.46489,33.330365],[112.464496,33.330645],[112.464447,33.330539],[112.464426,33.330268],[112.464297,33.329972],[112.464211,33.329851],[112.463911,33.329627],[112.463683,33.32952],[112.463291,33.329426],[112.462232,33.329316],[112.461741,33.329316],[112.460934,33.329473],[112.460231,33.329905],[112.460083,33.329661],[112.459928,33.329197],[112.459493,33.329464],[112.459391,33.329569],[112.459684,33.329701],[112.459947,33.33006],[112.459829,33.330064],[112.458538,33.329587],[112.45827,33.329672],[112.457707,33.329614],[112.457981,33.329784],[112.458772,33.330098],[112.459373,33.330425],[112.459287,33.330528],[112.458914,33.331335],[112.458871,33.331306],[112.458791,33.331133],[112.458377,33.330954],[112.458512,33.330528],[112.458509,33.330457],[112.458343,33.330358],[112.457849,33.330167],[112.457734,33.330349],[112.457334,33.33021],[112.457111,33.33019],[112.457015,33.330466],[112.456704,33.330784],[112.456436,33.331145],[112.456546,33.331223],[112.456631,33.33116],[112.456701,33.331178],[112.456937,33.331743],[112.457409,33.332601],[112.457334,33.332628],[112.457262,33.332572],[112.456959,33.332063],[112.456811,33.332052],[112.456564,33.332218],[112.456245,33.331776],[112.456017,33.331754],[112.455829,33.331546],[112.455752,33.331275],[112.455711,33.330595],[112.455242,33.330434],[112.455253,33.330398],[112.455403,33.330336],[112.455567,33.330206],[112.455435,33.330185],[112.454655,33.329887],[112.453598,33.329327],[112.454427,33.328738],[112.454633,33.328549],[112.454714,33.328377],[112.454912,33.327648],[112.454869,33.32742],[112.454947,33.327005],[112.454856,33.326584],[112.454872,33.326458],[112.45517,33.326261],[112.455966,33.325968],[112.456307,33.325761],[112.456406,33.325607],[112.456546,33.325331],[112.45669,33.32443],[112.456706,33.324009],[112.4569,33.323289],[112.456833,33.322866],[112.456733,33.322606],[112.456615,33.322438],[112.45646,33.321884],[112.456334,33.321678],[112.455872,33.321346],[112.455733,33.321319],[112.455103,33.321026],[112.454821,33.321216],[112.454542,33.321313],[112.454306,33.321277],[112.454134,33.321185],[112.454083,33.321292],[112.453767,33.321671],[112.453461,33.321512],[112.453866,33.321024],[112.453501,33.320723],[112.453405,33.320593],[112.453501,33.320504],[112.453834,33.32032],[112.454215,33.320028],[112.454408,33.31982],[112.454081,33.31962],[112.454032,33.319535],[112.454333,33.319069],[112.454349,33.318944],[112.454217,33.318946],[112.454161,33.318782],[112.454,33.318892],[112.453737,33.318849],[112.453493,33.31865],[112.453437,33.318495],[112.453466,33.318148],[112.453504,33.318056],[112.454212,33.317278],[112.45407,33.317227],[112.453837,33.317005],[112.453721,33.316949],[112.453351,33.31664],[112.453568,33.316498],[112.453898,33.316086],[112.454011,33.315833],[112.454161,33.315055],[112.454228,33.314918],[112.454716,33.314533],[112.454883,33.31436],[112.454888,33.314125],[112.454762,33.313788],[112.454598,33.313174],[112.454601,33.313127],[112.454781,33.312867],[112.455556,33.312414],[112.456119,33.312217],[112.456221,33.312154],[112.45687,33.312553],[112.457085,33.312737],[112.457256,33.313112],[112.457385,33.313862],[112.457889,33.313943],[112.458056,33.313941],[112.45831,33.313179],[112.458431,33.312937],[112.458555,33.312829],[112.459029,33.312553],[112.459099,33.312432],[112.459217,33.311921],[112.459405,33.311531],[112.459544,33.311361],[112.458141,33.311063],[112.457457,33.310749],[112.457122,33.310635],[112.456792,33.310449],[112.456669,33.310301],[112.456484,33.310155],[112.45639,33.310115],[112.455929,33.310085],[112.455757,33.310003],[112.455663,33.30992],[112.455486,33.309866],[112.455124,33.309599],[112.454807,33.309516],[112.454413,33.309471],[112.454233,33.309314],[112.453914,33.308673],[112.453547,33.308232],[112.453397,33.307918],[112.453378,33.307797],[112.453155,33.307512],[112.452965,33.307375],[112.451256,33.307422],[112.450355,33.307411],[112.450317,33.307268],[112.450312,33.306988],[112.450406,33.306728],[112.451573,33.30632],[112.45198,33.3061],[112.452069,33.305999],[112.451951,33.305979],[112.451578,33.306053],[112.451109,33.306232],[112.450744,33.306295],[112.450693,33.306286],[112.450642,33.306221],[112.450621,33.306158],[112.450645,33.306098],[112.450838,33.305963],[112.451613,33.305687],[112.451825,33.305548],[112.451951,33.305421],[112.451809,33.30536],[112.451538,33.305385],[112.449296,33.305768],[112.449191,33.305483],[112.44922,33.305111],[112.449435,33.30473],[112.449438,33.304551],[112.449507,33.304316],[112.449762,33.303746],[112.449776,33.30363],[112.449553,33.303329],[112.449532,33.303161],[112.449148,33.302775],[112.448915,33.302726],[112.448707,33.302807],[112.448579,33.302807],[112.448319,33.302701],[112.447721,33.30267],[112.447485,33.302912],[112.447034,33.303242],[112.446648,33.303414],[112.445457,33.303531],[112.445101,33.303618],[112.44469,33.303639],[112.444489,33.30358],[112.44436,33.303486],[112.444242,33.303331],[112.444116,33.303264],[112.443719,33.303192],[112.443668,33.303148],[112.443628,33.302874],[112.443392,33.302668],[112.442703,33.302491],[112.442298,33.302502],[112.441868,33.302439],[112.441643,33.302365],[112.441418,33.302352],[112.441058,33.302253],[112.440898,33.302137],[112.440648,33.302087],[112.44013,33.301897],[112.439235,33.3018],[112.438618,33.301673],[112.438422,33.301558],[112.438215,33.30133],[112.438052,33.301146],[112.437649,33.30054],[112.43747,33.300404],[112.437322,33.300372],[112.436754,33.300363],[112.436005,33.300132],[112.434787,33.299823],[112.434348,33.299828],[112.433296,33.299967],[112.432746,33.29989],[112.432583,33.299821],[112.432097,33.299478],[112.43107,33.298973],[112.429385,33.298054],[112.428643,33.297588],[112.426722,33.296747],[112.426486,33.2967],[112.426207,33.296709],[112.425952,33.296797],[112.425775,33.296933],[112.425362,33.297057],[112.424678,33.296994],[112.423839,33.296817],[112.422927,33.296716],[112.422709,33.296649],[112.422546,33.29655],[112.422449,33.296445],[112.422262,33.295871],[112.422101,33.295637],[112.421993,33.295541],[112.42176,33.295384],[112.421224,33.295236],[112.421103,33.295162],[112.420891,33.294889],[112.420636,33.294669],[112.420451,33.294568],[112.420135,33.294481],[112.419971,33.294375],[112.419754,33.29416],[112.419531,33.293853],[112.419534,33.293402],[112.419456,33.293194],[112.419298,33.293035],[112.418592,33.292949],[112.417801,33.292985],[112.417557,33.292893],[112.417254,33.292674],[112.417037,33.29242],[112.41683,33.292001],[112.41664,33.291734],[112.416243,33.291434],[112.415462,33.29099],[112.415317,33.29047],[112.415025,33.289965],[112.414826,33.289562],[112.414727,33.289286],[112.41455,33.288667],[112.414491,33.288037],[112.414408,33.287934],[112.414161,33.287763],[112.413746,33.287586],[112.413499,33.287535],[112.413161,33.287515],[112.413062,33.287479],[112.412801,33.28716],[112.412659,33.287062],[112.412404,33.286943],[112.412096,33.286918],[112.411916,33.286947],[112.411753,33.287062],[112.411439,33.28742],[112.411262,33.287557],[112.411077,33.287582],[112.410916,33.287557],[112.410712,33.287476],[112.410243,33.287196],[112.409408,33.287113],[112.409315,33.287001],[112.408859,33.286091],[112.408684,33.285882],[112.408437,33.285716],[112.408032,33.285528],[112.407504,33.285441],[112.406949,33.285039],[112.406404,33.284795],[112.406104,33.28482],[112.404943,33.285138],[112.404575,33.285136],[112.404103,33.284947],[112.403768,33.284732],[112.403188,33.284441],[112.40306,33.284342],[112.402837,33.284252],[112.402663,33.284234],[112.402266,33.284272]]]}},{"type":"Feature","properties":{"regionCode":"411321105","sourceCode":"411321105000","name":"板山坪镇","sourceName":"板山坪镇","parentCode":"411321","parentName":"南召县","regionLevel":"township","regionType":"town","isManagementZone":false,"source":"ruiduobao","sourceVersion":"mixed-legacy~2018-2020","geometryRepaired":false,"match2020":true,"match2023":true},"geometry":{"type":"Polygon","coordinates":[[[112.173524,33.320362],[112.17288,33.320539],[112.172682,33.320961],[112.172623,33.322079],[112.172411,33.322794],[112.171912,33.322893],[112.170475,33.321866],[112.169954,33.321763],[112.168444,33.322274],[112.167929,33.322371],[112.167556,33.322344],[112.167073,33.322162],[112.164464,33.320696],[112.163828,33.320205],[112.162975,33.320026],[112.16257,33.320031],[112.161722,33.320412],[112.160548,33.321044],[112.159853,33.321577],[112.159335,33.321739],[112.157857,33.321875],[112.157415,33.321974],[112.15716,33.322348],[112.156943,33.322599],[112.156243,33.322884],[112.154877,33.323146],[112.15447,33.32315],[112.154247,33.322964],[112.153644,33.322102],[112.153378,33.321638],[112.153037,33.321449],[112.151683,33.322211],[112.150908,33.322794],[112.149382,33.323679],[112.148529,33.32424],[112.147772,33.324592],[112.14722,33.324699],[112.146329,33.325008],[112.145965,33.325282],[112.145629,33.325658],[112.145267,33.325965],[112.145026,33.32627],[112.14458,33.326458],[112.144186,33.326557],[112.143687,33.327129],[112.143097,33.327601],[112.142818,33.327926],[112.142502,33.328072],[112.14204,33.328195],[112.141638,33.328171],[112.141174,33.32831],[112.140278,33.328921],[112.139653,33.329497],[112.139476,33.32984],[112.139082,33.332422],[112.138755,33.333022],[112.138728,33.333464],[112.138771,33.334024],[112.138779,33.334728],[112.138366,33.335136],[112.136459,33.336312],[112.135743,33.336671],[112.132596,33.334835],[112.131937,33.334791],[112.130145,33.335512],[112.129193,33.336227],[112.127876,33.336391],[112.126374,33.336456],[112.125904,33.337365],[112.125623,33.338779],[112.1257,33.340088],[112.124394,33.340655],[112.124225,33.341614],[112.123158,33.341876],[112.122868,33.342223],[112.122729,33.342486],[112.122602,33.342875],[112.122629,33.34318],[112.12286,33.343492],[112.122822,33.344323],[112.123056,33.344684],[112.123268,33.344921],[112.123386,33.34534],[112.123109,33.345728],[112.12305,33.34603],[112.12249,33.34662],[112.121119,33.347487],[112.11837,33.348571],[112.117404,33.348076],[112.117042,33.348078],[112.115312,33.3488],[112.112912,33.348923],[112.111533,33.349086],[112.110334,33.349349],[112.108953,33.34921],[112.107748,33.349019],[112.107035,33.349429],[112.106557,33.349761],[112.105359,33.349797],[112.10494,33.350202],[112.104463,33.350408],[112.104235,33.351168],[112.103232,33.352738],[112.103481,33.353339],[112.104339,33.354744],[112.104353,33.355801],[112.104307,33.35691],[112.103894,33.357519],[112.10229,33.359047],[112.102239,33.359702],[112.102244,33.360103],[112.102008,33.360358],[112.101172,33.360667],[112.098833,33.361043],[112.096556,33.361364],[112.096526,33.363884],[112.096116,33.364543],[112.095641,33.365002],[112.096204,33.36681],[112.096207,33.367112],[112.095367,33.367271],[112.094404,33.367128],[112.093133,33.366332],[112.09235,33.365987],[112.09139,33.366095],[112.090193,33.36646],[112.088992,33.36642],[112.085929,33.366447],[112.084011,33.366716],[112.082809,33.367058],[112.079462,33.368015],[112.078925,33.368447],[112.079805,33.370443],[112.080055,33.371113],[112.079998,33.373059],[112.079966,33.376883],[112.081259,33.377947],[112.085414,33.377642],[112.085974,33.377839],[112.08584,33.379785],[112.083525,33.380276],[112.08337,33.380545],[112.083541,33.381483],[112.084201,33.383223],[112.084298,33.384496],[112.084566,33.386708],[112.084732,33.387311],[112.085065,33.388113],[112.084987,33.388516],[112.084515,33.389125],[112.083877,33.389131],[112.082029,33.388475],[112.080106,33.388289],[112.077708,33.38831],[112.074669,33.388473],[112.073945,33.388142],[112.073454,33.387208],[112.072957,33.385868],[112.072472,33.385403],[112.070919,33.385264],[112.070804,33.385676],[112.070876,33.386039],[112.070771,33.38654],[112.070232,33.387488],[112.070112,33.387886],[112.070071,33.388372],[112.068226,33.391548],[112.065713,33.395194],[112.066037,33.395525],[112.066764,33.396123],[112.06685,33.396658],[112.067266,33.39793],[112.067435,33.398667],[112.068411,33.400001],[112.066987,33.401287],[112.065809,33.403244],[112.065662,33.404117],[112.065101,33.404256],[112.061502,33.404287],[112.060383,33.404363],[112.060067,33.404704],[112.059764,33.406047],[112.059302,33.407594],[112.059034,33.408056],[112.059782,33.408141],[112.06056,33.408452],[112.060941,33.408743],[112.061971,33.408904],[112.062529,33.409088],[112.06262,33.40915],[112.06284,33.409444],[112.06299,33.409585],[112.0631,33.409612],[112.063414,33.409883],[112.063723,33.41048],[112.0638,33.410601],[112.063897,33.41068],[112.064227,33.410827],[112.06453,33.410879],[112.065251,33.411123],[112.065474,33.411322],[112.065565,33.411506],[112.065576,33.411788],[112.065968,33.412569],[112.06608,33.413087],[112.066056,33.413366],[112.065697,33.414186],[112.065745,33.41449],[112.066021,33.415041],[112.065952,33.415496],[112.066053,33.415639],[112.066247,33.416107],[112.066292,33.416143],[112.066534,33.416201],[112.066627,33.416272],[112.066692,33.416483],[112.06681,33.416689],[112.066939,33.416828],[112.067242,33.41704],[112.067443,33.417275],[112.067518,33.41743],[112.067574,33.417739],[112.067928,33.418657],[112.068341,33.419568],[112.06865,33.420383],[112.068677,33.42058],[112.06895,33.421325],[112.06921,33.421804],[112.069379,33.42199],[112.070176,33.422507],[112.070828,33.422832],[112.070999,33.422966],[112.07134,33.423136],[112.071533,33.423289],[112.071941,33.423855],[112.072123,33.424267],[112.072719,33.42475],[112.073027,33.425075],[112.073,33.425229],[112.072668,33.425747],[112.072633,33.425894],[112.072397,33.42642],[112.071962,33.427005],[112.071919,33.427137],[112.072091,33.427493],[112.072445,33.427947],[112.073314,33.429328],[112.073751,33.429787],[112.073671,33.429926],[112.073204,33.430338],[112.072826,33.430788],[112.072695,33.431025],[112.072485,33.43156],[112.072338,33.431799],[112.071716,33.432373],[112.071367,33.43261],[112.07108,33.432715],[112.070884,33.432751],[112.070307,33.433064],[112.070047,33.43314],[112.069151,33.433371],[112.068537,33.433478],[112.068341,33.433557],[112.068052,33.433496],[112.067958,33.433503],[112.067853,33.433525],[112.067684,33.433624],[112.067706,33.433807],[112.068046,33.434345],[112.068178,33.434468],[112.068247,33.434595],[112.068746,33.435029],[112.068821,33.435264],[112.069117,33.435692],[112.069398,33.436205],[112.069371,33.436554],[112.069395,33.436607],[112.069487,33.436742],[112.069613,33.436822],[112.07001,33.437252],[112.070026,33.437445],[112.069921,33.437686],[112.069945,33.437908],[112.070195,33.438096],[112.070425,33.43817],[112.070836,33.438488],[112.071077,33.438573],[112.071453,33.438781],[112.071595,33.438821],[112.071761,33.438805],[112.071949,33.438846],[112.072233,33.438837],[112.072499,33.438758],[112.07215,33.439],[112.071651,33.439463],[112.071099,33.439842],[112.070645,33.44024],[112.070289,33.440636],[112.070002,33.440887],[112.069556,33.441467],[112.068848,33.442709],[112.068422,33.443548],[112.068352,33.443656],[112.068186,33.443803],[112.068041,33.444041],[112.067904,33.444414],[112.06773,33.445019],[112.067727,33.445412],[112.067797,33.44558],[112.068146,33.446147],[112.068156,33.446223],[112.068068,33.446335],[112.067741,33.446547],[112.067668,33.446679],[112.067674,33.447028],[112.067856,33.447476],[112.067816,33.447711],[112.067663,33.447906],[112.067614,33.448138],[112.067631,33.448329],[112.067706,33.448573],[112.067727,33.449463],[112.067542,33.449956],[112.06759,33.450775],[112.06758,33.450826],[112.067327,33.450994],[112.067185,33.451139],[112.067121,33.451332],[112.067073,33.451871],[112.067091,33.452241],[112.067059,33.452686],[112.066952,33.453406],[112.066968,33.453583],[112.066778,33.454302],[112.066778,33.454465],[112.066716,33.454792],[112.066724,33.455145],[112.067054,33.455342],[112.066925,33.455718],[112.066788,33.455942],[112.066778,33.456369],[112.066807,33.456526],[112.066933,33.456777],[112.067142,33.457043],[112.06714,33.457235],[112.067185,33.457428],[112.067252,33.458122],[112.067301,33.458307],[112.067424,33.458522],[112.06773,33.458737],[112.067918,33.459122],[112.068095,33.459361],[112.068202,33.459455],[112.068357,33.459525],[112.068438,33.459713],[112.068229,33.460771],[112.06825,33.46089],[112.068357,33.461111],[112.068537,33.46176],[112.068647,33.462496],[112.068693,33.462624],[112.068703,33.462843],[112.06865,33.463163],[112.06869,33.463696],[112.068677,33.463906],[112.068602,33.46419],[112.068545,33.46481],[112.068658,33.46634],[112.068717,33.466553],[112.068744,33.466942],[112.068685,33.46707],[112.068484,33.467195],[112.068425,33.467488],[112.068336,33.467609],[112.067883,33.468081],[112.0678,33.468553],[112.067907,33.469007],[112.067963,33.469466],[112.067816,33.469755],[112.0677,33.469869],[112.067623,33.470108],[112.067633,33.470352],[112.067751,33.470589],[112.067872,33.470697],[112.067907,33.470779],[112.067851,33.47114],[112.068349,33.47152],[112.068526,33.472095],[112.068534,33.4722],[112.068478,33.472431],[112.068371,33.472695],[112.068223,33.473283],[112.068226,33.473755],[112.068269,33.473905],[112.068119,33.474702],[112.068239,33.47516],[112.068516,33.47582],[112.068658,33.47627],[112.068752,33.47721],[112.068701,33.478089],[112.068918,33.478433],[112.069342,33.478811],[112.069731,33.479104],[112.070653,33.479688],[112.071048,33.4797],[112.071517,33.479863],[112.071818,33.480044],[112.07255,33.480574],[112.073092,33.480802],[112.073537,33.481118],[112.07377,33.481223],[112.074435,33.481319],[112.074679,33.481409],[112.074856,33.481514],[112.074977,33.481601],[112.075092,33.481787],[112.075624,33.482433],[112.075685,33.482559],[112.075717,33.482769],[112.075819,33.482867],[112.075948,33.482865],[112.076316,33.482778],[112.076519,33.482791],[112.077244,33.482979],[112.077858,33.483194],[112.078233,33.48329],[112.078528,33.483422],[112.078797,33.483474],[112.080028,33.483456],[112.08072,33.483505],[112.080835,33.483489],[112.081307,33.483623],[112.08172,33.483843],[112.082085,33.483993],[112.082345,33.484042],[112.082439,33.484122],[112.082646,33.484552],[112.082664,33.484939],[112.082718,33.485091],[112.082844,33.485257],[112.083107,33.48546],[112.083362,33.485717],[112.083437,33.485845],[112.08348,33.486221],[112.083571,33.486297],[112.083799,33.486397],[112.083987,33.486415],[112.084373,33.486366],[112.084491,33.486404],[112.084435,33.486487],[112.084483,33.486762],[112.084507,33.487353],[112.084558,33.487449],[112.084657,33.487536],[112.085017,33.487576],[112.085167,33.487693],[112.085212,33.487845],[112.085381,33.4881],[112.085465,33.48829],[112.085459,33.488433],[112.085376,33.488706],[112.08543,33.488802],[112.08573,33.488981],[112.085835,33.489122],[112.08587,33.489234],[112.085727,33.489556],[112.085274,33.489952],[112.085119,33.490135],[112.084732,33.490894],[112.08473,33.491252],[112.084649,33.491431],[112.084614,33.491688],[112.084722,33.49201],[112.085009,33.492538],[112.085143,33.492703],[112.085416,33.492668],[112.085695,33.492562],[112.085854,33.492536],[112.086318,33.492506],[112.086586,33.492531],[112.086744,33.492578],[112.087184,33.492931],[112.087514,33.492929],[112.087645,33.492963],[112.087777,33.493133],[112.08779,33.493388],[112.087852,33.493518],[112.087972,33.493627],[112.088538,33.493728],[112.089389,33.493954],[112.089383,33.494028],[112.089209,33.49441],[112.089008,33.494618],[112.088785,33.494725],[112.088697,33.494839],[112.088662,33.494965],[112.088664,33.4952],[112.088713,33.495361],[112.088782,33.495515],[112.088938,33.495732],[112.08908,33.49611],[112.089088,33.496275],[112.089043,33.496486],[112.089072,33.496783],[112.089037,33.497047],[112.088922,33.49719],[112.08889,33.49736],[112.088673,33.497763],[112.088592,33.498031],[112.088533,33.498412],[112.088361,33.498675],[112.088128,33.49885],[112.087895,33.498883],[112.087683,33.498863],[112.087136,33.498731],[112.086808,33.498698],[112.086586,33.498769],[112.086511,33.498859],[112.085706,33.498991],[112.085411,33.499248],[112.085086,33.499302],[112.084848,33.49959],[112.084679,33.499736],[112.084687,33.499814],[112.08484,33.500069],[112.084826,33.500185],[112.084915,33.500366],[112.084861,33.500503],[112.084598,33.500704],[112.084609,33.500751],[112.08436,33.501321],[112.084233,33.501406],[112.083855,33.501532],[112.0836,33.501735],[112.083064,33.502444],[112.082407,33.502865],[112.082149,33.503155],[112.081994,33.503202],[112.081503,33.503167],[112.080846,33.503287],[112.080438,33.503504],[112.080216,33.503576],[112.079805,33.503847],[112.079542,33.504157],[112.079191,33.504421],[112.079033,33.50448],[112.078561,33.504569],[112.078241,33.504741],[112.077724,33.505155],[112.077005,33.505224],[112.076605,33.505379],[112.076037,33.505546],[112.075519,33.505587],[112.075009,33.505736],[112.074891,33.50579],[112.074446,33.506146],[112.074291,33.506215],[112.074119,33.506394],[112.074001,33.506667],[112.074014,33.506906],[112.073961,33.507168],[112.073607,33.507532],[112.073285,33.507671],[112.073169,33.507781],[112.073062,33.508027],[112.073041,33.508161],[112.072885,33.5084],[112.072869,33.508803],[112.072949,33.509051],[112.072992,33.509458],[112.073118,33.509715],[112.073185,33.509945],[112.073188,33.510131],[112.073132,33.51025],[112.072995,33.510417],[112.072456,33.510742],[112.072797,33.5109],[112.073371,33.510831],[112.073628,33.510748],[112.074425,33.510581],[112.074677,33.510601],[112.075803,33.510844],[112.076203,33.510979],[112.076514,33.511164],[112.076707,33.511502],[112.076997,33.51171],[112.077085,33.511851],[112.077182,33.511931],[112.077295,33.511972],[112.077684,33.511956],[112.077826,33.511983],[112.078113,33.512112],[112.078228,33.512119],[112.078325,33.512092],[112.078585,33.511869],[112.078708,33.511833],[112.078891,33.511849],[112.079089,33.511985],[112.079277,33.511987],[112.079553,33.511875],[112.079749,33.511849],[112.080146,33.511887],[112.080503,33.512063],[112.081047,33.512108],[112.081216,33.512097],[112.081618,33.511909],[112.081677,33.511909],[112.081801,33.511967],[112.082214,33.512374],[112.08252,33.512486],[112.082734,33.512524],[112.082949,33.512394],[112.083037,33.512273],[112.083268,33.512097],[112.083324,33.512092],[112.083592,33.512159],[112.083877,33.512437],[112.084295,33.512566],[112.08455,33.512788],[112.084845,33.512904],[112.085293,33.512804],[112.085403,33.512842],[112.085561,33.512989],[112.085749,33.513061],[112.086787,33.513108],[112.087012,33.513219],[112.087197,33.513257],[112.087396,33.513251],[112.087967,33.513009],[112.088061,33.513014],[112.088546,33.51317],[112.088812,33.513186],[112.089088,33.51315],[112.089356,33.512982],[112.089866,33.512859],[112.09025,33.512864],[112.090794,33.512949],[112.091036,33.512949],[112.091529,33.512833],[112.091679,33.51283],[112.091765,33.512844],[112.091886,33.512976],[112.091996,33.513168],[112.092406,33.513302],[112.093755,33.513389],[112.094131,33.513463],[112.094351,33.51345],[112.094504,33.513389],[112.094627,33.513166],[112.094879,33.512982],[112.094981,33.512949],[112.09507,33.512958],[112.095357,33.513052],[112.095603,33.513222],[112.095788,33.513919],[112.095917,33.514089],[112.096094,33.514226],[112.096271,33.514487],[112.096354,33.515145],[112.09647,33.515429],[112.09658,33.515834],[112.096722,33.516082],[112.096998,33.516272],[112.097331,33.516918],[112.09758,33.517084],[112.09813,33.517363],[112.098208,33.517513],[112.098267,33.517781],[112.098398,33.5179],[112.098712,33.51809],[112.098948,33.518298],[112.09997,33.518933],[112.100072,33.519132],[112.100101,33.519387],[112.100241,33.519785],[112.100442,33.519888],[112.100536,33.519906],[112.100638,33.519971],[112.100818,33.520004],[112.101193,33.520002],[112.101448,33.519861],[112.101644,33.519798],[112.102242,33.519787],[112.102829,33.519897],[112.103159,33.51991],[112.103392,33.519841],[112.103588,33.519727],[112.103859,33.519447],[112.104524,33.519172],[112.104683,33.519056],[112.104849,33.519014],[112.105249,33.519016],[112.105597,33.518955],[112.10568,33.518908],[112.106075,33.518821],[112.106579,33.51877],[112.107469,33.519159],[112.108049,33.519306],[112.108534,33.51936],[112.10876,33.519427],[112.109629,33.519445],[112.109993,33.519559],[112.110723,33.519868],[112.110988,33.51991],[112.111426,33.519848],[112.111554,33.519749],[112.111879,33.519613],[112.112432,33.519289],[112.112909,33.519175],[112.113231,33.519159],[112.11351,33.519235],[112.113593,33.519206],[112.113979,33.51923],[112.114288,33.519213],[112.114553,33.51917],[112.115213,33.518593],[112.115905,33.518068],[112.115991,33.517931],[112.116256,33.517667],[112.116399,33.517562],[112.116688,33.517428],[112.117155,33.517442],[112.117909,33.517336],[112.118289,33.517332],[112.118424,33.517283],[112.118829,33.517473],[112.119164,33.517717],[112.119743,33.5179],[112.120154,33.518081],[112.120465,33.518108],[112.120838,33.518197],[112.120923,33.518188],[112.121495,33.5179],[112.121924,33.517766],[112.122527,33.517692],[112.123061,33.5175],[112.123134,33.517448],[112.123445,33.516916],[112.123608,33.516739],[112.12389,33.516256],[112.124056,33.515914],[112.124064,33.515699],[112.124107,33.515581],[112.124432,33.515467],[112.12456,33.51538],[112.124823,33.515411],[112.125687,33.515648],[112.125714,33.515565],[112.125939,33.515418],[112.126304,33.515324],[112.126776,33.515134],[112.127101,33.515167],[112.127996,33.51553],[112.128536,33.515639],[112.129069,33.515867],[112.129295,33.516026],[112.130102,33.516274],[112.130389,33.516393],[112.130459,33.516509],[112.130646,33.516661],[112.131156,33.516938],[112.131269,33.516967],[112.131636,33.516878],[112.131899,33.516753],[112.132516,33.516377],[112.132905,33.516252],[112.134072,33.516131],[112.134509,33.51614],[112.134941,33.516196],[112.13526,33.516191],[112.135584,33.516111],[112.13622,33.515869],[112.136593,33.515762],[112.136861,33.51572],[112.137451,33.51574],[112.137666,33.515702],[112.138122,33.515565],[112.138728,33.515181],[112.138948,33.514852],[112.139023,33.514682],[112.13909,33.514385],[112.13916,33.514277],[112.139294,33.514163],[112.139398,33.514134],[112.139551,33.514174],[112.139618,33.514148],[112.140233,33.513528],[112.140487,33.513349],[112.141088,33.513219],[112.141407,33.513065],[112.14152,33.512944],[112.141633,33.512625],[112.141649,33.512426],[112.141582,33.512021],[112.141531,33.511951],[112.141424,33.5119],[112.141284,33.511775],[112.141193,33.51143],[112.140986,33.511131],[112.140756,33.510639],[112.140469,33.510274],[112.140359,33.509883],[112.139991,33.509342],[112.140603,33.50923],[112.141257,33.509339],[112.141617,33.509272],[112.141764,33.509288],[112.141896,33.509337],[112.142124,33.509509],[112.142451,33.50965],[112.142995,33.509567],[112.143264,33.509614],[112.144422,33.509599],[112.145313,33.509509],[112.145734,33.509543],[112.146622,33.509467],[112.146917,33.509516],[112.147032,33.509585],[112.147244,33.509845],[112.147563,33.510068],[112.148547,33.510408],[112.148687,33.510558],[112.148792,33.510974],[112.149025,33.511336],[112.14925,33.511518],[112.149513,33.511665],[112.149931,33.511752],[112.150578,33.511654],[112.15068,33.511665],[112.150999,33.511858],[112.151133,33.511898],[112.151487,33.511925],[112.151755,33.512014],[112.15237,33.512399],[112.152582,33.512571],[112.152941,33.51296],[112.153067,33.513208],[112.153177,33.513573],[112.153316,33.51379],[112.154019,33.514628],[112.15459,33.515174],[112.15473,33.515268],[112.154859,33.515346],[112.155478,33.515574],[112.155897,33.51565],[112.15617,33.515771],[112.157147,33.515684],[112.157431,33.515711],[112.15756,33.515791],[112.158214,33.516462],[112.158287,33.516511],[112.158563,33.516556],[112.158697,33.516666],[112.159177,33.517231],[112.159311,33.517457],[112.159638,33.517618],[112.159963,33.517656],[112.160328,33.517804],[112.160577,33.517992],[112.160749,33.518305],[112.161076,33.518314],[112.161621,33.518103],[112.161776,33.518092],[112.162487,33.518188],[112.162656,33.518117],[112.163203,33.517786],[112.163509,33.51756],[112.163882,33.517743],[112.164539,33.518211],[112.16485,33.518289],[112.165419,33.518316],[112.166934,33.518144],[112.167103,33.518193],[112.167296,33.518332],[112.167562,33.51862],[112.167827,33.51879],[112.168648,33.518866],[112.168892,33.518978],[112.169064,33.519177],[112.16916,33.519476],[112.169327,33.519787],[112.169659,33.520246],[112.169842,33.520407],[112.170319,33.520695],[112.170579,33.52078],[112.171617,33.52078],[112.171791,33.520814],[112.172143,33.520997],[112.172398,33.521156],[112.172787,33.521572],[112.173076,33.522256],[112.17321,33.522406],[112.173457,33.52256],[112.173768,33.522699],[112.174476,33.522967],[112.175284,33.523448],[112.17559,33.523517],[112.176531,33.523517],[112.177116,33.523656],[112.17777,33.523729],[112.178003,33.523785],[112.178371,33.52398],[112.1788,33.524277],[112.178894,33.524282],[112.179929,33.523917],[112.180428,33.523814],[112.181182,33.523893],[112.18167,33.523852],[112.181909,33.523895],[112.182086,33.523973],[112.182198,33.524094],[112.182266,33.524275],[112.182282,33.524588],[112.182236,33.525143],[112.182174,33.525286],[112.182131,33.525521],[112.182145,33.525706],[112.182169,33.525791],[112.182531,33.526225],[112.182644,33.526422],[112.182797,33.52677],[112.182821,33.52701],[112.182899,33.527215],[112.183226,33.527347],[112.183341,33.527332],[112.183861,33.527115],[112.184175,33.527045],[112.184344,33.527043],[112.184854,33.527291],[112.18535,33.527459],[112.185675,33.527459],[112.186517,33.527551],[112.187622,33.527408],[112.188048,33.527405],[112.18896,33.527045],[112.189191,33.527012],[112.189483,33.526876],[112.190387,33.526764],[112.190669,33.526598],[112.190878,33.526554],[112.191766,33.526567],[112.19223,33.526471],[112.192407,33.526404],[112.192769,33.526357],[112.192731,33.525702],[112.192748,33.525469],[112.193043,33.525033],[112.193214,33.524859],[112.193713,33.524655],[112.194362,33.524443],[112.195837,33.524056],[112.196041,33.524085],[112.196277,33.524054],[112.196599,33.523899],[112.197222,33.523982],[112.197372,33.52394],[112.197594,33.523794],[112.197895,33.523743],[112.198021,33.523752],[112.198158,33.523705],[112.198488,33.523783],[112.198785,33.523732],[112.199045,33.523821],[112.199247,33.523846],[112.199445,33.523745],[112.199662,33.523557],[112.199837,33.523506],[112.200338,33.523609],[112.20081,33.523653],[112.202012,33.523678],[112.202699,33.523589],[112.203401,33.523555],[112.203731,33.523441],[112.203922,33.523425],[112.204193,33.523347],[112.204603,33.523461],[112.2057,33.523882],[112.20589,33.523897],[112.206164,33.523846],[112.206545,33.523685],[112.20677,33.52349],[112.207221,33.523289],[112.207325,33.523215],[112.208082,33.523012],[112.208551,33.52281],[112.208986,33.522844],[112.209273,33.522741],[112.210246,33.522571],[112.211008,33.522656],[112.211247,33.522649],[112.211437,33.522576],[112.211775,33.522513],[112.212371,33.522294],[112.212465,33.522234],[112.213014,33.522075],[112.213395,33.522041],[112.213859,33.522142],[112.213993,33.522104],[112.214758,33.521505],[112.214876,33.521377],[112.215007,33.521156],[112.215198,33.52097],[112.215611,33.520832],[112.216053,33.520791],[112.21644,33.520697],[112.2167,33.520559],[112.217252,33.520161],[112.217732,33.51987],[112.218322,33.519626],[112.218685,33.519588],[112.219055,33.519615],[112.219774,33.519857],[112.220197,33.520062],[112.220479,33.520118],[112.220795,33.520275],[112.220895,33.520331],[112.221123,33.520579],[112.22134,33.520715],[112.221461,33.520675],[112.221758,33.520378],[112.222407,33.519939],[112.222654,33.519857],[112.22292,33.519722],[112.223325,33.519622],[112.223451,33.519622],[112.22406,33.51983],[112.224414,33.519792],[112.224561,33.519751],[112.225071,33.519445],[112.225363,33.519418],[112.225787,33.519166],[112.226036,33.519123],[112.226637,33.519148],[112.226863,33.519096],[112.227002,33.518991],[112.227276,33.518694],[112.227423,33.518629],[112.228094,33.518582],[112.228217,33.518535],[112.229151,33.518484],[112.229403,33.51839],[112.230046,33.517916],[112.230172,33.517869],[112.230422,33.517851],[112.230521,33.517802],[112.230631,33.517623],[112.23087,33.517493],[112.231055,33.517475],[112.231412,33.517379],[112.231766,33.517218],[112.232316,33.517169],[112.232511,33.51712],[112.233026,33.516869],[112.233453,33.516802],[112.233531,33.516809],[112.233726,33.517142],[112.233842,33.517278],[112.234032,33.517412],[112.234325,33.517417],[112.234432,33.517448],[112.234617,33.517605],[112.235202,33.517819],[112.235969,33.51798],[112.236411,33.517994],[112.236524,33.518025],[112.236663,33.518106],[112.236894,33.518336],[112.237034,33.518399],[112.237503,33.518434],[112.238037,33.518428],[112.238281,33.518479],[112.239354,33.518385],[112.239676,33.518461],[112.240158,33.518414],[112.240381,33.518334],[112.240469,33.518332],[112.240646,33.518381],[112.24088,33.518519],[112.240992,33.518622],[112.241127,33.518647],[112.24154,33.518844],[112.24232,33.519085],[112.24268,33.51904],[112.242822,33.519067],[112.242926,33.51919],[112.243039,33.519447],[112.243192,33.519597],[112.243229,33.519689],[112.243417,33.519908],[112.243511,33.520096],[112.243533,33.520201],[112.243506,33.520496],[112.243696,33.520858],[112.24372,33.521142],[112.243879,33.521484],[112.244013,33.522372],[112.244179,33.522616],[112.244506,33.5229],[112.244554,33.522974],[112.244817,33.52364],[112.245115,33.52417],[112.245335,33.524651],[112.245399,33.52474],[112.245461,33.524771],[112.24567,33.524678],[112.246467,33.524206],[112.246692,33.524034],[112.247473,33.523591],[112.248251,33.523267],[112.248897,33.522925],[112.249028,33.522826],[112.249093,33.522759],[112.24909,33.522339],[112.249146,33.522097],[112.249165,33.521728],[112.249297,33.521429],[112.249382,33.52137],[112.249554,33.521279],[112.250029,33.521131],[112.250286,33.521136],[112.250549,33.521035],[112.251303,33.520919],[112.251729,33.520751],[112.25215,33.520628],[112.25299,33.520463],[112.253419,33.520503],[112.254125,33.520512],[112.254288,33.520548],[112.254535,33.520673],[112.254792,33.520641],[112.255769,33.520811],[112.25641,33.520845],[112.257231,33.521051],[112.257853,33.521294],[112.259124,33.521648],[112.259958,33.521947],[112.260135,33.522229],[112.260508,33.522594],[112.261147,33.523041],[112.261342,33.523101],[112.26171,33.523106],[112.262431,33.523191],[112.262992,33.523314],[112.26392,33.523622],[112.264521,33.523861],[112.264802,33.523902],[112.265224,33.523897],[112.26576,33.524063],[112.26616,33.524067],[112.266355,33.524011],[112.266457,33.523933],[112.266634,33.52349],[112.266836,33.523166],[112.267061,33.52296],[112.267227,33.522866],[112.267294,33.522471],[112.267461,33.522142],[112.267605,33.521938],[112.267839,33.521833],[112.268045,33.521827],[112.268249,33.52129],[112.268372,33.521127],[112.268678,33.520829],[112.268786,33.520673],[112.269073,33.520432],[112.269716,33.520009],[112.270017,33.519725],[112.270221,33.519631],[112.270411,33.519438],[112.270829,33.518835],[112.270958,33.518712],[112.271111,33.51866],[112.271967,33.518575],[112.273257,33.518307],[112.273471,33.518135],[112.273734,33.51805],[112.273772,33.518003],[112.273785,33.517895],[112.273756,33.51767],[112.273785,33.51758],[112.274102,33.517442],[112.274142,33.516471],[112.274029,33.516469],[112.273595,33.51612],[112.273069,33.515912],[112.272334,33.515521],[112.272095,33.515353],[112.272007,33.515208],[112.271908,33.514472],[112.271862,33.51434],[112.271605,33.51406],[112.271202,33.51381],[112.271937,33.513662],[112.272238,33.513714],[112.272581,33.513888],[112.27316,33.514411],[112.274654,33.51472],[112.275164,33.514919],[112.27548,33.515127],[112.275488,33.514814],[112.275542,33.514698],[112.275762,33.514418],[112.276341,33.513861],[112.276784,33.513282],[112.276886,33.513083],[112.276406,33.512734],[112.27629,33.512497],[112.276111,33.512426],[112.275934,33.512435],[112.275124,33.512777],[112.274981,33.512801],[112.27455,33.512777],[112.274128,33.512596],[112.274158,33.512361],[112.274289,33.512197],[112.275014,33.511826],[112.275448,33.511439],[112.275724,33.511003],[112.276207,33.51078],[112.276277,33.510717],[112.276376,33.510598],[112.276459,33.510424],[112.27665,33.509852],[112.276612,33.509822],[112.276296,33.509775],[112.27596,33.509516],[112.275824,33.509447],[112.275521,33.509384],[112.275301,33.509288],[112.275016,33.5091],[112.274898,33.50897],[112.274657,33.508798],[112.273871,33.508671],[112.273541,33.50844],[112.273141,33.508266],[112.272892,33.507942],[112.27268,33.507758],[112.272318,33.507557],[112.272205,33.507391],[112.272103,33.507101],[112.271908,33.506864],[112.271867,33.506772],[112.271816,33.506604],[112.271854,33.505877],[112.272082,33.505007],[112.272216,33.504929],[112.272771,33.504332],[112.273042,33.504155],[112.27334,33.50405],[112.273504,33.503949],[112.27426,33.503965],[112.274697,33.503885],[112.275142,33.503952],[112.275995,33.503905],[112.276416,33.504162],[112.276623,33.504198],[112.277057,33.504126],[112.277513,33.504169],[112.277755,33.504238],[112.277951,33.504332],[112.278069,33.504433],[112.278254,33.504688],[112.278484,33.50509],[112.278686,33.505345],[112.278932,33.505533],[112.279442,33.505761],[112.279734,33.505947],[112.280107,33.505927],[112.2804,33.505842],[112.280609,33.505325],[112.280778,33.50505],[112.280906,33.504913],[112.281218,33.504732],[112.281432,33.504674],[112.281931,33.504672],[112.282183,33.504632],[112.282261,33.504605],[112.282467,33.504242],[112.282586,33.504146],[112.282854,33.504079],[112.28416,33.504005],[112.284578,33.503804],[112.284814,33.503639],[112.2849,33.503605],[112.28504,33.503603],[112.285048,33.504061],[112.285236,33.504976],[112.285523,33.505184],[112.285952,33.50526],[112.286378,33.505137],[112.286869,33.505103],[112.28733,33.505193],[112.287397,33.505511],[112.287424,33.505884],[112.287244,33.506732],[112.287097,33.507233],[112.287108,33.507421],[112.287625,33.507356],[112.289082,33.507995],[112.289412,33.508058],[112.289766,33.507897],[112.290646,33.507291],[112.290788,33.507226],[112.291013,33.507255],[112.291389,33.507573],[112.291474,33.507688],[112.291764,33.508286],[112.291866,33.508391],[112.292368,33.508673],[112.292832,33.508854],[112.293341,33.509004],[112.293524,33.509122],[112.293912,33.509559],[112.294395,33.510001],[112.295154,33.510556],[112.295997,33.51112],[112.296222,33.511314],[112.296436,33.511623],[112.296412,33.51188],[112.29723,33.511974],[112.297397,33.511951],[112.29756,33.511884],[112.297925,33.511614],[112.298295,33.511187],[112.298451,33.510916],[112.298488,33.510648],[112.298475,33.510498],[112.298553,33.510028],[112.298542,33.50948],[112.298606,33.50921],[112.298614,33.508908],[112.298673,33.508753],[112.298679,33.508639],[112.298574,33.508192],[112.29826,33.507649],[112.298185,33.507374],[112.298207,33.507275],[112.298378,33.506966],[112.298724,33.506553],[112.299046,33.506271],[112.299462,33.506003],[112.299797,33.505721],[112.299958,33.50537],[112.30035,33.505057],[112.300715,33.504931],[112.301511,33.504415],[112.302058,33.504126],[112.302587,33.503999],[112.303005,33.503851],[112.304797,33.502892],[112.305116,33.502811],[112.305878,33.502514],[112.306272,33.502187],[112.306538,33.502024],[112.306924,33.501715],[112.307452,33.501404],[112.308788,33.500371],[112.30974,33.499859],[112.310126,33.499619],[112.310542,33.499456],[112.310727,33.499349],[112.311274,33.498908],[112.311438,33.498664],[112.311548,33.49857],[112.311722,33.498483],[112.311926,33.498309],[112.312103,33.498076],[112.312176,33.497919],[112.312189,33.497774],[112.311991,33.497548],[112.31206,33.497394],[112.312347,33.497307],[112.312626,33.497101],[112.312873,33.4967],[112.313147,33.496519],[112.313391,33.49626],[112.313479,33.496215],[112.314016,33.49562],[112.31405,33.495383],[112.31401,33.495193],[112.313849,33.494902],[112.313755,33.494446],[112.313675,33.494303],[112.313527,33.494144],[112.313128,33.493815],[112.312707,33.493204],[112.312278,33.492654],[112.312146,33.492533],[112.311626,33.492236],[112.311572,33.492106],[112.311586,33.492019],[112.311645,33.491885],[112.311779,33.491757],[112.312023,33.491343],[112.312624,33.490815],[112.312932,33.490585],[112.313002,33.490554],[112.31305,33.490636],[112.313715,33.490605],[112.313737,33.490576],[112.313828,33.490567],[112.313978,33.490442],[112.314201,33.489688],[112.314281,33.48952],[112.314482,33.489243],[112.314836,33.488856],[112.315314,33.488608],[112.315424,33.488509],[112.315469,33.488196],[112.315595,33.487983],[112.316164,33.487362],[112.31633,33.487214],[112.316494,33.487124],[112.316642,33.486912],[112.316642,33.486814],[112.316558,33.486435],[112.316497,33.48638],[112.315931,33.486122],[112.315542,33.485796],[112.31529,33.485306],[112.315083,33.484986],[112.314885,33.484816],[112.314681,33.484554],[112.314533,33.484429],[112.314209,33.483899],[112.313986,33.483266],[112.314005,33.48293],[112.314214,33.482585],[112.314155,33.482427],[112.313951,33.482232],[112.313737,33.482203],[112.313672,33.48223],[112.313608,33.482201],[112.313404,33.481964],[112.31305,33.481731],[112.312844,33.481532],[112.31279,33.481398],[112.31268,33.480552],[112.312487,33.479999],[112.312425,33.479639],[112.312243,33.479127],[112.312063,33.478896],[112.312004,33.478747],[112.311993,33.478594],[112.312047,33.478297],[112.312042,33.478149],[112.311983,33.477919],[112.311856,33.477031],[112.311757,33.47676],[112.311709,33.476442],[112.311958,33.47616],[112.312151,33.475536],[112.312414,33.474986],[112.31246,33.474787],[112.312554,33.473737],[112.312076,33.473511],[112.311229,33.47293],[112.310856,33.472567],[112.310631,33.472225],[112.310311,33.471862],[112.310008,33.471379],[112.309711,33.470656],[112.309668,33.4705],[112.30966,33.470162],[112.309598,33.469902],[112.309263,33.469128],[112.309105,33.468672],[112.308748,33.468227],[112.307914,33.466951],[112.307517,33.466506],[112.307436,33.466334],[112.306677,33.465295],[112.306269,33.464855],[112.305964,33.464331],[112.305685,33.464047],[112.305186,33.463682],[112.304826,33.463358],[112.303979,33.462823],[112.30333,33.462476],[112.302439,33.46208],[112.301074,33.46165],[112.300819,33.461626],[112.300757,33.460874],[112.300771,33.460603],[112.300664,33.460021],[112.300798,33.459894],[112.300816,33.459809],[112.300771,33.459775],[112.300548,33.459784],[112.300468,33.458974],[112.300728,33.45852],[112.300497,33.458113],[112.300401,33.457866],[112.300291,33.457417],[112.299977,33.456978],[112.299851,33.45653],[112.299634,33.456566],[112.29951,33.456542],[112.29925,33.456389],[112.29873,33.45583],[112.29829,33.455685],[112.2977,33.45581],[112.297394,33.455819],[112.297128,33.455761],[112.29689,33.455763],[112.296731,33.455866],[112.296345,33.456318],[112.296149,33.456356],[112.295905,33.456349],[112.295712,33.456269],[112.295618,33.456166],[112.295007,33.455808],[112.294739,33.455427],[112.294599,33.45528],[112.294312,33.455179],[112.294049,33.455002],[112.293749,33.454872],[112.293456,33.45485],[112.292477,33.455105],[112.291327,33.455814],[112.291206,33.455852],[112.290747,33.455861],[112.290643,33.45589],[112.290404,33.456016],[112.290246,33.456146],[112.289594,33.456334],[112.289473,33.456396],[112.289157,33.456786],[112.288698,33.457229],[112.28857,33.45745],[112.287963,33.456971],[112.287789,33.456853],[112.287666,33.456819],[112.287333,33.456951],[112.287094,33.457157],[112.286933,33.457235],[112.286233,33.456839],[112.285893,33.456864],[112.285378,33.457041],[112.284954,33.45694],[112.284629,33.456944],[112.284485,33.456889],[112.284211,33.45653],[112.28416,33.456506],[112.284007,33.456492],[112.283809,33.456548],[112.283538,33.45656],[112.283264,33.456454],[112.28309,33.456421],[112.282706,33.456215],[112.282433,33.456155],[112.282199,33.456175],[112.282001,33.456235],[112.281926,33.456302],[112.281808,33.456519],[112.281582,33.456204],[112.28147,33.456108],[112.281408,33.455879],[112.28121,33.455602],[112.280748,33.455353],[112.280394,33.455313],[112.280032,33.455353],[112.279032,33.455613],[112.27886,33.455624],[112.278425,33.455519],[112.277749,33.455127],[112.277465,33.454769],[112.277082,33.454463],[112.277007,33.454346],[112.276988,33.454111],[112.276733,33.453344],[112.276623,33.453154],[112.276387,33.45289],[112.275749,33.452484],[112.27588,33.452301],[112.275979,33.451961],[112.276382,33.451471],[112.276615,33.450849],[112.276746,33.450587],[112.276878,33.450405],[112.276961,33.450106],[112.277318,33.449727],[112.277331,33.449613],[112.277264,33.449342],[112.276872,33.448711],[112.276728,33.448306],[112.276601,33.448179],[112.275829,33.447827],[112.275301,33.447646],[112.275059,33.447523],[112.27492,33.4474],[112.274775,33.447228],[112.274711,33.447095],[112.274483,33.44684],[112.274284,33.446695],[112.274069,33.446668],[112.273487,33.446937],[112.273337,33.44695],[112.27312,33.446896],[112.273064,33.44684],[112.273061,33.446769],[112.273192,33.446267],[112.273171,33.446104],[112.27312,33.445983],[112.272696,33.445339],[112.272546,33.445218],[112.271929,33.44496],[112.271546,33.444779],[112.271167,33.444553],[112.270491,33.444251],[112.270451,33.44411],[112.270486,33.44362],[112.269982,33.443089],[112.269689,33.442825],[112.269089,33.442384],[112.26889,33.442154],[112.268735,33.442033],[112.267729,33.441769],[112.267286,33.441579],[112.266983,33.44137],[112.266769,33.441006],[112.266653,33.440914],[112.265988,33.440959],[112.26561,33.440952],[112.264781,33.44084],[112.264642,33.440791],[112.264057,33.44082],[112.26395,33.440797],[112.263705,33.440623],[112.263649,33.440551],[112.263668,33.440473],[112.263893,33.440254],[112.26395,33.44016],[112.264057,33.439819],[112.264065,33.43966],[112.263966,33.439367],[112.263845,33.439255],[112.263772,33.439271],[112.26373,33.439553],[112.263609,33.439515],[112.263496,33.439399],[112.263445,33.439002],[112.26348,33.438629],[112.263469,33.438212],[112.263373,33.437695],[112.263239,33.437346],[112.263161,33.437227],[112.262922,33.437046],[112.262625,33.43695],[112.262405,33.436898],[112.261254,33.436842],[112.261098,33.436769],[112.261037,33.436722],[112.26101,33.436628],[112.260953,33.436064],[112.260876,33.43573],[112.260514,33.435513],[112.260449,33.435139],[112.260484,33.435074],[112.26098,33.434698],[112.261058,33.434432],[112.261047,33.434009],[112.260983,33.433615],[112.260921,33.433431],[112.260921,33.433315],[112.260953,33.432957],[112.261131,33.432417],[112.26109,33.432258],[112.260723,33.431994],[112.260653,33.431893],[112.26064,33.431799],[112.260683,33.431508],[112.260927,33.431085],[112.260988,33.430839],[112.260929,33.430698],[112.26065,33.43051],[112.260514,33.430349],[112.260369,33.429857],[112.260157,33.429485],[112.259991,33.429324],[112.259462,33.429004],[112.259352,33.428773],[112.259339,33.428466],[112.259111,33.427674],[112.258945,33.427455],[112.258853,33.427159],[112.258674,33.426772],[112.258054,33.425964],[112.257968,33.42578],[112.257966,33.425529],[112.257998,33.425465],[112.258086,33.425351],[112.258545,33.424974],[112.258746,33.424719],[112.258864,33.424433],[112.258851,33.424327],[112.258714,33.424153],[112.258137,33.42381],[112.258092,33.423725],[112.258078,33.423602],[112.25811,33.423445],[112.25822,33.423183],[112.258223,33.423009],[112.257826,33.422527],[112.257614,33.422373],[112.257298,33.422261],[112.257209,33.422201],[112.257011,33.422149],[112.255578,33.422424],[112.25535,33.422424],[112.255256,33.422386],[112.255219,33.422322],[112.255265,33.422277],[112.255994,33.422147],[112.256171,33.421995],[112.256584,33.421804],[112.256632,33.421755],[112.256686,33.421581],[112.256686,33.421471],[112.256603,33.421301],[112.256485,33.420862],[112.256421,33.420365],[112.25627,33.419687],[112.25616,33.419409],[112.255948,33.419051],[112.255873,33.418623],[112.255932,33.418442],[112.255999,33.418352],[112.256477,33.417882],[112.2566,33.417669],[112.256681,33.417437],[112.256697,33.416899],[112.256686,33.416825],[112.256252,33.416396],[112.25612,33.416156],[112.25578,33.415715],[112.255731,33.415578],[112.255621,33.414949],[112.255718,33.414463],[112.255726,33.414273],[112.255552,33.414063],[112.255407,33.41372],[112.254972,33.41319],[112.254613,33.412621],[112.254511,33.412531],[112.254433,33.412372],[112.254369,33.412092],[112.254559,33.411716],[112.254586,33.411598],[112.254492,33.411398],[112.254404,33.411311],[112.254283,33.411275],[112.253132,33.411307],[112.252655,33.411282],[112.252228,33.411356],[112.251955,33.411513],[112.251686,33.411719],[112.251574,33.411734],[112.251236,33.411882],[112.250745,33.412169],[112.250383,33.412511],[112.250155,33.412813],[112.249852,33.413069],[112.249342,33.413181],[112.24883,33.413348],[112.248639,33.413528],[112.248253,33.413689],[112.248076,33.413803],[112.247156,33.414553],[112.246649,33.414831],[112.246145,33.415225],[112.245987,33.41544],[112.245764,33.41563],[112.245625,33.415706],[112.24511,33.415818],[112.244605,33.415977],[112.243444,33.41672],[112.24272,33.417013],[112.24236,33.417094],[112.241566,33.417905],[112.241003,33.418267],[112.240268,33.41867],[112.238946,33.419232],[112.238707,33.419402],[112.237782,33.419852],[112.237063,33.420137],[112.236811,33.420208],[112.235923,33.420369],[112.235658,33.420363],[112.234134,33.420065],[112.233482,33.420009],[112.233171,33.420013],[112.232959,33.420154],[112.232662,33.42049],[112.232519,33.420593],[112.232326,33.420934],[112.231956,33.421417],[112.231827,33.421657],[112.231554,33.422017],[112.231374,33.422313],[112.231237,33.422485],[112.230894,33.422765],[112.230628,33.423047],[112.230025,33.423828],[112.22973,33.424056],[112.229153,33.424383],[112.22881,33.424455],[112.227775,33.423895],[112.227544,33.423636],[112.227482,33.423501],[112.227353,33.423342],[112.227026,33.423098],[112.226503,33.422521],[112.226036,33.421533],[112.225956,33.421287],[112.225575,33.420707],[112.225328,33.420441],[112.225133,33.420123],[112.224838,33.419832],[112.224567,33.419696],[112.224199,33.419306],[112.22428,33.418827],[112.224194,33.418592],[112.224325,33.418552],[112.224449,33.418442],[112.225044,33.417824],[112.225846,33.416825],[112.225918,33.416561],[112.225943,33.415979],[112.2259,33.4158],[112.225363,33.415489],[112.225154,33.415292],[112.224776,33.414506],[112.224811,33.414103],[112.224889,33.413823],[112.224998,33.413568],[112.225272,33.413308],[112.225945,33.412883],[112.227225,33.412184],[112.227611,33.411481],[112.22786,33.411298],[112.227927,33.411215],[112.227882,33.411058],[112.227858,33.410749],[112.227718,33.410512],[112.227721,33.410393],[112.227874,33.410171],[112.227949,33.409981],[112.228292,33.409717],[112.228585,33.409296],[112.22867,33.409043],[112.228568,33.408497],[112.228222,33.407865],[112.228263,33.407659],[112.228507,33.407326],[112.228574,33.407151],[112.228617,33.406887],[112.228531,33.406717],[112.228161,33.406276],[112.228054,33.406016],[112.228013,33.40581],[112.227992,33.405293],[112.227944,33.405156],[112.227627,33.404755],[112.227144,33.404366],[112.226482,33.403651],[112.225749,33.403181],[112.225433,33.403087],[112.224897,33.402767],[112.224623,33.402552],[112.224457,33.402259],[112.224186,33.401401],[112.224065,33.400895],[112.22369,33.400275],[112.22314,33.399677],[112.223024,33.399417],[112.223011,33.399142],[112.222786,33.398864],[112.222555,33.398745],[112.222348,33.39858],[112.222078,33.398125],[112.221976,33.398038],[112.221783,33.397944],[112.221589,33.39757],[112.221431,33.397384],[112.221321,33.39662],[112.221214,33.396414],[112.221203,33.396331],[112.221249,33.396235],[112.221235,33.395854],[112.221273,33.395776],[112.221418,33.39565],[112.221485,33.395373],[112.221876,33.394918],[112.222137,33.39477],[112.222324,33.394477],[112.222335,33.394352],[112.222166,33.393875],[112.222163,33.393642],[112.222405,33.39318],[112.222488,33.392943],[112.222327,33.392773],[112.221986,33.392535],[112.221678,33.392215],[112.221415,33.392054],[112.221099,33.391799],[112.220932,33.391566],[112.220817,33.391219],[112.220664,33.391082],[112.220297,33.390889],[112.219988,33.390627],[112.219613,33.390065],[112.21931,33.389714],[112.219318,33.389644],[112.219414,33.38955],[112.219495,33.389011],[112.219363,33.388639],[112.219028,33.388361],[112.218993,33.387781],[112.219055,33.387125],[112.219181,33.386594],[112.219521,33.385927],[112.219556,33.385669],[112.219537,33.385528],[112.219358,33.385255],[112.219175,33.38487],[112.218811,33.384388],[112.218674,33.384088],[112.218532,33.383615],[112.21836,33.382968],[112.218317,33.382274],[112.21832,33.381407],[112.218229,33.380932],[112.217987,33.380534],[112.217692,33.380162],[112.217212,33.379765],[112.216834,33.379631],[112.216681,33.379396],[112.216523,33.379284],[112.21637,33.378643],[112.216171,33.378415],[112.216032,33.378148],[112.21608,33.37798],[112.216051,33.377756],[112.215605,33.377046],[112.215442,33.376845],[112.215219,33.376464],[112.215066,33.37611],[112.214873,33.375931],[112.214479,33.375409],[112.213881,33.375062],[112.213752,33.374956],[112.213425,33.374361],[112.21255,33.373642],[112.212491,33.372925],[112.212384,33.372593],[112.212191,33.372331],[112.212183,33.372114],[112.212234,33.371935],[112.212223,33.371794],[112.212199,33.371646],[112.212076,33.371433],[112.212027,33.371001],[112.212041,33.370743],[112.212175,33.370387],[112.212333,33.370129],[112.212357,33.370002],[112.21233,33.369686],[112.212239,33.369453],[112.212389,33.36879],[112.212175,33.368478],[112.211512,33.367896],[112.211207,33.367484],[112.211024,33.366984],[112.211032,33.366559],[112.210877,33.366236],[112.210566,33.365916],[112.210359,33.365569],[112.210485,33.364986],[112.210346,33.364733],[112.210225,33.364599],[112.210026,33.364455],[112.209648,33.364276],[112.209546,33.364157],[112.209468,33.363971],[112.209444,33.363463],[112.2093,33.3631],[112.209216,33.36299],[112.209098,33.362721],[112.20898,33.362255],[112.208857,33.362022],[112.208704,33.361839],[112.208632,33.361668],[112.208449,33.361444],[112.208208,33.360905],[112.208117,33.36077],[112.20791,33.36075],[112.207492,33.360539],[112.206623,33.360322],[112.205971,33.360087],[112.205083,33.359903],[112.204571,33.359677],[112.204107,33.359278],[112.203278,33.358698],[112.202589,33.358062],[112.202513,33.35791],[112.202122,33.35663],[112.202162,33.356359],[112.202117,33.356204],[112.202184,33.355859],[112.202189,33.355456],[112.202127,33.354883],[112.201921,33.354369],[112.201701,33.354139],[112.201489,33.353984],[112.201017,33.353693],[112.200687,33.353552],[112.199796,33.353337],[112.199558,33.353249],[112.198825,33.353088],[112.198327,33.352942],[112.197482,33.352635],[112.196876,33.352268],[112.196422,33.352116],[112.195685,33.351739],[112.195937,33.351547],[112.196237,33.351544],[112.196572,33.351625],[112.196859,33.351768],[112.197189,33.35188],[112.197495,33.351885],[112.198056,33.352205],[112.198254,33.35219],[112.198635,33.352279],[112.198866,33.352237],[112.199067,33.352248],[112.199555,33.352351],[112.199788,33.352436],[112.200062,33.352461],[112.200993,33.352367],[112.201371,33.352414],[112.201757,33.352362],[112.202058,33.352411],[112.202277,33.352407],[112.202602,33.352237],[112.203299,33.351948],[112.203785,33.351806],[112.204345,33.351762],[112.204504,33.351717],[112.204595,33.351636],[112.204665,33.351322],[112.204611,33.351166],[112.204641,33.350778],[112.204748,33.350377],[112.204828,33.350193],[112.204952,33.349687],[112.204973,33.349431],[112.205196,33.348936],[112.205316,33.348502],[112.205528,33.347937],[112.205673,33.347731],[112.205716,33.347601],[112.205644,33.347458],[112.205622,33.347263],[112.205528,33.347059],[112.205295,33.346879],[112.204954,33.346689],[112.204659,33.346564],[112.20415,33.34642],[112.204096,33.346214],[112.204107,33.346039],[112.204174,33.345847],[112.204166,33.345685],[112.204064,33.345262],[112.204069,33.34506],[112.20404,33.345024],[112.203514,33.344834],[112.203187,33.344605],[112.20298,33.344563],[112.202682,33.344634],[112.20253,33.34463],[112.202294,33.344478],[112.202173,33.344316],[112.202047,33.344262],[112.201843,33.344236],[112.201189,33.344381],[112.200676,33.344917],[112.200475,33.345051],[112.200311,33.345082],[112.200167,33.345051],[112.200097,33.344957],[112.200252,33.344641],[112.200494,33.344327],[112.200526,33.344244],[112.200644,33.343839],[112.200633,33.343577],[112.200668,33.343223],[112.200767,33.343037],[112.201317,33.342508],[112.201459,33.342391],[112.201792,33.342208],[112.201902,33.342098],[112.202079,33.341744],[112.202492,33.341278],[112.203637,33.340435],[112.204311,33.340106],[112.204364,33.339884],[112.204375,33.33959],[112.204531,33.339138],[112.204109,33.339662],[112.201309,33.337491],[112.196444,33.336364],[112.196218,33.333442],[112.196304,33.333128],[112.196484,33.332754],[112.195843,33.331891],[112.194794,33.330967],[112.194083,33.330416],[112.193933,33.33017],[112.194504,33.328641],[112.194091,33.328303],[112.191259,33.326777],[112.190478,33.326537],[112.189961,33.326573],[112.189628,33.326546],[112.189403,33.326299],[112.188909,33.325371],[112.188421,33.324818],[112.187745,33.324141],[112.187686,33.323814],[112.188233,33.32328],[112.188319,33.322861],[112.187906,33.322245],[112.187098,33.321522],[112.186761,33.321167],[112.186989,33.320172],[112.185267,33.318666],[112.184784,33.318547],[112.183979,33.319145],[112.183647,33.319271],[112.183239,33.319244],[112.182494,33.318755],[112.182005,33.318199],[112.18163,33.317892],[112.181332,33.317803],[112.180109,33.317597],[112.176925,33.317348],[112.176518,33.317413],[112.176228,33.317758],[112.17563,33.318634],[112.175096,33.318919],[112.174694,33.319325],[112.174152,33.320217],[112.173524,33.320362]]]}},{"type":"Feature","properties":{"regionCode":"411321106","sourceCode":"411321106000","name":"乔端镇","sourceName":"乔端镇","parentCode":"411321","parentName":"南召县","regionLevel":"township","regionType":"town","isManagementZone":false,"source":"ruiduobao","sourceVersion":"mixed-legacy~2018-2020","geometryRepaired":false,"match2020":true,"match2023":true},"geometry":{"type":"Polygon","coordinates":[[[112.027588,33.417571],[112.025488,33.416803],[112.023632,33.415545],[112.022425,33.415016],[112.020488,33.413557],[112.018315,33.412634],[112.017755,33.412437],[112.01592,33.412923],[112.014882,33.413066],[112.014397,33.4128],[112.013437,33.412607],[112.012718,33.412813],[112.012243,33.413422],[112.011079,33.416452],[112.010309,33.419069],[112.009773,33.421019],[112.009462,33.42176],[112.008515,33.422908],[112.007166,33.423994],[112.006613,33.42467],[112.005993,33.426485],[112.005765,33.427426],[112.005216,33.428238],[112.002759,33.430537],[112.001576,33.431889],[112.00053,33.433002],[111.999063,33.43423],[111.997705,33.435954],[111.996536,33.437227],[111.996372,33.437559],[111.996501,33.43783],[111.996976,33.438483],[111.997579,33.439609],[111.998078,33.440195],[111.99869,33.440697],[111.999457,33.44163],[112.000007,33.442378],[111.999975,33.442883],[111.999653,33.44315],[111.998674,33.443694],[111.998298,33.444023],[111.99638,33.44612],[111.995847,33.446525],[111.994709,33.446887],[111.994294,33.447241],[111.994119,33.447715],[111.994194,33.448378],[111.994363,33.448837],[111.994996,33.450063],[111.995329,33.450795],[111.995855,33.453093],[111.995809,33.453917],[111.995595,33.454951],[111.995643,33.45581],[111.995595,33.456513],[111.99549,33.457338],[111.99568,33.458193],[111.995788,33.458976],[111.995806,33.460185],[111.996032,33.461807],[111.996088,33.462539],[111.996088,33.463716],[111.995678,33.464729],[111.99487,33.465528],[111.99424,33.466273],[111.993567,33.467253],[111.992502,33.46796],[111.991928,33.468567],[111.991287,33.46948],[111.99086,33.469862],[111.990093,33.470249],[111.98982,33.470507],[111.989774,33.471079],[111.989688,33.47154],[111.989557,33.471896],[111.989047,33.472164],[111.987982,33.472482],[111.98762,33.47263],[111.987508,33.472939],[111.987521,33.474147],[111.987178,33.475507],[111.986826,33.476415],[111.986499,33.476798],[111.98534,33.477482],[111.984683,33.47774],[111.983557,33.478955],[111.982841,33.479413],[111.982127,33.479675],[111.981567,33.479805],[111.981027,33.479972],[111.980748,33.480328],[111.980252,33.480827],[111.979815,33.481391],[111.979533,33.481829],[111.979359,33.482225],[111.979037,33.482711],[111.978297,33.483225],[111.977844,33.483364],[111.976967,33.483552],[111.976642,33.483572],[111.975915,33.483579],[111.974789,33.483275],[111.974196,33.48308],[111.973646,33.482986],[111.973316,33.483037],[111.973118,33.483241],[111.972831,33.483628],[111.972444,33.484657],[111.972029,33.484968],[111.971514,33.485046],[111.971173,33.485037],[111.970706,33.484959],[111.969711,33.484937],[111.968845,33.485281],[111.968531,33.485462],[111.968413,33.485726],[111.968335,33.486321],[111.96815,33.486852],[111.967332,33.48763],[111.967155,33.487932],[111.96689,33.489348],[111.966763,33.489628],[111.966514,33.489782],[111.965559,33.490057],[111.963593,33.491122],[111.963282,33.491146],[111.962786,33.491084],[111.96222,33.490945],[111.961571,33.490851],[111.961112,33.490887],[111.958076,33.491674],[111.957298,33.492034],[111.956957,33.492229],[111.956665,33.492464],[111.956461,33.492708],[111.956233,33.493426],[111.956115,33.494634],[111.955922,33.495777],[111.955887,33.496396],[111.956099,33.497682],[111.955812,33.49783],[111.954734,33.497745],[111.953521,33.497602],[111.951826,33.49724],[111.950936,33.49721],[111.950338,33.497416],[111.948905,33.498282],[111.94651,33.500293],[111.946856,33.50125],[111.947081,33.50237],[111.946102,33.503366],[111.945005,33.50435],[111.944018,33.505032],[111.943611,33.505484],[111.943077,33.506251],[111.94286,33.506463],[111.942548,33.506893],[111.942489,33.508011],[111.942355,33.508425],[111.941803,33.508765],[111.941009,33.509174],[111.939188,33.510263],[111.937965,33.511227],[111.937962,33.513414],[111.93816,33.517026],[111.93804,33.51826],[111.937911,33.519188],[111.9376,33.519566],[111.936535,33.520337],[111.936245,33.520653],[111.93588,33.521733],[111.935669,33.522026],[111.93503,33.522323],[111.933241,33.522853],[111.9322,33.523331],[111.931297,33.523877],[111.93079,33.524105],[111.929642,33.52445],[111.929403,33.524678],[111.930476,33.527473],[111.930843,33.528043],[111.931667,33.528452],[111.932447,33.528895],[111.932962,33.529272],[111.933338,33.529315],[111.933791,33.529221],[111.93414,33.529219],[111.935647,33.529858],[111.938362,33.530645],[111.939601,33.531265],[111.940789,33.531973],[111.941325,33.532239],[111.942776,33.532497],[111.943423,33.532874],[111.944396,33.533742],[111.944697,33.534097],[111.944772,33.534893],[111.944359,33.535177],[111.942833,33.535325],[111.941846,33.535624],[111.941205,33.535942],[111.940593,33.536396],[111.939772,33.537277],[111.939029,33.537956],[111.938657,33.538093],[111.936758,33.53831],[111.933308,33.538573],[111.931854,33.539293],[111.930634,33.5397],[111.930318,33.539874],[111.929792,33.540058],[111.928775,33.539924],[111.928346,33.539964],[111.927601,33.540313],[111.926477,33.541041],[111.925597,33.541486],[111.924875,33.542023],[111.924398,33.542609],[111.924001,33.542808],[111.922982,33.543024],[111.921423,33.543548],[111.919409,33.544057],[111.91828,33.544464],[111.916493,33.544761],[111.916016,33.544766],[111.914675,33.544969],[111.913387,33.545935],[111.91283,33.54623],[111.911891,33.546328],[111.910955,33.546335],[111.910633,33.546404],[111.910236,33.546923],[111.90996,33.548631],[111.909485,33.549375],[111.909525,33.550551],[111.909691,33.55128],[111.909965,33.551805],[111.908932,33.55288],[111.908801,33.553196],[111.908806,33.553801],[111.909083,33.554561],[111.910051,33.556095],[111.910767,33.557154],[111.9111,33.557472],[111.911851,33.558055],[111.912143,33.558381],[111.912395,33.558725],[111.912585,33.559244],[111.912655,33.559763],[111.912803,33.560142],[111.912913,33.560817],[111.913441,33.561747],[111.913613,33.562561],[111.913827,33.563287],[111.913809,33.563643],[111.91386,33.56402],[111.914018,33.56428],[111.914334,33.564566],[111.915429,33.565719],[111.916196,33.566599],[111.916451,33.566787],[111.91751,33.567125],[111.920192,33.567815],[111.922247,33.569047],[111.92322,33.570305],[111.923301,33.57081],[111.923124,33.571889],[111.923566,33.572202],[111.924328,33.572535],[111.924859,33.572721],[111.925165,33.572971],[111.9256,33.573644],[111.925887,33.574424],[111.92594,33.574866],[111.926222,33.575074],[111.926573,33.575114],[111.927273,33.575002],[111.928778,33.574929],[111.929387,33.574815],[111.92998,33.57481],[111.930369,33.574871],[111.930682,33.574868],[111.931476,33.574629],[111.93297,33.574339],[111.93415,33.57399],[111.934853,33.573954],[111.935443,33.573872],[111.936551,33.573624],[111.937098,33.573621],[111.937932,33.57372],[111.938364,33.573907],[111.9393,33.574216],[111.941167,33.57435],[111.941645,33.574345],[111.942551,33.574437],[111.943227,33.574549],[111.9439,33.574488],[111.944509,33.574298],[111.944802,33.57431],[111.946821,33.574812],[111.947631,33.575145],[111.94846,33.574884],[111.950976,33.574274],[111.951834,33.574267],[111.952489,33.57422],[111.953953,33.574399],[111.954989,33.574433],[111.957408,33.574395],[111.957762,33.574455],[111.95817,33.574705],[111.958601,33.575123],[111.958985,33.575586],[111.959672,33.576044],[111.960203,33.576209],[111.960734,33.576332],[111.96119,33.57658],[111.962434,33.577353],[111.963298,33.577937],[111.96454,33.578475],[111.965881,33.578804],[111.968054,33.579188],[111.968558,33.579246],[111.968877,33.579465],[111.969223,33.580149],[111.969658,33.580589],[111.970266,33.580964],[111.970728,33.58153],[111.971058,33.58176],[111.971468,33.582305],[111.971876,33.58266],[111.972941,33.583224],[111.973802,33.583489],[111.974939,33.583693],[111.975872,33.583791],[111.976757,33.584037],[111.977621,33.584452],[111.978509,33.584995],[111.979147,33.585666],[111.979737,33.586421],[111.980378,33.587364],[111.980885,33.587784],[111.98162,33.58801],[111.982908,33.588168],[111.984705,33.588575],[111.985083,33.588595],[111.985359,33.588486],[111.985858,33.587934],[111.986129,33.587362],[111.986564,33.58681],[111.987081,33.586825],[111.987661,33.586926],[111.98799,33.586946],[111.98857,33.587067],[111.989452,33.58704],[111.990437,33.587053],[111.993033,33.586906],[111.994414,33.587146],[111.996729,33.587994],[111.997335,33.588075],[111.998143,33.588068],[111.999476,33.587909],[112.000532,33.587918],[112.001369,33.588048],[112.002464,33.58794],[112.003231,33.587733],[112.004239,33.587643],[112.005197,33.587313],[112.006393,33.586821],[112.006779,33.586819],[112.007597,33.587053],[112.009234,33.58704],[112.009716,33.587317],[112.010349,33.587996],[112.010888,33.588716],[112.012337,33.589388],[112.013302,33.589621],[112.014072,33.589616],[112.015027,33.589205],[112.016025,33.58815],[112.01636,33.587987],[112.017082,33.588021],[112.017516,33.58824],[112.017331,33.588903],[112.016577,33.590199],[112.016451,33.591768],[112.016854,33.593294],[112.017245,33.593895],[112.017929,33.594775],[112.018222,33.595054],[112.019616,33.595041],[112.020046,33.594737],[112.019308,33.593314],[112.019563,33.593095],[112.020048,33.593037],[112.021478,33.593015],[112.021848,33.593086],[112.022148,33.593238],[112.022366,33.593437],[112.022556,33.593714],[112.022865,33.594344],[112.022886,33.594815],[112.022755,33.595197],[112.021934,33.596828],[112.021636,33.597566],[112.020668,33.599049],[112.019297,33.600689],[112.018965,33.601413],[112.018702,33.601732],[112.018417,33.601866],[112.018063,33.601817],[112.017731,33.601607],[112.017433,33.601323],[112.017248,33.601069],[112.017055,33.600727],[112.016881,33.600338],[112.01661,33.599956],[112.01592,33.5994],[112.014788,33.598321],[112.01385,33.597201],[112.013549,33.596719],[112.013254,33.595839],[112.01312,33.595582],[112.012857,33.595387],[112.012436,33.595316],[112.012036,33.595512],[112.011749,33.595792],[112.011532,33.596062],[112.011342,33.596395],[112.010832,33.597608],[112.010591,33.597914],[112.009971,33.598479],[112.00877,33.599476],[112.008096,33.599898],[112.007691,33.599967],[112.007246,33.599844],[112.006927,33.599541],[112.006433,33.598687],[112.006149,33.598026],[112.005996,33.597492],[112.005932,33.596701],[112.005846,33.59627],[112.005736,33.595984],[112.005575,33.595707],[112.005374,33.595479],[112.004985,33.595349],[112.004668,33.595457],[112.004306,33.596051],[112.004183,33.596413],[112.004148,33.596739],[112.004336,33.598164],[112.004344,33.59868],[112.004285,33.599147],[112.004081,33.599958],[112.003874,33.60169],[112.003883,33.602534],[112.003617,33.604469],[112.003775,33.605713],[112.003644,33.606841],[112.003279,33.608414],[112.003099,33.609622],[112.003252,33.610306],[112.003263,33.611191],[112.003515,33.612193],[112.003909,33.613116],[112.004111,33.61392],[112.004454,33.614481],[112.005293,33.616324],[112.005208,33.61705],[112.00521,33.617452],[112.005312,33.617813],[112.005892,33.61805],[112.007061,33.619489],[112.007506,33.620371],[112.007992,33.620768],[112.008665,33.620885],[112.009386,33.620878],[112.010344,33.620346],[112.01231,33.619969],[112.014716,33.62015],[112.015877,33.620623],[112.016889,33.620697],[112.018286,33.621048],[112.019058,33.621322],[112.020118,33.621394],[112.021033,33.621508],[112.02305,33.621249],[112.023723,33.621124],[112.024302,33.621237],[112.025171,33.621673],[112.025802,33.622111],[112.026628,33.622747],[112.02711,33.622946],[112.028079,33.62354],[112.028859,33.62434],[112.029251,33.624981],[112.029543,33.625177],[112.029927,33.625255],[112.030313,33.625213],[112.030597,33.624967],[112.03101,33.623154],[112.03155,33.620051],[112.031828,33.619285],[112.031815,33.618157],[112.032172,33.617854],[112.033014,33.617867],[112.034023,33.617778],[112.03527,33.617405],[112.03836,33.615683],[112.040047,33.614668],[112.040232,33.614144],[112.040613,33.613779],[112.041763,33.613447],[112.044263,33.613467],[112.04503,33.613219],[112.045982,33.612567],[112.046693,33.611555],[112.04697,33.610668],[112.047246,33.609537],[112.04724,33.609135],[112.047946,33.608572],[112.048541,33.607931],[112.048928,33.60769],[112.049571,33.607438],[112.049971,33.607134],[112.05029,33.606785],[112.050719,33.606544],[112.051296,33.606381],[112.051784,33.606301],[112.052439,33.60559],[112.052943,33.605425],[112.053597,33.605903],[112.054673,33.607342],[112.055891,33.60866],[112.056529,33.60962],[112.056966,33.610141],[112.057449,33.610257],[112.057835,33.610293],[112.059031,33.609801],[112.061421,33.608733],[112.062143,33.608606],[112.064597,33.608908],[112.065608,33.608939],[112.070128,33.608901],[112.07123,33.608568],[112.072424,33.607793],[112.073231,33.606942],[112.074135,33.606209],[112.075092,33.605878],[112.076192,33.605347],[112.077048,33.604694],[112.078142,33.60372],[112.079191,33.603028],[112.079961,33.602981],[112.080637,33.603256],[112.082337,33.604489],[112.083402,33.605123],[112.084461,33.605315],[112.085424,33.605387],[112.085955,33.605624],[112.086296,33.605863],[112.086495,33.606383],[112.08669,33.606703],[112.086328,33.608436],[112.08643,33.608838],[112.087012,33.609236],[112.087208,33.609555],[112.087369,33.610963],[112.087474,33.611566],[112.088007,33.612004],[112.088447,33.612522],[112.088549,33.612904],[112.088168,33.61325],[112.087452,33.613739],[112.087074,33.614144],[112.086508,33.614995],[112.086127,33.615479],[112.085652,33.615926],[112.084746,33.616377],[112.084461,33.616741],[112.083815,33.618921],[112.083394,33.61977],[112.082965,33.620174],[112.081964,33.62099],[112.08135,33.621838],[112.081165,33.622403],[112.08117,33.622888],[112.080607,33.623938],[112.080041,33.624789],[112.079432,33.626082],[112.079389,33.626564],[112.079167,33.628014],[112.079027,33.628378],[112.078456,33.628824],[112.077262,33.629519],[112.074865,33.630225],[112.072515,33.630647],[112.071557,33.631098],[112.071085,33.631786],[112.071139,33.632228],[112.071533,33.63275],[112.07318,33.633941],[112.073328,33.634242],[112.072381,33.635477],[112.070769,33.637382],[112.068674,33.639131],[112.068202,33.639778],[112.067724,33.640064],[112.066574,33.640477],[112.066289,33.64072],[112.06634,33.641082],[112.066587,33.641522],[112.067169,33.642],[112.069739,33.643628],[112.072075,33.64566],[112.073148,33.646819],[112.073636,33.647538],[112.074398,33.65063],[112.074312,33.651474],[112.073647,33.652284],[112.071654,33.654394],[112.071423,33.655203],[112.071721,33.655924],[112.072113,33.656605],[112.072746,33.657123],[112.073617,33.657475],[112.074291,33.657551],[112.074867,33.657426],[112.075916,33.656772],[112.077206,33.655877],[112.078638,33.65506],[112.079692,33.654647],[112.080599,33.654035],[112.081313,33.653385],[112.081838,33.65326],[112.082418,33.653256],[112.083531,33.65385],[112.084059,33.653845],[112.084783,33.653919],[112.085623,33.654303],[112.086141,33.654388],[112.086516,33.654524],[112.086851,33.654752],[112.087503,33.655352],[112.087946,33.655526],[112.088391,33.655511],[112.088825,33.655395],[112.089276,33.655339],[112.090515,33.655401],[112.090912,33.65537],[112.092495,33.655035],[112.093506,33.654912],[112.094311,33.654868],[112.094646,33.654881],[112.09556,33.655064],[112.096022,33.65508],[112.097505,33.654807],[112.097859,33.654825],[112.098245,33.654997],[112.09861,33.655285],[112.099023,33.655439],[112.100112,33.655337],[112.100506,33.655354],[112.101764,33.655497],[112.102489,33.655502],[112.103205,33.655424],[112.10468,33.655093],[112.105385,33.655069],[112.105946,33.655116],[112.107799,33.6555],[112.108175,33.65554],[112.108132,33.654919],[112.108349,33.653106],[112.108773,33.652539],[112.109535,33.651927],[112.110103,33.65124],[112.110487,33.651115],[112.110825,33.651072],[112.112423,33.651943],[112.113099,33.652137],[112.115087,33.653247],[112.115709,33.652999],[112.116661,33.65307],[112.117675,33.653028],[112.118059,33.652979],[112.118354,33.652892],[112.118874,33.652557],[112.119175,33.652253],[112.11925,33.652108],[112.119472,33.651912],[112.1197,33.651429],[112.119792,33.650853],[112.119853,33.650751],[112.120108,33.650695],[112.120186,33.650695],[112.120288,33.650762],[112.120749,33.651331],[112.121012,33.651474],[112.121666,33.65172],[112.123085,33.652003],[112.123565,33.65205],[112.124037,33.652157],[112.124456,33.652175],[112.124829,33.652063],[112.124912,33.65199],[112.125043,33.651682],[112.125161,33.651545],[112.125373,33.651398],[112.125539,33.651313],[112.126237,33.651083],[112.126427,33.650505],[112.127229,33.65019],[112.127436,33.650063],[112.127559,33.649969],[112.127664,33.649775],[112.127766,33.649674],[112.12868,33.649022],[112.128812,33.648781],[112.128882,33.648732],[112.12901,33.648714],[112.129515,33.648862],[112.129783,33.648792],[112.130024,33.648779],[112.130134,33.648897],[112.130196,33.649065],[112.130539,33.649145],[112.130775,33.649255],[112.1311,33.649252],[112.131118,33.649002],[112.131186,33.648962],[112.13143,33.64892],[112.131599,33.64877],[112.131813,33.648717],[112.132331,33.648277],[112.132658,33.648212],[112.132752,33.648143],[112.132696,33.64798],[112.132717,33.647852],[112.132889,33.647714],[112.132961,33.647573],[112.132942,33.647524],[112.132798,33.647426],[112.132773,33.647355],[112.132806,33.647194],[112.132929,33.646999],[112.133192,33.646997],[112.133943,33.647252],[112.134088,33.647332],[112.134431,33.647274],[112.134536,33.647285],[112.134903,33.647466],[112.135225,33.647531],[112.135442,33.647533],[112.135684,33.647598],[112.136094,33.647589],[112.136368,33.647506],[112.136491,33.647426],[112.136746,33.64741],[112.137014,33.647446],[112.137186,33.647549],[112.137381,33.647593],[112.137532,33.64737],[112.137754,33.647218],[112.137894,33.647198],[112.138162,33.647332],[112.138334,33.647303],[112.138623,33.64695],[112.1389,33.646787],[112.139012,33.646604],[112.139205,33.646423],[112.139449,33.646339],[112.139541,33.646341],[112.139677,33.646406],[112.139728,33.646385],[112.139892,33.646028],[112.140149,33.645917],[112.140286,33.645809],[112.14045,33.645575],[112.14064,33.645064],[112.140691,33.644581],[112.140766,33.644472],[112.141024,33.644347],[112.141072,33.64428],[112.141118,33.644193],[112.141155,33.643974],[112.141279,33.64384],[112.141348,33.643701],[112.141391,33.643442],[112.141515,33.643295],[112.14159,33.643018],[112.141721,33.642723],[112.141823,33.642677],[112.142156,33.642679],[112.142472,33.642601],[112.142732,33.642574],[112.142901,33.642478],[112.143017,33.642389],[112.143154,33.642199],[112.143288,33.642074],[112.143701,33.641882],[112.143883,33.641757],[112.144216,33.641426],[112.14428,33.641207],[112.144495,33.641062],[112.145082,33.641062],[112.145511,33.640971],[112.145635,33.64089],[112.145924,33.640575],[112.146227,33.640066],[112.146793,33.639461],[112.147204,33.638829],[112.147354,33.638746],[112.147542,33.638711],[112.147662,33.638604],[112.147703,33.638532],[112.14774,33.638168],[112.147799,33.638101],[112.148049,33.637985],[112.148175,33.637838],[112.148314,33.637391],[112.148413,33.636592],[112.14851,33.636283],[112.148521,33.635821],[112.148767,33.635062],[112.148851,33.634879],[112.148926,33.634818],[112.149162,33.634785],[112.149811,33.634995],[112.150036,33.634993],[112.150396,33.63537],[112.150653,33.635426],[112.151246,33.635323],[112.151656,33.634955],[112.151938,33.634776],[112.152246,33.634682],[112.152485,33.634655],[112.152708,33.634702],[112.152901,33.634588],[112.153048,33.634555],[112.153217,33.634573],[112.153343,33.634671],[112.153523,33.634662],[112.153759,33.63476],[112.153904,33.634664],[112.15399,33.634278],[112.154129,33.634135],[112.154255,33.633889],[112.154303,33.633867],[112.154953,33.633979],[112.155457,33.634126],[112.155752,33.634153],[112.15627,33.634394],[112.156744,33.634568],[112.156905,33.634669],[112.157131,33.634718],[112.157308,33.634729],[112.157592,33.634651],[112.157831,33.63464],[112.158013,33.634693],[112.158225,33.634827],[112.158367,33.634845],[112.158649,33.634785],[112.158903,33.634856],[112.159362,33.634823],[112.159869,33.634613],[112.160105,33.634593],[112.16044,33.634658],[112.160513,33.634642],[112.160607,33.634539],[112.160634,33.634361],[112.160698,33.634296],[112.160797,33.63426],[112.161103,33.634303],[112.161604,33.634209],[112.161967,33.634271],[112.162374,33.634173],[112.162699,33.634191],[112.163115,33.634271],[112.163672,33.634084],[112.164083,33.634023],[112.164335,33.633947],[112.164686,33.633601],[112.165078,33.633389],[112.165107,33.633342],[112.16511,33.633271],[112.165008,33.633054],[112.165183,33.632543],[112.165276,33.632422],[112.165319,33.632295],[112.165314,33.632154],[112.165378,33.631828],[112.165486,33.631737],[112.166084,33.631538],[112.166127,33.631475],[112.166172,33.631272],[112.166435,33.631047],[112.166545,33.630548],[112.166773,33.630205],[112.166674,33.629729],[112.166821,33.629443],[112.166636,33.628927],[112.166837,33.628702],[112.167023,33.628208],[112.167047,33.628049],[112.167106,33.62798],[112.167411,33.627891],[112.167693,33.627679],[112.168396,33.627513],[112.168562,33.627422],[112.168795,33.627241],[112.169241,33.626799],[112.16938,33.626571],[112.169748,33.626332],[112.169721,33.626216],[112.169654,33.626113],[112.16923,33.625646],[112.168766,33.624938],[112.168696,33.624713],[112.168441,33.6243],[112.168334,33.623929],[112.168221,33.622488],[112.168299,33.622426],[112.168329,33.622258],[112.168235,33.62197],[112.168358,33.621604],[112.168286,33.621005],[112.168321,33.620766],[112.168431,33.620413],[112.168474,33.620083],[112.168393,33.619439],[112.168522,33.619314],[112.168586,33.619165],[112.168846,33.618131],[112.168881,33.616956],[112.168718,33.616625],[112.168095,33.616152],[112.167993,33.616015],[112.167902,33.615825],[112.167811,33.615115],[112.167865,33.614789],[112.168034,33.614148],[112.168294,33.613699],[112.168431,33.613167],[112.168594,33.612776],[112.168621,33.61256],[112.168876,33.611615],[112.168991,33.610987],[112.169117,33.61054],[112.16912,33.610494],[112.169032,33.610351],[112.169037,33.61023],[112.169257,33.609839],[112.169675,33.609245],[112.170035,33.609162],[112.170475,33.608968],[112.170995,33.608497],[112.171207,33.608369],[112.17155,33.608222],[112.171633,33.60815],[112.171767,33.607996],[112.171912,33.607719],[112.172116,33.607422],[112.172296,33.607255],[112.172422,33.607074],[112.172599,33.606558],[112.172682,33.606155],[112.172738,33.606035],[112.172856,33.605896],[112.17365,33.605398],[112.173876,33.605143],[112.174023,33.604898],[112.17413,33.604782],[112.175069,33.604257],[112.175721,33.603752],[112.176078,33.603397],[112.176687,33.602874],[112.176834,33.602673],[112.177258,33.602349],[112.177352,33.602168],[112.177384,33.601708],[112.177293,33.60108],[112.177301,33.60087],[112.177328,33.600776],[112.177435,33.600624],[112.177682,33.600403],[112.177786,33.600213],[112.177805,33.59942],[112.177725,33.59868],[112.17759,33.598285],[112.17748,33.598084],[112.17744,33.597901],[112.177314,33.597675],[112.176743,33.597204],[112.176485,33.596857],[112.17618,33.596663],[112.17597,33.596576],[112.175646,33.596277],[112.17564,33.596167],[112.175772,33.595731],[112.175737,33.595495],[112.175643,33.595244],[112.17548,33.595003],[112.17523,33.594715],[112.175104,33.594617],[112.174777,33.594185],[112.174503,33.593435],[112.174412,33.593394],[112.174484,33.593144],[112.17442,33.591978],[112.17438,33.591708],[112.17423,33.591571],[112.174385,33.591504],[112.175061,33.591086],[112.175238,33.59087],[112.176008,33.591053],[112.176448,33.590921],[112.1767,33.590704],[112.176762,33.590575],[112.176796,33.590092],[112.17677,33.589766],[112.176705,33.589641],[112.1767,33.589361],[112.176775,33.589134],[112.176898,33.589024],[112.177647,33.588662],[112.177848,33.588282],[112.178105,33.588171],[112.178331,33.588003],[112.178564,33.587675],[112.178953,33.587313],[112.179251,33.586919],[112.179369,33.586421],[112.179744,33.585527],[112.180265,33.584835],[112.180597,33.584452],[112.180324,33.584415],[112.179943,33.58416],[112.180112,33.583954],[112.180122,33.583496],[112.18001,33.583313],[112.180471,33.583219],[112.18067,33.583036],[112.180482,33.582685],[112.18013,33.582202],[112.180029,33.581928],[112.179913,33.581724],[112.179806,33.581624],[112.179725,33.581574],[112.179296,33.581548],[112.179103,33.581485],[112.179012,33.581418],[112.178583,33.581244],[112.177896,33.580752],[112.177714,33.58069],[112.176882,33.580209],[112.176767,33.580176],[112.176504,33.580026],[112.176134,33.579894],[112.175654,33.579655],[112.175453,33.579581],[112.175125,33.579539],[112.174889,33.579349],[112.174492,33.579114],[112.174318,33.578973],[112.17413,33.578484],[112.173983,33.578209],[112.174168,33.576359],[112.174374,33.575901],[112.175104,33.574969],[112.175399,33.574281],[112.175522,33.574158],[112.17593,33.573912],[112.176265,33.573787],[112.176426,33.573668],[112.177169,33.572781],[112.178846,33.57153],[112.179176,33.571096],[112.179291,33.570667],[112.179355,33.570017],[112.179366,33.569056],[112.179302,33.568653],[112.179194,33.568289],[112.178873,33.5674],[112.178736,33.567116],[112.178516,33.566825],[112.178146,33.566553],[112.177671,33.566539],[112.177215,33.566282],[112.17678,33.566215],[112.17659,33.566215],[112.176145,33.566101],[112.175101,33.565643],[112.174761,33.565285],[112.17453,33.564988],[112.174018,33.564525],[112.173776,33.564228],[112.173339,33.563777],[112.173202,33.563558],[112.173162,33.563321],[112.173235,33.562961],[112.173259,33.562422],[112.173149,33.562136],[112.173119,33.561964],[112.173004,33.561714],[112.172736,33.561736],[112.172277,33.561922],[112.171802,33.562013],[112.171373,33.56198],[112.171303,33.561678],[112.171285,33.561437],[112.171102,33.560648],[112.170896,33.559984],[112.170914,33.559707],[112.171027,33.559358],[112.171024,33.559137],[112.170727,33.558459],[112.170512,33.557876],[112.17012,33.557311],[112.169694,33.556902],[112.169498,33.556763],[112.169206,33.556662],[112.168814,33.556718],[112.168374,33.556877],[112.168157,33.556924],[112.166333,33.55626],[112.165732,33.556099],[112.165065,33.555766],[112.163836,33.554841],[112.163576,33.55445],[112.163855,33.554103],[112.164136,33.553848],[112.164708,33.554327],[112.164863,33.554391],[112.164847,33.554101],[112.1647,33.553334],[112.164861,33.553272],[112.164963,33.553482],[112.165169,33.554313],[112.165499,33.554152],[112.165934,33.554673],[112.166194,33.55485],[112.166325,33.555004],[112.166575,33.554715],[112.166902,33.554423],[112.166309,33.554613],[112.166221,33.554584],[112.166309,33.554526],[112.166446,33.554331],[112.166532,33.55426],[112.166398,33.553982],[112.166317,33.553906],[112.166167,33.55364],[112.165982,33.552748],[112.165888,33.552583],[112.165639,33.552467],[112.165437,33.552326],[112.165244,33.552085],[112.165145,33.551874],[112.165271,33.551778],[112.166339,33.551615],[112.166451,33.551582],[112.166559,33.551488],[112.1664,33.551329],[112.165845,33.550551],[112.165526,33.550236],[112.165086,33.549914],[112.163946,33.549391],[112.163619,33.54929],[112.163133,33.54921],[112.161393,33.54879],[112.161323,33.548671],[112.161041,33.548466],[112.160451,33.548166],[112.160121,33.547828],[112.159933,33.547504],[112.15985,33.547024],[112.159609,33.546442],[112.159386,33.546264],[112.159078,33.546183],[112.158971,33.546118],[112.158485,33.545564],[112.158364,33.545323],[112.158206,33.545144],[112.158093,33.545068],[112.157975,33.545014],[112.157364,33.544871],[112.155806,33.544171],[112.15495,33.544046],[112.15473,33.543981],[112.154191,33.543787],[112.153185,33.543344],[112.152509,33.543147],[112.151678,33.542991],[112.151066,33.542942],[112.150868,33.542944],[112.150546,33.543033],[112.150562,33.542953],[112.150505,33.54281],[112.149741,33.542023],[112.149237,33.541618],[112.149178,33.541182],[112.149226,33.541048],[112.149658,33.54046],[112.149706,33.540353],[112.149824,33.540029],[112.149977,33.53924],[112.150192,33.538884],[112.150267,33.53881],[112.150666,33.538658],[112.150835,33.538625],[112.150953,33.538564],[112.151002,33.538497],[112.150951,33.538028],[112.150653,33.537391],[112.150465,33.537142],[112.150398,33.536948],[112.150406,33.536845],[112.150615,33.536704],[112.151206,33.536586],[112.151927,33.536271],[112.152227,33.536096],[112.152944,33.535506],[112.153113,33.535327],[112.153523,33.534413],[112.154,33.533901],[112.154397,33.533243],[112.154741,33.532908],[112.155097,33.532667],[112.155666,33.532523],[112.15583,33.532394],[112.155991,33.532114],[112.156232,33.531893],[112.156304,33.531694],[112.15628,33.531531],[112.156194,33.531309],[112.156189,33.531177],[112.156227,33.531048],[112.156154,33.530889],[112.156141,33.530697],[112.156476,33.530437],[112.156693,33.529961],[112.156889,33.529758],[112.157045,33.529679],[112.157171,33.529456],[112.157112,33.529277],[112.156634,33.528747],[112.156524,33.528561],[112.156484,33.528365],[112.156658,33.528166],[112.157187,33.527763],[112.157243,33.527587],[112.157259,33.526958],[112.157098,33.52686],[112.156235,33.526623],[112.155899,33.52644],[112.15536,33.526082],[112.155205,33.526044],[112.154553,33.525997],[112.154295,33.525932],[112.154143,33.525856],[112.153941,33.525722],[112.153673,33.525476],[112.153037,33.525131],[112.152906,33.525],[112.152759,33.524751],[112.152244,33.524398],[112.152187,33.524311],[112.152171,33.524219],[112.152203,33.524005],[112.152488,33.523524],[112.152673,33.523365],[112.153064,33.5232],[112.154027,33.522902],[112.154979,33.522493],[112.155087,33.522419],[112.155084,33.522348],[112.154835,33.521972],[112.154065,33.521039],[112.15374,33.52057],[112.153713,33.520456],[112.153719,33.520123],[112.153802,33.519693],[112.153789,33.519568],[112.153941,33.519655],[112.154274,33.520018],[112.154918,33.520599],[112.155331,33.520832],[112.155816,33.521212],[112.15617,33.521337],[112.156653,33.52131],[112.157187,33.521176],[112.157656,33.520778],[112.157975,33.520713],[112.158555,33.520693],[112.159126,33.520393],[112.159536,33.520293],[112.159671,33.520214],[112.159786,33.520071],[112.159826,33.519881],[112.159762,33.519514],[112.159783,33.519407],[112.159971,33.519244],[112.160749,33.518305],[112.16066,33.518106],[112.160435,33.517871],[112.16018,33.517728],[112.159963,33.517656],[112.159665,33.517627],[112.159311,33.517457],[112.159177,33.517231],[112.158697,33.516666],[112.158563,33.516556],[112.158287,33.516511],[112.158214,33.516462],[112.15756,33.515791],[112.157431,33.515711],[112.157147,33.515684],[112.15617,33.515771],[112.155897,33.51565],[112.155478,33.515574],[112.154859,33.515346],[112.15473,33.515268],[112.15459,33.515174],[112.154019,33.514628],[112.153316,33.51379],[112.153177,33.513573],[112.153067,33.513208],[112.152941,33.51296],[112.152582,33.512571],[112.15237,33.512399],[112.151755,33.512014],[112.151487,33.511925],[112.151133,33.511898],[112.150999,33.511858],[112.15068,33.511665],[112.150578,33.511654],[112.149931,33.511752],[112.149513,33.511665],[112.14925,33.511518],[112.149025,33.511336],[112.148792,33.510974],[112.148687,33.510558],[112.148547,33.510408],[112.147563,33.510068],[112.147244,33.509845],[112.147032,33.509585],[112.146917,33.509516],[112.146622,33.509467],[112.145734,33.509543],[112.145313,33.509509],[112.144422,33.509599],[112.143264,33.509614],[112.142995,33.509567],[112.142451,33.50965],[112.142124,33.509509],[112.141896,33.509337],[112.141764,33.509288],[112.141617,33.509272],[112.141257,33.509339],[112.140603,33.50923],[112.139991,33.509342],[112.140359,33.509883],[112.140469,33.510274],[112.140756,33.510639],[112.140986,33.511131],[112.141193,33.51143],[112.141284,33.511775],[112.141424,33.5119],[112.141531,33.511951],[112.141582,33.512021],[112.141649,33.512426],[112.141633,33.512625],[112.14152,33.512944],[112.141407,33.513065],[112.141088,33.513219],[112.140487,33.513349],[112.140233,33.513528],[112.139618,33.514148],[112.139551,33.514174],[112.139398,33.514134],[112.139294,33.514163],[112.13916,33.514277],[112.13909,33.514385],[112.139023,33.514682],[112.138948,33.514852],[112.138728,33.515181],[112.138122,33.515565],[112.137591,33.515722],[112.136861,33.51572],[112.136593,33.515762],[112.13622,33.515869],[112.135584,33.516111],[112.13526,33.516191],[112.134941,33.516196],[112.134509,33.51614],[112.134072,33.516131],[112.132905,33.516252],[112.132516,33.516377],[112.131899,33.516753],[112.131636,33.516878],[112.131269,33.516967],[112.131156,33.516938],[112.130646,33.516661],[112.130459,33.516509],[112.130389,33.516393],[112.130102,33.516274],[112.129295,33.516026],[112.129069,33.515867],[112.128536,33.515639],[112.127996,33.51553],[112.127101,33.515167],[112.126776,33.515134],[112.126304,33.515324],[112.125939,33.515418],[112.125714,33.515565],[112.125687,33.515648],[112.124823,33.515411],[112.12456,33.51538],[112.124432,33.515467],[112.124107,33.515581],[112.124064,33.515699],[112.124056,33.515914],[112.12389,33.516256],[112.123608,33.516739],[112.123445,33.516916],[112.123134,33.517448],[112.123061,33.5175],[112.122527,33.517692],[112.121924,33.517766],[112.121495,33.5179],[112.120923,33.518188],[112.120838,33.518197],[112.120465,33.518108],[112.120154,33.518081],[112.119743,33.5179],[112.119164,33.517717],[112.118829,33.517473],[112.118424,33.517283],[112.118289,33.517332],[112.117909,33.517336],[112.117155,33.517442],[112.116688,33.517428],[112.116399,33.517562],[112.116256,33.517667],[112.115991,33.517931],[112.115905,33.518068],[112.115213,33.518593],[112.114553,33.51917],[112.114288,33.519213],[112.113979,33.51923],[112.113593,33.519206],[112.11351,33.519235],[112.113231,33.519159],[112.112909,33.519175],[112.112432,33.519289],[112.111879,33.519613],[112.111554,33.519749],[112.111426,33.519848],[112.110988,33.51991],[112.110723,33.519868],[112.109993,33.519559],[112.109629,33.519445],[112.10876,33.519427],[112.108534,33.51936],[112.108049,33.519306],[112.107469,33.519159],[112.106579,33.51877],[112.106075,33.518821],[112.10568,33.518908],[112.105597,33.518955],[112.105249,33.519016],[112.104849,33.519014],[112.104683,33.519056],[112.104524,33.519172],[112.103859,33.519447],[112.103588,33.519727],[112.103392,33.519841],[112.103159,33.51991],[112.102829,33.519897],[112.102242,33.519787],[112.101644,33.519798],[112.101448,33.519861],[112.101193,33.520002],[112.100818,33.520004],[112.100638,33.519971],[112.100536,33.519906],[112.100442,33.519888],[112.100241,33.519785],[112.100101,33.519387],[112.100072,33.519132],[112.09997,33.518933],[112.098948,33.518298],[112.098712,33.51809],[112.098398,33.5179],[112.098267,33.517781],[112.098208,33.517513],[112.09813,33.517363],[112.09758,33.517084],[112.097331,33.516918],[112.096998,33.516272],[112.096722,33.516082],[112.09658,33.515834],[112.09647,33.515429],[112.096354,33.515145],[112.096271,33.514487],[112.096094,33.514226],[112.095917,33.514089],[112.095788,33.513919],[112.095603,33.513222],[112.095357,33.513052],[112.09507,33.512958],[112.094981,33.512949],[112.094879,33.512982],[112.094627,33.513166],[112.094504,33.513389],[112.094351,33.51345],[112.094131,33.513463],[112.093755,33.513389],[112.092406,33.513302],[112.091996,33.513168],[112.091886,33.512976],[112.091765,33.512844],[112.091679,33.51283],[112.091529,33.512833],[112.091036,33.512949],[112.090794,33.512949],[112.09025,33.512864],[112.089866,33.512859],[112.089356,33.512982],[112.089088,33.51315],[112.088812,33.513186],[112.088546,33.51317],[112.088061,33.513014],[112.087967,33.513009],[112.087396,33.513251],[112.087197,33.513257],[112.087012,33.513219],[112.086787,33.513108],[112.085749,33.513061],[112.085561,33.512989],[112.085403,33.512842],[112.085293,33.512804],[112.084845,33.512904],[112.08455,33.512788],[112.084295,33.512566],[112.083877,33.512437],[112.083592,33.512159],[112.083324,33.512092],[112.083268,33.512097],[112.083037,33.512273],[112.082949,33.512394],[112.082745,33.512524],[112.08252,33.512486],[112.082214,33.512374],[112.081801,33.511967],[112.081677,33.511909],[112.081618,33.511909],[112.081216,33.512097],[112.081047,33.512108],[112.080503,33.512063],[112.080146,33.511887],[112.079749,33.511849],[112.079553,33.511875],[112.079277,33.511987],[112.079089,33.511985],[112.078891,33.511849],[112.078708,33.511833],[112.078585,33.511869],[112.078325,33.512092],[112.078228,33.512119],[112.078113,33.512112],[112.077826,33.511983],[112.077684,33.511956],[112.077295,33.511972],[112.077182,33.511931],[112.077085,33.511851],[112.076997,33.51171],[112.076707,33.511502],[112.076514,33.511164],[112.076203,33.510979],[112.075803,33.510844],[112.074677,33.510601],[112.074425,33.510581],[112.073628,33.510748],[112.073371,33.510831],[112.072797,33.5109],[112.072456,33.510742],[112.072995,33.510417],[112.073132,33.51025],[112.073188,33.510131],[112.073185,33.509945],[112.073118,33.509715],[112.072992,33.509458],[112.072949,33.509051],[112.072869,33.508803],[112.072885,33.5084],[112.073041,33.508161],[112.073062,33.508027],[112.073169,33.507781],[112.073285,33.507671],[112.073607,33.507532],[112.073961,33.507168],[112.074014,33.506906],[112.074001,33.506667],[112.074119,33.506394],[112.074291,33.506215],[112.074446,33.506146],[112.074891,33.50579],[112.075009,33.505736],[112.075519,33.505587],[112.076037,33.505546],[112.076605,33.505379],[112.077005,33.505224],[112.077724,33.505155],[112.078241,33.504741],[112.078561,33.504569],[112.079033,33.50448],[112.079191,33.504421],[112.079542,33.504157],[112.079805,33.503847],[112.080216,33.503576],[112.080438,33.503504],[112.080846,33.503287],[112.081503,33.503167],[112.081994,33.503202],[112.082149,33.503155],[112.082407,33.502865],[112.083064,33.502444],[112.0836,33.501735],[112.083855,33.501532],[112.084233,33.501406],[112.08436,33.501321],[112.084609,33.500751],[112.084598,33.500704],[112.084861,33.500503],[112.084915,33.500366],[112.084826,33.500185],[112.08484,33.500069],[112.084687,33.499814],[112.084679,33.499736],[112.084848,33.49959],[112.085086,33.499302],[112.085411,33.499248],[112.085706,33.498991],[112.086511,33.498859],[112.086586,33.498769],[112.086808,33.498698],[112.087136,33.498731],[112.087683,33.498863],[112.087895,33.498883],[112.088128,33.49885],[112.088361,33.498675],[112.088533,33.498412],[112.088592,33.498031],[112.088673,33.497763],[112.08889,33.49736],[112.088922,33.49719],[112.089037,33.497047],[112.089072,33.496783],[112.089043,33.496486],[112.089088,33.496275],[112.08908,33.49611],[112.088938,33.495732],[112.088782,33.495515],[112.088713,33.495361],[112.088664,33.4952],[112.088662,33.494965],[112.088697,33.494839],[112.088785,33.494725],[112.089008,33.494618],[112.089209,33.49441],[112.089383,33.494028],[112.089389,33.493954],[112.088538,33.493728],[112.087972,33.493627],[112.087852,33.493518],[112.08779,33.493388],[112.087777,33.493133],[112.087645,33.492963],[112.087514,33.492929],[112.087184,33.492931],[112.086744,33.492578],[112.086586,33.492531],[112.086318,33.492506],[112.085854,33.492536],[112.085695,33.492562],[112.085416,33.492668],[112.085143,33.492703],[112.085009,33.492538],[112.084722,33.49201],[112.084614,33.491688],[112.084649,33.491431],[112.08473,33.491252],[112.084732,33.490894],[112.085119,33.490135],[112.085274,33.489952],[112.085727,33.489556],[112.08587,33.489234],[112.085835,33.489122],[112.08573,33.488981],[112.08543,33.488802],[112.085376,33.488706],[112.085459,33.488433],[112.085465,33.48829],[112.085381,33.4881],[112.085212,33.487845],[112.085167,33.487693],[112.085017,33.487576],[112.084657,33.487536],[112.084558,33.487449],[112.084507,33.487353],[112.084483,33.486762],[112.084435,33.486487],[112.084491,33.486404],[112.084373,33.486366],[112.083987,33.486415],[112.083799,33.486397],[112.083571,33.486297],[112.08348,33.486221],[112.083437,33.485845],[112.083362,33.485717],[112.083107,33.48546],[112.082844,33.485257],[112.082718,33.485091],[112.082664,33.484939],[112.082646,33.484552],[112.082439,33.484122],[112.082345,33.484042],[112.082085,33.483993],[112.08172,33.483843],[112.081307,33.483623],[112.080835,33.483489],[112.08072,33.483505],[112.080028,33.483456],[112.078797,33.483474],[112.078528,33.483422],[112.078233,33.48329],[112.077858,33.483194],[112.077244,33.482979],[112.076519,33.482791],[112.076316,33.482778],[112.075948,33.482865],[112.075819,33.482867],[112.075717,33.482769],[112.075685,33.482559],[112.075624,33.482433],[112.075092,33.481787],[112.074977,33.481601],[112.074856,33.481514],[112.074679,33.481409],[112.074435,33.481319],[112.07377,33.481223],[112.073537,33.481118],[112.073092,33.480802],[112.07255,33.480574],[112.071818,33.480044],[112.071517,33.479863],[112.071048,33.4797],[112.070653,33.479688],[112.069731,33.479104],[112.069342,33.478811],[112.068918,33.478433],[112.068701,33.478089],[112.068752,33.47721],[112.068658,33.47627],[112.068516,33.47582],[112.068239,33.47516],[112.068119,33.474702],[112.068269,33.473905],[112.068226,33.473755],[112.068223,33.473283],[112.068371,33.472695],[112.068478,33.472431],[112.068534,33.4722],[112.068526,33.472095],[112.068349,33.47152],[112.067851,33.47114],[112.067907,33.470779],[112.067872,33.470697],[112.067751,33.470589],[112.067633,33.470352],[112.067623,33.470108],[112.0677,33.469869],[112.067816,33.469755],[112.067963,33.469466],[112.067907,33.469007],[112.0678,33.468553],[112.067883,33.468081],[112.068336,33.467609],[112.068425,33.467488],[112.068484,33.467195],[112.068685,33.46707],[112.068744,33.466942],[112.068717,33.466553],[112.068658,33.46634],[112.068545,33.46481],[112.068602,33.46419],[112.068677,33.463906],[112.06869,33.463696],[112.06865,33.463163],[112.068703,33.462843],[112.068693,33.462624],[112.068647,33.462496],[112.068537,33.46176],[112.068357,33.461111],[112.06825,33.46089],[112.068229,33.460771],[112.068438,33.459713],[112.068357,33.459525],[112.068202,33.459455],[112.068095,33.459361],[112.067926,33.459133],[112.06773,33.458737],[112.067424,33.458522],[112.067301,33.458307],[112.067252,33.458122],[112.067185,33.457428],[112.06714,33.457235],[112.067142,33.457043],[112.066933,33.456777],[112.066807,33.456526],[112.066778,33.456369],[112.066788,33.455942],[112.066925,33.455718],[112.067054,33.455342],[112.066724,33.455145],[112.066716,33.454792],[112.066778,33.454465],[112.066778,33.454302],[112.066968,33.453583],[112.066952,33.453406],[112.067059,33.452686],[112.067091,33.452241],[112.067073,33.451871],[112.067121,33.451332],[112.067185,33.451139],[112.067327,33.450994],[112.06758,33.450826],[112.06759,33.450775],[112.067542,33.449971],[112.067558,33.449862],[112.067663,33.44968],[112.067727,33.449463],[112.067706,33.448573],[112.067631,33.448329],[112.067614,33.448138],[112.067663,33.447906],[112.067816,33.447711],[112.067856,33.447476],[112.067674,33.447028],[112.067668,33.446679],[112.067741,33.446547],[112.068068,33.446335],[112.068156,33.446223],[112.068146,33.446147],[112.067797,33.44558],[112.067727,33.445412],[112.06773,33.445019],[112.067904,33.444414],[112.068041,33.444041],[112.068186,33.443803],[112.068352,33.443656],[112.068422,33.443548],[112.068848,33.442709],[112.069556,33.441467],[112.070002,33.440887],[112.070289,33.440636],[112.070645,33.44024],[112.071099,33.439842],[112.071651,33.439463],[112.07215,33.439],[112.072499,33.438758],[112.072233,33.438837],[112.071949,33.438846],[112.071761,33.438805],[112.071595,33.438821],[112.071453,33.438781],[112.071077,33.438573],[112.070836,33.438488],[112.070425,33.43817],[112.070195,33.438096],[112.069945,33.437908],[112.069921,33.437686],[112.070026,33.437445],[112.07001,33.437252],[112.069613,33.436822],[112.069487,33.436742],[112.069395,33.436607],[112.069371,33.436554],[112.069398,33.436205],[112.069117,33.435692],[112.068821,33.435264],[112.068746,33.435029],[112.068247,33.434595],[112.068178,33.434468],[112.068046,33.434345],[112.067706,33.433807],[112.067684,33.433624],[112.067853,33.433525],[112.067958,33.433503],[112.068052,33.433496],[112.068341,33.433557],[112.068537,33.433478],[112.069151,33.433371],[112.070047,33.43314],[112.070307,33.433064],[112.070884,33.432751],[112.07108,33.432715],[112.071367,33.43261],[112.071716,33.432373],[112.072338,33.431799],[112.072485,33.43156],[112.072695,33.431025],[112.072898,33.430687],[112.073204,33.430338],[112.073711,33.429877],[112.073751,33.429787],[112.073314,33.429328],[112.072445,33.427947],[112.072091,33.427493],[112.071919,33.427137],[112.071962,33.427005],[112.072397,33.42642],[112.072633,33.425894],[112.072668,33.425747],[112.073,33.425229],[112.073027,33.425075],[112.072719,33.42475],[112.072123,33.424267],[112.071941,33.423855],[112.071533,33.423289],[112.07134,33.423136],[112.070999,33.422966],[112.070828,33.422832],[112.070176,33.422507],[112.069379,33.42199],[112.06921,33.421804],[112.069025,33.421471],[112.068677,33.42058],[112.06865,33.420383],[112.068341,33.419568],[112.067928,33.418657],[112.067574,33.417739],[112.067518,33.41743],[112.067443,33.417275],[112.067242,33.41704],[112.066939,33.416828],[112.06681,33.416689],[112.066692,33.416483],[112.066627,33.416272],[112.066534,33.416201],[112.066292,33.416143],[112.066247,33.416107],[112.066053,33.415639],[112.065952,33.415496],[112.066021,33.415041],[112.065745,33.41449],[112.065697,33.414186],[112.066056,33.413366],[112.06608,33.413087],[112.065968,33.412569],[112.065576,33.411788],[112.065565,33.411506],[112.06542,33.411248],[112.065251,33.411123],[112.064956,33.411009],[112.06453,33.410879],[112.064227,33.410827],[112.063897,33.41068],[112.0638,33.410601],[112.063723,33.41048],[112.063414,33.409883],[112.0631,33.409612],[112.06299,33.409585],[112.06284,33.409444],[112.06262,33.40915],[112.062529,33.409088],[112.061971,33.408904],[112.060941,33.408743],[112.06056,33.408452],[112.059782,33.408141],[112.059034,33.408056],[112.058755,33.408537],[112.056853,33.410232],[112.056701,33.410702],[112.05713,33.413048],[112.056918,33.415534],[112.055751,33.418355],[112.055282,33.41923],[112.053847,33.419512],[112.052811,33.420058],[112.05242,33.420598],[112.052106,33.421135],[112.052374,33.423416],[112.052632,33.424959],[112.054099,33.427226],[112.054426,33.427828],[112.053546,33.427701],[112.052506,33.427844],[112.051725,33.429326],[112.051325,33.429465],[112.050765,33.429469],[112.050041,33.429073],[112.048979,33.427338],[112.0483,33.424189],[112.046755,33.422122],[112.045787,33.421392],[112.044904,33.421265],[112.043306,33.421278],[112.042903,33.421146],[112.04248,33.419138],[112.040382,33.417813],[112.039661,33.417685],[112.038062,33.4179],[112.036866,33.418113],[112.035664,33.418055],[112.033754,33.41901],[112.033196,33.419149],[112.031354,33.418894],[112.027588,33.417571]]]}},{"type":"Feature","properties":{"regionCode":"411321107","sourceCode":"411321107000","name":"白土岗镇","sourceName":"白土岗镇","parentCode":"411321","parentName":"南召县","regionLevel":"township","regionType":"town","isManagementZone":false,"source":"ruiduobao","sourceVersion":"mixed-legacy~2018-2020","geometryRepaired":false,"match2020":true,"match2023":true},"geometry":{"type":"Polygon","coordinates":[[[112.211915,33.328621],[112.211064,33.328859],[112.210777,33.328991],[112.210708,33.329421],[112.21082,33.330105],[112.210635,33.330528],[112.209755,33.331082],[112.209825,33.331384],[112.209777,33.331696],[112.209511,33.332146],[112.209401,33.332682],[112.209168,33.332897],[112.208951,33.333435],[112.208055,33.334712],[112.20636,33.336628],[112.205303,33.338177],[112.204536,33.339129],[112.204375,33.33959],[112.204364,33.339886],[112.204311,33.340106],[112.203637,33.340435],[112.202492,33.341278],[112.202079,33.341744],[112.201902,33.342098],[112.201792,33.342208],[112.201459,33.342391],[112.201317,33.342508],[112.200767,33.343037],[112.200668,33.343223],[112.200633,33.343577],[112.200644,33.343839],[112.200526,33.344244],[112.200494,33.344327],[112.200252,33.344641],[112.200102,33.344921],[112.200097,33.344957],[112.200167,33.345051],[112.200311,33.345082],[112.200475,33.345051],[112.200676,33.344917],[112.201189,33.344381],[112.201843,33.344236],[112.202047,33.344262],[112.202173,33.344316],[112.202294,33.344478],[112.20253,33.34463],[112.202682,33.344634],[112.20298,33.344563],[112.203187,33.344605],[112.203514,33.344834],[112.20404,33.345024],[112.204069,33.34506],[112.204064,33.345262],[112.204166,33.345685],[112.204174,33.345847],[112.204107,33.346039],[112.204096,33.346214],[112.20415,33.34642],[112.204659,33.346564],[112.204954,33.346689],[112.205295,33.346879],[112.205528,33.347059],[112.205622,33.347263],[112.205644,33.347458],[112.205716,33.347601],[112.205673,33.347731],[112.205528,33.347937],[112.205316,33.348502],[112.205196,33.348936],[112.204973,33.349431],[112.204952,33.349687],[112.204828,33.350193],[112.204748,33.350377],[112.204641,33.350778],[112.204611,33.351166],[112.204665,33.351322],[112.204595,33.351636],[112.204504,33.351717],[112.204345,33.351762],[112.203785,33.351806],[112.203299,33.351948],[112.202602,33.352237],[112.202277,33.352407],[112.202058,33.352411],[112.201757,33.352362],[112.201371,33.352414],[112.200993,33.352367],[112.200062,33.352461],[112.199788,33.352436],[112.199555,33.352351],[112.199067,33.352248],[112.198866,33.352237],[112.198635,33.352279],[112.198254,33.35219],[112.198056,33.352205],[112.197495,33.351885],[112.197189,33.35188],[112.196859,33.351768],[112.196572,33.351625],[112.196237,33.351544],[112.195937,33.351547],[112.195685,33.351739],[112.196422,33.352116],[112.196876,33.352268],[112.197482,33.352635],[112.198327,33.352942],[112.198825,33.353088],[112.199558,33.353249],[112.199796,33.353337],[112.200687,33.353552],[112.201017,33.353693],[112.201489,33.353984],[112.201701,33.354139],[112.201921,33.354369],[112.202127,33.354883],[112.202189,33.355456],[112.202184,33.355859],[112.202117,33.356204],[112.202162,33.356359],[112.202122,33.35663],[112.202516,33.357923],[112.202589,33.358062],[112.203278,33.358698],[112.204107,33.359278],[112.204571,33.359677],[112.205083,33.359903],[112.205971,33.360087],[112.206623,33.360322],[112.207492,33.360539],[112.20791,33.36075],[112.208117,33.36077],[112.208208,33.360905],[112.208449,33.361444],[112.208632,33.361668],[112.208704,33.361839],[112.208857,33.362022],[112.20898,33.362255],[112.209098,33.362721],[112.209216,33.36299],[112.2093,33.3631],[112.209444,33.363463],[112.209468,33.363971],[112.209546,33.364157],[112.209648,33.364276],[112.210026,33.364455],[112.210225,33.364599],[112.210346,33.364733],[112.210485,33.364986],[112.210359,33.365569],[112.210566,33.365916],[112.210877,33.366236],[112.211032,33.366559],[112.211024,33.366984],[112.211207,33.367484],[112.211512,33.367896],[112.212175,33.368478],[112.212389,33.36879],[112.212239,33.369453],[112.21233,33.369686],[112.212357,33.370002],[112.212333,33.370129],[112.212175,33.370387],[112.212041,33.370743],[112.212027,33.371001],[112.212076,33.371433],[112.212199,33.371646],[112.212223,33.371794],[112.212234,33.371935],[112.212183,33.372114],[112.212191,33.372331],[112.212384,33.372593],[112.212491,33.372925],[112.21255,33.373642],[112.213425,33.374361],[112.213752,33.374956],[112.213881,33.375062],[112.214479,33.375409],[112.214873,33.375931],[112.215066,33.37611],[112.215219,33.376464],[112.215442,33.376845],[112.215605,33.377046],[112.216051,33.377756],[112.21608,33.37798],[112.216032,33.378148],[112.216171,33.378415],[112.21637,33.378643],[112.216523,33.379284],[112.216681,33.379396],[112.216834,33.379631],[112.217212,33.379765],[112.217692,33.380162],[112.217987,33.380534],[112.218229,33.380932],[112.21832,33.381407],[112.218317,33.382274],[112.21836,33.382968],[112.218532,33.383615],[112.218674,33.384088],[112.218811,33.384388],[112.219175,33.38487],[112.219358,33.385255],[112.219537,33.385528],[112.219556,33.385669],[112.219521,33.385927],[112.219181,33.386594],[112.219055,33.387125],[112.218993,33.387781],[112.219028,33.388361],[112.219363,33.388639],[112.219495,33.389011],[112.219414,33.38955],[112.219318,33.389644],[112.21931,33.389714],[112.219613,33.390065],[112.219988,33.390627],[112.220297,33.390889],[112.220664,33.391082],[112.220817,33.391219],[112.220932,33.391566],[112.221099,33.391799],[112.221415,33.392054],[112.221678,33.392215],[112.221986,33.392535],[112.222327,33.392773],[112.222488,33.392943],[112.222405,33.39318],[112.222163,33.393642],[112.222166,33.393875],[112.222335,33.394352],[112.222324,33.394477],[112.222137,33.39477],[112.221876,33.394918],[112.221485,33.395373],[112.221418,33.39565],[112.221273,33.395776],[112.221235,33.395854],[112.221249,33.396235],[112.221203,33.396331],[112.221214,33.396414],[112.221321,33.39662],[112.221431,33.397384],[112.221589,33.39757],[112.221783,33.397944],[112.221976,33.398038],[112.222078,33.398125],[112.222348,33.39858],[112.222555,33.398745],[112.222786,33.398864],[112.223011,33.399142],[112.223024,33.399417],[112.22314,33.399677],[112.22369,33.400275],[112.224065,33.400895],[112.224186,33.401401],[112.224457,33.402259],[112.224623,33.402552],[112.224897,33.402767],[112.225433,33.403087],[112.225749,33.403181],[112.226482,33.403651],[112.227144,33.404366],[112.227627,33.404755],[112.227944,33.405156],[112.227992,33.405293],[112.228013,33.40581],[112.228054,33.406016],[112.228161,33.406276],[112.228531,33.406717],[112.228617,33.406887],[112.228574,33.407151],[112.228507,33.407326],[112.228263,33.407659],[112.228222,33.407865],[112.228568,33.408497],[112.22867,33.409043],[112.228585,33.409296],[112.228292,33.409717],[112.227949,33.409981],[112.227874,33.410171],[112.227721,33.410393],[112.227718,33.410512],[112.227858,33.410749],[112.227882,33.411058],[112.227927,33.411215],[112.22786,33.411298],[112.227611,33.411481],[112.227225,33.412184],[112.225945,33.412883],[112.225272,33.413308],[112.224998,33.413568],[112.224889,33.413823],[112.224811,33.414103],[112.224776,33.414506],[112.225154,33.415292],[112.225363,33.415489],[112.2259,33.4158],[112.225943,33.415979],[112.225918,33.416561],[112.225846,33.416825],[112.225044,33.417824],[112.224449,33.418442],[112.224325,33.418552],[112.224194,33.418592],[112.22428,33.418827],[112.224199,33.419306],[112.224567,33.419696],[112.224838,33.419832],[112.225127,33.420118],[112.225328,33.420441],[112.225575,33.420707],[112.225956,33.421287],[112.226036,33.421533],[112.226503,33.422521],[112.227026,33.423098],[112.227353,33.423342],[112.227482,33.423501],[112.227544,33.423636],[112.227775,33.423895],[112.22881,33.424455],[112.229153,33.424383],[112.22973,33.424056],[112.230025,33.423828],[112.230628,33.423047],[112.230894,33.422765],[112.231237,33.422485],[112.231374,33.422313],[112.231554,33.422017],[112.231827,33.421657],[112.231956,33.421417],[112.232326,33.420934],[112.232519,33.420593],[112.232662,33.42049],[112.232959,33.420154],[112.233171,33.420013],[112.233482,33.420009],[112.234134,33.420065],[112.235658,33.420363],[112.235923,33.420369],[112.236811,33.420208],[112.237063,33.420137],[112.237782,33.419852],[112.238707,33.419402],[112.238946,33.419232],[112.240268,33.41867],[112.241003,33.418267],[112.241566,33.417905],[112.24236,33.417094],[112.24272,33.417013],[112.243444,33.41672],[112.244605,33.415977],[112.24511,33.415818],[112.245625,33.415706],[112.245764,33.41563],[112.245987,33.41544],[112.246145,33.415225],[112.246649,33.414831],[112.247156,33.414553],[112.248076,33.413803],[112.248253,33.413689],[112.248639,33.413528],[112.24883,33.413348],[112.249342,33.413181],[112.249852,33.413069],[112.250155,33.412813],[112.250383,33.412511],[112.250745,33.412169],[112.251236,33.411882],[112.251574,33.411734],[112.251686,33.411719],[112.251955,33.411513],[112.252228,33.411356],[112.252655,33.411282],[112.253132,33.411307],[112.254283,33.411275],[112.254404,33.411311],[112.254492,33.411398],[112.254586,33.411598],[112.254559,33.411716],[112.254369,33.412092],[112.254433,33.412372],[112.254511,33.412531],[112.254613,33.412621],[112.254972,33.41319],[112.255407,33.41372],[112.255552,33.414063],[112.255726,33.414273],[112.255718,33.414463],[112.255621,33.414949],[112.255731,33.415578],[112.25578,33.415715],[112.25612,33.416156],[112.256252,33.416396],[112.256686,33.416825],[112.256697,33.416899],[112.256681,33.417437],[112.2566,33.417669],[112.256477,33.417882],[112.255999,33.418352],[112.255932,33.418442],[112.255873,33.418623],[112.255948,33.419051],[112.25616,33.419409],[112.25627,33.419687],[112.256421,33.420365],[112.256485,33.420862],[112.256603,33.421301],[112.256686,33.421471],[112.256686,33.421581],[112.256632,33.421755],[112.256584,33.421804],[112.256171,33.421995],[112.255994,33.422147],[112.255265,33.422277],[112.255219,33.422322],[112.255256,33.422386],[112.25535,33.422424],[112.255578,33.422424],[112.257011,33.422149],[112.257209,33.422201],[112.257298,33.422261],[112.257614,33.422373],[112.257826,33.422527],[112.258223,33.423009],[112.25822,33.423183],[112.25811,33.423445],[112.258078,33.423602],[112.258092,33.423725],[112.258137,33.42381],[112.258714,33.424153],[112.258851,33.424327],[112.258864,33.424433],[112.258746,33.424719],[112.258545,33.424974],[112.258092,33.425344],[112.257998,33.425465],[112.257966,33.425529],[112.257968,33.42578],[112.258054,33.425964],[112.258674,33.426772],[112.258853,33.427159],[112.258945,33.427455],[112.259111,33.427674],[112.259339,33.428466],[112.259352,33.428773],[112.259462,33.429004],[112.259991,33.429324],[112.260157,33.429485],[112.260369,33.429857],[112.260514,33.430349],[112.26065,33.43051],[112.260929,33.430698],[112.260988,33.430839],[112.260927,33.431085],[112.260683,33.431508],[112.26064,33.431799],[112.260653,33.431893],[112.260723,33.431994],[112.26109,33.432258],[112.261131,33.432417],[112.260953,33.432957],[112.260921,33.433315],[112.260921,33.433431],[112.260983,33.433615],[112.261047,33.434009],[112.261058,33.434432],[112.26098,33.434698],[112.260484,33.435074],[112.260449,33.435211],[112.260514,33.435513],[112.260819,33.435688],[112.260903,33.435797],[112.261037,33.436722],[112.261254,33.436842],[112.262405,33.436898],[112.262625,33.43695],[112.262922,33.437046],[112.263161,33.437227],[112.263282,33.437449],[112.263426,33.437903],[112.26348,33.438629],[112.263445,33.439002],[112.263496,33.439399],[112.263609,33.439515],[112.26373,33.439553],[112.263772,33.439271],[112.263845,33.439255],[112.263966,33.439367],[112.264065,33.43966],[112.264057,33.439819],[112.26395,33.44016],[112.263649,33.440527],[112.263705,33.440623],[112.263874,33.44075],[112.264057,33.44082],[112.264642,33.440791],[112.264781,33.44084],[112.26561,33.440952],[112.265988,33.440959],[112.266653,33.440914],[112.266769,33.441006],[112.266983,33.44137],[112.267286,33.441579],[112.267729,33.441769],[112.268735,33.442033],[112.26889,33.442154],[112.269089,33.442384],[112.269689,33.442825],[112.269982,33.443089],[112.270486,33.44362],[112.270451,33.44411],[112.270491,33.444251],[112.271167,33.444553],[112.271546,33.444779],[112.271929,33.44496],[112.272546,33.445218],[112.272696,33.445339],[112.27312,33.445983],[112.273171,33.446104],[112.273192,33.446267],[112.273061,33.446769],[112.273064,33.44684],[112.27312,33.446896],[112.273337,33.44695],[112.273487,33.446937],[112.274069,33.446668],[112.274284,33.446695],[112.274483,33.44684],[112.274711,33.447095],[112.274775,33.447228],[112.27492,33.4474],[112.275059,33.447523],[112.275301,33.447646],[112.275829,33.447827],[112.276601,33.448179],[112.276728,33.448306],[112.276872,33.448711],[112.277264,33.449342],[112.277331,33.449613],[112.277318,33.449727],[112.276961,33.450106],[112.276878,33.450405],[112.276746,33.450587],[112.276615,33.450849],[112.276382,33.451471],[112.275979,33.451961],[112.27588,33.452301],[112.275749,33.452484],[112.275995,33.452619],[112.276502,33.452992],[112.276733,33.453344],[112.276988,33.454111],[112.277007,33.454346],[112.277082,33.454463],[112.277465,33.454769],[112.277749,33.455127],[112.278425,33.455519],[112.27886,33.455624],[112.279032,33.455613],[112.280032,33.455353],[112.280394,33.455313],[112.280748,33.455353],[112.28121,33.455602],[112.281408,33.455879],[112.28147,33.456108],[112.281582,33.456204],[112.281808,33.456519],[112.281926,33.456302],[112.282001,33.456235],[112.282199,33.456175],[112.282433,33.456155],[112.282706,33.456215],[112.28309,33.456421],[112.283264,33.456454],[112.283538,33.45656],[112.283809,33.456548],[112.284007,33.456492],[112.28416,33.456506],[112.284211,33.45653],[112.284485,33.456889],[112.284629,33.456944],[112.284954,33.45694],[112.285378,33.457041],[112.285893,33.456864],[112.286233,33.456839],[112.286933,33.457235],[112.287094,33.457157],[112.287333,33.456951],[112.287666,33.456819],[112.287789,33.456853],[112.287963,33.456971],[112.28857,33.45745],[112.288698,33.457229],[112.289157,33.456786],[112.289473,33.456396],[112.289594,33.456334],[112.290246,33.456146],[112.290404,33.456016],[112.290643,33.45589],[112.290747,33.455861],[112.291206,33.455852],[112.291327,33.455814],[112.291474,33.455747],[112.292477,33.455105],[112.293261,33.454881],[112.293456,33.45485],[112.293749,33.454872],[112.294049,33.455002],[112.294312,33.455179],[112.2945,33.455224],[112.294599,33.45528],[112.294739,33.455427],[112.295007,33.455808],[112.295618,33.456166],[112.295712,33.456269],[112.295905,33.456349],[112.296149,33.456356],[112.296345,33.456318],[112.296731,33.455866],[112.29689,33.455763],[112.297128,33.455761],[112.297394,33.455819],[112.2977,33.45581],[112.29829,33.455685],[112.29873,33.45583],[112.29925,33.456389],[112.29951,33.456542],[112.299634,33.456566],[112.299851,33.45653],[112.299977,33.456978],[112.300291,33.457417],[112.300401,33.457866],[112.300497,33.458113],[112.300728,33.45852],[112.300468,33.458974],[112.300548,33.459784],[112.300771,33.459775],[112.300816,33.459809],[112.300798,33.459894],[112.300664,33.460021],[112.300771,33.460603],[112.300757,33.460874],[112.300819,33.461626],[112.301074,33.46165],[112.302439,33.46208],[112.30333,33.462476],[112.303979,33.462823],[112.304826,33.463358],[112.305186,33.463682],[112.305685,33.464047],[112.305964,33.464331],[112.306269,33.464855],[112.306677,33.465295],[112.307436,33.466334],[112.307517,33.466506],[112.307914,33.466951],[112.308748,33.468227],[112.309105,33.468672],[112.309263,33.469128],[112.309598,33.469902],[112.30966,33.470162],[112.309668,33.4705],[112.309711,33.470656],[112.310008,33.471379],[112.310311,33.471862],[112.310631,33.472225],[112.310856,33.472567],[112.311229,33.47293],[112.312076,33.473511],[112.312554,33.473737],[112.313232,33.47384],[112.313675,33.47386],[112.313737,33.473829],[112.31408,33.473813],[112.314702,33.473851],[112.315204,33.473842],[112.315952,33.473742],[112.316711,33.473746],[112.317747,33.473892],[112.318624,33.473854],[112.32026,33.474775],[112.320576,33.475042],[112.32081,33.47518],[112.321354,33.475594],[112.321837,33.476031],[112.322424,33.476373],[112.322558,33.476507],[112.322878,33.476713],[112.322998,33.476814],[112.323336,33.477254],[112.323393,33.477364],[112.323446,33.477601],[112.323422,33.477713],[112.32435,33.477789],[112.324433,33.477746],[112.324401,33.477216],[112.324165,33.476849],[112.324069,33.476623],[112.323613,33.476075],[112.323234,33.475811],[112.322733,33.475254],[112.322266,33.474816],[112.322057,33.474556],[112.320898,33.473771],[112.320252,33.473424],[112.320123,33.473312],[112.320552,33.473057],[112.320955,33.472867],[112.321354,33.472724],[112.321909,33.472428],[112.322312,33.472258],[112.32284,33.471927],[112.323377,33.471486],[112.323894,33.470903],[112.324463,33.470052],[112.324549,33.469775],[112.324876,33.469873],[112.325884,33.470077],[112.326941,33.470117],[112.327386,33.470068],[112.3281,33.470061],[112.328414,33.469974],[112.328518,33.469981],[112.329841,33.470269],[112.330425,33.470457],[112.33105,33.470533],[112.331686,33.47073],[112.331807,33.471019],[112.332196,33.471169],[112.332298,33.471296],[112.332633,33.471578],[112.332931,33.47178],[112.333059,33.471927],[112.333389,33.472191],[112.334296,33.472782],[112.334787,33.473142],[112.334937,33.473205],[112.335111,33.473453],[112.33532,33.473869],[112.335463,33.474046],[112.335602,33.474122],[112.336128,33.474292],[112.336364,33.474281],[112.337394,33.474055],[112.337767,33.474028],[112.337941,33.474048],[112.338115,33.474111],[112.338359,33.474268],[112.33848,33.474426],[112.338461,33.475084],[112.338593,33.475688],[112.338721,33.475948],[112.338839,33.47635],[112.339129,33.476688],[112.339593,33.477427],[112.339765,33.477594],[112.340135,33.477559],[112.340352,33.477494],[112.340741,33.477299],[112.341683,33.47701],[112.341838,33.476937],[112.342651,33.476406],[112.34301,33.476731],[112.343281,33.477384],[112.34352,33.477612],[112.344655,33.478292],[112.344807,33.478348],[112.345864,33.47857],[112.345945,33.478702],[112.345998,33.478921],[112.345982,33.479078],[112.345853,33.479382],[112.345655,33.47959],[112.345322,33.479841],[112.345033,33.480129],[112.34492,33.480272],[112.344877,33.4804],[112.344885,33.480478],[112.344958,33.480585],[112.345288,33.480876],[112.345743,33.481033],[112.346398,33.481136],[112.346505,33.481194],[112.346669,33.481362],[112.346661,33.481543],[112.346419,33.482058],[112.346376,33.482433],[112.346221,33.48274],[112.34621,33.48304],[112.346132,33.483525],[112.346269,33.483722],[112.346406,33.483843],[112.346827,33.484109],[112.346854,33.48457],[112.346918,33.484717],[112.347122,33.484852],[112.347728,33.484912],[112.347868,33.484959],[112.347959,33.485008],[112.348093,33.485248],[112.348149,33.485872],[112.348243,33.486138],[112.348238,33.486487],[112.348369,33.487395],[112.348324,33.487693],[112.348257,33.487818],[112.3482,33.487898],[112.348082,33.487997],[112.347988,33.48803],[112.347921,33.488111],[112.34794,33.48818],[112.348018,33.488256],[112.348037,33.488346],[112.348023,33.488748],[112.348364,33.488686],[112.348946,33.488702],[112.34915,33.488663],[112.34934,33.488695],[112.349579,33.488793],[112.34982,33.488737],[112.350161,33.488547],[112.35025,33.48854],[112.350459,33.488639],[112.350625,33.488666],[112.351258,33.488585],[112.351395,33.488693],[112.351499,33.488851],[112.351438,33.489178],[112.351301,33.48952],[112.35114,33.489791],[112.351121,33.489898],[112.351151,33.490084],[112.35125,33.490281],[112.351242,33.490513],[112.351424,33.490806],[112.351524,33.491037],[112.35154,33.491149],[112.351497,33.491507],[112.351698,33.49158],[112.35232,33.491607],[112.353369,33.491524],[112.353533,33.491556],[112.353814,33.491674],[112.354015,33.491818],[112.354308,33.491952],[112.354383,33.49192],[112.354308,33.491558],[112.354525,33.491661],[112.355027,33.491788],[112.355593,33.492135],[112.355762,33.49218],[112.356829,33.492142],[112.357221,33.492211],[112.35747,33.492328],[112.357355,33.492558],[112.356896,33.493119],[112.356832,33.493287],[112.356427,33.493605],[112.356124,33.493918],[112.355796,33.49411],[112.355638,33.494368],[112.355161,33.494728],[112.354353,33.495146],[112.353801,33.495575],[112.353624,33.495757],[112.353616,33.495976],[112.353651,33.496121],[112.353624,33.49643],[112.35364,33.496669],[112.353739,33.497092],[112.353857,33.497363],[112.354029,33.497573],[112.354372,33.497843],[112.354665,33.497975],[112.354941,33.498157],[112.355222,33.498217],[112.355324,33.498148],[112.355378,33.497993],[112.355552,33.497796],[112.35614,33.497602],[112.356234,33.497526],[112.356234,33.497336],[112.356105,33.496985],[112.356204,33.496888],[112.356853,33.496837],[112.357489,33.496732],[112.35817,33.496747],[112.35854,33.496828],[112.359071,33.49685],[112.359211,33.496794],[112.359307,33.496707],[112.359525,33.496591],[112.359659,33.496571],[112.36052,33.49628],[112.360756,33.496094],[112.361096,33.495799],[112.361842,33.494851],[112.362016,33.494506],[112.362094,33.494209],[112.362207,33.493969],[112.362456,33.493576],[112.36273,33.493316],[112.362845,33.493162],[112.362993,33.492929],[112.363105,33.492668],[112.363218,33.492536],[112.363744,33.492146],[112.3638,33.492068],[112.363878,33.491882],[112.363899,33.491735],[112.363873,33.491457],[112.363899,33.491348],[112.364039,33.491214],[112.364278,33.491133],[112.36468,33.490894],[112.365055,33.490511],[112.365297,33.490359],[112.365431,33.49022],[112.365522,33.49005],[112.365637,33.489663],[112.365898,33.489084],[112.366077,33.488283],[112.366126,33.488225],[112.366506,33.488104],[112.366624,33.488033],[112.366815,33.487851],[112.367139,33.487639],[112.36722,33.487469],[112.367282,33.487077],[112.367384,33.486939],[112.367464,33.486867],[112.368365,33.486749],[112.36877,33.48661],[112.369079,33.486292],[112.369293,33.486232],[112.369395,33.486145],[112.369481,33.485981],[112.36954,33.485755],[112.369688,33.485532],[112.369739,33.485174],[112.369798,33.485095],[112.370101,33.484995],[112.370283,33.484896],[112.370688,33.484883],[112.370935,33.484682],[112.371908,33.484357],[112.372026,33.48429],[112.372321,33.483946],[112.372549,33.483601],[112.37285,33.483297],[112.373056,33.483004],[112.373212,33.482881],[112.374167,33.482758],[112.374285,33.482666],[112.37436,33.482545],[112.374634,33.482339],[112.375159,33.482212],[112.375433,33.482089],[112.375747,33.482004],[112.376154,33.482024],[112.376412,33.481854],[112.376648,33.481798],[112.376962,33.48165],[112.377474,33.481507],[112.377667,33.48138],[112.377782,33.48121],[112.37778,33.481129],[112.377691,33.480926],[112.377774,33.480315],[112.378048,33.479941],[112.378255,33.4798],[112.378542,33.479527],[112.378791,33.47936],[112.37893,33.4791],[112.379365,33.47893],[112.379622,33.478793],[112.379746,33.47863],[112.379732,33.478541],[112.379622,33.478366],[112.379636,33.478252],[112.380014,33.47799],[112.380164,33.477932],[112.380569,33.477675],[112.380682,33.477543],[112.380778,33.47735],[112.380859,33.477037],[112.381414,33.47661],[112.381798,33.476364],[112.382004,33.476154],[112.382154,33.475838],[112.382361,33.475529],[112.382538,33.475355],[112.383257,33.474928],[112.383477,33.47469],[112.383667,33.474563],[112.384268,33.474265],[112.384681,33.474021],[112.385837,33.473216],[112.386087,33.472992],[112.386443,33.472507],[112.386545,33.472247],[112.386599,33.471943],[112.386572,33.471017],[112.3872,33.470699],[112.387315,33.470674],[112.388262,33.469976],[112.388396,33.469925],[112.388812,33.469851],[112.389085,33.469748],[112.389941,33.469817],[112.389952,33.470386],[112.390137,33.470634],[112.390217,33.470677],[112.390585,33.469961],[112.390609,33.469795],[112.391314,33.470008],[112.391236,33.470191],[112.391116,33.470663],[112.391081,33.470867],[112.391092,33.471231],[112.391067,33.471428],[112.391135,33.471943],[112.3914,33.472422],[112.391419,33.472531],[112.392223,33.472529],[112.392741,33.472435],[112.392921,33.473305],[112.393066,33.473267],[112.39424,33.472719],[112.394557,33.472628],[112.394865,33.472422],[112.394911,33.47235],[112.39522,33.472113],[112.395257,33.472048],[112.395134,33.471471],[112.395147,33.471406],[112.39519,33.471375],[112.395456,33.471272],[112.395576,33.471272],[112.395772,33.47152],[112.395954,33.471652],[112.396123,33.47171],[112.396389,33.471688],[112.396384,33.471511],[112.396451,33.471426],[112.396641,33.471307],[112.396778,33.471299],[112.396901,33.47148],[112.397033,33.471533],[112.397167,33.471518],[112.39721,33.471319],[112.397502,33.47112],[112.397875,33.47103],[112.398189,33.470889],[112.398387,33.470737],[112.398503,33.470726],[112.39883,33.470829],[112.399452,33.470916],[112.399516,33.470952],[112.399691,33.471117],[112.399766,33.471256],[112.400222,33.471697],[112.40064,33.472308],[112.400967,33.472607],[112.401158,33.472874],[112.401241,33.473084],[112.401375,33.473015],[112.401496,33.472901],[112.401555,33.47278],[112.401778,33.472082],[112.401796,33.471513],[112.401643,33.471039],[112.401708,33.470744],[112.401826,33.47052],[112.401938,33.470435],[112.402091,33.470137],[112.402089,33.470055],[112.402008,33.469862],[112.401794,33.469719],[112.401633,33.469392],[112.401453,33.469146],[112.401582,33.468965],[112.4017,33.468488],[112.402858,33.468164],[112.402979,33.468092],[112.402917,33.467681],[112.402912,33.467363],[112.402003,33.467439],[112.401592,33.467694],[112.401488,33.467851],[112.400951,33.468079],[112.400938,33.467871],[112.40079,33.467956],[112.400742,33.467951],[112.400549,33.467757],[112.400571,33.467658],[112.400718,33.467517],[112.400868,33.467459],[112.400844,33.467426],[112.400962,33.467264],[112.401118,33.467202],[112.40126,33.467032],[112.401665,33.466754],[112.401823,33.466689],[112.402134,33.466624],[112.402177,33.466598],[112.402196,33.466506],[112.402325,33.466428],[112.402467,33.466394],[112.402738,33.466396],[112.402684,33.466293],[112.402228,33.466045],[112.402156,33.465969],[112.402024,33.4656],[112.401906,33.465488],[112.401689,33.465463],[112.401595,33.465488],[112.401544,33.465544],[112.401504,33.46568],[112.401367,33.465812],[112.401246,33.465801],[112.401145,33.465669],[112.401139,33.465519],[112.401201,33.465293],[112.401338,33.465123],[112.401633,33.464857],[112.401928,33.46464],[112.401837,33.464483],[112.401807,33.464],[112.401906,33.463669],[112.402421,33.463161],[112.402676,33.463107],[112.403001,33.463185],[112.403178,33.46319],[112.403658,33.463129],[112.403939,33.462937],[112.404108,33.462702],[112.404605,33.462422],[112.404862,33.462355],[112.405213,33.4624],[112.405409,33.46236],[112.405613,33.462246],[112.405997,33.461899],[112.406082,33.461769],[112.406082,33.461547],[112.406152,33.461444],[112.406528,33.461109],[112.406546,33.460863],[112.406493,33.460364],[112.406525,33.459784],[112.406608,33.459668],[112.406694,33.459641],[112.406938,33.459419],[112.406962,33.459296],[112.406938,33.459144],[112.406828,33.458983],[112.40678,33.458765],[112.406791,33.458493],[112.407622,33.458395],[112.408183,33.458294],[112.408327,33.458195],[112.408593,33.457853],[112.408754,33.45771],[112.408901,33.457307],[112.409183,33.456842],[112.409502,33.45658],[112.409829,33.456419],[112.410446,33.455975],[112.41105,33.455033],[112.411232,33.454832],[112.411533,33.454664],[112.411777,33.45446],[112.411863,33.454367],[112.412075,33.453928],[112.412273,33.453684],[112.412434,33.45355],[112.412622,33.453552],[112.412957,33.453726],[112.413032,33.453729],[112.413464,33.453653],[112.413965,33.453451],[112.414255,33.453422],[112.414416,33.453449],[112.414727,33.45344],[112.415478,33.453324],[112.416286,33.453104],[112.416803,33.452894],[112.417372,33.452552],[112.417533,33.452489],[112.417737,33.452323],[112.41794,33.452305],[112.41804,33.4522],[112.418246,33.452082],[112.418812,33.451887],[112.419008,33.451762],[112.419649,33.451169],[112.41977,33.45101],[112.419984,33.450833],[112.420591,33.450193],[112.420778,33.45009],[112.421106,33.44977],[112.421693,33.449727],[112.42198,33.449792],[112.422248,33.449788],[112.422468,33.449868],[112.422637,33.449862],[112.422881,33.449745],[112.42305,33.449582],[112.423348,33.449423],[112.423806,33.449237],[112.424305,33.44915],[112.425145,33.449195],[112.425494,33.449083],[112.425711,33.44911],[112.42599,33.449342],[112.426711,33.450112],[112.426977,33.450352],[112.42709,33.450401],[112.427304,33.450788],[112.427307,33.450907],[112.427218,33.45107],[112.426883,33.451359],[112.426585,33.452173],[112.426727,33.452189],[112.42691,33.452131],[112.427025,33.452142],[112.42765,33.452057],[112.428262,33.451891],[112.428404,33.451903],[112.428543,33.451865],[112.428908,33.451914],[112.429058,33.451894],[112.42912,33.451793],[112.429192,33.45148],[112.429522,33.450996],[112.429659,33.450551],[112.429656,33.450439],[112.429884,33.450298],[112.429978,33.450043],[112.430169,33.450092],[112.430595,33.450101],[112.431217,33.450034],[112.43147,33.449971],[112.431588,33.449985],[112.431735,33.45024],[112.432162,33.450352],[112.432255,33.450325],[112.432323,33.450256],[112.432387,33.450027],[112.432607,33.450023],[112.43284,33.44996],[112.433422,33.449942],[112.433723,33.450032],[112.433985,33.450188],[112.434023,33.450309],[112.434275,33.450573],[112.434393,33.450723],[112.434401,33.450786],[112.434745,33.451151],[112.435045,33.451618],[112.435238,33.451737],[112.435817,33.451956],[112.436059,33.452169],[112.436469,33.452348],[112.43659,33.452458],[112.436724,33.452798],[112.436955,33.453057],[112.437059,33.453095],[112.437239,33.453104],[112.437373,33.453158],[112.437443,33.453227],[112.437652,33.454008],[112.437703,33.454467],[112.437612,33.454617],[112.437644,33.455071],[112.437749,33.4553],[112.437939,33.455544],[112.43817,33.455776],[112.438392,33.455911],[112.438736,33.455329],[112.438803,33.455297],[112.438754,33.455208],[112.43876,33.454579],[112.439632,33.454143],[112.439744,33.454109],[112.440157,33.454118],[112.440425,33.454317],[112.440774,33.454716],[112.441217,33.455011],[112.441745,33.455465],[112.441922,33.4557],[112.442054,33.455801],[112.442512,33.455993],[112.44307,33.456137],[112.4434,33.456309],[112.443545,33.456349],[112.443923,33.456249],[112.445098,33.455808],[112.44553,33.455687],[112.445758,33.455528],[112.445913,33.455479],[112.445967,33.455396],[112.445932,33.455275],[112.446004,33.455047],[112.445999,33.454924],[112.446144,33.454543],[112.44619,33.454492],[112.446431,33.4544],[112.446409,33.454127],[112.446439,33.454044],[112.446485,33.454013],[112.446672,33.453991],[112.446796,33.453637],[112.446986,33.453509],[112.447053,33.453107],[112.447182,33.452769],[112.447179,33.452106],[112.44726,33.451762],[112.447335,33.451632],[112.447346,33.451453],[112.447292,33.451296],[112.44716,33.451072],[112.447126,33.450864],[112.446774,33.450358],[112.446863,33.450224],[112.446986,33.449817],[112.447024,33.449783],[112.447289,33.449736],[112.447869,33.449712],[112.44811,33.449602],[112.448367,33.449351],[112.44837,33.449172],[112.448244,33.448937],[112.448598,33.44802],[112.448925,33.44753],[112.449306,33.447089],[112.449328,33.447024],[112.449489,33.446869],[112.449526,33.446789],[112.449558,33.446458],[112.449526,33.446245],[112.449414,33.446077],[112.449419,33.445925],[112.449706,33.445339],[112.449727,33.445142],[112.449636,33.445052],[112.449467,33.445003],[112.449204,33.444869],[112.449135,33.444801],[112.449014,33.444652],[112.44896,33.444358],[112.449014,33.444132],[112.449245,33.443682],[112.449499,33.443441],[112.449609,33.443275],[112.449623,33.443085],[112.449545,33.442942],[112.449253,33.442586],[112.449207,33.442268],[112.449059,33.442031],[112.448858,33.441791],[112.448569,33.441599],[112.447458,33.4414],[112.44693,33.441259],[112.446224,33.441198],[112.445691,33.441274],[112.445296,33.441274],[112.445235,33.441245],[112.445186,33.441041],[112.44517,33.439963],[112.445084,33.439627],[112.445009,33.439524],[112.444497,33.439108],[112.444333,33.438899],[112.444089,33.438723],[112.444001,33.438591],[112.443947,33.43838],[112.444108,33.438226],[112.444146,33.43808],[112.443974,33.437536],[112.443733,33.437279],[112.44351,33.437194],[112.443419,33.43712],[112.443207,33.437024],[112.442644,33.436612],[112.442451,33.436431],[112.442271,33.43618],[112.442214,33.436023],[112.442043,33.435773],[112.441423,33.435003],[112.4413,33.434877],[112.441203,33.434828],[112.441174,33.434738],[112.441048,33.434662],[112.440868,33.434284],[112.440761,33.433783],[112.440881,33.433698],[112.441016,33.433722],[112.441112,33.433785],[112.44115,33.433904],[112.441356,33.434244],[112.44156,33.434463],[112.441657,33.434589],[112.441678,33.434685],[112.441742,33.434736],[112.441809,33.434774],[112.442067,33.434564],[112.442177,33.434546],[112.442311,33.434653],[112.442442,33.43485],[112.442872,33.435059],[112.443226,33.435361],[112.443341,33.435238],[112.443352,33.435123],[112.443381,33.435108],[112.444001,33.43496],[112.444738,33.434738],[112.445025,33.434622],[112.445103,33.434533],[112.445133,33.434443],[112.445202,33.434054],[112.445473,33.43359],[112.445527,33.433418],[112.445605,33.432666],[112.445691,33.43239],[112.445924,33.431961],[112.446072,33.430994],[112.443649,33.430891],[112.441209,33.430537],[112.439905,33.430268],[112.43854,33.429814],[112.4384,33.429718],[112.438188,33.429494],[112.438052,33.429212],[112.437507,33.428522],[112.43681,33.427853],[112.43674,33.427842],[112.436094,33.427336],[112.4356,33.427018],[112.435327,33.426792],[112.434884,33.426497],[112.434809,33.426382],[112.434334,33.426029],[112.433811,33.425559],[112.433133,33.425149],[112.432894,33.424916],[112.432092,33.424399],[112.431968,33.424231],[112.431746,33.424108],[112.431628,33.423996],[112.431376,33.423866],[112.431102,33.423622],[112.431231,33.42351],[112.431534,33.422915],[112.43174,33.422429],[112.431781,33.4221],[112.431732,33.421621],[112.43163,33.421307],[112.431419,33.421039],[112.431429,33.420495],[112.431327,33.420248],[112.431105,33.420016],[112.431065,33.41991],[112.431099,33.41983],[112.431279,33.419731],[112.431338,33.419644],[112.431247,33.419494],[112.431338,33.419147],[112.431429,33.419053],[112.431644,33.418934],[112.432062,33.418449],[112.432178,33.418381],[112.43262,33.418384],[112.432706,33.418413],[112.433098,33.418661],[112.433473,33.418805],[112.434082,33.419118],[112.434353,33.419398],[112.434592,33.419537],[112.435101,33.419651],[112.435356,33.419769],[112.435662,33.419787],[112.436281,33.41951],[112.436721,33.419393],[112.436657,33.419246],[112.436684,33.419073],[112.436735,33.418993],[112.436662,33.418659],[112.436601,33.418621],[112.436408,33.418657],[112.436335,33.418724],[112.43607,33.418793],[112.436072,33.418751],[112.436311,33.418592],[112.436759,33.418209],[112.437598,33.417676],[112.437773,33.417784],[112.438014,33.417826],[112.438197,33.41794],[112.438307,33.41792],[112.438339,33.417817],[112.438285,33.417553],[112.438352,33.417327],[112.438677,33.41694],[112.438966,33.416684],[112.439436,33.416429],[112.439564,33.416396],[112.43983,33.416429],[112.44002,33.416366],[112.440404,33.416154],[112.440439,33.416062],[112.440425,33.41591],[112.440324,33.415686],[112.440509,33.415469],[112.440788,33.414949],[112.440817,33.414553],[112.440788,33.414439],[112.440723,33.414352],[112.440723,33.414271],[112.440865,33.413613],[112.440903,33.413216],[112.440863,33.412948],[112.440788,33.412802],[112.440718,33.412791],[112.440546,33.412834],[112.440503,33.412771],[112.440447,33.412487],[112.440525,33.412086],[112.440578,33.41196],[112.440568,33.411869],[112.440458,33.411687],[112.440173,33.411428],[112.440374,33.410859],[112.440431,33.410733],[112.440533,33.410613],[112.440745,33.410398],[112.441292,33.41003],[112.441592,33.409766],[112.441209,33.408763],[112.440863,33.408201],[112.440385,33.407205],[112.440286,33.406882],[112.440251,33.40662],[112.440436,33.405886],[112.440353,33.405611],[112.440179,33.405756],[112.440082,33.405953],[112.439817,33.406101],[112.439629,33.406305],[112.439176,33.406477],[112.438658,33.406842],[112.438564,33.406938],[112.438467,33.40718],[112.438462,33.407294],[112.438518,33.40755],[112.438438,33.4078],[112.438229,33.407984],[112.438052,33.408335],[112.437816,33.408537],[112.437582,33.408546],[112.43711,33.408282],[112.436668,33.408143],[112.436536,33.408141],[112.436158,33.408224],[112.43582,33.408385],[112.43574,33.408391],[112.435665,33.408374],[112.435522,33.408262],[112.435361,33.408042],[112.435257,33.407986],[112.435077,33.40795],[112.43471,33.408009],[112.434586,33.408058],[112.434396,33.408203],[112.434283,33.408385],[112.434114,33.408743],[112.433945,33.409222],[112.433956,33.40954],[112.433859,33.409766],[112.433704,33.409878],[112.433505,33.410089],[112.432937,33.41038],[112.432808,33.41038],[112.432666,33.410283],[112.432561,33.410196],[112.432449,33.410026],[112.432231,33.409889],[112.432078,33.409737],[112.431711,33.40952],[112.431419,33.409511],[112.430083,33.409892],[112.429782,33.409815],[112.429702,33.40971],[112.429608,33.409435],[112.429605,33.409124],[112.429568,33.408929],[112.429595,33.40875],[112.429514,33.408385],[112.429605,33.40819],[112.429683,33.407841],[112.429804,33.407717],[112.429895,33.407507],[112.430002,33.407391],[112.430399,33.407131],[112.430426,33.406983],[112.430544,33.406862],[112.431097,33.406692],[112.431258,33.406623],[112.431526,33.406446],[112.431808,33.406014],[112.431947,33.405355],[112.432078,33.405062],[112.432073,33.404916],[112.432014,33.404724],[112.431853,33.404489],[112.431837,33.404392],[112.431861,33.404305],[112.431987,33.404144],[112.432119,33.403799],[112.43195,33.403351],[112.431939,33.403224],[112.431979,33.402894],[112.43207,33.402547],[112.432215,33.402241],[112.432333,33.401761],[112.432333,33.401417],[112.432199,33.400781],[112.432441,33.400145],[112.432497,33.399858],[112.432483,33.399643],[112.43302,33.398582],[112.433009,33.398434],[112.432805,33.398172],[112.431885,33.397561],[112.43162,33.397484],[112.430938,33.397592],[112.430901,33.397684],[112.430912,33.397926],[112.430963,33.398145],[112.430936,33.398194],[112.43034,33.398313],[112.430198,33.398297],[112.430627,33.398512],[112.430694,33.398611],[112.430694,33.398738],[112.430552,33.399153],[112.430609,33.399619],[112.430587,33.399782],[112.430442,33.400118],[112.43022,33.40046],[112.430155,33.400769],[112.430311,33.401392],[112.430316,33.401903],[112.430048,33.402671],[112.429949,33.40375],[112.429844,33.404036],[112.42975,33.404144],[112.429796,33.404598],[112.429705,33.405405],[112.429638,33.405684],[112.429592,33.405763],[112.42952,33.405803],[112.429372,33.405812],[112.429235,33.405765],[112.429112,33.405653],[112.42905,33.405521],[112.429018,33.405389],[112.429021,33.405196],[112.428997,33.405107],[112.428895,33.404997],[112.428881,33.404827],[112.4289,33.404755],[112.429005,33.404675],[112.429069,33.404478],[112.429029,33.404339],[112.428964,33.404247],[112.428862,33.404164],[112.428728,33.404155],[112.428227,33.404207],[112.428128,33.403969],[112.428028,33.403848],[112.427985,33.403846],[112.427846,33.403918],[112.42776,33.404171],[112.427613,33.404193],[112.427556,33.404231],[112.427377,33.404753],[112.427401,33.404999],[112.427253,33.405387],[112.427199,33.40568],[112.427087,33.405944],[112.426687,33.405794],[112.42644,33.405884],[112.426124,33.40594],[112.425952,33.406034],[112.425177,33.406629],[112.424767,33.40673],[112.424434,33.406938],[112.42415,33.406943],[112.424088,33.406712],[112.424123,33.406486],[112.424104,33.406179],[112.42426,33.405731],[112.424236,33.405111],[112.424327,33.404784],[112.424405,33.404245],[112.42448,33.404097],[112.424853,33.403882],[112.425086,33.403324],[112.425724,33.402597],[112.425815,33.402418],[112.426038,33.401721],[112.426019,33.401538],[112.425963,33.401388],[112.425885,33.401285],[112.425724,33.401168],[112.42562,33.401114],[112.425193,33.401132],[112.424863,33.401031],[112.42441,33.400729],[112.424338,33.40064],[112.424217,33.40001],[112.424303,33.399245],[112.424217,33.399045],[112.423895,33.39903],[112.423726,33.399106],[112.42316,33.399209],[112.423072,33.399278],[112.423018,33.399569],[112.423026,33.399925],[112.423066,33.400154],[112.42195,33.400803],[112.421462,33.401186],[112.421224,33.401466],[112.421071,33.401504],[112.420768,33.400935],[112.420459,33.400772],[112.420253,33.40061],[112.419772,33.40049],[112.419247,33.400463],[112.418724,33.40029],[112.418557,33.400158],[112.418115,33.399643],[112.417683,33.399894],[112.417334,33.400266],[112.416835,33.400955],[112.416701,33.401092],[112.415859,33.401573],[112.415349,33.402001],[112.415189,33.402088],[112.415052,33.402122],[112.414569,33.402084],[112.413925,33.402182],[112.413284,33.402409],[112.412565,33.40244],[112.412386,33.402489],[112.41201,33.402756],[112.411683,33.403058],[112.411382,33.403235],[112.411012,33.403638],[112.410876,33.403727],[112.410758,33.403736],[112.410575,33.403692],[112.410393,33.403598],[112.40972,33.402856],[112.409505,33.402724],[112.409363,33.402684],[112.408746,33.402704],[112.408419,33.402794],[112.408268,33.402883],[112.408054,33.4031],[112.407912,33.403313],[112.407799,33.403546],[112.407619,33.404077],[112.407501,33.404189],[112.407475,33.404278],[112.407499,33.40482],[112.40748,33.40497],[112.407499,33.405234],[112.407582,33.405516],[112.40756,33.405662],[112.407247,33.40587],[112.407075,33.406018],[112.406935,33.406193],[112.406753,33.406708],[112.406748,33.407082],[112.405616,33.407321],[112.405146,33.407561],[112.40498,33.407713],[112.404331,33.408526],[112.403985,33.408882],[112.403703,33.409054],[112.402984,33.408965],[112.402767,33.408906],[112.402598,33.408835],[112.401882,33.408382],[112.401458,33.408255],[112.40123,33.408224],[112.400976,33.408232],[112.400774,33.408275],[112.400251,33.408279],[112.399779,33.408378],[112.399463,33.408494],[112.39909,33.408546],[112.398846,33.408618],[112.398688,33.40858],[112.398285,33.408329],[112.397912,33.408188],[112.397124,33.408],[112.396842,33.407982],[112.396641,33.408011],[112.396295,33.408197],[112.396019,33.408407],[112.39582,33.408456],[112.395405,33.408492],[112.395169,33.408562],[112.394868,33.408833],[112.394514,33.409072],[112.394337,33.409175],[112.393849,33.409352],[112.393575,33.409406],[112.393374,33.409408],[112.393103,33.409356],[112.392505,33.409365],[112.392261,33.40933],[112.391894,33.409372],[112.3918,33.409419],[112.391698,33.409583],[112.391226,33.409914],[112.391006,33.410109],[112.39081,33.410382],[112.390644,33.410534],[112.390456,33.410624],[112.390161,33.410682],[112.389898,33.410626],[112.389058,33.410633],[112.388522,33.410724],[112.388273,33.410805],[112.388004,33.410975],[112.387811,33.41117],[112.387479,33.411557],[112.387353,33.411835],[112.387157,33.412041],[112.386996,33.412142],[112.386827,33.41218],[112.386089,33.412166],[112.385743,33.412294],[112.385572,33.412298],[112.385397,33.412408],[112.385121,33.412516],[112.384874,33.412487],[112.384654,33.412283],[112.384239,33.412092],[112.382967,33.412229],[112.382787,33.412225],[112.382605,33.412511],[112.382503,33.412907],[112.382396,33.413102],[112.382318,33.413167],[112.381859,33.413322],[112.381578,33.413364],[112.381473,33.413348],[112.381224,33.413073],[112.381103,33.413033],[112.380966,33.41304],[112.380682,33.41312],[112.380532,33.41325],[112.380312,33.413366],[112.380041,33.413353],[112.379794,33.413268],[112.379236,33.412972],[112.37911,33.412854],[112.379059,33.412654],[112.37889,33.412457],[112.378732,33.41235],[112.378405,33.412222],[112.377756,33.412157],[112.377431,33.41196],[112.377061,33.411844],[112.377026,33.41235],[112.376777,33.412681],[112.376664,33.412887],[112.37664,33.413149],[112.376235,33.414228],[112.375795,33.414969],[112.375629,33.415184],[112.375546,33.415211],[112.375253,33.415034],[112.375052,33.414952],[112.37495,33.41486],[112.374862,33.414705],[112.374837,33.414497],[112.374915,33.41436],[112.375079,33.414199],[112.375114,33.41376],[112.374972,33.413308],[112.374875,33.413102],[112.374752,33.412959],[112.374634,33.412914],[112.374092,33.412867],[112.373333,33.412563],[112.372759,33.412536],[112.372576,33.412554],[112.372107,33.412507],[112.371863,33.412301],[112.371643,33.412039],[112.371367,33.41192],[112.370999,33.411595],[112.370605,33.411656],[112.370422,33.411763],[112.370296,33.411783],[112.370189,33.411938],[112.369792,33.412247],[112.369717,33.412294],[112.369596,33.412294],[112.369607,33.412025],[112.369706,33.411705],[112.369693,33.411058],[112.369763,33.410857],[112.370036,33.410442],[112.370146,33.409827],[112.370162,33.409665],[112.370052,33.4095],[112.37027,33.409578],[112.370742,33.409885],[112.371184,33.409903],[112.372021,33.410012],[112.372321,33.410001],[112.372697,33.409401],[112.372724,33.408958],[112.372799,33.408833],[112.372984,33.408676],[112.373319,33.408597],[112.373504,33.408586],[112.373561,33.408553],[112.373931,33.40808],[112.374558,33.40778],[112.374647,33.407644],[112.37466,33.40714],[112.374886,33.406849],[112.375135,33.406665],[112.375288,33.406473],[112.375315,33.406374],[112.375277,33.406168],[112.375326,33.405922],[112.375331,33.40559],[112.375267,33.405272],[112.375267,33.405104],[112.375328,33.404881],[112.375175,33.404354],[112.375175,33.404247],[112.375309,33.403893],[112.375114,33.402897],[112.375119,33.402818],[112.375181,33.40276],[112.375194,33.402662],[112.375143,33.401632],[112.375202,33.401508],[112.375275,33.401119],[112.375304,33.400514],[112.375162,33.399795],[112.375012,33.3995],[112.374931,33.399233],[112.375999,33.398152],[112.376656,33.397979],[112.376675,33.397845],[112.37675,33.397746],[112.376938,33.397234],[112.377082,33.397032],[112.377123,33.396913],[112.377107,33.396578],[112.377179,33.396338],[112.377023,33.396125],[112.376854,33.396018],[112.376782,33.395908],[112.37671,33.395742],[112.37671,33.395478],[112.376626,33.395138],[112.376339,33.394576],[112.376278,33.394347],[112.376162,33.394208],[112.37606,33.394157],[112.375926,33.394155],[112.375554,33.394311],[112.375409,33.394311],[112.375216,33.394235],[112.375143,33.394105],[112.375143,33.393839],[112.37502,33.393736],[112.374902,33.393698],[112.374851,33.393628],[112.374827,33.393279],[112.374754,33.393044],[112.374639,33.392853],[112.374312,33.392614],[112.373993,33.392316],[112.373338,33.392336],[112.373209,33.3923],[112.373121,33.392238],[112.37307,33.391595],[112.373115,33.391093],[112.373062,33.390863],[112.373062,33.39061],[112.373233,33.390229],[112.373571,33.389806],[112.3737,33.389568],[112.373464,33.389331],[112.373239,33.389266],[112.373016,33.38927],[112.372378,33.389479],[112.371812,33.389497],[112.371694,33.389373],[112.37164,33.389237],[112.371629,33.388838],[112.371691,33.388383],[112.37182,33.387855],[112.37179,33.387353],[112.371624,33.386791],[112.371326,33.386285],[112.371302,33.385909],[112.371214,33.385884],[112.371147,33.385902],[112.371077,33.385985],[112.370956,33.386014],[112.370857,33.386117],[112.370787,33.386133],[112.370575,33.386379],[112.370428,33.386413],[112.3702,33.38656],[112.370055,33.38654],[112.369771,33.386431],[112.369618,33.386195],[112.369511,33.386099],[112.369714,33.385942],[112.369795,33.385772],[112.369749,33.385434],[112.369752,33.38497],[112.369878,33.384552],[112.369886,33.384426],[112.36984,33.38392],[112.369698,33.383712],[112.36969,33.383589],[112.369859,33.383217],[112.369862,33.383085],[112.369907,33.382979],[112.369993,33.382903],[112.370205,33.382823],[112.370401,33.38263],[112.37053,33.382446],[112.370565,33.382216],[112.370675,33.381947],[112.370581,33.381412],[112.370728,33.381219],[112.370723,33.381125],[112.370991,33.380912],[112.371101,33.380744],[112.371281,33.380236],[112.371283,33.380121],[112.371241,33.379994],[112.371318,33.379705],[112.371313,33.37949],[112.371359,33.379203],[112.371487,33.379091],[112.371643,33.378834],[112.37175,33.378372],[112.371769,33.378088],[112.371745,33.377949],[112.371619,33.377673],[112.371393,33.3774],[112.3712,33.377277],[112.370742,33.377219],[112.3705,33.37714],[112.370004,33.37676],[112.369535,33.376574],[112.369261,33.376513],[112.368888,33.376513],[112.368623,33.376562],[112.368438,33.376524],[112.368381,33.376412],[112.368352,33.376211],[112.368341,33.375707],[112.368183,33.375113],[112.367759,33.374963],[112.367295,33.374945],[112.367212,33.374909],[112.367145,33.374475],[112.367137,33.374043],[112.367343,33.373554],[112.367354,33.373438],[112.367346,33.372047],[112.367322,33.371883],[112.367448,33.371579],[112.367606,33.371339],[112.367732,33.370996],[112.36784,33.370622],[112.367826,33.370295],[112.367781,33.370062],[112.367668,33.369986],[112.367198,33.36993],[112.36704,33.369791],[112.366989,33.369706],[112.366962,33.369486],[112.366984,33.369086],[112.366933,33.368913],[112.366753,33.368743],[112.366726,33.368631],[112.366657,33.368561],[112.366273,33.368523],[112.366093,33.368436],[112.365361,33.368279],[112.365155,33.36836],[112.364793,33.368355],[112.364607,33.368624],[112.364283,33.36892],[112.364074,33.368902],[112.363875,33.368812],[112.363626,33.368754],[112.363417,33.368763],[112.363159,33.368826],[112.363057,33.368947],[112.363089,33.369417],[112.363033,33.369666],[112.362829,33.369883],[112.362716,33.369952],[112.362531,33.369901],[112.362537,33.369607],[112.36251,33.369475],[112.362368,33.3689],[112.362261,33.368644],[112.362148,33.368561],[112.361786,33.368445],[112.361534,33.36821],[112.361134,33.367979],[112.361523,33.367721],[112.361638,33.367513],[112.361611,33.367354],[112.361461,33.367159],[112.360893,33.36678],[112.360241,33.366476],[112.359922,33.366422],[112.359535,33.36625],[112.359157,33.366617],[112.358909,33.367058],[112.358508,33.367627],[112.358194,33.367791],[112.357787,33.367914],[112.357135,33.367842],[112.356652,33.367719],[112.355727,33.36732],[112.355171,33.367244],[112.354681,33.367072],[112.354434,33.366935],[112.353795,33.366948],[112.352993,33.366828],[112.352395,33.36685],[112.3521,33.366924],[112.351647,33.367103],[112.351526,33.367237],[112.351089,33.367916],[112.350813,33.368203],[112.350719,33.368371],[112.350657,33.368543],[112.350665,33.368736],[112.350816,33.369341],[112.350703,33.369968],[112.350394,33.370763],[112.350397,33.371169],[112.350354,33.371323],[112.350067,33.371751],[112.349984,33.372204],[112.349879,33.372295],[112.349568,33.372347],[112.348841,33.372645],[112.348664,33.372656],[112.347841,33.372643],[112.347406,33.372495],[112.346993,33.372407],[112.346317,33.372381],[112.346009,33.372325],[112.345666,33.372217],[112.345274,33.371998],[112.345143,33.371823],[112.34496,33.371655],[112.344724,33.371536],[112.344351,33.371189],[112.34411,33.371016],[112.343641,33.370994],[112.34315,33.370882],[112.342302,33.370875],[112.342104,33.370797],[112.341913,33.37077],[112.341645,33.37086],[112.340972,33.371187],[112.340679,33.371198],[112.340438,33.371153],[112.340076,33.37122],[112.339896,33.371294],[112.339515,33.371527],[112.339153,33.37159],[112.339003,33.371534],[112.338789,33.371245],[112.338512,33.371142],[112.33829,33.371187],[112.338029,33.371375],[112.337909,33.371422],[112.337603,33.371442],[112.337354,33.371408],[112.337075,33.371422],[112.336946,33.37139],[112.336718,33.37148],[112.336294,33.37155],[112.336098,33.371446],[112.336133,33.371144],[112.336077,33.37099],[112.336031,33.370909],[112.335819,33.370734],[112.335699,33.37068],[112.33542,33.370624],[112.334588,33.370277],[112.334403,33.370284],[112.333993,33.370423],[112.33329,33.370318],[112.332839,33.370329],[112.332467,33.370546],[112.332397,33.371104],[112.332367,33.371198],[112.332182,33.37144],[112.331917,33.371666],[112.331429,33.37198],[112.330919,33.372463],[112.330731,33.372701],[112.330699,33.373044],[112.330562,33.37333],[112.330157,33.373586],[112.330063,33.373668],[112.329913,33.373895],[112.329361,33.373767],[112.329055,33.373756],[112.328811,33.373704],[112.328403,33.373516],[112.32773,33.373102],[112.327411,33.372788],[112.327145,33.372656],[112.326708,33.372705],[112.326445,33.372786],[112.325978,33.373053],[112.325493,33.373277],[112.325335,33.373283],[112.324854,33.373097],[112.324656,33.373079],[112.324447,33.373113],[112.324136,33.373599],[112.323723,33.373944],[112.323178,33.374307],[112.322921,33.374403],[112.322636,33.374426],[112.322143,33.374403],[112.321617,33.374576],[112.321502,33.374645],[112.320882,33.375523],[112.320802,33.375736],[112.320676,33.37583],[112.320464,33.37592],[112.319723,33.375761],[112.319241,33.375543],[112.319034,33.375404],[112.318621,33.375286],[112.318439,33.37531],[112.318219,33.375281],[112.317937,33.375344],[112.317631,33.375322],[112.317216,33.375404],[112.316749,33.375729],[112.316604,33.375938],[112.316464,33.376303],[112.31651,33.376876],[112.316585,33.37712],[112.316569,33.377183],[112.316384,33.377425],[112.316223,33.377461],[112.316097,33.377543],[112.315732,33.377582],[112.315582,33.377546],[112.31533,33.377382],[112.315215,33.377342],[112.313941,33.377046],[112.313651,33.377078],[112.313267,33.377237],[112.31305,33.377201],[112.312763,33.37721],[112.312468,33.377268],[112.312076,33.377427],[112.311808,33.377792],[112.311642,33.378195],[112.311449,33.378477],[112.311164,33.379136],[112.311079,33.379226],[112.310958,33.379483],[112.310848,33.379611],[112.310778,33.379763],[112.310303,33.380133],[112.310094,33.380198],[112.30992,33.380189],[112.309729,33.380126],[112.309383,33.379718],[112.309193,33.379586],[112.309105,33.379568],[112.308662,33.379703],[112.307723,33.379808],[112.307602,33.37962],[112.307495,33.379284],[112.307181,33.37882],[112.30691,33.378607],[112.3065,33.378408],[112.306192,33.378065],[112.306049,33.378007],[112.305832,33.377832],[112.305596,33.377741],[112.305473,33.377597],[112.305376,33.377263],[112.305207,33.377035],[112.304952,33.376849],[112.30488,33.376753],[112.304397,33.37678],[112.304137,33.376648],[112.304006,33.376473],[112.30359,33.376067],[112.303542,33.375929],[112.30363,33.37577],[112.303646,33.37564],[112.303295,33.375313],[112.303303,33.3749],[112.303225,33.374735],[112.303153,33.374394],[112.303204,33.373881],[112.303611,33.373819],[112.303823,33.373606],[112.30404,33.373523],[112.304601,33.373453],[112.305003,33.373364],[112.305741,33.373077],[112.306701,33.373068],[112.306782,33.373091],[112.306948,33.373238],[112.307109,33.373247],[112.307442,33.373064],[112.30764,33.37292],[112.307688,33.372851],[112.307712,33.372667],[112.307686,33.372522],[112.307455,33.372204],[112.307248,33.37178],[112.306503,33.370947],[112.306197,33.370763],[112.305854,33.370651],[112.305776,33.370586],[112.305658,33.370362],[112.305604,33.37032],[112.304875,33.369912],[112.304735,33.369749],[112.304671,33.36961],[112.304687,33.368947],[112.304907,33.368284],[112.304832,33.368091],[112.304633,33.367771],[112.304617,33.367589],[112.304802,33.367267],[112.304821,33.366814],[112.304885,33.366388],[112.305087,33.366039],[112.305103,33.365611],[112.305274,33.365369],[112.305341,33.365074],[112.305239,33.364377],[112.305288,33.363741],[112.305221,33.363548],[112.305105,33.363402],[112.304869,33.36329],[112.304499,33.363246],[112.304274,33.36312],[112.303491,33.362874],[112.302667,33.36291],[112.302418,33.363048],[112.302123,33.36312],[112.301935,33.36321],[112.301728,33.36323],[112.30146,33.363069],[112.301176,33.36282],[112.300851,33.362262],[112.30068,33.361897],[112.300275,33.361577],[112.30017,33.361467],[112.300116,33.36135],[112.299679,33.361624],[112.299111,33.361834],[112.298639,33.362099],[112.29815,33.362298],[112.297668,33.362582],[112.29744,33.3628],[112.29704,33.362455],[112.296605,33.362493],[112.296418,33.362484],[112.296254,33.362432],[112.295921,33.362204],[112.29575,33.362002],[112.295661,33.361796],[112.295463,33.361503],[112.29509,33.361216],[112.294747,33.360813],[112.294832,33.360566],[112.295052,33.360268],[112.295111,33.360067],[112.295095,33.359901],[112.295044,33.359789],[112.294674,33.35948],[112.29435,33.359137],[112.294296,33.359005],[112.294229,33.358736],[112.294344,33.358062],[112.294334,33.357936],[112.294218,33.357838],[112.293883,33.357717],[112.293735,33.357582],[112.293347,33.357784],[112.293269,33.357882],[112.293239,33.358001],[112.293129,33.358138],[112.293046,33.358167],[112.292657,33.358178],[112.292547,33.358283],[112.292475,33.358516],[112.292421,33.358581],[112.292166,33.358738],[112.29133,33.359059],[112.290978,33.359312],[112.290723,33.359697],[112.290651,33.359751],[112.290286,33.359843],[112.289876,33.360015],[112.289742,33.36015],[112.289503,33.36025],[112.289371,33.360342],[112.2892,33.360533],[112.288948,33.360725],[112.288781,33.36079],[112.288615,33.360777],[112.288178,33.360613],[112.28788,33.360564],[112.287577,33.360448],[112.287226,33.360172],[112.286917,33.359979],[112.286807,33.359946],[112.286233,33.359923],[112.286131,33.359849],[112.285936,33.359596],[112.285665,33.359413],[112.285206,33.359204],[112.284943,33.358985],[112.284758,33.358893],[112.284506,33.3587],[112.284251,33.358588],[112.283522,33.358174],[112.283401,33.357941],[112.28331,33.357838],[112.283323,33.357589],[112.283173,33.35741],[112.282363,33.356881],[112.281982,33.356787],[112.281746,33.356691],[112.281446,33.35644],[112.281333,33.356227],[112.28133,33.356097],[112.281277,33.355927],[112.281161,33.355808],[112.280646,33.355718],[112.280319,33.355543],[112.279394,33.355241],[112.279128,33.355113],[112.278946,33.354965],[112.278356,33.354755],[112.27824,33.354665],[112.278152,33.354764],[112.277792,33.354999],[112.277723,33.355136],[112.27769,33.355373],[112.277607,33.35553],[112.277221,33.355989],[112.277133,33.356164],[112.27699,33.356325],[112.276387,33.356843],[112.276274,33.356769],[112.276022,33.356749],[112.275743,33.35685],[112.27544,33.357009],[112.275081,33.357354],[112.274837,33.357873],[112.274745,33.357927],[112.274571,33.357965],[112.274247,33.358315],[112.273807,33.358628],[112.273064,33.358991],[112.273015,33.35918],[112.27301,33.359359],[112.273015,33.359464],[112.273128,33.359731],[112.27316,33.360064],[112.273123,33.360268],[112.27304,33.360367],[112.272766,33.360495],[112.272608,33.360685],[112.272474,33.360925],[112.27235,33.360983],[112.272066,33.36079],[112.271441,33.359968],[112.271411,33.359807],[112.271425,33.359374],[112.271366,33.359211],[112.271293,33.359112],[112.270786,33.358906],[112.270263,33.358622],[112.270153,33.358525],[112.270073,33.358301],[112.269934,33.358145],[112.269647,33.358313],[112.269373,33.358373],[112.269145,33.358342],[112.269014,33.358245],[112.268928,33.358026],[112.26874,33.357853],[112.268641,33.357656],[112.268627,33.357558],[112.268678,33.35715],[112.268659,33.357011],[112.268541,33.35678],[112.268504,33.356639],[112.268563,33.356352],[112.268552,33.35624],[112.268389,33.356079],[112.268268,33.356032],[112.267748,33.356039],[112.267367,33.356135],[112.267131,33.356119],[112.266777,33.356],[112.266339,33.355604],[112.26616,33.355555],[112.265913,33.355579],[112.2658,33.355629],[112.265516,33.355904],[112.265376,33.355969],[112.264942,33.355783],[112.264287,33.355792],[112.264105,33.355658],[112.263915,33.355234],[112.26374,33.355293],[112.263064,33.355756],[112.2627,33.355918],[112.262383,33.35596],[112.261949,33.355922],[112.261868,33.355956],[112.261042,33.356525],[112.260618,33.356699],[112.260522,33.356697],[112.260007,33.356464],[112.259824,33.356294],[112.259773,33.356054],[112.259803,33.355667],[112.259746,33.355349],[112.259736,33.354939],[112.259677,33.354762],[112.259569,33.354723],[112.25921,33.355187],[112.259124,33.35525],[112.258848,33.355147],[112.258644,33.355129],[112.257941,33.355194],[112.257858,33.355169],[112.257306,33.354786],[112.257067,33.35469],[112.256708,33.354717],[112.256193,33.354939],[112.255737,33.355221],[112.255632,33.355387],[112.255517,33.355454],[112.255436,33.355454],[112.255391,33.35542],[112.255238,33.35521],[112.25513,33.355129],[112.254782,33.355145],[112.25461,33.355266],[112.25454,33.355279],[112.254473,33.355272],[112.254216,33.355095],[112.253768,33.355095],[112.253446,33.355194],[112.25325,33.355364],[112.252936,33.355517],[112.252507,33.355573],[112.252236,33.35577],[112.251963,33.355884],[112.251869,33.355974],[112.251593,33.356054],[112.251365,33.356027],[112.251123,33.355857],[112.250943,33.355783],[112.250697,33.355772],[112.250386,33.355642],[112.249774,33.355682],[112.249364,33.355474],[112.249227,33.35538],[112.249079,33.355205],[112.248784,33.355012],[112.248159,33.35501],[112.247832,33.354847],[112.247473,33.35456],[112.247365,33.354394],[112.247277,33.354119],[112.247234,33.35408],[112.246923,33.353993],[112.246885,33.353953],[112.246842,33.353852],[112.246376,33.353267],[112.246038,33.353171],[112.245641,33.353193],[112.245238,33.353173],[112.244959,33.353021],[112.244458,33.352243],[112.24409,33.351813],[112.243865,33.351616],[112.243597,33.351226],[112.243447,33.350854],[112.242967,33.350415],[112.242934,33.350106],[112.242967,33.349974],[112.242967,33.349635],[112.242854,33.349398],[112.24291,33.349071],[112.242639,33.348842],[112.242481,33.348246],[112.242138,33.347695],[112.24173,33.347276],[112.241561,33.346893],[112.240907,33.346373],[112.240606,33.346026],[112.240351,33.345999],[112.239952,33.345826],[112.23919,33.345331],[112.239043,33.345215],[112.238895,33.34504],[112.238734,33.344332],[112.238608,33.344029],[112.238549,33.343783],[112.238345,33.343341],[112.238281,33.34327],[112.237913,33.343055],[112.237876,33.343001],[112.237857,33.342826],[112.237927,33.34262],[112.237742,33.34191],[112.237385,33.341585],[112.236907,33.341341],[112.236612,33.341085],[112.236328,33.340446],[112.235971,33.340171],[112.23591,33.340014],[112.235931,33.33979],[112.235864,33.33968],[112.235856,33.339534],[112.235805,33.339487],[112.235666,33.339382],[112.235494,33.339342],[112.23473,33.339353],[112.234378,33.339198],[112.234335,33.33916],[112.234188,33.338757],[112.234075,33.338575],[112.233622,33.338309],[112.233555,33.337973],[112.233871,33.337403],[112.234113,33.33646],[112.23404,33.335557],[112.233992,33.335427],[112.233756,33.335084],[112.233748,33.334638],[112.233619,33.334096],[112.233523,33.334015],[112.23319,33.333874],[112.233075,33.333861],[112.232753,33.333491],[112.232699,33.333303],[112.232892,33.332292],[112.232943,33.332171],[112.232932,33.332025],[112.232806,33.331763],[112.232578,33.331409],[112.231784,33.330694],[112.231307,33.331012],[112.230677,33.33099],[112.230266,33.330878],[112.229649,33.330542],[112.229204,33.330403],[112.228796,33.330407],[112.227847,33.330674],[112.226935,33.331026],[112.226219,33.331003],[112.225473,33.331153],[112.224693,33.331362],[112.223743,33.331528],[112.222542,33.330869],[112.221477,33.33008],[112.220838,33.329509],[112.220487,33.329728],[112.219806,33.329542],[112.219446,33.329504],[112.219047,33.329544],[112.218851,33.329302],[112.218414,33.329146],[112.21755,33.328679],[112.216976,33.328413],[112.216351,33.328202],[112.215876,33.32809],[112.214535,33.327899],[112.213626,33.327913],[112.213183,33.327953],[112.212878,33.328094],[112.21233,33.328579],[112.211915,33.328621]]]}},{"type":"Feature","properties":{"regionCode":"411321300","sourceCode":"411321300000","name":"城郊乡","sourceName":"城郊乡","parentCode":"411321","parentName":"南召县","regionLevel":"township","regionType":"township","isManagementZone":false,"source":"ruiduobao","sourceVersion":"mixed-legacy~2018-2020","geometryRepaired":false,"match2020":true,"match2023":true},"geometry":{"type":"Polygon","coordinates":[[[112.498731,33.36506],[112.498562,33.365114],[112.497068,33.365902],[112.496682,33.366185],[112.496325,33.366648],[112.495556,33.367797],[112.494823,33.369036],[112.494622,33.369276],[112.494062,33.370136],[112.493818,33.370394],[112.493203,33.371267],[112.493045,33.371438],[112.492637,33.372094],[112.492412,33.37262],[112.49227,33.373066],[112.492184,33.373227],[112.491999,33.373832],[112.491851,33.374188],[112.491449,33.375559],[112.491025,33.376211],[112.490368,33.37688],[112.490129,33.377219],[112.489727,33.377575],[112.489134,33.378285],[112.488359,33.378961],[112.487547,33.379893],[112.486948,33.380415],[112.486849,33.380534],[112.486503,33.380742],[112.485959,33.381143],[112.485114,33.381584],[112.483794,33.381956],[112.483464,33.382081],[112.483322,33.382101],[112.4823,33.382475],[112.481729,33.382838],[112.48163,33.383004],[112.481469,33.383118],[112.481241,33.3834],[112.480651,33.383918],[112.480101,33.384547],[112.479642,33.385174],[112.478937,33.386321],[112.478776,33.386616],[112.478695,33.386876],[112.47854,33.387055],[112.478218,33.387575],[112.47833,33.38798],[112.478438,33.388746],[112.47866,33.392217],[112.478711,33.393592],[112.478784,33.394065],[112.478786,33.395113],[112.478701,33.395581],[112.478615,33.396716],[112.478682,33.397352],[112.478658,33.397923],[112.478542,33.398497],[112.478389,33.39885],[112.476995,33.40107],[112.476592,33.401589],[112.476211,33.402014],[112.475895,33.402494],[112.47556,33.403103],[112.475163,33.403723],[112.474986,33.403931],[112.474658,33.404263],[112.474256,33.40454],[112.473623,33.404943],[112.473132,33.405203],[112.472904,33.40529],[112.471078,33.405658],[112.469919,33.406002],[112.469541,33.406177],[112.469031,33.40632],[112.46831,33.406645],[112.466845,33.407214],[112.463404,33.408438],[112.463007,33.40868],[112.46254,33.409056],[112.462114,33.409227],[112.46187,33.409383],[112.461569,33.409486],[112.461044,33.409728],[112.460808,33.409871],[112.460454,33.410183],[112.460124,33.410348],[112.459968,33.410384],[112.45959,33.410604],[112.45926,33.410857],[112.459099,33.410919],[112.45834,33.411573],[112.458222,33.411732],[112.457868,33.41207],[112.457809,33.412234],[112.457667,33.412446],[112.457514,33.413447],[112.457822,33.414421],[112.458058,33.414857],[112.45856,33.415518],[112.458946,33.415961],[112.459206,33.416366],[112.45996,33.417197],[112.460429,33.417674],[112.461011,33.418131],[112.461382,33.418363],[112.461819,33.418757],[112.462256,33.419411],[112.461982,33.419875],[112.461816,33.420228],[112.461752,33.420575],[112.461414,33.421298],[112.461111,33.422463],[112.460979,33.422736],[112.460826,33.423168],[112.4604,33.424014],[112.460016,33.424482],[112.459641,33.424813],[112.459378,33.42512],[112.459217,33.425234],[112.458812,33.425695],[112.458034,33.426456],[112.457066,33.427258],[112.456749,33.42741],[112.456586,33.427524],[112.456374,33.427587],[112.455886,33.42792],[112.455357,33.42816],[112.454979,33.428283],[112.454647,33.428451],[112.454402,33.428473],[112.454051,33.428637],[112.453788,33.428699],[112.453244,33.429008],[112.452611,33.429261],[112.450763,33.429792],[112.450859,33.429904],[112.450883,33.430098],[112.451034,33.430615],[112.451047,33.43081],[112.451031,33.431361],[112.450862,33.432386],[112.450827,33.432467],[112.450604,33.432711],[112.449757,33.433087],[112.449609,33.433301],[112.449448,33.434741],[112.449467,33.434931],[112.449588,33.435101],[112.449481,33.435269],[112.449427,33.435634],[112.449304,33.435983],[112.449196,33.436748],[112.449049,33.437176],[112.449009,33.437619],[112.448732,33.438286],[112.448657,33.438649],[112.448722,33.438924],[112.448856,33.439284],[112.449033,33.439638],[112.449199,33.440289],[112.449438,33.440842],[112.449553,33.440972],[112.4498,33.441135],[112.450108,33.4415],[112.450317,33.441977],[112.450403,33.442333],[112.450564,33.442778],[112.450663,33.442939],[112.450905,33.443163],[112.45102,33.44336],[112.4501,33.44372],[112.449462,33.443835],[112.449483,33.443908],[112.449714,33.444005],[112.44977,33.444139],[112.45002,33.443955],[112.450151,33.443913],[112.450317,33.443801],[112.450717,33.443615],[112.450937,33.443564],[112.451237,33.4436],[112.451401,33.443803],[112.451503,33.443897],[112.451562,33.443908],[112.451629,33.443888],[112.451597,33.443644],[112.451651,33.443586],[112.45257,33.443564],[112.45263,33.443541],[112.452662,33.443407],[112.452557,33.44338],[112.452294,33.443353],[112.451669,33.443447],[112.451492,33.4434],[112.451235,33.443203],[112.450983,33.442733],[112.450945,33.44257],[112.450722,33.442382],[112.450639,33.442194],[112.45046,33.441979],[112.450347,33.441773],[112.450234,33.441301],[112.450248,33.440997],[112.450572,33.440791],[112.450854,33.44071],[112.450808,33.44067],[112.450234,33.440652],[112.449883,33.440576],[112.449644,33.440459],[112.449507,33.440327],[112.449325,33.439922],[112.449306,33.439466],[112.449062,33.438832],[112.448982,33.438427],[112.449188,33.437586],[112.449405,33.437129],[112.449446,33.436981],[112.449607,33.436766],[112.449768,33.436399],[112.449776,33.436205],[112.44987,33.436102],[112.450047,33.436348],[112.450103,33.436352],[112.449977,33.435972],[112.449996,33.435929],[112.4501,33.435916],[112.450148,33.435737],[112.450599,33.435553],[112.451149,33.435446],[112.451245,33.435453],[112.451803,33.435526],[112.452192,33.435891],[112.452442,33.43599],[112.452549,33.435945],[112.452587,33.435849],[112.452426,33.435397],[112.452275,33.435247],[112.452104,33.434976],[112.451787,33.434627],[112.451691,33.434412],[112.451624,33.434062],[112.451675,33.43396],[112.451755,33.433924],[112.451956,33.433937],[112.452053,33.433991],[112.452737,33.434662],[112.453018,33.434989],[112.453265,33.435347],[112.453364,33.43567],[112.453445,33.435824],[112.45345,33.436487],[112.4533,33.437415],[112.452903,33.438371],[112.452823,33.43864],[112.452557,33.439206],[112.452235,33.439645],[112.452219,33.439743],[112.452273,33.439976],[112.452565,33.440242],[112.452691,33.440486],[112.452613,33.441082],[112.452511,33.441404],[112.452364,33.441637],[112.45252,33.442118],[112.452584,33.442212],[112.45333,33.442664],[112.453582,33.442888],[112.453659,33.443183],[112.453657,33.44332],[112.453558,33.443756],[112.453413,33.443821],[112.452933,33.443886],[112.452734,33.443875],[112.452321,33.44396],[112.451908,33.444157],[112.451551,33.444141],[112.451141,33.444309],[112.450972,33.444546],[112.450889,33.444741],[112.45079,33.445148],[112.450519,33.445849],[112.450494,33.446102],[112.450553,33.446422],[112.450629,33.446637],[112.450779,33.446811],[112.451114,33.446809],[112.451396,33.44674],[112.451667,33.446825],[112.452233,33.446885],[112.453431,33.446446],[112.453761,33.446525],[112.454107,33.44652],[112.454523,33.446462],[112.455679,33.446173],[112.455813,33.446185],[112.45587,33.446285],[112.455175,33.446764],[112.455086,33.446686],[112.454877,33.446742],[112.454786,33.446941],[112.454494,33.447286],[112.454188,33.447518],[112.454062,33.447682],[112.453871,33.447812],[112.453732,33.447991],[112.453761,33.44815],[112.452938,33.44872],[112.451656,33.449112],[112.45131,33.449255],[112.451109,33.44941],[112.450704,33.448984],[112.450621,33.448808],[112.450301,33.448622],[112.450309,33.448347],[112.45017,33.448056],[112.450307,33.447796],[112.450352,33.447619],[112.450368,33.447214],[112.450339,33.44701],[112.449717,33.446366],[112.449526,33.446245],[112.449558,33.446596],[112.449489,33.446869],[112.449328,33.447024],[112.449306,33.447089],[112.448925,33.44753],[112.448684,33.447877],[112.448598,33.44802],[112.448456,33.448423],[112.448367,33.448568],[112.448244,33.448937],[112.44837,33.449172],[112.448367,33.449351],[112.448116,33.449598],[112.447869,33.449712],[112.447289,33.449736],[112.447024,33.449783],[112.446986,33.449817],[112.446863,33.450224],[112.446774,33.450358],[112.447126,33.450864],[112.44716,33.451072],[112.447292,33.451296],[112.447346,33.451453],[112.447335,33.451632],[112.44726,33.451762],[112.447179,33.452106],[112.447182,33.452769],[112.447053,33.453107],[112.446986,33.453509],[112.446796,33.453637],[112.446672,33.453991],[112.446485,33.454013],[112.446439,33.454044],[112.446409,33.454127],[112.446431,33.4544],[112.44619,33.454492],[112.446144,33.454543],[112.445999,33.454924],[112.446004,33.455047],[112.445932,33.455275],[112.445967,33.455396],[112.445913,33.455479],[112.445758,33.455528],[112.44553,33.455687],[112.445098,33.455808],[112.444175,33.45617],[112.443545,33.456349],[112.4434,33.456309],[112.44307,33.456137],[112.442512,33.455993],[112.442054,33.455801],[112.441922,33.4557],[112.441745,33.455465],[112.441217,33.455011],[112.440774,33.454716],[112.440425,33.454317],[112.440157,33.454118],[112.439744,33.454109],[112.43876,33.454579],[112.438754,33.455208],[112.438803,33.455297],[112.438736,33.455329],[112.438392,33.455911],[112.43817,33.455776],[112.437939,33.455544],[112.437749,33.4553],[112.437644,33.455071],[112.437612,33.454617],[112.437703,33.454467],[112.437652,33.454008],[112.437443,33.453227],[112.437373,33.453158],[112.437239,33.453104],[112.437059,33.453095],[112.436955,33.453057],[112.436724,33.452798],[112.43659,33.452458],[112.436469,33.452348],[112.436059,33.452169],[112.435817,33.451956],[112.435238,33.451737],[112.435045,33.451618],[112.434745,33.451151],[112.434401,33.450786],[112.434393,33.450723],[112.434275,33.450573],[112.434023,33.450309],[112.433985,33.450188],[112.433723,33.450032],[112.433422,33.449942],[112.43284,33.44996],[112.432607,33.450023],[112.432387,33.450027],[112.432323,33.450256],[112.432255,33.450325],[112.432162,33.450352],[112.431735,33.45024],[112.431588,33.449985],[112.43147,33.449971],[112.431217,33.450034],[112.430595,33.450101],[112.430169,33.450092],[112.429978,33.450043],[112.429884,33.450298],[112.429656,33.450439],[112.429659,33.450551],[112.429522,33.450996],[112.429192,33.45148],[112.42912,33.451793],[112.429058,33.451894],[112.428908,33.451914],[112.428543,33.451865],[112.428404,33.451903],[112.428262,33.451891],[112.42765,33.452057],[112.427025,33.452142],[112.42691,33.452131],[112.426727,33.452189],[112.426585,33.452173],[112.426883,33.451359],[112.427218,33.45107],[112.427307,33.450907],[112.427304,33.450788],[112.42709,33.450401],[112.426977,33.450352],[112.426711,33.450112],[112.42599,33.449342],[112.42566,33.44909],[112.425494,33.449083],[112.425145,33.449195],[112.424305,33.44915],[112.423806,33.449237],[112.423348,33.449423],[112.42305,33.449582],[112.422885,33.449741],[112.422637,33.449862],[112.422468,33.449868],[112.422248,33.449788],[112.42198,33.449792],[112.421693,33.449727],[112.421106,33.44977],[112.420778,33.45009],[112.420591,33.450193],[112.419984,33.450833],[112.41977,33.45101],[112.419649,33.451169],[112.419008,33.451762],[112.418812,33.451887],[112.418246,33.452082],[112.41804,33.4522],[112.41794,33.452305],[112.417737,33.452323],[112.417533,33.452489],[112.417372,33.452552],[112.416803,33.452894],[112.416519,33.453019],[112.415478,33.453324],[112.414727,33.45344],[112.414416,33.453449],[112.414255,33.453422],[112.413965,33.453451],[112.413464,33.453653],[112.413032,33.453729],[112.412957,33.453726],[112.412622,33.453552],[112.412434,33.45355],[112.412273,33.453684],[112.412075,33.453928],[112.411863,33.454367],[112.411777,33.45446],[112.411533,33.454664],[112.411232,33.454832],[112.41105,33.455033],[112.410446,33.455975],[112.409829,33.456419],[112.409502,33.45658],[112.409183,33.456842],[112.408901,33.457307],[112.408754,33.45771],[112.408593,33.457853],[112.408327,33.458195],[112.408183,33.458294],[112.407622,33.458395],[112.406791,33.458493],[112.40678,33.458773],[112.406828,33.458983],[112.406938,33.459144],[112.406962,33.459296],[112.406938,33.459419],[112.406694,33.459641],[112.406608,33.459668],[112.406525,33.459784],[112.406493,33.460364],[112.406546,33.460863],[112.406528,33.461109],[112.406152,33.461444],[112.406082,33.461547],[112.406082,33.461769],[112.405997,33.461899],[112.405613,33.462246],[112.405409,33.46236],[112.405213,33.4624],[112.404862,33.462355],[112.404605,33.462422],[112.404108,33.462702],[112.403939,33.462937],[112.403658,33.463129],[112.403178,33.46319],[112.403001,33.463185],[112.402676,33.463107],[112.402421,33.463161],[112.401906,33.463669],[112.401807,33.464],[112.401837,33.464483],[112.401928,33.46464],[112.401633,33.464857],[112.401335,33.465125],[112.401201,33.465293],[112.401139,33.465519],[112.401145,33.465669],[112.401246,33.465801],[112.401367,33.465812],[112.401504,33.46568],[112.401544,33.465544],[112.401595,33.465488],[112.401689,33.465463],[112.401906,33.465488],[112.402024,33.4656],[112.402156,33.465969],[112.402228,33.466045],[112.402684,33.466293],[112.402738,33.466396],[112.402467,33.466394],[112.402325,33.466428],[112.402196,33.466506],[112.402177,33.466598],[112.402134,33.466624],[112.401823,33.466689],[112.401665,33.466754],[112.40126,33.467032],[112.401118,33.467202],[112.400962,33.467264],[112.400844,33.467426],[112.400868,33.467459],[112.400718,33.467517],[112.400571,33.467658],[112.400549,33.467757],[112.400742,33.467951],[112.40079,33.467956],[112.400938,33.467871],[112.400951,33.468079],[112.401488,33.467851],[112.401592,33.467694],[112.402003,33.467439],[112.402912,33.467363],[112.402917,33.467681],[112.402979,33.468092],[112.402858,33.468164],[112.4017,33.468488],[112.401582,33.468965],[112.401453,33.469146],[112.401633,33.469392],[112.401794,33.469719],[112.402008,33.469862],[112.402089,33.470055],[112.402091,33.470137],[112.401938,33.470435],[112.401826,33.47052],[112.401708,33.470744],[112.401643,33.471039],[112.401796,33.471513],[112.401778,33.472082],[112.401555,33.47278],[112.401496,33.472901],[112.401375,33.473015],[112.401241,33.473084],[112.401158,33.472874],[112.400967,33.472607],[112.40064,33.472308],[112.400222,33.471697],[112.399766,33.471256],[112.399691,33.471117],[112.399516,33.470952],[112.399452,33.470916],[112.39883,33.470829],[112.398503,33.470726],[112.398387,33.470737],[112.398189,33.470889],[112.397875,33.47103],[112.397502,33.47112],[112.39721,33.471319],[112.397167,33.471518],[112.397033,33.471533],[112.396901,33.47148],[112.396778,33.471299],[112.396641,33.471307],[112.396451,33.471426],[112.396384,33.471511],[112.396389,33.471688],[112.396123,33.47171],[112.395954,33.471652],[112.395772,33.47152],[112.395576,33.471272],[112.395456,33.471272],[112.39519,33.471375],[112.395147,33.471406],[112.395134,33.471471],[112.395257,33.472048],[112.39522,33.472113],[112.394911,33.47235],[112.394865,33.472422],[112.394557,33.472628],[112.39424,33.472719],[112.393066,33.473267],[112.392921,33.473305],[112.392741,33.472435],[112.392223,33.472529],[112.391419,33.472531],[112.3914,33.472422],[112.391135,33.471943],[112.391067,33.471428],[112.391092,33.471231],[112.391081,33.470867],[112.391116,33.470663],[112.391236,33.470191],[112.391314,33.470008],[112.390609,33.469795],[112.390585,33.469961],[112.390217,33.470677],[112.390137,33.470634],[112.389952,33.470386],[112.389941,33.469817],[112.389085,33.469748],[112.388812,33.469851],[112.388396,33.469925],[112.388262,33.469976],[112.387315,33.470674],[112.3872,33.470699],[112.386572,33.471017],[112.386599,33.471943],[112.386545,33.472247],[112.386443,33.472507],[112.386087,33.472992],[112.385837,33.473216],[112.384681,33.474021],[112.384268,33.474265],[112.383667,33.474563],[112.383477,33.47469],[112.383257,33.474928],[112.382538,33.475355],[112.382361,33.475529],[112.382154,33.475838],[112.382004,33.476154],[112.381798,33.476364],[112.381414,33.47661],[112.380859,33.477037],[112.380778,33.47735],[112.380682,33.477543],[112.380569,33.477675],[112.380164,33.477932],[112.380014,33.47799],[112.379636,33.478252],[112.379622,33.478366],[112.379732,33.478541],[112.379746,33.47863],[112.379622,33.478793],[112.37893,33.4791],[112.378791,33.47936],[112.378542,33.479527],[112.378255,33.4798],[112.378048,33.479941],[112.377774,33.480315],[112.377691,33.480926],[112.37778,33.481129],[112.377782,33.48121],[112.377667,33.48138],[112.377474,33.481507],[112.376962,33.48165],[112.376648,33.481798],[112.376412,33.481854],[112.376154,33.482024],[112.375747,33.482004],[112.375433,33.482089],[112.375159,33.482212],[112.374634,33.482339],[112.37436,33.482545],[112.374285,33.482666],[112.374167,33.482758],[112.373212,33.482881],[112.373056,33.483004],[112.37285,33.483297],[112.372549,33.483601],[112.372321,33.483946],[112.372026,33.48429],[112.371908,33.484357],[112.370935,33.484682],[112.370688,33.484883],[112.370283,33.484896],[112.370101,33.484995],[112.369798,33.485095],[112.369739,33.485174],[112.369688,33.485532],[112.36954,33.485755],[112.369481,33.485981],[112.369395,33.486145],[112.369293,33.486232],[112.369079,33.486292],[112.36877,33.48661],[112.368365,33.486749],[112.367464,33.486867],[112.367384,33.486939],[112.367282,33.487077],[112.36722,33.487469],[112.367139,33.487639],[112.366815,33.487851],[112.366624,33.488033],[112.366506,33.488104],[112.366126,33.488225],[112.366077,33.488283],[112.365898,33.489084],[112.365637,33.489663],[112.365522,33.49005],[112.365431,33.49022],[112.365297,33.490359],[112.365055,33.490511],[112.36468,33.490894],[112.364278,33.491133],[112.364039,33.491214],[112.363899,33.491348],[112.363873,33.491457],[112.363899,33.491735],[112.363878,33.491882],[112.3638,33.492068],[112.363744,33.492146],[112.363218,33.492536],[112.363105,33.492668],[112.362993,33.492929],[112.362845,33.493162],[112.36273,33.493316],[112.362456,33.493576],[112.362207,33.493969],[112.362094,33.494209],[112.362016,33.494506],[112.361842,33.494851],[112.361096,33.495799],[112.360756,33.496094],[112.36052,33.49628],[112.359659,33.496571],[112.359525,33.496591],[112.359307,33.496707],[112.359211,33.496794],[112.359071,33.49685],[112.35854,33.496828],[112.35817,33.496747],[112.357489,33.496732],[112.356853,33.496837],[112.356204,33.496888],[112.356105,33.496985],[112.356234,33.497336],[112.356234,33.497526],[112.35614,33.497602],[112.355552,33.497796],[112.355378,33.497993],[112.355324,33.498148],[112.355222,33.498217],[112.354941,33.498157],[112.354665,33.497975],[112.354372,33.497843],[112.354029,33.497573],[112.353857,33.497363],[112.353739,33.497092],[112.35364,33.496669],[112.353624,33.49643],[112.353651,33.496121],[112.353616,33.495976],[112.353624,33.495757],[112.353801,33.495575],[112.354353,33.495146],[112.355161,33.494728],[112.355638,33.494368],[112.355796,33.49411],[112.356124,33.493918],[112.356427,33.493605],[112.356832,33.493287],[112.356896,33.493119],[112.357355,33.492558],[112.35747,33.492328],[112.357221,33.492211],[112.356829,33.492142],[112.355762,33.49218],[112.355593,33.492135],[112.355027,33.491788],[112.354525,33.491661],[112.354308,33.491558],[112.354383,33.491878],[112.354359,33.491945],[112.354308,33.491952],[112.354015,33.491818],[112.353814,33.491674],[112.353533,33.491556],[112.353369,33.491524],[112.35232,33.491607],[112.351698,33.49158],[112.351497,33.491507],[112.35154,33.491149],[112.351524,33.491037],[112.351424,33.490806],[112.351242,33.490513],[112.35125,33.490281],[112.351151,33.490084],[112.351121,33.489898],[112.35114,33.489791],[112.351301,33.48952],[112.351438,33.489178],[112.351499,33.488851],[112.351395,33.488693],[112.351258,33.488585],[112.350625,33.488666],[112.350459,33.488639],[112.35025,33.48854],[112.350161,33.488547],[112.34982,33.488737],[112.349579,33.488793],[112.34934,33.488695],[112.34915,33.488663],[112.348946,33.488702],[112.348364,33.488686],[112.348023,33.488748],[112.348037,33.488346],[112.348018,33.488256],[112.34794,33.48818],[112.347921,33.488111],[112.347988,33.48803],[112.348082,33.487997],[112.3482,33.487898],[112.348257,33.487818],[112.348324,33.487693],[112.348369,33.487395],[112.348238,33.486487],[112.348243,33.486138],[112.348149,33.485872],[112.348093,33.485248],[112.347959,33.485008],[112.347868,33.484959],[112.347728,33.484912],[112.347122,33.484852],[112.346918,33.484717],[112.346854,33.48457],[112.346827,33.484109],[112.346394,33.483832],[112.346269,33.483722],[112.346132,33.483525],[112.34621,33.48304],[112.346221,33.48274],[112.346376,33.482433],[112.346419,33.482058],[112.346661,33.481543],[112.346669,33.481362],[112.346505,33.481194],[112.346398,33.481136],[112.345743,33.481033],[112.345288,33.480876],[112.344958,33.480585],[112.344885,33.480478],[112.344877,33.4804],[112.34492,33.480272],[112.345033,33.480129],[112.345322,33.479841],[112.345655,33.47959],[112.345853,33.479382],[112.345982,33.479078],[112.345998,33.478921],[112.345945,33.478702],[112.345864,33.47857],[112.344807,33.478348],[112.344655,33.478292],[112.34352,33.477612],[112.343281,33.477384],[112.34301,33.476731],[112.342651,33.476406],[112.341838,33.476937],[112.341683,33.47701],[112.340741,33.477299],[112.340352,33.477494],[112.340135,33.477559],[112.339765,33.477594],[112.339593,33.477427],[112.339129,33.476688],[112.338839,33.47635],[112.338721,33.475948],[112.338593,33.475688],[112.338461,33.475084],[112.33848,33.474426],[112.33844,33.474348],[112.338236,33.474174],[112.337941,33.474048],[112.337579,33.47403],[112.336662,33.474196],[112.336364,33.474281],[112.336128,33.474292],[112.335602,33.474122],[112.335463,33.474046],[112.33532,33.473869],[112.335111,33.473453],[112.334937,33.473205],[112.334787,33.473142],[112.334296,33.472782],[112.333389,33.472191],[112.333059,33.471927],[112.332931,33.47178],[112.332633,33.471578],[112.332298,33.471296],[112.332196,33.471169],[112.331807,33.471019],[112.331686,33.47073],[112.33105,33.470533],[112.330425,33.470457],[112.329841,33.470269],[112.328518,33.469981],[112.328414,33.469974],[112.3281,33.470061],[112.327386,33.470068],[112.326941,33.470117],[112.325884,33.470077],[112.324876,33.469873],[112.324549,33.469775],[112.324463,33.470052],[112.323894,33.470903],[112.323377,33.471486],[112.32284,33.471927],[112.322312,33.472258],[112.321909,33.472428],[112.321354,33.472724],[112.320955,33.472867],[112.320552,33.473057],[112.320123,33.473312],[112.320252,33.473424],[112.320898,33.473771],[112.322057,33.474556],[112.322266,33.474816],[112.322733,33.475254],[112.323234,33.475811],[112.323613,33.476075],[112.323709,33.476174],[112.324069,33.476623],[112.324165,33.476849],[112.324401,33.477216],[112.324433,33.477746],[112.324412,33.477778],[112.323422,33.477713],[112.323446,33.477601],[112.323393,33.477364],[112.323336,33.477254],[112.322998,33.476814],[112.322878,33.476713],[112.322558,33.476507],[112.322424,33.476373],[112.321837,33.476031],[112.321354,33.475594],[112.32081,33.47518],[112.320576,33.475042],[112.32026,33.474775],[112.318624,33.473854],[112.317747,33.473892],[112.316711,33.473746],[112.315952,33.473742],[112.315204,33.473842],[112.314702,33.473851],[112.31408,33.473813],[112.313737,33.473829],[112.313675,33.47386],[112.313232,33.47384],[112.312554,33.473737],[112.31246,33.474787],[112.312414,33.474986],[112.312151,33.475536],[112.311958,33.47616],[112.311709,33.476442],[112.311757,33.47676],[112.311856,33.477031],[112.311983,33.477919],[112.312042,33.478149],[112.312047,33.478297],[112.311993,33.478594],[112.312004,33.478747],[112.312063,33.478896],[112.312243,33.479127],[112.312425,33.479639],[112.312487,33.479999],[112.31268,33.480552],[112.31279,33.481398],[112.312844,33.481532],[112.31305,33.481731],[112.313404,33.481964],[112.313608,33.482201],[112.313672,33.48223],[112.313737,33.482203],[112.313951,33.482232],[112.314155,33.482427],[112.314214,33.482585],[112.314005,33.48293],[112.313986,33.483266],[112.314209,33.483899],[112.314533,33.484429],[112.314681,33.484554],[112.314885,33.484816],[112.315083,33.484986],[112.31529,33.485306],[112.315542,33.485796],[112.315931,33.486122],[112.316497,33.48638],[112.316558,33.486435],[112.316642,33.486814],[112.316642,33.486912],[112.316494,33.487124],[112.31633,33.487214],[112.316164,33.487362],[112.315595,33.487983],[112.315469,33.488196],[112.315424,33.488509],[112.315314,33.488608],[112.314836,33.488856],[112.314482,33.489243],[112.314281,33.48952],[112.314201,33.489688],[112.313978,33.490442],[112.313828,33.490567],[112.313737,33.490576],[112.313715,33.490605],[112.31305,33.490636],[112.313002,33.490554],[112.312932,33.490585],[112.312624,33.490815],[112.312023,33.491343],[112.311779,33.491757],[112.311645,33.491885],[112.311586,33.492019],[112.311572,33.492106],[112.311626,33.492236],[112.312146,33.492533],[112.312278,33.492654],[112.312707,33.493204],[112.313128,33.493815],[112.313527,33.494144],[112.313675,33.494303],[112.313755,33.494446],[112.313849,33.494902],[112.31401,33.495193],[112.31405,33.495383],[112.314016,33.49562],[112.313479,33.496215],[112.313391,33.49626],[112.313147,33.496519],[112.312873,33.4967],[112.312626,33.497101],[112.312347,33.497307],[112.31206,33.497394],[112.311991,33.497548],[112.312189,33.497774],[112.312176,33.497919],[112.312103,33.498076],[112.311926,33.498309],[112.311722,33.498483],[112.311548,33.49857],[112.311438,33.498664],[112.311274,33.498908],[112.310727,33.499349],[112.310542,33.499456],[112.310126,33.499619],[112.30974,33.499859],[112.308788,33.500371],[112.307452,33.501404],[112.306924,33.501715],[112.306538,33.502024],[112.306272,33.502187],[112.305878,33.502514],[112.305116,33.502811],[112.304797,33.502892],[112.303005,33.503851],[112.302587,33.503999],[112.302058,33.504126],[112.301511,33.504415],[112.300715,33.504931],[112.30035,33.505057],[112.299958,33.50537],[112.299797,33.505721],[112.299462,33.506003],[112.299046,33.506271],[112.298724,33.506553],[112.298378,33.506966],[112.298207,33.507275],[112.298199,33.507483],[112.298322,33.507772],[112.298504,33.508033],[112.298574,33.508192],[112.298679,33.508639],[112.298673,33.508753],[112.298614,33.508908],[112.298606,33.50921],[112.298542,33.50948],[112.298553,33.510028],[112.298475,33.510498],[112.298488,33.510648],[112.298451,33.510916],[112.298295,33.511187],[112.297925,33.511614],[112.29756,33.511884],[112.297397,33.511951],[112.29723,33.511974],[112.296367,33.511878],[112.296313,33.511958],[112.295938,33.512269],[112.295667,33.512672],[112.295616,33.512857],[112.295133,33.513264],[112.294945,33.513501],[112.294779,33.513622],[112.294685,33.513821],[112.294669,33.513971],[112.294696,33.514087],[112.294599,33.514291],[112.294604,33.514597],[112.294631,33.514709],[112.294752,33.514863],[112.295023,33.515485],[112.295047,33.515612],[112.295034,33.515925],[112.294859,33.516185],[112.294722,33.516321],[112.294436,33.5165],[112.294138,33.516625],[112.294012,33.516721],[112.293698,33.517057],[112.293588,33.517316],[112.293548,33.517526],[112.293577,33.517726],[112.293558,33.518005],[112.293625,33.518759],[112.293601,33.519298],[112.293467,33.519508],[112.293486,33.519689],[112.293872,33.520217],[112.294036,33.520666],[112.294122,33.521133],[112.29439,33.521489],[112.294465,33.521683],[112.294497,33.52188],[112.294967,33.522336],[112.295101,33.522614],[112.2952,33.522998],[112.295728,33.522913],[112.29598,33.522835],[112.296369,33.52262],[112.297155,33.522486],[112.297665,33.522289],[112.298014,33.522021],[112.298456,33.521775],[112.298657,33.521552],[112.299215,33.521102],[112.299486,33.520744],[112.300154,33.520266],[112.30047,33.520076],[112.301329,33.51974],[112.301747,33.519479],[112.302023,33.519222],[112.302337,33.519119],[112.303145,33.519148],[112.30333,33.51919],[112.303748,33.519367],[112.303955,33.51938],[112.304569,33.519315],[112.304896,33.519383],[112.305207,33.519519],[112.30547,33.519678],[112.306052,33.519852],[112.306409,33.521008],[112.306487,33.521131],[112.306575,33.521174],[112.306849,33.521136],[112.307265,33.521221],[112.307522,33.521142],[112.307653,33.521154],[112.307771,33.521203],[112.307975,33.521458],[112.308069,33.521455],[112.308246,33.521361],[112.308504,33.521069],[112.308657,33.52097],[112.308909,33.520876],[112.309534,33.520858],[112.309743,33.5208],[112.30977,33.520946],[112.309941,33.521263],[112.310041,33.521583],[112.309941,33.521934],[112.309762,33.522216],[112.309708,33.522366],[112.309665,33.522768],[112.309681,33.523258],[112.309601,33.523812],[112.309619,33.524013],[112.309684,33.524358],[112.309818,33.524626],[112.310282,33.526196],[112.31069,33.526949],[112.311009,33.527347],[112.311215,33.527676],[112.311545,33.528396],[112.311771,33.528977],[112.311886,33.529183],[112.312286,33.52955],[112.312865,33.529961],[112.313691,33.530216],[112.313855,33.53033],[112.314002,33.530518],[112.314107,33.53071],[112.314265,33.530907],[112.314697,33.531685],[112.314887,33.53185],[112.315062,33.532175],[112.315274,33.53264],[112.315432,33.533516],[112.315628,33.533995],[112.316405,33.533887],[112.317151,33.533704],[112.318026,33.533606],[112.318688,33.533409],[112.319141,33.533228],[112.320115,33.532801],[112.320721,33.532416],[112.32144,33.531841],[112.322143,33.531524],[112.323765,33.530645],[112.324208,33.530368],[112.324779,33.530694],[112.324366,33.530936],[112.323983,33.531229],[112.322524,33.532593],[112.321751,33.533192],[112.321818,33.533377],[112.321834,33.533525],[112.321738,33.534214],[112.321276,33.535092],[112.320992,33.535457],[112.320963,33.535669],[112.320869,33.535866],[112.320863,33.536107],[112.321118,33.536253],[112.321274,33.536423],[112.32137,33.536762],[112.321362,33.537002],[112.321233,33.537424],[112.321343,33.537753],[112.32129,33.53833],[112.321386,33.538902],[112.32148,33.539208],[112.321464,33.539494],[112.321504,33.540102],[112.321558,33.540259],[112.321756,33.540563],[112.32203,33.540876],[112.322183,33.540887],[112.322532,33.540793],[112.322878,33.540827],[112.323047,33.540874],[112.323208,33.540965],[112.323457,33.541243],[112.323827,33.541274],[112.324071,33.541332],[112.3245,33.541457],[112.325099,33.541685],[112.325179,33.54167],[112.325238,33.541616],[112.325386,33.541598],[112.32571,33.541609],[112.326053,33.541712],[112.326244,33.541714],[112.326906,33.541493],[112.327059,33.541482],[112.327335,33.541556],[112.327735,33.541909],[112.327974,33.542025],[112.328027,33.542023],[112.328105,33.541945],[112.328835,33.542036],[112.329484,33.542007],[112.32957,33.541902],[112.32961,33.541717],[112.329707,33.54169],[112.33001,33.541755],[112.330163,33.541741],[112.330342,33.541618],[112.330533,33.541408],[112.330627,33.541372],[112.330779,33.541395],[112.331093,33.541614],[112.331163,33.541623],[112.332504,33.541582],[112.333057,33.541281],[112.333419,33.54124],[112.333513,33.541191],[112.333633,33.541075],[112.333727,33.540872],[112.333971,33.540726],[112.333974,33.540608],[112.333757,33.540185],[112.333687,33.539906],[112.333631,33.539801],[112.333236,33.539217],[112.333051,33.539121],[112.332756,33.539121],[112.332719,33.53915],[112.332488,33.539778],[112.332303,33.540042],[112.331895,33.540288],[112.331509,33.54046],[112.331378,33.540277],[112.331321,33.540116],[112.331319,33.539597],[112.331842,33.539168],[112.332265,33.539018],[112.332324,33.538696],[112.332477,33.53843],[112.332737,33.538095],[112.332788,33.538061],[112.333497,33.537938],[112.333668,33.537827],[112.333936,33.537371],[112.334073,33.537288],[112.334183,33.537346],[112.334307,33.537596],[112.334315,33.537677],[112.33429,33.53799],[112.334191,33.538231],[112.334011,33.538477],[112.333966,33.538631],[112.334044,33.538859],[112.334379,33.539228],[112.334822,33.539591],[112.33542,33.539995],[112.33572,33.540313],[112.335803,33.540324],[112.336495,33.540223],[112.337319,33.540284],[112.337474,33.540234],[112.337815,33.540203],[112.338156,33.539993],[112.33877,33.539816],[112.339432,33.539839],[112.339027,33.540889],[112.338923,33.541428],[112.338727,33.54169],[112.338362,33.541913],[112.338528,33.542027],[112.338716,33.542099],[112.339105,33.541672],[112.339253,33.541437],[112.339615,33.541135],[112.339644,33.540968],[112.339861,33.540706],[112.340164,33.539984],[112.340516,33.539917],[112.340578,33.539866],[112.340819,33.539494],[112.341586,33.539615],[112.34187,33.539705],[112.341857,33.539599],[112.341479,33.539179],[112.341036,33.538989],[112.340886,33.538991],[112.340865,33.53881],[112.340942,33.538251],[112.340907,33.538119],[112.341149,33.537811],[112.341162,33.537692],[112.34113,33.537518],[112.341232,33.537301],[112.341283,33.536224],[112.341916,33.536394],[112.34235,33.536423],[112.342557,33.536541],[112.342844,33.536622],[112.343426,33.536666],[112.343941,33.536816],[112.344225,33.536794],[112.344614,33.536814],[112.344872,33.536767],[112.34551,33.536405],[112.346366,33.536112],[112.34661,33.535996],[112.346918,33.535828],[112.347101,33.535685],[112.347229,33.53547],[112.347278,33.535148],[112.34709,33.534296],[112.348289,33.534294],[112.348302,33.534748],[112.348334,33.534855],[112.348662,33.535374],[112.348713,33.535374],[112.348879,33.53532],[112.348965,33.535211],[112.348922,33.53475],[112.348925,33.534652],[112.348951,33.534645],[112.349684,33.534714],[112.349971,33.534925],[112.350038,33.534929],[112.350612,33.53471],[112.350665,33.53465],[112.350703,33.534442],[112.350786,33.53433],[112.351046,33.534287],[112.351438,33.534656],[112.351671,33.534732],[112.351827,33.534708],[112.351966,33.534598],[112.351988,33.534507],[112.351752,33.534299],[112.351532,33.53416],[112.35151,33.534104],[112.352098,33.533865],[112.352419,33.533688],[112.352452,33.533869],[112.352444,33.534545],[112.352605,33.534846],[112.352591,33.535065],[112.353251,33.534958],[112.353975,33.534712],[112.354954,33.534433],[112.355657,33.534408],[112.355866,33.534372],[112.356982,33.534073],[112.357199,33.533856],[112.357433,33.533474],[112.357738,33.53319],[112.357923,33.532899],[112.357958,33.53259],[112.357939,33.532166],[112.35798,33.531973],[112.358583,33.53147],[112.358621,33.531294],[112.358615,33.531142],[112.358406,33.530578],[112.358471,33.530343],[112.358682,33.530144],[112.359224,33.529778],[112.35931,33.529527],[112.359388,33.529433],[112.359916,33.529147],[112.36023,33.529018],[112.360391,33.528919],[112.360649,33.528691],[112.360879,33.528465],[112.361174,33.527973],[112.361231,33.527812],[112.361501,33.527506],[112.361585,33.527253],[112.361628,33.52684],[112.361614,33.526547],[112.36174,33.526314],[112.361762,33.525941],[112.362156,33.525292],[112.362429,33.525138],[112.362462,33.525089],[112.362464,33.524841],[112.362545,33.524731],[112.362585,33.524579],[112.362558,33.52381],[112.364197,33.523434],[112.364519,33.523314],[112.364919,33.52307],[112.365165,33.523021],[112.365546,33.52284],[112.36623,33.522681],[112.36689,33.522477],[112.367166,33.522341],[112.368027,33.522077],[112.368786,33.521766],[112.369266,33.52163],[112.370431,33.521207],[112.37075,33.521124],[112.370962,33.521001],[112.371407,33.521046],[112.371702,33.520883],[112.372394,33.520346],[112.372456,33.520196],[112.372429,33.519977],[112.372694,33.519805],[112.373609,33.51947],[112.374448,33.519318],[112.374676,33.519199],[112.374491,33.518535],[112.374212,33.518059],[112.373553,33.517323],[112.373534,33.517292],[112.373606,33.517231],[112.373614,33.517169],[112.373223,33.516806],[112.373483,33.51665],[112.373692,33.516889],[112.373907,33.517238],[112.374636,33.517824],[112.374811,33.518034],[112.3748,33.517786],[112.374725,33.517453],[112.374722,33.517207],[112.374754,33.517032],[112.374926,33.516686],[112.37499,33.516149],[112.3751,33.515995],[112.375401,33.51584],[112.375733,33.515525],[112.375798,33.515536],[112.376238,33.515914],[112.376562,33.516406],[112.376659,33.516475],[112.37694,33.516534],[112.377061,33.51652],[112.377321,33.516276],[112.377445,33.516214],[112.37756,33.516209],[112.378209,33.516621],[112.378356,33.516657],[112.378839,33.516677],[112.379488,33.51688],[112.379802,33.516818],[112.379968,33.516435],[112.380068,33.516395],[112.380441,33.516393],[112.380768,33.516493],[112.381033,33.516491],[112.381417,33.516648],[112.382627,33.516221],[112.383053,33.515901],[112.383351,33.515487],[112.383471,33.515431],[112.384086,33.514608],[112.384142,33.514454],[112.384298,33.514362],[112.384499,33.514297],[112.385062,33.514143],[112.385311,33.514105],[112.385542,33.514174],[112.385805,33.514369],[112.385936,33.514411],[112.386556,33.51442],[112.387516,33.514787],[112.387819,33.514957],[112.388026,33.514955],[112.388565,33.514861],[112.388898,33.514865],[112.389008,33.514915],[112.389126,33.515031],[112.389308,33.51538],[112.389549,33.515568],[112.389785,33.515648],[112.390158,33.515536],[112.390499,33.51555],[112.390772,33.51529],[112.390818,33.515263],[112.39092,33.51527],[112.391132,33.515427],[112.391534,33.5155],[112.391738,33.515653],[112.391647,33.515869],[112.391564,33.515928],[112.391413,33.515992],[112.39122,33.515981],[112.391057,33.516352],[112.390786,33.516677],[112.390662,33.51697],[112.390491,33.517133],[112.390164,33.51754],[112.390147,33.517571],[112.390233,33.517728],[112.390357,33.517813],[112.390837,33.517401],[112.390987,33.517234],[112.391253,33.516847],[112.391403,33.516516],[112.391904,33.515802],[112.392256,33.515943],[112.392387,33.516019],[112.392838,33.516433],[112.393012,33.51671],[112.393294,33.516936],[112.393304,33.517059],[112.393366,33.517162],[112.393412,33.517204],[112.393669,33.517234],[112.393691,33.517289],[112.394066,33.517598],[112.394082,33.517647],[112.394055,33.517688],[112.393964,33.517743],[112.393704,33.51777],[112.393565,33.517846],[112.393396,33.517866],[112.393318,33.517925],[112.393613,33.518184],[112.393852,33.518535],[112.394047,33.518891],[112.394069,33.519002],[112.394039,33.519459],[112.393967,33.519611],[112.393945,33.519917],[112.394058,33.519901],[112.394198,33.519944],[112.394356,33.519948],[112.394903,33.519854],[112.394927,33.519823],[112.394884,33.519633],[112.394919,33.519497],[112.395222,33.519107],[112.395413,33.518978],[112.395662,33.518616],[112.395901,33.518448],[112.396161,33.51834],[112.395922,33.51815],[112.395941,33.518099],[112.39604,33.518034],[112.396308,33.518036],[112.396472,33.518117],[112.396681,33.518363],[112.396861,33.51851],[112.397105,33.518535],[112.397161,33.518578],[112.397239,33.518866],[112.397298,33.518967],[112.397534,33.519132],[112.397698,33.519137],[112.397735,33.51909],[112.397768,33.518915],[112.397776,33.5186],[112.397588,33.518276],[112.397574,33.518141],[112.397601,33.518021],[112.39777,33.517672],[112.398098,33.517457],[112.398159,33.517292],[112.398218,33.517267],[112.398945,33.517234],[112.399503,33.517079],[112.399744,33.517073],[112.400254,33.516943],[112.400659,33.516882],[112.400758,33.516838],[112.400967,33.516619],[112.401016,33.516607],[112.401346,33.516632],[112.401474,33.516681],[112.402252,33.516721],[112.402429,33.516773],[112.402698,33.516963],[112.402891,33.516862],[112.403381,33.51671],[112.403773,33.51667],[112.4041,33.51669],[112.405187,33.516357],[112.405763,33.51625],[112.406139,33.516245],[112.406276,33.516214],[112.406718,33.515916],[112.406984,33.515903],[112.407611,33.515796],[112.407936,33.515677],[112.408016,33.515559],[112.408054,33.514798],[112.408156,33.514604],[112.408378,33.514445],[112.408805,33.514253],[112.409234,33.513993],[112.409824,33.514013],[112.410092,33.513955],[112.410414,33.513689],[112.410535,33.513638],[112.410583,33.51364],[112.410827,33.513794],[112.411273,33.514297],[112.411592,33.514593],[112.411855,33.514736],[112.412021,33.514754],[112.41219,33.514678],[112.412289,33.514557],[112.412388,33.51425],[112.412796,33.514092],[112.413383,33.513948],[112.413609,33.513855],[112.413764,33.513651],[112.413855,33.513609],[112.413931,33.513434],[112.413888,33.513235],[112.413976,33.513177],[112.414201,33.512915],[112.414255,33.512806],[112.414413,33.512721],[112.414467,33.51258],[112.414553,33.512553],[112.414598,33.512269],[112.41455,33.512032],[112.414349,33.51165],[112.414379,33.511397],[112.414505,33.510979],[112.414432,33.51065],[112.414231,33.510341],[112.41422,33.510086],[112.414167,33.509885],[112.414121,33.509451],[112.413826,33.508248],[112.413847,33.508013],[112.414043,33.507251],[112.414102,33.506557],[112.414081,33.506289],[112.413931,33.506038],[112.413917,33.505933],[112.414046,33.505663],[112.414462,33.505419],[112.414778,33.505188],[112.415717,33.504348],[112.415972,33.504218],[112.41665,33.50399],[112.416642,33.503706],[112.416806,33.503406],[112.416886,33.502945],[112.416932,33.502851],[112.416184,33.502869],[112.415894,33.503006],[112.415548,33.502279],[112.415497,33.502071],[112.415561,33.502001],[112.415814,33.501901],[112.415958,33.50163],[112.416133,33.501031],[112.416055,33.500894],[112.416052,33.500823],[112.416098,33.500617],[112.416106,33.500378],[112.416294,33.500187],[112.416607,33.49966],[112.416707,33.499335],[112.416798,33.499192],[112.416798,33.498863],[112.415784,33.499047],[112.415527,33.499123],[112.414644,33.499537],[112.414258,33.499646],[112.413574,33.499968],[112.413185,33.500064],[112.412351,33.500203],[112.411712,33.500208],[112.411246,33.500337],[112.410969,33.500349],[112.410854,33.500116],[112.410811,33.499642],[112.410741,33.499416],[112.410766,33.499163],[112.411235,33.498928],[112.41113,33.498774],[112.410892,33.498586],[112.411407,33.498418],[112.412485,33.498159],[112.412836,33.497754],[112.413239,33.497553],[112.413536,33.497488],[112.413823,33.497501],[112.413992,33.497595],[112.414282,33.497573],[112.41455,33.497495],[112.414995,33.497488],[112.415205,33.497528],[112.415347,33.497448],[112.415508,33.49741],[112.415948,33.497468],[112.415969,33.497242],[112.415862,33.497038],[112.415787,33.496801],[112.415776,33.496463],[112.415991,33.496365],[112.416189,33.496168],[112.416253,33.496029],[112.416202,33.495864],[112.4162,33.495598],[112.416414,33.495387],[112.416438,33.495238],[112.416377,33.494994],[112.416176,33.494687],[112.415886,33.494479],[112.415645,33.494385],[112.415647,33.494115],[112.415792,33.493951],[112.416342,33.493661],[112.416385,33.493571],[112.416607,33.493348],[112.416736,33.493169],[112.416827,33.492945],[112.416988,33.49269],[112.417047,33.492504],[112.416956,33.492457],[112.416532,33.492401],[112.416591,33.491804],[112.416674,33.491694],[112.41713,33.491473],[112.417133,33.491437],[112.416999,33.491314],[112.416913,33.491142],[112.416894,33.490981],[112.417227,33.490538],[112.417745,33.489994],[112.417981,33.489619],[112.418024,33.489379],[112.417991,33.489265],[112.417624,33.488927],[112.417474,33.48886],[112.417055,33.48854],[112.416787,33.488227],[112.416559,33.48806],[112.416393,33.487986],[112.415982,33.487894],[112.41583,33.487816],[112.415433,33.487711],[112.415143,33.487679],[112.415092,33.487494],[112.415213,33.487386],[112.415489,33.487288],[112.415626,33.487194],[112.41572,33.487086],[112.415929,33.486666],[112.416041,33.486565],[112.41617,33.486514],[112.416382,33.486503],[112.416519,33.48655],[112.416661,33.486704],[112.416838,33.486769],[112.4176,33.486791],[112.417855,33.486925],[112.418233,33.487203],[112.418402,33.487001],[112.418431,33.486838],[112.418437,33.486411],[112.41837,33.486127],[112.418378,33.485733],[112.418354,33.485626],[112.418434,33.485478],[112.418405,33.485389],[112.418815,33.485357],[112.418946,33.485315],[112.419461,33.485111],[112.420631,33.484538],[112.420835,33.484746],[112.421036,33.484892],[112.421492,33.484415],[112.421669,33.484283],[112.42209,33.485151],[112.422125,33.485371],[112.422691,33.484449],[112.422809,33.484122],[112.422785,33.483702],[112.42264,33.483344],[112.422634,33.482764],[112.42238,33.481957],[112.423013,33.481706],[112.423498,33.481608],[112.42437,33.481729],[112.424327,33.481883],[112.424311,33.482149],[112.424421,33.482404],[112.424716,33.482785],[112.425038,33.482995],[112.425129,33.483111],[112.425279,33.483203],[112.425478,33.483474],[112.425526,33.483639],[112.425668,33.483749],[112.425719,33.483865],[112.425762,33.483885],[112.425933,33.483863],[112.426011,33.483538],[112.426899,33.483536],[112.427444,33.483621],[112.427562,33.483326],[112.428082,33.482371],[112.428224,33.481908],[112.428811,33.481959],[112.429203,33.481948],[112.429198,33.481677],[112.429249,33.481603],[112.429847,33.481577],[112.430466,33.481465],[112.430756,33.481382],[112.431252,33.481138],[112.431864,33.480489],[112.431802,33.480415],[112.431588,33.480304],[112.431268,33.480051],[112.431172,33.47921],[112.431234,33.479019],[112.43169,33.478185],[112.431976,33.477863],[112.432036,33.477755],[112.432451,33.476746],[112.432832,33.476194],[112.43295,33.475954],[112.433363,33.475972],[112.433669,33.476091],[112.434264,33.476221],[112.434519,33.476364],[112.435064,33.476869],[112.435286,33.47695],[112.435557,33.476934],[112.436035,33.476706],[112.436271,33.476541],[112.436633,33.476648],[112.437537,33.477031],[112.437657,33.477057],[112.437499,33.477272],[112.43744,33.477467],[112.437105,33.478024],[112.436995,33.47833],[112.436914,33.478465],[112.436807,33.478568],[112.436574,33.478673],[112.43689,33.478894],[112.437188,33.479046],[112.437319,33.479219],[112.437419,33.479259],[112.437411,33.47931],[112.437161,33.47961],[112.438052,33.480225],[112.438325,33.480335],[112.438604,33.480494],[112.438087,33.481069],[112.438229,33.481156],[112.438261,33.481214],[112.438159,33.481319],[112.439487,33.482337],[112.439243,33.482603],[112.439277,33.482635],[112.439699,33.482874],[112.440002,33.482997],[112.440589,33.483189],[112.440825,33.483301],[112.441488,33.483505],[112.442056,33.483731],[112.442306,33.483794],[112.442147,33.484134],[112.441294,33.486364],[112.440879,33.487485],[112.44072,33.488004],[112.440117,33.489305],[112.43998,33.489518],[112.439766,33.490276],[112.439361,33.491314],[112.439079,33.491791],[112.438958,33.49192],[112.438749,33.49231],[112.438478,33.492634],[112.437939,33.493113],[112.437727,33.493506],[112.437389,33.49396],[112.436386,33.495531],[112.437539,33.495801],[112.438052,33.495996],[112.438159,33.495938],[112.43858,33.496034],[112.438899,33.496052],[112.439039,33.495987],[112.439345,33.495922],[112.439508,33.49594],[112.439822,33.496094],[112.440082,33.49639],[112.440256,33.496669],[112.440364,33.497065],[112.44034,33.497143],[112.440028,33.497333],[112.439999,33.497631],[112.440026,33.497711],[112.439819,33.497763],[112.439908,33.498186],[112.44024,33.498839],[112.439983,33.498807],[112.43987,33.498951],[112.43991,33.499805],[112.439833,33.500161],[112.439688,33.500284],[112.439551,33.500503],[112.439514,33.500735],[112.439629,33.501538],[112.439988,33.501675],[112.440369,33.501939],[112.440576,33.502344],[112.441069,33.503661],[112.441112,33.50397],[112.441099,33.504135],[112.440994,33.504491],[112.440753,33.505014],[112.440755,33.50522],[112.441021,33.505135],[112.441193,33.505121],[112.441603,33.505188],[112.442225,33.505101],[112.442928,33.505168],[112.443612,33.504658],[112.443765,33.504625],[112.444119,33.504676],[112.444524,33.504379],[112.445068,33.504157],[112.445227,33.504001],[112.445398,33.503744],[112.445559,33.503715],[112.445723,33.503771],[112.44594,33.503791],[112.446238,33.503706],[112.446431,33.503545],[112.446739,33.503133],[112.446844,33.503041],[112.446927,33.502983],[112.447233,33.502885],[112.447606,33.502614],[112.448166,33.502746],[112.448424,33.502771],[112.448614,33.502842],[112.44888,33.503053],[112.449231,33.503211],[112.44947,33.503375],[112.450068,33.503641],[112.450355,33.50388],[112.450642,33.504187],[112.450921,33.504345],[112.451433,33.504433],[112.451828,33.504377],[112.452174,33.504397],[112.4523,33.504352],[112.452412,33.504269],[112.452643,33.503889],[112.45278,33.503815],[112.453032,33.503791],[112.453429,33.503838],[112.453566,33.503943],[112.453946,33.504415],[112.454113,33.504759],[112.454746,33.50505],[112.454893,33.50528],[112.455084,33.505486],[112.455424,33.50564],[112.455988,33.505596],[112.456186,33.505616],[112.456537,33.505873],[112.456698,33.506195],[112.456765,33.50664],[112.456755,33.50685],[112.456846,33.507423],[112.456795,33.507973],[112.456811,33.508458],[112.45687,33.508767],[112.456953,33.508888],[112.45724,33.509037],[112.457903,33.509118],[112.458324,33.509362],[112.45864,33.509371],[112.45937,33.509317],[112.459525,33.509254],[112.460346,33.509113],[112.460572,33.509107],[112.460783,33.509152],[112.461041,33.509324],[112.461154,33.50944],[112.461379,33.509702],[112.461746,33.510321],[112.461985,33.510482],[112.46224,33.510556],[112.462747,33.51063],[112.463136,33.510614],[112.463865,33.510827],[112.463965,33.510916],[112.464037,33.511005],[112.464107,33.511218],[112.464238,33.511466],[112.464268,33.511972],[112.464198,33.512464],[112.464332,33.51279],[112.464563,33.513108],[112.46478,33.513264],[112.464898,33.513329],[112.465263,33.513407],[112.465459,33.51349],[112.465861,33.513506],[112.466016,33.513541],[112.466226,33.513474],[112.466303,33.513365],[112.466427,33.51305],[112.466443,33.512837],[112.46658,33.512566],[112.466537,33.512408],[112.466539,33.512269],[112.466821,33.511773],[112.466848,33.511426],[112.466829,33.511298],[112.466749,33.511124],[112.466735,33.510455],[112.467006,33.509945],[112.467076,33.509876],[112.467757,33.509482],[112.467921,33.509458],[112.468098,33.509476],[112.468256,33.509543],[112.468715,33.509655],[112.469187,33.509887],[112.469447,33.509961],[112.469782,33.5102],[112.470093,33.510621],[112.470928,33.511477],[112.471118,33.511609],[112.471292,33.511645],[112.471601,33.511623],[112.47181,33.511477],[112.47185,33.511428],[112.471834,33.511169],[112.471928,33.510943],[112.473063,33.510505],[112.473645,33.510623],[112.473819,33.51061],[112.47409,33.510326],[112.474433,33.510189],[112.47464,33.510171],[112.474954,33.510196],[112.475326,33.510303],[112.475769,33.510243],[112.475865,33.510131],[112.476104,33.509713],[112.476209,33.509644],[112.476552,33.509516],[112.476949,33.509266],[112.477188,33.509234],[112.477311,33.509248],[112.477746,33.509402],[112.477947,33.509424],[112.47822,33.509355],[112.478395,33.509205],[112.478513,33.509156],[112.478735,33.509248],[112.478963,33.509442],[112.479068,33.509626],[112.479232,33.509722],[112.479452,33.509702],[112.479629,33.509597],[112.480042,33.509518],[112.48024,33.50961],[112.480514,33.509684],[112.480881,33.509693],[112.481211,33.509559],[112.481777,33.508964],[112.481965,33.50872],[112.482032,33.508521],[112.481997,33.508355],[112.482032,33.507937],[112.482008,33.50755],[112.482145,33.507421],[112.482292,33.507412],[112.483121,33.507626],[112.483327,33.507633],[112.484406,33.507351],[112.484875,33.50702],[112.485103,33.50702],[112.485803,33.507259],[112.486289,33.507136],[112.486399,33.507078],[112.486924,33.507154],[112.486983,33.507054],[112.48701,33.50675],[112.486903,33.506557],[112.486871,33.506372],[112.486889,33.506273],[112.487061,33.506],[112.487163,33.505642],[112.487396,33.505215],[112.487498,33.50505],[112.487756,33.504759],[112.487893,33.504683],[112.488509,33.504573],[112.488764,33.504567],[112.489038,33.504661],[112.489177,33.504667],[112.489268,33.504591],[112.489462,33.504305],[112.489598,33.50399],[112.489706,33.50384],[112.49098,33.503044],[112.491342,33.502603],[112.491554,33.502464],[112.491758,33.502446],[112.49191,33.502498],[112.492243,33.502529],[112.49246,33.50261],[112.492745,33.502793],[112.492983,33.502807],[112.493195,33.502777],[112.493447,33.502715],[112.493764,33.502563],[112.494536,33.502402],[112.494719,33.502317],[112.494992,33.502115],[112.495427,33.50195],[112.496122,33.501554],[112.496288,33.501404],[112.496441,33.501127],[112.496481,33.500633],[112.496484,33.500064],[112.496594,33.499601],[112.497074,33.499414],[112.497717,33.499223],[112.498128,33.498682],[112.498426,33.498731],[112.498696,33.498707],[112.498798,33.498673],[112.498887,33.498584],[112.499179,33.498452],[112.499498,33.498246],[112.499659,33.498212],[112.50003,33.498058],[112.500555,33.497937],[112.50081,33.497928],[112.500936,33.497886],[112.501271,33.497691],[112.501896,33.497231],[112.502406,33.49709],[112.504141,33.497146],[112.504283,33.497119],[112.504686,33.496958],[112.505061,33.496723],[112.505472,33.496564],[112.50563,33.496542],[112.506014,33.496595],[112.506413,33.496866],[112.506574,33.496725],[112.506679,33.49658],[112.506762,33.496387],[112.507065,33.495056],[112.50706,33.49494],[112.506799,33.494059],[112.506086,33.492506],[112.505668,33.491894],[112.505525,33.491484],[112.505641,33.491375],[112.505769,33.491182],[112.505906,33.490831],[112.505909,33.490733],[112.505861,33.490603],[112.50578,33.490449],[112.504876,33.489165],[112.504074,33.488281],[112.503959,33.488118],[112.503358,33.487623],[112.503015,33.487447],[112.502645,33.487373],[112.502575,33.487388],[112.502511,33.487469],[112.502492,33.487585],[112.502527,33.48769],[112.503042,33.48827],[112.503487,33.488903],[112.504477,33.490046],[112.504469,33.490109],[112.504388,33.4902],[112.50412,33.49029],[112.503862,33.490243],[112.5035,33.489994],[112.503431,33.489986],[112.503329,33.490073],[112.50327,33.490185],[112.503195,33.490227],[112.503149,33.4902],[112.503136,33.490086],[112.503176,33.48982],[112.503157,33.48961],[112.503106,33.489386],[112.502827,33.488677],[112.502781,33.488386],[112.502725,33.488247],[112.502505,33.488026],[112.501974,33.487641],[112.501915,33.487567],[112.501915,33.487485],[112.50195,33.487344],[112.502068,33.487158],[112.502476,33.486847],[112.502712,33.486744],[112.502897,33.486619],[112.502958,33.486505],[112.503031,33.486225],[112.503071,33.485863],[112.503122,33.485789],[112.503334,33.485648],[112.50353,33.485637],[112.504002,33.485704],[112.504487,33.485849],[112.504707,33.485876],[112.505139,33.485847],[112.505482,33.485749],[112.50567,33.485626],[112.505845,33.485359],[112.505979,33.485031],[112.506115,33.484283],[112.506255,33.484239],[112.506818,33.483867],[112.507502,33.483516],[112.507674,33.483384],[112.507899,33.483147],[112.50795,33.483011],[112.507926,33.482849],[112.507355,33.481726],[112.507186,33.481306],[112.507151,33.481151],[112.507153,33.479863],[112.507027,33.479469],[112.506829,33.478997],[112.506539,33.478462],[112.506542,33.478389],[112.506614,33.478373],[112.506727,33.478404],[112.507239,33.479044],[112.507406,33.479299],[112.507462,33.479697],[112.507381,33.480518],[112.507298,33.480923],[112.507341,33.481172],[112.507537,33.481695],[112.508006,33.482304],[112.508119,33.482512],[112.508205,33.482753],[112.508191,33.482879],[112.5081,33.482972],[112.510418,33.48306],[112.511654,33.482776],[112.512164,33.482579],[112.512322,33.482476],[112.512494,33.482245],[112.512513,33.48212],[112.511491,33.481536],[112.511673,33.480932],[112.51159,33.480317],[112.51159,33.479726],[112.51148,33.479666],[112.510943,33.479653],[112.510807,33.479686],[112.510525,33.479845],[112.510418,33.479852],[112.510351,33.479814],[112.510308,33.47974],[112.510345,33.479543],[112.510289,33.479429],[112.509723,33.478867],[112.509294,33.478214],[112.509288,33.478098],[112.509415,33.477941],[112.509549,33.477984],[112.509739,33.478252],[112.509913,33.478679],[112.510031,33.478798],[112.510206,33.478845],[112.510337,33.478751],[112.510474,33.478704],[112.510675,33.478758],[112.510973,33.478955],[112.511306,33.479243],[112.511493,33.479317],[112.51166,33.479295],[112.511761,33.479116],[112.512006,33.478809],[112.51203,33.478744],[112.512008,33.478691],[112.511778,33.47842],[112.511681,33.478234],[112.511432,33.477957],[112.510858,33.477576],[112.51038,33.477344],[112.51023,33.477328],[112.509943,33.4775],[112.509865,33.477489],[112.509734,33.477404],[112.509661,33.477133],[112.509817,33.4768],[112.509967,33.476729],[112.510431,33.476954],[112.51067,33.47695],[112.511013,33.476883],[112.511118,33.47691],[112.511201,33.476982],[112.511276,33.477118],[112.511391,33.477451],[112.511646,33.47765],[112.511831,33.47772],[112.512081,33.477746],[112.512665,33.477912],[112.512912,33.477941],[112.513038,33.477874],[112.513119,33.477762],[112.513473,33.477523],[112.513888,33.477409],[112.514226,33.477218],[112.51491,33.476995],[112.51512,33.476861],[112.515417,33.476579],[112.515779,33.476127],[112.51593,33.475847],[112.515774,33.474771],[112.515444,33.47408],[112.515267,33.473811],[112.515165,33.473563],[112.515063,33.473169],[112.515106,33.472475],[112.5152,33.472169],[112.515184,33.471813],[112.515399,33.471263],[112.51549,33.471151],[112.515879,33.47082],[112.516724,33.470404],[112.517378,33.470032],[112.518094,33.469799],[112.518376,33.469582],[112.518529,33.46954],[112.519162,33.469591],[112.520154,33.469522],[112.520562,33.469397],[112.520677,33.469298],[112.520715,33.469173],[112.520712,33.469019],[112.520484,33.468685],[112.520371,33.468598],[112.519781,33.468542],[112.519545,33.468488],[112.519162,33.468303],[112.519041,33.468209],[112.518966,33.468074],[112.518947,33.467963],[112.51899,33.467618],[112.51921,33.466944],[112.519368,33.466665],[112.519398,33.46636],[112.519036,33.465759],[112.518684,33.464908],[112.518598,33.464821],[112.518357,33.46477],[112.517931,33.46481],[112.517373,33.464946],[112.517096,33.464964],[112.516769,33.464859],[112.516321,33.46466],[112.515377,33.46451],[112.515289,33.464407],[112.515487,33.464107],[112.515602,33.463794],[112.515562,33.463532],[112.515391,33.463279],[112.515629,33.462946],[112.515841,33.462745],[112.516064,33.462375],[112.516761,33.461888],[112.518137,33.461138],[112.518521,33.460856],[112.518649,33.460695],[112.518974,33.459972],[112.518802,33.459594],[112.518362,33.458914],[112.518269,33.458831],[112.518006,33.459178],[112.517322,33.460399],[112.516981,33.460802],[112.516828,33.460923],[112.516568,33.461051],[112.516091,33.461133],[112.515549,33.461109],[112.515369,33.461169],[112.515318,33.46121],[112.515259,33.461536],[112.515168,33.461767],[112.515023,33.461975],[112.514897,33.462044],[112.513738,33.462055],[112.513261,33.461937],[112.513111,33.461852],[112.512716,33.461538],[112.512614,33.461409],[112.512349,33.461288],[112.51196,33.461185],[112.511858,33.461073],[112.511571,33.461095],[112.511405,33.46118],[112.511209,33.46123],[112.510887,33.461218],[112.510772,33.461245],[112.510656,33.461223],[112.510595,33.461319],[112.510479,33.461406],[112.510074,33.461588],[112.509986,33.461588],[112.509522,33.46142],[112.509079,33.461389],[112.508551,33.461234],[112.507768,33.461277],[112.50766,33.461239],[112.507435,33.46101],[112.507325,33.460816],[112.50707,33.460576],[112.506596,33.460614],[112.506408,33.460666],[112.50607,33.460838],[112.505536,33.461185],[112.505405,33.461221],[112.504895,33.461189],[112.504587,33.461286],[112.50449,33.461359],[112.504115,33.461359],[112.503862,33.46123],[112.50335,33.461064],[112.503237,33.460986],[112.503111,33.46101],[112.501647,33.460558],[112.501236,33.460384],[112.500719,33.460066],[112.500249,33.459556],[112.499984,33.459339],[112.499973,33.459115],[112.499692,33.45877],[112.499694,33.458712],[112.499777,33.458591],[112.499785,33.458262],[112.499893,33.45794],[112.499941,33.457596],[112.500021,33.457508],[112.500182,33.457173],[112.500198,33.457054],[112.49985,33.457054],[112.499203,33.457417],[112.499118,33.457432],[112.49882,33.457204],[112.498286,33.456871],[112.497975,33.456799],[112.49735,33.456792],[112.497098,33.456689],[112.496822,33.456515],[112.496588,33.456244],[112.49636,33.456065],[112.496084,33.456014],[112.496073,33.455783],[112.496012,33.455483],[112.495759,33.454801],[112.495494,33.454413],[112.495231,33.454297],[112.495057,33.454105],[112.494974,33.453639],[112.494874,33.453487],[112.49489,33.453348],[112.494856,33.453006],[112.494898,33.45284],[112.495051,33.452836],[112.495397,33.452643],[112.495464,33.452652],[112.495548,33.452742],[112.49592,33.45286],[112.495961,33.452793],[112.495969,33.452661],[112.496167,33.452296],[112.496409,33.452341],[112.496505,33.452317],[112.496693,33.452198],[112.496722,33.452147],[112.496924,33.45214],[112.497025,33.452187],[112.497393,33.452574],[112.497642,33.452731],[112.497699,33.452825],[112.497658,33.453098],[112.497731,33.453084],[112.49786,33.453122],[112.497857,33.452952],[112.497943,33.452755],[112.497975,33.45274],[112.4982,33.452778],[112.498324,33.45289],[112.498404,33.452858],[112.498348,33.45271],[112.498243,33.45263],[112.498096,33.452599],[112.497988,33.452525],[112.497962,33.452464],[112.497857,33.452413],[112.497744,33.452301],[112.497538,33.451965],[112.497331,33.451726],[112.497232,33.451715],[112.497326,33.451587],[112.498101,33.451348],[112.498149,33.451303],[112.498173,33.451001],[112.498289,33.450732],[112.498538,33.450515],[112.499083,33.45022],[112.49916,33.450117],[112.49927,33.449667],[112.49949,33.449521],[112.4996,33.449121],[112.499909,33.448573],[112.500016,33.448476],[112.500448,33.448364],[112.500649,33.448268],[112.500874,33.447901],[112.500907,33.447738],[112.501014,33.447727],[112.501124,33.447673],[112.501325,33.447489],[112.501371,33.447136],[112.501542,33.446793],[112.501628,33.446529],[112.501566,33.446227],[112.501435,33.44605],[112.501456,33.445929],[112.502092,33.445851],[112.502339,33.445907],[112.502371,33.446003],[112.502575,33.446142],[112.50302,33.44627],[112.503229,33.446393],[112.50335,33.446594],[112.503519,33.446672],[112.503581,33.446829],[112.50379,33.446923],[112.504029,33.44714],[112.504216,33.447572],[112.504262,33.447791],[112.504536,33.447912],[112.504863,33.448167],[112.505136,33.448626],[112.505649,33.448969],[112.505772,33.449228],[112.505869,33.449349],[112.506204,33.449539],[112.507054,33.450184],[112.507288,33.450262],[112.507636,33.450267],[112.508677,33.450146],[112.509197,33.450025],[112.510048,33.449893],[112.510361,33.449884],[112.510587,33.449828],[112.510772,33.449725],[112.51089,33.449589],[112.510978,33.449537],[112.510871,33.448821],[112.510911,33.448698],[112.511061,33.448535],[112.511689,33.4481],[112.512116,33.447565],[112.512228,33.447355],[112.512263,33.447044],[112.512226,33.446863],[112.511922,33.446261],[112.511906,33.446144],[112.511941,33.446032],[112.512006,33.445979],[112.512306,33.445952],[112.512456,33.446008],[112.512655,33.446182],[112.512708,33.446035],[112.512942,33.445815],[112.513003,33.445712],[112.512995,33.445609],[112.512875,33.445401],[112.512692,33.445233],[112.51225,33.444898],[112.511625,33.4446],[112.511236,33.444327],[112.510986,33.444206],[112.510667,33.443913],[112.510536,33.443716],[112.510249,33.443407],[112.510053,33.443273],[112.509921,33.443224],[112.509656,33.44319],[112.509377,33.44323],[112.508677,33.443436],[112.508438,33.443474],[112.508221,33.443465],[112.507867,33.443394],[112.50784,33.443306],[112.507824,33.442691],[112.50791,33.441511],[112.5078,33.440824],[112.507636,33.440498],[112.507545,33.440435],[112.506934,33.440258],[112.506601,33.440213],[112.505426,33.440148],[112.50486,33.440025],[112.504444,33.439723],[112.504098,33.439264],[112.503862,33.439076],[112.503541,33.438926],[112.50273,33.438796],[112.502586,33.43881],[112.502264,33.438886],[112.501601,33.43911],[112.501483,33.439184],[112.501464,33.439338],[112.501778,33.439701],[112.501971,33.440059],[112.502012,33.44024],[112.502012,33.44043],[112.501979,33.440621],[112.501784,33.440963],[112.501236,33.441431],[112.500821,33.441599],[112.499574,33.441908],[112.499405,33.44197],[112.499155,33.442125],[112.498568,33.442259],[112.498152,33.442268],[112.497945,33.442203],[112.497825,33.442205],[112.497645,33.442116],[112.497452,33.442078],[112.497318,33.441986],[112.497017,33.441876],[112.49651,33.441332],[112.496041,33.441046],[112.495859,33.440896],[112.495596,33.440775],[112.495379,33.440578],[112.495279,33.440426],[112.495301,33.440352],[112.49581,33.439976],[112.495974,33.439804],[112.496057,33.439665],[112.496038,33.439493],[112.495765,33.43902],[112.495529,33.438736],[112.495242,33.438315],[112.495102,33.43817],[112.494864,33.438029],[112.494558,33.437778],[112.494381,33.437568],[112.494373,33.437498],[112.494426,33.437373],[112.494687,33.437223],[112.49511,33.43727],[112.495282,33.437239],[112.49558,33.437281],[112.496315,33.43729],[112.496722,33.437353],[112.497119,33.437268],[112.497554,33.437219],[112.49779,33.437151],[112.498358,33.437147],[112.498621,33.437071],[112.49878,33.437107],[112.49905,33.437024],[112.499657,33.437024],[112.499815,33.436984],[112.499879,33.436876],[112.5,33.436769],[112.500174,33.43682],[112.500553,33.437004],[112.500754,33.436854],[112.501049,33.436695],[112.501236,33.436637],[112.501824,33.436352],[112.502696,33.436037],[112.503321,33.4359],[112.504683,33.435748],[112.504962,33.435638],[112.505147,33.435502],[112.505187,33.435435],[112.505195,33.435334],[112.50504,33.435233],[112.504144,33.434824],[112.502996,33.434459],[112.503114,33.433973],[112.503205,33.433429],[112.5032,33.43329],[112.503551,33.433254],[112.504112,33.433136],[112.504562,33.433026],[112.505222,33.432811],[112.507108,33.43203],[112.507223,33.431916],[112.50791,33.431484],[112.508205,33.431341],[112.508256,33.43098],[112.508081,33.430291],[112.508028,33.429861],[112.507977,33.429762],[112.507746,33.429568],[112.507245,33.429418],[112.507068,33.429317],[112.506864,33.429156],[112.506663,33.42893],[112.506566,33.428677],[112.506566,33.428534],[112.506577,33.428388],[112.506695,33.428016],[112.506735,33.427676],[112.506714,33.427361],[112.506569,33.42711],[112.505866,33.426463],[112.505791,33.426302],[112.505869,33.426116],[112.506215,33.425581],[112.506335,33.425451],[112.506681,33.425174],[112.50809,33.424397],[112.508167,33.424063],[112.508181,33.423548],[112.508259,33.422827],[112.508293,33.422684],[112.508436,33.422485],[112.509066,33.422077],[112.509278,33.421992],[112.509699,33.421972],[112.509999,33.422064],[112.510509,33.422362],[112.510758,33.42229],[112.510935,33.422185],[112.511201,33.421968],[112.511601,33.421567],[112.51193,33.421216],[112.512204,33.420846],[112.512322,33.420613],[112.512448,33.420208],[112.512445,33.419606],[112.512293,33.419113],[112.512175,33.418963],[112.511737,33.418574],[112.511558,33.418484],[112.51119,33.418213],[112.510895,33.418079],[112.510377,33.41801],[112.510029,33.41788],[112.509374,33.417414],[112.509165,33.417325],[112.508149,33.417],[112.507389,33.416834],[112.507076,33.416707],[112.506813,33.416557],[112.506311,33.416355],[112.505587,33.415999],[112.505252,33.415755],[112.505107,33.415596],[112.505037,33.415437],[112.505144,33.415399],[112.505359,33.415419],[112.505936,33.415625],[112.506287,33.415706],[112.507333,33.415688],[112.507604,33.415666],[112.507856,33.41559],[112.508505,33.415281],[112.508685,33.415153],[112.508983,33.414842],[112.509428,33.414186],[112.509608,33.414116],[112.50994,33.414219],[112.510021,33.41409],[112.510104,33.413821],[112.510128,33.413402],[112.510074,33.413004],[112.51038,33.412652],[112.510418,33.412522],[112.510356,33.412462],[112.509887,33.412276],[112.508022,33.411725],[112.507867,33.411582],[112.507854,33.411419],[112.507888,33.411331],[112.50802,33.411204],[112.508352,33.411076],[112.508902,33.41098],[112.508942,33.410854],[112.508948,33.410769],[112.508709,33.410319],[112.508629,33.410021],[112.50865,33.409818],[112.508629,33.409354],[112.50846,33.408436],[112.508521,33.407984],[112.508503,33.407865],[112.508165,33.407919],[112.507164,33.407865],[112.506896,33.407794],[112.506429,33.407532],[112.506161,33.407234],[112.506075,33.407073],[112.505906,33.406394],[112.505402,33.404899],[112.505381,33.404746],[112.505466,33.403627],[112.505456,33.403528],[112.50526,33.403098],[112.505214,33.402915],[112.505389,33.402456],[112.505415,33.402198],[112.505383,33.401876],[112.505324,33.401649],[112.505123,33.401374],[112.50501,33.401141],[112.504871,33.400322],[112.504452,33.399885],[112.504184,33.399381],[112.504447,33.39933],[112.504595,33.399254],[112.50468,33.399159],[112.504788,33.398927],[112.504898,33.398812],[112.505032,33.398597],[112.505153,33.398295],[112.505244,33.398156],[112.505571,33.397841],[112.50596,33.397294],[112.50604,33.397102],[112.506064,33.396938],[112.505968,33.396593],[112.505928,33.39626],[112.505949,33.396114],[112.506182,33.395973],[112.506381,33.395608],[112.506598,33.395373],[112.507349,33.395073],[112.507784,33.394708],[112.507953,33.394517],[112.508149,33.394009],[112.5082,33.393772],[112.508234,33.392482],[112.50832,33.392231],[112.508417,33.392114],[112.508755,33.391967],[112.509026,33.391908],[112.50972,33.391604],[112.509983,33.391519],[112.510195,33.39149],[112.510855,33.391512],[112.511083,33.391272],[112.511448,33.391378],[112.511649,33.391384],[112.51193,33.391237],[112.51211,33.390939],[112.512132,33.39082],[112.5124,33.390276],[112.512513,33.390171],[112.512821,33.390038],[112.512982,33.389933],[112.513041,33.389824],[112.513062,33.389541],[112.513132,33.389349],[112.513355,33.389116],[112.513703,33.388827],[112.514197,33.388529],[112.514441,33.388254],[112.514524,33.388027],[112.514546,33.387723],[112.514505,33.387008],[112.51446,33.386735],[112.514369,33.38624],[112.5142,33.385716],[112.514127,33.385593],[112.513733,33.385223],[112.512859,33.384558],[112.512757,33.38433],[112.512797,33.384122],[112.513215,33.383602],[112.513285,33.383418],[112.51329,33.383107],[112.513234,33.382943],[112.512703,33.38213],[112.512612,33.381799],[112.512714,33.381447],[112.513245,33.38074],[112.512818,33.380861],[112.512628,33.381015],[112.512539,33.381114],[112.512486,33.381273],[112.512491,33.381604],[112.512448,33.381824],[112.512234,33.381983],[112.512043,33.382061],[112.511533,33.38216],[112.510876,33.382092],[112.510769,33.382043],[112.510579,33.38203],[112.510149,33.38201],[112.509613,33.382041],[112.509173,33.382014],[112.5089,33.381958],[112.508596,33.381759],[112.508465,33.381537],[112.508433,33.381266],[112.508256,33.380852],[112.507988,33.380536],[112.507564,33.380287],[112.507473,33.380193],[112.507416,33.379978],[112.50743,33.379785],[112.507542,33.379564],[112.507542,33.379454],[112.507432,33.379179],[112.507135,33.378715],[112.507121,33.37856],[112.507194,33.377667],[112.507145,33.377539],[112.506762,33.376925],[112.506655,33.37635],[112.506652,33.375382],[112.506703,33.375167],[112.506939,33.374533],[112.507153,33.374332],[112.505209,33.374793],[112.503573,33.377167],[112.503634,33.38069],[112.50107,33.377676],[112.500746,33.375095],[112.500697,33.372278],[112.501242,33.371332],[112.502047,33.369439],[112.499555,33.370651],[112.499228,33.367838],[112.500072,33.364401],[112.499169,33.364879],[112.498731,33.36506]]]}},{"type":"Feature","properties":{"regionCode":"411321301","sourceCode":"411321301000","name":"小店乡","sourceName":"小店乡","parentCode":"411321","parentName":"南召县","regionLevel":"township","regionType":"township","isManagementZone":false,"source":"ruiduobao","sourceVersion":"mixed-legacy~2018-2020","geometryRepaired":false,"match2020":true,"match2023":true},"geometry":{"type":"Polygon","coordinates":[[[112.663462,33.417358],[112.663443,33.417873],[112.663483,33.41816],[112.663513,33.418742],[112.663494,33.418907],[112.663588,33.420029],[112.66292,33.420242],[112.662992,33.41983],[112.662874,33.419382],[112.662716,33.419091],[112.661968,33.418337],[112.661512,33.418041],[112.660439,33.417719],[112.659795,33.417672],[112.65935,33.417598],[112.65898,33.417587],[112.658553,33.417667],[112.657829,33.417945],[112.657464,33.418016],[112.656904,33.41805],[112.656853,33.417882],[112.656206,33.417121],[112.655952,33.416888],[112.655506,33.416734],[112.654914,33.416183],[112.654514,33.415731],[112.653648,33.414517],[112.653573,33.414356],[112.652551,33.412735],[112.651974,33.412954],[112.651081,33.413362],[112.650799,33.413447],[112.650711,33.413429],[112.649992,33.412645],[112.649893,33.412473],[112.64971,33.412598],[112.649445,33.412706],[112.648879,33.412818],[112.648264,33.413075],[112.648074,33.413087],[112.647811,33.413156],[112.647291,33.413344],[112.646226,33.413984],[112.646033,33.414029],[112.645655,33.414204],[112.645459,33.414244],[112.64533,33.414336],[112.645209,33.414683],[112.645083,33.414788],[112.644989,33.414813],[112.644759,33.414737],[112.644694,33.414743],[112.644456,33.414819],[112.644188,33.414965],[112.643833,33.415034],[112.643689,33.415269],[112.643557,33.415312],[112.64331,33.415323],[112.643257,33.415357],[112.643182,33.415516],[112.643273,33.415646],[112.643294,33.415771],[112.642659,33.415612],[112.64212,33.415565],[112.641875,33.415919],[112.641202,33.416731],[112.6411,33.417381],[112.640998,33.417665],[112.640926,33.418151],[112.640939,33.418946],[112.640913,33.419125],[112.640803,33.419422],[112.640676,33.419599],[112.64044,33.419825],[112.640355,33.419884],[112.639915,33.420036],[112.639748,33.420139],[112.638638,33.421007],[112.638311,33.421229],[112.638214,33.421341],[112.638126,33.42156],[112.638075,33.421892],[112.638166,33.422297],[112.638332,33.422776],[112.638367,33.423112],[112.638271,33.423159],[112.637691,33.423271],[112.637511,33.423271],[112.637125,33.42315],[112.636994,33.423154],[112.636731,33.423273],[112.636613,33.423492],[112.636398,33.423591],[112.636136,33.423636],[112.635964,33.423651],[112.635245,33.423416],[112.634615,33.423313],[112.634285,33.423295],[112.633732,33.423392],[112.633327,33.423645],[112.633188,33.423678],[112.632447,33.423309],[112.632276,33.423289],[112.631873,33.423143],[112.631423,33.42289],[112.630176,33.422913],[112.629663,33.422989],[112.629175,33.422915],[112.628258,33.422657],[112.627689,33.422413],[112.627102,33.421936],[112.626791,33.421565],[112.626007,33.420468],[112.625924,33.420222],[112.625957,33.420569],[112.625833,33.42139],[112.625723,33.421695],[112.625573,33.421961],[112.625179,33.422263],[112.624669,33.42255],[112.624503,33.422586],[112.62442,33.422637],[112.624012,33.423011],[112.623765,33.423098],[112.622783,33.42326],[112.622746,33.423298],[112.622553,33.422794],[112.622325,33.422431],[112.621603,33.421603],[112.621268,33.421122],[112.621263,33.420851],[112.621204,33.420443],[112.621115,33.420105],[112.621067,33.419998],[112.620909,33.419913],[112.620919,33.419828],[112.621005,33.41966],[112.621008,33.41957],[112.620836,33.419286],[112.620887,33.419181],[112.620858,33.419006],[112.620619,33.418749],[112.620565,33.418616],[112.620589,33.418496],[112.62075,33.418254],[112.62074,33.418189],[112.620335,33.417631],[112.62027,33.417443],[112.620117,33.417414],[112.619613,33.417678],[112.617939,33.418377],[112.617607,33.418549],[112.616223,33.419022],[112.616617,33.423654],[112.616416,33.423434],[112.616105,33.423284],[112.615772,33.423159],[112.615289,33.423049],[112.61489,33.422814],[112.614305,33.422588],[112.613785,33.422485],[112.613318,33.42246],[112.612639,33.422295],[112.612492,33.422133],[112.61228,33.421773],[112.612208,33.421733],[112.612301,33.422084],[112.612495,33.422279],[112.612591,33.422877],[112.612486,33.423504],[112.612199,33.42452],[112.612202,33.424759],[112.612277,33.42503],[112.612583,33.425691],[112.612655,33.425966],[112.612688,33.426734],[112.612596,33.426926],[112.612157,33.427251],[112.611953,33.42737],[112.611676,33.427468],[112.611422,33.427611],[112.610931,33.427822],[112.610628,33.427835],[112.610349,33.427734],[112.609952,33.427446],[112.609576,33.42726],[112.609348,33.427213],[112.608026,33.427029],[112.606744,33.427108],[112.606103,33.426978],[112.605282,33.426749],[112.605118,33.426774],[112.604759,33.426989],[112.604528,33.427186],[112.604461,33.427222],[112.6044,33.427208],[112.604166,33.42707],[112.60386,33.4267],[112.603496,33.42649],[112.603096,33.426087],[112.602608,33.42604],[112.60234,33.425932],[112.601739,33.42548],[112.601495,33.425388],[112.601216,33.425225],[112.600172,33.424513],[112.599832,33.424363],[112.599172,33.424347],[112.599011,33.424365],[112.598939,33.424424],[112.598888,33.424504],[112.598842,33.424748],[112.598703,33.425017],[112.598212,33.425353],[112.597708,33.425856],[112.597539,33.426076],[112.597238,33.426738],[112.596627,33.427018],[112.596428,33.427076],[112.5958,33.427387],[112.595581,33.427526],[112.595369,33.42779],[112.595253,33.428008],[112.595184,33.42805],[112.594993,33.428328],[112.594588,33.428482],[112.594028,33.428491],[112.593019,33.428357],[112.592829,33.428307],[112.592394,33.42811],[112.591954,33.427855],[112.59131,33.427356],[112.591257,33.427383],[112.591002,33.427766],[112.590514,33.428332],[112.590433,33.428379],[112.590082,33.42844],[112.589884,33.428426],[112.589476,33.428359],[112.588907,33.428196],[112.588744,33.428178],[112.588263,33.427983],[112.587909,33.427748],[112.587502,33.427571],[112.586976,33.427394],[112.58682,33.427417],[112.586008,33.427112],[112.585815,33.427103],[112.585265,33.427128],[112.585005,33.427208],[112.584583,33.427508],[112.584361,33.427605],[112.583309,33.427826],[112.582202,33.428175],[112.582003,33.428272],[112.581837,33.428283],[112.581059,33.428975],[112.580834,33.429125],[112.580812,33.429189],[112.581016,33.429937],[112.581271,33.430555],[112.581306,33.430969],[112.581453,33.431531],[112.581483,33.43177],[112.581469,33.432292],[112.581437,33.43254],[112.581343,33.432789],[112.581469,33.433015],[112.581783,33.433373],[112.581984,33.433859],[112.581936,33.434418],[112.581893,33.434564],[112.581738,33.434839],[112.58152,33.435392],[112.581553,33.435793],[112.581636,33.435945],[112.582228,33.43635],[112.582253,33.43652],[112.582046,33.437001],[112.582003,33.437438],[112.581719,33.43821],[112.581614,33.438664],[112.58159,33.439056],[112.581499,33.439459],[112.581488,33.439998],[112.581443,33.440155],[112.581268,33.440388],[112.581142,33.440482],[112.580922,33.440766],[112.580678,33.440977],[112.580407,33.441113],[112.580018,33.441173],[112.578967,33.441097],[112.578833,33.440985],[112.578809,33.440885],[112.578599,33.440686],[112.578527,33.440527],[112.578511,33.440242],[112.578433,33.439985],[112.578286,33.439743],[112.578074,33.439573],[112.577827,33.439504],[112.577323,33.438973],[112.577154,33.438944],[112.576987,33.438799],[112.576226,33.438002],[112.575367,33.437176],[112.575263,33.437098],[112.574903,33.437109],[112.574528,33.43716],[112.573986,33.437315],[112.573694,33.437272],[112.573678,33.437492],[112.573522,33.438067],[112.573197,33.438615],[112.572613,33.440128],[112.572092,33.440878],[112.572312,33.440934],[112.572412,33.441041],[112.572398,33.441283],[112.572471,33.441422],[112.572554,33.441491],[112.573039,33.441729],[112.573543,33.442205],[112.573621,33.442237],[112.574128,33.442216],[112.574818,33.442024],[112.575005,33.442006],[112.575539,33.442357],[112.575842,33.442505],[112.575971,33.442528],[112.576282,33.4427],[112.575732,33.442783],[112.575453,33.442879],[112.576411,33.443893],[112.576175,33.444067],[112.576084,33.444199],[112.575617,33.444517],[112.575236,33.444656],[112.574702,33.444748],[112.5743,33.444719],[112.573836,33.444806],[112.574584,33.445529],[112.574858,33.445853],[112.574976,33.445945],[112.575418,33.446176],[112.575711,33.446531],[112.576633,33.447031],[112.577119,33.447371],[112.577618,33.447604],[112.578229,33.447832],[112.578766,33.448161],[112.57897,33.448355],[112.579482,33.449081],[112.580796,33.450123],[112.58103,33.450358],[112.581367,33.450777],[112.581652,33.451484],[112.581687,33.452155],[112.581638,33.452572],[112.581703,33.452954],[112.581864,33.453301],[112.582392,33.454022],[112.582459,33.454371],[112.582411,33.454754],[112.582414,33.455544],[112.582376,33.456172],[112.582325,33.456528],[112.582296,33.456645],[112.582175,33.456842],[112.581751,33.457367],[112.581703,33.45749],[112.581713,33.457553],[112.581759,33.457705],[112.581966,33.457965],[112.582416,33.458101],[112.582757,33.458399],[112.583385,33.459999],[112.583449,33.460223],[112.583449,33.460453],[112.583494,33.460641],[112.58357,33.460809],[112.5838,33.461158],[112.583862,33.461317],[112.583854,33.461453],[112.583773,33.461738],[112.583996,33.462615],[112.584136,33.462968],[112.584256,33.463118],[112.584305,33.463252],[112.584315,33.463796],[112.58427,33.463991],[112.584127,33.464322],[112.584082,33.464624],[112.584095,33.464752],[112.584173,33.464875],[112.584275,33.464958],[112.58438,33.464989],[112.584519,33.464989],[112.584677,33.464917],[112.585139,33.464631],[112.585407,33.464651],[112.586359,33.464937],[112.587537,33.46494],[112.587773,33.465009],[112.588296,33.465383],[112.588486,33.465696],[112.588542,33.465844],[112.588443,33.466206],[112.588422,33.466707],[112.588518,33.466976],[112.588789,33.46698],[112.588744,33.467074],[112.588422,33.4673],[112.587928,33.467374],[112.587813,33.467533],[112.58781,33.467598],[112.587963,33.467971],[112.588137,33.468265],[112.588151,33.468423],[112.588376,33.468359],[112.588253,33.468018],[112.588663,33.467866],[112.588792,33.46813],[112.588837,33.468388],[112.589111,33.468828],[112.589315,33.46905],[112.589712,33.469278],[112.58946,33.469609],[112.589149,33.47031],[112.58902,33.470815],[112.58899,33.471171],[112.588805,33.471254],[112.588679,33.471366],[112.588609,33.47154],[112.588569,33.471706],[112.588575,33.472238],[112.588607,33.472417],[112.588239,33.472424],[112.587738,33.472491],[112.587786,33.472596],[112.587931,33.472726],[112.588054,33.473003],[112.588073,33.473279],[112.588052,33.473487],[112.587891,33.473782],[112.587738,33.473941],[112.58685,33.473677],[112.58678,33.473735],[112.586491,33.474254],[112.586123,33.474771],[112.58611,33.474892],[112.586525,33.475247],[112.587062,33.476001],[112.587172,33.476095],[112.586946,33.476209],[112.586155,33.476773],[112.585683,33.477438],[112.586212,33.47772],[112.586745,33.478129],[112.586823,33.478138],[112.586909,33.478107],[112.587043,33.477997],[112.587354,33.477494],[112.587478,33.477429],[112.587529,33.477552],[112.58751,33.477659],[112.587381,33.477896],[112.587102,33.478241],[112.587107,33.47842],[112.588183,33.478075],[112.588352,33.478292],[112.588462,33.478496],[112.588583,33.478834],[112.588773,33.479196],[112.58936,33.480145],[112.589583,33.480717],[112.589674,33.48112],[112.589827,33.481619],[112.589943,33.481887],[112.590034,33.482243],[112.591125,33.483823],[112.591544,33.484241],[112.59112,33.484469],[112.590903,33.484666],[112.590656,33.484832],[112.590398,33.485095],[112.590889,33.485503],[112.591112,33.485773],[112.591176,33.485961],[112.591211,33.486241],[112.591171,33.486773],[112.590972,33.487156],[112.590935,33.487319],[112.590506,33.487959],[112.589924,33.489095],[112.589819,33.489379],[112.589546,33.490404],[112.589366,33.490708],[112.589173,33.490927],[112.588663,33.491399],[112.588194,33.491954],[112.58814,33.492117],[112.588097,33.492401],[112.5881,33.492661],[112.588156,33.492907],[112.588591,33.493289],[112.588695,33.49343],[112.58877,33.493634],[112.588776,33.493998],[112.58866,33.494321],[112.588647,33.494839],[112.588733,33.49522],[112.588988,33.495663],[112.589023,33.496003],[112.590675,33.494878],[112.591383,33.494133],[112.591654,33.493734],[112.592359,33.493164],[112.592547,33.492956],[112.592815,33.492732],[112.593496,33.492455],[112.594188,33.492609],[112.594449,33.492612],[112.595224,33.492737],[112.594972,33.492963],[112.594749,33.493113],[112.59436,33.493276],[112.593952,33.493383],[112.593325,33.493766],[112.593091,33.493833],[112.592829,33.493987],[112.592686,33.494117],[112.592292,33.494618],[112.59196,33.494878],[112.59149,33.49543],[112.591605,33.495531],[112.591847,33.496014],[112.592019,33.496665],[112.591882,33.497743],[112.591721,33.498356],[112.591327,33.499121],[112.590975,33.499512],[112.590892,33.49966],[112.590865,33.499778],[112.59075,33.500413],[112.590739,33.500905],[112.590962,33.501355],[112.591042,33.501726],[112.591037,33.501807],[112.590895,33.50203],[112.590849,33.502178],[112.590777,33.502476],[112.590779,33.502632],[112.590804,33.502816],[112.590981,33.503216],[112.590951,33.503426],[112.590887,33.503536],[112.59068,33.503692],[112.590573,33.503961],[112.590573,33.504099],[112.590675,33.504374],[112.590771,33.504484],[112.591013,33.504645],[112.591222,33.504875],[112.591351,33.505124],[112.591343,33.505251],[112.591211,33.50554],[112.590787,33.506045],[112.590543,33.506235],[112.590259,33.506568],[112.590026,33.506707],[112.589516,33.506935],[112.589355,33.507067],[112.589108,33.507421],[112.589079,33.507633],[112.58917,33.508668],[112.589079,33.509196],[112.589116,33.509639],[112.589224,33.510171],[112.589291,33.510283],[112.589532,33.510502],[112.589682,33.510563],[112.589824,33.510674],[112.58994,33.510876],[112.589985,33.511008],[112.589993,33.511196],[112.589972,33.511529],[112.589905,33.511831],[112.589336,33.511963],[112.588939,33.51211],[112.588854,33.512171],[112.588569,33.512488],[112.588266,33.512763],[112.587968,33.51311],[112.58784,33.513327],[112.587408,33.513783],[112.587134,33.513957],[112.586989,33.514],[112.587086,33.514286],[112.587365,33.514765],[112.587853,33.515225],[112.587925,33.515326],[112.588108,33.515811],[112.588457,33.516115],[112.588896,33.516323],[112.589138,33.516563],[112.589285,33.516896],[112.58947,33.517542],[112.589698,33.518475],[112.589712,33.518638],[112.589586,33.519099],[112.589277,33.519749],[112.589251,33.519908],[112.588964,33.52051],[112.588856,33.52065],[112.588524,33.521366],[112.588526,33.52161],[112.588626,33.521912],[112.588588,33.522021],[112.58806,33.522446],[112.587767,33.522743],[112.587453,33.523289],[112.587338,33.523633],[112.587199,33.523895],[112.587217,33.524237],[112.587284,33.524432],[112.587526,33.524839],[112.587689,33.525047],[112.587799,33.52525],[112.587826,33.5254],[112.587802,33.525657],[112.587655,33.525936],[112.587416,33.526205],[112.587338,33.526388],[112.587335,33.526502],[112.587542,33.527271],[112.587692,33.527535],[112.588132,33.527938],[112.58854,33.528224],[112.588658,33.528365],[112.589004,33.52893],[112.589127,33.529494],[112.589406,33.530051],[112.589524,33.530176],[112.58961,33.530326],[112.589857,33.530853],[112.589884,33.531048],[112.589945,33.531137],[112.59005,33.531209],[112.590533,33.531446],[112.590637,33.531533],[112.590742,33.531689],[112.590959,33.532099],[112.59119,33.532823],[112.591951,33.533878],[112.592134,33.534524],[112.592327,33.534829],[112.592576,33.535083],[112.592965,33.5353],[112.593094,33.535441],[112.593365,33.536025],[112.593791,33.53649],[112.594129,33.53676],[112.594374,33.537051],[112.594537,33.537185],[112.594698,33.537279],[112.595366,33.537415],[112.595578,33.537489],[112.595768,33.537637],[112.595859,33.537773],[112.595988,33.538195],[112.595953,33.538929],[112.595908,33.539219],[112.595865,33.539427],[112.595733,33.539709],[112.595374,33.539859],[112.594677,33.540313],[112.594416,33.540617],[112.594446,33.540831],[112.594596,33.541015],[112.594779,33.541366],[112.5948,33.541464],[112.594838,33.541734],[112.594805,33.542372],[112.594832,33.54272],[112.594811,33.542964],[112.594577,33.5438],[112.594438,33.544068],[112.594159,33.544281],[112.59418,33.544627],[112.594124,33.544786],[112.594073,33.544873],[112.593958,33.544936],[112.593802,33.54509],[112.593757,33.54522],[112.59381,33.545589],[112.593816,33.546123],[112.593936,33.546592],[112.594105,33.546811],[112.594081,33.54697],[112.59396,33.547267],[112.593496,33.547938],[112.59307,33.548322],[112.592901,33.548542],[112.592815,33.548723],[112.59274,33.549183],[112.592678,33.549349],[112.592534,33.549579],[112.59241,33.549664],[112.592359,33.549744],[112.592362,33.550097],[112.59252,33.550473],[112.592501,33.550866],[112.592357,33.55122],[112.592104,33.55155],[112.592051,33.551834],[112.592067,33.551897],[112.592904,33.552062],[112.593177,33.552203],[112.594229,33.552874],[112.59443,33.552968],[112.595272,33.553533],[112.595489,33.553701],[112.595487,33.553877],[112.595414,33.554123],[112.595178,33.554427],[112.594824,33.555797],[112.594701,33.556061],[112.594355,33.55622],[112.593985,33.556197],[112.593789,33.556113],[112.59329,33.555985],[112.592812,33.555775],[112.592134,33.555283],[112.591943,33.555089],[112.591589,33.55451],[112.591254,33.553801],[112.591107,33.55341],[112.59104,33.553086],[112.590734,33.553234],[112.590181,33.553605],[112.589892,33.553862],[112.589626,33.554163],[112.589457,33.554503],[112.589433,33.554655],[112.589473,33.555026],[112.589535,33.555218],[112.589529,33.555415],[112.589449,33.555574],[112.589208,33.555779],[112.589132,33.555929],[112.589103,33.556656],[112.589025,33.556881],[112.588964,33.556993],[112.588647,33.55719],[112.588642,33.557335],[112.588561,33.557586],[112.588524,33.557831],[112.588365,33.558337],[112.58839,33.558466],[112.588215,33.559072],[112.588215,33.559157],[112.587998,33.559456],[112.587797,33.559588],[112.587574,33.559642],[112.586989,33.55987],[112.586633,33.560051],[112.586525,33.560142],[112.586402,33.560357],[112.586343,33.560748],[112.586094,33.561061],[112.586,33.561374],[112.58601,33.561783],[112.585957,33.562047],[112.586035,33.562384],[112.586013,33.562994],[112.585919,33.563336],[112.585793,33.563477],[112.584747,33.563833],[112.584205,33.564163],[112.583749,33.564277],[112.583205,33.564546],[112.582926,33.564324],[112.582623,33.564175],[112.582427,33.564119],[112.582081,33.564154],[112.581695,33.564286],[112.581464,33.564461],[112.58122,33.564753],[112.580466,33.565355],[112.580313,33.565545],[112.580233,33.565699],[112.580185,33.565882],[112.580182,33.566186],[112.580126,33.566463],[112.579823,33.567292],[112.57942,33.568153],[112.57945,33.568325],[112.579401,33.568705],[112.57916,33.569094],[112.578951,33.569355],[112.578734,33.569509],[112.578439,33.56965],[112.577881,33.569847],[112.577269,33.570291],[112.576835,33.570365],[112.576448,33.57039],[112.576121,33.570466],[112.57566,33.570642],[112.575145,33.570969],[112.574793,33.570832],[112.574549,33.570788],[112.574295,33.570794],[112.573659,33.571047],[112.573316,33.571049],[112.573012,33.571096],[112.572892,33.571147],[112.572535,33.57157],[112.572401,33.571807],[112.572047,33.572234],[112.571934,33.572256],[112.571779,33.572379],[112.571559,33.572732],[112.571341,33.573235],[112.571323,33.573595],[112.571242,33.573796],[112.571156,33.573836],[112.570872,33.573807],[112.570588,33.573856],[112.570333,33.573999],[112.570239,33.574019],[112.570011,33.574006],[112.569129,33.57414],[112.568504,33.574184],[112.568278,33.574265],[112.568045,33.574468],[112.567643,33.574609],[112.567568,33.574712],[112.567541,33.574821],[112.567509,33.575499],[112.567525,33.57601],[112.567584,33.576417],[112.567439,33.576745],[112.567342,33.577085],[112.567219,33.577315],[112.567104,33.578095],[112.567165,33.5789],[112.567018,33.579309],[112.566715,33.579635],[112.566095,33.579945],[112.565631,33.580231],[112.564818,33.580372],[112.5647,33.58043],[112.564333,33.580759],[112.564158,33.580877],[112.564,33.580953],[112.563705,33.581029],[112.562809,33.581507],[112.562343,33.581836],[112.562238,33.581876],[112.562074,33.581887],[112.56161,33.581811],[112.56105,33.581798],[112.56043,33.58197],[112.55987,33.581957],[112.559322,33.5822],[112.559159,33.582359],[112.558958,33.582645],[112.558722,33.582855],[112.558609,33.583074],[112.558335,33.583422],[112.557692,33.5838],[112.556984,33.584278],[112.556629,33.584448],[112.556002,33.58468],[112.555897,33.584785],[112.555637,33.584902],[112.555481,33.584902],[112.554645,33.584747],[112.554537,33.58475],[112.554159,33.585022],[112.553829,33.585121],[112.553515,33.58538],[112.552928,33.58559],[112.552405,33.586081],[112.55237,33.58614],[112.55233,33.586535],[112.552142,33.586805],[112.551775,33.586998],[112.551568,33.587011],[112.551241,33.587152],[112.550959,33.587223],[112.549916,33.587212],[112.549385,33.587174],[112.548508,33.587259],[112.548433,33.587373],[112.548384,33.587766],[112.548451,33.588012],[112.548443,33.588468],[112.548288,33.588852],[112.548245,33.589093],[112.548347,33.589525],[112.548374,33.589954],[112.548486,33.590329],[112.549784,33.590704],[112.550758,33.591267],[112.55149,33.591806],[112.552188,33.59223],[112.554014,33.592293],[112.554462,33.592402],[112.55509,33.592769],[112.55565,33.593309],[112.55627,33.594617],[112.556662,33.595182],[112.557056,33.595839],[112.557142,33.596442],[112.557474,33.597034],[112.55825,33.597919],[112.558947,33.598515],[112.559644,33.598882],[112.560543,33.599129],[112.562064,33.599398],[112.563064,33.5995],[112.564107,33.600007],[112.564738,33.600546],[112.565196,33.601147],[112.566312,33.601967],[112.567004,33.602161],[112.567871,33.602351],[112.568568,33.602804],[112.568973,33.603383],[112.569432,33.604668],[112.569609,33.605347],[112.569737,33.605657],[112.569949,33.605896],[112.570244,33.606732],[112.570263,33.607176],[112.570338,33.607641],[112.570859,33.608079],[112.571323,33.608271],[112.571771,33.608584],[112.571913,33.609491],[112.572363,33.609589],[112.57264,33.609761],[112.572846,33.610047],[112.572932,33.610471],[112.572945,33.610813],[112.573112,33.611139],[112.573452,33.611405],[112.574096,33.611293],[112.574447,33.611289],[112.574759,33.611371],[112.575282,33.61195],[112.575611,33.612097],[112.577178,33.612479],[112.577551,33.612689],[112.577497,33.613011],[112.577317,33.613337],[112.577237,33.613632],[112.577221,33.614009],[112.577465,33.61434],[112.577797,33.614499],[112.578138,33.614861],[112.578355,33.615247],[112.578452,33.615761],[112.578487,33.616609],[112.578565,33.616976],[112.578707,33.617277],[112.578916,33.617543],[112.579385,33.617979],[112.579672,33.618128],[112.58,33.618193],[112.580324,33.618349],[112.580962,33.619285],[112.581217,33.619464],[112.581775,33.619745],[112.582159,33.619862],[112.582558,33.619931],[112.582727,33.620737],[112.582993,33.621155],[112.583339,33.621351],[112.58365,33.621376],[112.584098,33.621342],[112.585705,33.620659],[112.586528,33.620476],[112.586976,33.620498],[112.588467,33.621057],[112.589369,33.621334],[112.593539,33.621452],[112.594194,33.621414],[112.594741,33.621206],[112.595288,33.620882],[112.59579,33.620038],[112.596291,33.619312],[112.597206,33.618408],[112.598024,33.617905],[112.598638,33.617697],[112.599982,33.617621],[112.601358,33.617458],[112.602053,33.617474],[112.6026,33.617677],[112.602938,33.617521],[112.603061,33.617038],[112.603048,33.616623],[112.603083,33.615933],[112.603174,33.615549],[112.60378,33.615088],[112.604051,33.6147],[112.604233,33.614365],[112.604673,33.613811],[112.605,33.61289],[112.605298,33.612453],[112.605971,33.611669],[112.606001,33.611371],[112.604727,33.610594],[112.604531,33.610226],[112.604853,33.608968],[112.604845,33.608622],[112.604349,33.60788],[112.604204,33.607507],[112.604266,33.607074],[112.604429,33.606667],[112.604869,33.6062],[112.606773,33.604377],[112.607044,33.604127],[112.607844,33.603669],[112.608179,33.603372],[112.608452,33.60297],[112.608562,33.602369],[112.60856,33.601931],[112.608632,33.601556],[112.609056,33.601071],[112.609187,33.600778],[112.609402,33.600593],[112.611752,33.600318],[112.61449,33.599619],[112.614892,33.599433],[112.616081,33.59927],[112.616746,33.599004],[112.617202,33.598937],[112.618441,33.598788],[112.619302,33.59875],[112.620099,33.598998],[112.620611,33.599071],[112.621064,33.59898],[112.621898,33.598638],[112.622193,33.598551],[112.622518,33.598645],[112.622944,33.598703],[112.623741,33.598546],[112.624943,33.598243],[112.626611,33.597268],[112.627121,33.596831],[112.627496,33.596768],[112.627708,33.596967],[112.627786,33.597427],[112.628038,33.598115],[112.628395,33.598745],[112.628883,33.598998],[112.630683,33.599407],[112.632099,33.599677],[112.633727,33.600202],[112.63491,33.600792],[112.635537,33.601216],[112.635996,33.601757],[112.636315,33.602034],[112.636825,33.603224],[112.637104,33.603455],[112.637847,33.603544],[112.638434,33.603553],[112.639204,33.603848],[112.639553,33.604015],[112.639834,33.604388],[112.641304,33.605271],[112.641672,33.605537],[112.642058,33.605733],[112.642677,33.605901],[112.643962,33.606629],[112.644373,33.606656],[112.644866,33.606522],[112.64617,33.606321],[112.646939,33.606131],[112.647272,33.606167],[112.647597,33.606247],[112.648549,33.606596],[112.648857,33.606839],[112.649858,33.607491],[112.650332,33.607876],[112.650689,33.60809],[112.651145,33.608309],[112.651478,33.608521],[112.651813,33.608441],[112.652561,33.608007],[112.652972,33.607976],[112.653358,33.607721],[112.653849,33.607686],[112.654096,33.607433],[112.654442,33.606843],[112.654772,33.606765],[112.655136,33.606832],[112.655455,33.606736],[112.655565,33.606312],[112.655541,33.605856],[112.655657,33.605291],[112.655442,33.604585],[112.655351,33.604071],[112.655244,33.604073],[112.655222,33.603285],[112.655254,33.602811],[112.655321,33.602454],[112.65534,33.602029],[112.654999,33.601844],[112.654299,33.601777],[112.654007,33.601513],[112.65386,33.601265],[112.653817,33.60108],[112.653838,33.600687],[112.653948,33.600394],[112.654023,33.599598],[112.654168,33.599163],[112.654345,33.599],[112.654533,33.598756],[112.654589,33.598582],[112.654619,33.598202],[112.654919,33.597894],[112.654949,33.597834],[112.654935,33.597604],[112.655072,33.597306],[112.655394,33.596971],[112.655485,33.596828],[112.655568,33.596549],[112.655563,33.59627],[112.655657,33.596134],[112.656343,33.595832],[112.656539,33.595662],[112.656679,33.595604],[112.657607,33.595629],[112.65836,33.595787],[112.658457,33.595729],[112.658685,33.595345],[112.658763,33.595273],[112.658838,33.595226],[112.659168,33.595153],[112.659291,33.595099],[112.659339,33.595045],[112.659369,33.594994],[112.659449,33.59427],[112.659431,33.594107],[112.659264,33.593629],[112.659358,33.593122],[112.659463,33.592847],[112.659455,33.59257],[112.659586,33.59242],[112.659954,33.592157],[112.660568,33.591576],[112.660747,33.591475],[112.661166,33.590769],[112.6616,33.590307],[112.661847,33.589815],[112.661957,33.589701],[112.662115,33.589632],[112.662274,33.589462],[112.662392,33.589129],[112.662585,33.588917],[112.662773,33.588617],[112.662888,33.588356],[112.662907,33.588233],[112.662866,33.587764],[112.662904,33.587462],[112.662815,33.587199],[112.66252,33.586741],[112.662038,33.586278],[112.661759,33.585898],[112.661713,33.585639],[112.661729,33.584781],[112.661477,33.584459],[112.661464,33.584377],[112.661496,33.583983],[112.661582,33.58372],[112.661571,33.583597],[112.661169,33.58321],[112.661096,33.583078],[112.661029,33.582689],[112.661051,33.582569],[112.661139,33.582444],[112.661166,33.582339],[112.66115,33.581979],[112.660817,33.58113],[112.660806,33.58102],[112.660841,33.580839],[112.660664,33.580173],[112.660651,33.579943],[112.660509,33.579566],[112.660334,33.579344],[112.660195,33.579248],[112.660109,33.579107],[112.660058,33.578938],[112.660058,33.578649],[112.660114,33.578488],[112.66042,33.577928],[112.660447,33.577713],[112.660348,33.57755],[112.659865,33.577215],[112.659734,33.576962],[112.659691,33.576636],[112.65965,33.576544],[112.65894,33.57624],[112.658631,33.576028],[112.65813,33.575749],[112.657851,33.57557],[112.657572,33.57525],[112.657534,33.575125],[112.657599,33.574725],[112.657561,33.574475],[112.657505,33.574354],[112.657499,33.573843],[112.657379,33.573396],[112.657357,33.573114],[112.657489,33.572868],[112.657733,33.572622],[112.657872,33.572377],[112.657928,33.572095],[112.657934,33.571574],[112.657773,33.571168],[112.657548,33.570765],[112.65758,33.570399],[112.65754,33.570253],[112.657076,33.569961],[112.657,33.569885],[112.656893,33.569688],[112.656622,33.568667],[112.656475,33.568448],[112.656164,33.568168],[112.656048,33.567511],[112.65596,33.567279],[112.655791,33.566997],[112.656327,33.567],[112.656459,33.566982],[112.656601,33.566919],[112.656695,33.566812],[112.656799,33.566588],[112.65711,33.566262],[112.657776,33.565793],[112.658114,33.565703],[112.658854,33.565743],[112.659197,33.565712],[112.65953,33.565605],[112.659742,33.565475],[112.659903,33.565328],[112.659978,33.564925],[112.66008,33.564727],[112.660257,33.564505],[112.660624,33.56417],[112.661155,33.56383],[112.661549,33.563468],[112.661804,33.563312],[112.661949,33.562836],[112.662019,33.562749],[112.662577,33.562311],[112.662735,33.562145],[112.662966,33.56166],[112.663207,33.561414],[112.663982,33.560889],[112.664106,33.560719],[112.66421,33.560453],[112.664229,33.560308],[112.664068,33.559758],[112.663945,33.559461],[112.663923,33.559226],[112.663953,33.558987],[112.664146,33.558652],[112.664143,33.558558],[112.664049,33.558477],[112.663797,33.558415],[112.663569,33.55831],[112.663143,33.557952],[112.663019,33.557673],[112.662791,33.557306],[112.662601,33.557145],[112.662357,33.556998],[112.662064,33.556705],[112.661984,33.556524],[112.66189,33.55592],[112.661925,33.555835],[112.662182,33.555614],[112.662722,33.555245],[112.662786,33.555147],[112.662834,33.554751],[112.662933,33.554528],[112.663271,33.554172],[112.663285,33.554114],[112.663266,33.553929],[112.663194,33.553806],[112.663204,33.553638],[112.663322,33.553372],[112.66347,33.553193],[112.663499,33.553023],[112.66347,33.552733],[112.663237,33.552105],[112.663191,33.551798],[112.66322,33.551689],[112.663253,33.550629],[112.66314,33.550276],[112.662979,33.549981],[112.662947,33.54986],[112.6631,33.549393],[112.663212,33.548915],[112.663569,33.548045],[112.663875,33.547717],[112.663958,33.547491],[112.663894,33.546791],[112.663934,33.546328],[112.664068,33.545857],[112.664283,33.545425],[112.664645,33.543751],[112.664795,33.543467],[112.664999,33.543261],[112.665197,33.542962],[112.665339,33.542457],[112.665653,33.542083],[112.666069,33.541732],[112.666313,33.541667],[112.666589,33.541495],[112.667091,33.541082],[112.667373,33.540945],[112.667555,33.540816],[112.667716,33.540657],[112.66785,33.540433],[112.66793,33.540094],[112.667968,33.540042],[112.668708,33.539541],[112.668899,33.53928],[112.669124,33.538844],[112.669253,33.538705],[112.669521,33.538593],[112.669687,33.538562],[112.66987,33.53847],[112.670331,33.538336],[112.67065,33.538292],[112.671101,33.538285],[112.671409,33.538149],[112.671433,33.538093],[112.671407,33.537976],[112.67123,33.537663],[112.671176,33.537368],[112.671246,33.537082],[112.671616,33.536063],[112.671589,33.535908],[112.67138,33.535394],[112.671425,33.535168],[112.671498,33.535005],[112.671482,33.534766],[112.671082,33.534287],[112.671018,33.534153],[112.670505,33.53363],[112.670063,33.53325],[112.669301,33.532727],[112.669352,33.532273],[112.669609,33.531964],[112.669977,33.531716],[112.670422,33.531352],[112.670929,33.530842],[112.672069,33.530017],[112.672662,33.529648],[112.672793,33.529597],[112.673169,33.529304],[112.673273,33.529118],[112.673448,33.528105],[112.673542,33.527994],[112.673992,33.527783],[112.674234,33.527562],[112.674319,33.527421],[112.674427,33.527054],[112.67447,33.526753],[112.674446,33.526001],[112.674561,33.525816],[112.675033,33.525465],[112.675325,33.525114],[112.675526,33.524693],[112.675612,33.524344],[112.675674,33.524036],[112.675661,33.523741],[112.675889,33.523569],[112.676741,33.523162],[112.677549,33.52294],[112.678144,33.522726],[112.678069,33.522493],[112.678053,33.52209],[112.677948,33.521368],[112.677957,33.520984],[112.678056,33.520807],[112.678037,33.52055],[112.677608,33.51993],[112.676986,33.519273],[112.676908,33.519125],[112.676913,33.518962],[112.676975,33.518803],[112.677305,33.518365],[112.677388,33.518052],[112.677348,33.517822],[112.677482,33.517594],[112.677552,33.51752],[112.677718,33.517428],[112.677903,33.517037],[112.678284,33.516739],[112.678324,33.516677],[112.67838,33.516361],[112.678308,33.516147],[112.678077,33.515966],[112.678069,33.515793],[112.67797,33.515489],[112.677898,33.515391],[112.677624,33.515192],[112.677417,33.51489],[112.677396,33.514814],[112.677393,33.514622],[112.677484,33.514447],[112.677498,33.514275],[112.677519,33.514244],[112.677608,33.514237],[112.67768,33.513948],[112.677688,33.513658],[112.677788,33.513557],[112.677898,33.513295],[112.6779,33.513126],[112.677619,33.5122],[112.67756,33.51171],[112.677586,33.511372],[112.677758,33.51112],[112.677766,33.511001],[112.677667,33.51078],[112.677329,33.510348],[112.677098,33.509986],[112.676951,33.509617],[112.676865,33.509207],[112.677259,33.509248],[112.677731,33.509216],[112.678455,33.508809],[112.678694,33.508532],[112.678887,33.508098],[112.678871,33.507879],[112.678297,33.507293],[112.67782,33.506483],[112.677643,33.506034],[112.677586,33.50549],[112.677522,33.50526],[112.677423,33.504616],[112.677562,33.504576],[112.677796,33.504408],[112.67771,33.504211],[112.67779,33.503793],[112.677723,33.503645],[112.677696,33.503424],[112.67756,33.503048],[112.677144,33.503104],[112.677074,33.50284],[112.677581,33.502704],[112.677484,33.502035],[112.677425,33.501883],[112.677294,33.501836],[112.676983,33.501894],[112.676739,33.502039],[112.676634,33.502037],[112.676527,33.501986],[112.676063,33.501516],[112.675738,33.501261],[112.675494,33.501107],[112.674821,33.500782],[112.674671,33.500297],[112.673928,33.50017],[112.674212,33.499881],[112.675036,33.499264],[112.675159,33.499033],[112.675194,33.498866],[112.674856,33.498568],[112.674792,33.498548],[112.674741,33.498582],[112.674673,33.498579],[112.674521,33.498505],[112.673863,33.498054],[112.673786,33.497971],[112.673692,33.497649],[112.673646,33.497606],[112.673593,33.4976],[112.673453,33.497669],[112.673137,33.497922],[112.673053,33.498029],[112.672943,33.498076],[112.672898,33.498058],[112.672758,33.497785],[112.672675,33.497707],[112.672201,33.497754],[112.672158,33.497727],[112.672013,33.497412],[112.671871,33.497224],[112.671543,33.4969],[112.671471,33.496779],[112.671466,33.496709],[112.671699,33.496059],[112.671852,33.495251],[112.67171,33.494437],[112.671903,33.49384],[112.671879,33.493656],[112.671761,33.493305],[112.671774,33.493048],[112.672351,33.491961],[112.67249,33.491757],[112.673166,33.491882],[112.675221,33.492059],[112.675481,33.49205],[112.675996,33.491941],[112.676428,33.491782],[112.676959,33.491493],[112.677817,33.491216],[112.678622,33.490737],[112.678686,33.490657],[112.678836,33.490578],[112.679048,33.490491],[112.679571,33.490352],[112.679837,33.490151],[112.680057,33.489724],[112.68014,33.489657],[112.680191,33.48956],[112.68033,33.488713],[112.680191,33.488585],[112.67999,33.488505],[112.679713,33.488449],[112.679343,33.488431],[112.67889,33.488341],[112.678504,33.488185],[112.678394,33.488035],[112.678496,33.487509],[112.678598,33.487252],[112.678914,33.486751],[112.679099,33.486657],[112.679695,33.48659],[112.679805,33.48655],[112.680134,33.486183],[112.680269,33.485811],[112.680236,33.485652],[112.680306,33.485512],[112.680317,33.48516],[112.680502,33.484955],[112.680899,33.484735],[112.68102,33.48461],[112.681189,33.484281],[112.681226,33.483823],[112.681484,33.483451],[112.681746,33.483241],[112.681897,33.482923],[112.681937,33.482767],[112.681924,33.482653],[112.681865,33.482509],[112.681687,33.482319],[112.681508,33.482033],[112.681521,33.481952],[112.681594,33.481865],[112.681749,33.481767],[112.682138,33.481617],[112.682189,33.481565],[112.68224,33.481429],[112.682224,33.481308],[112.681899,33.480733],[112.681789,33.480438],[112.681848,33.479934],[112.681832,33.47923],[112.681634,33.477952],[112.681462,33.477118],[112.681341,33.476827],[112.681143,33.476565],[112.680837,33.47625],[112.680542,33.475995],[112.680338,33.475867],[112.680164,33.475666],[112.680022,33.475375],[112.680049,33.474771],[112.680151,33.474471],[112.680306,33.474158],[112.680395,33.474095],[112.681009,33.473847],[112.681462,33.473807],[112.681725,33.473699],[112.681972,33.473473],[112.682151,33.473079],[112.682323,33.472927],[112.681773,33.472435],[112.681299,33.472124],[112.681242,33.472053],[112.681164,33.471883],[112.681132,33.471258],[112.68103,33.471095],[112.680808,33.47103],[112.680454,33.470996],[112.680188,33.471035],[112.680035,33.471003],[112.68,33.47095],[112.679998,33.470782],[112.679957,33.470636],[112.67996,33.470377],[112.679866,33.470059],[112.679842,33.469524],[112.679807,33.469428],[112.678858,33.468851],[112.67897,33.468211],[112.679255,33.467441],[112.679673,33.466846],[112.679917,33.466369],[112.680019,33.466237],[112.680397,33.465978],[112.681046,33.465844],[112.681111,33.465633],[112.681119,33.465544],[112.681057,33.465266],[112.680936,33.464861],[112.680652,33.464123],[112.680183,33.463564],[112.679971,33.463221],[112.680067,33.46308],[112.680011,33.462646],[112.680051,33.462317],[112.680027,33.462011],[112.680285,33.46146],[112.680531,33.461057],[112.680666,33.460914],[112.680006,33.461091],[112.679864,33.461028],[112.679665,33.461071],[112.67937,33.46106],[112.678949,33.46112],[112.678482,33.461095],[112.678415,33.461185],[112.678099,33.46101],[112.678064,33.46095],[112.67723,33.460901],[112.676634,33.460805],[112.675628,33.460395],[112.675312,33.460314],[112.674641,33.459858],[112.67447,33.459782],[112.674268,33.459784],[112.674134,33.459824],[112.673821,33.459979],[112.673413,33.459999],[112.672994,33.459914],[112.672834,33.459833],[112.672774,33.459768],[112.672713,33.459428],[112.672662,33.459332],[112.672498,33.459269],[112.672359,33.459308],[112.672319,33.459357],[112.672276,33.459451],[112.67227,33.459697],[112.672209,33.459768],[112.672104,33.459809],[112.672064,33.459786],[112.672074,33.459695],[112.671745,33.459252],[112.67172,33.459122],[112.671533,33.457294],[112.671597,33.457126],[112.671602,33.456835],[112.671683,33.456721],[112.67168,33.456515],[112.671559,33.456345],[112.671452,33.456342],[112.671294,33.45641],[112.67065,33.456334],[112.670481,33.456376],[112.670406,33.456428],[112.670192,33.456745],[112.670154,33.456913],[112.670151,33.457173],[112.670076,33.457524],[112.670001,33.457609],[112.669719,33.45771],[112.669537,33.457341],[112.66936,33.457106],[112.669132,33.457059],[112.669213,33.456853],[112.669376,33.456752],[112.669438,33.456497],[112.669406,33.456381],[112.669309,33.456273],[112.669164,33.456177],[112.669129,33.456063],[112.669424,33.456083],[112.669781,33.456007],[112.670814,33.455633],[112.670009,33.455561],[112.669545,33.455454],[112.669422,33.455356],[112.669583,33.4547],[112.669693,33.454633],[112.669757,33.454496],[112.66976,33.453825],[112.6698,33.45346],[112.670095,33.452616],[112.670157,33.452256],[112.670339,33.451835],[112.670803,33.451139],[112.670937,33.45099],[112.670988,33.450853],[112.670913,33.450502],[112.67076,33.450135],[112.670752,33.45],[112.670897,33.449521],[112.670889,33.44938],[112.670932,33.44915],[112.670865,33.448922],[112.670717,33.448702],[112.670623,33.448465],[112.670578,33.448183],[112.670588,33.44776],[112.670446,33.447277],[112.67024,33.447033],[112.669955,33.446979],[112.669615,33.446758],[112.66863,33.44578],[112.668529,33.445636],[112.668419,33.445421],[112.668394,33.445184],[112.668464,33.444497],[112.66918,33.443629],[112.669473,33.443353],[112.670138,33.442879],[112.670371,33.442785],[112.671554,33.442165],[112.671723,33.442129],[112.672506,33.441776],[112.672603,33.4418],[112.672976,33.44221],[112.673145,33.442769],[112.673276,33.442915],[112.673762,33.442765],[112.674049,33.44261],[112.6744,33.442514],[112.674502,33.442783],[112.674534,33.443078],[112.67459,33.443112],[112.675073,33.44315],[112.675776,33.443284],[112.67591,33.443098],[112.675996,33.442828],[112.6762,33.442375],[112.676224,33.442212],[112.676291,33.442138],[112.676559,33.442125],[112.676897,33.442192],[112.677128,33.442293],[112.677417,33.442183],[112.677525,33.441845],[112.677758,33.441516],[112.678016,33.441232],[112.678176,33.440981],[112.678836,33.440621],[112.679231,33.440529],[112.679563,33.440567],[112.679705,33.44052],[112.679799,33.440274],[112.67978,33.440164],[112.679357,33.439929],[112.678893,33.439793],[112.678305,33.439669],[112.67827,33.43962],[112.677643,33.439392],[112.67727,33.439354],[112.676787,33.439584],[112.676645,33.439613],[112.676208,33.439569],[112.675894,33.439463],[112.675677,33.439128],[112.675502,33.438736],[112.675465,33.438564],[112.675355,33.438371],[112.674885,33.43804],[112.674593,33.437892],[112.674389,33.437568],[112.674078,33.436675],[112.674089,33.436316],[112.674413,33.435775],[112.674767,33.43505],[112.674896,33.434674],[112.67492,33.434479],[112.675006,33.434277],[112.675022,33.434051],[112.67495,33.433769],[112.674797,33.433463],[112.674612,33.433225],[112.674582,33.433125],[112.674692,33.432995],[112.675001,33.432813],[112.674349,33.431692],[112.67415,33.43145],[112.673585,33.431869],[112.673217,33.432061],[112.67296,33.432272],[112.672836,33.432305],[112.672729,33.431864],[112.672745,33.431076],[112.67278,33.430839],[112.672761,33.430743],[112.672707,33.4307],[112.672324,33.430685],[112.672155,33.430577],[112.671782,33.430192],[112.671637,33.429989],[112.671366,33.429339],[112.671305,33.429098],[112.67216,33.428666],[112.672815,33.428395],[112.673386,33.428028],[112.673601,33.427844],[112.673762,33.427649],[112.673893,33.427394],[112.673523,33.427338],[112.67367,33.426584],[112.673872,33.426329],[112.674344,33.426031],[112.674593,33.425932],[112.674765,33.425789],[112.674832,33.425715],[112.674859,33.425565],[112.674676,33.425071],[112.674547,33.424871],[112.674566,33.424757],[112.674671,33.424571],[112.674829,33.42441],[112.674454,33.424341],[112.673732,33.424012],[112.674255,33.423709],[112.674537,33.423495],[112.675022,33.423286],[112.675022,33.422944],[112.674971,33.422827],[112.674647,33.422451],[112.674397,33.422272],[112.673866,33.421697],[112.673523,33.421511],[112.672758,33.420891],[112.672209,33.420575],[112.671887,33.420466],[112.671551,33.420298],[112.670972,33.419969],[112.670597,33.419713],[112.670052,33.419539],[112.669309,33.419174],[112.668936,33.419055],[112.668521,33.418854],[112.668405,33.418766],[112.668011,33.418639],[112.667622,33.418455],[112.667354,33.418386],[112.666892,33.418137],[112.666093,33.417822],[112.665369,33.41764],[112.664409,33.417343],[112.664181,33.417325],[112.663392,33.417114],[112.663462,33.417358]]]}},{"type":"Feature","properties":{"regionCode":"411321302","sourceCode":"411321302000","name":"皇后乡","sourceName":"皇后乡","parentCode":"411321","parentName":"南召县","regionLevel":"township","regionType":"township","isManagementZone":false,"source":"ruiduobao","sourceVersion":"mixed-legacy~2018-2020","geometryRepaired":false,"match2020":true,"match2023":true},"geometry":{"type":"Polygon","coordinates":[[[112.796845,33.452635],[112.795579,33.453552],[112.792514,33.454071],[112.789754,33.455996],[112.787004,33.458388],[112.784486,33.458428],[112.78333,33.456566],[112.781077,33.455897],[112.779095,33.454756],[112.776015,33.454803],[112.771533,33.454637],[112.767642,33.456105],[112.764847,33.456383],[112.762905,33.457352],[112.7618,33.458072],[112.758391,33.455774],[112.758868,33.45154],[112.759936,33.448942],[112.760756,33.44637],[112.760625,33.446397],[112.760416,33.44657],[112.760091,33.446706],[112.759882,33.446919],[112.759246,33.447201],[112.758798,33.447677],[112.758085,33.448018],[112.7579,33.448062],[112.757237,33.44793],[112.757103,33.447973],[112.756889,33.447834],[112.756768,33.447803],[112.756484,33.44785],[112.756178,33.448071],[112.755853,33.448479],[112.755585,33.44889],[112.755574,33.449239],[112.75548,33.449269],[112.754963,33.449593],[112.754713,33.449676],[112.75456,33.449703],[112.753458,33.449696],[112.752782,33.449824],[112.752409,33.449942],[112.751873,33.450025],[112.751779,33.449996],[112.751355,33.449703],[112.751237,33.449667],[112.750111,33.448926],[112.749885,33.448832],[112.749582,33.448803],[112.749089,33.448837],[112.74859,33.448821],[112.747404,33.448335],[112.747276,33.44832],[112.74701,33.448382],[112.746744,33.448362],[112.745913,33.448917],[112.744626,33.449275],[112.744282,33.449394],[112.743993,33.449546],[112.742963,33.44998],[112.741616,33.450388],[112.74072,33.450934],[112.740487,33.451039],[112.739395,33.451824],[112.739178,33.451932],[112.738153,33.452317],[112.73752,33.452408],[112.736852,33.452437],[112.736378,33.452375],[112.736013,33.452267],[112.734653,33.452276],[112.733113,33.452236],[112.733199,33.453189],[112.733639,33.454355],[112.733746,33.454481],[112.73442,33.454868],[112.734784,33.455253],[112.734962,33.455691],[112.73498,33.45643],[112.734814,33.456915],[112.734664,33.457211],[112.73454,33.457605],[112.734497,33.457927],[112.734219,33.458847],[112.733926,33.459135],[112.733803,33.459341],[112.733626,33.459478],[112.732757,33.459822],[112.732143,33.460165],[112.731778,33.460431],[112.73152,33.460769],[112.731413,33.461104],[112.73118,33.461319],[112.730893,33.461397],[112.730563,33.461422],[112.729946,33.461538],[112.729077,33.461908],[112.728342,33.462324],[112.727824,33.462536],[112.727556,33.462711],[112.726743,33.463018],[112.726692,33.463091],[112.726821,33.463367],[112.727129,33.46381],[112.727239,33.46391],[112.72776,33.464613],[112.727862,33.464787],[112.727907,33.46496],[112.727931,33.465192],[112.727862,33.465298],[112.727728,33.465649],[112.727652,33.465754],[112.727636,33.465897],[112.727534,33.466179],[112.727529,33.466291],[112.727583,33.466602],[112.72772,33.466913],[112.727754,33.467242],[112.727934,33.467607],[112.728039,33.467752],[112.728085,33.467929],[112.728117,33.468124],[112.727964,33.46875],[112.727972,33.468949],[112.728288,33.469294],[112.728495,33.469421],[112.728696,33.469497],[112.729822,33.46965],[112.731045,33.469681],[112.731343,33.469735],[112.731909,33.469965],[112.732266,33.470052],[112.733038,33.470072],[112.733148,33.470374],[112.733315,33.470607],[112.733425,33.470708],[112.733628,33.471026],[112.733972,33.471384],[112.734143,33.471755],[112.734296,33.472782],[112.734377,33.47312],[112.73465,33.473592],[112.73475,33.474006],[112.735021,33.474241],[112.735275,33.474536],[112.73557,33.474757],[112.735817,33.475021],[112.73608,33.475357],[112.736284,33.47572],[112.736456,33.476456],[112.736453,33.477107],[112.736549,33.477525],[112.736678,33.477679],[112.736823,33.477791],[112.737284,33.478037],[112.73759,33.478239],[112.737759,33.47846],[112.737818,33.478635],[112.737813,33.478764],[112.737684,33.478923],[112.737198,33.479301],[112.736643,33.480147],[112.736442,33.480375],[112.735847,33.480796],[112.735595,33.481143],[112.735281,33.481326],[112.735034,33.481384],[112.734846,33.481483],[112.7345,33.481507],[112.734063,33.481377],[112.733315,33.481424],[112.732722,33.481675],[112.732118,33.482131],[112.731783,33.482205],[112.731067,33.481968],[112.730555,33.481679],[112.730313,33.481476],[112.730005,33.481275],[112.729492,33.481066],[112.728924,33.48099],[112.728122,33.481024],[112.727505,33.481118],[112.726918,33.481319],[112.726687,33.481357],[112.726464,33.481456],[112.726255,33.481581],[112.725719,33.482093],[112.725225,33.482357],[112.724833,33.4825],[112.724595,33.482697],[112.724415,33.482957],[112.724249,33.483559],[112.724209,33.483641],[112.724096,33.483713],[112.723323,33.483925],[112.722519,33.484066],[112.722328,33.484064],[112.721996,33.483955],[112.721714,33.483943],[112.721534,33.483986],[112.720891,33.484035],[112.720247,33.484149],[112.720215,33.484234],[112.719992,33.484489],[112.719949,33.484682],[112.720354,33.485456],[112.720405,33.486066],[112.720362,33.486346],[112.720378,33.486614],[112.72058,33.487017],[112.720612,33.487192],[112.719949,33.487355],[112.719692,33.487355],[112.719088,33.48757],[112.718815,33.487717],[112.718493,33.487963],[112.71805,33.488364],[112.717769,33.488502],[112.717398,33.488583],[112.716851,33.488567],[112.71661,33.488646],[112.716484,33.48863],[112.715781,33.488746],[112.715443,33.488892],[112.715043,33.489147],[112.714952,33.489158],[112.714617,33.489089],[112.714461,33.48931],[112.71429,33.489677],[112.714338,33.489838],[112.714078,33.490156],[112.71385,33.490594],[112.713895,33.491169],[112.71419,33.491829],[112.714188,33.491988],[112.714056,33.492471],[112.714059,33.492567],[112.714142,33.492759],[112.71415,33.492905],[112.714113,33.493019],[112.713866,33.493433],[112.713651,33.494001],[112.713579,33.494115],[112.713466,33.494687],[112.713402,33.494839],[112.713018,33.495419],[112.712533,33.495906],[112.712173,33.496103],[112.711337,33.496302],[112.711457,33.496741],[112.711385,33.497137],[112.711299,33.497333],[112.710797,33.49787],[112.710446,33.498063],[112.709928,33.498517],[112.710194,33.4991],[112.709923,33.499622],[112.709802,33.499984],[112.709845,33.500062],[112.709566,33.500655],[112.709057,33.501228],[112.708349,33.501608],[112.708185,33.501755],[112.707938,33.502077],[112.707498,33.502543],[112.707099,33.502782],[112.706734,33.502849],[112.706482,33.502789],[112.70623,33.502607],[112.705967,33.502292],[112.705825,33.502214],[112.70565,33.50223],[112.705428,33.50233],[112.705269,33.502525],[112.705087,33.503102],[112.70487,33.50356],[112.704797,33.503681],[112.704159,33.504415],[112.704001,33.504811],[112.703918,33.504907],[112.703824,33.505235],[112.703741,33.505356],[112.703692,33.50556],[112.703684,33.505846],[112.703985,33.506557],[112.704473,33.507235],[112.704572,33.507467],[112.704623,33.507644],[112.704612,33.507877],[112.704779,33.50904],[112.704768,33.509225],[112.704862,33.509574],[112.705538,33.509726],[112.706294,33.509717],[112.707313,33.509639],[112.708904,33.509623],[112.709397,33.509704],[112.709556,33.509771],[112.709773,33.509925],[112.710175,33.510549],[112.710207,33.510639],[112.710237,33.51137],[112.710293,33.511515],[112.711143,33.511936],[112.711353,33.511996],[112.712241,33.51184],[112.712442,33.511835],[112.712597,33.511896],[112.712616,33.512007],[112.712565,33.51222],[112.712605,33.512309],[112.712608,33.512618],[112.712479,33.512904],[112.712487,33.512987],[112.7126,33.513295],[112.712823,33.513519],[112.712884,33.513622],[112.712857,33.513705],[112.712772,33.513785],[112.712675,33.51453],[112.712522,33.51476],[112.712447,33.514995],[112.712232,33.515424],[112.71212,33.515755],[112.711768,33.516218],[112.711653,33.516493],[112.711709,33.516813],[112.711667,33.517283],[112.711487,33.517562],[112.710996,33.518144],[112.710862,33.518466],[112.710749,33.51904],[112.71043,33.519492],[112.710406,33.519747],[112.710465,33.520232],[112.710446,33.520326],[112.710299,33.520617],[112.710191,33.520711],[112.710001,33.521069],[112.709845,33.521569],[112.709802,33.522003],[112.709738,33.522287],[112.709743,33.522864],[112.710001,33.523584],[112.709816,33.524103],[112.709754,33.524188],[112.709416,33.52447],[112.708783,33.524883],[112.708357,33.525286],[112.707788,33.525659],[112.707404,33.526046],[112.707244,33.526095],[112.706337,33.526791],[112.706176,33.526876],[112.706077,33.526961],[112.705945,33.527312],[112.705988,33.527871],[112.7062,33.52815],[112.706265,33.528275],[112.706348,33.528617],[112.706479,33.52879],[112.706535,33.528921],[112.706637,33.529252],[112.706578,33.529431],[112.706594,33.529597],[112.706774,33.530042],[112.707056,33.530359],[112.707166,33.530536],[112.707587,33.530956],[112.708204,33.53166],[112.70837,33.531727],[112.708928,33.532072],[112.709041,33.532197],[112.709097,33.532441],[112.70907,33.532555],[112.708864,33.532756],[112.708611,33.533286],[112.708206,33.533885],[112.707936,33.534008],[112.707616,33.53427],[112.707488,33.534339],[112.707402,33.534486],[112.707249,33.534907],[112.707203,33.535144],[112.707206,33.535394],[112.707305,33.535906],[112.707305,33.536063],[112.707364,33.536237],[112.707624,33.536496],[112.707654,33.53668],[112.707598,33.536901],[112.707501,33.537082],[112.707496,33.537467],[112.707466,33.53759],[112.707187,33.537997],[112.707056,33.538513],[112.706997,33.538551],[112.707008,33.538884],[112.707187,33.539278],[112.707372,33.539582],[112.707828,33.539928],[112.708048,33.540223],[112.708384,33.540901],[112.70822,33.541033],[112.707587,33.541379],[112.707337,33.541614],[112.707123,33.541721],[112.706541,33.541837],[112.706283,33.541963],[112.705924,33.542193],[112.705669,33.542501],[112.705602,33.54298],[112.705508,33.543295],[112.705401,33.543516],[112.705299,33.54393],[112.705278,33.544207],[112.705371,33.544464],[112.705366,33.544663],[112.705047,33.545115],[112.704929,33.545396],[112.70494,33.545901],[112.705076,33.546194],[112.705087,33.546282],[112.705058,33.54648],[112.704524,33.547185],[112.704223,33.547862],[112.704028,33.548188],[112.704057,33.548539],[112.704017,33.548848],[112.703934,33.549076],[112.703609,33.54929],[112.703341,33.54955],[112.703282,33.549679],[112.703242,33.549943],[112.703271,33.550198],[112.703344,33.550296],[112.703518,33.550446],[112.703915,33.550667],[112.704119,33.550835],[112.705127,33.552411],[112.705556,33.55347],[112.705669,33.55362],[112.70605,33.553875],[112.706147,33.554038],[112.706106,33.554387],[112.70598,33.554646],[112.705884,33.554767],[112.705801,33.555049],[112.705723,33.555518],[112.705672,33.556166],[112.705696,33.556506],[112.706106,33.557362],[112.706122,33.557637],[112.706077,33.5578],[112.705784,33.558388],[112.705763,33.558649],[112.705817,33.558853],[112.705822,33.559054],[112.705798,33.559202],[112.705564,33.559885],[112.705597,33.560189],[112.706155,33.560885],[112.705924,33.56137],[112.705138,33.562024],[112.704902,33.562319],[112.704674,33.563488],[112.704677,33.563611],[112.704749,33.563761],[112.704886,33.563904],[112.705562,33.564378],[112.705656,33.564487],[112.705843,33.564876],[112.705983,33.56506],[112.706165,33.565227],[112.706452,33.565638],[112.706712,33.565855],[112.707064,33.566014],[112.707155,33.566099],[112.707201,33.566208],[112.70723,33.56657],[112.707142,33.566751],[112.707013,33.566908],[112.706568,33.567234],[112.70601,33.567587],[112.705744,33.567724],[112.705213,33.567911],[112.705109,33.568003],[112.70502,33.568124],[112.704974,33.568289],[112.704929,33.569342],[112.704843,33.569626],[112.704776,33.569717],[112.702815,33.570797],[112.702603,33.571011],[112.702563,33.571105],[112.702555,33.571282],[112.702585,33.571411],[112.702917,33.572079],[112.702971,33.572265],[112.70296,33.572591],[112.702839,33.572837],[112.70274,33.572953],[112.702485,33.573143],[112.702239,33.573523],[112.701689,33.573836],[112.701581,33.573959],[112.701241,33.574544],[112.701123,33.574631],[112.700822,33.574763],[112.699792,33.574942],[112.699505,33.57509],[112.698864,33.575288],[112.698459,33.575338],[112.698041,33.575561],[112.697735,33.575655],[112.697118,33.575709],[112.696571,33.575901],[112.696134,33.575869],[112.695587,33.575912],[112.695439,33.575945],[112.694991,33.576138],[112.694476,33.576147],[112.694039,33.576243],[112.693819,33.576325],[112.69354,33.576484],[112.693283,33.57696],[112.693071,33.577836],[112.693055,33.578073],[112.693135,33.57854],[112.693213,33.579539],[112.693116,33.579885],[112.692596,33.580374],[112.692116,33.581107],[112.692043,33.581297],[112.691952,33.581717],[112.691196,33.58256],[112.690855,33.58306],[112.690756,33.583331],[112.690839,33.583641],[112.690807,33.58376],[112.690815,33.584079],[112.690735,33.584339],[112.690592,33.584468],[112.690284,33.584627],[112.690075,33.584645],[112.689863,33.58473],[112.68942,33.585331],[112.689372,33.585572],[112.68945,33.585833],[112.689517,33.585941],[112.689568,33.586276],[112.689482,33.586508],[112.689536,33.586705],[112.68953,33.587038],[112.689404,33.587351],[112.688932,33.588032],[112.688825,33.588296],[112.689061,33.58872],[112.689361,33.588843],[112.689863,33.588984],[112.691684,33.588787],[112.693334,33.588533],[112.694675,33.588457],[112.696244,33.588604],[112.697148,33.588785],[112.697526,33.588664],[112.698129,33.588224],[112.699827,33.587753],[112.702839,33.586817],[112.703322,33.58681],[112.703741,33.587123],[112.704594,33.588466],[112.706259,33.58893],[112.707069,33.588932],[112.707506,33.589046],[112.707831,33.589297],[112.70815,33.589415],[112.708434,33.589324],[112.709089,33.589384],[112.709947,33.589227],[112.711766,33.588827],[112.712994,33.588349],[112.713477,33.588285],[112.71396,33.588394],[112.714585,33.588615],[112.715491,33.589151],[112.717366,33.58996],[112.719233,33.590251],[112.720024,33.590298],[112.720778,33.590085],[112.721186,33.589706],[112.721744,33.588372],[112.721886,33.587402],[112.722017,33.586803],[112.722733,33.586171],[112.723002,33.585842],[112.723246,33.58544],[112.723305,33.585069],[112.723616,33.584734],[112.723892,33.584535],[112.72423,33.584356],[112.725002,33.584263],[112.725413,33.584142],[112.72622,33.583121],[112.726491,33.582973],[112.728417,33.582716],[112.729173,33.582734],[112.729729,33.5829],[112.730665,33.583248],[112.73107,33.583304],[112.731413,33.583418],[112.731713,33.583615],[112.732094,33.583706],[112.732671,33.583646],[112.733095,33.583717],[112.733746,33.584012],[112.734865,33.584124],[112.735747,33.584276],[112.736034,33.584285],[112.736351,33.584044],[112.736394,33.583632],[112.736356,33.58334],[112.736426,33.582933],[112.736563,33.582464],[112.736681,33.582205],[112.73708,33.581709],[112.737874,33.58109],[112.738422,33.580609],[112.738564,33.580348],[112.738953,33.580196],[112.739596,33.580167],[112.739913,33.579905],[112.740514,33.578775],[112.740626,33.578482],[112.740693,33.578171],[112.740699,33.577869],[112.740763,33.577534],[112.741182,33.577172],[112.741439,33.576821],[112.741359,33.576482],[112.741074,33.576191],[112.741072,33.575798],[112.741227,33.573715],[112.741281,33.573434],[112.741466,33.573089],[112.743027,33.572913],[112.746012,33.572352],[112.747627,33.572356],[112.748362,33.572316],[112.748823,33.572374],[112.74907,33.572584],[112.749148,33.572895],[112.749459,33.573065],[112.750494,33.573172],[112.751146,33.573342],[112.752109,33.573266],[112.753375,33.573087],[112.754139,33.57311],[112.754982,33.573275],[112.755419,33.573396],[112.755698,33.573543],[112.756089,33.573521],[112.756679,33.573235],[112.75698,33.572989],[112.757328,33.572569],[112.757919,33.572175],[112.758093,33.571807],[112.75813,33.571521],[112.75812,33.571228],[112.75805,33.570855],[112.757932,33.570504],[112.757744,33.570097],[112.757355,33.5695],[112.757382,33.569089],[112.757455,33.56874],[112.757487,33.568356],[112.75742,33.56803],[112.757256,33.567744],[112.756736,33.567006],[112.756585,33.566702],[112.756518,33.566338],[112.756787,33.56594],[112.760421,33.56487],[112.760949,33.564534],[112.76159,33.56297],[112.762028,33.562898],[112.762328,33.562764],[112.762666,33.562467],[112.762929,33.562154],[112.763194,33.56202],[112.763476,33.561935],[112.763782,33.561962],[112.764058,33.562118],[112.764493,33.56265],[112.764892,33.562963],[112.76538,33.563097],[112.76592,33.563202],[112.76662,33.563513],[112.766885,33.563698],[112.767285,33.563705],[112.767612,33.563757],[112.768194,33.564134],[112.768975,33.564552],[112.769846,33.564293],[112.770141,33.564411],[112.770793,33.564876],[112.771026,33.565133],[112.771029,33.565475],[112.771423,33.566059],[112.771855,33.567154],[112.772056,33.5679],[112.77229,33.569277],[112.772494,33.56948],[112.772877,33.569608],[112.77328,33.569588],[112.773693,33.569681],[112.77446,33.569529],[112.775128,33.569666],[112.775616,33.569176],[112.775938,33.568989],[112.776308,33.568971],[112.776799,33.569089],[112.777265,33.569482],[112.777662,33.569717],[112.778421,33.570001],[112.779111,33.570446],[112.779422,33.570493],[112.779741,33.57043],[112.780116,33.570414],[112.780438,33.57066],[112.78065,33.570933],[112.780953,33.571194],[112.782107,33.571876],[112.782386,33.572075],[112.782581,33.572412],[112.78263,33.573148],[112.782922,33.573411],[112.783319,33.573438],[112.784033,33.57357],[112.784786,33.573878],[112.785071,33.573965],[112.78543,33.573948],[112.786162,33.573628],[112.787353,33.573373],[112.788233,33.57359],[112.78863,33.573563],[112.788893,33.57323],[112.789244,33.573139],[112.789904,33.573031],[112.790365,33.573139],[112.790727,33.573376],[112.791162,33.573992],[112.791443,33.574265],[112.79158,33.574582],[112.791653,33.57494],[112.791838,33.575277],[112.792079,33.575519],[112.792283,33.57614],[112.792516,33.576518],[112.792811,33.57685],[112.793187,33.57711],[112.793579,33.577228],[112.793906,33.577253],[112.794568,33.577201],[112.79496,33.577116],[112.795984,33.577054],[112.796301,33.576815],[112.797229,33.576357],[112.79772,33.576173],[112.798154,33.576245],[112.798554,33.576459],[112.799281,33.577123],[112.800279,33.578211],[112.801234,33.579583],[112.802631,33.581116],[112.803428,33.581878],[112.803913,33.581872],[112.804745,33.581981],[112.805775,33.582294],[112.806416,33.582651],[112.806855,33.582645],[112.807287,33.582392],[112.807907,33.58165],[112.808191,33.581257],[112.807885,33.580589],[112.80802,33.579977],[112.808298,33.5794],[112.808827,33.578985],[112.809398,33.578323],[112.809701,33.577878],[112.809809,33.577568],[112.810037,33.577221],[112.81035,33.576933],[112.810635,33.576748],[112.811509,33.57633],[112.811852,33.576363],[112.812118,33.57648],[112.812501,33.576357],[112.812952,33.576267],[112.813679,33.576406],[112.814602,33.576511],[112.815111,33.576475],[112.816098,33.576118],[112.817059,33.576292],[112.817549,33.576408],[112.818389,33.577007],[112.81943,33.577809],[112.820516,33.578446],[112.821296,33.578435],[112.822318,33.578337],[112.822989,33.577756],[112.82352,33.577543],[112.824126,33.577434],[112.825878,33.578448],[112.82617,33.578404],[112.827283,33.577979],[112.828732,33.577344],[112.829512,33.577333],[112.831028,33.577557],[112.832009,33.577948],[112.83265,33.578225],[112.83448,33.579423],[112.834917,33.579376],[112.837191,33.578526],[112.837972,33.578556],[112.838854,33.578868],[112.839549,33.579389],[112.840147,33.579992],[112.840751,33.580839],[112.841198,33.581242],[112.841493,33.58144],[112.841791,33.581722],[112.842011,33.582712],[112.842049,33.583112],[112.842199,33.583507],[112.84255,33.58382],[112.842934,33.584008],[112.844404,33.584325],[112.844693,33.584446],[112.845031,33.584676],[112.845447,33.585083],[112.845922,33.585612],[112.84748,33.587793],[112.847837,33.588481],[112.847703,33.589096],[112.847451,33.591017],[112.847373,33.591915],[112.846949,33.592657],[112.846576,33.593437],[112.846587,33.594009],[112.846799,33.594782],[112.847309,33.595711],[112.847668,33.596562],[112.849014,33.598064],[112.852139,33.595363],[112.852196,33.59503],[112.851841,33.59398],[112.851428,33.593207],[112.851141,33.592266],[112.851265,33.591766],[112.852702,33.590689],[112.852477,33.59026],[112.852228,33.590036],[112.851951,33.589522],[112.851638,33.588781],[112.851385,33.588381],[112.851176,33.587929],[112.850951,33.587587],[112.850849,33.587281],[112.850543,33.586989],[112.850337,33.586607],[112.850377,33.586318],[112.849975,33.584776],[112.849841,33.584455],[112.849704,33.583983],[112.849613,33.583494],[112.849615,33.583145],[112.849741,33.582678],[112.849937,33.582278],[112.850095,33.581762],[112.85013,33.58142],[112.850028,33.581038],[112.850144,33.580719],[112.850398,33.580518],[112.850597,33.580153],[112.85061,33.579845],[112.850479,33.579572],[112.850323,33.578913],[112.850286,33.578625],[112.849841,33.577818],[112.849725,33.577358],[112.849677,33.576902],[112.84972,33.576504],[112.849838,33.576106],[112.849878,33.575744],[112.849647,33.575018],[112.849554,33.57454],[112.849578,33.573954],[112.847896,33.573927],[112.847418,33.573378],[112.847394,33.572155],[112.848373,33.571364],[112.849698,33.571344],[112.852147,33.56775],[112.850578,33.565773],[112.85087,33.560822],[112.847644,33.559038],[112.84762,33.557925],[112.847861,33.556756],[112.847971,33.555643],[112.848811,33.554575],[112.84773,33.553701],[112.84781,33.551144],[112.848904,33.54957],[112.849047,33.546901],[112.848966,33.54629],[112.849347,33.545508],[112.847384,33.543648],[112.848288,33.542524],[112.847338,33.541536],[112.84626,33.54072],[112.84516,33.538956],[112.843789,33.536921],[112.842706,33.535882],[112.84137,33.535513],[112.840104,33.535309],[112.837701,33.534567],[112.837095,33.534187],[112.836352,33.53353],[112.835724,33.532096],[112.834968,33.530885],[112.833071,33.528995],[112.833444,33.527739],[112.832953,33.526578],[112.832669,33.525639],[112.83239,33.524975],[112.832269,33.522477],[112.831331,33.52199],[112.830454,33.521281],[112.830223,33.519839],[112.829351,33.519407],[112.831247,33.517992],[112.830574,33.5175],[112.827447,33.517158],[112.826961,33.516109],[112.82819,33.514646],[112.828576,33.514029],[112.828627,33.513251],[112.828858,33.511634],[112.830907,33.511328],[112.831368,33.511209],[112.83195,33.510478],[112.8328,33.509854],[112.834254,33.508197],[112.834622,33.508232],[112.835013,33.508205],[112.835767,33.508074],[112.836142,33.50804],[112.836647,33.508112],[112.836961,33.50793],[112.837355,33.507758],[112.837974,33.50757],[112.838661,33.507432],[112.839117,33.50721],[112.839147,33.506855],[112.839342,33.506649],[112.839549,33.505864],[112.840337,33.505488],[112.84012,33.505115],[112.840002,33.504844],[112.840134,33.5042],[112.839997,33.503896],[112.839788,33.503605],[112.839672,33.503198],[112.839383,33.502959],[112.839039,33.502751],[112.838801,33.502563],[112.838484,33.502017],[112.838176,33.501702],[112.837693,33.501552],[112.837462,33.501295],[112.837366,33.501022],[112.836652,33.500624],[112.835582,33.500208],[112.834222,33.49896],[112.832387,33.49766],[112.831467,33.496962],[112.829558,33.494929],[112.827943,33.493412],[112.826881,33.492647],[112.82436,33.491097],[112.823828,33.489943],[112.823126,33.48742],[112.82268,33.486456],[112.820564,33.486628],[112.820269,33.486435],[112.819982,33.486145],[112.819057,33.48548],[112.8184,33.485292],[112.818059,33.48525],[112.817724,33.485109],[112.81737,33.484805],[112.816959,33.484615],[112.814666,33.484393],[112.813773,33.483648],[112.812896,33.483163],[112.811474,33.482288],[112.811131,33.481845],[112.811227,33.480051],[112.811005,33.47899],[112.810393,33.478496],[112.809111,33.477899],[112.807816,33.47663],[112.806847,33.475131],[112.806826,33.474012],[112.807008,33.473169],[112.80799,33.472202],[112.808577,33.471522],[112.8088,33.471014],[112.807829,33.47086],[112.806622,33.470598],[112.805544,33.470166],[112.804726,33.469394],[112.804635,33.468332],[112.804063,33.466437],[112.8039,33.464982],[112.802939,33.463821],[112.802982,33.462644],[112.803503,33.46202],[112.804219,33.461057],[112.803326,33.45995],[112.802494,33.458395],[112.802202,33.457278],[112.802714,33.45615],[112.805887,33.454537],[112.803712,33.452778],[112.802516,33.453017],[112.799954,33.451936],[112.799587,33.450372],[112.798699,33.449593],[112.798557,33.450439],[112.798329,33.45116],[112.797234,33.452352],[112.796845,33.452635]]]}},{"type":"Feature","properties":{"regionCode":"411321303","sourceCode":"411321303000","name":"太山庙乡","sourceName":"太山庙乡","parentCode":"411321","parentName":"南召县","regionLevel":"township","regionType":"township","isManagementZone":false,"source":"ruiduobao","sourceVersion":"mixed-legacy~2018-2020","geometryRepaired":false,"match2020":true,"match2023":true},"geometry":{"type":"Polygon","coordinates":[[[112.604823,33.311989],[112.554717,33.33451],[112.500553,33.358971],[112.500553,33.364231],[112.500072,33.364401],[112.499228,33.367838],[112.499555,33.370651],[112.502047,33.369439],[112.501242,33.371332],[112.500697,33.372278],[112.500746,33.375095],[112.50107,33.377676],[112.503634,33.38069],[112.503573,33.377167],[112.505209,33.374793],[112.51049,33.373541],[112.511086,33.375644],[112.514438,33.37583],[112.518904,33.375763],[112.523316,33.372407],[112.523901,33.373357],[112.524161,33.373366],[112.524408,33.373317],[112.524397,33.373411],[112.525178,33.373505],[112.525433,33.373718],[112.525481,33.373789],[112.525529,33.37398],[112.52551,33.374228],[112.525403,33.374506],[112.525296,33.374947],[112.524942,33.375254],[112.524462,33.375512],[112.524381,33.375675],[112.524438,33.375796],[112.524542,33.375857],[112.525014,33.375964],[112.525164,33.375967],[112.525253,33.376032],[112.52528,33.376132],[112.525124,33.376576],[112.525122,33.376921],[112.524963,33.377113],[112.524491,33.377398],[112.524194,33.377626],[112.524105,33.377792],[112.524175,33.377884],[112.52425,33.377922],[112.5248,33.377989],[112.525122,33.378213],[112.525309,33.37841],[112.525604,33.378811],[112.525738,33.379096],[112.525765,33.379311],[112.525642,33.379631],[112.525368,33.380023],[112.525124,33.380303],[112.525025,33.380354],[112.524829,33.380386],[112.524633,33.380307],[112.524489,33.380157],[112.524456,33.380249],[112.524322,33.380328],[112.524475,33.380471],[112.524467,33.380531],[112.524419,33.380567],[112.524282,33.380585],[112.524387,33.380668],[112.524566,33.380896],[112.524735,33.381035],[112.525602,33.380381],[112.525771,33.380289],[112.525889,33.380269],[112.52605,33.380359],[112.526245,33.380607],[112.526597,33.380715],[112.526819,33.380883],[112.526986,33.381062],[112.527275,33.381188],[112.528198,33.381275],[112.528496,33.380807],[112.529437,33.380903],[112.529746,33.381049],[112.529896,33.381268],[112.530033,33.381582],[112.530124,33.382041],[112.530062,33.383143],[112.529853,33.38373],[112.529512,33.38429],[112.529381,33.384435],[112.529169,33.384572],[112.529016,33.384751],[112.528718,33.385407],[112.527672,33.387111],[112.527868,33.387174],[112.527962,33.387165],[112.528177,33.387046],[112.528619,33.386697],[112.528726,33.386565],[112.52907,33.385851],[112.529024,33.38581],[112.52903,33.385752],[112.529129,33.385627],[112.530017,33.384054],[112.530489,33.384287],[112.53103,33.384048],[112.531232,33.383862],[112.531258,33.383788],[112.531224,33.383629],[112.530926,33.383797],[112.530813,33.383898],[112.53066,33.383918],[112.530373,33.383806],[112.530239,33.383683],[112.530427,33.383436],[112.530462,33.383288],[112.530451,33.382793],[112.530534,33.382166],[112.530572,33.381405],[112.530301,33.380708],[112.530186,33.380603],[112.530011,33.380536],[112.529373,33.380428],[112.528681,33.380359],[112.52892,33.379774],[112.528997,33.37919],[112.529153,33.378684],[112.529011,33.378504],[112.528684,33.378397],[112.528504,33.378227],[112.528445,33.377967],[112.528458,33.377546],[112.528214,33.377391],[112.528198,33.37712],[112.528509,33.377055],[112.528753,33.376894],[112.528689,33.376802],[112.528694,33.376592],[112.528895,33.376282],[112.529032,33.376128],[112.52911,33.375949],[112.529161,33.375537],[112.529276,33.375422],[112.529456,33.375395],[112.529528,33.375425],[112.529668,33.375541],[112.529764,33.375707],[112.530062,33.375774],[112.53018,33.375953],[112.530215,33.376126],[112.530411,33.376663],[112.530416,33.377396],[112.530456,33.37755],[112.530634,33.377792],[112.531945,33.378513],[112.532562,33.379017],[112.533227,33.3797],[112.533447,33.379815],[112.534268,33.380457],[112.535585,33.381956],[112.535942,33.382323],[112.536272,33.382793],[112.536408,33.383071],[112.536929,33.383665],[112.537307,33.384003],[112.537771,33.384303],[112.538299,33.384525],[112.53883,33.384677],[112.539074,33.384664],[112.538519,33.384849],[112.538189,33.385017],[112.537374,33.385631],[112.537221,33.385792],[112.53728,33.386054],[112.537267,33.386106],[112.537004,33.386278],[112.536993,33.38639],[112.537127,33.386619],[112.53724,33.38672],[112.53731,33.38684],[112.537642,33.387199],[112.537913,33.38755],[112.538101,33.387734],[112.538093,33.38788],[112.537926,33.388092],[112.537953,33.388598],[112.538012,33.388908],[112.538063,33.388995],[112.538246,33.389145],[112.538315,33.389241],[112.538425,33.389499],[112.538549,33.389582],[112.538967,33.389555],[112.53908,33.389584],[112.539166,33.389624],[112.539356,33.38983],[112.539512,33.389915],[112.540053,33.389835],[112.540346,33.3899],[112.540284,33.389953],[112.540295,33.390065],[112.540475,33.390242],[112.540619,33.390301],[112.54092,33.39035],[112.541126,33.390343],[112.541751,33.390256],[112.541818,33.390336],[112.541904,33.390601],[112.541955,33.390921],[112.54206,33.391187],[112.542226,33.391973],[112.54217,33.392061],[112.541829,33.392334],[112.541695,33.39256],[112.54162,33.393275],[112.541633,33.393355],[112.541749,33.393532],[112.541928,33.393675],[112.542127,33.393751],[112.542406,33.393693],[112.542797,33.393543],[112.543243,33.393465],[112.543846,33.393557],[112.543747,33.393861],[112.543387,33.394305],[112.543237,33.394876],[112.543251,33.395469],[112.543476,33.397124],[112.5435,33.397733],[112.542435,33.397753],[112.542907,33.398969],[112.543173,33.399554],[112.543393,33.399921],[112.54353,33.400089],[112.544176,33.400599],[112.544345,33.400774],[112.545163,33.402012],[112.545335,33.402185],[112.545458,33.402196],[112.545986,33.402149],[112.546161,33.402104],[112.547016,33.401744],[112.547641,33.401193],[112.547674,33.401146],[112.54769,33.400971],[112.547746,33.400911],[112.548336,33.400731],[112.548765,33.400344],[112.549168,33.40016],[112.550039,33.399912],[112.550458,33.399739],[112.551101,33.399314],[112.551909,33.399081],[112.552488,33.398658],[112.552515,33.398651],[112.552539,33.398691],[112.552598,33.398956],[112.553108,33.398904],[112.553129,33.398508],[112.553172,33.398438],[112.553255,33.398403],[112.554106,33.398461],[112.554626,33.398564],[112.55454,33.398904],[112.554524,33.399433],[112.554655,33.399408],[112.554859,33.399289],[112.555372,33.398779],[112.555532,33.398738],[112.55586,33.398398],[112.556141,33.397758],[112.556192,33.397991],[112.556375,33.398143],[112.556608,33.398185],[112.556804,33.398159],[112.557048,33.397995],[112.557297,33.397538],[112.557407,33.397469],[112.557614,33.397473],[112.557847,33.397608],[112.558132,33.398069],[112.558268,33.398107],[112.558298,33.398073],[112.558271,33.397975],[112.557662,33.397028],[112.557547,33.396788],[112.557922,33.396949],[112.558775,33.397549],[112.559212,33.398008],[112.559698,33.398727],[112.559835,33.398788],[112.559977,33.398754],[112.560135,33.398591],[112.560301,33.398324],[112.560358,33.398067],[112.56035,33.397444],[112.560312,33.397243],[112.560242,33.397135],[112.559939,33.396927],[112.559542,33.396734],[112.559328,33.396531],[112.559006,33.395845],[112.559001,33.395711],[112.559038,33.395574],[112.559164,33.395527],[112.559524,33.39555],[112.560044,33.39574],[112.560318,33.395765],[112.560623,33.395689],[112.56164,33.39516],[112.561793,33.395144],[112.562101,33.395274],[112.562536,33.395534],[112.562638,33.395664],[112.562718,33.39598],[112.562994,33.39662],[112.563021,33.396763],[112.563032,33.397429],[112.563005,33.397888],[112.562868,33.398076],[112.562568,33.398286],[112.562217,33.398456],[112.56208,33.398575],[112.562034,33.398627],[112.561997,33.398756],[112.561707,33.399168],[112.561613,33.399292],[112.561471,33.399404],[112.561903,33.399258],[112.562458,33.399242],[112.562884,33.399285],[112.563228,33.399377],[112.563617,33.399386],[112.563837,33.399354],[112.564161,33.399236],[112.56447,33.399233],[112.564585,33.399269],[112.565049,33.39926],[112.565191,33.399128],[112.565296,33.398983],[112.565355,33.39883],[112.56536,33.398526],[112.565331,33.398241],[112.565111,33.397621],[112.565151,33.397446],[112.565323,33.397175],[112.565491,33.397019],[112.565937,33.396732],[112.566162,33.396643],[112.56679,33.396074],[112.566902,33.396607],[112.567184,33.396269],[112.567407,33.396134],[112.567506,33.396036],[112.567498,33.395921],[112.567286,33.395671],[112.567396,33.39548],[112.567474,33.395236],[112.567466,33.395032],[112.567589,33.394844],[112.56735,33.394914],[112.567044,33.394941],[112.566945,33.394916],[112.566752,33.394759],[112.56654,33.394502],[112.566414,33.394421],[112.564625,33.392043],[112.564518,33.391792],[112.564518,33.391705],[112.56462,33.391537],[112.564657,33.391362],[112.564558,33.390914],[112.563949,33.389888],[112.563831,33.389394],[112.563603,33.388793],[112.56363,33.388697],[112.563751,33.388619],[112.564301,33.388581],[112.564928,33.388168],[112.566476,33.387268],[112.566918,33.387029],[112.56709,33.386986],[112.567031,33.386867],[112.566653,33.386507],[112.566379,33.386321],[112.566031,33.385983],[112.56554,33.385293],[112.565387,33.385138],[112.565239,33.38504],[112.565803,33.384843],[112.566937,33.384242],[112.567077,33.384424],[112.567366,33.384643],[112.567455,33.384789],[112.567517,33.384997],[112.56823,33.384478],[112.568756,33.384211],[112.568879,33.384115],[112.56908,33.383904],[112.569206,33.383642],[112.569399,33.383488],[112.569499,33.383454],[112.569762,33.383438],[112.57011,33.383302],[112.570663,33.382995],[112.570797,33.382986],[112.571202,33.382852],[112.572162,33.382433],[112.57327,33.382083],[112.572782,33.380881],[112.572827,33.380666],[112.572809,33.380482],[112.572567,33.379976],[112.572286,33.37949],[112.572133,33.379329],[112.572047,33.379167],[112.571923,33.378634],[112.57183,33.378455],[112.571623,33.378191],[112.571521,33.377758],[112.571274,33.377299],[112.570888,33.376771],[112.570896,33.376661],[112.570995,33.376484],[112.571014,33.376164],[112.571349,33.375864],[112.571631,33.375722],[112.571687,33.375718],[112.571765,33.375772],[112.571886,33.376119],[112.572009,33.376318],[112.572205,33.37645],[112.572336,33.376482],[112.572412,33.376453],[112.57228,33.376005],[112.572213,33.375606],[112.572221,33.375494],[112.572186,33.375434],[112.572189,33.375283],[112.572149,33.375163],[112.572436,33.375243],[112.572688,33.375227],[112.572873,33.375682],[112.572908,33.375973],[112.572908,33.376079],[112.572838,33.376291],[112.572801,33.376921],[112.572881,33.376997],[112.573147,33.37706],[112.573627,33.377013],[112.573965,33.377042],[112.574107,33.376997],[112.574404,33.377685],[112.574665,33.378099],[112.574801,33.37846],[112.574807,33.378632],[112.574839,33.378697],[112.574957,33.378728],[112.575056,33.378672],[112.575102,33.378594],[112.575115,33.378202],[112.575091,33.378056],[112.575282,33.378034],[112.575923,33.379306],[112.576006,33.379338],[112.576094,33.379304],[112.576167,33.379212],[112.576188,33.379044],[112.576129,33.378601],[112.575917,33.377774],[112.575907,33.377537],[112.576786,33.377371],[112.576928,33.377557],[112.577009,33.377792],[112.577282,33.378204],[112.577615,33.378601],[112.578103,33.379073],[112.578388,33.379304],[112.578562,33.379394],[112.578709,33.379416],[112.578962,33.379196],[112.579042,33.379069],[112.579372,33.379241],[112.579584,33.3794],[112.579356,33.379674],[112.579321,33.379772],[112.579635,33.380377],[112.579718,33.380726],[112.579702,33.38142],[112.579646,33.381573],[112.579544,33.381683],[112.579675,33.38175],[112.580045,33.382151],[112.580375,33.382424],[112.580729,33.382939],[112.581263,33.384095],[112.581507,33.384536],[112.581738,33.385248],[112.581797,33.385568],[112.58181,33.38616],[112.581885,33.386717],[112.581695,33.38749],[112.581813,33.388269],[112.581767,33.38867],[112.581633,33.388917],[112.58096,33.389673],[112.581276,33.39033],[112.581327,33.390598],[112.581306,33.391418],[112.581217,33.391929],[112.581236,33.392325],[112.581405,33.392959],[112.581815,33.394114],[112.581869,33.394358],[112.581909,33.395068],[112.581944,33.395191],[112.582344,33.395221],[112.583068,33.395433],[112.583562,33.395433],[112.583733,33.39546],[112.583999,33.39542],[112.584063,33.395731],[112.584213,33.395998],[112.584195,33.396101],[112.584098,33.396215],[112.584074,33.396497],[112.584302,33.396401],[112.584726,33.395711],[112.58494,33.395516],[112.585203,33.395339],[112.585777,33.395075],[112.586088,33.395037],[112.58648,33.395041],[112.587354,33.395153],[112.588618,33.395418],[112.588947,33.395447],[112.589111,33.395429],[112.589315,33.395503],[112.58946,33.395603],[112.589768,33.39593],[112.590061,33.395877],[112.590095,33.395908],[112.590154,33.396295],[112.590283,33.396566],[112.590372,33.396432],[112.590814,33.396157],[112.591217,33.396007],[112.590959,33.395288],[112.59075,33.395214],[112.591005,33.394708],[112.590664,33.394132],[112.590667,33.393971],[112.590871,33.393675],[112.59108,33.393554],[112.5913,33.393306],[112.591756,33.393136],[112.592196,33.393075],[112.59222,33.393046],[112.592155,33.392977],[112.59207,33.392961],[112.591643,33.392974],[112.591343,33.392932],[112.59215,33.392074],[112.592652,33.391754],[112.592973,33.391593],[112.593467,33.391485],[112.594068,33.391402],[112.594258,33.39134],[112.595023,33.39123],[112.595551,33.391216],[112.595709,33.391268],[112.59609,33.391523],[112.596163,33.391626],[112.596187,33.391767],[112.596275,33.39351],[112.596342,33.393895],[112.595457,33.393946],[112.595237,33.393993],[112.595031,33.394099],[112.5945,33.39415],[112.594242,33.394134],[112.593859,33.394264],[112.594277,33.394437],[112.594593,33.394667],[112.594658,33.394679],[112.594948,33.394623],[112.595285,33.394477],[112.595395,33.394629],[112.595787,33.394961],[112.595229,33.395207],[112.595275,33.39525],[112.595436,33.395301],[112.595682,33.395332],[112.595865,33.395518],[112.595956,33.395659],[112.596181,33.39578],[112.596227,33.395854],[112.596219,33.396038],[112.596171,33.396197],[112.596232,33.396463],[112.596136,33.396707],[112.596173,33.396916],[112.596144,33.397317],[112.595964,33.397377],[112.595943,33.39767],[112.595991,33.397836],[112.596117,33.397957],[112.596238,33.39802],[112.596458,33.398064],[112.596517,33.398416],[112.596645,33.398815],[112.596763,33.399009],[112.596841,33.399271],[112.597305,33.400024],[112.596879,33.400178],[112.596036,33.400409],[112.595932,33.400496],[112.596506,33.401011],[112.597225,33.40186],[112.597426,33.402182],[112.597533,33.402393],[112.597895,33.403432],[112.598008,33.403833],[112.59807,33.404334],[112.598858,33.404574],[112.599193,33.404722],[112.599354,33.404834],[112.599271,33.405335],[112.598987,33.406155],[112.598939,33.406486],[112.598955,33.406589],[112.598917,33.406721],[112.598796,33.40699],[112.598638,33.407238],[112.598424,33.407473],[112.598115,33.407717],[112.597423,33.408087],[112.596688,33.4084],[112.596656,33.408653],[112.596908,33.409146],[112.597423,33.409847],[112.59752,33.409757],[112.597729,33.409641],[112.598611,33.409206],[112.598775,33.409059],[112.598949,33.409168],[112.599829,33.409849],[112.6005,33.410615],[112.60069,33.410926],[112.60084,33.411307],[112.600915,33.411667],[112.601076,33.411866],[112.601452,33.412117],[112.601605,33.412368],[112.602007,33.412867],[112.602388,33.41319],[112.602769,33.413445],[112.603869,33.413727],[112.604032,33.413866],[112.604196,33.414092],[112.604469,33.41499],[112.604617,33.415668],[112.604684,33.415816],[112.60488,33.416069],[112.605135,33.416234],[112.605556,33.416633],[112.605668,33.417103],[112.605824,33.417495],[112.605942,33.417602],[112.60603,33.41766],[112.606143,33.417685],[112.60639,33.417907],[112.606502,33.41796],[112.606666,33.417972],[112.606999,33.417922],[112.607114,33.417958],[112.607795,33.418359],[112.608434,33.418652],[112.608884,33.418928],[112.609029,33.419064],[112.609442,33.41934],[112.609649,33.419431],[112.609877,33.419456],[112.609973,33.41966],[112.610239,33.419848],[112.610266,33.419915],[112.610292,33.419926],[112.610384,33.419848],[112.610641,33.420163],[112.610864,33.420273],[112.610976,33.420385],[112.611196,33.420419],[112.611427,33.42062],[112.611617,33.420672],[112.611811,33.420824],[112.611878,33.420927],[112.611958,33.421133],[112.611969,33.421359],[112.612014,33.421495],[112.612151,33.421605],[112.612208,33.421733],[112.61228,33.421773],[112.612492,33.422133],[112.612639,33.422295],[112.613318,33.42246],[112.613785,33.422485],[112.614305,33.422588],[112.61489,33.422814],[112.615289,33.423049],[112.615772,33.423159],[112.616105,33.423284],[112.616416,33.423434],[112.616617,33.423654],[112.616223,33.419022],[112.617607,33.418549],[112.617939,33.418377],[112.619613,33.417678],[112.620117,33.417414],[112.62027,33.417443],[112.620335,33.417631],[112.62074,33.418189],[112.62075,33.418254],[112.620589,33.418496],[112.620565,33.418616],[112.620619,33.418749],[112.620858,33.419006],[112.620887,33.419181],[112.620836,33.419286],[112.621008,33.41957],[112.621005,33.41966],[112.620919,33.419828],[112.620909,33.419913],[112.621067,33.419998],[112.621115,33.420105],[112.621204,33.420443],[112.621263,33.420851],[112.621268,33.421122],[112.621603,33.421603],[112.622325,33.422431],[112.622553,33.422794],[112.622746,33.423298],[112.622783,33.42326],[112.623765,33.423098],[112.624012,33.423011],[112.62442,33.422637],[112.624503,33.422586],[112.624669,33.42255],[112.625179,33.422263],[112.625573,33.421961],[112.625723,33.421695],[112.625833,33.42139],[112.625957,33.420569],[112.625924,33.420222],[112.626007,33.420468],[112.626413,33.421019],[112.626506,33.421195],[112.626651,33.421341],[112.626791,33.421565],[112.627102,33.421936],[112.627689,33.422413],[112.628258,33.422657],[112.629175,33.422915],[112.629663,33.422989],[112.630176,33.422913],[112.631423,33.42289],[112.632037,33.423217],[112.632447,33.423309],[112.633188,33.423678],[112.633327,33.423645],[112.633732,33.423392],[112.634285,33.423295],[112.634615,33.423313],[112.635245,33.423416],[112.635964,33.423651],[112.636398,33.423591],[112.636613,33.423492],[112.636731,33.423273],[112.636994,33.423154],[112.637125,33.42315],[112.637511,33.423271],[112.637691,33.423271],[112.638271,33.423159],[112.638367,33.423112],[112.638332,33.422776],[112.638166,33.422297],[112.638075,33.421892],[112.638126,33.42156],[112.638214,33.421341],[112.638311,33.421229],[112.638638,33.421007],[112.639748,33.420139],[112.639915,33.420036],[112.640355,33.419884],[112.64044,33.419825],[112.640676,33.419599],[112.640803,33.419422],[112.640913,33.419125],[112.640939,33.418946],[112.640926,33.418151],[112.640998,33.417665],[112.6411,33.417381],[112.641202,33.416731],[112.641875,33.415919],[112.64212,33.415565],[112.642659,33.415612],[112.643294,33.415771],[112.643273,33.415646],[112.643182,33.415516],[112.643257,33.415357],[112.64331,33.415323],[112.643557,33.415312],[112.643689,33.415269],[112.643833,33.415034],[112.644188,33.414965],[112.644456,33.414819],[112.644694,33.414743],[112.644759,33.414737],[112.644989,33.414813],[112.645083,33.414788],[112.645209,33.414683],[112.64533,33.414336],[112.645459,33.414244],[112.645655,33.414204],[112.646033,33.414029],[112.646226,33.413984],[112.647291,33.413344],[112.647811,33.413156],[112.648074,33.413087],[112.648264,33.413075],[112.648879,33.412818],[112.649445,33.412706],[112.64971,33.412598],[112.649893,33.412473],[112.649992,33.412645],[112.650711,33.413429],[112.650799,33.413447],[112.651081,33.413362],[112.653371,33.41237],[112.654222,33.41209],[112.654514,33.412077],[112.654766,33.412155],[112.65538,33.412139],[112.655608,33.412088],[112.655742,33.412023],[112.656472,33.411956],[112.656566,33.411875],[112.656791,33.411763],[112.657097,33.411504],[112.657194,33.411363],[112.657558,33.410998],[112.657827,33.410653],[112.658073,33.410189],[112.658199,33.409854],[112.658277,33.409498],[112.658274,33.409368],[112.658398,33.409218],[112.65869,33.409005],[112.658819,33.408853],[112.659106,33.408624],[112.659632,33.408311],[112.659994,33.408138],[112.660206,33.407991],[112.660326,33.407885],[112.660584,33.407518],[112.66078,33.406958],[112.660764,33.406047],[112.660739,33.40594],[112.660798,33.40557],[112.661018,33.405418],[112.661222,33.405192],[112.6617,33.404019],[112.661807,33.403837],[112.662038,33.403604],[112.662284,33.403499],[112.662408,33.403486],[112.662778,33.403546],[112.663743,33.404007],[112.663985,33.40405],[112.664409,33.403931],[112.665109,33.403645],[112.665535,33.403374],[112.666042,33.403139],[112.666552,33.403132],[112.666911,33.403163],[112.667222,33.403271],[112.667453,33.403286],[112.667547,33.403347],[112.667665,33.403331],[112.667842,33.403374],[112.668081,33.403338],[112.668349,33.403251],[112.668923,33.402639],[112.66943,33.402657],[112.669832,33.402803],[112.670047,33.402825],[112.670393,33.402709],[112.67123,33.401894],[112.671804,33.401493],[112.672155,33.401128],[112.672812,33.400619],[112.674121,33.399791],[112.674617,33.399786],[112.675041,33.399641],[112.675237,33.399448],[112.675516,33.398815],[112.675508,33.398712],[112.675682,33.398441],[112.676194,33.397841],[112.676377,33.397697],[112.676605,33.397449],[112.677216,33.39671],[112.677484,33.396508],[112.678227,33.396459],[112.679091,33.396246],[112.679893,33.396136],[112.680116,33.396049],[112.680674,33.395581],[112.680851,33.395395],[112.681492,33.395041],[112.682522,33.394681],[112.683018,33.3946],[112.683171,33.394513],[112.683718,33.394002],[112.684126,33.393483],[112.684737,33.393015],[112.685013,33.392853],[112.685271,33.392802],[112.686328,33.392466],[112.686462,33.392397],[112.686754,33.392343],[112.686843,33.392291],[112.68739,33.392139],[112.68765,33.39213],[112.688076,33.392296],[112.688272,33.392303],[112.688629,33.392211],[112.68894,33.392074],[112.688919,33.391823],[112.688983,33.391463],[112.689182,33.390654],[112.689246,33.390253],[112.68938,33.389868],[112.689546,33.389709],[112.689978,33.389526],[112.690507,33.389246],[112.691,33.388901],[112.691258,33.388551],[112.691628,33.388366],[112.691837,33.388296],[112.693068,33.388151],[112.693411,33.388005],[112.693757,33.387808],[112.694777,33.387429],[112.695133,33.38734],[112.695305,33.387317],[112.696255,33.387342],[112.697325,33.387174],[112.697558,33.387105],[112.697647,33.387055],[112.697829,33.386861],[112.697982,33.386518],[112.698108,33.386354],[112.698618,33.386173],[112.699167,33.38586],[112.699825,33.385559],[112.700364,33.385391],[112.700683,33.385159],[112.701107,33.384717],[112.701651,33.384307],[112.702032,33.384126],[112.70218,33.38409],[112.703054,33.38403],[112.703226,33.383969],[112.703301,33.383806],[112.702968,33.383344],[112.702861,33.38312],[112.702861,33.382939],[112.702987,33.382711],[112.703298,33.382287],[112.704087,33.381566],[112.704312,33.381286],[112.704392,33.381006],[112.70443,33.380406],[112.704532,33.380285],[112.704709,33.380175],[112.705066,33.380045],[112.705556,33.379792],[112.705943,33.379694],[112.707348,33.379665],[112.707592,33.379633],[112.707834,33.379517],[112.708389,33.379075],[112.708595,33.378959],[112.708805,33.378901],[112.709824,33.378818],[112.710516,33.378899],[112.710757,33.378892],[112.711291,33.378722],[112.711433,33.378605],[112.711559,33.378388],[112.712332,33.376885],[112.712664,33.376459],[112.713488,33.375633],[112.714209,33.375167],[112.714571,33.375053],[112.714923,33.374983],[112.715119,33.374887],[112.715475,33.374636],[112.716165,33.374636],[112.716267,33.374596],[112.716406,33.374446],[112.71643,33.374352],[112.716398,33.373884],[112.716446,33.373751],[112.71654,33.373633],[112.716629,33.373075],[112.716599,33.372582],[112.716613,33.371977],[112.716808,33.371749],[112.717047,33.37157],[112.717216,33.371518],[112.717428,33.371507],[112.717897,33.371581],[112.718576,33.371494],[112.719303,33.371084],[112.719887,33.370893],[112.720309,33.370904],[112.720504,33.370974],[112.721808,33.371175],[112.721231,33.370494],[112.720947,33.370232],[112.72062,33.36999],[112.720317,33.369536],[112.720016,33.369271],[112.719839,33.369032],[112.719794,33.368747],[112.719445,33.367981],[112.719375,33.367605],[112.71886,33.36691],[112.718131,33.366317],[112.718066,33.366032],[112.71809,33.365714],[112.718007,33.365333],[112.717672,33.364986],[112.717879,33.364229],[112.718023,33.363503],[112.718039,33.363089],[112.717828,33.362349],[112.716776,33.360616],[112.71624,33.359563],[112.715296,33.358321],[112.715202,33.357914],[112.715773,33.354867],[112.715765,33.354385],[112.71558,33.35376],[112.715132,33.352924],[112.714604,33.351629],[112.715293,33.350776],[112.715765,33.35007],[112.715781,33.349703],[112.715333,33.349431],[112.715017,33.349104],[112.714646,33.348811],[112.713751,33.34694],[112.713517,33.346678],[112.712908,33.346519],[112.710728,33.346537],[112.710277,33.348401],[112.709751,33.348607],[112.708011,33.348562],[112.707034,33.348672],[112.708139,33.352322],[112.708333,33.353308],[112.708453,33.353619],[112.708947,33.353926],[112.711221,33.355201],[112.711672,33.35583],[112.711841,33.356117],[112.712128,33.35693],[112.711919,33.357502],[112.71105,33.358669],[112.710921,33.359395],[112.710728,33.361314],[112.710529,33.361718],[112.710277,33.361899],[112.710186,33.362175],[112.710175,33.362589],[112.709692,33.362871],[112.709698,33.363355],[112.709502,33.36364],[112.709446,33.364039],[112.709019,33.365109],[112.708974,33.365499],[112.708432,33.365721],[112.705685,33.36549],[112.705216,33.365598],[112.70469,33.365775],[112.70425,33.365806],[112.703843,33.365781],[112.70164,33.366633],[112.699213,33.36739],[112.698046,33.367912],[112.697271,33.367972],[112.696866,33.367903],[112.696466,33.367959],[112.695723,33.36821],[112.694975,33.368196],[112.6931,33.367762],[112.690606,33.367965],[112.68957,33.367932],[112.688229,33.365468],[112.686309,33.362672],[112.68526,33.360468],[112.686644,33.359244],[112.687347,33.358512],[112.687682,33.357905],[112.688425,33.356328],[112.68805,33.35609],[112.6864,33.355584],[112.684869,33.355001],[112.684552,33.354981],[112.68327,33.355505],[112.680934,33.356623],[112.679536,33.357148],[112.678168,33.3576],[112.677227,33.357974],[112.67532,33.358843],[112.673665,33.359469],[112.672579,33.359796],[112.671946,33.35978],[112.671283,33.35961],[112.670884,33.358588],[112.67087,33.358265],[112.67079,33.357943],[112.670808,33.357629],[112.67101,33.357416],[112.671385,33.357304],[112.671707,33.357116],[112.671753,33.356738],[112.671511,33.356435],[112.671248,33.356298],[112.670594,33.35609],[112.670307,33.355965],[112.670028,33.355785],[112.669803,33.355552],[112.669736,33.355201],[112.669355,33.355024],[112.668993,33.355055],[112.668191,33.355039],[112.667778,33.355089],[112.667056,33.355066],[112.667131,33.35473],[112.667402,33.354464],[112.667614,33.354136],[112.667375,33.353525],[112.667407,33.353148],[112.668006,33.352732],[112.667869,33.35236],[112.667582,33.352044],[112.667171,33.351493],[112.666557,33.350883],[112.665693,33.350269],[112.665326,33.350081],[112.663652,33.348152],[112.662805,33.347379],[112.662432,33.347422],[112.661571,33.348927],[112.660788,33.349998],[112.660471,33.350003],[112.660152,33.349837],[112.659825,33.349263],[112.659232,33.348331],[112.659012,33.347323],[112.658848,33.346239],[112.658586,33.345979],[112.657494,33.344522],[112.657148,33.344406],[112.655453,33.344381],[112.652384,33.344565],[112.651786,33.34344],[112.651649,33.343052],[112.651746,33.342658],[112.651926,33.342385],[112.65203,33.34212],[112.652116,33.340868],[112.652116,33.340449],[112.651038,33.33875],[112.650888,33.338392],[112.649941,33.336884],[112.649611,33.336166],[112.649115,33.335665],[112.648173,33.334495],[112.647599,33.33348],[112.647387,33.332633],[112.647229,33.331837],[112.647618,33.331487],[112.648651,33.331203],[112.650893,33.330389],[112.651242,33.329966],[112.651454,33.329574],[112.651164,33.328957],[112.650866,33.328536],[112.650107,33.327048],[112.649863,33.326736],[112.64897,33.32575],[112.648672,33.32547],[112.647798,33.324766],[112.64739,33.324374],[112.64621,33.322938],[112.644633,33.320237],[112.64518,33.319894],[112.645011,33.319742],[112.644917,33.319748],[112.644418,33.319945],[112.643927,33.319217],[112.643133,33.319428],[112.642718,33.318621],[112.642554,33.31865],[112.642431,33.318558],[112.642294,33.318583],[112.642149,33.318654],[112.642138,33.318507],[112.641983,33.318332],[112.641943,33.318215],[112.642034,33.318025],[112.641822,33.317872],[112.641481,33.316944],[112.64146,33.316796],[112.64146,33.316666],[112.64183,33.316366],[112.641902,33.31625],[112.641878,33.316003],[112.641838,33.315851],[112.64172,33.315647],[112.641621,33.315595],[112.641409,33.31557],[112.641519,33.315261],[112.641599,33.315209],[112.641878,33.315171],[112.642219,33.315201],[112.642382,33.315113],[112.641602,33.313887],[112.635637,33.3157],[112.620348,33.307427],[112.609464,33.309911],[112.604823,33.311989]],[[112.6199,33.394759],[112.620568,33.394255],[112.620785,33.393778],[112.621126,33.393774],[112.622708,33.393469],[112.622714,33.393754],[112.623062,33.394224],[112.623513,33.393935],[112.624436,33.394779],[112.62479,33.395534],[112.625401,33.397809],[112.623151,33.398976],[112.620884,33.399193],[112.620555,33.399769],[112.619656,33.400254],[112.618774,33.40169],[112.617202,33.402659],[112.616199,33.403622],[112.615643,33.404294],[112.615566,33.406291],[112.616032,33.406952],[112.617092,33.40903],[112.616998,33.410075],[112.617124,33.41074],[112.616338,33.411224],[112.615533,33.410758],[112.614927,33.408676],[112.614793,33.407536],[112.613989,33.406976],[112.613286,33.405749],[112.613385,33.404988],[112.614262,33.403266],[112.614705,33.402597],[112.615252,33.401544],[112.616252,33.400391],[112.617824,33.399516],[112.617357,33.398761],[112.617449,33.397619],[112.618012,33.397328],[112.61846,33.396943],[112.618894,33.395892],[112.619671,33.394933],[112.6199,33.394759]],[[112.678244,33.366427],[112.677517,33.366117],[112.677023,33.365996],[112.676868,33.365714],[112.676715,33.365716],[112.676897,33.365396],[112.678032,33.365226],[112.67948,33.365748],[112.680134,33.366341],[112.680478,33.366465],[112.680778,33.366397],[112.68169,33.366545],[112.682052,33.367618],[112.682165,33.367616],[112.682141,33.368281],[112.682675,33.368496],[112.683275,33.368205],[112.685153,33.369451],[112.686663,33.37111],[112.687427,33.371545],[112.690254,33.372842],[112.691282,33.373084],[112.691601,33.373935],[112.691555,33.374428],[112.691191,33.375171],[112.690633,33.375413],[112.68909,33.375198],[112.688632,33.375048],[112.686829,33.373928],[112.686899,33.373516],[112.686451,33.373577],[112.6861,33.37312],[112.68529,33.372463],[112.685362,33.372457],[112.685148,33.371097],[112.684686,33.370723],[112.684201,33.371046],[112.683895,33.370891],[112.683691,33.370228],[112.682465,33.369419],[112.682267,33.368978],[112.679813,33.367264],[112.6794,33.367522],[112.678353,33.367251],[112.678139,33.366935],[112.678244,33.366427]]]}},{"type":"Feature","properties":{"regionCode":"411321304","sourceCode":"411321304000","name":"石门乡","sourceName":"石门乡","parentCode":"411321","parentName":"南召县","regionLevel":"township","regionType":"township","isManagementZone":false,"source":"ruiduobao","sourceVersion":"mixed-legacy~2018-2020","geometryRepaired":false,"match2020":true,"match2023":true},"geometry":{"type":"Polygon","coordinates":[[[112.540831,33.206541],[112.54063,33.206998],[112.5403,33.208096],[112.54,33.208702],[112.539933,33.20905],[112.540083,33.209961],[112.539884,33.210625],[112.539597,33.210852],[112.539176,33.210879],[112.537908,33.210627],[112.536875,33.210529],[112.536373,33.210448],[112.53574,33.210477],[112.53471,33.210468],[112.534155,33.21043],[112.531849,33.20975],[112.53158,33.209507],[112.531229,33.209025],[112.530717,33.208278],[112.529982,33.207077],[112.529252,33.206963],[112.529094,33.207203],[112.528654,33.207566],[112.527967,33.207867],[112.527503,33.207963],[112.527165,33.207993],[112.52616,33.210051],[112.525878,33.210555],[112.525594,33.210937],[112.525376,33.211388],[112.52535,33.211947],[112.525368,33.21275],[112.525258,33.213556],[112.525014,33.214588],[112.525773,33.215302],[112.528437,33.216821],[112.531693,33.216727],[112.531993,33.216489],[112.532484,33.21595],[112.535421,33.217761],[112.534649,33.218225],[112.534246,33.218504],[112.534187,33.219121],[112.534386,33.221006],[112.53437,33.221389],[112.534128,33.221829],[112.53374,33.22237],[112.53338,33.222987],[112.533225,33.223896],[112.533077,33.224201],[112.531886,33.224533],[112.530725,33.224297],[112.530035,33.224288],[112.529126,33.224466],[112.528971,33.22471],[112.529011,33.225507],[112.52914,33.226792],[112.52904,33.227293],[112.528279,33.227358],[112.526318,33.227005],[112.524472,33.22705],[112.52381,33.226985],[112.522233,33.227284],[112.521847,33.227499],[112.520959,33.228248],[112.519894,33.229045],[112.519585,33.229359],[112.519679,33.229855],[112.519824,33.23023],[112.517842,33.2311],[112.51719,33.231432],[112.516289,33.232199],[112.516096,33.232493],[112.515911,33.232859],[112.515962,33.2332],[112.516335,33.233579],[112.516643,33.233819],[112.517059,33.234055],[112.517606,33.234257],[112.518132,33.234504],[112.518424,33.234714],[112.518644,33.235078],[112.518993,33.235154],[112.517408,33.236606],[112.51718,33.237184],[112.51693,33.238098],[112.517003,33.238385],[112.518547,33.238719],[112.519307,33.238699],[112.519827,33.238634],[112.52042,33.238387],[112.521063,33.237914],[112.521584,33.237391],[112.521924,33.237151],[112.522332,33.236967],[112.523003,33.236767],[112.523306,33.236727],[112.523713,33.236684],[112.524153,33.236731],[112.52454,33.236917],[112.524848,33.237128],[112.525127,33.237445],[112.525803,33.23853],[112.526103,33.238856],[112.526511,33.239174],[112.527597,33.239881],[112.527879,33.240022],[112.529142,33.240534],[112.529437,33.240722],[112.529896,33.241153],[112.530086,33.24144],[112.530207,33.241703],[112.530478,33.242555],[112.530886,33.243282],[112.531385,33.243897],[112.53172,33.244177],[112.532181,33.244453],[112.53249,33.244693],[112.531956,33.24498],[112.531602,33.245229],[112.530937,33.245902],[112.53065,33.246429],[112.53043,33.247264],[112.530199,33.247723],[112.529558,33.248683],[112.52907,33.249334],[112.528611,33.249868],[112.5283,33.25015],[112.527581,33.250599],[112.527147,33.250761],[112.526715,33.250855],[112.526001,33.2509],[112.525315,33.250832],[112.523866,33.250572],[112.523019,33.250321],[112.522729,33.250281],[112.522362,33.250023],[112.521538,33.24978],[112.520412,33.249704],[112.519604,33.249744],[112.518974,33.249899],[112.518311,33.250144],[112.516986,33.250897],[112.515393,33.252156],[112.515082,33.252544],[112.514814,33.253226],[112.514436,33.253791],[112.514092,33.254121],[112.513779,33.254331],[112.512732,33.254816],[112.509398,33.256045],[112.509087,33.256402],[112.508406,33.256606],[112.508065,33.256823],[112.507727,33.257108],[112.507446,33.257297],[112.506765,33.257449],[112.506504,33.257662],[112.502393,33.258515],[112.502108,33.258429],[112.501751,33.25805],[112.501387,33.257804],[112.500555,33.257797],[112.499702,33.257516],[112.498495,33.2569],[112.497527,33.256469],[112.497591,33.256142],[112.497312,33.256052],[112.497173,33.255478],[112.49705,33.255141],[112.496637,33.25535],[112.496095,33.255709],[112.495778,33.256294],[112.495411,33.256527],[112.495121,33.256604],[112.494842,33.256758],[112.494644,33.257169],[112.494485,33.258342],[112.494332,33.258741],[112.494161,33.259019],[112.494204,33.259329],[112.494338,33.259771],[112.494287,33.260219],[112.493863,33.260529],[112.493826,33.261015],[112.494424,33.261258],[112.494764,33.26145],[112.49525,33.261589],[112.495577,33.261874],[112.495797,33.26215],[112.496205,33.262525],[112.496588,33.262601],[112.496921,33.262895],[112.497497,33.263628],[112.497618,33.264108],[112.497924,33.264615],[112.498871,33.264346],[112.499225,33.264301],[112.499785,33.26417],[112.500735,33.264113],[112.501137,33.264193],[112.502065,33.264099],[112.502492,33.26433],[112.502991,33.264767],[112.503844,33.265348],[112.504168,33.265759],[112.504227,33.267234],[112.504101,33.268033],[112.503758,33.26851],[112.503203,33.268959],[112.502583,33.269645],[112.502068,33.270419],[112.501869,33.27119],[112.501784,33.272253],[112.501475,33.273303],[112.501416,33.273498],[112.501011,33.274361],[112.500528,33.275512],[112.498721,33.274958],[112.498031,33.274976],[112.497489,33.274947],[112.496899,33.274855],[112.496014,33.27452],[112.495574,33.274503],[112.495022,33.274682],[112.494279,33.274985],[112.493986,33.275801],[112.493796,33.276714],[112.493595,33.276951],[112.493064,33.276736],[112.492774,33.276875],[112.49231,33.277225],[112.49205,33.277572],[112.491642,33.277552],[112.491202,33.277658],[112.490272,33.278086],[112.489864,33.278216],[112.489454,33.278171],[112.489094,33.277806],[112.488694,33.277563],[112.487485,33.277898],[112.486554,33.278321],[112.48565,33.278792],[112.48498,33.278889],[112.484304,33.278736],[112.483797,33.278416],[112.483397,33.278297],[112.48311,33.278129],[112.482657,33.277745],[112.482271,33.277781],[112.482077,33.278097],[112.481766,33.278398],[112.48149,33.278487],[112.481013,33.278317],[112.48053,33.278205],[112.480077,33.278247],[112.479835,33.278483],[112.47958,33.278676],[112.47917,33.27877],[112.478625,33.278808],[112.478027,33.278664],[112.47762,33.27851],[112.477199,33.278418],[112.476641,33.278052],[112.47586,33.27644],[112.475715,33.276052],[112.475544,33.275435],[112.475506,33.275108],[112.47538,33.274655],[112.475334,33.273812],[112.475375,33.273314],[112.474868,33.271634],[112.474642,33.27135],[112.474954,33.2701],[112.474978,33.269701],[112.473795,33.267326],[112.472794,33.265911],[112.472475,33.265846],[112.472236,33.265678],[112.471595,33.265324],[112.471284,33.265194],[112.470992,33.265169],[112.470651,33.2652],[112.470351,33.265303],[112.469997,33.265344],[112.468908,33.265032],[112.468583,33.264882],[112.468117,33.26418],[112.467596,33.263893],[112.467307,33.263536],[112.466762,33.263009],[112.465625,33.262457],[112.465547,33.261816],[112.465394,33.261074],[112.465351,33.260286],[112.465955,33.259564],[112.466416,33.259093],[112.466617,33.258842],[112.46655,33.258375],[112.466456,33.258008],[112.465885,33.257104],[112.465045,33.256005],[112.464571,33.255567],[112.464337,33.255229],[112.46449,33.254805],[112.465281,33.254152],[112.465512,33.253751],[112.465483,33.253304],[112.465255,33.252752],[112.464876,33.252782],[112.464375,33.252665],[112.46405,33.252472],[112.463809,33.252032],[112.463594,33.251517],[112.463267,33.25125],[112.4625,33.250915],[112.461146,33.250462],[112.460311,33.251409],[112.459711,33.252351],[112.458445,33.253769],[112.45793,33.254489],[112.457576,33.254345],[112.456862,33.253811],[112.456653,33.25347],[112.455886,33.251337],[112.45558,33.250675],[112.455162,33.250238],[112.454569,33.249702],[112.453659,33.249116],[112.453354,33.248879],[112.452605,33.247876],[112.451578,33.246694],[112.451304,33.246274],[112.450889,33.245431],[112.450207,33.244756],[112.449309,33.24356],[112.448864,33.243221],[112.447936,33.243724],[112.447136,33.244276],[112.44748,33.244543],[112.448276,33.244877],[112.448617,33.245168],[112.44852,33.245514],[112.448228,33.245568],[112.445881,33.245422],[112.444036,33.24537],[112.442043,33.245368],[112.442282,33.24566],[112.44311,33.246095],[112.443939,33.246577],[112.444261,33.246721],[112.444966,33.246763],[112.445291,33.246833],[112.44616,33.248004],[112.445785,33.248475],[112.44543,33.24821],[112.443421,33.247248],[112.44292,33.247082],[112.44278,33.247452],[112.443403,33.24784],[112.444113,33.248396],[112.444972,33.248879],[112.44524,33.249172],[112.445347,33.251153],[112.444044,33.251279],[112.442847,33.251512],[112.442142,33.251496],[112.440731,33.251119],[112.440377,33.251099],[112.440206,33.251371],[112.440031,33.252286],[112.438741,33.253069],[112.440267,33.253309],[112.442263,33.253454],[112.442738,33.25362],[112.443695,33.253688],[112.442901,33.254787],[112.441657,33.255812],[112.440621,33.256906],[112.440149,33.25674],[112.439468,33.25633],[112.438492,33.255848],[112.437786,33.255684],[112.43553,33.255635],[112.433867,33.255249],[112.433036,33.255419],[112.432628,33.255621],[112.432288,33.256265],[112.431942,33.256563],[112.431266,33.256498],[112.431,33.256377],[112.431381,33.254601],[112.431445,33.253181],[112.430944,33.25323],[112.430413,33.25367],[112.429675,33.254109],[112.429187,33.254361],[112.428798,33.254713],[112.428503,33.254872],[112.428331,33.255139],[112.427653,33.255998],[112.427334,33.256296],[112.426524,33.25862],[112.425968,33.258799],[112.423718,33.259169],[112.423222,33.259201],[112.422691,33.259008],[112.421744,33.258479],[112.42139,33.25836],[112.419338,33.258382],[112.418984,33.258189],[112.418447,33.257703],[112.41789,33.257537],[112.416951,33.257474],[112.416645,33.257377],[112.416347,33.257198],[112.415717,33.257111],[112.414888,33.256877],[112.414534,33.257117],[112.414239,33.257451],[112.413796,33.257658],[112.413375,33.257911],[112.413003,33.258082],[112.412608,33.258061],[112.411906,33.257454],[112.411557,33.257207],[112.411479,33.256909],[112.411433,33.256471],[112.411179,33.256099],[112.411168,33.255745],[112.411066,33.255466],[112.41076,33.25515],[112.410618,33.254708],[112.410562,33.254376],[112.410449,33.253988],[112.410036,33.253937],[112.409671,33.253991],[112.409264,33.253977],[112.408907,33.253809],[112.408791,33.253472],[112.408405,33.253526],[112.408137,33.253798],[112.407732,33.254551],[112.407507,33.254843],[112.407225,33.255081],[112.406745,33.255709],[112.406367,33.256],[112.406056,33.25622],[112.405651,33.256388],[112.405171,33.256467],[112.404406,33.256451],[112.404661,33.256754],[112.40501,33.25705],[112.405173,33.257306],[112.405439,33.257844],[112.405594,33.258373],[112.40557,33.258566],[112.405498,33.258649],[112.405146,33.258885],[112.404795,33.259075],[112.404618,33.259134],[112.40435,33.259149],[112.404218,33.259199],[112.404028,33.259288],[112.403837,33.259443],[112.403695,33.259584],[112.40358,33.259806],[112.403542,33.260381],[112.403467,33.260609],[112.403406,33.260686],[112.402829,33.261022],[112.40211,33.261585],[112.401925,33.261623],[112.401807,33.261686],[112.401356,33.26178],[112.400863,33.26202],[112.400562,33.262217],[112.400377,33.262276],[112.40005,33.262482],[112.39975,33.262747],[112.39928,33.263054],[112.399063,33.263236],[112.398567,33.263888],[112.398462,33.263987],[112.398275,33.264474],[112.398178,33.264871],[112.398004,33.265342],[112.39788,33.265494],[112.397505,33.265705],[112.397207,33.265922],[112.397065,33.26607],[112.396893,33.266409],[112.396547,33.266849],[112.396461,33.267093],[112.396426,33.267513],[112.396193,33.267954],[112.396094,33.268329],[112.39603,33.268748],[112.395965,33.268914],[112.395802,33.268993],[112.395397,33.269071],[112.394898,33.269313],[112.394013,33.269621],[112.393557,33.269724],[112.393168,33.26991],[112.392524,33.270152],[112.392036,33.270437],[112.391556,33.270672],[112.391499,33.270771],[112.39147,33.27089],[112.391481,33.271269],[112.391553,33.271708],[112.391805,33.27241],[112.392213,33.272406],[112.392473,33.272473],[112.39294,33.27276],[112.393315,33.273045],[112.393476,33.2732],[112.393744,33.273803],[112.393983,33.27402],[112.394273,33.274357],[112.394369,33.274729],[112.394471,33.27498],[112.394578,33.275099],[112.394817,33.275269],[112.394882,33.27553],[112.394895,33.276193],[112.394962,33.276373],[112.395037,33.276442],[112.394994,33.277108],[112.394833,33.277875],[112.394739,33.278176],[112.394605,33.278476],[112.394544,33.278709],[112.394281,33.279075],[112.394442,33.279194],[112.394737,33.27951],[112.394841,33.279667],[112.394935,33.279967],[112.396003,33.28073],[112.3963,33.281053],[112.39626,33.281463],[112.395394,33.282127],[112.394873,33.28295],[112.393924,33.284593],[112.393629,33.285261],[112.393396,33.285228],[112.394039,33.285533],[112.394195,33.285636],[112.394782,33.286192],[112.395262,33.286743],[112.395984,33.286956],[112.396166,33.287252],[112.396376,33.287344],[112.396719,33.287716],[112.396955,33.287829],[112.397169,33.288028],[112.397298,33.288091],[112.397633,33.288167],[112.397875,33.288037],[112.398422,33.287636],[112.398596,33.287555],[112.398846,33.287295],[112.399068,33.286938],[112.399243,33.286755],[112.399522,33.286571],[112.399844,33.286281],[112.400426,33.285925],[112.400664,33.285826],[112.400938,33.285456],[112.401123,33.285113],[112.401555,33.28462],[112.401941,33.284382],[112.402266,33.284272],[112.40247,33.284243],[112.402837,33.284252],[112.40306,33.284342],[112.403188,33.284441],[112.403768,33.284732],[112.403937,33.284862],[112.404575,33.285136],[112.404943,33.285138],[112.406104,33.28482],[112.406404,33.284795],[112.406949,33.285039],[112.407504,33.285441],[112.408032,33.285528],[112.408437,33.285716],[112.408684,33.285882],[112.408859,33.286091],[112.409315,33.287001],[112.409408,33.287113],[112.410243,33.287196],[112.410712,33.287476],[112.410916,33.287557],[112.411077,33.287582],[112.411262,33.287557],[112.411439,33.28742],[112.411753,33.287062],[112.411916,33.286947],[112.412096,33.286918],[112.412404,33.286943],[112.412801,33.28716],[112.413062,33.287479],[112.413161,33.287515],[112.413499,33.287535],[112.413915,33.287647],[112.414282,33.287837],[112.414491,33.288037],[112.41455,33.288667],[112.414727,33.289286],[112.414826,33.289562],[112.415025,33.289965],[112.415317,33.29047],[112.415462,33.29099],[112.416243,33.291434],[112.41664,33.291734],[112.41683,33.292001],[112.417037,33.29242],[112.417254,33.292674],[112.417557,33.292893],[112.417801,33.292985],[112.418592,33.292949],[112.419298,33.293035],[112.419456,33.293194],[112.419534,33.293402],[112.419531,33.293853],[112.419754,33.29416],[112.419971,33.294375],[112.420135,33.294481],[112.420451,33.294568],[112.420636,33.294669],[112.420891,33.294889],[112.421103,33.295162],[112.421224,33.295236],[112.42176,33.295384],[112.421993,33.295541],[112.422101,33.295637],[112.422262,33.295871],[112.422449,33.296445],[112.422618,33.296606],[112.422927,33.296716],[112.423839,33.296817],[112.424678,33.296994],[112.425362,33.297057],[112.425775,33.296933],[112.425952,33.296797],[112.426207,33.296709],[112.426486,33.2967],[112.426722,33.296747],[112.428643,33.297588],[112.429385,33.298054],[112.43107,33.298973],[112.432097,33.299478],[112.432583,33.299821],[112.432746,33.29989],[112.433296,33.299967],[112.433867,33.299913],[112.434348,33.299828],[112.434787,33.299823],[112.436005,33.300132],[112.436754,33.300363],[112.437322,33.300372],[112.43747,33.300404],[112.437649,33.30054],[112.438052,33.301146],[112.438215,33.30133],[112.438422,33.301558],[112.438618,33.301673],[112.439235,33.3018],[112.44013,33.301897],[112.440648,33.302087],[112.440898,33.302137],[112.441058,33.302253],[112.441418,33.302352],[112.441643,33.302365],[112.441868,33.302439],[112.442298,33.302502],[112.442703,33.302491],[112.443392,33.302668],[112.443628,33.302874],[112.443668,33.303148],[112.443719,33.303192],[112.444116,33.303264],[112.444242,33.303331],[112.44436,33.303486],[112.444489,33.30358],[112.44469,33.303639],[112.445101,33.303618],[112.445457,33.303531],[112.446648,33.303414],[112.447034,33.303242],[112.447485,33.302912],[112.447721,33.30267],[112.448319,33.302701],[112.448579,33.302807],[112.448703,33.302809],[112.448915,33.302726],[112.449148,33.302775],[112.449532,33.303161],[112.449553,33.303329],[112.449776,33.30363],[112.449762,33.303746],[112.449507,33.304316],[112.449438,33.304551],[112.449435,33.30473],[112.44922,33.305111],[112.449191,33.305483],[112.449296,33.305768],[112.451538,33.305385],[112.451809,33.30536],[112.451951,33.305421],[112.451825,33.305548],[112.451613,33.305687],[112.450838,33.305963],[112.450645,33.306098],[112.450621,33.306158],[112.450642,33.306221],[112.450693,33.306286],[112.450744,33.306295],[112.451109,33.306232],[112.451578,33.306053],[112.451951,33.305979],[112.452069,33.305999],[112.45198,33.3061],[112.451573,33.30632],[112.450406,33.306728],[112.450312,33.306988],[112.450317,33.307268],[112.450355,33.307411],[112.451256,33.307422],[112.452965,33.307375],[112.453155,33.307512],[112.453378,33.307797],[112.453397,33.307918],[112.453547,33.308232],[112.453914,33.308673],[112.454233,33.309314],[112.454413,33.309471],[112.454807,33.309516],[112.455124,33.309599],[112.455486,33.309866],[112.455663,33.30992],[112.455757,33.310003],[112.455929,33.310085],[112.45639,33.310115],[112.456484,33.310155],[112.456669,33.310301],[112.456792,33.310449],[112.457122,33.310635],[112.457457,33.310749],[112.458141,33.311063],[112.459544,33.311361],[112.459405,33.311531],[112.459217,33.311921],[112.459099,33.312432],[112.459029,33.312553],[112.458555,33.312829],[112.458431,33.312937],[112.45831,33.313179],[112.458056,33.313941],[112.457889,33.313943],[112.457385,33.313862],[112.457256,33.313112],[112.457085,33.312737],[112.45687,33.312553],[112.456221,33.312154],[112.456119,33.312217],[112.455556,33.312414],[112.454781,33.312867],[112.454601,33.313127],[112.454598,33.313174],[112.454762,33.313788],[112.454888,33.314125],[112.454883,33.31436],[112.454716,33.314533],[112.454228,33.314918],[112.454161,33.315055],[112.454011,33.315833],[112.453898,33.316086],[112.453568,33.316498],[112.453351,33.31664],[112.453721,33.316949],[112.453837,33.317005],[112.45407,33.317227],[112.454212,33.317278],[112.453504,33.318056],[112.453466,33.318148],[112.453437,33.318495],[112.453493,33.31865],[112.453737,33.318849],[112.454,33.318892],[112.454161,33.318782],[112.454217,33.318946],[112.454349,33.318944],[112.454333,33.319069],[112.454032,33.319535],[112.454081,33.31962],[112.454408,33.31982],[112.454215,33.320028],[112.453834,33.32032],[112.453501,33.320504],[112.453405,33.320593],[112.453501,33.320723],[112.453866,33.321024],[112.453461,33.321512],[112.453767,33.321671],[112.454083,33.321292],[112.454134,33.321185],[112.454306,33.321277],[112.454542,33.321313],[112.454821,33.321216],[112.455103,33.321026],[112.455733,33.321319],[112.455872,33.321349],[112.456334,33.321678],[112.45646,33.321884],[112.456615,33.322438],[112.456733,33.322606],[112.456833,33.322866],[112.4569,33.323289],[112.456706,33.324009],[112.45669,33.32443],[112.456546,33.325331],[112.456406,33.325607],[112.456307,33.325761],[112.455966,33.325968],[112.45517,33.326261],[112.454872,33.326458],[112.454856,33.326584],[112.454947,33.327005],[112.454869,33.32742],[112.454912,33.327648],[112.454714,33.328377],[112.454633,33.328549],[112.454427,33.328738],[112.453598,33.329327],[112.454655,33.329887],[112.455435,33.330185],[112.455567,33.330206],[112.455403,33.330336],[112.455253,33.330398],[112.455242,33.330434],[112.455711,33.330595],[112.455752,33.331275],[112.455829,33.331546],[112.456017,33.331754],[112.456245,33.331776],[112.456564,33.332218],[112.456811,33.332052],[112.456959,33.332063],[112.457262,33.332572],[112.457334,33.332628],[112.457409,33.332601],[112.456937,33.331743],[112.456701,33.331178],[112.456631,33.33116],[112.456546,33.331223],[112.456436,33.331145],[112.456704,33.330784],[112.457015,33.330466],[112.457111,33.33019],[112.457334,33.33021],[112.457734,33.330349],[112.457849,33.330167],[112.458343,33.330358],[112.458509,33.330457],[112.458512,33.330528],[112.458377,33.330954],[112.458791,33.331133],[112.458871,33.331306],[112.458914,33.331335],[112.459287,33.330528],[112.459373,33.330425],[112.458772,33.330098],[112.457981,33.329784],[112.457707,33.329614],[112.45827,33.329672],[112.458538,33.329587],[112.459829,33.330064],[112.459947,33.33006],[112.459684,33.329701],[112.459391,33.329569],[112.459493,33.329464],[112.459928,33.329197],[112.460083,33.329661],[112.460231,33.329905],[112.460934,33.329473],[112.461741,33.329316],[112.462232,33.329316],[112.463291,33.329426],[112.463683,33.32952],[112.463911,33.329627],[112.464211,33.329851],[112.464297,33.329972],[112.464426,33.330268],[112.464447,33.330539],[112.464496,33.330645],[112.46489,33.330365],[112.465236,33.330037],[112.465888,33.329376],[112.465936,33.32924],[112.465855,33.32911],[112.465027,33.328278],[112.464281,33.327846],[112.463664,33.327359],[112.463077,33.326633],[112.463018,33.326508],[112.463313,33.326456],[112.463487,33.326532],[112.463806,33.32705],[112.464286,33.327541],[112.464439,33.327599],[112.464659,33.327619],[112.465075,33.327557],[112.465172,33.327514],[112.465161,33.327382],[112.464522,33.327061],[112.464319,33.326873],[112.464209,33.326712],[112.464155,33.326398],[112.464238,33.326281],[112.464372,33.326216],[112.464758,33.32625],[112.464815,33.32621],[112.464788,33.326133],[112.464294,33.325918],[112.464276,33.325835],[112.464375,33.325667],[112.464509,33.325748],[112.464855,33.325809],[112.465019,33.325891],[112.465314,33.325961],[112.465746,33.32627],[112.465853,33.326432],[112.465861,33.326521],[112.466236,33.327583],[112.466419,33.328009],[112.466615,33.328263],[112.46692,33.32833],[112.46732,33.328296],[112.467669,33.328433],[112.46809,33.328534],[112.468328,33.32863],[112.468524,33.328756],[112.468817,33.329103],[112.468967,33.329361],[112.469552,33.330091],[112.469788,33.330448],[112.469965,33.330849],[112.470032,33.331122],[112.470034,33.331445],[112.470109,33.331566],[112.470152,33.331956],[112.470319,33.332292],[112.470356,33.33246],[112.470547,33.332888],[112.470654,33.333054],[112.47115,33.33365],[112.471217,33.333802],[112.471308,33.333885],[112.471807,33.334172],[112.471907,33.334268],[112.47199,33.334293],[112.472419,33.334647],[112.472754,33.334847],[112.472926,33.334907],[112.473111,33.334954],[112.473468,33.334793],[112.47383,33.334822],[112.474017,33.334885],[112.474235,33.334891],[112.474439,33.334983],[112.474755,33.335006],[112.475007,33.335133],[112.475144,33.335275],[112.4752,33.335423],[112.475391,33.335528],[112.475584,33.335584],[112.475758,33.335732],[112.475943,33.335954],[112.476439,33.336245],[112.476528,33.336361],[112.476619,33.336592],[112.477078,33.337025],[112.477217,33.337117],[112.477483,33.337224],[112.477826,33.337271],[112.478161,33.337493],[112.47822,33.337686],[112.478226,33.337858],[112.478167,33.338156],[112.47817,33.338246],[112.478215,33.338329],[112.478314,33.338385],[112.478684,33.338461],[112.478985,33.338782],[112.479111,33.338847],[112.479578,33.339024],[112.479779,33.339035],[112.48009,33.338876],[112.480412,33.338815],[112.480774,33.338822],[112.481348,33.338728],[112.48152,33.338734],[112.482257,33.339169],[112.482405,33.339232],[112.482831,33.339331],[112.483183,33.339528],[112.483346,33.339821],[112.483448,33.340169],[112.483545,33.340704],[112.483604,33.340801],[112.484006,33.341029],[112.484172,33.34122],[112.484172,33.341444],[112.484068,33.342049],[112.484095,33.342295],[112.484175,33.342486],[112.484357,33.342761],[112.484462,33.342864],[112.484518,33.343035],[112.484569,33.343066],[112.484663,33.343265],[112.485106,33.343646],[112.485318,33.343772],[112.485591,33.344153],[112.485629,33.344439],[112.485615,33.344538],[112.485567,33.344657],[112.485344,33.344858],[112.485323,33.344953],[112.485602,33.345233],[112.485685,33.34547],[112.485875,33.345658],[112.486449,33.345909],[112.486573,33.345934],[112.486951,33.34616],[112.487251,33.346227],[112.48753,33.346387],[112.487903,33.346411],[112.487876,33.346819],[112.487764,33.347191],[112.48775,33.347332],[112.487836,33.347648],[112.487852,33.347998],[112.487978,33.348215],[112.488225,33.348836],[112.488268,33.349425],[112.488603,33.349902],[112.488676,33.350375],[112.488448,33.350758],[112.488166,33.350982],[112.487536,33.351078],[112.486565,33.350968],[112.486471,33.350993],[112.486171,33.351233],[112.485875,33.351345],[112.485814,33.351419],[112.485701,33.351435],[112.485631,33.351598],[112.48569,33.352151],[112.485688,33.352232],[112.485637,33.352324],[112.485524,33.352429],[112.485328,33.352508],[112.484918,33.352544],[112.48484,33.352586],[112.484615,33.352868],[112.48454,33.352913],[112.484175,33.352866],[112.483124,33.352857],[112.482391,33.352709],[112.481391,33.352593],[112.481077,33.352602],[112.481179,33.352635],[112.481509,33.352929],[112.481917,33.353355],[112.482879,33.354634],[112.483282,33.35506],[112.483687,33.355635],[112.484191,33.356469],[112.484862,33.357712],[112.48535,33.359036],[112.485457,33.359778],[112.485688,33.36086],[112.486085,33.362179],[112.48627,33.362683],[112.486299,33.36299],[112.486535,33.363989],[112.487058,33.36519],[112.487284,33.365551],[112.487643,33.366113],[112.487895,33.366424],[112.488013,33.36666],[112.488354,33.367168],[112.488493,33.367278],[112.488705,33.367594],[112.489067,33.368042],[112.489432,33.368431],[112.490242,33.36911],[112.4919,33.370412],[112.492189,33.370698],[112.493045,33.371438],[112.493203,33.371267],[112.493818,33.370394],[112.494062,33.370136],[112.494622,33.369276],[112.494823,33.369036],[112.495735,33.367515],[112.496325,33.366648],[112.496682,33.366185],[112.497068,33.365902],[112.498562,33.365114],[112.499169,33.364879],[112.500134,33.364368],[112.500553,33.364231],[112.500553,33.358971],[112.504549,33.357165],[112.503766,33.355792],[112.504289,33.35367],[112.505955,33.353175],[112.508071,33.346333],[112.507567,33.345878],[112.507526,33.345806],[112.507483,33.34582],[112.506633,33.345327],[112.504683,33.345358],[112.503538,33.343731],[112.501027,33.343769],[112.500992,33.341654],[112.501521,33.340001],[112.498436,33.339109],[112.49893,33.335342],[112.499152,33.33205],[112.499938,33.329217],[112.501333,33.329197],[112.504334,33.325392],[112.507121,33.325351],[112.510171,33.324363],[112.510147,33.322955],[112.512062,33.320811],[112.514272,33.319603],[112.515648,33.318641],[112.517019,33.317211],[112.517281,33.316267],[112.522311,33.316895],[112.523129,33.315709],[112.525052,33.314035],[112.525537,33.310034],[112.527477,33.309301],[112.529368,33.305748],[112.529625,33.304569],[112.527098,33.303668],[112.526224,33.301565],[112.526205,33.30039],[112.528431,33.300123],[112.533174,33.300053],[112.535976,33.300948],[112.535926,33.29813],[112.533125,33.297467],[112.531706,33.296079],[112.531098,33.293268],[112.52911,33.291185],[112.527672,33.288855],[112.533702,33.282891],[112.533646,33.279604],[112.532471,33.27633],[112.531564,33.27235],[112.532929,33.270686],[112.536266,33.270166],[112.536808,33.269217],[112.534016,33.269024],[112.530301,33.263911],[112.529984,33.2618],[112.526919,33.261847],[112.525975,33.255751],[112.528987,33.252654],[112.530054,33.250052],[112.530043,33.249374],[112.531183,33.248098],[112.532487,33.249749],[112.533538,33.253073],[112.535421,33.255552],[112.539192,33.252631],[112.541193,33.253558],[112.542242,33.256882],[112.545925,33.256828],[112.548218,33.258346],[112.549007,33.258319],[112.549068,33.258086],[112.549009,33.257949],[112.548741,33.257911],[112.54861,33.257851],[112.548545,33.257783],[112.548709,33.257164],[112.54883,33.256918],[112.54894,33.256803],[112.549025,33.256577],[112.549122,33.256151],[112.549154,33.255713],[112.549232,33.255621],[112.549342,33.255565],[112.549854,33.255626],[112.550297,33.255727],[112.550509,33.25511],[112.550595,33.254744],[112.55071,33.254504],[112.550761,33.254262],[112.55086,33.254029],[112.551236,33.254],[112.551437,33.253952],[112.551759,33.25367],[112.552115,33.253463],[112.552201,33.25345],[112.552287,33.253322],[112.552392,33.253275],[112.5523,33.253062],[112.552284,33.252373],[112.552381,33.252216],[112.552665,33.251974],[112.552845,33.251629],[112.552845,33.251348],[112.552684,33.250974],[112.552636,33.250765],[112.552652,33.250608],[112.552708,33.250328],[112.552848,33.250029],[112.552874,33.249495],[112.553003,33.248908],[112.553309,33.248188],[112.553419,33.247748],[112.5534,33.247647],[112.553236,33.247506],[112.553014,33.247192],[112.552716,33.246858],[112.552515,33.246714],[112.552861,33.246117],[112.552083,33.245826],[112.552024,33.246182],[112.55197,33.246326],[112.551879,33.246382],[112.551262,33.246281],[112.551241,33.246115],[112.550742,33.246057],[112.550678,33.245987],[112.550938,33.245794],[112.551018,33.245514],[112.550997,33.245413],[112.550144,33.245361],[112.550198,33.24572],[112.549795,33.245736],[112.549696,33.245691],[112.549704,33.245601],[112.549634,33.245337],[112.549329,33.244392],[112.549294,33.244139],[112.549189,33.243825],[112.549953,33.243565],[112.549945,33.243383],[112.549597,33.242373],[112.549374,33.24225],[112.549117,33.241629],[112.549495,33.241122],[112.549656,33.240971],[112.550077,33.24081],[112.550372,33.240597],[112.550914,33.240327],[112.551123,33.240179],[112.551262,33.239861],[112.551268,33.239621],[112.55119,33.239365],[112.551211,33.239136],[112.551474,33.238719],[112.552043,33.238479],[112.552472,33.238447],[112.553008,33.23832],[112.553454,33.237958],[112.553698,33.237819],[112.55435,33.237505],[112.554832,33.237315],[112.555125,33.237155],[112.555532,33.236785],[112.555785,33.236509],[112.555929,33.236132],[112.556141,33.235834],[112.556305,33.235298],[112.556511,33.234963],[112.556857,33.234647],[112.557882,33.234313],[112.558282,33.234225],[112.558282,33.234001],[112.558172,33.233449],[112.558939,33.233424],[112.559102,33.233382],[112.559199,33.232913],[112.559261,33.232864],[112.559304,33.232904],[112.559341,33.232893],[112.559593,33.232662],[112.559575,33.232439],[112.559626,33.232401],[112.559499,33.231923],[112.559381,33.231708],[112.558625,33.231064],[112.558925,33.230802],[112.55906,33.230728],[112.559486,33.23029],[112.55951,33.230151],[112.559462,33.229812],[112.559612,33.229157],[112.559612,33.228825],[112.559379,33.228325],[112.558805,33.227441],[112.558496,33.22714],[112.558266,33.226833],[112.557895,33.226563],[112.557812,33.226393],[112.55778,33.226119],[112.55778,33.225408],[112.557812,33.225024],[112.557861,33.22486],[112.557877,33.224374],[112.557724,33.22349],[112.557659,33.223196],[112.557496,33.222906],[112.5573,33.222785],[112.557126,33.222489],[112.556836,33.222341],[112.556812,33.222029],[112.556839,33.221818],[112.556941,33.22162],[112.556933,33.22147],[112.556522,33.221432],[112.556426,33.221472],[112.556037,33.221472],[112.555428,33.221396],[112.555254,33.221425],[112.555216,33.22119],[112.555071,33.220985],[112.554913,33.220898],[112.554511,33.220801],[112.554339,33.220662],[112.554124,33.220292],[112.553202,33.219561],[112.552673,33.219276],[112.552681,33.219307],[112.551187,33.218656],[112.549688,33.218048],[112.549259,33.217889],[112.549138,33.217873],[112.546786,33.216978],[112.547049,33.216318],[112.547212,33.216051],[112.548336,33.213417],[112.549784,33.210396],[112.550493,33.208801],[112.55057,33.208704],[112.550965,33.20867],[112.552005,33.208702],[112.551305,33.207468],[112.550605,33.206612],[112.54972,33.205802],[112.548864,33.205214],[112.548012,33.204714],[112.547561,33.204498],[112.546448,33.204357],[112.544788,33.204377],[112.543653,33.204281],[112.542752,33.20416],[112.542095,33.204177],[112.541773,33.205502],[112.541547,33.20598],[112.541049,33.206334],[112.540831,33.206541]]]}},{"type":"Feature","properties":{"regionCode":"411321305","sourceCode":"411321305000","name":"四棵树乡","sourceName":"四棵树乡","parentCode":"411321","parentName":"南召县","regionLevel":"township","regionType":"township","isManagementZone":false,"source":"ruiduobao","sourceVersion":"mixed-legacy~2018-2020","geometryRepaired":false,"match2020":true,"match2023":true},"geometry":{"type":"Polygon","coordinates":[[[112.246386,33.242674],[112.246191,33.243309],[112.246094,33.243988],[112.246199,33.244789],[112.246558,33.245267],[112.247486,33.245765],[112.24784,33.246057],[112.248393,33.246826],[112.24865,33.246958],[112.249892,33.247107],[112.250557,33.247154],[112.250909,33.247232],[112.251332,33.24758],[112.25174,33.248094],[112.251855,33.248652],[112.251888,33.249054],[112.251649,33.24946],[112.25123,33.249827],[112.250799,33.250094],[112.250501,33.250505],[112.250187,33.250637],[112.249728,33.251517],[112.249761,33.251936],[112.249935,33.252362],[112.250249,33.252844],[112.250638,33.253203],[112.251037,33.253688],[112.251059,33.254096],[112.250906,33.25439],[112.250603,33.254641],[112.249871,33.25502],[112.248792,33.255688],[112.248355,33.255893],[112.246893,33.255964],[112.246073,33.255601],[112.245421,33.255179],[112.245096,33.255168],[112.244914,33.255413],[112.244651,33.256016],[112.244251,33.256469],[112.243634,33.256826],[112.243283,33.25692],[112.242993,33.257158],[112.242698,33.257611],[112.242411,33.258337],[112.24254,33.25866],[112.242417,33.259152],[112.242253,33.259524],[112.241159,33.260248],[112.241164,33.260634],[112.241239,33.261179],[112.24154,33.261785],[112.241958,33.262092],[112.242014,33.262431],[112.241921,33.262738],[112.241988,33.263453],[112.241505,33.264391],[112.241524,33.264776],[112.241744,33.265564],[112.241827,33.265985],[112.24184,33.266429],[112.24191,33.266748],[112.242084,33.267068],[112.242422,33.267331],[112.242698,33.267472],[112.242953,33.267652],[112.243178,33.267878],[112.243484,33.268295],[112.243659,33.268759],[112.243656,33.269062],[112.244026,33.269589],[112.244273,33.2701],[112.244329,33.270585],[112.244013,33.270959],[112.243948,33.271302],[112.24416,33.271859],[112.243326,33.272823],[112.24301,33.273354],[112.243511,33.27402],[112.244514,33.275238],[112.244799,33.276122],[112.244911,33.276779],[112.244852,33.278608],[112.244796,33.278898],[112.244992,33.279144],[112.245107,33.279481],[112.244938,33.280126],[112.244986,33.280418],[112.244453,33.280871],[112.244723,33.281198],[112.244914,33.281777],[112.244817,33.282149],[112.244479,33.28238],[112.243779,33.283272],[112.243315,33.284192],[112.242417,33.285456],[112.242017,33.286089],[112.241921,33.286434],[112.242028,33.286804],[112.242377,33.287429],[112.242521,33.288026],[112.242535,33.289084],[112.242476,33.289627],[112.241604,33.290665],[112.240864,33.291156],[112.240598,33.291615],[112.240319,33.292591],[112.240161,33.293028],[112.239949,33.293954],[112.239574,33.296256],[112.239469,33.297312],[112.239359,33.29781],[112.239163,33.298379],[112.238933,33.298778],[112.238106,33.299964],[112.237583,33.300585],[112.23717,33.30096],[112.236511,33.301827],[112.236033,33.30202],[112.235679,33.302352],[112.235926,33.302652],[112.236827,33.302932],[112.237251,33.302986],[112.237522,33.303087],[112.237814,33.303347],[112.238289,33.304242],[112.238528,33.30454],[112.238801,33.304804],[112.23893,33.305066],[112.238959,33.305452],[112.238857,33.305844],[112.238613,33.306335],[112.238112,33.306902],[112.237849,33.307337],[112.237709,33.307691],[112.237626,33.308106],[112.237608,33.308395],[112.237632,33.308747],[112.237712,33.309119],[112.237613,33.309595],[112.237575,33.310236],[112.237465,33.310579],[112.23764,33.310955],[112.238841,33.311771],[112.240013,33.312701],[112.240255,33.312984],[112.240123,33.313358],[112.239635,33.313748],[112.239485,33.314468],[112.239574,33.314797],[112.240233,33.315862],[112.240606,33.316337],[112.240767,33.316617],[112.239874,33.317],[112.239818,33.317467],[112.239743,33.317796],[112.239775,33.318377],[112.239767,33.319928],[112.239901,33.320427],[112.239839,33.321322],[112.239732,33.32166],[112.239751,33.321945],[112.239901,33.322655],[112.239845,33.323296],[112.239869,33.3237],[112.240233,33.323841],[112.240416,33.324293],[112.240483,33.324874],[112.240086,33.325125],[112.239785,33.325499],[112.239992,33.325726],[112.241448,33.326376],[112.2411,33.32703],[112.240188,33.327523],[112.23985,33.327583],[112.239201,33.327391],[112.238911,33.327523],[112.238764,33.327882],[112.238806,33.328424],[112.238656,33.328724],[112.237806,33.328747],[112.237591,33.329177],[112.23746,33.329522],[112.237039,33.329755],[112.236679,33.329643],[112.236301,33.329334],[112.235864,33.329309],[112.235521,33.329542],[112.234437,33.331053],[112.234046,33.331097],[112.23367,33.330902],[112.23278,33.330598],[112.232372,33.330515],[112.231964,33.330575],[112.231784,33.330694],[112.232578,33.331409],[112.232806,33.331763],[112.232932,33.332025],[112.232943,33.332171],[112.232892,33.332292],[112.232699,33.333303],[112.232753,33.333491],[112.233075,33.333861],[112.23319,33.333874],[112.233523,33.334015],[112.233619,33.334096],[112.233748,33.334638],[112.233756,33.335084],[112.233992,33.335427],[112.23404,33.335557],[112.234113,33.33646],[112.233871,33.337403],[112.233555,33.337973],[112.233622,33.338309],[112.234075,33.338575],[112.234188,33.338757],[112.234335,33.33916],[112.234378,33.339198],[112.23473,33.339353],[112.235494,33.339342],[112.235666,33.339382],[112.235805,33.339487],[112.235856,33.339534],[112.235864,33.33968],[112.235931,33.33979],[112.23591,33.340014],[112.235971,33.340171],[112.236328,33.340446],[112.236612,33.341085],[112.236907,33.341341],[112.237385,33.341585],[112.237742,33.34191],[112.237927,33.34262],[112.237857,33.342826],[112.237876,33.343001],[112.237913,33.343055],[112.238281,33.34327],[112.238345,33.343341],[112.238549,33.343783],[112.238608,33.344029],[112.238734,33.344332],[112.238895,33.34504],[112.239043,33.345215],[112.23919,33.345331],[112.239952,33.345826],[112.240351,33.345999],[112.240606,33.346026],[112.240907,33.346373],[112.241561,33.346893],[112.24173,33.347276],[112.242138,33.347695],[112.242481,33.348246],[112.242639,33.348842],[112.24291,33.349071],[112.242854,33.349398],[112.242967,33.349635],[112.242967,33.349974],[112.242934,33.350106],[112.242967,33.350415],[112.243447,33.350854],[112.243597,33.351226],[112.243865,33.351616],[112.24409,33.351813],[112.244458,33.352243],[112.244959,33.353021],[112.245238,33.353173],[112.245641,33.353193],[112.246038,33.353171],[112.246376,33.353267],[112.246542,33.353449],[112.246923,33.353993],[112.247234,33.35408],[112.247277,33.354119],[112.247365,33.354394],[112.247529,33.354623],[112.247832,33.354847],[112.24809,33.354992],[112.248784,33.355012],[112.249079,33.355205],[112.249227,33.35538],[112.249364,33.355474],[112.249774,33.355682],[112.250386,33.355642],[112.250697,33.355772],[112.250943,33.355783],[112.251453,33.356052],[112.251788,33.356016],[112.251963,33.355884],[112.252236,33.35577],[112.252507,33.355573],[112.252936,33.355517],[112.253119,33.355445],[112.253446,33.355194],[112.253583,33.355136],[112.253768,33.355095],[112.254216,33.355095],[112.254473,33.355272],[112.25454,33.355279],[112.25461,33.355266],[112.254782,33.355145],[112.25513,33.355129],[112.255238,33.35521],[112.255391,33.35542],[112.255436,33.355454],[112.255517,33.355454],[112.255632,33.355387],[112.255737,33.355221],[112.256193,33.354939],[112.256708,33.354717],[112.257067,33.35469],[112.257306,33.354786],[112.257858,33.355169],[112.257941,33.355194],[112.258644,33.355129],[112.258848,33.355147],[112.259124,33.35525],[112.25921,33.355187],[112.259569,33.354723],[112.259677,33.354762],[112.259752,33.355104],[112.259746,33.355349],[112.259803,33.355667],[112.259773,33.356054],[112.259824,33.356294],[112.260007,33.356464],[112.260522,33.356697],[112.260618,33.356699],[112.261042,33.356525],[112.261868,33.355956],[112.261949,33.355922],[112.262383,33.35596],[112.2627,33.355918],[112.263064,33.355756],[112.26374,33.355293],[112.263915,33.355234],[112.264105,33.355658],[112.264287,33.355792],[112.264942,33.355783],[112.265376,33.355969],[112.265516,33.355904],[112.2658,33.355629],[112.265913,33.355579],[112.26616,33.355555],[112.266339,33.355604],[112.266777,33.356],[112.267131,33.356119],[112.267367,33.356135],[112.267748,33.356039],[112.268268,33.356032],[112.268389,33.356079],[112.268552,33.35624],[112.268563,33.356352],[112.268504,33.356639],[112.268541,33.35678],[112.268659,33.357011],[112.268678,33.35715],[112.268627,33.357558],[112.268641,33.357656],[112.26874,33.357853],[112.268928,33.358026],[112.269014,33.358245],[112.269145,33.358342],[112.269373,33.358373],[112.269647,33.358313],[112.269934,33.358145],[112.270073,33.358301],[112.270153,33.358525],[112.270263,33.358622],[112.270786,33.358906],[112.271293,33.359112],[112.271366,33.359211],[112.271425,33.359374],[112.271411,33.359807],[112.271441,33.359968],[112.272066,33.36079],[112.27235,33.360983],[112.272474,33.360925],[112.272608,33.360685],[112.272766,33.360495],[112.27304,33.360367],[112.273123,33.360268],[112.27316,33.360064],[112.273128,33.359731],[112.273015,33.359464],[112.27301,33.359359],[112.273015,33.35918],[112.273064,33.358991],[112.273807,33.358628],[112.274247,33.358315],[112.274571,33.357965],[112.274745,33.357927],[112.274837,33.357873],[112.275081,33.357354],[112.27544,33.357009],[112.275743,33.35685],[112.276022,33.356749],[112.276274,33.356769],[112.276387,33.356843],[112.27699,33.356325],[112.277133,33.356164],[112.277221,33.355989],[112.277607,33.35553],[112.27769,33.355373],[112.277723,33.355136],[112.277792,33.354999],[112.278152,33.354764],[112.27824,33.354665],[112.278356,33.354755],[112.278946,33.354965],[112.279128,33.355113],[112.279394,33.355241],[112.280319,33.355543],[112.280646,33.355718],[112.281161,33.355808],[112.281277,33.355927],[112.28133,33.356097],[112.281333,33.356227],[112.281446,33.35644],[112.281746,33.356691],[112.281982,33.356787],[112.282363,33.356881],[112.283173,33.35741],[112.283323,33.357589],[112.28331,33.357838],[112.283401,33.357941],[112.283522,33.358174],[112.284251,33.358588],[112.284506,33.3587],[112.284758,33.358893],[112.284943,33.358985],[112.285206,33.359204],[112.285665,33.359413],[112.285936,33.359596],[112.286131,33.359849],[112.286233,33.359923],[112.286807,33.359946],[112.286917,33.359979],[112.287226,33.360172],[112.287577,33.360448],[112.28788,33.360564],[112.288328,33.360658],[112.288615,33.360777],[112.288781,33.36079],[112.288948,33.360725],[112.2892,33.360533],[112.289371,33.360342],[112.289503,33.36025],[112.289742,33.36015],[112.289876,33.360015],[112.290013,33.359937],[112.290651,33.359751],[112.290723,33.359697],[112.290978,33.359312],[112.29133,33.359059],[112.292166,33.358738],[112.292421,33.358581],[112.292475,33.358516],[112.292547,33.358283],[112.292657,33.358178],[112.293046,33.358167],[112.293129,33.358138],[112.293239,33.358001],[112.293271,33.357878],[112.293347,33.357784],[112.293735,33.357582],[112.293883,33.357717],[112.294218,33.357838],[112.294334,33.357936],[112.294344,33.358062],[112.294229,33.358736],[112.294296,33.359005],[112.29435,33.359137],[112.294674,33.35948],[112.295044,33.359789],[112.295095,33.359901],[112.295111,33.360067],[112.295052,33.360268],[112.294832,33.360566],[112.294757,33.360725],[112.294747,33.360813],[112.294779,33.360873],[112.29509,33.361216],[112.295463,33.361503],[112.295661,33.361796],[112.29575,33.362002],[112.295921,33.362204],[112.296136,33.362363],[112.296418,33.362484],[112.29704,33.362455],[112.29744,33.3628],[112.297668,33.362582],[112.29815,33.362298],[112.298639,33.362099],[112.299111,33.361834],[112.299679,33.361624],[112.300116,33.36135],[112.300014,33.361205],[112.29991,33.360925],[112.299792,33.360777],[112.299451,33.360521],[112.299204,33.360297],[112.299159,33.360208],[112.299226,33.359453],[112.29921,33.359332],[112.299103,33.359101],[112.298858,33.358915],[112.298767,33.358689],[112.298808,33.358534],[112.299078,33.358167],[112.299113,33.358062],[112.299129,33.357712],[112.299094,33.357584],[112.298566,33.356968],[112.298094,33.356538],[112.297965,33.356337],[112.297901,33.356153],[112.297912,33.355281],[112.297858,33.35486],[112.297904,33.354594],[112.297957,33.354466],[112.298335,33.354],[112.298494,33.35346],[112.298687,33.35316],[112.298808,33.35285],[112.29903,33.352635],[112.299304,33.352535],[112.299537,33.352514],[112.299687,33.352458],[112.3001,33.352069],[112.301004,33.351925],[112.301482,33.351753],[112.301766,33.351452],[112.302048,33.351224],[112.302117,33.351184],[112.302372,33.35115],[112.302496,33.351083],[112.302646,33.350744],[112.30363,33.349853],[112.304161,33.349216],[112.304883,33.348616],[112.305129,33.3483],[112.305972,33.347482],[112.306299,33.347245],[112.306505,33.347014],[112.306825,33.346747],[112.307251,33.346485],[112.307549,33.346389],[112.307849,33.34636],[112.308005,33.34627],[112.307997,33.346115],[112.307796,33.345856],[112.30757,33.34534],[112.307562,33.345067],[112.307691,33.344802],[112.308115,33.344361],[112.308619,33.344059],[112.308879,33.34385],[112.309448,33.343633],[112.309724,33.34357],[112.309974,33.343404],[112.31003,33.343281],[112.310019,33.343203],[112.309866,33.342893],[112.309845,33.342676],[112.309963,33.342405],[112.310108,33.342512],[112.310384,33.342537],[112.310671,33.34245],[112.311237,33.342427],[112.311443,33.342306],[112.311808,33.342315],[112.311961,33.342261],[112.312487,33.341892],[112.312629,33.341764],[112.312766,33.341576],[112.31305,33.341334],[112.313122,33.341226],[112.313165,33.341047],[112.313367,33.340727],[112.31342,33.340556],[112.313525,33.340386],[112.313557,33.340218],[112.313468,33.339909],[112.313544,33.339689],[112.313586,33.339655],[112.31389,33.339523],[112.314166,33.339514],[112.314434,33.339425],[112.3147,33.339398],[112.314831,33.339319],[112.315086,33.339239],[112.315633,33.339113],[112.315992,33.339077],[112.317119,33.339145],[112.317548,33.339234],[112.31802,33.339407],[112.318667,33.339947],[112.318927,33.340104],[112.319096,33.340252],[112.319174,33.340303],[112.319528,33.340413],[112.319798,33.340621],[112.320016,33.34098],[112.320359,33.341316],[112.320426,33.341441],[112.320407,33.341939],[112.32045,33.342371],[112.320525,33.342461],[112.32063,33.342499],[112.320874,33.342685],[112.32111,33.342922],[112.321378,33.343073],[112.321743,33.343527],[112.321984,33.343684],[112.322255,33.343778],[112.322497,33.34381],[112.323216,33.343787],[112.323881,33.343846],[112.324004,33.343825],[112.325214,33.343182],[112.325646,33.343068],[112.326212,33.342806],[112.326528,33.342705],[112.326874,33.342721],[112.327086,33.342618],[112.327236,33.342512],[112.327282,33.342199],[112.327738,33.341838],[112.327778,33.341766],[112.327826,33.341462],[112.328009,33.341341],[112.328489,33.341157],[112.329141,33.341016],[112.329631,33.34104],[112.32972,33.341078],[112.329776,33.341197],[112.330034,33.341329],[112.330058,33.341287],[112.330039,33.341009],[112.330157,33.340879],[112.330197,33.340321],[112.330313,33.340135],[112.330487,33.34001],[112.330755,33.339882],[112.331273,33.339429],[112.331372,33.339407],[112.331466,33.339333],[112.331662,33.339102],[112.331758,33.339035],[112.33218,33.338849],[112.332464,33.338674],[112.33267,33.338609],[112.333727,33.338634],[112.334162,33.338551],[112.334816,33.338118],[112.335162,33.338042],[112.335559,33.337762],[112.336184,33.337679],[112.336458,33.337572],[112.336739,33.337291],[112.336922,33.33726],[112.337109,33.337296],[112.337295,33.337177],[112.337378,33.337191],[112.33749,33.337397],[112.33767,33.337903],[112.337729,33.338284],[112.337697,33.338508],[112.337523,33.338676],[112.337305,33.338748],[112.337171,33.338918],[112.33715,33.339001],[112.337126,33.340081],[112.337085,33.340281],[112.337163,33.340655],[112.338335,33.340355],[112.338941,33.340422],[112.339172,33.340478],[112.33933,33.340471],[112.339768,33.340632],[112.340049,33.340617],[112.340516,33.340904],[112.340859,33.340993],[112.340966,33.341011],[112.341275,33.340962],[112.341605,33.340971],[112.341921,33.34076],[112.342023,33.340626],[112.34205,33.340034],[112.3422,33.339707],[112.342393,33.339543],[112.34308,33.339283],[112.343509,33.339416],[112.343925,33.339297],[112.344094,33.339306],[112.344204,33.33936],[112.344308,33.339514],[112.344327,33.339597],[112.344421,33.340762],[112.344413,33.341273],[112.344614,33.341789],[112.344695,33.341898],[112.344818,33.34195],[112.345215,33.341954],[112.345424,33.341847],[112.345768,33.341533],[112.346234,33.341748],[112.346543,33.341795],[112.34668,33.341764],[112.346891,33.341549],[112.346999,33.341329],[112.34705,33.341092],[112.347149,33.34098],[112.347414,33.340859],[112.347592,33.340839],[112.348233,33.340603],[112.348463,33.34048],[112.348769,33.340408],[112.349018,33.34026],[112.34878,33.34005],[112.348664,33.339832],[112.349043,33.339685],[112.349579,33.339716],[112.349662,33.339615],[112.34971,33.339413],[112.350301,33.339387],[112.35066,33.339331],[112.351263,33.339136],[112.351373,33.339062],[112.351475,33.339037],[112.351526,33.338983],[112.352218,33.338985],[112.352567,33.338873],[112.352897,33.338858],[112.353168,33.338777],[112.353221,33.338717],[112.353463,33.338663],[112.353908,33.338667],[112.35412,33.338607],[112.354249,33.33864],[112.354396,33.338759],[112.354439,33.338858],[112.354694,33.339167],[112.354946,33.33927],[112.35552,33.339344],[112.355831,33.339319],[112.356073,33.339223],[112.356161,33.339077],[112.356204,33.339066],[112.356488,33.339337],[112.356848,33.339413],[112.357352,33.339351],[112.357602,33.339398],[112.358039,33.33957],[112.358178,33.339678],[112.358387,33.340032],[112.358511,33.340106],[112.358677,33.340119],[112.359678,33.339976],[112.35997,33.339992],[112.360249,33.340117],[112.360359,33.340209],[112.360402,33.340467],[112.360219,33.340845],[112.360193,33.340971],[112.360257,33.341134],[112.360466,33.341269],[112.360917,33.341423],[112.36104,33.341513],[112.361332,33.341535],[112.361507,33.341612],[112.361705,33.341627],[112.361853,33.341677],[112.362011,33.341771],[112.362124,33.34193],[112.362236,33.342011],[112.362676,33.342071],[112.36295,33.342268],[112.363433,33.342535],[112.363529,33.342763],[112.363902,33.343086],[112.364267,33.343243],[112.364506,33.343252],[112.364468,33.343389],[112.364221,33.343808],[112.364355,33.343969],[112.364645,33.344101],[112.36604,33.344547],[112.36652,33.344861],[112.366721,33.344939],[112.366976,33.344923],[112.367107,33.344861],[112.367413,33.344809],[112.368451,33.344897],[112.368647,33.344854],[112.368757,33.344865],[112.369017,33.345018],[112.369449,33.345163],[112.369532,33.34517],[112.369996,33.345062],[112.370361,33.345105],[112.370838,33.345271],[112.371477,33.345531],[112.371643,33.345629],[112.372008,33.345755],[112.372128,33.345896],[112.372126,33.346037],[112.371938,33.346306],[112.372397,33.346218],[112.373035,33.346174],[112.373456,33.346275],[112.373681,33.346369],[112.373842,33.346508],[112.374119,33.346662],[112.374239,33.346788],[112.374542,33.346853],[112.374837,33.34696],[112.375044,33.347077],[112.375803,33.347722],[112.375983,33.347897],[112.376026,33.347995],[112.37616,33.347924],[112.376632,33.34752],[112.377069,33.3472],[112.377182,33.347166],[112.37745,33.347171],[112.377753,33.347354],[112.378171,33.34746],[112.378324,33.347538],[112.378407,33.347489],[112.378609,33.347518],[112.378748,33.347574],[112.378708,33.347977],[112.378724,33.348197],[112.378839,33.348638],[112.378858,33.348909],[112.379974,33.348222],[112.380502,33.348071],[112.381025,33.348291],[112.381519,33.348616],[112.38195,33.348706],[112.382696,33.349142],[112.383101,33.349443],[112.383077,33.349826],[112.383479,33.3499],[112.383938,33.349882],[112.38422,33.349783],[112.384563,33.349579],[112.385008,33.349682],[112.385148,33.349759],[112.385244,33.35003],[112.386677,33.350879],[112.386811,33.351887],[112.386875,33.351965],[112.387519,33.352319],[112.387782,33.352272],[112.388425,33.352313],[112.388573,33.352243],[112.389093,33.351862],[112.389171,33.351762],[112.389576,33.351598],[112.389764,33.351488],[112.389984,33.35152],[112.390217,33.351473],[112.390351,33.351399],[112.390477,33.351235],[112.390534,33.351022],[112.390805,33.350449],[112.390923,33.350361],[112.39166,33.350072],[112.391778,33.349985],[112.391907,33.349685],[112.391926,33.349472],[112.391751,33.349167],[112.39181,33.348979],[112.391773,33.348712],[112.391615,33.348466],[112.391448,33.34828],[112.390992,33.347937],[112.390751,33.347565],[112.390759,33.347435],[112.390837,33.347292],[112.391223,33.346992],[112.391295,33.346581],[112.391456,33.346418],[112.391776,33.346261],[112.392181,33.346198],[112.392258,33.346162],[112.392433,33.34597],[112.392575,33.34575],[112.392594,33.345627],[112.392639,33.34558],[112.392736,33.345147],[112.392771,33.344569],[112.392873,33.344417],[112.393036,33.344327],[112.393329,33.344083],[112.393355,33.344007],[112.393323,33.343655],[112.393377,33.343552],[112.393465,33.343507],[112.393892,33.343445],[112.394345,33.343319],[112.394737,33.343373],[112.395069,33.343212],[112.395115,33.343355],[112.395453,33.343783],[112.396515,33.344809],[112.397025,33.345369],[112.397395,33.345719],[112.397953,33.346346],[112.398291,33.346646],[112.398733,33.347126],[112.398975,33.347341],[112.400069,33.348504],[112.400554,33.34895],[112.401214,33.349405],[112.40167,33.349951],[112.402478,33.349346],[112.402105,33.349013],[112.401949,33.348939],[112.40244,33.34871],[112.402496,33.348638],[112.402856,33.348434],[112.402936,33.348349],[112.402681,33.348116],[112.402494,33.347829],[112.401992,33.347296],[112.401354,33.346741],[112.401238,33.346678],[112.401145,33.346472],[112.400777,33.34586],[112.401037,33.345775],[112.400796,33.345365],[112.400954,33.345333],[112.400772,33.345033],[112.401694,33.344789],[112.401729,33.345307],[112.401815,33.345885],[112.402132,33.347012],[112.40263,33.347664],[112.403137,33.348197],[112.403395,33.348076],[112.403247,33.347948],[112.403078,33.347713],[112.402896,33.347276],[112.402537,33.346985],[112.402467,33.346734],[112.402303,33.346353],[112.402019,33.345945],[112.401909,33.345376],[112.40185,33.344849],[112.401858,33.344677],[112.401769,33.344513],[112.40174,33.344327],[112.401823,33.344202],[112.401769,33.344034],[112.401842,33.343873],[112.402105,33.343539],[112.401898,33.342768],[112.401955,33.342754],[112.401955,33.342622],[112.402081,33.342465],[112.401925,33.341914],[112.40185,33.341453],[112.401826,33.341172],[112.401861,33.340966],[112.401925,33.34076],[112.40204,33.34057],[112.402083,33.340229],[112.402183,33.340155],[112.402464,33.340036],[112.402915,33.339738],[112.40284,33.339539],[112.402614,33.339149],[112.402419,33.3389],[112.402298,33.338631],[112.402019,33.33817],[112.401912,33.337932],[112.401936,33.337861],[112.401839,33.337522],[112.401563,33.337251],[112.40141,33.337049],[112.401338,33.33687],[112.401348,33.336639],[112.401305,33.336442],[112.401142,33.336283],[112.401077,33.336108],[112.400967,33.335951],[112.400611,33.335783],[112.400458,33.335418],[112.400302,33.33514],[112.400281,33.335042],[112.400348,33.33467],[112.400332,33.334255],[112.400402,33.334224],[112.400627,33.334006],[112.40068,33.333872],[112.400879,33.333596],[112.401169,33.333397],[112.401386,33.333009],[112.401381,33.332928],[112.401145,33.332642],[112.400925,33.332462],[112.400895,33.332417],[112.4009,33.332314],[112.400976,33.332115],[112.400954,33.331898],[112.401013,33.331501],[112.401069,33.331353],[112.401316,33.331032],[112.401426,33.33071],[112.401434,33.330555],[112.40152,33.330266],[112.401799,33.329598],[112.401987,33.329305],[112.401981,33.329087],[112.401815,33.328531],[112.40182,33.328417],[112.401904,33.328204],[112.401912,33.327823],[112.40171,33.327247],[112.40159,33.327003],[112.40134,33.326709],[112.401018,33.326878],[112.400903,33.326904],[112.400621,33.326869],[112.400117,33.326748],[112.399449,33.326313],[112.398832,33.326095],[112.398596,33.325865],[112.398409,33.325616],[112.398385,33.325519],[112.398556,33.325174],[112.399114,33.324771],[112.399181,33.324569],[112.399305,33.324421],[112.399176,33.324276],[112.39887,33.32409],[112.398763,33.323991],[112.397929,33.322801],[112.397792,33.322465],[112.397749,33.321783],[112.397682,33.321658],[112.39747,33.321463],[112.397346,33.321277],[112.397325,33.321196],[112.397344,33.321035],[112.397384,33.320981],[112.397537,33.320894],[112.398221,33.320746],[112.398537,33.32062],[112.399581,33.320598],[112.400096,33.320625],[112.400235,33.320672],[112.400479,33.320864],[112.4006,33.320918],[112.401217,33.321427],[112.401571,33.321203],[112.4013,33.320911],[112.400702,33.320472],[112.40067,33.320365],[112.400729,33.320275],[112.400788,33.320244],[112.401123,33.320219],[112.401273,33.320172],[112.401512,33.320069],[112.40178,33.319896],[112.401987,33.319502],[112.401987,33.319275],[112.402027,33.31908],[112.401997,33.318953],[112.401842,33.318778],[112.401499,33.318601],[112.400976,33.318547],[112.400157,33.318621],[112.399924,33.318403],[112.399739,33.318321],[112.398661,33.318202],[112.398277,33.318056],[112.398004,33.317881],[112.397851,33.317753],[112.397749,33.317619],[112.39744,33.316792],[112.397344,33.316655],[112.397084,33.316427],[112.396376,33.316023],[112.395941,33.315557],[112.395877,33.31553],[112.395861,33.315236],[112.395633,33.314974],[112.395482,33.314654],[112.39541,33.314347],[112.39548,33.314152],[112.395842,33.313815],[112.396416,33.313466],[112.396829,33.313275],[112.397633,33.312748],[112.399919,33.311614],[112.400208,33.31139],[112.400321,33.311168],[112.399667,33.310688],[112.399364,33.310516],[112.398937,33.310417],[112.398631,33.31031],[112.398189,33.310263],[112.397199,33.310038],[112.396834,33.309895],[112.39674,33.309767],[112.396909,33.309698],[112.39758,33.309677],[112.397813,33.309615],[112.398022,33.309516],[112.398154,33.309346],[112.398207,33.308983],[112.398065,33.308776],[112.397631,33.308597],[112.397314,33.308521],[112.396864,33.308306],[112.396614,33.308129],[112.396263,33.307954],[112.396182,33.307904],[112.396215,33.307772],[112.396821,33.307642],[112.397057,33.307624],[112.397296,33.307552],[112.397357,33.307452],[112.397432,33.307416],[112.397896,33.307281],[112.398326,33.307438],[112.398556,33.307438],[112.398991,33.307366],[112.399144,33.307487],[112.399543,33.308095],[112.399688,33.308377],[112.399795,33.308449],[112.399921,33.308472],[112.40009,33.308407],[112.400581,33.30799],[112.400672,33.307945],[112.400962,33.307882],[112.401123,33.307902],[112.401531,33.308028],[112.401756,33.308167],[112.402043,33.308438],[112.40222,33.308523],[112.402295,33.308593],[112.40248,33.308942],[112.40263,33.308689],[112.402708,33.308454],[112.402663,33.307588],[112.40277,33.307505],[112.402818,33.307416],[112.40292,33.307066],[112.402928,33.306862],[112.402821,33.30647],[112.40259,33.306172],[112.402392,33.305983],[112.402327,33.305853],[112.402327,33.305609],[112.402188,33.305102],[112.402118,33.305084],[112.401906,33.304912],[112.401727,33.304894],[112.401622,33.304688],[112.401456,33.304564],[112.401204,33.304542],[112.400858,33.304156],[112.40079,33.304022],[112.399921,33.303816],[112.399747,33.303574],[112.399551,33.303378],[112.39942,33.303159],[112.399125,33.302854],[112.399077,33.302601],[112.399162,33.30219],[112.399117,33.302002],[112.399055,33.301924],[112.398435,33.301509],[112.398277,33.301347],[112.397942,33.300836],[112.397789,33.300522],[112.397269,33.299843],[112.398116,33.299523],[112.399637,33.299065],[112.400208,33.29872],[112.400407,33.2987],[112.400517,33.298729],[112.400734,33.298686],[112.401338,33.298718],[112.401879,33.298648],[112.402239,33.298561],[112.403132,33.298231],[112.403668,33.298097],[112.40428,33.297879],[112.404489,33.297689],[112.404634,33.297169],[112.404586,33.297027],[112.404291,33.296689],[112.404183,33.296326],[112.40387,33.295548],[112.403666,33.295218],[112.403379,33.294898],[112.40306,33.294445],[112.402909,33.294167],[112.402569,33.29327],[112.402405,33.292745],[112.402384,33.292414],[112.402172,33.291293],[112.402207,33.290887],[112.402298,33.290824],[112.401968,33.290705],[112.401456,33.290604],[112.401051,33.290308],[112.400718,33.289873],[112.400222,33.289427],[112.400039,33.289349],[112.399782,33.289131],[112.399651,33.289089],[112.399355,33.289082],[112.399071,33.288902],[112.398806,33.288842],[112.398194,33.288609],[112.398098,33.28855],[112.39792,33.288223],[112.397505,33.288151],[112.397169,33.288028],[112.396955,33.287829],[112.396719,33.287716],[112.396376,33.287344],[112.396166,33.287252],[112.395984,33.286956],[112.395262,33.286743],[112.394782,33.286192],[112.394195,33.285636],[112.394039,33.285533],[112.393396,33.285228],[112.393629,33.285261],[112.393924,33.284593],[112.394873,33.28295],[112.395394,33.282127],[112.39626,33.281463],[112.3963,33.281053],[112.396003,33.28073],[112.394935,33.279967],[112.394841,33.279667],[112.394737,33.27951],[112.394442,33.279194],[112.394281,33.279075],[112.394544,33.278709],[112.394605,33.278476],[112.394739,33.278176],[112.394833,33.277875],[112.394994,33.277108],[112.395037,33.276442],[112.394962,33.276373],[112.394895,33.276193],[112.394882,33.27553],[112.394817,33.275269],[112.394578,33.275099],[112.394471,33.27498],[112.394369,33.274729],[112.394273,33.274357],[112.393983,33.27402],[112.393744,33.273803],[112.393476,33.2732],[112.393315,33.273045],[112.39294,33.27276],[112.392473,33.272473],[112.392213,33.272406],[112.391805,33.27241],[112.391553,33.271708],[112.391481,33.271269],[112.39147,33.27089],[112.391556,33.270672],[112.392036,33.270437],[112.392524,33.270152],[112.393168,33.26991],[112.393557,33.269724],[112.394013,33.269621],[112.394898,33.269313],[112.395397,33.269071],[112.395802,33.268993],[112.395965,33.268914],[112.39603,33.268748],[112.396094,33.268329],[112.396193,33.267954],[112.396426,33.267513],[112.396461,33.267093],[112.396547,33.266849],[112.396893,33.266409],[112.397065,33.266073],[112.397207,33.265922],[112.397505,33.265705],[112.39788,33.265494],[112.398004,33.265342],[112.398178,33.264871],[112.398275,33.264474],[112.398462,33.263987],[112.398567,33.263888],[112.399063,33.263236],[112.39928,33.263054],[112.39975,33.262747],[112.40005,33.262482],[112.400377,33.262276],[112.400562,33.262217],[112.400863,33.26202],[112.401356,33.26178],[112.401807,33.261686],[112.401925,33.261623],[112.40211,33.261585],[112.402829,33.261022],[112.403406,33.260686],[112.403467,33.260609],[112.403542,33.260381],[112.40358,33.259806],[112.403695,33.259584],[112.404028,33.259288],[112.40435,33.259149],[112.404618,33.259134],[112.404795,33.259075],[112.405146,33.258885],[112.405498,33.258649],[112.40557,33.258566],[112.405594,33.258373],[112.405396,33.257712],[112.405173,33.257306],[112.40501,33.25705],[112.404661,33.256754],[112.404406,33.256451],[112.403894,33.256384],[112.403516,33.256296],[112.402813,33.256034],[112.40252,33.255839],[112.402145,33.255251],[112.401796,33.255072],[112.401399,33.255034],[112.401064,33.254924],[112.400777,33.254706],[112.400375,33.254545],[112.399782,33.253973],[112.399527,33.253829],[112.399168,33.253773],[112.39879,33.253634],[112.398326,33.253001],[112.398089,33.252788],[112.397929,33.252497],[112.397856,33.252057],[112.39762,33.251604],[112.397277,33.251534],[112.396909,33.251335],[112.396625,33.251254],[112.396027,33.251225],[112.395654,33.251357],[112.395163,33.251808],[112.394823,33.251958],[112.394485,33.251963],[112.394082,33.251891],[112.393634,33.251873],[112.393178,33.251801],[112.392843,33.251568],[112.392403,33.250942],[112.39206,33.250637],[112.391633,33.250426],[112.391293,33.250305],[112.390676,33.250182],[112.390373,33.25009],[112.389308,33.249132],[112.388868,33.248906],[112.389286,33.248186],[112.388434,33.2462],[112.388828,33.245285],[112.38834,33.245063],[112.388037,33.245063],[112.387589,33.245155],[112.386636,33.244581],[112.385663,33.243607],[112.385475,33.2431],[112.385456,33.242586],[112.38437,33.241916],[112.384649,33.24157],[112.384775,33.241303],[112.3847,33.240998],[112.384523,33.237994],[112.384458,33.237651],[112.384013,33.237189],[112.3829,33.236336],[112.382466,33.236063],[112.382173,33.235832],[112.381749,33.235412],[112.381352,33.234658],[112.381363,33.233404],[112.381248,33.232796],[112.380953,33.232583],[112.380634,33.232484],[112.380229,33.23226],[112.379781,33.232078],[112.379864,33.231289],[112.379781,33.231015],[112.379494,33.230847],[112.379137,33.230541],[112.377249,33.230025],[112.376543,33.229933],[112.375932,33.230014],[112.375637,33.22992],[112.374714,33.228895],[112.374446,33.228652],[112.373976,33.228583],[112.372134,33.228825],[112.370272,33.229682],[112.369934,33.229637],[112.369685,33.229467],[112.369414,33.229027],[112.369044,33.228872],[112.367271,33.22883],[112.366536,33.228715],[112.365034,33.228215],[112.363856,33.227883],[112.362448,33.227602],[112.361794,33.227118],[112.361172,33.226606],[112.360724,33.226095],[112.360632,33.225751],[112.360496,33.224546],[112.360517,33.224102],[112.360828,33.223238],[112.360901,33.222374],[112.360834,33.221798],[112.359978,33.221326],[112.359302,33.221185],[112.358741,33.22097],[112.357467,33.219998],[112.357054,33.219906],[112.356062,33.219989],[112.355298,33.21983],[112.355139,33.219538],[112.354866,33.219166],[112.354681,33.218416],[112.354305,33.218006],[112.35379,33.217543],[112.35346,33.217373],[112.353286,33.217126],[112.352449,33.217135],[112.351483,33.217409],[112.351253,33.217777],[112.35114,33.218196],[112.351239,33.218836],[112.351424,33.219572],[112.35195,33.221266],[112.352012,33.221609],[112.351843,33.222053],[112.351502,33.22265],[112.351014,33.223294],[112.3507,33.223815],[112.350266,33.226121],[112.350566,33.226525],[112.352106,33.22764],[112.3522,33.228011],[112.352208,33.228576],[112.352033,33.229267],[112.351776,33.229648],[112.351373,33.229756],[112.351044,33.229765],[112.350392,33.230086],[112.349965,33.230239],[112.349268,33.230786],[112.348938,33.231228],[112.3486,33.232312],[112.348241,33.232731],[112.347876,33.232899],[112.34702,33.232825],[112.346725,33.232947],[112.346406,33.233151],[112.344394,33.232944],[112.343426,33.232807],[112.343305,33.230815],[112.343174,33.229781],[112.343024,33.229487],[112.342519,33.229173],[112.340808,33.228354],[112.340513,33.228136],[112.340443,33.227521],[112.340288,33.226833],[112.340108,33.226588],[112.33943,33.226227],[112.338939,33.225753],[112.338469,33.224883],[112.337662,33.223709],[112.337539,33.223366],[112.337525,33.222554],[112.337662,33.221739],[112.337568,33.221445],[112.33715,33.22081],[112.336804,33.220211],[112.338037,33.219619],[112.338649,33.219365],[112.339086,33.219114],[112.339467,33.219112],[112.34106,33.220005],[112.34168,33.220245],[112.341371,33.221147],[112.341833,33.221497],[112.342849,33.221742],[112.343726,33.221652],[112.344467,33.221795],[112.344984,33.221778],[112.345363,33.221535],[112.34576,33.220617],[112.345907,33.218771],[112.346089,33.218349],[112.34672,33.218367],[112.347157,33.218313],[112.347535,33.218138],[112.347854,33.217864],[112.347879,33.217456],[112.347168,33.217034],[112.346433,33.216747],[112.346108,33.216675],[112.344649,33.21711],[112.344268,33.21709],[112.343858,33.21702],[112.34315,33.216756],[112.34271,33.216639],[112.342359,33.216643],[112.339851,33.217458],[112.33793,33.217837],[112.337632,33.217597],[112.337241,33.217061],[112.336525,33.215914],[112.336283,33.215589],[112.336171,33.21521],[112.336683,33.214516],[112.336871,33.214182],[112.337032,33.213699],[112.337107,33.21326],[112.337117,33.212901],[112.33679,33.212712],[112.334948,33.212782],[112.334403,33.212714],[112.334414,33.212344],[112.334843,33.211626],[112.33498,33.211058],[112.334929,33.210555],[112.333974,33.210441],[112.333775,33.210973],[112.333784,33.212425],[112.333462,33.212454],[112.332461,33.211085],[112.332225,33.210915],[112.331697,33.210921],[112.331356,33.210728],[112.330774,33.20992],[112.33012,33.209213],[112.329822,33.20902],[112.329476,33.209406],[112.329926,33.210003],[112.330345,33.210641],[112.330704,33.211081],[112.330753,33.211498],[112.330302,33.211675],[112.329859,33.211507],[112.329532,33.211141],[112.329234,33.210899],[112.328382,33.210562],[112.327781,33.210459],[112.327504,33.21067],[112.326955,33.211193],[112.326665,33.211318],[112.326255,33.211323],[112.325903,33.211377],[112.325469,33.211603],[112.324672,33.211936],[112.325273,33.212344],[112.326536,33.212602],[112.327097,33.212817],[112.326904,33.213533],[112.326335,33.21477],[112.325777,33.216475],[112.325579,33.21692],[112.325136,33.216803],[112.324785,33.216758],[112.32379,33.21689],[112.32332,33.216771],[112.322966,33.216578],[112.32243,33.215995],[112.321832,33.215237],[112.321271,33.214411],[112.320874,33.214207],[112.320507,33.213655],[112.320142,33.212613],[112.32008,33.212205],[112.319879,33.211954],[112.31956,33.21183],[112.318787,33.211444],[112.318503,33.211202],[112.3182,33.210816],[112.317484,33.210358],[112.316926,33.210266],[112.316483,33.210122],[112.315679,33.209171],[112.315236,33.209052],[112.314769,33.209056],[112.314096,33.209189],[112.312929,33.209579],[112.312972,33.209992],[112.312784,33.211296],[112.312672,33.212476],[112.312481,33.212856],[112.310993,33.212918],[112.31043,33.212806],[112.309805,33.212483],[112.308839,33.211761],[112.308214,33.211224],[112.30793,33.211038],[112.307538,33.211206],[112.306567,33.211998],[112.306146,33.212025],[112.304794,33.211803],[112.30426,33.211855],[112.303786,33.211978],[112.303314,33.212528],[112.30274,33.212719],[112.30241,33.213044],[112.302179,33.213524],[112.301905,33.213915],[112.30175,33.214299],[112.301745,33.214593],[112.301433,33.214579],[112.300894,33.214135],[112.299741,33.213085],[112.299277,33.213064],[112.298268,33.213358],[112.297375,33.213747],[112.296031,33.213998],[112.294688,33.214366],[112.294071,33.214442],[112.293789,33.214397],[112.293419,33.214],[112.293156,33.213343],[112.292697,33.212732],[112.290951,33.211116],[112.289991,33.210351],[112.288972,33.209819],[112.286622,33.208495],[112.285882,33.207889],[112.285512,33.207445],[112.285252,33.207023],[112.284814,33.205892],[112.284498,33.205378],[112.284098,33.204932],[112.28339,33.204561],[112.281271,33.203922],[112.280483,33.203765],[112.279952,33.203818],[112.279477,33.204083],[112.278897,33.204772],[112.276886,33.207521],[112.277057,33.207793],[112.27754,33.208165],[112.279214,33.209234],[112.279359,33.209539],[112.279155,33.209844],[112.278702,33.20997],[112.27834,33.210192],[112.278205,33.21045],[112.278294,33.211116],[112.278525,33.212151],[112.278527,33.212793],[112.278262,33.213973],[112.27827,33.214509],[112.278417,33.215672],[112.278329,33.215986],[112.278171,33.216253],[112.277755,33.216462],[112.276803,33.216495],[112.276457,33.216643],[112.276092,33.216942],[112.275008,33.218441],[112.274713,33.218692],[112.274308,33.218699],[112.273758,33.218028],[112.273455,33.21773],[112.273305,33.218412],[112.273289,33.219074],[112.273353,33.219664],[112.273359,33.220113],[112.27397,33.221663],[112.273713,33.22211],[112.273431,33.222276],[112.273284,33.222518],[112.272959,33.2227],[112.27279,33.223108],[112.273187,33.224048],[112.273227,33.22436],[112.273139,33.224663],[112.27319,33.225015],[112.273369,33.225296],[112.27356,33.225516],[112.273729,33.225819],[112.274035,33.226117],[112.274322,33.22668],[112.274343,33.227315],[112.274437,33.228201],[112.274319,33.228598],[112.274381,33.229092],[112.27434,33.229498],[112.274365,33.230497],[112.274485,33.231295],[112.274662,33.231814],[112.274678,33.232175],[112.274399,33.232397],[112.273149,33.232935],[112.272382,33.233101],[112.271647,33.233314],[112.270803,33.233292],[112.268579,33.233577],[112.267723,33.233622],[112.267608,33.234389],[112.267485,33.235549],[112.267329,33.236543],[112.267112,33.237088],[112.266699,33.237658],[112.266323,33.237923],[112.265744,33.237835],[112.26487,33.23744],[112.264188,33.237],[112.263421,33.23644],[112.263021,33.235995],[112.262847,33.235621],[112.262466,33.23449],[112.261847,33.232464],[112.261616,33.232112],[112.260819,33.231434],[112.259599,33.230528],[112.259033,33.23025],[112.258271,33.230068],[112.258006,33.230236],[112.258279,33.230705],[112.258599,33.231365],[112.259371,33.232419],[112.260004,33.233429],[112.260237,33.233945],[112.260417,33.234652],[112.260337,33.234948],[112.259915,33.235105],[112.259272,33.235208],[112.257839,33.235316],[112.256941,33.235302],[112.256573,33.23521],[112.256262,33.235073],[112.255608,33.234488],[112.255235,33.233972],[112.255055,33.233312],[112.254766,33.232702],[112.254414,33.231643],[112.254157,33.23125],[112.254076,33.23167],[112.254143,33.23233],[112.254326,33.233249],[112.254709,33.234521],[112.254688,33.235089],[112.254779,33.235488],[112.255012,33.236029],[112.255104,33.236666],[112.255369,33.237537],[112.255476,33.239096],[112.255318,33.239807],[112.255101,33.240305],[112.254712,33.240662],[112.253454,33.241216],[112.252279,33.241537],[112.25123,33.241593],[112.249334,33.241415],[112.248127,33.241561],[112.247314,33.241835],[112.246885,33.242032],[112.24662,33.242257],[112.246386,33.242674]]]}},{"type":"Feature","properties":{"regionCode":"411321308","sourceCode":"411321308000","name":"马市坪乡","sourceName":"马市坪乡","parentCode":"411321","parentName":"南召县","regionLevel":"township","regionType":"township","isManagementZone":false,"source":"ruiduobao","sourceVersion":"mixed-legacy~2018-2020","geometryRepaired":false,"match2020":true,"match2023":true},"geometry":{"type":"Polygon","coordinates":[[[112.283862,33.504032],[112.283122,33.504055],[112.282854,33.504079],[112.282586,33.504146],[112.282467,33.504242],[112.282261,33.504605],[112.282065,33.504661],[112.281432,33.504674],[112.281218,33.504732],[112.280906,33.504913],[112.280778,33.50505],[112.280609,33.505325],[112.2804,33.505842],[112.280107,33.505927],[112.279734,33.505947],[112.279442,33.505761],[112.278932,33.505533],[112.278686,33.505345],[112.278484,33.50509],[112.278254,33.504688],[112.278069,33.504433],[112.277951,33.504332],[112.277513,33.504169],[112.277057,33.504126],[112.276623,33.504198],[112.276416,33.504162],[112.275995,33.503905],[112.275142,33.503952],[112.274697,33.503885],[112.27426,33.503965],[112.273504,33.503949],[112.27334,33.50405],[112.273042,33.504155],[112.272771,33.504332],[112.272216,33.504929],[112.272082,33.505007],[112.271854,33.505877],[112.271816,33.506604],[112.271908,33.506864],[112.272103,33.507101],[112.272205,33.507391],[112.272318,33.507557],[112.27268,33.507758],[112.272892,33.507942],[112.273141,33.508266],[112.273541,33.50844],[112.273871,33.508671],[112.274657,33.508798],[112.274898,33.50897],[112.275016,33.5091],[112.275301,33.509288],[112.275521,33.509384],[112.275824,33.509447],[112.27596,33.509516],[112.276296,33.509775],[112.276612,33.509822],[112.27665,33.509852],[112.276459,33.510424],[112.276376,33.510598],[112.276277,33.510717],[112.276207,33.51078],[112.275724,33.511003],[112.275448,33.511439],[112.275014,33.511826],[112.274289,33.512197],[112.274158,33.512361],[112.274128,33.512596],[112.27455,33.512777],[112.274981,33.512801],[112.275124,33.512777],[112.275934,33.512435],[112.276111,33.512426],[112.27629,33.512497],[112.276406,33.512734],[112.276886,33.513083],[112.276784,33.513282],[112.276341,33.513861],[112.275762,33.514418],[112.275542,33.514698],[112.275488,33.514814],[112.27548,33.515127],[112.275164,33.514919],[112.274654,33.51472],[112.27316,33.514411],[112.272581,33.513888],[112.272238,33.513714],[112.271937,33.513662],[112.271202,33.51381],[112.271605,33.51406],[112.271862,33.51434],[112.271908,33.514472],[112.272007,33.515208],[112.272095,33.515353],[112.272334,33.515521],[112.273069,33.515912],[112.273595,33.51612],[112.274029,33.516469],[112.274142,33.516471],[112.274102,33.517442],[112.273785,33.51758],[112.273756,33.51767],[112.273785,33.517895],[112.273772,33.518003],[112.273734,33.51805],[112.273471,33.518135],[112.273257,33.518307],[112.271967,33.518575],[112.271111,33.51866],[112.270958,33.518712],[112.270829,33.518835],[112.270411,33.519438],[112.270221,33.519631],[112.270017,33.519725],[112.269716,33.520009],[112.269086,33.520422],[112.268786,33.520673],[112.268678,33.520829],[112.268372,33.521127],[112.268249,33.52129],[112.268045,33.521827],[112.267839,33.521833],[112.267605,33.521938],[112.267461,33.522142],[112.267294,33.522471],[112.267227,33.522866],[112.267061,33.52296],[112.266836,33.523166],[112.266634,33.52349],[112.266457,33.523933],[112.266355,33.524011],[112.26616,33.524067],[112.26576,33.524063],[112.265224,33.523897],[112.264802,33.523902],[112.264521,33.523861],[112.26392,33.523622],[112.262992,33.523314],[112.262431,33.523191],[112.26171,33.523106],[112.261342,33.523101],[112.261147,33.523041],[112.260508,33.522594],[112.260135,33.522229],[112.259958,33.521947],[112.259124,33.521648],[112.257853,33.521294],[112.257231,33.521051],[112.25641,33.520845],[112.255769,33.520811],[112.254792,33.520641],[112.254535,33.520673],[112.254288,33.520548],[112.254125,33.520512],[112.253419,33.520503],[112.25299,33.520463],[112.25215,33.520628],[112.251729,33.520751],[112.251303,33.520919],[112.250549,33.521035],[112.250286,33.521136],[112.250029,33.521131],[112.249554,33.521279],[112.249382,33.52137],[112.249297,33.521429],[112.249165,33.521728],[112.249146,33.522097],[112.24909,33.522339],[112.249093,33.522759],[112.249028,33.522826],[112.248897,33.522925],[112.248251,33.523267],[112.247473,33.523591],[112.246692,33.524034],[112.246467,33.524206],[112.24567,33.524678],[112.245461,33.524771],[112.245399,33.52474],[112.245335,33.524651],[112.245115,33.52417],[112.244817,33.52364],[112.244554,33.522974],[112.244506,33.5229],[112.244179,33.522616],[112.244013,33.522372],[112.243879,33.521484],[112.24372,33.521142],[112.243696,33.520858],[112.243506,33.520496],[112.243533,33.520201],[112.243511,33.520096],[112.243417,33.519908],[112.243229,33.519689],[112.243192,33.519597],[112.243039,33.519447],[112.242926,33.51919],[112.242822,33.519067],[112.24268,33.51904],[112.24232,33.519085],[112.24154,33.518844],[112.241127,33.518647],[112.240992,33.518622],[112.24088,33.518519],[112.240646,33.518381],[112.240469,33.518332],[112.240381,33.518334],[112.240158,33.518414],[112.239676,33.518461],[112.239354,33.518385],[112.238281,33.518479],[112.238037,33.518428],[112.237503,33.518434],[112.237034,33.518399],[112.236894,33.518336],[112.236663,33.518106],[112.236524,33.518025],[112.236411,33.517994],[112.235969,33.51798],[112.235202,33.517819],[112.234617,33.517605],[112.234432,33.517448],[112.234325,33.517417],[112.234032,33.517412],[112.233842,33.517278],[112.233726,33.517142],[112.233531,33.516809],[112.233453,33.516802],[112.233026,33.516869],[112.232511,33.51712],[112.232316,33.517169],[112.231766,33.517218],[112.231412,33.517379],[112.231055,33.517475],[112.23087,33.517493],[112.230631,33.517623],[112.230521,33.517802],[112.230422,33.517851],[112.230172,33.517869],[112.230046,33.517916],[112.229403,33.51839],[112.229151,33.518484],[112.228217,33.518535],[112.228094,33.518582],[112.227423,33.518629],[112.227276,33.518694],[112.227002,33.518991],[112.226863,33.519096],[112.226637,33.519148],[112.226036,33.519123],[112.225787,33.519166],[112.225363,33.519418],[112.225071,33.519445],[112.224561,33.519751],[112.224414,33.519792],[112.22406,33.51983],[112.223451,33.519622],[112.223325,33.519622],[112.22292,33.519722],[112.222654,33.519857],[112.222407,33.519939],[112.221758,33.520378],[112.221461,33.520675],[112.22134,33.520715],[112.221123,33.520579],[112.220895,33.520331],[112.220795,33.520275],[112.220479,33.520118],[112.220197,33.520062],[112.219774,33.519857],[112.219055,33.519615],[112.218685,33.519588],[112.218322,33.519626],[112.217732,33.51987],[112.217252,33.520161],[112.2167,33.520559],[112.21644,33.520697],[112.216053,33.520791],[112.215611,33.520832],[112.215198,33.52097],[112.215007,33.521156],[112.214876,33.521377],[112.214758,33.521505],[112.213993,33.522104],[112.213859,33.522142],[112.213395,33.522041],[112.213014,33.522075],[112.212465,33.522234],[112.212371,33.522294],[112.211775,33.522513],[112.211437,33.522576],[112.211247,33.522649],[112.211008,33.522656],[112.210246,33.522571],[112.209273,33.522741],[112.208986,33.522844],[112.208551,33.52281],[112.208082,33.523012],[112.207325,33.523215],[112.207221,33.523289],[112.20677,33.52349],[112.206545,33.523685],[112.206164,33.523846],[112.20589,33.523897],[112.2057,33.523882],[112.204603,33.523461],[112.204193,33.523347],[112.203922,33.523425],[112.203731,33.523441],[112.203401,33.523555],[112.202699,33.523589],[112.202012,33.523678],[112.20081,33.523653],[112.200338,33.523609],[112.199837,33.523506],[112.199662,33.523557],[112.199445,33.523745],[112.199247,33.523846],[112.199045,33.523821],[112.198785,33.523732],[112.198488,33.523783],[112.198158,33.523705],[112.198021,33.523752],[112.197895,33.523743],[112.197594,33.523794],[112.197372,33.52394],[112.197222,33.523982],[112.196599,33.523899],[112.196277,33.524054],[112.196041,33.524085],[112.195837,33.524056],[112.194362,33.524443],[112.193713,33.524655],[112.193214,33.524859],[112.193043,33.525033],[112.192748,33.525469],[112.192731,33.525702],[112.192769,33.526357],[112.192407,33.526404],[112.19223,33.526471],[112.191766,33.526567],[112.190878,33.526554],[112.190669,33.526598],[112.190387,33.526764],[112.189483,33.526876],[112.189191,33.527012],[112.18896,33.527045],[112.188048,33.527405],[112.187622,33.527408],[112.186517,33.527551],[112.185675,33.527459],[112.18535,33.527459],[112.184854,33.527291],[112.184344,33.527043],[112.184175,33.527045],[112.183861,33.527115],[112.183341,33.527332],[112.183226,33.527347],[112.182899,33.527215],[112.182821,33.52701],[112.182797,33.52677],[112.182644,33.526422],[112.182531,33.526225],[112.182169,33.525791],[112.182145,33.525706],[112.182131,33.525521],[112.182174,33.525286],[112.182236,33.525143],[112.182282,33.524588],[112.182266,33.524275],[112.182198,33.524094],[112.182086,33.523973],[112.181909,33.523895],[112.18167,33.523852],[112.181185,33.523893],[112.180428,33.523814],[112.179929,33.523917],[112.178894,33.524282],[112.1788,33.524277],[112.178371,33.52398],[112.178003,33.523785],[112.17777,33.523729],[112.177116,33.523656],[112.176531,33.523517],[112.17559,33.523517],[112.175284,33.523448],[112.174476,33.522967],[112.173768,33.522699],[112.173457,33.52256],[112.17321,33.522406],[112.173076,33.522256],[112.172787,33.521572],[112.172398,33.521156],[112.171791,33.520814],[112.171416,33.520764],[112.170579,33.52078],[112.170319,33.520695],[112.169842,33.520407],[112.169659,33.520246],[112.169327,33.519787],[112.16916,33.519476],[112.169064,33.519177],[112.168892,33.518978],[112.168648,33.518866],[112.167827,33.51879],[112.167562,33.51862],[112.167296,33.518332],[112.167103,33.518193],[112.166934,33.518144],[112.165419,33.518316],[112.16485,33.518289],[112.164539,33.518211],[112.163882,33.517743],[112.163509,33.51756],[112.163203,33.517786],[112.162656,33.518117],[112.162487,33.518188],[112.161776,33.518092],[112.161621,33.518103],[112.161076,33.518314],[112.160749,33.518305],[112.159971,33.519244],[112.159783,33.519407],[112.159762,33.519514],[112.159826,33.519881],[112.159786,33.520071],[112.159671,33.520214],[112.159536,33.520293],[112.159126,33.520393],[112.158555,33.520693],[112.157975,33.520713],[112.157656,33.520778],[112.157187,33.521176],[112.156653,33.52131],[112.15617,33.521337],[112.155816,33.521212],[112.155331,33.520832],[112.154918,33.520599],[112.154274,33.520018],[112.153941,33.519655],[112.153789,33.519568],[112.153802,33.519693],[112.153719,33.520123],[112.153713,33.520456],[112.15374,33.52057],[112.154065,33.521039],[112.154835,33.521972],[112.155084,33.522348],[112.155087,33.522419],[112.154979,33.522493],[112.154032,33.5229],[112.153064,33.5232],[112.152673,33.523365],[112.152488,33.523524],[112.152203,33.524005],[112.152171,33.524219],[112.152187,33.524311],[112.152244,33.524398],[112.152759,33.524751],[112.152906,33.525],[112.153037,33.525131],[112.153673,33.525476],[112.153941,33.525722],[112.154143,33.525856],[112.154295,33.525932],[112.154553,33.525997],[112.155205,33.526044],[112.15536,33.526082],[112.155899,33.52644],[112.156235,33.526623],[112.157098,33.52686],[112.157259,33.526958],[112.157243,33.527587],[112.157187,33.527763],[112.156658,33.528166],[112.156484,33.528365],[112.156524,33.528561],[112.156634,33.528747],[112.157112,33.529277],[112.157171,33.529456],[112.157045,33.529679],[112.156889,33.529758],[112.156693,33.529961],[112.156476,33.530437],[112.156141,33.530697],[112.156154,33.530889],[112.156227,33.531048],[112.156189,33.531177],[112.156194,33.531309],[112.15628,33.531531],[112.156304,33.531694],[112.156232,33.531893],[112.155991,33.532114],[112.15583,33.532394],[112.155666,33.532523],[112.155097,33.532667],[112.154741,33.532908],[112.154397,33.533243],[112.154,33.533901],[112.153523,33.534413],[112.153113,33.535327],[112.152944,33.535506],[112.152227,33.536096],[112.151927,33.536271],[112.151206,33.536586],[112.150615,33.536704],[112.150406,33.536845],[112.150398,33.536948],[112.150465,33.537142],[112.150653,33.537391],[112.150951,33.538028],[112.151002,33.538497],[112.150953,33.538564],[112.150835,33.538625],[112.150666,33.538658],[112.150267,33.53881],[112.150192,33.538884],[112.149977,33.53924],[112.149824,33.540029],[112.149706,33.540353],[112.149658,33.54046],[112.149226,33.541048],[112.149178,33.541182],[112.149237,33.541618],[112.149741,33.542023],[112.150505,33.54281],[112.150562,33.542953],[112.150546,33.543033],[112.150868,33.542944],[112.151066,33.542942],[112.151678,33.542991],[112.152509,33.543147],[112.153185,33.543344],[112.154191,33.543787],[112.15473,33.543981],[112.15495,33.544046],[112.155806,33.544171],[112.157364,33.544871],[112.157975,33.545014],[112.158093,33.545068],[112.158206,33.545144],[112.158364,33.545323],[112.158485,33.545564],[112.158971,33.546118],[112.159078,33.546183],[112.159386,33.546264],[112.159609,33.546442],[112.15985,33.547024],[112.159933,33.547504],[112.160121,33.547828],[112.160451,33.548166],[112.161041,33.548466],[112.161323,33.548671],[112.161393,33.54879],[112.163133,33.54921],[112.163619,33.54929],[112.163946,33.549391],[112.165086,33.549914],[112.165526,33.550236],[112.165845,33.550551],[112.1664,33.551329],[112.166559,33.551488],[112.166451,33.551582],[112.166339,33.551615],[112.165271,33.551778],[112.165145,33.551874],[112.165244,33.552085],[112.165437,33.552326],[112.165639,33.552467],[112.165888,33.552583],[112.165982,33.552748],[112.166167,33.55364],[112.166317,33.553906],[112.166398,33.553982],[112.166532,33.55426],[112.166446,33.554331],[112.166309,33.554526],[112.166221,33.554584],[112.166309,33.554613],[112.166902,33.554423],[112.166575,33.554715],[112.166325,33.555004],[112.166194,33.55485],[112.165934,33.554673],[112.165499,33.554152],[112.165169,33.554313],[112.164963,33.553482],[112.164861,33.553272],[112.1647,33.553334],[112.164847,33.554101],[112.164863,33.554391],[112.164708,33.554327],[112.164136,33.553848],[112.163855,33.554103],[112.163576,33.55445],[112.163836,33.554841],[112.165065,33.555766],[112.165732,33.556099],[112.166333,33.55626],[112.168157,33.556924],[112.168374,33.556877],[112.168814,33.556718],[112.169206,33.556662],[112.169498,33.556763],[112.169694,33.556902],[112.17012,33.557311],[112.170512,33.557876],[112.170727,33.558459],[112.171024,33.559137],[112.171027,33.559358],[112.170914,33.559707],[112.170896,33.559984],[112.171102,33.560648],[112.171285,33.561437],[112.171303,33.561678],[112.171373,33.56198],[112.171802,33.562013],[112.172277,33.561922],[112.172736,33.561736],[112.173004,33.561714],[112.173119,33.561964],[112.173149,33.562136],[112.173259,33.562422],[112.173235,33.562961],[112.173162,33.563321],[112.173202,33.563558],[112.173339,33.563777],[112.173776,33.564228],[112.174018,33.564525],[112.17453,33.564988],[112.174761,33.565285],[112.175101,33.565643],[112.176145,33.566101],[112.17659,33.566215],[112.17678,33.566215],[112.177215,33.566282],[112.177671,33.566539],[112.178146,33.566553],[112.178516,33.566825],[112.178736,33.567116],[112.178873,33.5674],[112.179194,33.568289],[112.179302,33.568653],[112.179366,33.569056],[112.179355,33.570017],[112.179291,33.570667],[112.179176,33.571096],[112.178846,33.57153],[112.177169,33.572781],[112.176426,33.573668],[112.176265,33.573787],[112.17593,33.573912],[112.175522,33.574158],[112.175399,33.574281],[112.175104,33.574969],[112.174374,33.575901],[112.174168,33.576359],[112.173983,33.578209],[112.17413,33.578484],[112.174318,33.578973],[112.174492,33.579114],[112.174889,33.579349],[112.175125,33.579539],[112.175453,33.579581],[112.175887,33.579756],[112.176134,33.579894],[112.176504,33.580026],[112.176767,33.580176],[112.176882,33.580209],[112.177714,33.58069],[112.177835,33.580716],[112.178583,33.581244],[112.179296,33.581548],[112.179725,33.581574],[112.179913,33.581724],[112.180029,33.581928],[112.18013,33.582202],[112.180482,33.582685],[112.18067,33.583036],[112.180471,33.583219],[112.18001,33.583313],[112.180122,33.583496],[112.180112,33.583954],[112.179943,33.58416],[112.180324,33.584415],[112.180597,33.584452],[112.180265,33.584835],[112.179744,33.585527],[112.179369,33.586421],[112.179251,33.586919],[112.178953,33.587313],[112.178564,33.587675],[112.178266,33.588061],[112.178105,33.588171],[112.177848,33.588282],[112.177647,33.588662],[112.176898,33.589024],[112.176775,33.589134],[112.1767,33.589361],[112.176705,33.589641],[112.17677,33.589766],[112.176796,33.590092],[112.176762,33.590575],[112.1767,33.590704],[112.176448,33.590921],[112.176008,33.591053],[112.175238,33.59087],[112.175061,33.591086],[112.174385,33.591504],[112.17423,33.591571],[112.17438,33.591708],[112.17442,33.591978],[112.174484,33.593144],[112.174412,33.593394],[112.174503,33.593435],[112.174777,33.594185],[112.175104,33.594617],[112.17523,33.594715],[112.17548,33.595003],[112.175643,33.595244],[112.175737,33.595495],[112.175772,33.595731],[112.17564,33.596167],[112.175646,33.596277],[112.17597,33.596576],[112.17618,33.596663],[112.176485,33.596857],[112.176743,33.597204],[112.177314,33.597675],[112.17744,33.597901],[112.17748,33.598084],[112.17759,33.598285],[112.177725,33.59868],[112.177805,33.59942],[112.177786,33.600213],[112.177682,33.600403],[112.177435,33.600624],[112.177328,33.600776],[112.177301,33.60087],[112.177293,33.60108],[112.177384,33.601884],[112.177352,33.602168],[112.177258,33.602349],[112.176834,33.602673],[112.176687,33.602874],[112.176078,33.603397],[112.175721,33.603752],[112.175407,33.603977],[112.175297,33.604102],[112.174659,33.604502],[112.17413,33.604782],[112.174023,33.604898],[112.173876,33.605143],[112.17365,33.605398],[112.172856,33.605896],[112.172738,33.606035],[112.172682,33.606155],[112.172599,33.606558],[112.172422,33.607074],[112.172296,33.607255],[112.172116,33.607422],[112.171912,33.607719],[112.171767,33.607996],[112.171633,33.60815],[112.17155,33.608222],[112.171207,33.608369],[112.170995,33.608497],[112.170475,33.608968],[112.170035,33.609162],[112.169675,33.609245],[112.169257,33.609839],[112.169037,33.61023],[112.169032,33.610351],[112.16912,33.610494],[112.169117,33.61054],[112.168991,33.610987],[112.168876,33.611615],[112.168621,33.61256],[112.168594,33.612776],[112.168431,33.613167],[112.168294,33.613699],[112.168034,33.614148],[112.167862,33.614798],[112.167811,33.615115],[112.167902,33.615825],[112.167993,33.616015],[112.168095,33.616152],[112.168718,33.616625],[112.168881,33.616956],[112.168846,33.618131],[112.168586,33.619165],[112.168522,33.619314],[112.168393,33.619439],[112.168474,33.620083],[112.168431,33.620413],[112.168321,33.620766],[112.168286,33.621005],[112.168358,33.621604],[112.168235,33.62197],[112.168329,33.622258],[112.168299,33.622426],[112.168221,33.622488],[112.168337,33.623947],[112.168441,33.6243],[112.168696,33.624713],[112.168766,33.624938],[112.16923,33.625646],[112.169654,33.626113],[112.169721,33.626216],[112.169748,33.626332],[112.16938,33.626571],[112.169241,33.626799],[112.168795,33.627241],[112.168562,33.627422],[112.168396,33.627513],[112.167693,33.627679],[112.167411,33.627891],[112.167106,33.62798],[112.167047,33.628049],[112.167023,33.628208],[112.166837,33.628702],[112.166636,33.628927],[112.166821,33.629443],[112.166674,33.629729],[112.166773,33.630205],[112.166545,33.630548],[112.166435,33.631047],[112.166172,33.631272],[112.166127,33.631475],[112.166084,33.631538],[112.165486,33.631737],[112.165378,33.631828],[112.165314,33.632154],[112.165319,33.632295],[112.165276,33.632422],[112.165183,33.632543],[112.165008,33.633054],[112.16511,33.633271],[112.165078,33.633389],[112.164686,33.633601],[112.164335,33.633947],[112.164083,33.634023],[112.163672,33.634084],[112.163115,33.634271],[112.162699,33.634191],[112.162374,33.634173],[112.161967,33.634271],[112.161604,33.634209],[112.161103,33.634303],[112.160797,33.63426],[112.160698,33.634296],[112.160634,33.634361],[112.160607,33.634539],[112.160513,33.634642],[112.16044,33.634658],[112.160105,33.634593],[112.159869,33.634613],[112.159494,33.634778],[112.159221,33.634848],[112.158903,33.634856],[112.158649,33.634785],[112.158367,33.634845],[112.158225,33.634827],[112.158013,33.634693],[112.157831,33.63464],[112.157592,33.634651],[112.157308,33.634729],[112.157131,33.634718],[112.156905,33.634669],[112.156744,33.634568],[112.15627,33.634394],[112.155752,33.634153],[112.155457,33.634126],[112.154953,33.633979],[112.154303,33.633867],[112.154255,33.633889],[112.154129,33.634135],[112.15399,33.634278],[112.153904,33.634664],[112.153759,33.63476],[112.153523,33.634662],[112.153343,33.634671],[112.153217,33.634573],[112.153048,33.634555],[112.152901,33.634588],[112.152708,33.634702],[112.152485,33.634655],[112.152246,33.634682],[112.151938,33.634776],[112.151656,33.634955],[112.151246,33.635323],[112.151179,33.635352],[112.150653,33.635426],[112.150527,33.635415],[112.15031,33.635305],[112.150146,33.635086],[112.150036,33.634993],[112.149811,33.634995],[112.149162,33.634785],[112.148926,33.634818],[112.148851,33.634879],[112.148767,33.635062],[112.148521,33.635821],[112.14851,33.636283],[112.148413,33.636592],[112.148314,33.637391],[112.148175,33.637838],[112.148049,33.637985],[112.147799,33.638101],[112.14774,33.638168],[112.147703,33.638532],[112.147662,33.638604],[112.147542,33.638711],[112.147354,33.638746],[112.147204,33.638829],[112.146793,33.639461],[112.146227,33.640066],[112.145924,33.640575],[112.145635,33.64089],[112.145511,33.640971],[112.145082,33.641062],[112.144495,33.641062],[112.14428,33.641207],[112.144216,33.641426],[112.143883,33.641757],[112.143701,33.641882],[112.143288,33.642074],[112.143154,33.642199],[112.143017,33.642389],[112.142901,33.642478],[112.142732,33.642574],[112.142472,33.642601],[112.142156,33.642679],[112.141823,33.642677],[112.141721,33.642723],[112.14159,33.643018],[112.141515,33.643295],[112.141391,33.643442],[112.141348,33.643701],[112.141279,33.64384],[112.141155,33.643974],[112.141118,33.644193],[112.141072,33.64428],[112.141024,33.644347],[112.140766,33.644472],[112.140691,33.644581],[112.14064,33.645064],[112.140407,33.645646],[112.140286,33.645809],[112.140149,33.645917],[112.139892,33.646028],[112.139728,33.646385],[112.139677,33.646406],[112.139541,33.646341],[112.139449,33.646339],[112.139205,33.646423],[112.139012,33.646604],[112.1389,33.646787],[112.138623,33.64695],[112.138334,33.647303],[112.138162,33.647332],[112.137894,33.647198],[112.137754,33.647218],[112.137532,33.64737],[112.137381,33.647593],[112.137186,33.647549],[112.137014,33.647446],[112.136746,33.64741],[112.136491,33.647426],[112.136368,33.647506],[112.136094,33.647589],[112.135684,33.647598],[112.135442,33.647533],[112.135225,33.647531],[112.134903,33.647466],[112.134536,33.647285],[112.134431,33.647274],[112.134088,33.647332],[112.133943,33.647252],[112.133192,33.646997],[112.132929,33.646999],[112.132806,33.647194],[112.132773,33.647355],[112.132798,33.647426],[112.132942,33.647524],[112.132961,33.647573],[112.132889,33.647714],[112.132717,33.647852],[112.132696,33.64798],[112.132752,33.648143],[112.132658,33.648212],[112.132331,33.648277],[112.131813,33.648717],[112.131599,33.64877],[112.13143,33.64892],[112.131186,33.648962],[112.131118,33.649002],[112.1311,33.649252],[112.130775,33.649255],[112.130539,33.649145],[112.130196,33.649065],[112.130134,33.648897],[112.130024,33.648779],[112.129783,33.648792],[112.129515,33.648862],[112.12901,33.648714],[112.128882,33.648732],[112.128812,33.648781],[112.12868,33.649022],[112.127766,33.649674],[112.127664,33.649775],[112.127559,33.649969],[112.127436,33.650063],[112.127229,33.65019],[112.126427,33.650505],[112.126237,33.651083],[112.125539,33.651313],[112.125373,33.651398],[112.125161,33.651545],[112.125043,33.651682],[112.124912,33.65199],[112.124783,33.652084],[112.124389,33.652184],[112.124037,33.652157],[112.123675,33.652068],[112.123085,33.652003],[112.121666,33.65172],[112.121012,33.651474],[112.120749,33.651331],[112.120288,33.650762],[112.120186,33.650695],[112.120108,33.650695],[112.119853,33.650751],[112.119792,33.650853],[112.1197,33.651429],[112.119472,33.651912],[112.11925,33.652108],[112.119175,33.652253],[112.118874,33.652557],[112.118354,33.652892],[112.118059,33.652979],[112.117675,33.653028],[112.116661,33.65307],[112.116358,33.653055],[112.117265,33.654234],[112.118343,33.655832],[112.118981,33.656792],[112.119378,33.657754],[112.121192,33.660313],[112.118019,33.666789],[112.11723,33.6682],[112.117648,33.668801],[112.11793,33.669497],[112.118155,33.670111],[112.118298,33.671082],[112.118491,33.671515],[112.118622,33.67191],[112.118652,33.672345],[112.118571,33.672743],[112.117833,33.674807],[112.117756,33.675754],[112.117715,33.677089],[112.117372,33.678609],[112.117378,33.679017],[112.117514,33.679327],[112.117981,33.679977],[112.118287,33.680591],[112.118456,33.681914],[112.118606,33.682434],[112.118837,33.682798],[112.119639,33.683425],[112.120859,33.684726],[112.121186,33.685124],[112.121288,33.685418],[112.121355,33.686188],[112.121446,33.686461],[112.122585,33.68796],[112.124,33.690058],[112.124225,33.69052],[112.123635,33.690656],[112.123305,33.690828],[112.123075,33.691114],[112.122997,33.691504],[112.123048,33.692156],[112.12382,33.692979],[112.124102,33.693439],[112.124204,33.69374],[112.124308,33.694354],[112.12441,33.694642],[112.124928,33.695541],[112.124823,33.695999],[112.124885,33.696479],[112.125089,33.696871],[112.125336,33.697222],[112.125623,33.697434],[112.126489,33.697925],[112.128342,33.698708],[112.128831,33.698819],[112.129834,33.699226],[112.130113,33.699386],[112.130461,33.699661],[112.13084,33.699808],[112.131435,33.699931],[112.131966,33.700145],[112.132564,33.700428],[112.133487,33.701047],[112.133672,33.701265],[112.134782,33.702986],[112.135096,33.703233],[112.135501,33.703396],[112.135823,33.703713],[112.136164,33.70438],[112.136343,33.704985],[112.136555,33.705353],[112.136917,33.705842],[112.136931,33.706226],[112.136799,33.706777],[112.136805,33.707167],[112.136864,33.707571],[112.13736,33.70858],[112.137856,33.709385],[112.138103,33.709702],[112.139036,33.710222],[112.139398,33.710733],[112.139527,33.711282],[112.139688,33.711728],[112.139865,33.712002],[112.140241,33.712317],[112.140772,33.712442],[112.141622,33.712535],[112.142609,33.712569],[112.14303,33.712703],[112.143457,33.713894],[112.143618,33.714137],[112.143897,33.714403],[112.144245,33.714581],[112.144803,33.714749],[112.145463,33.7148],[112.146018,33.714912],[112.146573,33.715124],[112.148049,33.715313],[112.148883,33.715449],[112.149457,33.71559],[112.149872,33.71573],[112.150326,33.715971],[112.151737,33.716522],[112.152104,33.716708],[112.152426,33.716973],[112.153389,33.718332],[112.154038,33.718905],[112.155232,33.720152],[112.155827,33.720603],[112.156385,33.720808],[112.158329,33.721178],[112.159161,33.721272],[112.160792,33.721388],[112.161779,33.721364],[112.162195,33.721411],[112.163074,33.721772],[112.165429,33.721745],[112.165926,33.721776],[112.166341,33.721899],[112.167932,33.72268],[112.168235,33.722731],[112.168734,33.722727],[112.169133,33.722642],[112.17007,33.722118],[112.171234,33.721799],[112.171708,33.721631],[112.171955,33.721411],[112.172049,33.72112],[112.172108,33.71913],[112.17218,33.718838],[112.172382,33.71853],[112.173197,33.717944],[112.17343,33.717604],[112.173532,33.717216],[112.173825,33.714715],[112.173819,33.714334],[112.173377,33.711931],[112.173551,33.710838],[112.173594,33.709921],[112.174031,33.708019],[112.174393,33.707399],[112.174686,33.706732],[112.174718,33.706194],[112.174653,33.705721],[112.173618,33.703851],[112.173473,33.703557],[112.173398,33.703242],[112.173328,33.70174],[112.173342,33.700951],[112.173497,33.700239],[112.173717,33.699842],[112.174106,33.699848],[112.17445,33.700098],[112.174948,33.700236],[112.175206,33.700395],[112.176375,33.700837],[112.176751,33.701062],[112.177183,33.701243],[112.177647,33.701383],[112.178299,33.70129],[112.18046,33.701198],[112.181396,33.70112],[112.182349,33.700984],[112.183092,33.700946],[112.183507,33.701031],[112.184602,33.701633],[112.185388,33.701941],[112.186815,33.7026],[112.187431,33.702832],[112.187855,33.702749],[112.189996,33.701859],[112.190368,33.701558],[112.191095,33.701058],[112.19168,33.700558],[112.192874,33.699835],[112.193204,33.699674],[112.193509,33.699612],[112.194762,33.699679],[112.195494,33.699534],[112.195846,33.699411],[112.196621,33.699029],[112.198101,33.69846],[112.198997,33.698215],[112.201451,33.697934],[112.202114,33.697947],[112.202825,33.698041],[112.203203,33.698155],[112.203678,33.69821],[112.20651,33.698023],[112.207714,33.697992],[112.208401,33.698045],[112.208972,33.698217],[112.209401,33.698469],[112.209782,33.698802],[112.210126,33.699647],[112.210423,33.700533],[112.210716,33.701263],[112.211343,33.702263],[112.211609,33.702635],[112.212092,33.703244],[112.213028,33.704262],[112.213291,33.704418],[112.214881,33.705074],[112.215216,33.705288],[112.216268,33.706127],[112.21696,33.706574],[112.217939,33.707176],[112.218937,33.70768],[112.219822,33.708285],[112.220487,33.708633],[112.220986,33.708807],[112.222217,33.708854],[112.222703,33.708919],[112.223309,33.709238],[112.224328,33.710166],[112.224392,33.710532],[112.223663,33.712435],[112.223491,33.71374],[112.223502,33.71451],[112.223553,33.715202],[112.223719,33.716464],[112.224019,33.716877],[112.22476,33.716514],[112.22528,33.716547],[112.226087,33.716797],[112.226707,33.717127],[112.2273,33.717337],[112.227726,33.717352],[112.228389,33.717288],[112.22947,33.71698],[112.230186,33.716866],[112.230505,33.716862],[112.230913,33.716933],[112.231624,33.717163],[112.232476,33.717332],[112.232761,33.717328],[112.234555,33.717044],[112.235043,33.717085],[112.235416,33.717169],[112.236824,33.717805],[112.23757,33.71799],[112.238812,33.717993],[112.239131,33.718102],[112.24015,33.718838],[112.240418,33.718939],[112.240896,33.718927],[112.241414,33.718856],[112.242197,33.719483],[112.243026,33.720364],[112.243844,33.720743],[112.243989,33.720487],[112.244302,33.720358],[112.245684,33.720021],[112.246129,33.719789],[112.246443,33.719441],[112.246531,33.718653],[112.246655,33.718205],[112.246826,33.717261],[112.246966,33.716703],[112.247183,33.716315],[112.247537,33.715902],[112.248575,33.715483],[112.249034,33.715353],[112.249291,33.715228],[112.249511,33.714976],[112.249492,33.713921],[112.249691,33.713548],[112.25015,33.713319],[112.250522,33.713214],[112.251732,33.712966],[112.25215,33.71273],[112.252735,33.712495],[112.25329,33.712324],[112.254256,33.712339],[112.256455,33.712047],[112.257139,33.711634],[112.257657,33.711828],[112.258507,33.712397],[112.259433,33.712649],[112.259851,33.712839],[112.260382,33.712908],[112.261211,33.713131],[112.261627,33.713176],[112.262308,33.712962],[112.262732,33.712899],[112.263166,33.713046],[112.263595,33.713104],[112.263963,33.712964],[112.26422,33.712808],[112.265232,33.712609],[112.266347,33.712477],[112.267388,33.712886],[112.267957,33.713203],[112.268552,33.713406],[112.268828,33.71364],[112.269488,33.713823],[112.269936,33.71364],[112.270253,33.713609],[112.270585,33.713339],[112.271183,33.713214],[112.271771,33.713218],[112.272063,33.713515],[112.272578,33.713597],[112.27353,33.713899],[112.273855,33.713856],[112.274247,33.713597],[112.274826,33.712776],[112.275059,33.712547],[112.275258,33.712078],[112.275188,33.711596],[112.275534,33.711554],[112.276046,33.711703],[112.276443,33.711875],[112.277023,33.711868],[112.277784,33.711801],[112.278152,33.711605],[112.278439,33.711288],[112.27857,33.710873],[112.278887,33.710496],[112.279048,33.710086],[112.27915,33.709581],[112.27916,33.709265],[112.280035,33.708595],[112.280222,33.708095],[112.280681,33.707834],[112.281373,33.707502],[112.281762,33.707192],[112.282022,33.706647],[112.282701,33.705935],[112.283304,33.705978],[112.284163,33.706181],[112.284603,33.706156],[112.285488,33.705969],[112.28662,33.705915],[112.286923,33.705748],[112.287336,33.705286],[112.287666,33.704849],[112.288108,33.704521],[112.288744,33.70407],[112.289398,33.703722],[112.289978,33.703485],[112.290447,33.703461],[112.291198,33.703061],[112.291815,33.702992],[112.292075,33.702881],[112.293196,33.70276],[112.294103,33.702847],[112.2945,33.702834],[112.295168,33.702671],[112.295691,33.702468],[112.296048,33.702289],[112.297201,33.701475],[112.297236,33.701129],[112.297488,33.700884],[112.298456,33.70062],[112.299272,33.700611],[112.300822,33.700529],[112.302547,33.699815],[112.303461,33.699107],[112.304035,33.698715],[112.304478,33.698074],[112.304821,33.697829],[112.30532,33.697019],[112.305559,33.696269],[112.305669,33.695798],[112.305819,33.694475],[112.30624,33.69347],[112.306178,33.692901],[112.305956,33.692584],[112.305813,33.692283],[112.305749,33.691931],[112.305626,33.691582],[112.305435,33.691199],[112.305347,33.690866],[112.305239,33.690007],[112.304832,33.688969],[112.304808,33.688476],[112.304932,33.687616],[112.305127,33.686856],[112.305427,33.686311],[112.305105,33.686108],[112.305081,33.685246],[112.305285,33.684561],[112.305416,33.684309],[112.305534,33.68418],[112.305695,33.68409],[112.30687,33.683666],[112.307506,33.683508],[112.307415,33.68326],[112.307377,33.682932],[112.30727,33.682684],[112.306905,33.682332],[112.306774,33.682133],[112.30665,33.682053],[112.307042,33.681803],[112.307393,33.680421],[112.307656,33.680042],[112.308415,33.679713],[112.308914,33.679861],[112.309319,33.68039],[112.309834,33.680845],[112.310322,33.68122],[112.310818,33.681314],[112.311647,33.681097],[112.31242,33.680765],[112.313739,33.680794],[112.314002,33.680872],[112.314469,33.680905],[112.314582,33.680861],[112.314721,33.680747],[112.314858,33.680323],[112.314855,33.680028],[112.314785,33.679923],[112.31478,33.679671],[112.314718,33.679521],[112.314627,33.678975],[112.314474,33.678769],[112.313997,33.678524],[112.313313,33.67835],[112.312436,33.678368],[112.312245,33.678339],[112.312111,33.678278],[112.311988,33.678097],[112.311958,33.677785],[112.311988,33.677414],[112.312237,33.676537],[112.312224,33.676343],[112.311977,33.675705],[112.312001,33.675493],[112.312202,33.675169],[112.312441,33.675028],[112.312666,33.674832],[112.312677,33.674781],[112.312575,33.674602],[112.312578,33.674412],[112.312849,33.674055],[112.313007,33.673926],[112.313257,33.673848],[112.313573,33.673665],[112.313686,33.673551],[112.313715,33.673457],[112.313621,33.673198],[112.313611,33.672952],[112.313541,33.672714],[112.313299,33.672461],[112.31268,33.672455],[112.312522,33.672377],[112.311599,33.672327],[112.311459,33.672285],[112.311256,33.672098],[112.311006,33.671678],[112.311022,33.671548],[112.311202,33.671421],[112.312409,33.670921],[112.312841,33.670814],[112.313173,33.670685],[112.313479,33.670486],[112.313562,33.670278],[112.31349,33.669586],[112.313522,33.669274],[112.313474,33.66853],[112.31356,33.668394],[112.313739,33.6683],[112.314013,33.668091],[112.314101,33.667979],[112.31412,33.667861],[112.314083,33.667787],[112.31397,33.667689],[112.313908,33.667535],[112.313892,33.667392],[112.313962,33.6673],[112.313707,33.667035],[112.31346,33.666858],[112.312725,33.666729],[112.312658,33.66666],[112.312503,33.666593],[112.31228,33.66657],[112.311974,33.666448],[112.311862,33.666278],[112.311814,33.665593],[112.311733,33.665414],[112.311481,33.665222],[112.311231,33.664943],[112.310928,33.664526],[112.310676,33.664264],[112.310502,33.663976],[112.310397,33.663642],[112.310411,33.663472],[112.310754,33.663139],[112.31081,33.662936],[112.310808,33.662816],[112.310722,33.662474],[112.310397,33.662007],[112.310148,33.661532],[112.310169,33.661353],[112.310564,33.66123],[112.310773,33.661204],[112.311025,33.661012],[112.31132,33.660965],[112.311757,33.660987],[112.312068,33.66094],[112.312401,33.660974],[112.312573,33.660907],[112.31305,33.66023],[112.313136,33.660025],[112.313503,33.659474],[112.313501,33.659418],[112.313637,33.659324],[112.313737,33.659194],[112.313777,33.658996],[112.313721,33.658826],[112.313592,33.658697],[112.313208,33.658529],[112.312803,33.658288],[112.312141,33.657826],[112.311443,33.65671],[112.310851,33.656089],[112.310505,33.655823],[112.309611,33.655383],[112.309429,33.655142],[112.309434,33.65483],[112.309459,33.654758],[112.309571,33.65466],[112.309901,33.654647],[112.310577,33.654696],[112.311352,33.654702],[112.311784,33.654647],[112.312001,33.654569],[112.312119,33.654435],[112.312117,33.654216],[112.312071,33.653966],[112.311881,33.6538],[112.311183,33.652631],[112.311014,33.652253],[112.310802,33.651528],[112.310792,33.651208],[112.310714,33.650871],[112.310215,33.650105],[112.310196,33.649891],[112.310261,33.649473],[112.3104,33.649393],[112.310684,33.649319],[112.311207,33.649429],[112.311717,33.649616],[112.312208,33.649857],[112.312436,33.649898],[112.312897,33.649884],[112.312986,33.649831],[112.313112,33.64963],[112.313157,33.649465],[112.313214,33.64881],[112.312688,33.648674],[112.312401,33.648719],[112.312176,33.64867],[112.312023,33.648587],[112.311781,33.648136],[112.311459,33.647915],[112.311261,33.647832],[112.310944,33.647582],[112.311419,33.647553],[112.311604,33.647593],[112.311789,33.647553],[112.312012,33.64756],[112.312261,33.647524],[112.312433,33.647567],[112.312688,33.64758],[112.312827,33.64764],[112.31305,33.647638],[112.313275,33.647692],[112.313527,33.64768],[112.314072,33.647169],[112.31416,33.646799],[112.314206,33.646765],[112.314557,33.646756],[112.314882,33.646604],[112.315713,33.646499],[112.315904,33.646385],[112.316124,33.646066],[112.316301,33.645586],[112.316422,33.645434],[112.316642,33.645336],[112.316789,33.645231],[112.317224,33.644675],[112.3175,33.644262],[112.317948,33.643827],[112.318382,33.643523],[112.318519,33.643389],[112.318849,33.642659],[112.318972,33.642263],[112.319383,33.641314],[112.31949,33.64093],[112.31975,33.640368],[112.319841,33.640071],[112.319761,33.640053],[112.318752,33.640142],[112.318318,33.640269],[112.317894,33.640437],[112.317296,33.640854],[112.317044,33.640955],[112.316336,33.641029],[112.315646,33.641183],[112.315539,33.641183],[112.315003,33.64106],[112.314447,33.640814],[112.313828,33.640683],[112.313232,33.64075],[112.312626,33.640653],[112.312055,33.640645],[112.311618,33.640901],[112.311425,33.640939],[112.310894,33.640683],[112.310314,33.640316],[112.309874,33.640115],[112.309526,33.639999],[112.309298,33.639767],[112.309003,33.639575],[112.308756,33.639495],[112.308455,33.63945],[112.308131,33.639463],[112.308032,33.639436],[112.307855,33.639104],[112.307766,33.639032],[112.307039,33.63903],[112.306833,33.639068],[112.306589,33.639177],[112.305315,33.639171],[112.305162,33.639146],[112.30477,33.638845],[112.303882,33.638805],[112.303568,33.638863],[112.3033,33.638807],[112.302866,33.63861],[112.302356,33.63849],[112.301978,33.638141],[112.301804,33.638021],[112.301543,33.63792],[112.301004,33.637833],[112.300562,33.637579],[112.300449,33.637429],[112.300647,33.636969],[112.30068,33.636748],[112.300503,33.636199],[112.300387,33.636015],[112.300301,33.635772],[112.299813,33.635243],[112.299695,33.635002],[112.29954,33.634872],[112.299365,33.634606],[112.299339,33.634495],[112.29936,33.634164],[112.299309,33.634035],[112.299293,33.633851],[112.299226,33.633726],[112.298765,33.63353],[112.298502,33.633244],[112.298394,33.633175],[112.298311,33.633061],[112.298242,33.632498],[112.298014,33.632107],[112.297563,33.631777],[112.297437,33.631739],[112.297233,33.63175],[112.297161,33.631696],[112.29711,33.631616],[112.297072,33.63144],[112.296876,33.631272],[112.296616,33.630785],[112.296605,33.630694],[112.296689,33.630441],[112.296654,33.63031],[112.29649,33.630019],[112.296434,33.630004],[112.296391,33.62987],[112.296479,33.629284],[112.296498,33.628447],[112.296477,33.628411],[112.296039,33.628241],[112.295884,33.628043],[112.295586,33.627873],[112.295457,33.627741],[112.295417,33.627643],[112.295428,33.627435],[112.295382,33.627241],[112.295229,33.626989],[112.295213,33.626864],[112.295463,33.626587],[112.295471,33.62652],[112.295415,33.626334],[112.2952,33.625896],[112.294961,33.625539],[112.294886,33.625369],[112.294642,33.625092],[112.294511,33.625005],[112.294175,33.624894],[112.294033,33.624807],[112.29376,33.624706],[112.293588,33.624496],[112.293516,33.624014],[112.29351,33.623768],[112.293585,33.623422],[112.293714,33.623134],[112.293711,33.622888],[112.293617,33.622566],[112.293507,33.622417],[112.293422,33.622229],[112.293245,33.621606],[112.293475,33.620541],[112.29355,33.620453],[112.292933,33.620188],[112.292477,33.619926],[112.292038,33.61973],[112.28954,33.618827],[112.289449,33.618807],[112.289144,33.618856],[112.288666,33.618823],[112.288543,33.618852],[112.288489,33.618827],[112.288441,33.618718],[112.288299,33.618662],[112.288055,33.618743],[112.287591,33.619017],[112.287287,33.619037],[112.287202,33.619013],[112.286673,33.618691],[112.286284,33.618535],[112.286051,33.618387],[112.286064,33.618195],[112.286027,33.618014],[112.285788,33.617114],[112.285726,33.616909],[112.285528,33.616509],[112.28556,33.616406],[112.285466,33.616306],[112.285351,33.615732],[112.285155,33.61528],[112.284978,33.614749],[112.284981,33.614657],[112.284871,33.614572],[112.28471,33.614367],[112.284592,33.614094],[112.284581,33.614003],[112.284334,33.613733],[112.283704,33.613167],[112.283565,33.612957],[112.283473,33.612743],[112.283404,33.612408],[112.283476,33.612046],[112.283473,33.611896],[112.283546,33.61168],[112.283165,33.611412],[112.28295,33.611155],[112.282784,33.610853],[112.282559,33.61063],[112.282309,33.610467],[112.281869,33.610301],[112.281751,33.610297],[112.2821,33.609935],[112.28254,33.609582],[112.283897,33.60876],[112.284045,33.608637],[112.28409,33.608552],[112.284069,33.608289],[112.283905,33.607712],[112.283811,33.607558],[112.283827,33.607353],[112.283975,33.606904],[112.28397,33.606799],[112.283852,33.606274],[112.28368,33.60507],[112.283119,33.604111],[112.282937,33.603957],[112.282215,33.603535],[112.282001,33.603455],[112.281529,33.603122],[112.281379,33.602956],[112.281175,33.602501],[112.28099,33.602181],[112.280901,33.601897],[112.280826,33.601475],[112.280837,33.601116],[112.280998,33.600164],[112.281239,33.599348],[112.281228,33.598441],[112.281212,33.598341],[112.280933,33.597771],[112.280957,33.597324],[112.281097,33.596815],[112.281269,33.596538],[112.281451,33.596319],[112.281569,33.595946],[112.281655,33.595807],[112.281733,33.595579],[112.281797,33.59547],[112.282221,33.595012],[112.282569,33.594496],[112.282591,33.594411],[112.282537,33.59387],[112.282669,33.593609],[112.282795,33.593173],[112.282966,33.592767],[112.282953,33.592192],[112.282988,33.591553],[112.282891,33.591024],[112.282864,33.590434],[112.282779,33.589918],[112.282736,33.589755],[112.282502,33.589545],[112.282339,33.589183],[112.282333,33.588819],[112.282274,33.588477],[112.281853,33.587413],[112.281789,33.586881],[112.281641,33.586595],[112.281397,33.586283],[112.281199,33.585894],[112.281022,33.58569],[112.280585,33.585449],[112.280448,33.585297],[112.28044,33.585056],[112.280488,33.584631],[112.280375,33.584207],[112.280204,33.584019],[112.280107,33.583968],[112.279611,33.58378],[112.279488,33.583767],[112.279716,33.583496],[112.27986,33.583375],[112.27989,33.5833],[112.27982,33.582522],[112.279834,33.582363],[112.279922,33.582066],[112.280016,33.581981],[112.280153,33.58195],[112.280912,33.581979],[112.281279,33.581923],[112.281609,33.581834],[112.282143,33.581512],[112.282256,33.581478],[112.2831,33.581505],[112.283366,33.58132],[112.283661,33.581014],[112.283937,33.580904],[112.284238,33.58083],[112.284291,33.580741],[112.284324,33.580571],[112.28434,33.579932],[112.285174,33.579566],[112.285407,33.579423],[112.285638,33.579248],[112.285855,33.578964],[112.285791,33.578658],[112.285716,33.578585],[112.285539,33.57854],[112.284852,33.578605],[112.284533,33.578739],[112.284109,33.578844],[112.283943,33.578837],[112.283795,33.578623],[112.283779,33.578109],[112.283699,33.577785],[112.283696,33.577642],[112.283819,33.577186],[112.283905,33.577023],[112.284144,33.576707],[112.284431,33.576249],[112.285171,33.57551],[112.285552,33.575043],[112.285965,33.574665],[112.286327,33.574207],[112.286721,33.573974],[112.287008,33.573927],[112.287255,33.573818],[112.287499,33.573445],[112.287894,33.572973],[112.28825,33.57224],[112.288387,33.572068],[112.288505,33.571977],[112.288942,33.571758],[112.290737,33.571235],[112.291147,33.571045],[112.29133,33.570873],[112.291466,33.5706],[112.291501,33.570057],[112.291413,33.569487],[112.291692,33.568913],[112.291684,33.568763],[112.291584,33.568519],[112.29149,33.568401],[112.291233,33.568211],[112.29101,33.567887],[112.290986,33.567708],[112.290865,33.567373],[112.290841,33.567176],[112.290702,33.566979],[112.290592,33.566635],[112.290318,33.566152],[112.289822,33.565607],[112.289025,33.565035],[112.288873,33.564807],[112.288835,33.564637],[112.288854,33.564519],[112.289154,33.564119],[112.288942,33.563428],[112.288857,33.562901],[112.288806,33.562796],[112.288532,33.562407],[112.288323,33.562346],[112.287971,33.562132],[112.287698,33.561703],[112.28762,33.561638],[112.287204,33.561466],[112.287033,33.561305],[112.286802,33.561162],[112.286531,33.560779],[112.286303,33.560621],[112.28604,33.560122],[112.285893,33.559687],[112.285654,33.559389],[112.285649,33.559038],[112.285742,33.558815],[112.286231,33.558368],[112.28644,33.557943],[112.28659,33.557755],[112.286668,33.557543],[112.286944,33.557056],[112.287301,33.55677],[112.287523,33.556669],[112.287945,33.556589],[112.288248,33.556383],[112.288476,33.5566],[112.28876,33.557228],[112.28883,33.557451],[112.289036,33.557818],[112.289173,33.558164],[112.289401,33.558316],[112.289734,33.558401],[112.290187,33.558254],[112.290262,33.558178],[112.290678,33.558001],[112.291059,33.557724],[112.291217,33.557445],[112.291246,33.556955],[112.291343,33.556837],[112.291582,33.556732],[112.291686,33.556653],[112.291767,33.55656],[112.291885,33.556215],[112.291941,33.556171],[112.292322,33.556126],[112.29237,33.556097],[112.292582,33.555887],[112.292773,33.555455],[112.292767,33.55529],[112.292676,33.555062],[112.292306,33.554765],[112.29229,33.554637],[112.292394,33.55402],[112.292333,33.553667],[112.292244,33.553629],[112.291836,33.553728],[112.29126,33.553958],[112.290224,33.55417],[112.289363,33.554454],[112.289144,33.555015],[112.28913,33.555158],[112.289189,33.555735],[112.289119,33.556021],[112.288894,33.556108],[112.288671,33.556099],[112.288492,33.556193],[112.288419,33.556195],[112.288272,33.556162],[112.288046,33.555963],[112.287945,33.555945],[112.287907,33.555905],[112.287816,33.555612],[112.287912,33.555142],[112.287872,33.555017],[112.287717,33.55461],[112.287633,33.554485],[112.287368,33.554273],[112.287263,33.554114],[112.287287,33.553933],[112.287676,33.553283],[112.287733,33.552988],[112.28773,33.552769],[112.28765,33.552353],[112.287502,33.552163],[112.287346,33.552087],[112.287113,33.552044],[112.286445,33.552013],[112.286386,33.55193],[112.286284,33.551602],[112.286215,33.551161],[112.286145,33.550258],[112.286182,33.54999],[112.286341,33.550071],[112.28644,33.550189],[112.286617,33.550316],[112.286856,33.550343],[112.287008,33.550325],[112.287164,33.550249],[112.287373,33.550084],[112.287413,33.549974],[112.287405,33.549869],[112.287309,33.549677],[112.287279,33.549402],[112.287609,33.54898],[112.287958,33.548794],[112.28824,33.54828],[112.288476,33.547998],[112.288717,33.547779],[112.289203,33.547511],[112.289294,33.547428],[112.289388,33.547191],[112.289369,33.547039],[112.289433,33.546518],[112.289599,33.545615],[112.289634,33.545472],[112.289728,33.545403],[112.289935,33.545329],[112.290206,33.545287],[112.290935,33.545253],[112.291311,33.545334],[112.291836,33.545591],[112.29204,33.545629],[112.292335,33.545821],[112.292759,33.545991],[112.293169,33.546083],[112.293408,33.546042],[112.293524,33.545698],[112.293802,33.545457],[112.293937,33.545291],[112.293985,33.545034],[112.294446,33.544384],[112.2945,33.544323],[112.294741,33.544296],[112.294806,33.544256],[112.294891,33.544053],[112.294859,33.543914],[112.294548,33.543941],[112.294304,33.543858],[112.294052,33.543901],[112.29391,33.54386],[112.293717,33.543722],[112.293448,33.543831],[112.292907,33.543845],[112.292783,33.543914],[112.292732,33.544019],[112.292866,33.544263],[112.292861,33.544346],[112.292614,33.544352],[112.292472,33.544397],[112.292432,33.544728],[112.292266,33.544804],[112.292247,33.54494],[112.292134,33.545048],[112.291954,33.545097],[112.291692,33.544967],[112.291555,33.544965],[112.291442,33.544784],[112.291485,33.544632],[112.291616,33.544484],[112.291767,33.54439],[112.292317,33.543881],[112.292553,33.543836],[112.292705,33.543729],[112.292842,33.543527],[112.293065,33.543463],[112.293132,33.543333],[112.293151,33.543089],[112.293121,33.543018],[112.293129,33.542843],[112.293537,33.54266],[112.293701,33.542322],[112.293794,33.542311],[112.294205,33.542436],[112.294725,33.543024],[112.29491,33.543036],[112.295693,33.542803],[112.296546,33.54291],[112.296895,33.542872],[112.297271,33.542763],[112.298107,33.542412],[112.298188,33.542322],[112.298134,33.542293],[112.29708,33.542222],[112.296957,33.542204],[112.296906,33.542132],[112.296849,33.541989],[112.296863,33.541462],[112.296917,33.541272],[112.296831,33.540869],[112.296694,33.540465],[112.296624,33.540064],[112.296906,33.540049],[112.297407,33.539868],[112.298225,33.539456],[112.298993,33.539119],[112.299121,33.539016],[112.299993,33.538759],[112.300835,33.538598],[112.301181,33.538403],[112.301549,33.538052],[112.301624,33.537739],[112.301581,33.537438],[112.30164,33.537346],[112.302227,33.536662],[112.302761,33.536134],[112.302404,33.535978],[112.302058,33.535904],[112.301825,33.535738],[112.299266,33.536315],[112.299269,33.53585],[112.299242,33.535593],[112.299196,33.53547],[112.298869,33.535059],[112.298378,33.534585],[112.298284,33.534415],[112.298255,33.534245],[112.298293,33.53393],[112.298365,33.533764],[112.298987,33.532827],[112.29903,33.53268],[112.299025,33.532564],[112.29892,33.532329],[112.298537,33.531938],[112.29829,33.531604],[112.298059,33.531218],[112.297885,33.530829],[112.297788,33.530701],[112.297517,33.530507],[112.296723,33.5302],[112.296198,33.52978],[112.294991,33.528977],[112.294857,33.528841],[112.294688,33.528586],[112.294747,33.528177],[112.294663,33.526813],[112.294663,33.526115],[112.294586,33.525872],[112.294505,33.525737],[112.294368,33.525536],[112.294165,33.525377],[112.294073,33.525064],[112.293998,33.524519],[112.294073,33.524239],[112.29421,33.524063],[112.295034,33.523602],[112.295173,33.523454],[112.295229,33.523086],[112.295101,33.522614],[112.294967,33.522336],[112.294497,33.52188],[112.294465,33.521683],[112.29439,33.521489],[112.294122,33.521133],[112.294036,33.520666],[112.293872,33.520217],[112.293486,33.519689],[112.293467,33.519508],[112.293601,33.519298],[112.293625,33.518759],[112.293548,33.517526],[112.293588,33.517316],[112.293773,33.516952],[112.294138,33.516625],[112.294436,33.5165],[112.294722,33.516321],[112.294859,33.516185],[112.295034,33.515925],[112.295047,33.515612],[112.295023,33.515485],[112.294752,33.514863],[112.294631,33.514709],[112.294604,33.514597],[112.294599,33.514291],[112.294696,33.514087],[112.294669,33.513971],[112.294685,33.513821],[112.294779,33.513622],[112.294945,33.513501],[112.295133,33.513264],[112.295616,33.512857],[112.295667,33.512672],[112.295938,33.512269],[112.296313,33.511958],[112.296367,33.511878],[112.296412,33.51188],[112.296436,33.511623],[112.296385,33.511529],[112.296222,33.511314],[112.295997,33.51112],[112.295154,33.510556],[112.294395,33.510001],[112.293912,33.509559],[112.293524,33.509122],[112.293341,33.509004],[112.292832,33.508854],[112.292368,33.508673],[112.291938,33.508449],[112.291764,33.508286],[112.291472,33.507682],[112.291389,33.507573],[112.291013,33.507255],[112.290788,33.507226],[112.290646,33.507291],[112.289766,33.507897],[112.289412,33.508058],[112.289082,33.507995],[112.287625,33.507356],[112.287108,33.507421],[112.287097,33.507233],[112.287244,33.506732],[112.287424,33.505884],[112.287397,33.505511],[112.28733,33.505193],[112.286869,33.505103],[112.286378,33.505137],[112.285952,33.50526],[112.285523,33.505184],[112.285236,33.504976],[112.285048,33.504061],[112.28504,33.503603],[112.2849,33.503605],[112.284814,33.503639],[112.284578,33.503804],[112.28416,33.504005],[112.283862,33.504032]]]}},{"type":"Feature","properties":{"regionCode":"411321310","sourceCode":"411321310000","name":"崔庄乡","sourceName":"崔庄乡","parentCode":"411321","parentName":"南召县","regionLevel":"township","regionType":"township","isManagementZone":false,"source":"ruiduobao","sourceVersion":"mixed-legacy~2018-2020","geometryRepaired":false,"match2020":true,"match2023":true},"geometry":{"type":"Polygon","coordinates":[[[112.433859,33.512095],[112.433701,33.512269],[112.433589,33.512573],[112.433648,33.512824],[112.433621,33.513058],[112.43357,33.513164],[112.433492,33.513539],[112.433438,33.513597],[112.432296,33.5136],[112.431617,33.513774],[112.430981,33.513821],[112.430837,33.513792],[112.430415,33.513805],[112.429646,33.51377],[112.428833,33.51368],[112.428203,33.513396],[112.427588,33.51305],[112.427425,33.513005],[112.42676,33.512676],[112.426628,33.512752],[112.426325,33.513056],[112.426025,33.513439],[112.42588,33.513707],[112.425582,33.514098],[112.425494,33.514313],[112.425421,33.514378],[112.425148,33.514991],[112.424665,33.515845],[112.424523,33.516214],[112.424359,33.51648],[112.423967,33.517332],[112.423823,33.51756],[112.423324,33.51868],[112.423238,33.518806],[112.422731,33.519995],[112.422605,33.520223],[112.422353,33.520527],[112.42235,33.520597],[112.422039,33.521066],[112.421983,33.521196],[112.421379,33.521916],[112.421167,33.522254],[112.420172,33.523155],[112.419703,33.523475],[112.419137,33.523967],[112.418289,33.524434],[112.417195,33.525192],[112.417026,33.525239],[112.416524,33.526026],[112.416294,33.526287],[112.4162,33.52646],[112.416058,33.526563],[112.416288,33.526829],[112.41642,33.527057],[112.41661,33.527218],[112.417047,33.527714],[112.41745,33.528045],[112.417654,33.528141],[112.418016,33.528195],[112.418396,33.528159],[112.418729,33.528307],[112.419038,33.528311],[112.419268,33.528369],[112.419434,33.528436],[112.419518,33.528586],[112.419574,33.528611],[112.420473,33.528794],[112.420489,33.528497],[112.42044,33.528121],[112.420456,33.527837],[112.420491,33.527801],[112.420612,33.527893],[112.420746,33.528141],[112.420837,33.528193],[112.421108,33.528461],[112.421438,33.528942],[112.42117,33.529454],[112.421028,33.529865],[112.420644,33.529988],[112.420322,33.530042],[112.419354,33.530004],[112.41907,33.529948],[112.418785,33.529966],[112.418742,33.530044],[112.41871,33.530267],[112.418622,33.530419],[112.41874,33.531095],[112.418831,33.531383],[112.419048,33.531815],[112.419107,33.532376],[112.419016,33.53264],[112.418681,33.532955],[112.418547,33.533011],[112.418641,33.533082],[112.419196,33.533317],[112.419652,33.533217],[112.420151,33.533246],[112.420416,33.533623],[112.420481,33.533784],[112.42054,33.53412],[112.420585,33.53422],[112.420623,33.534562],[112.420601,33.534737],[112.420499,33.534943],[112.420679,33.535112],[112.420794,33.535519],[112.42081,33.53577],[112.420797,33.535819],[112.420636,33.535893],[112.42036,33.53613],[112.420239,33.536347],[112.420153,33.536642],[112.42007,33.536789],[112.419901,33.53695],[112.4197,33.537357],[112.419711,33.537827],[112.41977,33.538175],[112.4197,33.538394],[112.419585,33.538441],[112.419437,33.538667],[112.419424,33.538743],[112.419488,33.538927],[112.419424,33.539262],[112.419359,33.539302],[112.419295,33.53951],[112.419123,33.539707],[112.41897,33.539801],[112.418737,33.539828],[112.418241,33.539769],[112.418032,33.539783],[112.417868,33.539729],[112.417302,33.539758],[112.416889,33.539606],[112.416479,33.539512],[112.416084,33.5393],[112.415942,33.539132],[112.41583,33.538882],[112.415634,33.538701],[112.415513,33.538459],[112.415135,33.538151],[112.415046,33.538028],[112.41502,33.537874],[112.415041,33.537806],[112.415274,33.537646],[112.415366,33.537462],[112.415371,33.53733],[112.414928,33.536912],[112.4148,33.536651],[112.414872,33.536396],[112.415046,33.536215],[112.415277,33.535844],[112.415304,33.535372],[112.415339,33.535258],[112.415556,33.534927],[112.415846,33.534337],[112.416092,33.533939],[112.416192,33.533641],[112.416586,33.532852],[112.416798,33.533465],[112.416978,33.533565],[112.41709,33.533563],[112.41709,33.53346],[112.416924,33.533002],[112.416868,33.532935],[112.417248,33.532877],[112.417525,33.532718],[112.417541,33.532655],[112.41745,33.532649],[112.417066,33.532778],[112.416854,33.532805],[112.416793,33.532763],[112.416747,33.532651],[112.416634,33.532514],[112.416299,33.53221],[112.416141,33.531978],[112.415881,33.531743],[112.415304,33.531473],[112.414912,33.531345],[112.414765,33.53126],[112.414628,33.531108],[112.414558,33.53063],[112.414376,33.530004],[112.414341,33.529362],[112.414875,33.52942],[112.414918,33.529369],[112.414902,33.529326],[112.41484,33.529302],[112.414521,33.529241],[112.414411,33.52917],[112.414376,33.529096],[112.414416,33.528803],[112.414529,33.528624],[112.414483,33.527913],[112.414518,33.527287],[112.414569,33.527173],[112.414566,33.527061],[112.414464,33.526634],[112.414269,33.526507],[112.413826,33.526482],[112.413778,33.526887],[112.413813,33.527526],[112.413796,33.528016],[112.413823,33.528863],[112.41388,33.529277],[112.413821,33.529583],[112.413888,33.530044],[112.413872,33.530187],[112.4137,33.530232],[112.413357,33.530478],[112.412903,33.530648],[112.412611,33.530972],[112.41245,33.531021],[112.412066,33.53124],[112.411777,33.531336],[112.411527,33.531488],[112.411294,33.531582],[112.410916,33.531613],[112.409293,33.531327],[112.409221,33.531354],[112.409231,33.531412],[112.409441,33.531497],[112.409602,33.531535],[112.410082,33.531526],[112.410688,33.531674],[112.410908,33.531765],[112.410715,33.532416],[112.410712,33.5327],[112.410749,33.532738],[112.410806,33.532729],[112.410889,33.532181],[112.411058,33.531897],[112.4112,33.531774],[112.41146,33.531719],[112.411533,33.53166],[112.411991,33.531477],[112.412429,33.531245],[112.412898,33.531046],[112.413316,33.530797],[112.413783,33.530639],[112.413845,33.530576],[112.413813,33.530672],[112.413552,33.531063],[112.41341,33.531222],[112.413142,33.531719],[112.412536,33.532134],[112.412455,33.532222],[112.411908,33.532405],[112.411731,33.532604],[112.411428,33.532814],[112.411326,33.532928],[112.41124,33.53323],[112.411144,33.533353],[112.411042,33.533355],[112.410929,33.533286],[112.410658,33.532897],[112.4094,33.532532],[112.408703,33.532175],[112.408561,33.532],[112.408593,33.53185],[112.408891,33.531365],[112.408904,33.531135],[112.409028,33.530876],[112.409006,33.530234],[112.409073,33.530057],[112.409403,33.529903],[112.409846,33.529854],[112.410012,33.529977],[112.410226,33.530203],[112.41042,33.530305],[112.410487,33.530156],[112.410599,33.529673],[112.410682,33.529585],[112.410873,33.529556],[112.41101,33.529458],[112.411002,33.529255],[112.410771,33.528825],[112.410741,33.528602],[112.41069,33.528499],[112.410454,33.528246],[112.410283,33.528172],[112.410127,33.527875],[112.410095,33.527622],[112.410229,33.527258],[112.410374,33.527356],[112.410492,33.527517],[112.410524,33.527654],[112.410709,33.527803],[112.410889,33.528047],[112.411715,33.528338],[112.411785,33.528273],[112.411951,33.52794],[112.412211,33.527669],[112.411973,33.527497],[112.41186,33.527305],[112.41164,33.527139],[112.411484,33.526952],[112.411573,33.526858],[112.411991,33.526748],[112.412026,33.526661],[112.411857,33.526571],[112.411691,33.526527],[112.411608,33.526457],[112.411436,33.526547],[112.411264,33.526542],[112.411216,33.526484],[112.411219,33.526339],[112.411399,33.526062],[112.411517,33.525778],[112.411645,33.525565],[112.411806,33.52542],[112.41083,33.524861],[112.410125,33.524414],[112.409883,33.524148],[112.409634,33.524027],[112.40859,33.523276],[112.408207,33.523079],[112.40766,33.522721],[112.406707,33.522207],[112.406426,33.522086],[112.405846,33.521941],[112.405393,33.521775],[112.40458,33.521435],[112.404122,33.521203],[112.403186,33.520921],[112.403247,33.520682],[112.403406,33.520393],[112.403414,33.520268],[112.403489,33.520219],[112.403545,33.520015],[112.403848,33.519461],[112.403832,33.51919],[112.403923,33.519009],[112.404017,33.518902],[112.404226,33.518412],[112.404331,33.517806],[112.404248,33.517663],[112.404111,33.517225],[112.404063,33.516775],[112.4041,33.51669],[112.403773,33.51667],[112.403381,33.51671],[112.402891,33.516862],[112.402698,33.516963],[112.402429,33.516773],[112.402252,33.516721],[112.401474,33.516681],[112.401346,33.516632],[112.401016,33.516607],[112.400967,33.516619],[112.400758,33.516838],[112.400659,33.516882],[112.400254,33.516943],[112.399744,33.517073],[112.399503,33.517079],[112.398945,33.517234],[112.398218,33.517267],[112.398159,33.517292],[112.398098,33.517457],[112.39777,33.517672],[112.397601,33.518021],[112.397574,33.518141],[112.397588,33.518276],[112.397776,33.5186],[112.397768,33.518915],[112.397735,33.51909],[112.397698,33.519137],[112.397534,33.519132],[112.397298,33.518967],[112.397239,33.518866],[112.397161,33.518578],[112.397105,33.518535],[112.396861,33.51851],[112.396681,33.518363],[112.396472,33.518117],[112.396308,33.518036],[112.39604,33.518034],[112.395941,33.518099],[112.395922,33.51815],[112.396161,33.51834],[112.395901,33.518448],[112.395662,33.518616],[112.395413,33.518978],[112.395222,33.519107],[112.394919,33.519497],[112.394884,33.519633],[112.394927,33.519823],[112.394903,33.519854],[112.394356,33.519948],[112.394198,33.519944],[112.394058,33.519901],[112.393945,33.519917],[112.393967,33.519611],[112.394039,33.519459],[112.394069,33.519002],[112.394047,33.518891],[112.393852,33.518535],[112.393613,33.518184],[112.393318,33.517925],[112.393396,33.517866],[112.393565,33.517846],[112.393704,33.51777],[112.393964,33.517743],[112.394055,33.517688],[112.394082,33.517647],[112.394066,33.517598],[112.393691,33.517289],[112.393669,33.517234],[112.393412,33.517204],[112.393366,33.517162],[112.393304,33.517059],[112.393294,33.516936],[112.393012,33.51671],[112.392838,33.516433],[112.392387,33.516019],[112.391904,33.515802],[112.391403,33.516516],[112.39114,33.517041],[112.390837,33.517401],[112.390357,33.517813],[112.390233,33.517728],[112.390147,33.517571],[112.390164,33.51754],[112.390491,33.517133],[112.390662,33.51697],[112.390786,33.516677],[112.391057,33.516352],[112.39122,33.515981],[112.391462,33.515981],[112.391647,33.515869],[112.391738,33.515653],[112.39166,33.515585],[112.391534,33.5155],[112.391132,33.515427],[112.39092,33.51527],[112.390818,33.515263],[112.390499,33.51555],[112.390158,33.515536],[112.389785,33.515648],[112.389549,33.515568],[112.389308,33.51538],[112.389126,33.515031],[112.389008,33.514915],[112.388898,33.514865],[112.388565,33.514861],[112.388026,33.514955],[112.387819,33.514957],[112.387516,33.514787],[112.386556,33.51442],[112.385936,33.514411],[112.385805,33.514369],[112.385542,33.514174],[112.385311,33.514105],[112.385062,33.514143],[112.384499,33.514297],[112.384298,33.514362],[112.384142,33.514454],[112.384086,33.514608],[112.383471,33.515431],[112.383351,33.515487],[112.383053,33.515901],[112.382922,33.516022],[112.382627,33.516221],[112.381417,33.516648],[112.381033,33.516491],[112.380768,33.516493],[112.380441,33.516393],[112.380068,33.516395],[112.379968,33.516435],[112.379802,33.516818],[112.379488,33.51688],[112.378839,33.516677],[112.378356,33.516657],[112.378209,33.516621],[112.37756,33.516209],[112.377445,33.516214],[112.377321,33.516276],[112.377141,33.516471],[112.377061,33.51652],[112.37694,33.516534],[112.376659,33.516475],[112.376562,33.516406],[112.376238,33.515914],[112.375798,33.515536],[112.375733,33.515525],[112.375401,33.51584],[112.3751,33.515995],[112.37499,33.516149],[112.374926,33.516686],[112.374754,33.517032],[112.374722,33.517207],[112.374725,33.517453],[112.3748,33.517786],[112.374811,33.518034],[112.374636,33.517824],[112.373907,33.517238],[112.373692,33.516889],[112.373483,33.51665],[112.373223,33.516806],[112.373614,33.517169],[112.373606,33.517231],[112.373534,33.517292],[112.373553,33.517323],[112.374212,33.518059],[112.374491,33.518535],[112.374676,33.519199],[112.374448,33.519318],[112.373609,33.51947],[112.372694,33.519805],[112.372429,33.519977],[112.372456,33.520196],[112.372394,33.520346],[112.371702,33.520883],[112.371407,33.521046],[112.370962,33.521001],[112.37075,33.521124],[112.370431,33.521207],[112.369266,33.52163],[112.368786,33.521766],[112.368027,33.522077],[112.367166,33.522341],[112.36689,33.522477],[112.36623,33.522681],[112.365546,33.52284],[112.365165,33.523021],[112.364919,33.52307],[112.364519,33.523314],[112.364197,33.523434],[112.362558,33.52381],[112.362585,33.524579],[112.362545,33.524731],[112.362464,33.524841],[112.362462,33.525089],[112.362429,33.525138],[112.362156,33.525292],[112.361762,33.525941],[112.36174,33.526314],[112.361614,33.526547],[112.361628,33.52684],[112.361585,33.527253],[112.361501,33.527506],[112.361231,33.527812],[112.361174,33.527973],[112.360879,33.528465],[112.360649,33.528691],[112.360391,33.528919],[112.36023,33.529018],[112.359916,33.529147],[112.359388,33.529433],[112.35931,33.529527],[112.359224,33.529778],[112.358682,33.530144],[112.358471,33.530343],[112.358406,33.530578],[112.358615,33.531142],[112.358621,33.531294],[112.358583,33.53147],[112.35798,33.531973],[112.357939,33.532166],[112.357958,33.53259],[112.357923,33.532899],[112.357738,33.53319],[112.357433,33.533474],[112.357199,33.533856],[112.356982,33.534073],[112.355866,33.534372],[112.355657,33.534408],[112.354954,33.534433],[112.353975,33.534712],[112.353251,33.534958],[112.352591,33.535065],[112.352605,33.534846],[112.352444,33.534545],[112.352452,33.533869],[112.352419,33.533688],[112.352098,33.533865],[112.35151,33.534104],[112.351532,33.53416],[112.351752,33.534299],[112.351988,33.534507],[112.351966,33.534598],[112.351827,33.534708],[112.351671,33.534732],[112.351438,33.534656],[112.351046,33.534287],[112.350786,33.53433],[112.350703,33.534442],[112.350665,33.53465],[112.350612,33.53471],[112.350038,33.534929],[112.349971,33.534925],[112.349684,33.534714],[112.348951,33.534645],[112.348925,33.534652],[112.348922,33.53475],[112.348965,33.535211],[112.348879,33.53532],[112.348713,33.535374],[112.348662,33.535374],[112.348334,33.534855],[112.348302,33.534748],[112.348289,33.534294],[112.34709,33.534296],[112.347278,33.535148],[112.347229,33.53547],[112.347101,33.535685],[112.346918,33.535828],[112.34661,33.535996],[112.346366,33.536112],[112.34551,33.536405],[112.344872,33.536767],[112.344614,33.536814],[112.344225,33.536794],[112.343941,33.536816],[112.343426,33.536666],[112.342844,33.536622],[112.342557,33.536541],[112.34235,33.536423],[112.341916,33.536394],[112.341283,33.536224],[112.341232,33.537301],[112.34113,33.537518],[112.341162,33.537692],[112.341149,33.537811],[112.340907,33.538119],[112.340942,33.538251],[112.340865,33.53881],[112.340886,33.538991],[112.341036,33.538989],[112.341479,33.539179],[112.341857,33.539599],[112.34187,33.539705],[112.341586,33.539615],[112.340819,33.539494],[112.340578,33.539866],[112.340516,33.539917],[112.340164,33.539984],[112.339861,33.540706],[112.339644,33.540968],[112.339615,33.541135],[112.339253,33.541437],[112.339105,33.541672],[112.338716,33.542099],[112.338528,33.542027],[112.338362,33.541913],[112.338727,33.54169],[112.338923,33.541428],[112.339027,33.540889],[112.339432,33.539839],[112.33877,33.539816],[112.338156,33.539993],[112.337815,33.540203],[112.337474,33.540234],[112.337319,33.540284],[112.336495,33.540223],[112.335803,33.540324],[112.33572,33.540313],[112.335422,33.539997],[112.334822,33.539591],[112.334379,33.539228],[112.334044,33.538859],[112.333966,33.538631],[112.334011,33.538477],[112.334191,33.538231],[112.33429,33.53799],[112.334315,33.537677],[112.334307,33.537596],[112.334183,33.537346],[112.334073,33.537288],[112.333936,33.537371],[112.333668,33.537827],[112.333497,33.537938],[112.332788,33.538061],[112.332737,33.538095],[112.332477,33.53843],[112.332324,33.538696],[112.332265,33.539018],[112.331842,33.539168],[112.331319,33.539597],[112.331321,33.540116],[112.331378,33.540277],[112.331509,33.54046],[112.331895,33.540288],[112.332303,33.540042],[112.332488,33.539778],[112.332719,33.53915],[112.332756,33.539121],[112.333051,33.539121],[112.333236,33.539217],[112.333631,33.539801],[112.333687,33.539906],[112.333757,33.540185],[112.333974,33.540608],[112.333971,33.540726],[112.333727,33.540872],[112.333633,33.541075],[112.333513,33.541191],[112.333419,33.54124],[112.333057,33.541281],[112.332504,33.541582],[112.331163,33.541623],[112.331093,33.541614],[112.330779,33.541395],[112.330627,33.541372],[112.330533,33.541408],[112.330342,33.541618],[112.330163,33.541741],[112.33001,33.541755],[112.329707,33.54169],[112.32961,33.541717],[112.32957,33.541902],[112.329484,33.542007],[112.328835,33.542036],[112.328105,33.541945],[112.328027,33.542023],[112.327974,33.542025],[112.327735,33.541909],[112.327335,33.541556],[112.327059,33.541482],[112.326906,33.541493],[112.326244,33.541714],[112.326053,33.541712],[112.32571,33.541609],[112.325386,33.541598],[112.325238,33.541616],[112.325179,33.54167],[112.325099,33.541685],[112.3245,33.541457],[112.324071,33.541332],[112.323827,33.541274],[112.323457,33.541243],[112.323208,33.540965],[112.323047,33.540874],[112.322878,33.540827],[112.322532,33.540793],[112.322183,33.540887],[112.32203,33.540876],[112.321756,33.540563],[112.321558,33.540259],[112.321504,33.540102],[112.321464,33.539494],[112.32148,33.539208],[112.321386,33.538902],[112.32129,33.53833],[112.321343,33.537753],[112.321233,33.537424],[112.321362,33.537002],[112.32137,33.536762],[112.321274,33.536423],[112.321118,33.536253],[112.320863,33.536107],[112.320869,33.535866],[112.320963,33.535669],[112.320992,33.535457],[112.321276,33.535092],[112.321738,33.534214],[112.321834,33.533525],[112.321818,33.533377],[112.321751,33.533192],[112.322524,33.532593],[112.323983,33.531229],[112.324366,33.530936],[112.324779,33.530694],[112.324208,33.530368],[112.323765,33.530645],[112.322143,33.531524],[112.32144,33.531841],[112.320721,33.532416],[112.320115,33.532801],[112.319141,33.533228],[112.318688,33.533409],[112.318026,33.533606],[112.317151,33.533704],[112.316405,33.533887],[112.315628,33.533995],[112.315432,33.533516],[112.315274,33.53264],[112.315062,33.532175],[112.314887,33.53185],[112.314697,33.531685],[112.314265,33.530907],[112.314107,33.53071],[112.314002,33.530518],[112.313855,33.53033],[112.313691,33.530216],[112.312865,33.529961],[112.312286,33.52955],[112.311886,33.529183],[112.311771,33.528977],[112.311545,33.528396],[112.311215,33.527676],[112.311009,33.527347],[112.31069,33.526949],[112.310282,33.526196],[112.309818,33.524626],[112.309684,33.524358],[112.309619,33.524013],[112.309601,33.523812],[112.309681,33.523258],[112.309665,33.522768],[112.309708,33.522366],[112.309762,33.522216],[112.309941,33.521934],[112.310041,33.521583],[112.309941,33.521263],[112.30977,33.520946],[112.309743,33.5208],[112.309534,33.520858],[112.308909,33.520876],[112.308657,33.52097],[112.308504,33.521069],[112.308246,33.521361],[112.308069,33.521455],[112.307975,33.521458],[112.307771,33.521203],[112.307653,33.521154],[112.307522,33.521142],[112.307265,33.521221],[112.306849,33.521136],[112.306575,33.521174],[112.306487,33.521131],[112.306409,33.521008],[112.306052,33.519852],[112.30547,33.519678],[112.305207,33.519519],[112.304896,33.519383],[112.304569,33.519315],[112.303955,33.51938],[112.303748,33.519367],[112.30333,33.51919],[112.303145,33.519148],[112.302839,33.519157],[112.302477,33.519105],[112.30216,33.519157],[112.302023,33.519222],[112.301747,33.519479],[112.301329,33.51974],[112.30047,33.520076],[112.300154,33.520266],[112.299486,33.520744],[112.299215,33.521102],[112.298657,33.521552],[112.298456,33.521775],[112.298014,33.522021],[112.297665,33.522289],[112.297155,33.522486],[112.296369,33.52262],[112.29598,33.522835],[112.295728,33.522913],[112.2952,33.522998],[112.295229,33.523086],[112.295173,33.523454],[112.295034,33.523602],[112.29421,33.524063],[112.294073,33.524239],[112.293998,33.524519],[112.293998,33.524657],[112.294047,33.524787],[112.294073,33.525064],[112.294138,33.52531],[112.294199,33.525418],[112.294368,33.525536],[112.294505,33.525737],[112.294586,33.525872],[112.294663,33.526115],[112.294663,33.526813],[112.294747,33.528177],[112.29469,33.528443],[112.294688,33.528586],[112.294722,33.52866],[112.294991,33.528977],[112.296198,33.52978],[112.296723,33.5302],[112.297517,33.530507],[112.297788,33.530701],[112.297885,33.530829],[112.298059,33.531218],[112.29829,33.531604],[112.298537,33.531938],[112.29892,33.532329],[112.298979,33.532434],[112.29903,33.53268],[112.298987,33.532827],[112.298365,33.533764],[112.298293,33.53393],[112.298255,33.534245],[112.298284,33.534415],[112.298378,33.534585],[112.298869,33.535059],[112.299196,33.53547],[112.299242,33.535593],[112.299269,33.53585],[112.299266,33.536315],[112.301825,33.535738],[112.302058,33.535904],[112.302404,33.535978],[112.302761,33.536134],[112.302227,33.536662],[112.30164,33.537346],[112.301581,33.537438],[112.301624,33.537739],[112.301549,33.538052],[112.301181,33.538403],[112.300835,33.538598],[112.299993,33.538759],[112.299121,33.539016],[112.298993,33.539119],[112.298225,33.539456],[112.297407,33.539868],[112.296906,33.540049],[112.296624,33.540064],[112.296694,33.540465],[112.296831,33.540869],[112.296917,33.541272],[112.296863,33.541462],[112.296849,33.541989],[112.296906,33.542132],[112.296957,33.542204],[112.29708,33.542222],[112.298134,33.542293],[112.298188,33.542322],[112.298107,33.542412],[112.297271,33.542763],[112.296895,33.542872],[112.296546,33.54291],[112.295693,33.542803],[112.29491,33.543036],[112.294725,33.543024],[112.294205,33.542436],[112.293794,33.542311],[112.293701,33.542322],[112.293537,33.54266],[112.293129,33.542843],[112.293121,33.543018],[112.293151,33.543089],[112.293132,33.543333],[112.293065,33.543463],[112.292842,33.543527],[112.292705,33.543729],[112.292553,33.543836],[112.292317,33.543881],[112.291767,33.54439],[112.291616,33.544484],[112.291485,33.544632],[112.291442,33.544784],[112.291555,33.544965],[112.291692,33.544967],[112.291954,33.545097],[112.292134,33.545048],[112.292247,33.54494],[112.292266,33.544804],[112.292432,33.544728],[112.292472,33.544397],[112.292614,33.544352],[112.292861,33.544346],[112.292866,33.544263],[112.292732,33.544019],[112.292783,33.543914],[112.292907,33.543845],[112.293448,33.543831],[112.293717,33.543722],[112.29391,33.54386],[112.294052,33.543901],[112.294304,33.543858],[112.294548,33.543941],[112.294859,33.543914],[112.294891,33.544053],[112.294806,33.544256],[112.294741,33.544296],[112.2945,33.544323],[112.294446,33.544384],[112.293985,33.545034],[112.293937,33.545291],[112.293802,33.545457],[112.293524,33.545698],[112.293408,33.546042],[112.293169,33.546083],[112.292759,33.545991],[112.292335,33.545821],[112.29204,33.545629],[112.291836,33.545591],[112.291311,33.545334],[112.290935,33.545253],[112.290206,33.545287],[112.289935,33.545329],[112.289728,33.545403],[112.289634,33.545472],[112.289599,33.545615],[112.289433,33.546518],[112.289369,33.547039],[112.289388,33.547191],[112.289294,33.547428],[112.289203,33.547511],[112.288717,33.547779],[112.288476,33.547998],[112.28824,33.54828],[112.287958,33.548794],[112.287609,33.54898],[112.287279,33.549402],[112.287309,33.549677],[112.287405,33.549869],[112.287413,33.549974],[112.287373,33.550084],[112.287164,33.550249],[112.287008,33.550325],[112.286856,33.550343],[112.286617,33.550316],[112.28644,33.550189],[112.286341,33.550071],[112.286182,33.54999],[112.286145,33.550258],[112.286215,33.551161],[112.286284,33.551602],[112.286386,33.55193],[112.286445,33.552013],[112.287113,33.552044],[112.287346,33.552087],[112.287502,33.552163],[112.28765,33.552353],[112.28773,33.552769],[112.287733,33.552988],[112.287676,33.553283],[112.287287,33.553933],[112.287263,33.554114],[112.287368,33.554273],[112.287633,33.554485],[112.287717,33.55461],[112.287872,33.555017],[112.287912,33.555142],[112.287816,33.555612],[112.287907,33.555905],[112.287945,33.555945],[112.288046,33.555963],[112.288272,33.556162],[112.288419,33.556195],[112.288492,33.556193],[112.288671,33.556099],[112.288894,33.556108],[112.289119,33.556021],[112.289189,33.555735],[112.28913,33.555158],[112.289144,33.555015],[112.289363,33.554454],[112.290224,33.55417],[112.29126,33.553958],[112.291836,33.553728],[112.292244,33.553629],[112.292333,33.553667],[112.292394,33.55402],[112.29229,33.554637],[112.292306,33.554765],[112.292676,33.555062],[112.292767,33.55529],[112.292773,33.555455],[112.292582,33.555887],[112.292322,33.556126],[112.292051,33.556144],[112.291885,33.556215],[112.291767,33.55656],[112.291582,33.556732],[112.291343,33.556837],[112.291246,33.556955],[112.291217,33.557445],[112.291128,33.557623],[112.291059,33.557724],[112.290678,33.558001],[112.290262,33.558178],[112.290187,33.558254],[112.289734,33.558401],[112.289302,33.558274],[112.289173,33.558164],[112.289036,33.557818],[112.28883,33.557451],[112.28876,33.557228],[112.288476,33.5566],[112.288248,33.556383],[112.287945,33.556589],[112.287523,33.556669],[112.287301,33.55677],[112.286944,33.557056],[112.286668,33.557543],[112.28659,33.557755],[112.28644,33.557943],[112.286231,33.558368],[112.285742,33.558815],[112.285649,33.559038],[112.285654,33.559389],[112.285893,33.559687],[112.28604,33.560122],[112.286303,33.560621],[112.286531,33.560779],[112.286802,33.561162],[112.287033,33.561305],[112.287204,33.561466],[112.28762,33.561638],[112.287698,33.561703],[112.287971,33.562132],[112.288323,33.562346],[112.288532,33.562407],[112.288806,33.562796],[112.288857,33.562901],[112.288942,33.563428],[112.289154,33.564119],[112.288854,33.564519],[112.288835,33.564637],[112.288873,33.564807],[112.289025,33.565035],[112.289822,33.565607],[112.290318,33.566152],[112.290592,33.566635],[112.290702,33.566979],[112.290841,33.567176],[112.290865,33.567373],[112.290986,33.567708],[112.29101,33.567887],[112.291233,33.568211],[112.29149,33.568401],[112.291584,33.568519],[112.291684,33.568763],[112.291692,33.568913],[112.291413,33.569487],[112.291501,33.570057],[112.291466,33.5706],[112.29133,33.570873],[112.291147,33.571045],[112.290737,33.571235],[112.288942,33.571758],[112.288505,33.571977],[112.288387,33.572068],[112.28825,33.57224],[112.287894,33.572973],[112.287499,33.573445],[112.287255,33.573818],[112.287008,33.573927],[112.286721,33.573974],[112.286327,33.574207],[112.285965,33.574665],[112.285552,33.575043],[112.285171,33.57551],[112.284431,33.576249],[112.284144,33.576707],[112.283905,33.577023],[112.283819,33.577186],[112.283696,33.577642],[112.283699,33.577785],[112.283779,33.578109],[112.283795,33.578623],[112.283943,33.578837],[112.284109,33.578844],[112.284533,33.578739],[112.284852,33.578605],[112.285539,33.57854],[112.285716,33.578585],[112.285791,33.578658],[112.285855,33.578964],[112.285638,33.579248],[112.285407,33.579423],[112.285174,33.579566],[112.28434,33.579932],[112.284324,33.580571],[112.284291,33.580741],[112.284238,33.58083],[112.283937,33.580904],[112.283661,33.581014],[112.283366,33.58132],[112.2831,33.581505],[112.282256,33.581478],[112.282143,33.581512],[112.281609,33.581834],[112.281279,33.581923],[112.280912,33.581979],[112.280153,33.58195],[112.280016,33.581981],[112.279922,33.582066],[112.279834,33.582363],[112.27982,33.582522],[112.27989,33.5833],[112.27986,33.583375],[112.279716,33.583496],[112.279488,33.583767],[112.279611,33.58378],[112.280059,33.583944],[112.280204,33.584019],[112.280375,33.584207],[112.280488,33.584631],[112.28044,33.585056],[112.280448,33.585297],[112.280585,33.585449],[112.281022,33.58569],[112.281199,33.585894],[112.281397,33.586283],[112.281641,33.586595],[112.281789,33.586881],[112.281853,33.587413],[112.282274,33.588477],[112.282333,33.588819],[112.282339,33.589183],[112.282502,33.589545],[112.282736,33.589755],[112.282779,33.589918],[112.282864,33.590434],[112.282891,33.591024],[112.282988,33.591553],[112.282953,33.592192],[112.282966,33.592767],[112.282795,33.593173],[112.282669,33.593609],[112.282537,33.59387],[112.282591,33.594411],[112.282569,33.594496],[112.282221,33.595012],[112.281797,33.59547],[112.281733,33.595579],[112.281655,33.595807],[112.281569,33.595946],[112.281451,33.596319],[112.281295,33.596498],[112.281097,33.596815],[112.280957,33.597324],[112.280933,33.597771],[112.281212,33.598341],[112.281228,33.598441],[112.281239,33.599348],[112.280998,33.600164],[112.280837,33.601116],[112.280826,33.601475],[112.280901,33.601897],[112.28099,33.602181],[112.281175,33.602501],[112.281379,33.602956],[112.281529,33.603122],[112.282001,33.603455],[112.282215,33.603535],[112.282937,33.603957],[112.283119,33.604111],[112.28368,33.60507],[112.283691,33.605291],[112.283779,33.605653],[112.283852,33.606274],[112.28397,33.606799],[112.283975,33.606904],[112.283827,33.607353],[112.283811,33.607558],[112.283905,33.607712],[112.284069,33.608289],[112.28409,33.608552],[112.284045,33.608637],[112.283897,33.60876],[112.28254,33.609582],[112.2821,33.609935],[112.281751,33.610297],[112.281869,33.610301],[112.282309,33.610467],[112.282559,33.61063],[112.282784,33.610853],[112.28295,33.611155],[112.283165,33.611412],[112.283546,33.61168],[112.283473,33.611896],[112.283476,33.612046],[112.283404,33.612408],[112.283473,33.612743],[112.283565,33.612957],[112.283704,33.613167],[112.284334,33.613733],[112.284581,33.614003],[112.284592,33.614094],[112.28471,33.614367],[112.284871,33.614572],[112.284981,33.614657],[112.284978,33.614749],[112.285155,33.61528],[112.285351,33.615732],[112.285466,33.616306],[112.28556,33.616406],[112.285528,33.616509],[112.285726,33.616909],[112.285788,33.617114],[112.286027,33.618014],[112.286064,33.618195],[112.286051,33.618387],[112.286284,33.618535],[112.286673,33.618691],[112.287202,33.619013],[112.287287,33.619037],[112.287591,33.619017],[112.288055,33.618743],[112.288299,33.618662],[112.288441,33.618718],[112.288489,33.618827],[112.288543,33.618852],[112.288666,33.618823],[112.289144,33.618856],[112.289449,33.618807],[112.28954,33.618827],[112.292038,33.61973],[112.292477,33.619926],[112.292933,33.620188],[112.29355,33.620453],[112.293475,33.620541],[112.293245,33.621606],[112.293422,33.622229],[112.293507,33.622417],[112.293617,33.622566],[112.293711,33.622888],[112.293714,33.623134],[112.293585,33.623422],[112.29351,33.623768],[112.293516,33.624014],[112.293588,33.624496],[112.29376,33.624706],[112.294033,33.624807],[112.294175,33.624894],[112.294511,33.625005],[112.294642,33.625092],[112.294886,33.625369],[112.294961,33.625539],[112.2952,33.625896],[112.295415,33.626334],[112.295471,33.62652],[112.295463,33.626587],[112.295213,33.626864],[112.295229,33.626989],[112.295382,33.627241],[112.295428,33.627435],[112.295417,33.627643],[112.295457,33.627741],[112.295586,33.627873],[112.295884,33.628043],[112.296039,33.628241],[112.296477,33.628411],[112.296498,33.628447],[112.296479,33.629284],[112.296391,33.62987],[112.296434,33.630004],[112.29649,33.630019],[112.296654,33.63031],[112.296689,33.630441],[112.296605,33.630694],[112.296616,33.630785],[112.296876,33.631272],[112.297072,33.63144],[112.29711,33.631616],[112.297161,33.631696],[112.297233,33.63175],[112.297437,33.631739],[112.297563,33.631777],[112.298014,33.632107],[112.298242,33.632498],[112.298311,33.633061],[112.298394,33.633175],[112.298502,33.633244],[112.298765,33.63353],[112.299226,33.633726],[112.299293,33.633851],[112.299309,33.634035],[112.29936,33.634164],[112.299339,33.634495],[112.299365,33.634606],[112.29954,33.634872],[112.299695,33.635002],[112.299813,33.635243],[112.300301,33.635772],[112.300387,33.636015],[112.300503,33.636199],[112.30068,33.636748],[112.300647,33.636969],[112.300449,33.637429],[112.300562,33.637579],[112.301004,33.637833],[112.301543,33.63792],[112.301804,33.638021],[112.301978,33.638141],[112.302356,33.63849],[112.302866,33.63861],[112.3033,33.638807],[112.303568,33.638863],[112.303882,33.638805],[112.30477,33.638845],[112.305162,33.639146],[112.305315,33.639171],[112.306589,33.639177],[112.306833,33.639068],[112.307039,33.63903],[112.307766,33.639032],[112.307855,33.639104],[112.308032,33.639436],[112.308131,33.639463],[112.308455,33.63945],[112.308756,33.639495],[112.309003,33.639575],[112.309298,33.639767],[112.309526,33.639999],[112.309874,33.640115],[112.310314,33.640316],[112.310894,33.640683],[112.311425,33.640939],[112.311618,33.640901],[112.312055,33.640645],[112.312626,33.640653],[112.313232,33.64075],[112.313828,33.640683],[112.314447,33.640814],[112.315003,33.64106],[112.315539,33.641183],[112.315646,33.641183],[112.316336,33.641029],[112.317044,33.640955],[112.317296,33.640854],[112.317894,33.640437],[112.318318,33.640269],[112.318752,33.640142],[112.319761,33.640053],[112.319841,33.640071],[112.31975,33.640368],[112.31949,33.64093],[112.319383,33.641314],[112.31898,33.642241],[112.318849,33.642659],[112.318519,33.643389],[112.318382,33.643523],[112.317948,33.643827],[112.3175,33.644262],[112.317224,33.644675],[112.316789,33.645231],[112.316642,33.645336],[112.316422,33.645434],[112.316301,33.645586],[112.316124,33.646066],[112.315904,33.646385],[112.315713,33.646499],[112.314882,33.646604],[112.314557,33.646756],[112.314206,33.646765],[112.31416,33.646799],[112.314072,33.647169],[112.313527,33.64768],[112.313275,33.647692],[112.31305,33.647638],[112.312827,33.64764],[112.312688,33.64758],[112.312433,33.647567],[112.312261,33.647524],[112.312012,33.64756],[112.311789,33.647553],[112.311604,33.647593],[112.311419,33.647553],[112.310944,33.647582],[112.311261,33.647832],[112.311459,33.647915],[112.311781,33.648136],[112.312023,33.648587],[112.312176,33.64867],[112.312401,33.648719],[112.312688,33.648674],[112.313214,33.64881],[112.313157,33.649465],[112.313112,33.64963],[112.312986,33.649831],[112.312897,33.649884],[112.312436,33.649898],[112.312208,33.649857],[112.311717,33.649616],[112.311207,33.649429],[112.310684,33.649319],[112.3104,33.649393],[112.310261,33.649473],[112.310196,33.649891],[112.310215,33.650105],[112.310714,33.650871],[112.310792,33.651208],[112.310802,33.651528],[112.311014,33.652253],[112.311183,33.652631],[112.311881,33.6538],[112.312071,33.653966],[112.312117,33.654216],[112.312119,33.654435],[112.312001,33.654569],[112.311784,33.654647],[112.311084,33.654714],[112.309901,33.654647],[112.309571,33.65466],[112.309459,33.654758],[112.309434,33.65483],[112.309429,33.655142],[112.309611,33.655383],[112.310505,33.655823],[112.310958,33.656189],[112.311443,33.65671],[112.312141,33.657826],[112.312803,33.658288],[112.313208,33.658529],[112.313592,33.658697],[112.313721,33.658826],[112.313763,33.658911],[112.313774,33.65911],[112.313737,33.659194],[112.313637,33.659324],[112.313501,33.659418],[112.313503,33.659474],[112.313136,33.660025],[112.31305,33.66023],[112.312573,33.660907],[112.312401,33.660974],[112.312068,33.66094],[112.311757,33.660987],[112.31132,33.660965],[112.311025,33.661012],[112.310773,33.661204],[112.310234,33.661313],[112.310151,33.661398],[112.310148,33.661532],[112.310397,33.662007],[112.310722,33.662474],[112.310808,33.662816],[112.31081,33.662936],[112.310754,33.663139],[112.310411,33.663472],[112.310397,33.663642],[112.310427,33.663775],[112.310502,33.663976],[112.310676,33.664264],[112.310928,33.664526],[112.311231,33.664943],[112.311481,33.665222],[112.311733,33.665414],[112.311814,33.665593],[112.311862,33.666278],[112.311974,33.666448],[112.31228,33.66657],[112.312503,33.666593],[112.312658,33.66666],[112.312725,33.666729],[112.31346,33.666858],[112.313707,33.667035],[112.313962,33.6673],[112.313892,33.667392],[112.313908,33.667535],[112.31397,33.667689],[112.314083,33.667787],[112.31412,33.667861],[112.314101,33.667979],[112.314013,33.668091],[112.313739,33.6683],[112.31356,33.668394],[112.313474,33.66853],[112.313522,33.669274],[112.31349,33.669586],[112.313562,33.670278],[112.313479,33.670486],[112.313173,33.670685],[112.312841,33.670814],[112.312409,33.670921],[112.311202,33.671421],[112.311022,33.671548],[112.311006,33.671678],[112.311256,33.672098],[112.311459,33.672285],[112.311599,33.672327],[112.312522,33.672377],[112.31268,33.672455],[112.313299,33.672461],[112.313541,33.672714],[112.313611,33.672952],[112.313621,33.673198],[112.313715,33.673457],[112.313686,33.673551],[112.313573,33.673665],[112.313257,33.673848],[112.313007,33.673926],[112.312849,33.674055],[112.312578,33.674412],[112.312575,33.674602],[112.312677,33.674781],[112.312666,33.674832],[112.312441,33.675028],[112.312202,33.675169],[112.312001,33.675493],[112.311977,33.675705],[112.312224,33.676343],[112.312237,33.676537],[112.311988,33.677414],[112.311958,33.677785],[112.311988,33.678097],[112.312111,33.678278],[112.312245,33.678339],[112.312436,33.678368],[112.313313,33.67835],[112.313997,33.678524],[112.314474,33.678769],[112.314627,33.678975],[112.314718,33.679521],[112.31478,33.679671],[112.314785,33.679923],[112.314855,33.680028],[112.314858,33.680323],[112.314721,33.680747],[112.314582,33.680861],[112.314469,33.680905],[112.314002,33.680872],[112.313739,33.680794],[112.31242,33.680765],[112.311647,33.681097],[112.310818,33.681314],[112.310322,33.68122],[112.309834,33.680845],[112.309319,33.68039],[112.308914,33.679861],[112.308415,33.679713],[112.307656,33.680042],[112.307393,33.680421],[112.307042,33.681803],[112.30665,33.682053],[112.306774,33.682133],[112.306905,33.682332],[112.30727,33.682684],[112.307377,33.682932],[112.307415,33.68326],[112.307506,33.683508],[112.30687,33.683666],[112.305695,33.68409],[112.305534,33.68418],[112.305416,33.684309],[112.305285,33.684561],[112.305081,33.685246],[112.305105,33.686108],[112.305427,33.686311],[112.306283,33.68488],[112.306994,33.684534],[112.307798,33.684255],[112.308909,33.684148],[112.309603,33.684186],[112.310236,33.684026],[112.311993,33.683718],[112.312326,33.683617],[112.313232,33.683218],[112.31412,33.682758],[112.314828,33.682131],[112.315764,33.681229],[112.31647,33.680434],[112.316827,33.68024],[112.317199,33.680144],[112.31769,33.679551],[112.318052,33.679256],[112.318259,33.678986],[112.318913,33.678519],[112.318771,33.677883],[112.31838,33.677345],[112.317948,33.676885],[112.318052,33.676542],[112.318672,33.676185],[112.319503,33.675984],[112.320904,33.675225],[112.321121,33.674868],[112.320941,33.673937],[112.321164,33.67337],[112.321424,33.673169],[112.3217,33.673093],[112.321944,33.672783],[112.322132,33.672106],[112.32221,33.671678],[112.322373,33.671216],[112.323012,33.670758],[112.324321,33.670124],[112.325195,33.669825],[112.326464,33.669542],[112.327019,33.669381],[112.327926,33.668923],[112.32836,33.668577],[112.328567,33.66826],[112.329004,33.668124],[112.329374,33.66837],[112.329637,33.66868],[112.33042,33.668785],[112.331791,33.669051],[112.332163,33.669278],[112.332877,33.669414],[112.334111,33.670082],[112.334427,33.67043],[112.335001,33.670452],[112.335685,33.670401],[112.336176,33.670399],[112.337013,33.670495],[112.337539,33.670513],[112.338206,33.670155],[112.339518,33.670714],[112.340073,33.670705],[112.340586,33.670792],[112.341455,33.670805],[112.342037,33.670877],[112.342688,33.670736],[112.343759,33.67074],[112.344805,33.670316],[112.346749,33.670318],[112.34709,33.670254],[112.347688,33.669787],[112.34823,33.669593],[112.349107,33.669693],[112.349544,33.669696],[112.350145,33.669575],[112.350303,33.669205],[112.350561,33.667946],[112.35092,33.667283],[112.351282,33.666825],[112.351266,33.666517],[112.351129,33.666079],[112.351188,33.665622],[112.35173,33.665376],[112.352339,33.665224],[112.352511,33.664894],[112.352578,33.663613],[112.35313,33.662619],[112.354209,33.661693],[112.354817,33.661356],[112.355123,33.661353],[112.35552,33.661568],[112.356483,33.661559],[112.357492,33.661876],[112.35824,33.66205],[112.358983,33.662079],[112.360839,33.663229],[112.362875,33.66478],[112.364151,33.66524],[112.36534,33.665776],[112.366616,33.666841],[112.367072,33.667394],[112.367939,33.667812],[112.368306,33.668064],[112.369218,33.668439],[112.369575,33.668539],[112.370012,33.66843],[112.370444,33.668392],[112.371034,33.668117],[112.373539,33.667358],[112.374226,33.667062],[112.375146,33.666832],[112.376031,33.666211],[112.376774,33.665751],[112.377485,33.66555],[112.378233,33.665461],[112.379113,33.665613],[112.379716,33.665316],[112.380408,33.66468],[112.380859,33.664604],[112.381151,33.6648],[112.382254,33.666126],[112.383471,33.666829],[112.383799,33.667055],[112.384209,33.667481],[112.384657,33.668046],[112.38529,33.668705],[112.386076,33.669363],[112.38639,33.66943],[112.386835,33.669423],[112.387312,33.669689],[112.38764,33.669919],[112.38802,33.670406],[112.388415,33.670747],[112.389053,33.671169],[112.389455,33.671385],[112.390008,33.671533],[112.39029,33.671803],[112.390692,33.672359],[112.390974,33.672004],[112.391049,33.671613],[112.39133,33.671685],[112.391494,33.672022],[112.391556,33.672426],[112.391762,33.672888],[112.392315,33.673022],[112.393015,33.672814],[112.393996,33.673339],[112.395968,33.674586],[112.39644,33.674805],[112.396582,33.675227],[112.396925,33.675682],[112.397537,33.676069],[112.397693,33.676336],[112.398363,33.676803],[112.398857,33.677493],[112.399154,33.677671],[112.400238,33.677881],[112.401442,33.678446],[112.402601,33.678633],[112.403371,33.678546],[112.404374,33.678171],[112.405187,33.677801],[112.405718,33.677874],[112.407555,33.678417],[112.409344,33.678839],[112.410792,33.679064],[112.411659,33.679135],[112.412764,33.679042],[112.413341,33.678955],[112.414054,33.678504],[112.414379,33.677736],[112.414464,33.67701],[112.414448,33.676004],[112.414725,33.675356],[112.415293,33.674667],[112.415382,33.674182],[112.415518,33.673691],[112.415832,33.673316],[112.416328,33.672964],[112.416653,33.672591],[112.417015,33.672459],[112.417509,33.672566],[112.418013,33.672544],[112.419075,33.671944],[112.420065,33.671031],[112.420392,33.670631],[112.420859,33.670551],[112.421462,33.670209],[112.421765,33.669841],[112.422111,33.669675],[112.422559,33.669568],[112.424131,33.670131],[112.425172,33.669642],[112.426218,33.668865],[112.42688,33.668053],[112.427403,33.666805],[112.427419,33.665633],[112.427567,33.665327],[112.428044,33.664968],[112.428369,33.664508],[112.428452,33.664026],[112.428482,33.662077],[112.428592,33.661391],[112.428828,33.661034],[112.429705,33.660353],[112.430863,33.659695],[112.431392,33.659587],[112.432328,33.660259],[112.432966,33.660556],[112.433867,33.66059],[112.434511,33.660487],[112.435324,33.66025],[112.436051,33.66019],[112.437384,33.66025],[112.437716,33.660221],[112.438073,33.659813],[112.438366,33.659304],[112.438508,33.658694],[112.438344,33.658011],[112.438336,33.657531],[112.438532,33.656491],[112.438706,33.656082],[112.439184,33.655596],[112.439894,33.654754],[112.440345,33.654544],[112.440678,33.654515],[112.441075,33.654562],[112.44156,33.654758],[112.442013,33.654727],[112.442496,33.654546],[112.442762,33.654214],[112.443022,33.653323],[112.443067,33.652564],[112.442939,33.652034],[112.442748,33.65153],[112.442743,33.651175],[112.443151,33.65076],[112.443824,33.650681],[112.444215,33.650498],[112.444451,33.650192],[112.444693,33.649165],[112.445666,33.648658],[112.446573,33.648471],[112.447965,33.648404],[112.44896,33.648265],[112.449242,33.648187],[112.449011,33.647658],[112.448974,33.647151],[112.449116,33.646644],[112.449464,33.645729],[112.450414,33.64468],[112.450862,33.64432],[112.45127,33.644251],[112.451608,33.643576],[112.451986,33.642686],[112.452372,33.642326],[112.452672,33.642172],[112.454056,33.641623],[112.454571,33.641567],[112.455175,33.641585],[112.456087,33.641701],[112.45694,33.641993],[112.457643,33.642391],[112.458281,33.642636],[112.458646,33.642659],[112.458978,33.642603],[112.459936,33.641984],[112.461765,33.640975],[112.462339,33.640917],[112.463522,33.641031],[112.464187,33.640997],[112.464608,33.640814],[112.466011,33.639736],[112.466792,33.639296],[112.467349,33.639213],[112.468039,33.639559],[112.468645,33.639704],[112.469401,33.639696],[112.470458,33.639555],[112.473224,33.638358],[112.473556,33.638302],[112.473907,33.638514],[112.474881,33.639718],[112.475823,33.639921],[112.47622,33.640044],[112.476528,33.64037],[112.477177,33.641185],[112.477542,33.641319],[112.478835,33.640823],[112.479591,33.640687],[112.480739,33.640622],[112.481681,33.640714],[112.482772,33.640953],[112.483322,33.641201],[112.483842,33.641547],[112.484604,33.641766],[112.484966,33.641761],[112.485629,33.641527],[112.486353,33.641366],[112.486956,33.641283],[112.487378,33.641049],[112.487791,33.640564],[112.487965,33.640004],[112.48771,33.639273],[112.487485,33.638492],[112.487442,33.637757],[112.487707,33.637373],[112.488067,33.637116],[112.488303,33.636835],[112.488552,33.635439],[112.488987,33.634421],[112.489515,33.633479],[112.489934,33.63317],[112.490607,33.632916],[112.491138,33.632648],[112.492058,33.631701],[112.492321,33.631064],[112.493616,33.629048],[112.493847,33.628362],[112.49396,33.627828],[112.494373,33.627241],[112.49584,33.626236],[112.496073,33.625879],[112.496127,33.625398],[112.496052,33.624639],[112.496194,33.624005],[112.496701,33.623594],[112.497122,33.623411],[112.497573,33.623303],[112.498021,33.622968],[112.498318,33.622662],[112.498396,33.621825],[112.498715,33.621088],[112.499136,33.620905],[112.501266,33.620594],[112.501904,33.62038],[112.502744,33.61994],[112.503441,33.619705],[112.503876,33.619643],[112.504131,33.619486],[112.5042,33.619127],[112.504973,33.61841],[112.505777,33.617248],[112.506056,33.615457],[112.506424,33.614818],[112.507204,33.614003],[112.508186,33.613125],[112.508972,33.612654],[112.509063,33.612048],[112.508918,33.611575],[112.511311,33.610549],[112.512411,33.610277],[112.512716,33.610042],[112.51329,33.609401],[112.5138,33.608992],[112.514347,33.608727],[112.515651,33.608508],[112.517745,33.607994],[112.518306,33.60794],[112.518971,33.60817],[112.519191,33.607793],[112.519068,33.607529],[112.518513,33.606803],[112.518365,33.606319],[112.518151,33.605273],[112.517745,33.604909],[112.517534,33.603901],[112.517786,33.603238],[112.517823,33.602914],[112.51774,33.602501],[112.517735,33.602163],[112.517839,33.601779],[112.517992,33.601446],[112.518043,33.601167],[112.518105,33.600358],[112.517998,33.599811],[112.517145,33.599471],[112.516482,33.599143],[112.516034,33.598819],[112.515471,33.598133],[112.515393,33.597731],[112.515447,33.596864],[112.515785,33.596428],[112.516804,33.596015],[112.516876,33.59564],[112.517099,33.59532],[112.517442,33.595088],[112.517847,33.594952],[112.519081,33.594789],[112.519832,33.594775],[112.520275,33.594632],[112.520304,33.594217],[112.520286,33.593756],[112.520581,33.592469],[112.520961,33.591837],[112.521117,33.591174],[112.520948,33.590365],[112.521364,33.590224],[112.521675,33.590177],[112.522793,33.589672],[112.523469,33.589482],[112.52297,33.588436],[112.522866,33.588334],[112.522651,33.588222],[112.522606,33.588162],[112.522485,33.587876],[112.522356,33.587753],[112.522217,33.587545],[112.521965,33.586971],[112.521873,33.586508],[112.521884,33.586182],[112.521946,33.585943],[112.521841,33.585538],[112.52183,33.58504],[112.521788,33.584944],[112.521307,33.5842],[112.520846,33.583753],[112.520723,33.583505],[112.520664,33.583045],[112.52009,33.582674],[112.519915,33.582388],[112.519907,33.582178],[112.51995,33.581784],[112.519859,33.58132],[112.520007,33.580857],[112.519851,33.580609],[112.519462,33.580135],[112.519033,33.579704],[112.518816,33.579378],[112.518395,33.57885],[112.518274,33.578752],[112.518134,33.578683],[112.517657,33.578618],[112.517399,33.578649],[112.517131,33.578564],[112.516807,33.578368],[112.516442,33.578015],[112.516265,33.577896],[112.516125,33.577735],[112.51601,33.577499],[112.515857,33.577311],[112.515782,33.577264],[112.514808,33.576926],[112.514382,33.576895],[112.514084,33.576779],[112.513797,33.576598],[112.513508,33.576334],[112.513454,33.576227],[112.513376,33.575722],[112.513038,33.575541],[112.512711,33.575438],[112.51244,33.575237],[112.512183,33.574812],[112.511984,33.574383],[112.511812,33.573601],[112.511576,33.573074],[112.511507,33.572292],[112.511464,33.572095],[112.511319,33.571791],[112.510632,33.570772],[112.510045,33.57024],[112.509919,33.570072],[112.509873,33.569952],[112.509742,33.569377],[112.509699,33.568986],[112.50971,33.568796],[112.509645,33.56849],[112.50994,33.567737],[112.510007,33.567659],[112.510214,33.567556],[112.510324,33.567431],[112.510514,33.567308],[112.510882,33.566966],[112.510986,33.566747],[112.511035,33.566606],[112.511069,33.56615],[112.511024,33.565911],[112.510925,33.565717],[112.510892,33.56554],[112.510909,33.565442],[112.511051,33.565194],[112.511091,33.564554],[112.511236,33.564061],[112.511338,33.563926],[112.511539,33.563801],[112.511807,33.563667],[112.511984,33.563645],[112.512751,33.563245],[112.512735,33.562903],[112.512593,33.562418],[112.512585,33.562221],[112.512706,33.561935],[112.512813,33.561788],[112.512899,33.561555],[112.513226,33.560978],[112.513486,33.560643],[112.51358,33.560469],[112.514206,33.559885],[112.5145,33.559707],[112.514768,33.55959],[112.515755,33.558998],[112.51527,33.557881],[112.514991,33.557516],[112.514605,33.557136],[112.514095,33.55675],[112.513492,33.556432],[112.51314,33.5562],[112.512738,33.555733],[112.511434,33.554423],[112.510986,33.553866],[112.510769,33.553681],[112.510198,33.553475],[112.509935,33.553421],[112.509286,33.553153],[112.509026,33.552898],[112.508704,33.552132],[112.508492,33.551535],[112.508344,33.55094],[112.508183,33.550643],[112.507816,33.550124],[112.507674,33.54972],[112.507711,33.549277],[112.507955,33.548714],[112.508057,33.548148],[112.508237,33.547777],[112.508309,33.547397],[112.508323,33.547207],[112.508084,33.546617],[112.507813,33.546252],[112.507242,33.545855],[112.506869,33.545638],[112.506625,33.545336],[112.506494,33.544958],[112.506038,33.544218],[112.505981,33.544071],[112.505828,33.54389],[112.505751,33.543717],[112.505617,33.542953],[112.505539,33.542734],[112.505257,33.542287],[112.505193,33.541976],[112.505193,33.541511],[112.505099,33.541328],[112.504815,33.540941],[112.504404,33.540483],[112.503921,33.540053],[112.503476,33.539736],[112.503173,33.53945],[112.502862,33.539108],[112.50272,33.538877],[112.502615,33.53854],[112.50261,33.538415],[112.502637,33.538209],[112.502846,33.537782],[112.50291,33.537507],[112.502878,33.537122],[112.502819,33.536966],[112.50221,33.536353],[112.502006,33.536221],[112.501569,33.535821],[112.501183,33.535569],[112.501121,33.535457],[112.501025,33.535417],[112.500936,33.535325],[112.500687,33.535238],[112.500502,33.535108],[112.500376,33.534927],[112.500346,33.534799],[112.500354,33.534422],[112.500038,33.534296],[112.499887,33.534124],[112.499616,33.534055],[112.499643,33.533988],[112.499619,33.533773],[112.499496,33.533594],[112.499337,33.533078],[112.499257,33.53264],[112.499069,33.531951],[112.499056,33.531513],[112.499166,33.53124],[112.499016,33.531037],[112.499008,33.53092],[112.49904,33.530842],[112.498941,33.530618],[112.498951,33.530522],[112.498911,33.530469],[112.498873,33.530261],[112.498924,33.52999],[112.498903,33.529738],[112.498761,33.52938],[112.498696,33.529288],[112.498817,33.529033],[112.49879,33.528599],[112.498573,33.528181],[112.498503,33.528119],[112.498485,33.527826],[112.498375,33.527795],[112.498238,33.527676],[112.498206,33.52758],[112.498004,33.527323],[112.498002,33.527186],[112.498063,33.527003],[112.498047,33.526243],[112.497959,33.525724],[112.497964,33.524997],[112.497894,33.524689],[112.497755,33.524427],[112.497725,33.52428],[112.497634,33.52409],[112.497511,33.523164],[112.497514,33.522862],[112.497605,33.522618],[112.497734,33.522462],[112.497763,33.522336],[112.497758,33.521889],[112.497852,33.521675],[112.49787,33.52129],[112.49798,33.521091],[112.498045,33.520691],[112.49812,33.520501],[112.498147,33.520107],[112.498224,33.519756],[112.49787,33.51976],[112.497532,33.519709],[112.497334,33.519611],[112.497101,33.519593],[112.497221,33.519222],[112.497675,33.518294],[112.497988,33.517819],[112.498015,33.517661],[112.497884,33.517444],[112.498012,33.517055],[112.498037,33.516674],[112.497994,33.516518],[112.497551,33.51589],[112.497248,33.515331],[112.497143,33.515196],[112.496918,33.514991],[112.496661,33.514861],[112.496497,33.514722],[112.496076,33.514566],[112.495851,33.514291],[112.495475,33.513982],[112.495421,33.513857],[112.495424,33.513685],[112.495295,33.513541],[112.495295,33.513401],[112.495346,33.512969],[112.495397,33.512783],[112.495483,33.5126],[112.495612,33.512437],[112.495411,33.512211],[112.494751,33.51175],[112.494657,33.511605],[112.494534,33.511506],[112.494308,33.511451],[112.493689,33.511598],[112.493276,33.511582],[112.492519,33.511303],[112.492219,33.511142],[112.491664,33.510668],[112.491454,33.510375],[112.491312,33.510071],[112.491328,33.50972],[112.491235,33.509523],[112.491049,33.509351],[112.490832,33.509241],[112.490628,33.509046],[112.49054,33.508894],[112.490492,33.508592],[112.490277,33.508065],[112.490095,33.507852],[112.489969,33.507763],[112.489867,33.507718],[112.489526,33.507662],[112.489279,33.507655],[112.489014,33.50776],[112.488786,33.507774],[112.488268,33.507669],[112.487852,33.507727],[112.487565,33.507828],[112.487351,33.507696],[112.487163,33.507476],[112.487091,33.507327],[112.486924,33.507154],[112.486399,33.507078],[112.486289,33.507136],[112.485803,33.507259],[112.485017,33.507007],[112.484875,33.50702],[112.484795,33.507065],[112.484406,33.507351],[112.483411,33.507626],[112.483201,33.50764],[112.482292,33.507412],[112.482145,33.507421],[112.482008,33.50755],[112.482032,33.507937],[112.481997,33.508355],[112.482032,33.508521],[112.481965,33.50872],[112.481777,33.508964],[112.481211,33.509559],[112.480881,33.509693],[112.480514,33.509684],[112.48024,33.50961],[112.480042,33.509518],[112.479629,33.509597],[112.479452,33.509702],[112.479232,33.509722],[112.479068,33.509626],[112.478963,33.509442],[112.478735,33.509248],[112.478513,33.509156],[112.478395,33.509205],[112.47822,33.509355],[112.477947,33.509424],[112.477746,33.509402],[112.477311,33.509248],[112.477188,33.509234],[112.476949,33.509266],[112.476552,33.509516],[112.476209,33.509644],[112.476104,33.509713],[112.475865,33.510131],[112.475721,33.510263],[112.475254,33.510299],[112.474954,33.510196],[112.47464,33.510171],[112.474433,33.510189],[112.47409,33.510326],[112.473819,33.51061],[112.473645,33.510623],[112.473063,33.510505],[112.471928,33.510943],[112.471834,33.511169],[112.47185,33.511428],[112.471665,33.511587],[112.471531,33.511638],[112.471292,33.511645],[112.471118,33.511609],[112.471016,33.511553],[112.470093,33.510621],[112.469782,33.5102],[112.469447,33.509961],[112.469187,33.509887],[112.468715,33.509655],[112.468256,33.509543],[112.468098,33.509476],[112.467921,33.509458],[112.467757,33.509482],[112.467076,33.509876],[112.467006,33.509945],[112.466735,33.510455],[112.466749,33.511124],[112.466826,33.511293],[112.466848,33.511426],[112.466821,33.511773],[112.466539,33.512269],[112.466537,33.512408],[112.46658,33.512566],[112.466443,33.512837],[112.466427,33.51305],[112.466303,33.513365],[112.466226,33.513474],[112.466016,33.513541],[112.465861,33.513506],[112.465459,33.51349],[112.465263,33.513407],[112.464898,33.513329],[112.46478,33.513264],[112.464563,33.513108],[112.464332,33.51279],[112.464198,33.512464],[112.464268,33.511972],[112.464238,33.511466],[112.464107,33.511218],[112.464037,33.511005],[112.463965,33.510916],[112.463865,33.510827],[112.463136,33.510614],[112.462747,33.51063],[112.46224,33.510556],[112.461985,33.510482],[112.461746,33.510321],[112.461379,33.509702],[112.461154,33.50944],[112.461041,33.509324],[112.460783,33.509152],[112.460572,33.509107],[112.460346,33.509113],[112.459525,33.509254],[112.45937,33.509317],[112.45864,33.509371],[112.458324,33.509362],[112.457903,33.509118],[112.45724,33.509037],[112.456953,33.508888],[112.45687,33.508767],[112.456811,33.508458],[112.456795,33.507973],[112.456846,33.507423],[112.456755,33.50685],[112.456765,33.50664],[112.456698,33.506195],[112.456537,33.505873],[112.456186,33.505616],[112.455988,33.505596],[112.455424,33.50564],[112.455084,33.505486],[112.454893,33.50528],[112.454746,33.50505],[112.454113,33.504759],[112.453946,33.504415],[112.453499,33.50388],[112.453429,33.503838],[112.453032,33.503791],[112.45278,33.503815],[112.452643,33.503889],[112.452412,33.504269],[112.4523,33.504352],[112.452174,33.504397],[112.451828,33.504377],[112.451433,33.504433],[112.450921,33.504345],[112.450642,33.504187],[112.450355,33.50388],[112.450068,33.503641],[112.44947,33.503375],[112.449231,33.503211],[112.44888,33.503053],[112.448614,33.502842],[112.448424,33.502771],[112.448166,33.502746],[112.447659,33.50261],[112.447557,33.502637],[112.447233,33.502885],[112.446927,33.502983],[112.446844,33.503041],[112.446739,33.503133],[112.446431,33.503545],[112.446238,33.503706],[112.44594,33.503791],[112.445723,33.503771],[112.445559,33.503715],[112.445398,33.503744],[112.445227,33.504001],[112.445068,33.504157],[112.444524,33.504379],[112.444119,33.504676],[112.443765,33.504625],[112.443612,33.504658],[112.442928,33.505168],[112.443019,33.505502],[112.443269,33.506032],[112.444186,33.506794],[112.444409,33.506913],[112.444811,33.507197],[112.444988,33.507389],[112.445042,33.50755],[112.445109,33.508031],[112.445122,33.508344],[112.445082,33.508733],[112.444583,33.508829],[112.443293,33.508863],[112.443145,33.508892],[112.44296,33.50897],[112.442754,33.509275],[112.442569,33.509373],[112.442456,33.509389],[112.442231,33.509382],[112.441651,33.50914],[112.441426,33.509134],[112.44101,33.509315],[112.440549,33.509784],[112.440447,33.509834],[112.440254,33.509847],[112.439919,33.509762],[112.439583,33.509811],[112.439422,33.509898],[112.439125,33.51014],[112.438942,33.510243],[112.438736,33.510312],[112.438599,33.510305],[112.43843,33.510238],[112.437947,33.509614],[112.437649,33.509433],[112.437486,33.509404],[112.43729,33.509436],[112.436909,33.509561],[112.436745,33.509559],[112.436375,33.509467],[112.436255,33.509465],[112.43619,33.509536],[112.43618,33.509623],[112.436279,33.509849],[112.436268,33.509905],[112.435807,33.509975],[112.435627,33.510046],[112.43527,33.51056],[112.435077,33.510666],[112.434922,33.510677],[112.434683,33.510605],[112.434468,33.510641],[112.43439,33.510699],[112.434289,33.510994],[112.434195,33.511435],[112.434036,33.511824],[112.433859,33.512095]]]}},{"type":"Feature","properties":{"regionCode":"411321400","sourceCode":"411321400000","name":"河南红阳机械厂","sourceName":"河南红阳机械厂","parentCode":"411321","parentName":"南召县","regionLevel":"township","regionType":"factory","isManagementZone":false,"source":"ruiduobao","sourceVersion":"mixed-legacy~2018-2020","geometryRepaired":false,"match2020":true,"match2023":true},"geometry":{"type":"Polygon","coordinates":[[[112.78421,33.436706],[112.783222,33.435542],[112.781884,33.435914],[112.78098,33.43588],[112.777407,33.435491],[112.776718,33.435688],[112.776447,33.435846],[112.776294,33.435882],[112.775782,33.436144],[112.775436,33.436258],[112.775015,33.436453],[112.774897,33.436475],[112.774564,33.43667],[112.773894,33.436979],[112.773583,33.437013],[112.772993,33.436981],[112.772652,33.437033],[112.77218,33.437216],[112.771327,33.437659],[112.770874,33.438091],[112.770597,33.438452],[112.770439,33.438855],[112.77001,33.439412],[112.76997,33.439752],[112.769879,33.440106],[112.769707,33.440365],[112.769417,33.440562],[112.769063,33.440663],[112.768661,33.440833],[112.768368,33.440912],[112.768076,33.440941],[112.767693,33.440921],[112.767548,33.440981],[112.767317,33.44101],[112.767172,33.441062],[112.767038,33.441156],[112.766853,33.441525],[112.766756,33.441655],[112.766333,33.441986],[112.766239,33.442122],[112.766153,33.442145],[112.766046,33.442246],[112.765724,33.442686],[112.765651,33.443002],[112.765673,33.44315],[112.765539,33.443465],[112.765364,33.443517],[112.765217,33.443611],[112.764906,33.443678],[112.763897,33.444674],[112.763358,33.445122],[112.762983,33.445365],[112.762044,33.446229],[112.761754,33.446648],[112.761674,33.446664],[112.76154,33.446538],[112.761185,33.446435],[112.76107,33.446343],[112.760756,33.44637],[112.759936,33.448942],[112.758868,33.45154],[112.758391,33.455774],[112.7618,33.458072],[112.762905,33.457352],[112.764847,33.456383],[112.767642,33.456105],[112.771533,33.454637],[112.776015,33.454803],[112.779095,33.454756],[112.781077,33.455897],[112.78333,33.456566],[112.784486,33.458428],[112.787004,33.458388],[112.789754,33.455996],[112.792514,33.454071],[112.795579,33.453552],[112.797234,33.452352],[112.798329,33.45116],[112.798557,33.450439],[112.798699,33.449593],[112.797953,33.44894],[112.797551,33.448778],[112.796081,33.448855],[112.795545,33.448752],[112.79522,33.4459],[112.794112,33.444011],[112.793753,33.442841],[112.792806,33.442295],[112.792138,33.442192],[112.789402,33.442344],[112.788933,33.442239],[112.788839,33.441008],[112.787415,33.439965],[112.785706,33.438029],[112.78421,33.436706]]]}},{"type":"Feature","properties":{"regionCode":"411321401","sourceCode":"411321401000","name":"河南向东机械厂","sourceName":"河南向东机械厂","parentCode":"411321","parentName":"南召县","regionLevel":"township","regionType":"factory","isManagementZone":false,"source":"ruiduobao","sourceVersion":"mixed-legacy~2018-2020","geometryRepaired":false,"match2020":true,"match2023":true},"geometry":{"type":"Polygon","coordinates":[[[112.697687,33.479364],[112.695702,33.478449],[112.694315,33.479404],[112.694691,33.48433],[112.697539,33.486411],[112.698945,33.486393],[112.697346,33.490874],[112.696273,33.493471],[112.696338,33.496759],[112.69781,33.500261],[112.699261,33.502592],[112.700144,33.504696],[112.701844,33.505379],[112.702163,33.505723],[112.703985,33.506557],[112.703684,33.505846],[112.703692,33.50556],[112.703741,33.505356],[112.703824,33.505235],[112.703918,33.504907],[112.704001,33.504811],[112.704159,33.504415],[112.704797,33.503681],[112.70487,33.50356],[112.705087,33.503102],[112.705269,33.502525],[112.705428,33.50233],[112.705519,33.502272],[112.705825,33.502214],[112.705967,33.502292],[112.70623,33.502607],[112.706482,33.502789],[112.706734,33.502849],[112.707099,33.502782],[112.707498,33.502543],[112.707938,33.502077],[112.708185,33.501755],[112.708349,33.501608],[112.708488,33.501512],[112.70874,33.501411],[112.709108,33.501181],[112.709566,33.500655],[112.709845,33.500062],[112.709802,33.499984],[112.709923,33.499622],[112.710194,33.4991],[112.709928,33.498517],[112.710446,33.498063],[112.710797,33.49787],[112.711299,33.497333],[112.711385,33.497137],[112.711457,33.496741],[112.711337,33.496302],[112.712173,33.496103],[112.712533,33.495906],[112.713013,33.495426],[112.713402,33.494839],[112.713466,33.494687],[112.713579,33.494115],[112.713651,33.494001],[112.713866,33.493433],[112.714113,33.493019],[112.71415,33.492905],[112.714142,33.492759],[112.714059,33.492567],[112.714056,33.492471],[112.714188,33.491988],[112.71419,33.491829],[112.713895,33.491169],[112.71385,33.490594],[112.714078,33.490156],[112.714338,33.489838],[112.71429,33.489677],[112.714461,33.48931],[112.714617,33.489089],[112.713026,33.488198],[112.711326,33.487413],[112.710175,33.486019],[112.709867,33.484615],[112.708182,33.484635],[112.706198,33.483722],[112.701922,33.480487],[112.697687,33.479364]]]}},{"type":"Feature","properties":{"regionCode":"411321402","sourceCode":"411321402000","name":"河南红宇机械厂","sourceName":"河南红宇机械厂","parentCode":"411321","parentName":"南召县","regionLevel":"township","regionType":"factory","isManagementZone":false,"source":"ruiduobao","sourceVersion":"mixed-legacy~2018-2020","geometryRepaired":false,"match2020":true,"match2023":true},"geometry":{"type":"Polygon","coordinates":[[[112.583806,33.403006],[112.583873,33.402863],[112.584127,33.402621],[112.584514,33.402364],[112.584798,33.402243],[112.584892,33.402138],[112.584943,33.401963],[112.584892,33.401732],[112.584546,33.401285],[112.584302,33.401117],[112.584149,33.401099],[112.583596,33.40122],[112.583454,33.401766],[112.58346,33.402847],[112.582937,33.402908],[112.582529,33.403006],[112.58255,33.402424],[112.582658,33.402122],[112.582092,33.402102],[112.581797,33.402122],[112.581652,33.40218],[112.5817,33.402317],[112.581781,33.402993],[112.58207,33.404144],[112.582204,33.40482],[112.582261,33.405366],[112.582406,33.406052],[112.582561,33.406448],[112.582746,33.406629],[112.582864,33.406844],[112.582658,33.407117],[112.582135,33.407547],[112.58195,33.407845],[112.581483,33.407917],[112.58207,33.408168],[112.581689,33.408535],[112.581553,33.409377],[112.581502,33.409459],[112.581526,33.409551],[112.581158,33.40993],[112.581032,33.410021],[112.58045,33.410268],[112.579954,33.410422],[112.579836,33.41055],[112.579812,33.410879],[112.579753,33.411],[112.579082,33.411475],[112.578806,33.411712],[112.578323,33.412222],[112.578178,33.412325],[112.578495,33.412601],[112.578734,33.412905],[112.578924,33.413223],[112.579058,33.413523],[112.579297,33.414219],[112.580104,33.415395],[112.580257,33.415764],[112.580423,33.416055],[112.580576,33.416237],[112.581051,33.416561],[112.581333,33.416696],[112.581502,33.416834],[112.582717,33.417305],[112.582797,33.417311],[112.582891,33.417372],[112.583036,33.417367],[112.583425,33.417502],[112.583527,33.41766],[112.583545,33.417759],[112.583433,33.418269],[112.583419,33.418498],[112.583444,33.418769],[112.583588,33.419436],[112.58354,33.419693],[112.583457,33.419816],[112.58251,33.420627],[112.581148,33.421292],[112.580552,33.421849],[112.579908,33.422315],[112.579444,33.422874],[112.578806,33.423427],[112.57945,33.424421],[112.579949,33.425321],[112.580061,33.425709],[112.580067,33.426],[112.580018,33.426315],[112.580072,33.426456],[112.580346,33.426676],[112.581209,33.426933],[112.581531,33.42715],[112.581722,33.427558],[112.581837,33.428283],[112.582003,33.428272],[112.582202,33.428175],[112.583309,33.427826],[112.584361,33.427605],[112.584583,33.427508],[112.585005,33.427208],[112.585265,33.427128],[112.585815,33.427103],[112.586008,33.427112],[112.58682,33.427417],[112.586976,33.427394],[112.587502,33.427571],[112.587909,33.427748],[112.588263,33.427983],[112.588744,33.428178],[112.588907,33.428196],[112.589476,33.428359],[112.589884,33.428426],[112.590082,33.42844],[112.590433,33.428379],[112.590514,33.428332],[112.591002,33.427766],[112.591257,33.427383],[112.59131,33.427356],[112.591954,33.427855],[112.592394,33.42811],[112.592829,33.428307],[112.593019,33.428357],[112.594028,33.428491],[112.594588,33.428482],[112.594993,33.428328],[112.595184,33.42805],[112.595253,33.428008],[112.595369,33.42779],[112.595581,33.427526],[112.5958,33.427387],[112.596428,33.427076],[112.596627,33.427018],[112.597238,33.426738],[112.597539,33.426076],[112.597708,33.425856],[112.598212,33.425353],[112.598703,33.425017],[112.598842,33.424748],[112.598888,33.424504],[112.598939,33.424424],[112.599011,33.424365],[112.599172,33.424347],[112.599832,33.424363],[112.600172,33.424513],[112.601216,33.425225],[112.601495,33.425388],[112.601739,33.42548],[112.60234,33.425932],[112.602608,33.42604],[112.603096,33.426087],[112.603496,33.42649],[112.60386,33.4267],[112.604166,33.42707],[112.604325,33.427177],[112.604461,33.427222],[112.604759,33.426989],[112.605118,33.426774],[112.605282,33.426749],[112.606103,33.426978],[112.606744,33.427108],[112.608026,33.427029],[112.609348,33.427213],[112.609576,33.42726],[112.609952,33.427446],[112.610349,33.427734],[112.610628,33.427835],[112.610794,33.427837],[112.610931,33.427822],[112.6111,33.427755],[112.611676,33.427468],[112.611953,33.42737],[112.612596,33.426926],[112.612688,33.426734],[112.612655,33.425966],[112.612583,33.425691],[112.612277,33.42503],[112.612202,33.424759],[112.612199,33.42452],[112.612486,33.423504],[112.612591,33.422877],[112.612559,33.422588],[112.612495,33.422279],[112.612301,33.422084],[112.612248,33.421831],[112.612151,33.421605],[112.612014,33.421495],[112.611969,33.421359],[112.611958,33.421133],[112.611811,33.420824],[112.611617,33.420672],[112.611427,33.42062],[112.611196,33.420419],[112.610976,33.420385],[112.610864,33.420273],[112.610641,33.420163],[112.610384,33.419848],[112.610292,33.419926],[112.610266,33.419915],[112.610239,33.419848],[112.609973,33.41966],[112.609877,33.419456],[112.609718,33.419449],[112.609442,33.41934],[112.609029,33.419064],[112.608884,33.418928],[112.608434,33.418652],[112.607795,33.418359],[112.607114,33.417958],[112.606999,33.417922],[112.606666,33.417972],[112.606502,33.41796],[112.60639,33.417907],[112.606143,33.417685],[112.60603,33.41766],[112.605824,33.417495],[112.605668,33.417103],[112.605556,33.416633],[112.605135,33.416234],[112.60488,33.416069],[112.604684,33.415816],[112.604617,33.415668],[112.604469,33.41499],[112.604322,33.41449],[112.604131,33.413973],[112.603869,33.413727],[112.602769,33.413445],[112.602388,33.41319],[112.602007,33.412867],[112.601605,33.412368],[112.601452,33.412117],[112.601076,33.411866],[112.600915,33.411667],[112.60084,33.411307],[112.60069,33.410926],[112.600567,33.410711],[112.599829,33.409849],[112.598775,33.409059],[112.598611,33.409206],[112.59752,33.409757],[112.59675,33.410353],[112.596509,33.410501],[112.595401,33.410525],[112.594974,33.410644],[112.594559,33.410857],[112.594317,33.410933],[112.593454,33.411327],[112.593102,33.411403],[112.592952,33.411405],[112.592528,33.411083],[112.59196,33.41081],[112.591461,33.410523],[112.591391,33.410447],[112.591404,33.410313],[112.591477,33.410178],[112.591619,33.410021],[112.591825,33.409869],[112.591839,33.409818],[112.591788,33.409587],[112.5916,33.409354],[112.59141,33.409211],[112.59134,33.409032],[112.591439,33.408909],[112.592045,33.407868],[112.592373,33.407198],[112.591879,33.407155],[112.591785,33.40718],[112.591066,33.407153],[112.590908,33.407178],[112.589956,33.407102],[112.58947,33.407111],[112.588647,33.407189],[112.587459,33.407084],[112.586898,33.407171],[112.586979,33.407052],[112.587032,33.406817],[112.587225,33.405682],[112.587048,33.405619],[112.58589,33.405447],[112.584683,33.405416],[112.584677,33.405028],[112.584436,33.40501],[112.584412,33.404616],[112.583819,33.403371],[112.583781,33.403221],[112.583806,33.403006]]]}},{"type":"Feature","properties":{"regionCode":"411321403","sourceCode":"411321403000","name":"国营东风机械厂","sourceName":"国营东风机械厂","parentCode":"411321","parentName":"南召县","regionLevel":"township","regionType":"factory","isManagementZone":false,"source":"ruiduobao","sourceVersion":"mixed-legacy~2018-2020","geometryRepaired":false,"match2020":true,"match2023":true},"geometry":{"type":"Polygon","coordinates":[[[112.623513,33.393935],[112.623062,33.394224],[112.622714,33.393754],[112.622708,33.393469],[112.621126,33.393774],[112.620785,33.393778],[112.620568,33.394255],[112.619664,33.394938],[112.618894,33.395892],[112.61846,33.396943],[112.618012,33.397328],[112.617449,33.397619],[112.617357,33.398761],[112.617824,33.399516],[112.616252,33.400391],[112.615252,33.401544],[112.614705,33.402597],[112.614262,33.403266],[112.613385,33.404988],[112.613286,33.405749],[112.613989,33.406976],[112.614793,33.407536],[112.614927,33.408676],[112.615533,33.410758],[112.616338,33.411224],[112.617124,33.41074],[112.616998,33.410075],[112.617092,33.40903],[112.616032,33.406952],[112.615566,33.406291],[112.615643,33.404294],[112.616199,33.403622],[112.617202,33.402659],[112.618774,33.40169],[112.619656,33.400254],[112.620555,33.399769],[112.620884,33.399193],[112.623151,33.398976],[112.625401,33.397809],[112.62479,33.395534],[112.624436,33.394779],[112.623513,33.393935]]]}},{"type":"Feature","properties":{"regionCode":"411321404","sourceCode":"411321404000","name":"国营长江机械厂","sourceName":"国营长江机械厂","parentCode":"411321","parentName":"南召县","regionLevel":"township","regionType":"factory","isManagementZone":false,"source":"ruiduobao","sourceVersion":"mixed-legacy~2018-2020","geometryRepaired":false,"match2020":true,"match2023":true},"geometry":{"type":"Polygon","coordinates":[[[112.68169,33.366545],[112.680778,33.366397],[112.680478,33.366465],[112.680134,33.366341],[112.67948,33.365748],[112.678032,33.365226],[112.676897,33.365396],[112.676715,33.365716],[112.676868,33.365714],[112.677023,33.365996],[112.677517,33.366117],[112.678244,33.366427],[112.678139,33.366935],[112.678353,33.367251],[112.6794,33.367522],[112.679813,33.367264],[112.682267,33.368978],[112.682465,33.369419],[112.683691,33.370228],[112.683895,33.370891],[112.684201,33.371046],[112.684686,33.370723],[112.685148,33.371097],[112.685362,33.372457],[112.68529,33.372463],[112.6861,33.37312],[112.686451,33.373577],[112.686899,33.373516],[112.686829,33.373928],[112.688632,33.375048],[112.68909,33.375198],[112.690633,33.375413],[112.691191,33.375171],[112.691555,33.374428],[112.691601,33.373935],[112.691282,33.373084],[112.690254,33.372842],[112.687427,33.371545],[112.686663,33.37111],[112.685153,33.369451],[112.683275,33.368205],[112.682675,33.368496],[112.682141,33.368281],[112.682165,33.367616],[112.682052,33.367618],[112.68169,33.366545]]]}}]}