{"type":"FeatureCollection","name":"方城县","features":[{"type":"Feature","properties":{"regionCode":"411322001","sourceCode":"411322001000","name":"凤瑞街道","sourceName":"凤瑞街道办事处","parentCode":"411322","parentName":"方城县","regionLevel":"township","regionType":"street","isManagementZone":false,"source":"ruiduobao","sourceVersion":"mixed-legacy~2018-2020","geometryRepaired":false,"match2020":true,"match2023":true},"geometry":{"type":"Polygon","coordinates":[[[113.022001,33.227115],[113.021531,33.226994],[113.021446,33.226844],[113.021928,33.225419],[113.022666,33.223999],[113.022535,33.223923],[113.021421,33.223539],[113.021153,33.224001],[113.02078,33.224398],[113.020113,33.223458],[113.019697,33.223682],[113.019184,33.222973],[113.0178,33.223624],[113.017551,33.22386],[113.017296,33.224261],[113.016647,33.224694],[113.017468,33.22583],[113.016682,33.226164],[113.017513,33.227037],[113.01801,33.227667],[113.019265,33.228477],[113.018967,33.228773],[113.018793,33.228731],[113.017822,33.228038],[113.017543,33.228138],[113.017763,33.228753],[113.017685,33.228881],[113.017146,33.22889],[113.017044,33.228738],[113.016977,33.228154],[113.015352,33.228432],[113.015301,33.228165],[113.013069,33.228432],[113.01308,33.228738],[113.013262,33.229669],[113.011774,33.229779],[113.011733,33.228659],[113.011626,33.22723],[113.010738,33.227297],[113.010875,33.229767],[113.010317,33.229749],[113.007777,33.229801],[113.00547,33.229788],[113.005645,33.231746],[113.005666,33.232641],[113.005293,33.232686],[113.005202,33.232738],[113.005175,33.232794],[113.005199,33.233056],[113.004765,33.233104],[113.00465,33.231834],[113.004296,33.231834],[113.002254,33.232074],[113.002413,33.233003],[113.00075,33.233113],[113.000573,33.23309],[112.999993,33.233144],[112.999865,33.233189],[112.999907,33.234129],[112.9995,33.234102],[112.998191,33.2341],[112.998253,33.235136],[112.998346,33.235127],[112.998446,33.235998],[112.997992,33.235724],[112.997536,33.236152],[112.998094,33.236505],[112.998126,33.236944],[112.998639,33.237],[112.998794,33.238739],[112.998786,33.239383],[112.997743,33.239374],[112.996592,33.237665],[112.996354,33.237743],[112.996329,33.237905],[112.996418,33.23888],[112.996423,33.239603],[112.99649,33.240345],[112.996616,33.24035],[112.996584,33.241124],[112.99649,33.241833],[112.996469,33.242245],[112.996496,33.242602],[112.996565,33.243049],[112.996686,33.243208],[112.996756,33.243437],[112.996941,33.244352],[112.997193,33.24474],[112.997282,33.244778],[112.997434,33.244919],[112.997453,33.245014],[112.996624,33.244933],[112.995715,33.244794],[112.994725,33.244718],[112.995232,33.245503],[112.995332,33.245725],[112.99524,33.246891],[112.994353,33.246905],[112.994414,33.249657],[112.995584,33.251754],[112.997027,33.253614],[112.997657,33.25666],[112.997708,33.259008],[112.999709,33.260625],[112.999757,33.262738],[113.000358,33.264608],[113.001804,33.26647],[113.00171,33.267699],[113.001753,33.268833],[113.002187,33.268632],[113.002571,33.268315],[113.002665,33.268064],[113.00274,33.268264],[113.002785,33.268558],[113.003708,33.268277],[113.003936,33.269966],[113.004019,33.270118],[113.004454,33.270092],[113.004502,33.270462],[113.004518,33.270959],[113.003579,33.271083],[113.003609,33.271341],[113.004515,33.271258],[113.004489,33.271681],[113.005551,33.271634],[113.005607,33.272074],[113.006629,33.271906],[113.008013,33.271527],[113.008177,33.271998],[113.007082,33.272325],[113.007511,33.272735],[113.007871,33.273184],[113.008222,33.273549],[113.008973,33.273496],[113.008866,33.272727],[113.010714,33.272525],[113.012439,33.272464],[113.012425,33.272164],[113.012251,33.272114],[113.01216,33.272011],[113.012098,33.271836],[113.011725,33.270067],[113.01172,33.267921],[113.011688,33.267468],[113.011918,33.265521],[113.01205,33.26516],[113.01249,33.264806],[113.013517,33.264144],[113.015043,33.264485],[113.01603,33.264662],[113.017192,33.264765],[113.018095,33.264615],[113.019898,33.264429],[113.02181,33.264317],[113.021792,33.264106],[113.021145,33.264148],[113.021134,33.263866],[113.022167,33.2639],[113.021894,33.262312],[113.021762,33.26119],[113.019815,33.260159],[113.020402,33.259356],[113.021574,33.260098],[113.021456,33.257965],[113.024662,33.258082],[113.025096,33.25807],[113.02505,33.255792],[113.025466,33.255796],[113.025464,33.257747],[113.027494,33.257721],[113.027623,33.255451],[113.028269,33.255478],[113.028355,33.25683],[113.029449,33.256823],[113.029524,33.257299],[113.031284,33.257364],[113.031265,33.257063],[113.031313,33.256328],[113.031367,33.255971],[113.031448,33.255709],[113.030804,33.255018],[113.031335,33.25524],[113.031665,33.255235],[113.032078,33.255363],[113.032553,33.255572],[113.032998,33.25572],[113.033389,33.255787],[113.033864,33.255922],[113.034495,33.25631],[113.03469,33.256395],[113.03575,33.256373],[113.036265,33.256314],[113.03645,33.256236],[113.036667,33.256036],[113.036839,33.255807],[113.037289,33.255417],[113.037576,33.25482],[113.037566,33.254612],[113.037627,33.254428],[113.037826,33.254062],[113.038089,33.253755],[113.03833,33.253544],[113.038829,33.253221],[113.039263,33.253174],[113.040202,33.253214],[113.040951,33.253468],[113.04123,33.253672],[113.041997,33.254538],[113.042069,33.254417],[113.042128,33.254199],[113.042184,33.253663],[113.045454,33.253652],[113.04543,33.253463],[113.043804,33.253371],[113.043885,33.253033],[113.045344,33.253037],[113.045768,33.253255],[113.045497,33.25304],[113.045226,33.252708],[113.042471,33.252526],[113.042533,33.252183],[113.042678,33.251869],[113.042732,33.251501],[113.042715,33.25085],[113.042627,33.250251],[113.042139,33.250393],[113.042112,33.250846],[113.042158,33.251492],[113.04208,33.252539],[113.041879,33.252333],[113.041745,33.252091],[113.041637,33.251999],[113.041578,33.251806],[113.041618,33.251487],[113.041584,33.250482],[113.041323,33.250465],[113.041289,33.250198],[113.041388,33.250061],[113.041246,33.249899],[113.041667,33.249554],[113.041594,33.248567],[113.041044,33.24856],[113.040953,33.247746],[113.040862,33.247771],[113.040645,33.246104],[113.039848,33.246097],[113.039738,33.243742],[113.038043,33.24376],[113.037952,33.243722],[113.037885,33.242925],[113.034562,33.243087],[113.03446,33.24284],[113.034374,33.242739],[113.034258,33.241164],[113.034248,33.240249],[113.03336,33.240505],[113.032904,33.240698],[113.032502,33.240976],[113.03237,33.240738],[113.032327,33.240072],[113.032008,33.238147],[113.031659,33.238032],[113.031474,33.237135],[113.032231,33.237048],[113.033068,33.23687],[113.032655,33.233456],[113.031764,33.233568],[113.031941,33.235107],[113.030251,33.235316],[113.030088,33.233667],[113.027891,33.23388],[113.026713,33.234053],[113.025166,33.234169],[113.025246,33.236177],[113.025295,33.236256],[113.025348,33.237635],[113.025388,33.237815],[113.025394,33.238479],[113.025453,33.238932],[113.025477,33.240336],[113.025303,33.240292],[113.023798,33.240576],[113.02346,33.240626],[113.022862,33.240657],[113.022623,33.240606],[113.022433,33.240253],[113.021703,33.240554],[113.021231,33.240592],[113.019528,33.239547],[113.019152,33.239706],[113.018774,33.239946],[113.018895,33.24055],[113.018399,33.240684],[113.018157,33.240413],[113.017921,33.240206],[113.017532,33.240002],[113.017307,33.239616],[113.017122,33.239168],[113.016875,33.239206],[113.016781,33.238468],[113.017106,33.238418],[113.017146,33.238131],[113.017535,33.238106],[113.017543,33.237882],[113.017479,33.237225],[113.017369,33.236738],[113.01702,33.236774],[113.01547,33.236772],[113.015649,33.235466],[113.015727,33.233714],[113.016006,33.233646],[113.016234,33.233104],[113.01672,33.2325],[113.017859,33.23082],[113.018707,33.231674],[113.018954,33.231172],[113.019627,33.229505],[113.019981,33.229761],[113.021089,33.2304],[113.021185,33.230225],[113.020459,33.229687],[113.020633,33.229166],[113.020931,33.228684],[113.022132,33.229411],[113.022529,33.229604],[113.02302,33.229765],[113.023165,33.229545],[113.023197,33.229372],[113.021853,33.228655],[113.022392,33.227293],[113.022001,33.227115]]]}},{"type":"Feature","properties":{"regionCode":"411322002","sourceCode":"411322002000","name":"释之街道","sourceName":"释之街道办事处","parentCode":"411322","parentName":"方城县","regionLevel":"township","regionType":"street","isManagementZone":false,"source":"ruiduobao","sourceVersion":"mixed-legacy~2018-2020","geometryRepaired":false,"match2020":true,"match2023":true},"geometry":{"type":"Polygon","coordinates":[[[112.978815,33.240278],[112.979142,33.240733],[112.979292,33.241131],[112.979268,33.241216],[112.978235,33.241261],[112.978286,33.24203],[112.97724,33.242111],[112.977283,33.24256],[112.977294,33.243304],[112.977342,33.243975],[112.977393,33.244204],[112.977422,33.244978],[112.977911,33.244946],[112.978702,33.244953],[112.978589,33.245626],[112.978592,33.246467],[112.978656,33.247519],[112.978629,33.247887],[112.978707,33.248535],[112.978849,33.249206],[112.978809,33.249852],[112.978713,33.250052],[112.978222,33.25061],[112.977758,33.250976],[112.976967,33.251182],[112.975757,33.251389],[112.975207,33.251395],[112.973997,33.251831],[112.973533,33.252243],[112.973445,33.253075],[112.973458,33.25369],[112.973571,33.254441],[112.974531,33.256301],[112.974193,33.256249],[112.972412,33.255431],[112.971618,33.255018],[112.971621,33.254946],[112.971465,33.254612],[112.971269,33.254302],[112.970964,33.254067],[112.970671,33.253923],[112.970537,33.253876],[112.970218,33.25384],[112.970022,33.253719],[112.969985,33.253625],[112.97006,33.253277],[112.969097,33.253096],[112.969092,33.253638],[112.967587,33.253264],[112.967579,33.253304],[112.967437,33.253313],[112.967303,33.253365],[112.966962,33.253309],[112.966501,33.253102],[112.965433,33.252703],[112.96462,33.252524],[112.963907,33.252326],[112.962719,33.252086],[112.962061,33.251833],[112.960739,33.251465],[112.959709,33.251032],[112.958129,33.250274],[112.955914,33.249356],[112.955654,33.249224],[112.95648,33.247584],[112.956217,33.247488],[112.955675,33.248576],[112.955369,33.249083],[112.955179,33.248986],[112.955085,33.24893],[112.955689,33.247405],[112.954994,33.247234],[112.954468,33.24858],[112.953591,33.248114],[112.954034,33.247434],[112.95409,33.247196],[112.954077,33.246552],[112.953993,33.245689],[112.952609,33.245491],[112.952156,33.246342],[112.951829,33.247071],[112.95067,33.246301],[112.950694,33.247679],[112.949887,33.24773],[112.949911,33.248105],[112.948535,33.248143],[112.948809,33.248327],[112.949042,33.2486],[112.949181,33.248908],[112.949206,33.249134],[112.949112,33.249603],[112.949171,33.249863],[112.949415,33.250476],[112.949557,33.250929],[112.948211,33.251102],[112.948353,33.251844],[112.948036,33.252032],[112.948404,33.253946],[112.946282,33.254148],[112.946475,33.254807],[112.948414,33.254652],[112.948736,33.255657],[112.947315,33.255749],[112.947401,33.256426],[112.94563,33.256846],[112.945711,33.257983],[112.946143,33.258838],[112.947132,33.258817],[112.947414,33.260585],[112.948111,33.26032],[112.950069,33.259901],[112.95023,33.260948],[112.950606,33.260946],[112.950938,33.263209],[112.949391,33.263245],[112.949117,33.263227],[112.947215,33.263505],[112.947497,33.263971],[112.947795,33.264317],[112.947964,33.264418],[112.948095,33.264557],[112.948098,33.264893],[112.948259,33.265155],[112.948516,33.266023],[112.948678,33.26607],[112.948846,33.26618],[112.949066,33.266178],[112.949211,33.266263],[112.949444,33.266739],[112.950724,33.266559],[112.950909,33.266559],[112.95059,33.26549],[112.951445,33.265451],[112.952454,33.265335],[112.952733,33.266591],[112.953076,33.267616],[112.954417,33.267463],[112.954168,33.267954],[112.955369,33.267903],[112.955509,33.268724],[112.955638,33.269939],[112.956077,33.269856],[112.956426,33.269827],[112.956541,33.269845],[112.956882,33.26976],[112.957925,33.269719],[112.95862,33.269639],[112.958548,33.269515],[112.958741,33.269251],[112.958972,33.269035],[112.959197,33.268932],[112.959672,33.268863],[112.959875,33.268894],[112.960106,33.269031],[112.960189,33.269235],[112.960138,33.269594],[112.960329,33.269686],[112.960455,33.269511],[112.960592,33.269219],[112.960801,33.268611],[112.961321,33.26808],[112.961479,33.267779],[112.961793,33.267405],[112.962035,33.26738],[112.962512,33.26743],[112.962711,33.267335],[112.962724,33.267223],[112.963126,33.267264],[112.963566,33.26712],[112.963778,33.266894],[112.964003,33.26679],[112.964553,33.266456],[112.965452,33.265727],[112.967332,33.264983],[112.968059,33.26461],[112.968322,33.266418],[112.969464,33.266326],[112.969408,33.266001],[112.971516,33.26568],[112.972782,33.265642],[112.972656,33.264803],[112.973901,33.264581],[112.975282,33.264588],[112.975668,33.266162],[112.977527,33.264754],[112.978938,33.264877],[112.978815,33.265218],[112.978659,33.266938],[112.97867,33.267876],[112.979225,33.267721],[112.979383,33.268966],[112.979378,33.269515],[112.979794,33.269484],[112.980359,33.269533],[112.981009,33.269656],[112.980936,33.270038],[112.980756,33.270657],[112.980614,33.271408],[112.980582,33.271852],[112.980826,33.271798],[112.981507,33.271525],[112.982226,33.271403],[112.982253,33.272758],[112.982226,33.273242],[112.98269,33.273128],[112.983331,33.273052],[112.984155,33.273097],[112.984214,33.273814],[112.985568,33.27381],[112.985453,33.273982],[112.985515,33.274462],[112.985507,33.274662],[112.985128,33.274617],[112.985139,33.276173],[112.986075,33.275604],[112.987387,33.275983],[112.987274,33.276283],[112.989348,33.275873],[112.989264,33.276453],[112.989173,33.277954],[112.989758,33.277974],[112.990203,33.278061],[112.989511,33.279088],[112.989688,33.279142],[112.991289,33.2789],[112.992322,33.278561],[112.992735,33.278326],[112.993202,33.27829],[112.993363,33.278234],[112.993604,33.278106],[112.993765,33.277359],[112.99302,33.276631],[112.99288,33.276261],[112.992615,33.276003],[112.993046,33.274875],[112.994599,33.274976],[112.995986,33.275119],[112.996107,33.274337],[112.997096,33.274337],[112.998467,33.274516],[112.998537,33.273964],[112.998505,33.273832],[112.997936,33.273144],[112.997861,33.272688],[112.996885,33.271228],[112.996847,33.270966],[112.996922,33.270524],[112.997421,33.270071],[112.998094,33.269719],[112.998837,33.269448],[112.999596,33.269345],[113.000447,33.269011],[113.000736,33.269004],[113.001055,33.26886],[113.001364,33.268854],[113.001557,33.268921],[113.001753,33.268833],[113.00171,33.267699],[113.001804,33.26647],[113.000358,33.264608],[112.999757,33.262738],[112.999709,33.260625],[112.997708,33.259008],[112.997657,33.25666],[112.997027,33.253614],[112.995584,33.251754],[112.994414,33.249657],[112.994353,33.246905],[112.994218,33.246905],[112.994168,33.246344],[112.994218,33.244096],[112.993779,33.242073],[112.993594,33.24173],[112.99303,33.241193],[112.992413,33.240727],[112.992153,33.240458],[112.991982,33.240139],[112.991914,33.239677],[112.992075,33.238818],[112.992319,33.238416],[112.992539,33.238194],[112.992765,33.237813],[112.992926,33.237407],[112.992869,33.23716],[112.992569,33.2367],[112.992062,33.236108],[112.991024,33.235594],[112.990536,33.235313],[112.98927,33.234519],[112.988959,33.234286],[112.988594,33.2339],[112.988395,33.23333],[112.988186,33.232897],[112.987931,33.233157],[112.987577,33.233328],[112.987229,33.233422],[112.985673,33.233718],[112.985466,33.23379],[112.984965,33.234104],[112.984466,33.234351],[112.9839,33.234744],[112.983557,33.235064],[112.982857,33.235773],[112.981803,33.23692],[112.981674,33.235569],[112.981505,33.234753],[112.979649,33.235024],[112.979547,33.234519],[112.978439,33.234683],[112.979169,33.237644],[112.978353,33.237853],[112.978428,33.238127],[112.978557,33.239536],[112.978815,33.240278]]]}},{"type":"Feature","properties":{"regionCode":"411322101","sourceCode":"411322101000","name":"独树镇","sourceName":"独树镇","parentCode":"411322","parentName":"方城县","regionLevel":"township","regionType":"town","isManagementZone":false,"source":"ruiduobao","sourceVersion":"mixed-legacy~2018-2020","geometryRepaired":false,"match2020":true,"match2023":true},"geometry":{"type":"Polygon","coordinates":[[[113.132827,33.28936],[113.132924,33.288234],[113.131526,33.288138],[113.131481,33.288367],[113.129812,33.288243],[113.129879,33.287012],[113.129273,33.287001],[113.129238,33.288176],[113.126175,33.287676],[113.126111,33.287916],[113.123981,33.28779],[113.123576,33.288434],[113.12342,33.288837],[113.123276,33.289743],[113.123235,33.29097],[113.123359,33.291553],[113.123598,33.292171],[113.123697,33.292678],[113.123557,33.292674],[113.12352,33.292526],[113.123107,33.292447],[113.122718,33.292416],[113.1226,33.292434],[113.1226,33.292494],[113.122053,33.292871],[113.121967,33.293019],[113.121967,33.293088],[113.122195,33.293391],[113.122256,33.293615],[113.122219,33.293848],[113.121937,33.29431],[113.121768,33.294472],[113.121723,33.294626],[113.121731,33.294734],[113.121892,33.295122],[113.121889,33.295377],[113.12194,33.295756],[113.121945,33.296016],[113.121811,33.296593],[113.121766,33.29664],[113.121497,33.29666],[113.1211,33.296469],[113.120878,33.296415],[113.120762,33.296422],[113.120709,33.296451],[113.120534,33.296848],[113.120478,33.296893],[113.120414,33.2969],[113.120226,33.296821],[113.120019,33.296814],[113.119971,33.296873],[113.119877,33.297214],[113.119826,33.297285],[113.119486,33.29735],[113.11936,33.297453],[113.119303,33.297976],[113.119142,33.298272],[113.118048,33.298267],[113.116479,33.298045],[113.115028,33.298],[113.115055,33.297738],[113.115787,33.297137],[113.116082,33.29683],[113.116154,33.2967],[113.114003,33.296465],[113.114277,33.294922],[113.114301,33.294425],[113.114282,33.294272],[113.113402,33.294135],[113.113325,33.294456],[113.113094,33.29449],[113.112863,33.294602],[113.112716,33.294918],[113.112555,33.295357],[113.112016,33.297736],[113.112386,33.297781],[113.112134,33.299592],[113.11222,33.299601],[113.11219,33.30033],[113.111965,33.301885],[113.112453,33.301897],[113.113432,33.301995],[113.113306,33.303219],[113.114003,33.303291],[113.113931,33.303872],[113.111906,33.303661],[113.111836,33.304244],[113.1106,33.304129],[113.110447,33.305176],[113.110106,33.307064],[113.106678,33.30601],[113.106675,33.304658],[113.106506,33.304656],[113.106048,33.304567],[113.105318,33.304372],[113.105278,33.30504],[113.105098,33.305661],[113.104892,33.30729],[113.103923,33.307147],[113.103881,33.307678],[113.103808,33.307972],[113.101799,33.307658],[113.100957,33.307617],[113.100938,33.30775],[113.100557,33.307696],[113.100517,33.307649],[113.100319,33.307586],[113.099973,33.307593],[113.100174,33.306992],[113.099664,33.306815],[113.100072,33.30517],[113.099122,33.304945],[113.099232,33.304607],[113.09857,33.304437],[113.098505,33.304638],[113.097838,33.304439],[113.096781,33.304398],[113.096346,33.304421],[113.096019,33.304513],[113.09633,33.303636],[113.096623,33.303],[113.093082,33.30195],[113.093329,33.301343],[113.092492,33.301119],[113.092564,33.300711],[113.09276,33.300354],[113.092849,33.299998],[113.091961,33.299834],[113.090252,33.299415],[113.090225,33.299177],[113.087736,33.298597],[113.087731,33.29842],[113.087836,33.298234],[113.087903,33.298012],[113.087181,33.297848],[113.087267,33.297727],[113.087431,33.29711],[113.087562,33.296958],[113.087854,33.296028],[113.084673,33.295283],[113.084164,33.295229],[113.083895,33.296075],[113.083456,33.29598],[113.08297,33.295839],[113.081036,33.29501],[113.078056,33.293884],[113.078311,33.29173],[113.080797,33.292418],[113.080969,33.291142],[113.080921,33.290743],[113.081522,33.287867],[113.081677,33.287555],[113.08072,33.287418],[113.080376,33.287299],[113.079542,33.286907],[113.079025,33.290575],[113.078687,33.290458],[113.078939,33.288694],[113.077469,33.288539],[113.07767,33.286918],[113.076375,33.286882],[113.075961,33.286835],[113.075532,33.28684],[113.07542,33.287459],[113.075288,33.287685],[113.074921,33.288084],[113.075353,33.288091],[113.075465,33.288156],[113.075455,33.288402],[113.075369,33.288757],[113.075323,33.289346],[113.075205,33.289902],[113.075216,33.290219],[113.074234,33.290133],[113.074395,33.288813],[113.074355,33.288907],[113.07384,33.289465],[113.074266,33.28662],[113.073478,33.286956],[113.073266,33.287089],[113.07245,33.28738],[113.072265,33.289925],[113.072008,33.290003],[113.071093,33.289411],[113.071399,33.28753],[113.070653,33.287479],[113.070484,33.288985],[113.069414,33.288228],[113.069591,33.287416],[113.068923,33.287346],[113.068618,33.287714],[113.06825,33.287488],[113.068521,33.287212],[113.068521,33.287033],[113.068371,33.286914],[113.066633,33.286039],[113.06666,33.285398],[113.066456,33.28508],[113.066308,33.285158],[113.065938,33.28592],[113.065737,33.28582],[113.065485,33.286113],[113.06516,33.286835],[113.064803,33.286844],[113.064651,33.286918],[113.064495,33.287331],[113.063784,33.28721],[113.063881,33.287042],[113.063969,33.286425],[113.064058,33.286154],[113.064256,33.285781],[113.06417,33.285613],[113.063736,33.2856],[113.063653,33.285932],[113.063605,33.286443],[113.06354,33.28677],[113.063462,33.286927],[113.062934,33.287089],[113.062009,33.287024],[113.061593,33.286941],[113.061309,33.286981],[113.061217,33.286956],[113.060788,33.286037],[113.060614,33.285889],[113.060222,33.285147],[113.059823,33.284479],[113.058793,33.284492],[113.058527,33.284566],[113.058586,33.28462],[113.058959,33.285427],[113.059364,33.285976],[113.058693,33.286463],[113.057827,33.285786],[113.05765,33.28682],[113.057548,33.286941],[113.057393,33.28701],[113.057194,33.28703],[113.057473,33.287669],[113.057553,33.287985],[113.057548,33.288082],[113.057449,33.288275],[113.057237,33.288497],[113.057038,33.288649],[113.056676,33.288831],[113.056456,33.288909],[113.05603,33.288941],[113.055917,33.288992],[113.05584,33.2891],[113.055834,33.28918],[113.055866,33.289299],[113.056,33.289456],[113.056046,33.289557],[113.056051,33.289714],[113.055998,33.289813],[113.055649,33.289958],[113.054488,33.290189],[113.054308,33.290187],[113.054477,33.290427],[113.054788,33.290651],[113.055231,33.291162],[113.054501,33.29123],[113.054327,33.29134],[113.054085,33.29142],[113.053804,33.291454],[113.053694,33.291568],[113.053101,33.291727],[113.052932,33.29212],[113.05279,33.292292],[113.052661,33.292521],[113.052632,33.292703],[113.052666,33.292801],[113.052857,33.29299],[113.052964,33.293297],[113.053863,33.293434],[113.054021,33.293505],[113.054045,33.293631],[113.053879,33.293732],[113.053157,33.29401],[113.053227,33.294032],[113.053522,33.294012],[113.054018,33.293842],[113.054244,33.293828],[113.054311,33.293889],[113.054249,33.294026],[113.053393,33.29468],[113.053436,33.294732],[113.05367,33.294763],[113.053806,33.29499],[113.053951,33.295158],[113.054211,33.295232],[113.054686,33.295229],[113.055094,33.295297],[113.055239,33.2954],[113.055333,33.295568],[113.05559,33.295682],[113.055703,33.295772],[113.055722,33.295898],[113.055207,33.296543],[113.05522,33.29664],[113.055432,33.296705],[113.056164,33.296736],[113.056274,33.296902],[113.056344,33.297622],[113.056322,33.297911],[113.055225,33.297915],[113.055121,33.298137],[113.05526,33.29855],[113.055976,33.298565],[113.056081,33.298738],[113.056132,33.298906],[113.056059,33.29911],[113.05592,33.299224],[113.055518,33.299312],[113.055437,33.300236],[113.054783,33.300298],[113.053978,33.30031],[113.053924,33.300653],[113.053935,33.301105],[113.053876,33.301475],[113.053804,33.301675],[113.05411,33.301892],[113.054343,33.301942],[113.054946,33.30222],[113.054973,33.302567],[113.054922,33.303585],[113.054952,33.303892],[113.054879,33.304004],[113.054726,33.304049],[113.054037,33.304071],[113.053444,33.30406],[113.05254,33.303905],[113.053364,33.304398],[113.053552,33.304907],[113.05356,33.30508],[113.053318,33.305353],[113.052996,33.305409],[113.052543,33.305398],[113.052597,33.305777],[113.051293,33.305932],[113.05139,33.306835],[113.052602,33.306716],[113.05265,33.307026],[113.05246,33.307127],[113.052369,33.307214],[113.052366,33.30729],[113.052449,33.307387],[113.052463,33.307501],[113.052438,33.307801],[113.05007,33.307947],[113.05014,33.30877],[113.0479,33.30879],[113.047922,33.309005],[113.050175,33.309081],[113.052535,33.308927],[113.052597,33.309126],[113.052583,33.309657],[113.052645,33.309785],[113.052642,33.309915],[113.05253,33.30996],[113.05246,33.31005],[113.050298,33.310076],[113.050349,33.311625],[113.050435,33.31208],[113.050462,33.312603],[113.049037,33.312603],[113.049072,33.312854],[113.050475,33.312811],[113.050569,33.314022],[113.047501,33.31412],[113.047932,33.315996],[113.046725,33.316229],[113.046991,33.317135],[113.046044,33.317162],[113.046162,33.317274],[113.046481,33.317792],[113.046741,33.318563],[113.047184,33.32032],[113.047924,33.320223],[113.047954,33.320407],[113.048131,33.32064],[113.047927,33.320806],[113.044682,33.321165],[113.044824,33.321725],[113.04562,33.321626],[113.045677,33.321949],[113.045583,33.322489],[113.046994,33.322583],[113.04878,33.322503],[113.048812,33.322765],[113.049244,33.323567],[113.048445,33.323718],[113.049214,33.328352],[113.050309,33.328245],[113.050478,33.329488],[113.050438,33.329804],[113.050531,33.330553],[113.048434,33.33075],[113.048225,33.330844],[113.048244,33.331548],[113.048388,33.331906],[113.048791,33.331954],[113.049209,33.331909],[113.049547,33.332447],[113.049762,33.333049],[113.049898,33.333865],[113.049078,33.333923],[113.049083,33.334573],[113.049129,33.334887],[113.049788,33.335028],[113.049901,33.33678],[113.050159,33.338264],[113.050188,33.338667],[113.050175,33.338992],[113.050384,33.340305],[113.050607,33.342019],[113.050776,33.342105],[113.050695,33.342434],[113.050735,33.343678],[113.050845,33.344612],[113.05091,33.345683],[113.05103,33.34627],[113.051178,33.346673],[113.051347,33.347016],[113.0518,33.347803],[113.052063,33.348327],[113.052731,33.349246],[113.05294,33.349761],[113.053613,33.350839],[113.053825,33.35111],[113.054485,33.351795],[113.054823,33.352311],[113.055437,33.353491],[113.055689,33.354054],[113.055907,33.354766],[113.055976,33.355145],[113.056113,33.355532],[113.056172,33.355909],[113.056046,33.357116],[113.055909,33.357607],[113.055695,33.358747],[113.05585,33.358669],[113.056411,33.357943],[113.057698,33.35687],[113.05794,33.35644],[113.058251,33.356175],[113.057814,33.355387],[113.059064,33.355308],[113.059096,33.355503],[113.059959,33.355414],[113.060024,33.355523],[113.061451,33.355391],[113.061461,33.354912],[113.061545,33.354941],[113.062258,33.354912],[113.062805,33.354959],[113.063661,33.354665],[113.063698,33.356177],[113.062719,33.35667],[113.062735,33.35685],[113.062827,33.357118],[113.063006,33.357947],[113.063736,33.358281],[113.064683,33.358507],[113.065013,33.358734],[113.065447,33.359124],[113.065925,33.359415],[113.066944,33.359641],[113.067553,33.359672],[113.068121,33.359641],[113.068776,33.359448],[113.069811,33.359592],[113.069921,33.359753],[113.070079,33.359816],[113.070474,33.359769],[113.070645,33.359814],[113.071536,33.360217],[113.071944,33.360351],[113.072375,33.360624],[113.072681,33.360898],[113.072861,33.361111],[113.07326,33.361431],[113.073421,33.361671],[113.073738,33.362484],[113.074317,33.362943],[113.074599,33.363013],[113.074411,33.36319],[113.075892,33.364025],[113.076372,33.364258],[113.077104,33.364749],[113.077721,33.36521],[113.077587,33.36564],[113.077378,33.366093],[113.077166,33.366872],[113.076914,33.367291],[113.076721,33.367435],[113.076527,33.367477],[113.075854,33.368203],[113.075071,33.369177],[113.07358,33.370503],[113.072491,33.371677],[113.071984,33.372058],[113.06928,33.373608],[113.06843,33.374197],[113.06688,33.375059],[113.066008,33.375357],[113.064962,33.37564],[113.06471,33.37574],[113.064254,33.375996],[113.063996,33.376291],[113.063736,33.376515],[113.063465,33.376618],[113.063028,33.376715],[113.062757,33.376726],[113.062368,33.37656],[113.062022,33.376493],[113.061872,33.376504],[113.061284,33.376665],[113.060737,33.377241],[113.058873,33.378486],[113.05839,33.378722],[113.058313,33.378948],[113.057379,33.379682],[113.056955,33.379906],[113.055145,33.380435],[113.054662,33.380646],[113.0546,33.380845],[113.054582,33.381111],[113.05449,33.381185],[113.054083,33.38127],[113.052798,33.381929],[113.052768,33.382005],[113.052811,33.382245],[113.052927,33.382572],[113.053061,33.382838],[113.053104,33.383015],[113.05301,33.383141],[113.052803,33.383282],[113.051881,33.383842],[113.051049,33.38429],[113.050808,33.384325],[113.050644,33.384263],[113.050467,33.384021],[113.050271,33.383918],[113.049866,33.383826],[113.049341,33.383824],[113.049292,33.384238],[113.049137,33.384527],[113.048667,33.384928],[113.048472,33.384964],[113.047691,33.384818],[113.047315,33.384702],[113.047063,33.384525],[113.04675,33.384395],[113.046312,33.384393],[113.046087,33.384352],[113.045631,33.384007],[113.045344,33.383929],[113.04506,33.38394],[113.044802,33.384014],[113.044486,33.384225],[113.044258,33.384274],[113.043914,33.384195],[113.042547,33.38411],[113.042396,33.384133],[113.04168,33.383548],[113.041216,33.383304],[113.040991,33.383277],[113.040677,33.383302],[113.039695,33.383723],[113.039121,33.383819],[113.038,33.383797],[113.037818,33.383864],[113.037485,33.383848],[113.037016,33.38411],[113.035879,33.385058],[113.0355,33.385396],[113.035192,33.385911],[113.03495,33.386086],[113.034663,33.386133],[113.033808,33.386139],[113.033145,33.386083],[113.031643,33.386034],[113.030916,33.385958],[113.030348,33.387038],[113.030222,33.387479],[113.030082,33.38783],[113.029806,33.388345],[113.029337,33.388796],[113.028835,33.389194],[113.028637,33.389394],[113.028604,33.389595],[113.028607,33.390124],[113.028516,33.390323],[113.028395,33.390374],[113.028095,33.390372],[113.027703,33.390444],[113.027459,33.390542],[113.027081,33.390919],[113.026654,33.391268],[113.026351,33.391579],[113.026137,33.391868],[113.025863,33.392081],[113.025292,33.392303],[113.025018,33.392338],[113.02475,33.392235],[113.02457,33.392247],[113.023798,33.392656],[113.023691,33.392782],[113.023674,33.393035],[113.023701,33.393122],[113.023613,33.393185],[113.022867,33.3934],[113.022336,33.393687],[113.021958,33.394099],[113.021743,33.394262],[113.021682,33.394437],[113.021663,33.394759],[113.021719,33.39527],[113.021805,33.395635],[113.022189,33.396331],[113.022215,33.396508],[113.022612,33.396573],[113.022953,33.396564],[113.023471,33.396499],[113.024541,33.396213],[113.024715,33.396215],[113.025252,33.396425],[113.025997,33.396835],[113.026571,33.397106],[113.026767,33.397265],[113.026866,33.39791],[113.027153,33.398463],[113.027548,33.398871],[113.027687,33.399128],[113.028038,33.400075],[113.02813,33.400548],[113.028333,33.400982],[113.028511,33.401031],[113.029168,33.401087],[113.029672,33.40111],[113.02994,33.401054],[113.03023,33.401087],[113.03181,33.401423],[113.032394,33.401703],[113.032789,33.402032],[113.033266,33.402371],[113.034028,33.402514],[113.034841,33.402957],[113.035715,33.403486],[113.037501,33.404247],[113.037756,33.404487],[113.037861,33.404684],[113.038116,33.404744],[113.039639,33.404717],[113.040149,33.404484],[113.041181,33.403727],[113.041645,33.403506],[113.042369,33.403369],[113.04296,33.403441],[113.043826,33.403439],[113.044703,33.40368],[113.044893,33.403786],[113.045317,33.404233],[113.046186,33.404419],[113.046342,33.40452],[113.046763,33.405078],[113.047611,33.406363],[113.048598,33.407041],[113.048745,33.407225],[113.048742,33.407308],[113.048643,33.40748],[113.04856,33.407753],[113.048501,33.408615],[113.048193,33.40963],[113.048182,33.410518],[113.048128,33.410942],[113.048233,33.412238],[113.046036,33.410339],[113.045685,33.410899],[113.045572,33.411166],[113.045644,33.41177],[113.04573,33.412036],[113.046227,33.412845],[113.046524,33.413467],[113.046752,33.413436],[113.047581,33.413684],[113.048313,33.413854],[113.048737,33.413863],[113.050628,33.413615],[113.050977,33.413617],[113.051529,33.413704],[113.051696,33.413763],[113.052559,33.413604],[113.052707,33.41364],[113.052825,33.413747],[113.053023,33.413765],[113.05331,33.413709],[113.053654,33.412905],[113.054018,33.413169],[113.054096,33.413322],[113.054203,33.413745],[113.054413,33.41413],[113.054488,33.414374],[113.054485,33.414743],[113.054743,33.415601],[113.054818,33.416436],[113.054788,33.41664],[113.054726,33.416727],[113.054734,33.417439],[113.054785,33.417889],[113.054971,33.41856],[113.055048,33.418782],[113.055335,33.419225],[113.056175,33.420148],[113.05622,33.420246],[113.055963,33.420264],[113.054635,33.420175],[113.055008,33.420553],[113.055236,33.421189],[113.0561,33.421245],[113.056762,33.421227],[113.056896,33.421178],[113.056961,33.421234],[113.057076,33.421807],[113.057111,33.422355],[113.057261,33.42313],[113.057296,33.423152],[113.057795,33.422953],[113.058734,33.422899],[113.058865,33.422841],[113.05941,33.422751],[113.060847,33.422395],[113.061469,33.422297],[113.063739,33.421802],[113.064184,33.421498],[113.064575,33.421457],[113.067907,33.421699],[113.070868,33.421869],[113.070876,33.422805],[113.070809,33.423774],[113.07086,33.424052],[113.070994,33.424435],[113.07115,33.424748],[113.071361,33.425015],[113.071485,33.425097],[113.071906,33.425588],[113.072104,33.425892],[113.072273,33.426253],[113.072397,33.42642],[113.072512,33.426503],[113.073027,33.426644],[113.073287,33.426602],[113.074052,33.426745],[113.074465,33.42679],[113.075001,33.426615],[113.075111,33.426548],[113.075243,33.426373],[113.075337,33.426333],[113.075744,33.426311],[113.075827,33.426373],[113.075892,33.426492],[113.075902,33.426846],[113.076192,33.427605],[113.076289,33.428471],[113.076291,33.428728],[113.076246,33.428847],[113.076385,33.428981],[113.076425,33.429664],[113.07635,33.43013],[113.076332,33.430544],[113.076232,33.430772],[113.075927,33.431146],[113.075444,33.431457],[113.075607,33.432276],[113.075656,33.432305],[113.075768,33.432294],[113.077042,33.431791],[113.077316,33.431506],[113.077592,33.431153],[113.077724,33.430902],[113.077928,33.430698],[113.078011,33.430671],[113.078316,33.430877],[113.078343,33.431589],[113.078397,33.43199],[113.078518,33.432319],[113.078711,33.432536],[113.078815,33.432536],[113.079038,33.432672],[113.079376,33.432791],[113.079703,33.432818],[113.079859,33.432426],[113.080119,33.43192],[113.080586,33.431943],[113.080478,33.432176],[113.080248,33.432892],[113.080293,33.433203],[113.080535,33.433449],[113.080722,33.43374],[113.080854,33.434123],[113.080843,33.434371],[113.080795,33.434584],[113.080615,33.435132],[113.080623,33.435408],[113.080661,33.435578],[113.080924,33.435873],[113.081074,33.435842],[113.081535,33.435276],[113.081688,33.435186],[113.082109,33.43513],[113.082372,33.435155],[113.082782,33.434741],[113.082879,33.434741],[113.083061,33.434826],[113.083354,33.435083],[113.08338,33.435155],[113.082782,33.435341],[113.082675,33.435408],[113.082857,33.43618],[113.08282,33.436274],[113.082176,33.4365],[113.082192,33.436565],[113.082283,33.43674],[113.082334,33.436757],[113.083246,33.436498],[113.083726,33.43718],[113.083603,33.437299],[113.083729,33.437391],[113.08352,33.437651],[113.083195,33.437921],[113.083246,33.438029],[113.083633,33.438508],[113.083909,33.439358],[113.084105,33.439831],[113.084319,33.440171],[113.084437,33.440518],[113.08466,33.441505],[113.084789,33.44165],[113.085076,33.441867],[113.085631,33.442127],[113.086114,33.442113],[113.086918,33.442006],[113.08783,33.441444],[113.088005,33.441375],[113.088313,33.441319],[113.087927,33.440757],[113.087997,33.440721],[113.088109,33.440811],[113.088225,33.440804],[113.088681,33.440365],[113.088699,33.440283],[113.08863,33.440104],[113.088823,33.439667],[113.089155,33.439734],[113.089681,33.43973],[113.09003,33.43984],[113.090488,33.440108],[113.090778,33.439978],[113.090757,33.43977],[113.090778,33.439486],[113.090724,33.439193],[113.090824,33.43919],[113.090754,33.43887],[113.090692,33.438727],[113.090936,33.438669],[113.091778,33.43857],[113.091668,33.438009],[113.091609,33.437449],[113.091942,33.437534],[113.092806,33.437657],[113.093769,33.437677],[113.093758,33.437984],[113.093857,33.43857],[113.094082,33.438508],[113.094399,33.438479],[113.094487,33.438729],[113.094828,33.438732],[113.094946,33.438483],[113.095008,33.438078],[113.09508,33.43791],[113.09555,33.437881],[113.096207,33.437917],[113.096223,33.437702],[113.096105,33.437133],[113.095284,33.437138],[113.095217,33.4371],[113.095134,33.436444],[113.095201,33.436305],[113.095072,33.436075],[113.094903,33.435654],[113.094917,33.435502],[113.095308,33.435515],[113.095271,33.435139],[113.095587,33.43505],[113.095694,33.434971],[113.096035,33.434989],[113.096609,33.435123],[113.097285,33.435099],[113.097441,33.435045],[113.097706,33.434712],[113.097652,33.434665],[113.097175,33.434678],[113.097108,33.434609],[113.097041,33.434418],[113.09647,33.434405],[113.096032,33.434336],[113.096572,33.433968],[113.096593,33.433906],[113.097532,33.432963],[113.097481,33.432395],[113.097768,33.432252],[113.098066,33.432046],[113.099594,33.431242],[113.100158,33.430897],[113.100445,33.430667],[113.100592,33.43066],[113.100914,33.430848],[113.101131,33.430929],[113.101362,33.430969],[113.101526,33.430944],[113.101649,33.430879],[113.101772,33.430779],[113.102067,33.430407],[113.102129,33.430277],[113.102097,33.430062],[113.101941,33.429615],[113.101936,33.429516],[113.102092,33.429333],[113.103009,33.428661],[113.103162,33.428536],[113.103282,33.428377],[113.103661,33.428205],[113.104114,33.428316],[113.104355,33.428281],[113.104565,33.428173],[113.104857,33.427815],[113.104953,33.42756],[113.105243,33.427334],[113.106013,33.42687],[113.106667,33.426385],[113.107477,33.425879],[113.108556,33.424943],[113.110492,33.423584],[113.111501,33.42377],[113.112271,33.423848],[113.112485,33.423795],[113.112697,33.423703],[113.113773,33.422657],[113.113995,33.422501],[113.1141,33.422344],[113.11433,33.422167],[113.115234,33.421708],[113.11594,33.421433],[113.116634,33.421281],[113.117246,33.421276],[113.117576,33.421319],[113.118273,33.421482],[113.118582,33.421495],[113.119175,33.421242],[113.119596,33.421115],[113.119684,33.421133],[113.121454,33.422966],[113.121535,33.423159],[113.121108,33.423405],[113.119223,33.424276],[113.118727,33.424419],[113.118469,33.424421],[113.11815,33.424323],[113.118056,33.424672],[113.1179,33.424909],[113.117343,33.425209],[113.116852,33.425695],[113.116288,33.426167],[113.115782,33.426653],[113.115535,33.427036],[113.115511,33.427155],[113.115524,33.427184],[113.115631,33.427173],[113.116329,33.426924],[113.116634,33.426888],[113.117029,33.426913],[113.117935,33.427148],[113.118839,33.427486],[113.119024,33.427965],[113.11918,33.428173],[113.119593,33.42846],[113.120001,33.428616],[113.120073,33.42869],[113.120186,33.429026],[113.120548,33.431278],[113.121489,33.429926],[113.121728,33.429505],[113.121803,33.428816],[113.122069,33.428133],[113.12242,33.427887],[113.123034,33.427571],[113.123522,33.427378],[113.124037,33.427387],[113.124434,33.427511],[113.124745,33.427571],[113.125059,33.427591],[113.125494,33.427573],[113.125926,33.427511],[113.126623,33.427363],[113.127387,33.427426],[113.127567,33.427079],[113.127581,33.426734],[113.127876,33.426474],[113.129136,33.4261],[113.129493,33.425932],[113.130088,33.425581],[113.130408,33.425503],[113.130754,33.425301],[113.130955,33.425026],[113.131478,33.424782],[113.131832,33.425046],[113.13206,33.425261],[113.132293,33.425588],[113.13243,33.42587],[113.132599,33.426123],[113.132881,33.426362],[113.133256,33.426559],[113.133677,33.426655],[113.134173,33.426689],[113.134519,33.426799],[113.134812,33.42702],[113.135166,33.427193],[113.135458,33.427396],[113.135649,33.427701],[113.136032,33.42803],[113.136373,33.428406],[113.13662,33.428898],[113.136714,33.429257],[113.136652,33.429563],[113.136359,33.430159],[113.136762,33.430322],[113.137169,33.430295],[113.137617,33.430228],[113.13846,33.429953],[113.139173,33.429904],[113.139522,33.429841],[113.139951,33.429883],[113.140592,33.430062],[113.141002,33.4303],[113.141461,33.430962],[113.141783,33.431108],[113.142526,33.431298],[113.143156,33.431627],[113.143553,33.431582],[113.144122,33.431634],[113.144551,33.431885],[113.144594,33.432276],[113.144779,33.432583],[113.144886,33.432984],[113.145071,33.433438],[113.145374,33.433709],[113.14572,33.433919],[113.14597,33.434179],[113.146257,33.434387],[113.147147,33.434871],[113.147568,33.435021],[113.148732,33.435139],[113.149164,33.43509],[113.149634,33.434909],[113.150296,33.434383],[113.150559,33.434087],[113.151627,33.433395],[113.152557,33.433306],[113.153834,33.433389],[113.154558,33.433624],[113.154864,33.433901],[113.155336,33.434177],[113.155974,33.434273],[113.15918,33.434459],[113.16022,33.434403],[113.160832,33.434618],[113.162237,33.435231],[113.163603,33.436106],[113.164431,33.436954],[113.165376,33.437163],[113.167039,33.437355],[113.16964,33.437382],[113.170485,33.437176],[113.172403,33.436802],[113.173516,33.436516],[113.174632,33.436346],[113.177566,33.435385],[113.178937,33.434721],[113.179559,33.434483],[113.180273,33.43432],[113.181345,33.434186],[113.182456,33.433863],[113.183338,33.433245],[113.184221,33.432527],[113.184578,33.43203],[113.184873,33.43109],[113.185122,33.430463],[113.185852,33.429915],[113.186729,33.429008],[113.187512,33.428547],[113.189282,33.427179],[113.190057,33.426452],[113.190607,33.425151],[113.190272,33.42452],[113.190765,33.422924],[113.191208,33.421625],[113.19198,33.420676],[113.194153,33.418543],[113.19587,33.417264],[113.198656,33.416322],[113.200336,33.415666],[113.200486,33.415308],[113.200765,33.413834],[113.201371,33.412576],[113.201542,33.41106],[113.201443,33.409195],[113.20154,33.408837],[113.202015,33.408761],[113.20231,33.406775],[113.204437,33.404572],[113.204678,33.404289],[113.20497,33.403857],[113.205311,33.403671],[113.205673,33.403649],[113.206006,33.403512],[113.206438,33.403607],[113.206907,33.403557],[113.207253,33.403262],[113.207663,33.40315],[113.208471,33.402841],[113.208768,33.402912],[113.208857,33.400512],[113.210901,33.399675],[113.211156,33.399269],[113.211094,33.398868],[113.211405,33.398685],[113.211872,33.398232],[113.212177,33.397782],[113.212118,33.397471],[113.212215,33.397158],[113.212422,33.396931],[113.212872,33.395857],[113.213132,33.395718],[113.213417,33.396423],[113.213806,33.397173],[113.214967,33.397016],[113.215447,33.396752],[113.215318,33.396428],[113.215326,33.396101],[113.215705,33.395912],[113.21649,33.395792],[113.217005,33.395751],[113.217357,33.395765],[113.217751,33.395606],[113.218137,33.395377],[113.218518,33.39525],[113.218921,33.394988],[113.219269,33.394822],[113.219505,33.395066],[113.219564,33.3955],[113.219926,33.395624],[113.220264,33.395543],[113.220693,33.395581],[113.221098,33.39538],[113.221195,33.394856],[113.221592,33.394869],[113.221844,33.395133],[113.222161,33.395371],[113.222917,33.394753],[113.223311,33.394723],[113.223698,33.394871],[113.223521,33.391588],[113.224749,33.391008],[113.224685,33.389544],[113.225055,33.389447],[113.224741,33.387584],[113.225269,33.38753],[113.225146,33.386823],[113.224891,33.386464],[113.224406,33.386666],[113.223751,33.386838],[113.222627,33.386681],[113.22223,33.386737],[113.221734,33.386758],[113.221605,33.385109],[113.219334,33.385374],[113.218939,33.384402],[113.218819,33.383815],[113.219717,33.383745],[113.219588,33.382879],[113.219959,33.382782],[113.219806,33.38203],[113.218658,33.378489],[113.219849,33.378679],[113.219873,33.377414],[113.220578,33.377241],[113.220964,33.378585],[113.222697,33.378018],[113.222346,33.376209],[113.223153,33.37566],[113.222882,33.375346],[113.222638,33.374959],[113.222936,33.37454],[113.22233,33.373937],[113.222802,33.373749],[113.222525,33.373355],[113.222997,33.373214],[113.221579,33.37155],[113.222045,33.371142],[113.222375,33.371581],[113.222901,33.371438],[113.222461,33.370779],[113.224186,33.369946],[113.223909,33.369507],[113.226522,33.367992],[113.226382,33.366749],[113.228252,33.366686],[113.227056,33.364699],[113.223341,33.358899],[113.223488,33.358855],[113.223837,33.358669],[113.223724,33.358546],[113.223266,33.357813],[113.223099,33.357425],[113.223024,33.357036],[113.223191,33.354912],[113.223145,33.354661],[113.223048,33.354466],[113.223022,33.354336],[113.223043,33.35419],[113.223166,33.353845],[113.2237,33.35281],[113.223778,33.352606],[113.22377,33.352393],[113.223325,33.352073],[113.223091,33.351981],[113.223116,33.35195],[113.222558,33.35156],[113.222348,33.351502],[113.221922,33.351558],[113.220951,33.351883],[113.220415,33.351988],[113.219149,33.352042],[113.218497,33.352019],[113.219741,33.349734],[113.220109,33.349172],[113.220109,33.348986],[113.220664,33.347449],[113.221123,33.345493],[113.222067,33.343619],[113.223172,33.340104],[113.223378,33.339691],[113.223571,33.338551],[113.224387,33.336467],[113.223368,33.336386],[113.222839,33.336296],[113.223027,33.335373],[113.222225,33.33516],[113.221833,33.335118],[113.222088,33.333464],[113.222716,33.3335],[113.224204,33.333744],[113.224357,33.333267],[113.22454,33.333262],[113.226916,33.331348],[113.226828,33.330941],[113.226763,33.330102],[113.226825,33.329466],[113.22712,33.32883],[113.227265,33.328298],[113.227324,33.327787],[113.227614,33.326167],[113.227675,33.325495],[113.227141,33.324982],[113.226568,33.324155],[113.22646,33.323921],[113.226447,33.323758],[113.226476,33.323644],[113.226586,33.323516],[113.226616,33.323399],[113.226605,33.323168],[113.226771,33.322505],[113.22661,33.322368],[113.226447,33.322308],[113.226254,33.322292],[113.225492,33.322328],[113.225127,33.322283],[113.224116,33.322344],[113.223352,33.32229],[113.223373,33.321644],[113.223335,33.320495],[113.220455,33.32066],[113.220449,33.320788],[113.218918,33.32064],[113.218947,33.320779],[113.218923,33.32121],[113.216059,33.320808],[113.216048,33.320365],[113.213414,33.320244],[113.213468,33.317987],[113.213398,33.317617],[113.213146,33.317704],[113.212759,33.317666],[113.212454,33.317733],[113.212304,33.317803],[113.212,33.317673],[113.211861,33.317673],[113.211791,33.317765],[113.211748,33.317892],[113.211748,33.31802],[113.211566,33.318238],[113.211536,33.318343],[113.211606,33.318551],[113.211496,33.318948],[113.211528,33.319508],[113.210598,33.319417],[113.209302,33.319215],[113.208642,33.319665],[113.207449,33.319569],[113.204474,33.319231],[113.204431,33.319831],[113.203085,33.319715],[113.203061,33.32058],[113.201146,33.32043],[113.199855,33.320421],[113.199904,33.319152],[113.19989,33.318596],[113.199751,33.317635],[113.199869,33.316893],[113.199871,33.316429],[113.200062,33.315348],[113.198592,33.315582],[113.198734,33.315927],[113.1962,33.316297],[113.196873,33.315691],[113.196047,33.315754],[113.194805,33.315761],[113.195253,33.315306],[113.19617,33.314127],[113.197087,33.31332],[113.197675,33.312849],[113.198512,33.311856],[113.199161,33.311504],[113.199507,33.311186],[113.199893,33.310594],[113.20004,33.310072],[113.200046,33.309579],[113.199735,33.308173],[113.199424,33.307508],[113.199365,33.306965],[113.199858,33.305909],[113.198807,33.305705],[113.198549,33.305551],[113.198386,33.305412],[113.198176,33.305118],[113.197144,33.303982],[113.196575,33.303484],[113.196503,33.303204],[113.196532,33.303089],[113.196763,33.30271],[113.196717,33.302634],[113.196613,33.302594],[113.196371,33.30258],[113.19566,33.302562],[113.195086,33.302585],[113.19474,33.302545],[113.194633,33.302417],[113.194681,33.302316],[113.194864,33.302228],[113.194864,33.302114],[113.194563,33.301984],[113.193992,33.301525],[113.193571,33.301495],[113.193343,33.30143],[113.193284,33.301343],[113.193332,33.301038],[113.193319,33.300924],[113.193214,33.300821],[113.192565,33.300653],[113.192444,33.300587],[113.192066,33.300256],[113.19212,33.300157],[113.192077,33.299747],[113.191959,33.299554],[113.191752,33.29939],[113.191441,33.299213],[113.191624,33.29898],[113.192053,33.299247],[113.192273,33.298841],[113.192069,33.298619],[113.19164,33.298402],[113.191667,33.297276],[113.192112,33.2974],[113.192123,33.296308],[113.192874,33.296077],[113.192847,33.294371],[113.192428,33.294371],[113.192412,33.294631],[113.189915,33.294606],[113.189829,33.294277],[113.1898,33.293972],[113.189762,33.293109],[113.189816,33.292436],[113.189387,33.29236],[113.189317,33.292624],[113.188115,33.292528],[113.18808,33.293014],[113.187646,33.293039],[113.187633,33.291844],[113.185892,33.291826],[113.185911,33.292032],[113.18586,33.293115],[113.184521,33.293106],[113.184371,33.293077],[113.183132,33.293052],[113.180914,33.292871],[113.18094,33.293274],[113.180291,33.293257],[113.180321,33.292541],[113.179715,33.29266],[113.179602,33.293458],[113.17666,33.293194],[113.176638,33.293602],[113.17637,33.293591],[113.1763,33.294391],[113.174616,33.293779],[113.17464,33.293169],[113.174509,33.293248],[113.173653,33.293203],[113.172902,33.29364],[113.172907,33.292902],[113.171204,33.292965],[113.171191,33.292768],[113.170166,33.292768],[113.170348,33.292259],[113.1692,33.292227],[113.169144,33.292878],[113.168031,33.292822],[113.16802,33.29329],[113.166261,33.293158],[113.166086,33.295294],[113.165051,33.294969],[113.164944,33.296021],[113.16393,33.295839],[113.163769,33.298269],[113.163088,33.298166],[113.163013,33.298668],[113.161199,33.298359],[113.161382,33.299204],[113.16143,33.299594],[113.161417,33.299958],[113.160639,33.303724],[113.159105,33.303387],[113.159097,33.303688],[113.158241,33.303542],[113.158262,33.303739],[113.158244,33.304876],[113.157527,33.304741],[113.157535,33.304038],[113.157476,33.303603],[113.157385,33.302177],[113.15727,33.301706],[113.157106,33.301484],[113.154923,33.301267],[113.155358,33.300052],[113.154432,33.299875],[113.153695,33.302675],[113.1526,33.302713],[113.151946,33.30267],[113.151031,33.302551],[113.151034,33.302659],[113.150725,33.302648],[113.150613,33.302722],[113.150441,33.302986],[113.150224,33.303432],[113.14799,33.303018],[113.148094,33.302134],[113.145683,33.301798],[113.145691,33.301681],[113.143387,33.301361],[113.142445,33.300953],[113.142309,33.301395],[113.139637,33.301081],[113.139404,33.301713],[113.137462,33.301372],[113.137325,33.301782],[113.135871,33.301489],[113.135858,33.301664],[113.137245,33.302022],[113.137153,33.302347],[113.137027,33.302554],[113.137003,33.303027],[113.134933,33.302746],[113.134903,33.30297],[113.132486,33.302899],[113.132642,33.298337],[113.132618,33.297624],[113.132521,33.296736],[113.132521,33.294682],[113.132435,33.292786],[113.13269,33.290701],[113.132744,33.289775],[113.132827,33.28936]]]}},{"type":"Feature","properties":{"regionCode":"411322102","sourceCode":"411322102000","name":"博望镇","sourceName":"博望镇","parentCode":"411322","parentName":"方城县","regionLevel":"township","regionType":"town","isManagementZone":false,"source":"ruiduobao","sourceVersion":"mixed-legacy~2018-2020","geometryRepaired":false,"match2020":true,"match2023":true},"geometry":{"type":"Polygon","coordinates":[[[112.787329,33.127237],[112.787624,33.127172],[112.788109,33.128223],[112.78878,33.128091],[112.789606,33.13004],[112.790145,33.129861],[112.789791,33.128616],[112.789614,33.128657],[112.789405,33.128012],[112.7893,33.127605],[112.789652,33.127518],[112.789343,33.126808],[112.790022,33.126637],[112.790473,33.128261],[112.790092,33.128351],[112.790239,33.128861],[112.790577,33.129793],[112.792339,33.129656],[112.792752,33.128807],[112.794783,33.128464],[112.795697,33.128248],[112.795765,33.128369],[112.795909,33.128812],[112.796108,33.129573],[112.796245,33.130193],[112.796277,33.130575],[112.796344,33.130898],[112.796953,33.130813],[112.797572,33.130586],[112.797658,33.130481],[112.797414,33.129719],[112.797414,33.129461],[112.797468,33.129238],[112.797551,33.129108],[112.797875,33.128845],[112.798541,33.128702],[112.798358,33.127763],[112.798318,33.127365],[112.798337,33.126956],[112.798299,33.126505],[112.798221,33.126244],[112.798192,33.126015],[112.798527,33.126006],[112.799571,33.126121],[112.799259,33.125272],[112.799308,33.125063],[112.798524,33.12208],[112.799911,33.121684],[112.799729,33.121192],[112.79772,33.121722],[112.797639,33.121226],[112.797358,33.120536],[112.797132,33.120085],[112.798474,33.119689],[112.796907,33.11902],[112.79585,33.118607],[112.795842,33.118658],[112.796636,33.119078],[112.796963,33.119433],[112.796231,33.120986],[112.794614,33.119615],[112.794161,33.119409],[112.793275,33.120038],[112.792653,33.120327],[112.792321,33.120541],[112.791714,33.121001],[112.791258,33.120565],[112.790505,33.12053],[112.790204,33.120244],[112.790017,33.1205],[112.788938,33.120485],[112.788694,33.120287],[112.788498,33.119887],[112.788101,33.119692],[112.787659,33.119784],[112.786779,33.120229],[112.786404,33.120233],[112.786023,33.120008],[112.785639,33.119698],[112.785296,33.119615],[112.784851,33.119593],[112.784,33.119692],[112.782461,33.119714],[112.781938,33.119204],[112.780897,33.117665],[112.781297,33.117126],[112.781307,33.116738],[112.781026,33.116412],[112.781224,33.116021],[112.781216,33.11559],[112.780827,33.115019],[112.78006,33.114197],[112.779948,33.113736],[112.782104,33.112152],[112.782474,33.111523],[112.776914,33.108576],[112.763661,33.101691],[112.763138,33.102046],[112.762594,33.102361],[112.760998,33.102902],[112.759946,33.103406],[112.759407,33.103729],[112.759351,33.104057],[112.759592,33.104743],[112.759514,33.105376],[112.75599,33.10667],[112.752471,33.108176],[112.751334,33.108838],[112.750559,33.109389],[112.749381,33.109728],[112.746908,33.11051],[112.745792,33.11095],[112.743389,33.112354],[112.74271,33.11244],[112.742085,33.112399],[112.741031,33.112163],[112.739041,33.112741],[112.736531,33.11315],[112.734913,33.113795],[112.733384,33.114313],[112.731791,33.114785],[112.730893,33.115151],[112.730598,33.115228],[112.730356,33.114961],[112.72971,33.114381],[112.729264,33.114114],[112.728961,33.113797],[112.728645,33.113561],[112.727821,33.113062],[112.727669,33.112802],[112.727805,33.11246],[112.727754,33.112051],[112.726985,33.111263],[112.726759,33.110878],[112.726609,33.110496],[112.726513,33.109928],[112.726121,33.110261],[112.725424,33.110667],[112.725338,33.11109],[112.724949,33.11111],[112.724627,33.111242],[112.724313,33.111577],[112.724227,33.111914],[112.724045,33.112314],[112.723492,33.11297],[112.722969,33.113435],[112.722656,33.113889],[112.722664,33.114336],[112.722444,33.114749],[112.72155,33.115756],[112.720883,33.116286],[112.720394,33.116859],[112.719898,33.117119],[112.719461,33.117137],[112.719061,33.117221],[112.718715,33.117481],[112.718817,33.117856],[112.718839,33.11824],[112.718554,33.118955],[112.718222,33.119137],[112.717951,33.119348],[112.717659,33.11988],[112.717377,33.120222],[112.717447,33.120682],[112.717444,33.121033],[112.716688,33.121379],[112.716618,33.121738],[112.716881,33.122044],[112.717085,33.122399],[112.717396,33.12258],[112.71775,33.122711],[112.718018,33.122987],[112.717836,33.123358],[112.717224,33.123993],[112.717221,33.124339],[112.719391,33.126154],[112.719681,33.126586],[112.719316,33.126828],[112.717699,33.127599],[112.717283,33.1281],[112.717447,33.128531],[112.717967,33.129443],[112.71823,33.130112],[112.718423,33.130469],[112.718772,33.130993],[112.719179,33.131932],[112.719955,33.132745],[112.721001,33.133996],[112.721609,33.134777],[112.722342,33.136069],[112.719528,33.137551],[112.717707,33.138571],[112.716387,33.139386],[112.716092,33.13944],[112.715824,33.139321],[112.715338,33.138802],[112.714976,33.13836],[112.714606,33.137641],[112.7143,33.137221],[112.713941,33.137053],[112.713351,33.137084],[112.712793,33.137342],[112.712259,33.137423],[112.711932,33.137378],[112.710521,33.135896],[112.709934,33.135341],[112.709676,33.134973],[112.709481,33.134566],[112.709255,33.134202],[112.708941,33.133749],[112.708397,33.133836],[112.705634,33.13502],[112.702611,33.136558],[112.701498,33.137297],[112.701034,33.137902],[112.700361,33.138335],[112.699656,33.138544],[112.698921,33.138854],[112.697405,33.140246],[112.696029,33.141138],[112.694685,33.142178],[112.693867,33.142737],[112.692666,33.143426],[112.692253,33.143557],[112.69056,33.14348],[112.690209,33.143611],[112.689887,33.143889],[112.688726,33.145102],[112.687964,33.145567],[112.68736,33.145825],[112.686357,33.145192],[112.685475,33.144475],[112.685118,33.144478],[112.684769,33.144401],[112.684394,33.144221],[112.684083,33.143936],[112.6843,33.143532],[112.684182,33.142894],[112.684555,33.14249],[112.684877,33.142286],[112.685201,33.142256],[112.685826,33.142373],[112.686553,33.142364],[112.687572,33.142124],[112.687924,33.141922],[112.688036,33.141569],[112.688023,33.140972],[112.687588,33.13993],[112.687334,33.13906],[112.687427,33.138548],[112.687824,33.138355],[112.688626,33.138371],[112.689098,33.138337],[112.689511,33.138209],[112.689742,33.137906],[112.689793,33.137482],[112.689638,33.137084],[112.689216,33.136666],[112.688645,33.136275],[112.687776,33.135788],[112.686719,33.134804],[112.686113,33.134041],[112.685896,33.133618],[112.685703,33.132848],[112.685357,33.131806],[112.685083,33.13141],[112.684783,33.131141],[112.684163,33.131224],[112.681918,33.131752],[112.67985,33.132055],[112.679501,33.13241],[112.679,33.134086],[112.678619,33.134265],[112.678292,33.13427],[112.677782,33.133978],[112.677246,33.133886],[112.676243,33.134074],[112.672477,33.135595],[112.672246,33.135873],[112.672021,33.136424],[112.671817,33.136678],[112.671318,33.136882],[112.670875,33.136963],[112.670369,33.136832],[112.670092,33.136352],[112.669846,33.136179],[112.669628,33.135552],[112.667442,33.136316],[112.667373,33.136684],[112.666294,33.137014],[112.665715,33.136882],[112.665326,33.136713],[112.664873,33.136271],[112.66469,33.135975],[112.664328,33.13573],[112.663853,33.13566],[112.660573,33.136204],[112.656147,33.13716],[112.655793,33.13734],[112.655343,33.138492],[112.655048,33.138623],[112.651743,33.139438],[112.651682,33.140062],[112.651151,33.140181],[112.651086,33.140669],[112.651427,33.141538],[112.651542,33.142097],[112.651301,33.14253],[112.652438,33.144655],[112.652752,33.14536],[112.652856,33.145672],[112.65302,33.146312],[112.653055,33.146676],[112.653025,33.147087],[112.652883,33.147521],[112.653632,33.148466],[112.655681,33.150283],[112.657317,33.151554],[112.657591,33.153981],[112.65766,33.155769],[112.657808,33.157686],[112.656861,33.157823],[112.655708,33.157938],[112.655048,33.15827],[112.655013,33.158921],[112.655203,33.159516],[112.655359,33.159889],[112.655305,33.160262],[112.655077,33.160664],[112.653846,33.161454],[112.653369,33.162164],[112.653025,33.162406],[112.652636,33.16248],[112.652151,33.162747],[112.651687,33.163327],[112.651285,33.164007],[112.650673,33.164564],[112.65029,33.164642],[112.649962,33.164598],[112.649544,33.164355],[112.64872,33.163167],[112.647216,33.161991],[112.647001,33.161645],[112.646658,33.160776],[112.645775,33.159442],[112.644976,33.15798],[112.644461,33.157464],[112.643946,33.156748],[112.643748,33.155948],[112.643356,33.155358],[112.642785,33.154992],[112.641774,33.154731],[112.640998,33.154675],[112.640041,33.154754],[112.639201,33.155948],[112.638716,33.156521],[112.638249,33.156483],[112.63779,33.156815],[112.637058,33.15759],[112.636699,33.158028],[112.636975,33.158782],[112.636675,33.159215],[112.636122,33.159912],[112.635765,33.160599],[112.634754,33.161521],[112.63444,33.161746],[112.634027,33.16189],[112.63362,33.161964],[112.633266,33.162305],[112.632802,33.163026],[112.632496,33.163381],[112.632289,33.163922],[112.631814,33.164036],[112.631332,33.164647],[112.63083,33.165538],[112.630578,33.165853],[112.630511,33.166823],[112.630047,33.168087],[112.629178,33.169607],[112.628274,33.170801],[112.627692,33.171638],[112.627322,33.172673],[112.627075,33.173679],[112.627354,33.175237],[112.627451,33.175552],[112.627834,33.175724],[112.628134,33.17592],[112.628164,33.176587],[112.628564,33.177595],[112.628848,33.178434],[112.628955,33.178847],[112.628985,33.179182],[112.628993,33.179577],[112.628947,33.180266],[112.629089,33.180558],[112.629451,33.181579],[112.629462,33.18225],[112.629795,33.182928],[112.630538,33.184203],[112.630825,33.184529],[112.631262,33.184922],[112.631519,33.185214],[112.632222,33.18628],[112.632568,33.186711],[112.634223,33.188293],[112.634561,33.18881],[112.635006,33.189719],[112.635288,33.190493],[112.635264,33.191151],[112.635073,33.192109],[112.634996,33.192762],[112.635127,33.193416],[112.635441,33.194242],[112.635706,33.195494],[112.635714,33.196942],[112.636042,33.1977],[112.636189,33.19832],[112.636197,33.198872],[112.635964,33.20005],[112.636229,33.200414],[112.63649,33.201228],[112.636514,33.201684],[112.636412,33.202045],[112.636144,33.202678],[112.635792,33.203053],[112.635497,33.203197],[112.635414,33.204851],[112.635347,33.205237],[112.635197,33.205764],[112.635194,33.206128],[112.635317,33.206453],[112.635996,33.207836],[112.636398,33.208453],[112.637292,33.209631],[112.63911,33.211534],[112.641218,33.213165],[112.642082,33.213473],[112.642433,33.213661],[112.643093,33.2142],[112.643635,33.214698],[112.643935,33.214931],[112.644273,33.215129],[112.646339,33.216026],[112.647471,33.2167],[112.648128,33.21718],[112.648951,33.217638],[112.649364,33.217914],[112.649909,33.218358],[112.650281,33.218614],[112.651617,33.219401],[112.653235,33.220267],[112.6546,33.221252],[112.656413,33.223003],[112.656947,33.223667],[112.657234,33.224068],[112.657448,33.224432],[112.657741,33.225249],[112.658524,33.226949],[112.659042,33.228388],[112.659245,33.229202],[112.659511,33.229204],[112.661654,33.22885],[112.664202,33.228583],[112.664208,33.228421],[112.664334,33.228356],[112.66443,33.228374],[112.664717,33.228661],[112.664881,33.228796],[112.665071,33.228868],[112.665187,33.229009],[112.665213,33.229444],[112.665259,33.229541],[112.665758,33.229426],[112.666479,33.229458],[112.666675,33.229525],[112.666954,33.229738],[112.66711,33.2299],[112.66719,33.230046],[112.667195,33.230212],[112.667421,33.230286],[112.668475,33.230387],[112.669601,33.230277],[112.671584,33.229776],[112.671506,33.229444],[112.673585,33.229067],[112.673914,33.229994],[112.675427,33.22953],[112.674537,33.227688],[112.675288,33.227979],[112.679303,33.227163],[112.680888,33.226916],[112.681422,33.226442],[112.681288,33.226386],[112.680698,33.225231],[112.681154,33.224555],[112.681433,33.22425],[112.681669,33.223777],[112.681752,33.223404],[112.68169,33.222273],[112.681419,33.221966],[112.681403,33.221656],[112.681484,33.221248],[112.681459,33.221001],[112.681285,33.220714],[112.681202,33.220429],[112.68128,33.220207],[112.68187,33.220162],[112.68172,33.219343],[112.681674,33.218497],[112.68357,33.218174],[112.68346,33.217817],[112.682543,33.217882],[112.6822,33.217985],[112.682157,33.217698],[112.68316,33.217611],[112.683133,33.217485],[112.682219,33.217588],[112.682221,33.217328],[112.682664,33.217346],[112.68287,33.217296],[112.682916,33.217225],[112.682854,33.216727],[112.682688,33.216657],[112.682498,33.216655],[112.682707,33.21656],[112.682717,33.216473],[112.682672,33.216412],[112.683474,33.216183],[112.684549,33.215943],[112.684761,33.21595],[112.685105,33.215883],[112.685738,33.215701],[112.68629,33.215589],[112.687988,33.215293],[112.688154,33.215609],[112.688162,33.2158],[112.688093,33.215885],[112.687916,33.215939],[112.688232,33.217115],[112.688734,33.217009],[112.690869,33.216834],[112.690995,33.217294],[112.691311,33.218109],[112.692792,33.217664],[112.693634,33.217489],[112.694077,33.218795],[112.694895,33.218506],[112.695415,33.219491],[112.695756,33.219953],[112.696059,33.220151],[112.696614,33.220647],[112.696829,33.220952],[112.697054,33.22116],[112.696579,33.221252],[112.696563,33.221571],[112.69725,33.221412],[112.697631,33.221912],[112.697754,33.222132],[112.69655,33.222464],[112.696633,33.223202],[112.698127,33.22274],[112.69817,33.22289],[112.696665,33.223348],[112.696729,33.22355],[112.698247,33.223139],[112.698473,33.223882],[112.696863,33.224288],[112.696834,33.224616],[112.696735,33.225018],[112.697641,33.224804],[112.697673,33.225132],[112.698787,33.224908],[112.698926,33.225408],[112.699299,33.226353],[112.699521,33.227017],[112.699521,33.227151],[112.699492,33.227221],[112.699409,33.22727],[112.698784,33.227515],[112.698864,33.227627],[112.698937,33.227878],[112.698044,33.228087],[112.697944,33.227788],[112.696858,33.228107],[112.69641,33.228271],[112.696445,33.228397],[112.697258,33.229227],[112.699202,33.228547],[112.699572,33.229422],[112.699674,33.22959],[112.699771,33.229655],[112.699827,33.229738],[112.701799,33.229135],[112.704239,33.228536],[112.704926,33.228325],[112.707311,33.227813],[112.707359,33.227838],[112.707367,33.227977],[112.707319,33.228289],[112.707324,33.228675],[112.707455,33.22904],[112.707718,33.229238],[112.708126,33.229615],[112.70878,33.230393],[112.709303,33.231093],[112.709416,33.23099],[112.709303,33.230627],[112.709274,33.230344],[112.709338,33.230156],[112.70933,33.229976],[112.70921,33.229648],[112.709057,33.229388],[112.710143,33.229164],[112.711106,33.229011],[112.711267,33.229482],[112.712471,33.229186],[112.711962,33.227649],[112.712597,33.227542],[112.712849,33.228013],[112.712933,33.228244],[112.712951,33.228473],[112.712992,33.228563],[112.713166,33.228776],[112.714909,33.228432],[112.715271,33.228399],[112.715921,33.228239],[112.716393,33.228179],[112.718557,33.227696],[112.719158,33.227598],[112.721119,33.227131],[112.72118,33.227429],[112.721601,33.228747],[112.721709,33.229263],[112.720896,33.22944],[112.720639,33.229541],[112.721398,33.231473],[112.722406,33.231176],[112.723004,33.23274],[112.722411,33.232875],[112.722701,33.233741],[112.723331,33.23357],[112.723605,33.234192],[112.72405,33.235015],[112.724174,33.235511],[112.724386,33.236043],[112.724651,33.236603],[112.725142,33.237436],[112.726952,33.237014],[112.727191,33.237267],[112.725289,33.237689],[112.725861,33.238688],[112.725987,33.23915],[112.726553,33.240139],[112.728401,33.239619],[112.728463,33.23974],[112.728626,33.239838],[112.726695,33.240395],[112.726765,33.240554],[112.728766,33.240027],[112.728948,33.24041],[112.727022,33.240949],[112.727183,33.241299],[112.72831,33.241007],[112.728473,33.241433],[112.727457,33.241709],[112.727703,33.242106],[112.728143,33.242968],[112.729023,33.24411],[112.72972,33.245207],[112.73417,33.243971],[112.735396,33.243596],[112.736367,33.243423],[112.737375,33.243336],[112.737349,33.242934],[112.738553,33.242797],[112.738762,33.242802],[112.738904,33.242889],[112.739017,33.242889],[112.740063,33.242676],[112.740085,33.242362],[112.740304,33.242625],[112.740522,33.242479],[112.740798,33.242402],[112.742437,33.242048],[112.742839,33.241994],[112.742791,33.242198],[112.742788,33.242501],[112.742684,33.243017],[112.742729,33.243152],[112.743188,33.243401],[112.743276,33.243517],[112.743384,33.243589],[112.743461,33.243964],[112.743738,33.243836],[112.744108,33.243482],[112.743837,33.242773],[112.743443,33.242335],[112.74333,33.242167],[112.743445,33.241698],[112.74344,33.241326],[112.745175,33.240828],[112.745599,33.240747],[112.745771,33.240754],[112.745795,33.240729],[112.746018,33.240801],[112.746074,33.24072],[112.746085,33.24061],[112.746031,33.240321],[112.745752,33.239935],[112.745741,33.239794],[112.745664,33.239571],[112.746235,33.239392],[112.748324,33.238618],[112.748069,33.238198],[112.747927,33.237824],[112.746943,33.236316],[112.747402,33.236215],[112.747788,33.236076],[112.747233,33.235199],[112.746814,33.234149],[112.746533,33.233756],[112.746337,33.233397],[112.745822,33.2327],[112.745752,33.232464],[112.744896,33.2327],[112.744524,33.232101],[112.744223,33.231517],[112.744634,33.231363],[112.744794,33.231674],[112.745433,33.231416],[112.744198,33.22936],[112.743601,33.228233],[112.742753,33.226447],[112.742311,33.226559],[112.742024,33.226095],[112.741876,33.226169],[112.741487,33.225453],[112.742107,33.225235],[112.742171,33.225188],[112.742139,33.225136],[112.742657,33.224995],[112.743081,33.225758],[112.743405,33.225679],[112.743456,33.225756],[112.744953,33.225343],[112.745229,33.226003],[112.745347,33.226436],[112.745556,33.227017],[112.74775,33.226586],[112.748024,33.227376],[112.748069,33.227403],[112.748566,33.227322],[112.749598,33.227091],[112.751162,33.226635],[112.751234,33.227001],[112.751379,33.227288],[112.75154,33.227831],[112.751841,33.229065],[112.751964,33.229449],[112.752061,33.230021],[112.752656,33.229841],[112.753608,33.229689],[112.753498,33.230905],[112.756057,33.230858],[112.755888,33.23101],[112.755875,33.231246],[112.756596,33.231587],[112.758962,33.232507],[112.759836,33.232973],[112.761379,33.232469],[112.76217,33.232137],[112.762596,33.231831],[112.764452,33.231248],[112.765228,33.231037],[112.765576,33.230974],[112.765976,33.231001],[112.766263,33.231062],[112.767129,33.230698],[112.768757,33.230189],[112.768672,33.230005],[112.768253,33.229372],[112.767239,33.22721],[112.766845,33.226301],[112.766628,33.225709],[112.766523,33.225347],[112.766947,33.225118],[112.766842,33.22462],[112.766376,33.223144],[112.766255,33.223187],[112.765748,33.221629],[112.765574,33.220433],[112.765386,33.219758],[112.76538,33.219639],[112.764409,33.219742],[112.763675,33.218342],[112.762543,33.218623],[112.76247,33.218317],[112.762315,33.217923],[112.763661,33.217656],[112.763331,33.216516],[112.764023,33.216314],[112.765257,33.216118],[112.764978,33.21483],[112.765673,33.214747],[112.766019,33.214628],[112.767572,33.214514],[112.767435,33.213704],[112.767462,33.213473],[112.770246,33.21323],[112.77034,33.214474],[112.769251,33.214597],[112.76924,33.214747],[112.769358,33.21481],[112.76942,33.214981],[112.769382,33.215472],[112.769637,33.215652],[112.770332,33.215661],[112.770367,33.21534],[112.770485,33.214936],[112.770839,33.214702],[112.771536,33.214458],[112.77325,33.214314],[112.773859,33.214305],[112.775098,33.214103],[112.775171,33.213791],[112.775154,33.213531],[112.7748,33.213542],[112.774787,33.213111],[112.774186,33.212804],[112.77387,33.212436],[112.773789,33.212115],[112.773792,33.211882],[112.773744,33.211514],[112.773561,33.210805],[112.773229,33.209873],[112.773178,33.209606],[112.773164,33.20924],[112.773333,33.20881],[112.775396,33.208798],[112.775476,33.208722],[112.775415,33.208125],[112.775195,33.20751],[112.776479,33.207353],[112.776635,33.207658],[112.77715,33.207654],[112.77712,33.207165],[112.779044,33.207084],[112.779218,33.208397],[112.779223,33.208695],[112.779317,33.208946],[112.779403,33.208913],[112.779626,33.208724],[112.779819,33.208637],[112.780253,33.208576],[112.780602,33.208484],[112.780749,33.208397],[112.781063,33.208289],[112.782461,33.20813],[112.782587,33.208805],[112.782659,33.209487],[112.783949,33.209393],[112.78392,33.208875],[112.785207,33.20865],[112.785202,33.208397],[112.785135,33.208181],[112.786025,33.208208],[112.786283,33.208125],[112.785891,33.206839],[112.786382,33.206698],[112.786742,33.207737],[112.788305,33.207268],[112.788718,33.207557],[112.791384,33.206801],[112.791342,33.206664],[112.792028,33.207239],[112.792119,33.207418],[112.792396,33.207667],[112.794552,33.206792],[112.79522,33.207373],[112.795384,33.207618],[112.798822,33.206691],[112.798997,33.206267],[112.799163,33.206076],[112.799461,33.205901],[112.799155,33.205555],[112.799584,33.20527],[112.798895,33.204395],[112.798702,33.204474],[112.797047,33.201814],[112.79849,33.201435],[112.798042,33.200304],[112.799756,33.199931],[112.799702,33.199543],[112.799933,33.199536],[112.801276,33.19935],[112.800609,33.197774],[112.801604,33.197458],[112.801783,33.197456],[112.802347,33.197276],[112.802626,33.197238],[112.802398,33.19691],[112.80228,33.196854],[112.802191,33.196847],[112.801936,33.196935],[112.801775,33.196935],[112.801585,33.196845],[112.80166,33.196479],[112.80162,33.196363],[112.800732,33.1961],[112.799992,33.195763],[112.799809,33.195631],[112.800555,33.195155],[112.799356,33.193833],[112.800048,33.193481],[112.798879,33.192473],[112.798482,33.191963],[112.798128,33.191672],[112.797377,33.190666],[112.796886,33.189851],[112.797237,33.189806],[112.7971,33.188758],[112.796043,33.188807],[112.796052,33.187849],[112.796247,33.187865],[112.796381,33.187817],[112.796443,33.187759],[112.796459,33.187519],[112.796408,33.186486],[112.796773,33.186053],[112.797049,33.185582],[112.797218,33.18522],[112.79724,33.185068],[112.794922,33.184751],[112.794885,33.184105],[112.796041,33.184226],[112.796038,33.183294],[112.796234,33.182958],[112.79633,33.182675],[112.796357,33.182334],[112.79632,33.181997],[112.795915,33.181171],[112.795821,33.18087],[112.796486,33.180607],[112.797132,33.180414],[112.797087,33.180075],[112.796046,33.180273],[112.795791,33.180486],[112.795695,33.180232],[112.795459,33.179869],[112.794979,33.179377],[112.794595,33.179135],[112.79422,33.178773],[112.793916,33.178324],[112.793442,33.177779],[112.793055,33.177202],[112.794635,33.176607],[112.793943,33.174936],[112.792243,33.17519],[112.790878,33.174804],[112.789131,33.174831],[112.786481,33.17332],[112.784826,33.1731],[112.782775,33.172397],[112.780621,33.17145],[112.779247,33.170736],[112.778252,33.169607],[112.776056,33.166535],[112.775844,33.165639],[112.776187,33.163509],[112.77616,33.162202],[112.776697,33.161941],[112.776933,33.162027],[112.778572,33.161429],[112.779623,33.160679],[112.78223,33.160066],[112.78418,33.160527],[112.785175,33.161737],[112.785677,33.162545],[112.786444,33.162045],[112.787737,33.161977],[112.787704,33.161793],[112.78808,33.161688],[112.788402,33.161656],[112.789308,33.161937],[112.790159,33.162067],[112.79065,33.1622],[112.791025,33.162357],[112.790462,33.160679],[112.790285,33.160583],[112.790236,33.160419],[112.790116,33.159456],[112.789831,33.159444],[112.789316,33.159552],[112.788346,33.156768],[112.786487,33.157042],[112.785752,33.155367],[112.787004,33.15521],[112.788574,33.154931],[112.788222,33.154408],[112.78771,33.153844],[112.787358,33.153348],[112.787192,33.152966],[112.787098,33.1517],[112.785457,33.151911],[112.785146,33.150658],[112.78525,33.150552],[112.785054,33.150377],[112.783829,33.150736],[112.782635,33.148587],[112.782284,33.148246],[112.781873,33.14755],[112.781533,33.147053],[112.782796,33.146508],[112.782659,33.145753],[112.782541,33.144803],[112.783864,33.144269],[112.784193,33.144814],[112.785119,33.144415],[112.783491,33.141884],[112.783831,33.141459],[112.784226,33.141962],[112.785478,33.143842],[112.787404,33.143256],[112.787369,33.143141],[112.788592,33.142852],[112.788595,33.142663],[112.788525,33.142508],[112.789544,33.142265],[112.789553,33.142128],[112.789494,33.141706],[112.789287,33.141127],[112.788262,33.141468],[112.787919,33.140904],[112.787624,33.140992],[112.787104,33.140343],[112.788836,33.139707],[112.787278,33.137661],[112.786967,33.137167],[112.786862,33.136909],[112.786516,33.137035],[112.786235,33.136401],[112.785937,33.136439],[112.78573,33.135842],[112.78517,33.135925],[112.785116,33.135743],[112.784885,33.135274],[112.784859,33.135103],[112.785215,33.135004],[112.784588,33.133477],[112.785245,33.133293],[112.784593,33.132365],[112.784706,33.132181],[112.785213,33.131943],[112.784534,33.130508],[112.78502,33.130375],[112.78521,33.130916],[112.787769,33.130184],[112.787935,33.130591],[112.788834,33.130319],[112.787946,33.128192],[112.787715,33.128237],[112.787329,33.127237]]]}},{"type":"Feature","properties":{"regionCode":"411322103","sourceCode":"411322103000","name":"拐河镇","sourceName":"拐河镇","parentCode":"411322","parentName":"方城县","regionLevel":"township","regionType":"town","isManagementZone":false,"source":"ruiduobao","sourceVersion":"mixed-legacy~2018-2020","geometryRepaired":false,"match2020":true,"match2023":true},"geometry":{"type":"Polygon","coordinates":[[[112.999175,33.392063],[112.999744,33.391971],[112.999891,33.391902],[113.000318,33.391315],[113.000385,33.391026],[113.000243,33.390522],[113.000355,33.389882],[112.999637,33.390253],[112.998303,33.391008],[112.998073,33.391069],[112.997864,33.391066],[112.997424,33.390966],[112.996616,33.390889],[112.996182,33.391044],[112.99575,33.391261],[112.995348,33.391629],[112.995235,33.391861],[112.994975,33.392694],[112.994868,33.39286],[112.99457,33.393176],[112.994398,33.393579],[112.993524,33.393678],[112.992829,33.39383],[112.992349,33.393843],[112.99207,33.393648],[112.991807,33.393628],[112.991448,33.393678],[112.990656,33.394049],[112.990437,33.394092],[112.989533,33.394076],[112.988892,33.39422],[112.988543,33.394253],[112.988229,33.394215],[112.987811,33.394036],[112.987352,33.393821],[112.987296,33.393716],[112.986405,33.393673],[112.986027,33.393689],[112.98585,33.394329],[112.985676,33.394679],[112.985225,33.395212],[112.984984,33.395368],[112.984847,33.395391],[112.984662,33.395341],[112.984155,33.395579],[112.9835,33.394952],[112.982379,33.395312],[112.981867,33.395516],[112.981304,33.395787],[112.981105,33.395942],[112.980019,33.396186],[112.979904,33.39632],[112.978782,33.396905],[112.978037,33.397214],[112.97787,33.398206],[112.977747,33.399809],[112.977763,33.399829],[112.978729,33.399531],[112.978965,33.399504],[112.979037,33.39952],[112.979077,33.399567],[112.979091,33.39984],[112.979195,33.39995],[112.979941,33.400223],[112.979965,33.400263],[112.979238,33.401058],[112.979238,33.40113],[112.979418,33.401058],[112.979458,33.401152],[112.979391,33.401526],[112.979195,33.401862],[112.97868,33.402162],[112.978302,33.402442],[112.978283,33.402503],[112.978482,33.402704],[112.978654,33.402995],[112.978621,33.403309],[112.978377,33.403963],[112.978383,33.404238],[112.978345,33.404361],[112.977774,33.404791],[112.977589,33.405057],[112.977492,33.405362],[112.977516,33.405637],[112.977806,33.406486],[112.978112,33.407594],[112.977248,33.407594],[112.976983,33.407559],[112.976693,33.407444],[112.975639,33.407462],[112.975121,33.407411],[112.974789,33.407632],[112.974424,33.408026],[112.973895,33.408304],[112.973705,33.40849],[112.973611,33.408644],[112.973608,33.408871],[112.973855,33.409764],[112.973807,33.409822],[112.972804,33.41057],[112.972412,33.410769],[112.971312,33.411175],[112.971025,33.411672],[112.970695,33.41209],[112.97083,33.412473],[112.970835,33.412605],[112.970143,33.412883],[112.969802,33.412979],[112.969231,33.412993],[112.96881,33.413048],[112.968815,33.413606],[112.968767,33.413664],[112.968367,33.413866],[112.968214,33.414081],[112.96808,33.414403],[112.967713,33.414898],[112.967549,33.415014],[112.966391,33.41524],[112.965886,33.415126],[112.965758,33.415157],[112.9652,33.415449],[112.964583,33.415516],[112.964438,33.415563],[112.963711,33.416073],[112.963175,33.416216],[112.962756,33.416427],[112.962311,33.416729],[112.961466,33.417479],[112.961021,33.417622],[112.960546,33.417665],[112.960192,33.417636],[112.960085,33.417394],[112.960211,33.416996],[112.960197,33.416729],[112.960018,33.416344],[112.959918,33.416243],[112.959634,33.416203],[112.959505,33.416127],[112.959374,33.415726],[112.9592,33.415632],[112.959065,33.415379],[112.958937,33.414763],[112.958929,33.41439],[112.958682,33.413534],[112.958698,33.413362],[112.958762,33.413212],[112.959049,33.412977],[112.959114,33.412849],[112.959095,33.412482],[112.958969,33.412231],[112.958593,33.412455],[112.957912,33.413102],[112.957494,33.413893],[112.957196,33.415173],[112.956753,33.416729],[112.956753,33.417289],[112.956625,33.41756],[112.955745,33.41833],[112.955187,33.418733],[112.954817,33.419237],[112.954254,33.419866],[112.953803,33.420161],[112.953516,33.420526],[112.953237,33.421278],[112.95298,33.421473],[112.952427,33.422035],[112.952073,33.422451],[112.952003,33.422964],[112.951681,33.424045],[112.951351,33.424403],[112.950842,33.424679],[112.950171,33.424909],[112.949927,33.424941],[112.949485,33.424853],[112.94908,33.425131],[112.949088,33.425812],[112.948599,33.426376],[112.948299,33.426857],[112.947747,33.42719],[112.947012,33.427448],[112.946312,33.427965],[112.946008,33.428276],[112.945957,33.428348],[112.94596,33.428753],[112.945418,33.429064],[112.94533,33.429165],[112.945263,33.429328],[112.945257,33.429501],[112.94529,33.429698],[112.945654,33.43073],[112.945928,33.431144],[112.946067,33.431459],[112.946456,33.431889],[112.946486,33.432005],[112.946255,33.432368],[112.945775,33.432816],[112.945265,33.433438],[112.945196,33.433539],[112.945145,33.43383],[112.945062,33.433986],[112.944332,33.434586],[112.943951,33.43498],[112.943307,33.435361],[112.943259,33.435435],[112.943171,33.43584],[112.943184,33.435999],[112.943278,33.436332],[112.943246,33.436484],[112.943128,33.436695],[112.942551,33.437039],[112.941612,33.437066],[112.941376,33.437151],[112.940821,33.438],[112.940539,33.438313],[112.94036,33.438414],[112.94007,33.438472],[112.940081,33.438523],[112.940451,33.438805],[112.940762,33.438904],[112.941167,33.439141],[112.941628,33.43922],[112.941706,33.439264],[112.9422,33.439719],[112.942414,33.439878],[112.942876,33.440133],[112.942978,33.440216],[112.943101,33.440399],[112.943112,33.44052],[112.943058,33.440918],[112.94302,33.441068],[112.942929,33.441205],[112.942873,33.44157],[112.94298,33.442037],[112.943106,33.442398],[112.943096,33.442481],[112.942991,33.44253],[112.94272,33.442512],[112.942516,33.442541],[112.942371,33.442597],[112.942543,33.442924],[112.942774,33.442872],[112.943002,33.442863],[112.943155,33.443248],[112.942916,33.44334],[112.94254,33.443349],[112.942189,33.443405],[112.940649,33.443199],[112.940724,33.443738],[112.940593,33.443767],[112.940553,33.443806],[112.94047,33.444182],[112.940424,33.444622],[112.940333,33.444654],[112.939802,33.444553],[112.939638,33.443915],[112.939429,33.443405],[112.939378,33.443376],[112.939153,33.443389],[112.938737,33.443515],[112.93849,33.443519],[112.938254,33.443673],[112.938115,33.443821],[112.937774,33.444092],[112.937581,33.444211],[112.937476,33.444336],[112.937334,33.444779],[112.936988,33.445209],[112.936645,33.445412],[112.936138,33.445894],[112.935894,33.446053],[112.935486,33.446399],[112.935419,33.44674],[112.935497,33.446901],[112.935886,33.447201],[112.936243,33.447431],[112.936682,33.44778],[112.937726,33.448423],[112.939059,33.448906],[112.939668,33.449226],[112.940743,33.449727],[112.941564,33.449808],[112.942245,33.449799],[112.943629,33.449474],[112.94357,33.450162],[112.943316,33.450891],[112.94309,33.451198],[112.943063,33.451285],[112.94313,33.451489],[112.943388,33.4516],[112.943409,33.451699],[112.943348,33.451954],[112.94345,33.452086],[112.943997,33.452451],[112.944431,33.452587],[112.945153,33.452883],[112.945188,33.452941],[112.945,33.453133],[112.944753,33.453308],[112.944311,33.453796],[112.944295,33.453854],[112.944319,33.453906],[112.944724,33.454118],[112.944582,33.454445],[112.944356,33.45449],[112.943291,33.454306],[112.942827,33.454342],[112.942809,33.454422],[112.942835,33.454492],[112.943192,33.454845],[112.9432,33.454897],[112.9432,33.454933],[112.943018,33.455076],[112.942953,33.455228],[112.943015,33.455432],[112.943063,33.455931],[112.943045,33.456242],[112.943493,33.456519],[112.943975,33.456671],[112.94405,33.456743],[112.943957,33.457036],[112.943989,33.457159],[112.944147,33.457238],[112.944764,33.45769],[112.945593,33.458204],[112.94559,33.458395],[112.944372,33.458889],[112.944112,33.459088],[112.944404,33.459316],[112.944606,33.459699],[112.944616,33.460048],[112.944791,33.460314],[112.944675,33.46044],[112.944598,33.460746],[112.944552,33.461187],[112.944917,33.461232],[112.944839,33.461485],[112.942551,33.461351],[112.941931,33.461359],[112.942103,33.461914],[112.942159,33.462422],[112.942109,33.463778],[112.942433,33.464259],[112.942192,33.464467],[112.941462,33.46406],[112.941749,33.46474],[112.942618,33.465835],[112.943232,33.466513],[112.942822,33.466797],[112.942363,33.46781],[112.940749,33.468012],[112.939619,33.468338],[112.938901,33.46877],[112.938737,33.468674],[112.938219,33.468021],[112.937417,33.467479],[112.936918,33.467047],[112.93642,33.467316],[112.935958,33.467629],[112.934789,33.468453],[112.934191,33.468951],[112.933775,33.469515],[112.933689,33.469943],[112.933552,33.470207],[112.933407,33.470234],[112.93216,33.470202],[112.931881,33.470258],[112.931672,33.470392],[112.931417,33.470677],[112.93105,33.471301],[112.930782,33.47184],[112.930529,33.47207],[112.930221,33.472205],[112.929816,33.472321],[112.929575,33.472341],[112.92944,33.47322],[112.929462,33.473489],[112.929556,33.473713],[112.929725,33.474319],[112.929706,33.474442],[112.929631,33.474657],[112.929577,33.474713],[112.929076,33.474919],[112.928993,33.475055],[112.928746,33.476523],[112.928751,33.476684],[112.928609,33.476858],[112.928357,33.476968],[112.92826,33.477093],[112.928255,33.477245],[112.928322,33.477706],[112.928274,33.478299],[112.928467,33.478505],[112.928604,33.478726],[112.92873,33.479843],[112.928676,33.48008],[112.928483,33.480308],[112.928228,33.480516],[112.927692,33.480811],[112.927383,33.480934],[112.927155,33.481064],[112.926611,33.481078],[112.926444,33.481134],[112.926399,33.481467],[112.926442,33.482096],[112.926388,33.482234],[112.926029,33.482393],[112.925919,33.482523],[112.925758,33.483245],[112.925744,33.483574],[112.925586,33.484346],[112.925433,33.48459],[112.924696,33.484959],[112.924645,33.485035],[112.924682,33.485196],[112.924865,33.485436],[112.925535,33.485963],[112.92598,33.486373],[112.926493,33.486717],[112.926616,33.486874],[112.926613,33.486992],[112.926337,33.487198],[112.925591,33.487907],[112.925463,33.488283],[112.925267,33.488623],[112.925068,33.488802],[112.924433,33.488992],[112.924478,33.489482],[112.924433,33.490073],[112.924079,33.490581],[112.923875,33.490677],[112.923467,33.490768],[112.923325,33.490952],[112.922459,33.491489],[112.922038,33.491909],[112.921732,33.492553],[112.922091,33.493318],[112.922164,33.493627],[112.922099,33.493911],[112.921571,33.494544],[112.921351,33.494965],[112.921378,33.495557],[112.921346,33.496137],[112.921512,33.496526],[112.921689,33.496844],[112.921539,33.497105],[112.921337,33.497582],[112.921206,33.499078],[112.920951,33.499787],[112.920817,33.50006],[112.920785,33.500677],[112.920916,33.501109],[112.920798,33.501758],[112.920554,33.502348],[112.920267,33.502833],[112.9195,33.502344],[112.919114,33.501995],[112.91883,33.501626],[112.918639,33.501228],[112.918435,33.501111],[112.917776,33.500595],[112.917196,33.500268],[112.916247,33.500612],[112.916096,33.500787],[112.916719,33.501652],[112.917861,33.502809],[112.918172,33.502947],[112.918529,33.503048],[112.9188,33.503176],[112.918972,33.503129],[112.919058,33.503388],[112.919216,33.503587],[112.919618,33.503943],[112.920031,33.504379],[112.920251,33.504455],[112.920428,33.504444],[112.92056,33.504549],[112.92056,33.504672],[112.920104,33.505007],[112.920058,33.505218],[112.920063,33.505403],[112.920101,33.505434],[112.920275,33.505441],[112.920342,33.505473],[112.920439,33.505638],[112.920825,33.50588],[112.920852,33.506041],[112.921531,33.505951],[112.92163,33.506097],[112.921678,33.506251],[112.921729,33.506843],[112.922137,33.507143],[112.92241,33.5073],[112.923153,33.507597],[112.923636,33.507678],[112.924114,33.507707],[112.924824,33.507868],[112.925173,33.507812],[112.925811,33.507971],[112.926938,33.50834],[112.927405,33.508539],[112.927453,33.508718],[112.927362,33.509485],[112.927381,33.509758],[112.927549,33.5102],[112.927568,33.510355],[112.92749,33.510813],[112.927606,33.512204],[112.92686,33.512385],[112.926678,33.51235],[112.926495,33.512229],[112.926375,33.51209],[112.926302,33.512124],[112.926533,33.513425],[112.926916,33.513284],[112.927297,33.513226],[112.927579,33.51326],[112.927153,33.514733],[112.926855,33.515143],[112.926589,33.515592],[112.92619,33.515279],[112.925983,33.515031],[112.925455,33.514995],[112.924857,33.514722],[112.924183,33.514358],[112.92215,33.513846],[112.92097,33.513868],[112.920906,33.514237],[112.9209,33.514514],[112.92097,33.514834],[112.92126,33.515237],[112.922164,33.515717],[112.923322,33.516417],[112.92402,33.516762],[112.924755,33.517014],[112.925844,33.517209],[112.926031,33.517128],[112.926267,33.516822],[112.926565,33.516547],[112.926938,33.516283],[112.926986,33.516335],[112.927134,33.516838],[112.927174,33.517506],[112.927308,33.517723],[112.927901,33.518305],[112.928129,33.518799],[112.92836,33.519027],[112.928765,33.519206],[112.928958,33.519371],[112.929164,33.519631],[112.929473,33.519803],[112.929937,33.519962],[112.930267,33.520118],[112.929746,33.520702],[112.929392,33.521446],[112.929001,33.522674],[112.928751,33.523079],[112.928343,33.523535],[112.927032,33.524322],[112.926734,33.52468],[112.926522,33.525212],[112.9262,33.525713],[112.925629,33.526004],[112.925353,33.526194],[112.925001,33.526498],[112.924602,33.526956],[112.924285,33.527054],[112.924114,33.52718],[112.92395,33.527392],[112.92381,33.527727],[112.92376,33.528045],[112.923561,33.528329],[112.922384,33.529096],[112.922193,33.529299],[112.921721,33.530057],[112.921498,33.530261],[112.920702,33.530645],[112.920324,33.530793],[112.920082,33.530954],[112.919524,33.531859],[112.919554,33.532195],[112.920616,33.532425],[112.921501,33.532689],[112.922137,33.532892],[112.922775,33.533161],[112.923116,33.533326],[112.924173,33.534095],[112.92505,33.5346],[112.925532,33.534717],[112.925956,33.5349],[112.926503,33.535213],[112.92675,33.535421],[112.926815,33.535553],[112.926898,33.536154],[112.926522,33.537587],[112.926257,33.538873],[112.926216,33.539222],[112.926503,33.539392],[112.926458,33.539561],[112.926283,33.539816],[112.926613,33.539962],[112.926463,33.540069],[112.926313,33.540239],[112.926316,33.540505],[112.926401,33.5408],[112.926664,33.541216],[112.926844,33.541354],[112.92693,33.541489],[112.926962,33.541728],[112.926941,33.542074],[112.927252,33.544574],[112.926941,33.545298],[112.926906,33.545555],[112.927024,33.545703],[112.927289,33.545884],[112.927659,33.545989],[112.928126,33.546056],[112.928585,33.546284],[112.928767,33.54642],[112.928984,33.546653],[112.929017,33.546798],[112.929408,33.546811],[112.929567,33.546869],[112.930036,33.547124],[112.930047,33.547229],[112.930114,33.547308],[112.930194,33.547337],[112.930436,33.547339],[112.9305,33.54727],[112.930908,33.546451],[112.931457,33.545466],[112.932037,33.545738],[112.931205,33.547404],[112.931525,33.547589],[112.93175,33.547585],[112.931865,33.547623],[112.931699,33.5479],[112.931715,33.548195],[112.931852,33.548542],[112.931812,33.548676],[112.931677,33.548834],[112.931353,33.549058],[112.931044,33.549514],[112.93021,33.551126],[112.929666,33.551946],[112.92929,33.552322],[112.928295,33.552914],[112.929593,33.553824],[112.929687,33.55377],[112.929985,33.553839],[112.930039,33.553817],[112.930157,33.553732],[112.930535,33.553327],[112.93068,33.553377],[112.931195,33.553694],[112.931393,33.553864],[112.931605,33.554108],[112.931648,33.554275],[112.931919,33.554217],[112.93231,33.553855],[112.933413,33.552527],[112.933724,33.551935],[112.934164,33.550705],[112.934311,33.550531],[112.934799,33.550513],[112.935242,33.550457],[112.93577,33.550252],[112.935982,33.550238],[112.93631,33.550323],[112.937069,33.55073],[112.937415,33.550748],[112.938222,33.550701],[112.938514,33.550728],[112.9386,33.550692],[112.93874,33.55039],[112.939705,33.550732],[112.939917,33.550489],[112.940124,33.550167],[112.940223,33.549478],[112.940008,33.549203],[112.939829,33.54885],[112.939394,33.547851],[112.939359,33.547701],[112.940684,33.547493],[112.942149,33.547167],[112.942076,33.548012],[112.942009,33.548291],[112.942717,33.548331],[112.94283,33.548615],[112.942951,33.548799],[112.943112,33.54885],[112.943329,33.548803],[112.943458,33.548716],[112.943525,33.548597],[112.943597,33.548336],[112.943605,33.548001],[112.943686,33.547281],[112.942967,33.547272],[112.942758,33.547225],[112.942632,33.547059],[112.942001,33.545736],[112.941687,33.545005],[112.941902,33.545036],[112.943117,33.545021],[112.943723,33.5449],[112.944426,33.544815],[112.944987,33.544676],[112.945333,33.544549],[112.945563,33.54433],[112.945802,33.544234],[112.946086,33.544189],[112.946389,33.544046],[112.946542,33.54386],[112.947218,33.543281],[112.947913,33.543143],[112.948152,33.542977],[112.948361,33.542754],[112.948608,33.542615],[112.948787,33.54266],[112.949173,33.542991],[112.949546,33.543004],[112.94975,33.542951],[112.949954,33.542796],[112.950161,33.542562],[112.949879,33.542559],[112.949688,33.542669],[112.949442,33.542687],[112.949297,33.542613],[112.949249,33.542521],[112.949112,33.541728],[112.949281,33.540293],[112.950193,33.540098],[112.95041,33.540105],[112.950815,33.540223],[112.950984,33.540241],[112.951142,33.540194],[112.951563,33.53989],[112.9521,33.540266],[112.9535,33.541426],[112.954042,33.541728],[112.955112,33.541889],[112.956592,33.543849],[112.957343,33.544663],[112.957936,33.545162],[112.958183,33.545544],[112.959366,33.545365],[112.960559,33.545262],[112.961021,33.545193],[112.961927,33.545334],[112.96222,33.545443],[112.962901,33.54539],[112.963612,33.545486],[112.964009,33.545573],[112.964151,33.54568],[112.964374,33.546181],[112.964441,33.546751],[112.964368,33.546972],[112.964124,33.547444],[112.964049,33.547741],[112.963816,33.547766],[112.962394,33.547654],[112.962308,33.547891],[112.962292,33.548222],[112.962324,33.548535],[112.962601,33.549125],[112.962595,33.549214],[112.962477,33.549436],[112.961925,33.549936],[112.961922,33.550033],[112.962303,33.550473],[112.962421,33.550542],[112.962863,33.550679],[112.963668,33.551045],[112.964534,33.551548],[112.965074,33.551282],[112.965752,33.550826],[112.965892,33.550638],[112.966018,33.550185],[112.966396,33.550109],[112.967708,33.550073],[112.967919,33.550312],[112.968416,33.550549],[112.968391,33.549883],[112.969215,33.549883],[112.969746,33.549836],[112.970733,33.549342],[112.971422,33.549201],[112.971567,33.548387],[112.972112,33.548271],[112.972782,33.54794],[112.972726,33.548504],[112.973096,33.548638],[112.973421,33.547949],[112.973783,33.547889],[112.974469,33.547853],[112.974797,33.547929],[112.975336,33.548177],[112.975593,33.548215],[112.975727,33.548059],[112.976025,33.547547],[112.976291,33.546941],[112.976604,33.5461],[112.976878,33.545812],[112.977251,33.545537],[112.977562,33.545197],[112.977897,33.544679],[112.97827,33.543959],[112.978584,33.543554],[112.979571,33.54418],[112.979855,33.544272],[112.98004,33.543778],[112.980142,33.543791],[112.980233,33.543753],[112.980327,33.543639],[112.980612,33.542913],[112.980842,33.542812],[112.980872,33.542761],[112.980858,33.542644],[112.980692,33.542593],[112.980692,33.542504],[112.980756,33.542338],[112.980756,33.54226],[112.980711,33.542184],[112.980512,33.542195],[112.980421,33.542231],[112.980518,33.542121],[112.98095,33.541299],[112.981119,33.541113],[112.981529,33.541287],[112.982438,33.541772],[112.982532,33.542233],[112.982545,33.542483],[112.983079,33.542508],[112.983651,33.542593],[112.983736,33.544437],[112.983624,33.54545],[112.983624,33.546212],[112.983664,33.546863],[112.983761,33.54731],[112.983903,33.547629],[112.983983,33.548555],[112.984225,33.549854],[112.984273,33.549981],[112.984482,33.550189],[112.984512,33.550983],[112.984463,33.55147],[112.984517,33.552203],[112.984504,33.552429],[112.985973,33.552876],[112.986714,33.553066],[112.988111,33.553567],[112.98912,33.553842],[112.989763,33.553848],[112.99086,33.553714],[112.991056,33.553716],[112.991163,33.553777],[112.991295,33.554903],[112.991724,33.55672],[112.991775,33.557087],[112.991633,33.557679],[112.991579,33.558354],[112.991652,33.559043],[112.991711,33.559146],[112.992024,33.560111],[112.992228,33.560473],[112.992204,33.560802],[112.992057,33.561119],[112.992054,33.561227],[112.992255,33.561875],[112.992244,33.562217],[112.992038,33.563187],[112.991815,33.563488],[112.991716,33.563721],[112.991676,33.563915],[112.991729,33.564074],[112.991965,33.564376],[112.99218,33.564588],[112.992746,33.565422],[112.993167,33.566123],[112.9935,33.566839],[112.993575,33.567489],[112.99354,33.568021],[112.993146,33.568955],[112.992891,33.569306],[112.992518,33.569565],[112.992169,33.570153],[112.993398,33.570173],[112.993803,33.569976],[112.994079,33.56965],[112.994468,33.56967],[112.994787,33.569733],[112.995138,33.569652],[112.996557,33.569735],[112.996984,33.57007],[112.997298,33.57037],[112.997689,33.570459],[112.998025,33.570631],[112.998344,33.57056],[112.9987,33.570388],[112.999017,33.570303],[112.999409,33.570305],[112.999733,33.57007],[113.00016,33.569491],[113.000473,33.569324],[113.001055,33.569297],[113.001281,33.569069],[113.001761,33.567967],[113.003397,33.566275],[113.003891,33.566076],[113.004336,33.566083],[113.004505,33.566564],[113.00491,33.567149],[113.005307,33.567252],[113.005647,33.566195],[113.006114,33.565925],[113.008142,33.565276],[113.009864,33.565118],[113.010859,33.565102],[113.011956,33.564995],[113.012782,33.564501],[113.013198,33.564318],[113.01393,33.564219],[113.014657,33.563987],[113.015738,33.563137],[113.016722,33.562682],[113.016953,33.562514],[113.017798,33.560603],[113.018246,33.560683],[113.018981,33.560717],[113.01945,33.560666],[113.01996,33.560042],[113.020311,33.559467],[113.02029,33.558547],[113.020222,33.557889],[113.020582,33.557621],[113.021148,33.557087],[113.021556,33.55664],[113.021545,33.556159],[113.021148,33.554937],[113.019134,33.551595],[113.019166,33.550761],[113.019718,33.549744],[113.020952,33.548758],[113.021499,33.548153],[113.021942,33.547531],[113.022312,33.547122],[113.022604,33.546934],[113.022988,33.546988],[113.023385,33.547153],[113.025319,33.547784],[113.025751,33.547849],[113.026193,33.547864],[113.028017,33.547741],[113.028438,33.547755],[113.029114,33.547849],[113.030519,33.548177],[113.030672,33.547835],[113.030656,33.54746],[113.030806,33.546373],[113.030774,33.546083],[113.03049,33.545072],[113.030487,33.544482],[113.030836,33.543731],[113.030879,33.54338],[113.030761,33.542812],[113.030941,33.541538],[113.031195,33.541182],[113.031238,33.540787],[113.031056,33.539693],[113.031093,33.539081],[113.031238,33.538596],[113.031603,33.538457],[113.032282,33.538446],[113.033229,33.538607],[113.033698,33.538555],[113.033894,33.537938],[113.034352,33.537469],[113.035398,33.537386],[113.040025,33.53604],[113.040827,33.535609],[113.040637,33.53524],[113.040468,33.534761],[113.040433,33.533315],[113.040674,33.532434],[113.040661,33.531909],[113.039896,33.530518],[113.039832,33.529992],[113.040068,33.52885],[113.041128,33.527166],[113.041275,33.526813],[113.041281,33.524839],[113.041036,33.523354],[113.040524,33.521563],[113.040234,33.520429],[113.040192,33.518589],[113.04002,33.517978],[113.039953,33.517321],[113.040192,33.516308],[113.040688,33.515161],[113.041594,33.513698],[113.042042,33.512638],[113.042262,33.510925],[113.042463,33.510527],[113.043225,33.509594],[113.043214,33.509069],[113.042986,33.508326],[113.042005,33.506589],[113.041769,33.505542],[113.041914,33.504925],[113.042168,33.504658],[113.042681,33.504256],[113.042989,33.503943],[113.042978,33.503504],[113.042756,33.502939],[113.041366,33.501733],[113.0412,33.501386],[113.041192,33.500948],[113.041393,33.500682],[113.042123,33.500494],[113.042903,33.500349],[113.043263,33.50012],[113.043579,33.499552],[113.043585,33.499127],[113.04333,33.498957],[113.042901,33.498414],[113.042834,33.498067],[113.042879,33.497566],[113.043048,33.497063],[113.043517,33.494209],[113.043917,33.493048],[113.044896,33.492039],[113.045891,33.491323],[113.046543,33.491064],[113.046894,33.490806],[113.047597,33.489802],[113.04794,33.489174],[113.047981,33.488892],[113.04797,33.488442],[113.047718,33.487896],[113.047651,33.487498],[113.047761,33.487098],[113.047745,33.486397],[113.04724,33.485308],[113.04705,33.484811],[113.04691,33.483964],[113.046345,33.482675],[113.045982,33.48248],[113.045387,33.482541],[113.044395,33.483406],[113.043858,33.483366],[113.041927,33.482299],[113.036474,33.478494],[113.035758,33.47782],[113.035431,33.477263],[113.035197,33.474968],[113.035058,33.474021],[113.034532,33.471934],[113.034395,33.471187],[113.034379,33.470538],[113.034307,33.46999],[113.034052,33.469245],[113.033958,33.467848],[113.033762,33.467101],[113.033215,33.466611],[113.032614,33.466372],[113.032368,33.465976],[113.032413,33.465477],[113.032874,33.464718],[113.033682,33.463657],[113.03402,33.462751],[113.033998,33.461854],[113.034036,33.460954],[113.034087,33.460502],[113.034012,33.459856],[113.033878,33.459258],[113.033937,33.456709],[113.034599,33.454402],[113.035125,33.453993],[113.035825,33.453333],[113.035994,33.452881],[113.036187,33.45103],[113.036222,33.449931],[113.036131,33.448633],[113.036284,33.447483],[113.036203,33.446585],[113.036074,33.446138],[113.036238,33.445484],[113.036522,33.444931],[113.037163,33.444372],[113.03873,33.442496],[113.039717,33.441482],[113.040605,33.441218],[113.041136,33.440959],[113.041675,33.440549],[113.04208,33.440643],[113.042745,33.440981],[113.043354,33.441572],[113.045038,33.442241],[113.047758,33.443944],[113.0497,33.445511],[113.051867,33.446473],[113.053431,33.447095],[113.056599,33.447492],[113.059281,33.447548],[113.060118,33.447633],[113.062953,33.449134],[113.064267,33.449311],[113.066783,33.449868],[113.067859,33.45005],[113.072206,33.450027],[113.07458,33.449636],[113.076771,33.449049],[113.081594,33.448969],[113.084518,33.449168],[113.08529,33.449004],[113.087825,33.447964],[113.089601,33.447433],[113.092511,33.447035],[113.093511,33.446617],[113.094348,33.446652],[113.096327,33.447268],[113.097406,33.447449],[113.100442,33.447398],[113.101335,33.447433],[113.101987,33.447272],[113.103288,33.446368],[113.103561,33.446147],[113.105004,33.445383],[113.105377,33.445077],[113.105959,33.444699],[113.106278,33.444558],[113.106734,33.444593],[113.107523,33.44477],[113.107815,33.444763],[113.108397,33.444513],[113.108706,33.444316],[113.109138,33.444249],[113.109822,33.444293],[113.110264,33.44439],[113.110962,33.444658],[113.111364,33.444667],[113.112085,33.444148],[113.112281,33.443929],[113.112606,33.443436],[113.113182,33.44289],[113.113791,33.442722],[113.116058,33.442834],[113.117241,33.442514],[113.118761,33.441388],[113.119628,33.440175],[113.119671,33.439575],[113.119394,33.436055],[113.11959,33.435846],[113.119861,33.435721],[113.120003,33.435464],[113.119864,33.435135],[113.119799,33.434002],[113.119647,33.433563],[113.119631,33.433134],[113.11985,33.432431],[113.120199,33.431784],[113.120548,33.431278],[113.120186,33.429026],[113.120073,33.42869],[113.120001,33.428616],[113.119593,33.42846],[113.11918,33.428173],[113.119024,33.427965],[113.118839,33.427486],[113.117935,33.427148],[113.117029,33.426913],[113.116634,33.426888],[113.116329,33.426924],[113.115631,33.427173],[113.115524,33.427184],[113.115511,33.427155],[113.115535,33.427036],[113.115782,33.426653],[113.116288,33.426167],[113.116852,33.425695],[113.117343,33.425209],[113.1179,33.424909],[113.118056,33.424672],[113.11815,33.424323],[113.118469,33.424421],[113.118727,33.424419],[113.119223,33.424276],[113.121108,33.423405],[113.121535,33.423159],[113.121454,33.422966],[113.119684,33.421133],[113.119596,33.421115],[113.119175,33.421242],[113.118582,33.421495],[113.118273,33.421482],[113.117576,33.421319],[113.117246,33.421276],[113.116634,33.421281],[113.11594,33.421433],[113.115234,33.421708],[113.11433,33.422167],[113.1141,33.422344],[113.113995,33.422501],[113.113773,33.422657],[113.112697,33.423703],[113.112485,33.423795],[113.112271,33.423848],[113.111501,33.42377],[113.110492,33.423584],[113.108556,33.424943],[113.107477,33.425879],[113.106667,33.426385],[113.106013,33.42687],[113.105243,33.427334],[113.104953,33.42756],[113.104857,33.427815],[113.104565,33.428173],[113.104355,33.428281],[113.104114,33.428316],[113.103661,33.428205],[113.103282,33.428377],[113.103162,33.428536],[113.103009,33.428661],[113.102092,33.429333],[113.101936,33.429516],[113.101941,33.429615],[113.102097,33.430062],[113.102129,33.430277],[113.102067,33.430407],[113.101772,33.430779],[113.101649,33.430879],[113.101526,33.430944],[113.101362,33.430969],[113.101131,33.430929],[113.100914,33.430848],[113.100592,33.43066],[113.100445,33.430667],[113.100158,33.430897],[113.099594,33.431242],[113.098066,33.432046],[113.097768,33.432252],[113.097481,33.432395],[113.097532,33.432963],[113.096593,33.433906],[113.096572,33.433968],[113.096032,33.434336],[113.09647,33.434405],[113.097041,33.434418],[113.097108,33.434609],[113.097175,33.434678],[113.097652,33.434665],[113.097706,33.434712],[113.097441,33.435045],[113.097285,33.435099],[113.096609,33.435123],[113.096035,33.434989],[113.095694,33.434971],[113.095587,33.43505],[113.095271,33.435139],[113.095308,33.435515],[113.094917,33.435502],[113.094903,33.435654],[113.095072,33.436075],[113.095201,33.436305],[113.095134,33.436444],[113.095217,33.4371],[113.095284,33.437138],[113.096105,33.437133],[113.096223,33.437702],[113.096207,33.437917],[113.09555,33.437881],[113.09508,33.43791],[113.095008,33.438078],[113.094946,33.438483],[113.094828,33.438732],[113.094487,33.438729],[113.094399,33.438479],[113.094082,33.438508],[113.093857,33.43857],[113.093758,33.437984],[113.093769,33.437677],[113.092806,33.437657],[113.091942,33.437534],[113.091609,33.437449],[113.091668,33.438009],[113.091778,33.43857],[113.090936,33.438669],[113.090692,33.438727],[113.090754,33.43887],[113.090824,33.43919],[113.090724,33.439193],[113.090778,33.439486],[113.090757,33.43977],[113.090778,33.439978],[113.090488,33.440108],[113.09003,33.43984],[113.089681,33.43973],[113.089155,33.439734],[113.088823,33.439667],[113.08863,33.440104],[113.088699,33.440283],[113.088681,33.440365],[113.088225,33.440804],[113.088109,33.440811],[113.087997,33.440721],[113.087927,33.440757],[113.088313,33.441319],[113.088005,33.441375],[113.08783,33.441444],[113.086918,33.442006],[113.086114,33.442113],[113.085631,33.442127],[113.085076,33.441867],[113.084789,33.44165],[113.08466,33.441505],[113.084437,33.440518],[113.084319,33.440171],[113.084105,33.439831],[113.083909,33.439358],[113.083633,33.438508],[113.083246,33.438029],[113.083195,33.437921],[113.08352,33.437651],[113.083729,33.437391],[113.083603,33.437299],[113.083726,33.43718],[113.083246,33.436498],[113.082334,33.436757],[113.082283,33.43674],[113.082192,33.436565],[113.082176,33.4365],[113.08282,33.436274],[113.082857,33.43618],[113.082675,33.435408],[113.082782,33.435341],[113.08338,33.435155],[113.083354,33.435083],[113.083061,33.434826],[113.082879,33.434741],[113.082782,33.434741],[113.082372,33.435155],[113.082109,33.43513],[113.081688,33.435186],[113.081535,33.435276],[113.081074,33.435842],[113.080924,33.435873],[113.080661,33.435578],[113.080623,33.435408],[113.080615,33.435132],[113.080795,33.434584],[113.080843,33.434371],[113.080854,33.434123],[113.080722,33.43374],[113.080535,33.433449],[113.080293,33.433203],[113.080248,33.432892],[113.080478,33.432176],[113.080586,33.431943],[113.080119,33.43192],[113.079859,33.432426],[113.079703,33.432818],[113.079376,33.432791],[113.079038,33.432672],[113.078815,33.432536],[113.078711,33.432536],[113.078518,33.432319],[113.078397,33.43199],[113.078345,33.4316],[113.078316,33.430877],[113.078011,33.430671],[113.077928,33.430698],[113.077724,33.430902],[113.077592,33.431153],[113.077316,33.431506],[113.077042,33.431791],[113.075768,33.432294],[113.075656,33.432305],[113.075607,33.432276],[113.075444,33.431457],[113.075927,33.431146],[113.076232,33.430772],[113.076332,33.430544],[113.07635,33.43013],[113.076425,33.429664],[113.076385,33.428981],[113.076246,33.428847],[113.076291,33.428728],[113.076289,33.428471],[113.076192,33.427605],[113.075902,33.426846],[113.075892,33.426492],[113.075827,33.426373],[113.075744,33.426311],[113.075337,33.426333],[113.075243,33.426373],[113.075111,33.426548],[113.075001,33.426615],[113.074465,33.42679],[113.074052,33.426745],[113.073287,33.426602],[113.073027,33.426644],[113.072512,33.426503],[113.072397,33.42642],[113.072273,33.426253],[113.072104,33.425892],[113.071906,33.425588],[113.071485,33.425097],[113.071361,33.425015],[113.07115,33.424748],[113.070994,33.424435],[113.07086,33.424052],[113.070809,33.423774],[113.070876,33.422805],[113.070868,33.421869],[113.067907,33.421699],[113.064575,33.421457],[113.064184,33.421498],[113.063739,33.421802],[113.061469,33.422297],[113.060847,33.422395],[113.05941,33.422751],[113.058865,33.422841],[113.058734,33.422899],[113.057795,33.422953],[113.057296,33.423152],[113.057261,33.42313],[113.057111,33.422355],[113.057076,33.421807],[113.056961,33.421234],[113.056896,33.421178],[113.056762,33.421227],[113.0561,33.421245],[113.055236,33.421189],[113.055008,33.420553],[113.054635,33.420175],[113.055963,33.420264],[113.05622,33.420246],[113.056175,33.420148],[113.055335,33.419225],[113.055048,33.418782],[113.054971,33.41856],[113.054785,33.417889],[113.054734,33.417439],[113.054726,33.416727],[113.054788,33.41664],[113.054818,33.416436],[113.054743,33.415601],[113.054485,33.414743],[113.054488,33.414374],[113.054413,33.41413],[113.054203,33.413745],[113.054096,33.413322],[113.054018,33.413169],[113.053654,33.412905],[113.05331,33.413709],[113.053023,33.413765],[113.052825,33.413747],[113.052707,33.41364],[113.052559,33.413604],[113.051696,33.413763],[113.051529,33.413704],[113.050977,33.413617],[113.050628,33.413615],[113.048737,33.413863],[113.048313,33.413854],[113.047581,33.413684],[113.046752,33.413436],[113.046524,33.413467],[113.046227,33.412845],[113.04573,33.412036],[113.045644,33.41177],[113.045572,33.411166],[113.045685,33.410899],[113.046036,33.410339],[113.048233,33.412238],[113.048128,33.410942],[113.048182,33.410518],[113.048193,33.40963],[113.048501,33.408615],[113.04856,33.407753],[113.048643,33.40748],[113.048742,33.407308],[113.048745,33.407225],[113.048598,33.407041],[113.047611,33.406363],[113.046763,33.405078],[113.046342,33.40452],[113.046186,33.404419],[113.045317,33.404233],[113.044893,33.403786],[113.044703,33.40368],[113.043826,33.403439],[113.04296,33.403441],[113.042369,33.403369],[113.041645,33.403506],[113.041181,33.403727],[113.040149,33.404484],[113.039639,33.404717],[113.038118,33.404744],[113.037861,33.404684],[113.037756,33.404487],[113.037501,33.404247],[113.035715,33.403486],[113.034841,33.402957],[113.034028,33.402514],[113.033266,33.402371],[113.032789,33.402032],[113.032394,33.401703],[113.03181,33.401423],[113.03023,33.401087],[113.02994,33.401054],[113.029672,33.40111],[113.029168,33.401087],[113.028511,33.401031],[113.028333,33.400982],[113.02813,33.400548],[113.028038,33.400075],[113.027687,33.399128],[113.027548,33.398871],[113.027153,33.398463],[113.026982,33.398159],[113.026866,33.39791],[113.026767,33.397265],[113.026571,33.397106],[113.025997,33.396835],[113.025252,33.396425],[113.024715,33.396215],[113.024541,33.396213],[113.023471,33.396499],[113.022953,33.396564],[113.022612,33.396573],[113.022215,33.396508],[113.021977,33.396356],[113.021826,33.396215],[113.021588,33.396101],[113.021067,33.395668],[113.020767,33.395601],[113.0203,33.395637],[113.019968,33.395736],[113.019831,33.395948],[113.019697,33.396571],[113.018919,33.397536],[113.018554,33.397697],[113.018074,33.397717],[113.017908,33.39778],[113.017771,33.397968],[113.01754,33.398396],[113.017508,33.398597],[113.017551,33.398685],[113.017878,33.399041],[113.01798,33.399305],[113.017994,33.399457],[113.017977,33.399545],[113.017825,33.39976],[113.017296,33.400134],[113.017202,33.400322],[113.017141,33.400548],[113.017178,33.400884],[113.017393,33.401956],[113.017672,33.402438],[113.017685,33.402628],[113.017623,33.402729],[113.017232,33.402838],[113.016854,33.4031],[113.015918,33.403497],[113.015706,33.403508],[113.015314,33.403465],[113.014912,33.403338],[113.014402,33.40308],[113.014255,33.402953],[113.013887,33.402068],[113.013608,33.401549],[113.013305,33.401246],[113.013069,33.400942],[113.01235,33.400496],[113.012232,33.400331],[113.012205,33.400192],[113.012248,33.399021],[113.012221,33.398629],[113.012106,33.398313],[113.011749,33.397767],[113.011572,33.397641],[113.011393,33.397587],[113.011119,33.397637],[113.010245,33.397919],[113.008995,33.398049],[113.008756,33.398022],[113.008254,33.397545],[113.00782,33.397252],[113.006803,33.396864],[113.005503,33.396136],[113.00492,33.395879],[113.003477,33.395677],[113.002265,33.395303],[113.001772,33.395021],[113.001238,33.394779],[112.999642,33.395346],[112.999476,33.395373],[112.999556,33.394703],[112.999492,33.393973],[112.999529,33.393286],[112.99962,33.392665],[112.999559,33.392446],[112.999395,33.392188],[112.999175,33.392063]]]}},{"type":"Feature","properties":{"regionCode":"411322104","sourceCode":"411322104000","name":"小史店镇","sourceName":"小史店镇","parentCode":"411322","parentName":"方城县","regionLevel":"township","regionType":"town","isManagementZone":false,"source":"ruiduobao","sourceVersion":"mixed-legacy~2018-2020","geometryRepaired":false,"match2020":true,"match2023":true},"geometry":{"type":"Polygon","coordinates":[[[113.206475,33.069076],[113.203659,33.068766],[113.201022,33.070569],[113.19863,33.071901],[113.197423,33.072371],[113.197106,33.072648],[113.19694,33.073261],[113.196959,33.074001],[113.1969,33.074677],[113.196065,33.076543],[113.195537,33.077183],[113.194035,33.08017],[113.193914,33.080478],[113.193922,33.080849],[113.194113,33.081215],[113.194963,33.082092],[113.196124,33.083074],[113.196505,33.083786],[113.196672,33.08424],[113.19669,33.085002],[113.196664,33.086004],[113.196449,33.086813],[113.196334,33.087063],[113.196894,33.086858],[113.197702,33.086888],[113.198447,33.087002],[113.198884,33.087265],[113.199281,33.087267],[113.200121,33.088407],[113.200609,33.08942],[113.200808,33.090063],[113.200936,33.0906],[113.200966,33.090802],[113.200746,33.091721],[113.20066,33.092292],[113.200716,33.092564],[113.201065,33.093121],[113.201449,33.094319],[113.201593,33.09458],[113.201703,33.095184],[113.201639,33.095998],[113.20165,33.096319],[113.202184,33.097427],[113.202806,33.098341],[113.203055,33.098492],[113.203286,33.098827],[113.203372,33.098901],[113.203415,33.09911],[113.203777,33.099568],[113.204404,33.100004],[113.204874,33.099835],[113.204777,33.10088],[113.204093,33.103747],[113.203881,33.104264],[113.203407,33.104774],[113.202508,33.105163],[113.202184,33.105271],[113.201711,33.105835],[113.201542,33.106513],[113.201054,33.107064],[113.200904,33.107407],[113.200639,33.107751],[113.200059,33.108221],[113.199021,33.10765],[113.198549,33.107888],[113.199799,33.108551],[113.199601,33.109148],[113.199228,33.109912],[113.198871,33.110231],[113.198758,33.11044],[113.198463,33.111525],[113.198251,33.112155],[113.197272,33.114035],[113.1969,33.114457],[113.196328,33.114947],[113.195982,33.114976],[113.19565,33.115324],[113.195457,33.11559],[113.195022,33.11563],[113.194499,33.115749],[113.193909,33.115419],[113.193718,33.115194],[113.193322,33.114857],[113.193075,33.114491],[113.192946,33.114158],[113.192748,33.11423],[113.19234,33.114531],[113.192015,33.114844],[113.191755,33.115181],[113.191656,33.115643],[113.19084,33.115576],[113.191039,33.116014],[113.191329,33.116479],[113.191423,33.116697],[113.191795,33.117787],[113.191836,33.117991],[113.191846,33.118447],[113.191935,33.118831],[113.192136,33.119276],[113.192399,33.119451],[113.192699,33.119539],[113.193139,33.119561],[113.193292,33.119642],[113.193249,33.11971],[113.192849,33.119898],[113.192375,33.120419],[113.192337,33.120525],[113.19238,33.120637],[113.192774,33.120911],[113.192782,33.120979],[113.192745,33.121053],[113.192576,33.121107],[113.192149,33.121136],[113.192874,33.122014],[113.193005,33.122122],[113.193061,33.122313],[113.193069,33.122475],[113.192978,33.122677],[113.192726,33.122935],[113.191964,33.123528],[113.191535,33.123944],[113.191044,33.12436],[113.191503,33.124681],[113.191066,33.125056],[113.190808,33.1252],[113.19061,33.125355],[113.190229,33.125548],[113.19013,33.125656],[113.189931,33.125777],[113.189381,33.126062],[113.188984,33.126433],[113.188735,33.126565],[113.188295,33.126682],[113.188102,33.126828],[113.187622,33.127372],[113.187203,33.128008],[113.187241,33.128326],[113.187284,33.128446],[113.1873,33.128978],[113.18726,33.129081],[113.187174,33.1298],[113.187128,33.129926],[113.187093,33.130649],[113.18715,33.130739],[113.187638,33.131132],[113.187734,33.131267],[113.18807,33.131574],[113.188553,33.131844],[113.188802,33.132053],[113.188888,33.132042],[113.189789,33.132219],[113.190985,33.132253],[113.191224,33.132284],[113.192139,33.131983],[113.192259,33.131887],[113.192388,33.131586],[113.192656,33.131101],[113.193072,33.130027],[113.193222,33.129771],[113.194145,33.130867],[113.194944,33.131444],[113.19521,33.131761],[113.195449,33.131974],[113.195832,33.132614],[113.195929,33.132918],[113.195977,33.13365],[113.196387,33.133014],[113.19768,33.133789],[113.198107,33.134005],[113.199142,33.134753],[113.199904,33.135402],[113.200665,33.136129],[113.200912,33.136424],[113.20162,33.137455],[113.202106,33.138063],[113.202213,33.138263],[113.202833,33.138858],[113.203149,33.139231],[113.203313,33.139492],[113.20162,33.14145],[113.201132,33.141895],[113.19963,33.143],[113.199458,33.143099],[113.198839,33.143258],[113.198705,33.143346],[113.197793,33.14448],[113.197283,33.14523],[113.196763,33.145919],[113.195939,33.146867],[113.194958,33.148392],[113.194743,33.148641],[113.193965,33.14881],[113.193598,33.148839],[113.193185,33.148801],[113.19253,33.148679],[113.192415,33.148695],[113.192305,33.148778],[113.191916,33.149229],[113.191406,33.149914],[113.190993,33.150343],[113.190798,33.150759],[113.190682,33.151352],[113.190398,33.152288],[113.190588,33.153768],[113.190621,33.153927],[113.190701,33.154087],[113.190693,33.154408],[113.190752,33.154644],[113.191023,33.15507],[113.19102,33.155286],[113.190975,33.155474],[113.190865,33.15569],[113.190967,33.155818],[113.191149,33.155928],[113.191457,33.156022],[113.19175,33.156038],[113.192423,33.15593],[113.192678,33.155948],[113.193024,33.156047],[113.193284,33.156182],[113.193617,33.15629],[113.194901,33.156963],[113.195548,33.157107],[113.195803,33.157251],[113.195958,33.157406],[113.196393,33.158266],[113.196513,33.158349],[113.197103,33.158465],[113.197769,33.158517],[113.198048,33.15862],[113.198608,33.159126],[113.198949,33.159281],[113.199263,33.159494],[113.200982,33.160327],[113.202428,33.160569],[113.202851,33.160944],[113.203079,33.161234],[113.203345,33.161465],[113.203557,33.161795],[113.203804,33.16209],[113.203973,33.162229],[113.204083,33.162233],[113.204954,33.161809],[113.205137,33.161831],[113.205507,33.162002],[113.206698,33.162653],[113.207218,33.162855],[113.207564,33.163089],[113.207854,33.163531],[113.208028,33.16361],[113.208868,33.163695],[113.209734,33.163964],[113.210348,33.164229],[113.210633,33.1644],[113.210992,33.164438],[113.211322,33.16442],[113.212076,33.164613],[113.212529,33.164867],[113.213519,33.16526],[113.214042,33.165264],[113.214286,33.165312],[113.214444,33.165379],[113.214758,33.165585],[113.214916,33.165646],[113.21523,33.165871],[113.215442,33.166082],[113.215581,33.166329],[113.215739,33.166724],[113.215849,33.167258],[113.215943,33.16733],[113.216171,33.167386],[113.216627,33.167384],[113.217684,33.167204],[113.21795,33.167193],[113.218161,33.167265],[113.218199,33.167317],[113.218277,33.167855],[113.218411,33.168203],[113.21899,33.169016],[113.219258,33.169326],[113.219468,33.169528],[113.219677,33.169665],[113.219945,33.169782],[113.220101,33.169809],[113.221219,33.16984],[113.222432,33.169699],[113.222804,33.169602],[113.223448,33.169663],[113.223668,33.169598],[113.224097,33.169364],[113.224199,33.169369],[113.224883,33.169636],[113.225173,33.169833],[113.225508,33.17022],[113.225892,33.170832],[113.226146,33.171095],[113.226525,33.171888],[113.226635,33.171998],[113.226881,33.172404],[113.227128,33.172734],[113.227603,33.173316],[113.227412,33.173459],[113.227201,33.173688],[113.227069,33.173922],[113.226991,33.174225],[113.226975,33.174559],[113.2269,33.174871],[113.22693,33.174984],[113.227048,33.17519],[113.227439,33.175572],[113.228024,33.176241],[113.228169,33.176349],[113.228772,33.176647],[113.228963,33.176865],[113.22907,33.177181],[113.229046,33.177621],[113.229126,33.177819],[113.229397,33.178351],[113.230188,33.179467],[113.230304,33.179485],[113.230915,33.179321],[113.231111,33.179334],[113.231487,33.179536],[113.231731,33.179781],[113.23253,33.181112],[113.232702,33.181629],[113.232855,33.182392],[113.232922,33.182607],[113.233195,33.183068],[113.233292,33.183568],[113.233308,33.184008],[113.233257,33.184439],[113.23316,33.18476],[113.232906,33.184951],[113.232667,33.185032],[113.232211,33.185122],[113.230655,33.185299],[113.230221,33.185404],[113.229078,33.186046],[113.227976,33.186287],[113.227088,33.186437],[113.226455,33.186749],[113.225723,33.187427],[113.224489,33.187903],[113.224387,33.187977],[113.224325,33.188105],[113.22432,33.188257],[113.224636,33.189086],[113.224821,33.189371],[113.225122,33.189723],[113.225669,33.190154],[113.226779,33.190823],[113.22716,33.190985],[113.227466,33.191061],[113.228037,33.191281],[113.228456,33.191375],[113.228745,33.19157],[113.230167,33.192282],[113.230341,33.193303],[113.230384,33.194228],[113.230298,33.195061],[113.230494,33.195566],[113.230738,33.196372],[113.230717,33.196612],[113.230556,33.196906],[113.230532,33.19704],[113.230551,33.197126],[113.231355,33.197985],[113.23187,33.198656],[113.232101,33.198872],[113.232187,33.199087],[113.232181,33.199195],[113.232122,33.199327],[113.232004,33.19946],[113.231594,33.199698],[113.231288,33.199927],[113.231084,33.200023],[113.230964,33.200131],[113.230797,33.200362],[113.230433,33.200697],[113.229539,33.201161],[113.229462,33.201282],[113.229437,33.20143],[113.229507,33.201942],[113.229488,33.202131],[113.229346,33.202369],[113.229191,33.202546],[113.228394,33.203116],[113.228193,33.203383],[113.228072,33.203652],[113.228032,33.203848],[113.228075,33.204081],[113.228206,33.204337],[113.228402,33.204597],[113.229113,33.205351],[113.229285,33.205479],[113.228917,33.20593],[113.22845,33.206846],[113.228831,33.207156],[113.229274,33.207436],[113.229572,33.207551],[113.22955,33.207811],[113.229083,33.208585],[113.228764,33.209319],[113.229057,33.209321],[113.229301,33.209377],[113.23039,33.209844],[113.231951,33.210192],[113.232696,33.210187],[113.234086,33.210035],[113.234105,33.210093],[113.234067,33.210149],[113.23364,33.21034],[113.232664,33.210706],[113.230889,33.211267],[113.232259,33.211965],[113.233024,33.21227],[113.233635,33.212434],[113.234469,33.212856],[113.234636,33.213062],[113.234858,33.213695],[113.235529,33.214348],[113.236044,33.214646],[113.236422,33.214974],[113.238337,33.217213],[113.238672,33.217146],[113.239606,33.217056],[113.239818,33.21707],[113.240099,33.217173],[113.240421,33.21742],[113.24096,33.218266],[113.241489,33.218845],[113.241703,33.219042],[113.242535,33.219444],[113.243482,33.220162],[113.244023,33.220959],[113.244329,33.221306],[113.244589,33.221517],[113.244922,33.221654],[113.247271,33.222215],[113.24865,33.222655],[113.250251,33.222924],[113.250587,33.223086],[113.25071,33.223182],[113.251236,33.223772],[113.252199,33.224335],[113.252456,33.224533],[113.25358,33.224208],[113.254358,33.224044],[113.254631,33.224396],[113.256383,33.224302],[113.256522,33.225412],[113.256879,33.225354],[113.256866,33.224834],[113.256901,33.224784],[113.256976,33.224777],[113.257032,33.224813],[113.257303,33.225352],[113.257536,33.225504],[113.257968,33.225585],[113.25818,33.225558],[113.258438,33.225417],[113.258848,33.225067],[113.259006,33.22513],[113.259242,33.225132],[113.259639,33.225006],[113.260025,33.224986],[113.260117,33.225906],[113.260194,33.226319],[113.260304,33.226523],[113.260444,33.226593],[113.260637,33.226595],[113.260581,33.226056],[113.261206,33.225502],[113.26149,33.225332],[113.26164,33.225273],[113.262209,33.22517],[113.2623,33.225107],[113.262421,33.22478],[113.262415,33.224647],[113.262464,33.224596],[113.262686,33.224593],[113.262788,33.225002],[113.262893,33.225677],[113.264655,33.226052],[113.265433,33.226339],[113.265969,33.226498],[113.265832,33.226063],[113.265704,33.225899],[113.265465,33.225684],[113.264727,33.225356],[113.264419,33.225134],[113.263641,33.224663],[113.263461,33.224492],[113.263373,33.224156],[113.263257,33.222352],[113.263491,33.222706],[113.263582,33.223016],[113.264008,33.223694],[113.264105,33.22392],[113.26418,33.224392],[113.264301,33.224405],[113.264373,33.224304],[113.264448,33.223754],[113.264365,33.223131],[113.265258,33.223039],[113.265586,33.22362],[113.266047,33.224118],[113.266291,33.224252],[113.266621,33.224376],[113.268024,33.224544],[113.268169,33.22462],[113.268206,33.224811],[113.268185,33.224865],[113.268,33.224982],[113.267957,33.225044],[113.267927,33.225233],[113.267785,33.225552],[113.267836,33.22589],[113.267994,33.226186],[113.268024,33.226617],[113.267954,33.22677],[113.268152,33.227079],[113.268338,33.227167],[113.268724,33.226909],[113.268933,33.226682],[113.269166,33.226541],[113.269247,33.226409],[113.269303,33.225998],[113.2694,33.225709],[113.269496,33.22563],[113.269587,33.225415],[113.269762,33.225282],[113.270046,33.224681],[113.270202,33.224196],[113.270293,33.223745],[113.270242,33.223422],[113.270049,33.222953],[113.27007,33.222112],[113.270628,33.221775],[113.270894,33.221706],[113.271012,33.221717],[113.271106,33.221773],[113.271124,33.221856],[113.271189,33.221935],[113.271326,33.221997],[113.271344,33.222938],[113.271291,33.223884],[113.271312,33.223918],[113.271272,33.224116],[113.271363,33.224122],[113.271355,33.224194],[113.271814,33.224147],[113.271859,33.224356],[113.271615,33.224454],[113.271508,33.224454],[113.271427,33.224506],[113.27143,33.224715],[113.271323,33.22521],[113.271283,33.22526],[113.27099,33.225237],[113.270875,33.225511],[113.270768,33.225664],[113.271505,33.226072],[113.271913,33.226231],[113.27272,33.226379],[113.273096,33.226525],[113.272895,33.227163],[113.272849,33.227394],[113.272841,33.22767],[113.272932,33.228401],[113.273136,33.2292],[113.273198,33.229613],[113.272881,33.230375],[113.273286,33.230582],[113.273793,33.230615],[113.274094,33.230465],[113.274268,33.23044],[113.274871,33.230586],[113.27548,33.230835],[113.275909,33.231087],[113.27607,33.231416],[113.276086,33.231744],[113.276505,33.2318],[113.277189,33.231773],[113.277409,33.232049],[113.277994,33.232101],[113.278436,33.232022],[113.278581,33.23204],[113.278677,33.232087],[113.278814,33.232285],[113.278978,33.232309],[113.279144,33.232392],[113.279369,33.232677],[113.279466,33.232724],[113.279699,33.232754],[113.280265,33.232758],[113.280424,33.232839],[113.280595,33.233003],[113.280668,33.233281],[113.28088,33.233514],[113.280909,33.233478],[113.280791,33.233312],[113.28081,33.233288],[113.281062,33.233532],[113.281553,33.232908],[113.282191,33.232904],[113.28284,33.233007],[113.283229,33.232973],[113.284195,33.233018],[113.284597,33.232702],[113.285375,33.23233],[113.28571,33.232065],[113.285123,33.231894],[113.284986,33.231636],[113.284788,33.231627],[113.284423,33.231484],[113.284278,33.231219],[113.284042,33.230986],[113.283897,33.23106],[113.283768,33.230974],[113.283688,33.230667],[113.283731,33.230573],[113.283248,33.230436],[113.283221,33.230402],[113.283723,33.230485],[113.28379,33.230562],[113.283752,33.230683],[113.283819,33.230927],[113.284053,33.230918],[113.284085,33.230698],[113.284168,33.230645],[113.284326,33.230672],[113.284305,33.230508],[113.284332,33.230483],[113.284385,33.230716],[113.284184,33.230755],[113.284125,33.230948],[113.284557,33.231405],[113.28482,33.231551],[113.285101,33.231564],[113.285185,33.231766],[113.285431,33.231894],[113.285839,33.232031],[113.28578,33.232235],[113.284922,33.232763],[113.284632,33.232987],[113.285211,33.233025],[113.28733,33.233386],[113.288924,33.233238],[113.289951,33.232949],[113.291123,33.232345],[113.291571,33.231991],[113.291667,33.231764],[113.291638,33.231188],[113.291729,33.230523],[113.291957,33.229817],[113.292298,33.229222],[113.292713,33.228711],[113.292802,33.228531],[113.293435,33.228087],[113.294041,33.227793],[113.294004,33.227447],[113.293894,33.227346],[113.293969,33.227221],[113.293996,33.226987],[113.294205,33.226611],[113.294454,33.226274],[113.294433,33.22607],[113.294494,33.225783],[113.29457,33.226133],[113.294511,33.226427],[113.294307,33.226658],[113.294191,33.227189],[113.294433,33.227571],[113.294894,33.226961],[113.295575,33.226388],[113.296021,33.22613],[113.296654,33.225641],[113.297037,33.224746],[113.297423,33.224268],[113.297547,33.224165],[113.29782,33.223458],[113.297794,33.222969],[113.29781,33.222278],[113.298008,33.220694],[113.298279,33.220196],[113.298528,33.220012],[113.298545,33.219843],[113.298872,33.219686],[113.299373,33.219621],[113.299521,33.219475],[113.299607,33.219237],[113.299639,33.218995],[113.299408,33.21889],[113.298657,33.218912],[113.29852,33.218739],[113.298217,33.218497],[113.297987,33.218015],[113.298115,33.217586],[113.298504,33.217357],[113.298588,33.217222],[113.298633,33.217005],[113.29859,33.216785],[113.298472,33.216639],[113.297981,33.216486],[113.297445,33.216534],[113.295916,33.21676],[113.295457,33.216596],[113.294956,33.216116],[113.29465,33.216069],[113.29439,33.216109],[113.294202,33.216262],[113.293751,33.216338],[113.293384,33.216083],[113.293234,33.215697],[113.293285,33.215692],[113.293698,33.216215],[113.294529,33.215925],[113.294736,33.215921],[113.294991,33.216004],[113.295363,33.216367],[113.295712,33.216569],[113.295892,33.21663],[113.297812,33.216332],[113.298199,33.216363],[113.298164,33.216121],[113.298051,33.216112],[113.297456,33.21551],[113.297525,33.215488],[113.297936,33.215854],[113.298199,33.216031],[113.298333,33.21628],[113.298582,33.216466],[113.298781,33.216702],[113.298893,33.217198],[113.298671,33.217564],[113.298381,33.217927],[113.298247,33.218151],[113.298456,33.218441],[113.298799,33.21856],[113.299599,33.218719],[113.299851,33.218811],[113.29999,33.218899],[113.300047,33.219105],[113.300232,33.219107],[113.300237,33.219148],[113.300036,33.219199],[113.29976,33.219641],[113.300677,33.219671],[113.301001,33.219534],[113.301707,33.219648],[113.302045,33.219852],[113.302659,33.220523],[113.303477,33.220997],[113.303737,33.220772],[113.303804,33.220247],[113.303866,33.217036],[113.303756,33.215699],[113.303729,33.214909],[113.303764,33.21453],[113.304091,33.213726],[113.304228,33.21297],[113.304156,33.212364],[113.304057,33.211942],[113.304392,33.210858],[113.30466,33.2106],[113.304791,33.210638],[113.30448,33.211253],[113.304306,33.21185],[113.304582,33.212681],[113.304483,33.213587],[113.304075,33.214413],[113.303989,33.215371],[113.304091,33.216307],[113.304118,33.21635],[113.304156,33.21711],[113.304105,33.218715],[113.304108,33.220487],[113.304086,33.221158],[113.304024,33.221389],[113.304604,33.221793],[113.305178,33.221975],[113.307219,33.222969],[113.308359,33.223328],[113.308949,33.223122],[113.309869,33.222688],[113.310655,33.222053],[113.31125,33.221243],[113.311752,33.220409],[113.311929,33.219206],[113.311618,33.218158],[113.311191,33.217301],[113.310781,33.216706],[113.310185,33.216116],[113.309617,33.215937],[113.308699,33.215571],[113.308179,33.214992],[113.307962,33.214644],[113.307726,33.21437],[113.307766,33.213646],[113.309123,33.213785],[113.309134,33.214029],[113.309351,33.214705],[113.309579,33.214891],[113.310271,33.215252],[113.310644,33.215483],[113.312007,33.216522],[113.312717,33.216994],[113.31335,33.217752],[113.313434,33.219282],[113.313318,33.220023],[113.312889,33.22088],[113.313216,33.220824],[113.313321,33.221098],[113.313342,33.221293],[113.313584,33.221246],[113.313841,33.221282],[113.313986,33.221392],[113.313898,33.221405],[113.313321,33.221338],[113.313203,33.221282],[113.313216,33.221062],[113.313074,33.220938],[113.312841,33.221042],[113.312758,33.22121],[113.312527,33.221311],[113.312245,33.221591],[113.31158,33.22241],[113.311661,33.222881],[113.311698,33.222935],[113.311438,33.22274],[113.310893,33.223101],[113.311272,33.224492],[113.311577,33.225469],[113.310829,33.225572],[113.311218,33.227133],[113.311543,33.228217],[113.31172,33.228536],[113.312082,33.230001],[113.313903,33.229639],[113.313986,33.230227],[113.314048,33.230362],[113.314109,33.230393],[113.31401,33.230593],[113.31412,33.23213],[113.313203,33.232525],[113.312701,33.232682],[113.311843,33.232861],[113.311245,33.233101],[113.311178,33.233685],[113.311213,33.234349],[113.31158,33.234353],[113.311819,33.234405],[113.312125,33.234329],[113.31213,33.234443],[113.312248,33.234528],[113.31228,33.234589],[113.312269,33.234636],[113.312208,33.234676],[113.312208,33.234937],[113.312481,33.234939],[113.312672,33.234984],[113.313002,33.235271],[113.313012,33.235643],[113.312945,33.235966],[113.312948,33.236209],[113.313053,33.236415],[113.313168,33.236559],[113.313329,33.236677],[113.313737,33.236843],[113.31423,33.23694],[113.314734,33.236974],[113.315426,33.236691],[113.315821,33.236619],[113.316556,33.236709],[113.316784,33.236637],[113.316977,33.236424],[113.317242,33.236045],[113.317618,33.235894],[113.318404,33.235699],[113.318927,33.235681],[113.319565,33.235751],[113.321231,33.236296],[113.321526,33.236473],[113.321724,33.236404],[113.321891,33.236305],[113.321928,33.23622],[113.321917,33.235235],[113.322628,33.235197],[113.322682,33.236011],[113.322821,33.236114],[113.322942,33.236143],[113.32372,33.236045],[113.324353,33.235881],[113.324372,33.236971],[113.324887,33.236879],[113.325227,33.236882],[113.325758,33.237016],[113.32586,33.236953],[113.325796,33.236186],[113.325769,33.234806],[113.325887,33.234813],[113.326579,33.235129],[113.327,33.235257],[113.327451,33.235313],[113.328937,33.235356],[113.329237,33.23541],[113.329444,33.235491],[113.329623,33.235966],[113.329661,33.236186],[113.330219,33.236083],[113.33097,33.236004],[113.331879,33.235724],[113.331965,33.236296],[113.331471,33.236388],[113.331469,33.236962],[113.332719,33.236947],[113.333148,33.236987],[113.333695,33.236929],[113.333606,33.236541],[113.334006,33.236467],[113.334183,33.237045],[113.334239,33.237932],[113.333786,33.238017],[113.333778,33.238281],[113.335374,33.238124],[113.335709,33.239901],[113.336208,33.23974],[113.336543,33.239789],[113.337276,33.239628],[113.338354,33.239567],[113.338703,33.239475],[113.339311,33.23926],[113.339159,33.238836],[113.340108,33.238667],[113.340773,33.238732],[113.342012,33.238717],[113.34389,33.240018],[113.345741,33.242649],[113.346886,33.243735],[113.347954,33.244908],[113.348329,33.24474],[113.349893,33.244199],[113.349458,33.243383],[113.35106,33.242986],[113.351521,33.243825],[113.352143,33.243643],[113.354184,33.245303],[113.354554,33.245639],[113.354823,33.245799],[113.35489,33.247836],[113.354029,33.247443],[113.352883,33.247243],[113.351891,33.247008],[113.350732,33.246844],[113.350174,33.246871],[113.350765,33.247248],[113.350974,33.247468],[113.351448,33.247827],[113.351768,33.249805],[113.351765,33.250059],[113.352047,33.251449],[113.352218,33.251389],[113.352567,33.251416],[113.353098,33.251635],[113.353879,33.25186],[113.35405,33.252721],[113.353723,33.252651],[113.353085,33.252658],[113.353388,33.253766],[113.353618,33.254249],[113.353616,33.254349],[113.353374,33.254493],[113.353259,33.255973],[113.35453,33.257144],[113.354756,33.257516],[113.355,33.257712],[113.356263,33.259212],[113.356679,33.259398],[113.356502,33.259488],[113.355928,33.260156],[113.356381,33.260248],[113.356837,33.260239],[113.358889,33.261388],[113.360289,33.262314],[113.361303,33.263155],[113.361807,33.263529],[113.362328,33.264202],[113.362716,33.264175],[113.363226,33.264252],[113.363843,33.26427],[113.364111,33.264427],[113.364479,33.264429],[113.365428,33.264523],[113.366978,33.264622],[113.367158,33.264559],[113.367705,33.264131],[113.368051,33.263781],[113.368185,33.263512],[113.368277,33.262554],[113.368982,33.262561],[113.369073,33.262078],[113.369132,33.261471],[113.368118,33.261491],[113.36796,33.26135],[113.368011,33.261011],[113.368301,33.260688],[113.368845,33.260533],[113.36913,33.260517],[113.369328,33.260569],[113.369524,33.260778],[113.36969,33.261036],[113.36972,33.261262],[113.369637,33.261394],[113.369583,33.261646],[113.369693,33.261856],[113.369822,33.261973],[113.369932,33.261975],[113.370221,33.261926],[113.370449,33.261785],[113.37038,33.261944],[113.370479,33.262128],[113.371455,33.263388],[113.371576,33.263431],[113.3719,33.263218],[113.371973,33.263642],[113.372619,33.264673],[113.372708,33.264994],[113.372928,33.265155],[113.37319,33.26518],[113.373295,33.265232],[113.373292,33.265528],[113.373349,33.265949],[113.373612,33.266136],[113.373869,33.266429],[113.374317,33.266851],[113.374357,33.267122],[113.374446,33.267284],[113.374695,33.267497],[113.374827,33.267757],[113.374988,33.267883],[113.375929,33.26812],[113.37606,33.270076],[113.376235,33.270636],[113.376884,33.2715],[113.376932,33.27161],[113.3769,33.271648],[113.377179,33.272513],[113.378013,33.272397],[113.379405,33.272439],[113.379494,33.272397],[113.379617,33.272271],[113.379722,33.272265],[113.380572,33.272749],[113.380993,33.272928],[113.381076,33.272935],[113.381894,33.273446],[113.382098,33.273617],[113.382262,33.27396],[113.38239,33.274321],[113.382694,33.275938],[113.383101,33.276561],[113.383434,33.276857],[113.383619,33.276963],[113.383833,33.276725],[113.384319,33.276803],[113.385435,33.277189],[113.385955,33.277294],[113.386298,33.2772],[113.386602,33.276963],[113.387342,33.276223],[113.387846,33.275505],[113.387943,33.275211],[113.388326,33.274691],[113.388484,33.274397],[113.388533,33.274052],[113.38879,33.27372],[113.388865,33.273195],[113.388664,33.272464],[113.388584,33.271942],[113.388624,33.271652],[113.388731,33.271255],[113.388959,33.27085],[113.388954,33.270518],[113.389125,33.270271],[113.38941,33.270049],[113.389868,33.269542],[113.390265,33.269264],[113.390853,33.269556],[113.391987,33.272448],[113.39262,33.272291],[113.395059,33.270504],[113.395496,33.270092],[113.396118,33.26886],[113.396241,33.268336],[113.396601,33.266297],[113.397057,33.265333],[113.39766,33.264653],[113.399712,33.262641],[113.399978,33.262231],[113.400187,33.261067],[113.400364,33.258743],[113.400619,33.257925],[113.401319,33.256433],[113.40112,33.256117],[113.399744,33.255043],[113.398765,33.254538],[113.397926,33.254148],[113.396987,33.253847],[113.394991,33.254118],[113.393693,33.254121],[113.393972,33.253773],[113.393927,33.253226],[113.394039,33.252784],[113.394082,33.252288],[113.394318,33.251398],[113.394704,33.251054],[113.394892,33.250729],[113.394831,33.250415],[113.394675,33.250054],[113.394023,33.2493],[113.394353,33.248867],[113.394715,33.248491],[113.394895,33.247876],[113.395126,33.247564],[113.395209,33.247293],[113.395139,33.246692],[113.394372,33.246689],[113.39585,33.243836],[113.396174,33.24249],[113.396408,33.24096],[113.396488,33.240619],[113.396762,33.239778],[113.396821,33.239329],[113.396735,33.238739],[113.396566,33.238124],[113.396577,33.237083],[113.396072,33.235939],[113.396024,33.235396],[113.396078,33.234053],[113.396587,33.234248],[113.398261,33.234158],[113.398339,33.233866],[113.398752,33.233828],[113.398669,33.233337],[113.396633,33.233332],[113.39659,33.233032],[113.398623,33.232904],[113.398449,33.232226],[113.398119,33.232159],[113.396579,33.232015],[113.396515,33.23158],[113.398044,33.231383],[113.397985,33.23095],[113.39781,33.230665],[113.397593,33.230191],[113.397279,33.229898],[113.396775,33.228199],[113.396054,33.227784],[113.395603,33.227665],[113.395461,33.227344],[113.394476,33.227351],[113.394206,33.227827],[113.39331,33.227961],[113.393347,33.229319],[113.392138,33.229229],[113.392113,33.229664],[113.390493,33.229666],[113.389844,33.229794],[113.38926,33.230068],[113.388774,33.2302],[113.388337,33.230043],[113.38805,33.229586],[113.387481,33.229377],[113.386685,33.229276],[113.386371,33.229422],[113.386108,33.229211],[113.385979,33.228868],[113.385918,33.228365],[113.385716,33.227928],[113.385437,33.227613],[113.385199,33.227454],[113.385024,33.227212],[113.385242,33.226756],[113.385231,33.226353],[113.385099,33.225985],[113.384845,33.225666],[113.38467,33.225354],[113.384437,33.225159],[113.384196,33.224892],[113.383697,33.223835],[113.383195,33.223548],[113.382533,33.223451],[113.381763,33.223402],[113.381666,33.222944],[113.380188,33.222846],[113.380019,33.222338],[113.379832,33.221941],[113.37974,33.22134],[113.380014,33.221109],[113.380325,33.220929],[113.380202,33.220608],[113.380151,33.220223],[113.380162,33.219857],[113.380001,33.219552],[113.380017,33.219125],[113.380239,33.218728],[113.380403,33.21832],[113.380202,33.218012],[113.379727,33.217857],[113.379255,33.217974],[113.378936,33.217698],[113.379054,33.217332],[113.378799,33.216504],[113.37841,33.216356],[113.378657,33.215789],[113.378579,33.215252],[113.378684,33.21477],[113.37856,33.214242],[113.378287,33.213908],[113.377994,33.213414],[113.377981,33.213037],[113.378295,33.212604],[113.3786,33.212398],[113.378348,33.212126],[113.37801,33.211853],[113.377908,33.211491],[113.37782,33.210885],[113.378026,33.210499],[113.378072,33.210158],[113.377713,33.209669],[113.377809,33.209126],[113.377986,33.208845],[113.377761,33.208533],[113.377364,33.208314],[113.377326,33.208002],[113.377402,33.207344],[113.377399,33.206981],[113.377297,33.206532],[113.377265,33.205843],[113.377109,33.205136],[113.377281,33.203762],[113.377573,33.2026],[113.377533,33.202209],[113.377592,33.201662],[113.377938,33.200131],[113.377847,33.199415],[113.377874,33.198937],[113.377997,33.198172],[113.378104,33.197907],[113.378254,33.197664],[113.379325,33.197034],[113.379979,33.196437],[113.379974,33.196154],[113.379598,33.19575],[113.379132,33.195431],[113.378684,33.195252],[113.378174,33.195256],[113.377796,33.195294],[113.377318,33.195135],[113.377123,33.194807],[113.376803,33.193519],[113.376578,33.193088],[113.376028,33.192731],[113.375623,33.192388],[113.375473,33.191891],[113.375242,33.191317],[113.375165,33.190994],[113.375173,33.19032],[113.375084,33.189952],[113.374749,33.189366],[113.374566,33.188686],[113.374282,33.187874],[113.374102,33.187586],[113.373778,33.18731],[113.373346,33.187077],[113.373271,33.186762],[113.373451,33.186408],[113.373984,33.186087],[113.373869,33.185788],[113.373475,33.185748],[113.372984,33.185829],[113.372641,33.185692],[113.37234,33.185404],[113.372244,33.184677],[113.371914,33.184497],[113.371501,33.184547],[113.371187,33.184735],[113.37094,33.185025],[113.370739,33.185377],[113.370575,33.185806],[113.370377,33.18612],[113.370127,33.186336],[113.36943,33.187137],[113.369038,33.187261],[113.368548,33.187124],[113.366791,33.18619],[113.366426,33.186073],[113.36604,33.186237],[113.365769,33.186437],[113.365332,33.18663],[113.365289,33.186264],[113.365439,33.185914],[113.365393,33.18553],[113.364994,33.185384],[113.364709,33.185519],[113.364505,33.185752],[113.364455,33.186096],[113.364511,33.186471],[113.364744,33.187386],[113.36464,33.187788],[113.364176,33.187961],[113.3628,33.187707],[113.362376,33.187517],[113.361019,33.187074],[113.359857,33.186302],[113.360423,33.186026],[113.36104,33.185472],[113.361335,33.185344],[113.361665,33.185317],[113.361815,33.18492],[113.362185,33.184655],[113.362328,33.183849],[113.362955,33.183245],[113.362955,33.182949],[113.363183,33.182603],[113.363875,33.182194],[113.364924,33.181918],[113.365289,33.181876],[113.366139,33.1819],[113.367024,33.181766],[113.367357,33.181678],[113.367609,33.181483],[113.367695,33.181141],[113.36744,33.180798],[113.367303,33.180425],[113.367579,33.180149],[113.368918,33.179496],[113.369299,33.179467],[113.369706,33.179518],[113.370034,33.179236],[113.370275,33.178391],[113.370634,33.178281],[113.371007,33.178279],[113.371313,33.178342],[113.371868,33.178686],[113.372262,33.178867],[113.373335,33.17915],[113.374148,33.17942],[113.374851,33.179444],[113.375138,33.179325],[113.375326,33.178728],[113.375663,33.178484],[113.376339,33.178362],[113.376734,33.178385],[113.377187,33.178701],[113.377592,33.178865],[113.378112,33.178733],[113.379142,33.178171],[113.379518,33.177765],[113.379062,33.17528],[113.379483,33.175085],[113.379451,33.174804],[113.378936,33.172752],[113.377734,33.172954],[113.377297,33.171859],[113.377098,33.170756],[113.377959,33.170469],[113.378158,33.170166],[113.378887,33.16834],[113.379502,33.168581],[113.379577,33.166663],[113.379464,33.166129],[113.380816,33.166014],[113.381379,33.165644],[113.381586,33.165312],[113.380816,33.164984],[113.38051,33.164914],[113.380143,33.164988],[113.37973,33.164995],[113.37962,33.164651],[113.380212,33.164223],[113.380357,33.163946],[113.380387,33.163102],[113.380352,33.162727],[113.379982,33.162651],[113.379762,33.162417],[113.379738,33.161746],[113.379681,33.161402],[113.379421,33.161221],[113.379207,33.160915],[113.379539,33.1607],[113.379617,33.160345],[113.379633,33.159656],[113.379486,33.159256],[113.379148,33.159447],[113.378839,33.159391],[113.378225,33.159114],[113.377895,33.158764],[113.377308,33.158486],[113.377361,33.158162],[113.377318,33.157808],[113.377152,33.157522],[113.376747,33.157403],[113.376409,33.157168],[113.376165,33.156876],[113.376079,33.156501],[113.376114,33.156124],[113.376476,33.155497],[113.376205,33.155106],[113.376369,33.154776],[113.376747,33.154581],[113.377037,33.154118],[113.37749,33.153961],[113.377579,33.15366],[113.377399,33.15249],[113.377723,33.152207],[113.377946,33.151799],[113.378332,33.151219],[113.378716,33.151194],[113.379593,33.151248],[113.380009,33.151051],[113.380473,33.150925],[113.380808,33.150911],[113.381014,33.150559],[113.381084,33.150103],[113.381012,33.149369],[113.381044,33.149057],[113.380972,33.148742],[113.38084,33.148432],[113.381009,33.148122],[113.381234,33.147848],[113.381336,33.147509],[113.381047,33.147401],[113.380188,33.147186],[113.379866,33.146436],[113.379754,33.146101],[113.379727,33.145239],[113.379132,33.144891],[113.378906,33.144684],[113.378399,33.144192],[113.378185,33.143819],[113.377882,33.143642],[113.377729,33.143361],[113.377949,33.142854],[113.37981,33.140943],[113.380003,33.140561],[113.380129,33.140197],[113.380121,33.139896],[113.379585,33.138468],[113.378389,33.135781],[113.377973,33.134542],[113.377573,33.132994],[113.377686,33.132733],[113.378665,33.132691],[113.378651,33.132217],[113.37871,33.131882],[113.379569,33.131118],[113.380609,33.130703],[113.380789,33.130382],[113.380438,33.130101],[113.380285,33.129829],[113.381572,33.129735],[113.382305,33.129515],[113.382624,33.129198],[113.382482,33.128511],[113.382082,33.127383],[113.381723,33.126925],[113.381331,33.12688],[113.381052,33.127127],[113.380639,33.127756],[113.380253,33.127796],[113.379958,33.127561],[113.379829,33.127253],[113.379923,33.126217],[113.380529,33.125966],[113.380797,33.125272],[113.380942,33.121513],[113.38069,33.121311],[113.378603,33.119869],[113.377275,33.119137],[113.375331,33.118312],[113.374051,33.117957],[113.373397,33.117937],[113.372498,33.118056],[113.372169,33.118027],[113.371788,33.117519],[113.37182,33.117209],[113.372171,33.116616],[113.371181,33.113291],[113.368985,33.110714],[113.368851,33.110339],[113.369038,33.109715],[113.3698,33.107513],[113.369299,33.107162],[113.368376,33.106387],[113.36792,33.10612],[113.367383,33.105924],[113.366104,33.105567],[113.365729,33.1053],[113.365133,33.10445],[113.364798,33.104147],[113.363685,33.103857],[113.363269,33.103657],[113.362893,33.103424],[113.362502,33.102831],[113.36247,33.101626],[113.362006,33.100977],[113.361158,33.100318],[113.357003,33.097887],[113.356116,33.097204],[113.355853,33.096944],[113.355483,33.096721],[113.355169,33.096604],[113.354745,33.09638],[113.354042,33.095775],[113.353559,33.095274],[113.352926,33.094297],[113.352723,33.094079],[113.352489,33.093888],[113.352226,33.093728],[113.350604,33.093081],[113.350209,33.093029],[113.349877,33.093065],[113.349201,33.093213],[113.348815,33.093088],[113.347972,33.092297],[113.347516,33.092126],[113.347176,33.092155],[113.346822,33.092326],[113.34647,33.092573],[113.346063,33.092771],[113.345363,33.093038],[113.344971,33.093119],[113.344654,33.092962],[113.344161,33.092512],[113.343804,33.092252],[113.343477,33.092106],[113.343115,33.092029],[113.341911,33.092058],[113.341444,33.09202],[113.339301,33.091661],[113.338139,33.091285],[113.337292,33.091124],[113.336903,33.09098],[113.336624,33.090807],[113.336383,33.090573],[113.335806,33.09024],[113.334752,33.089924],[113.334194,33.089701],[113.332957,33.088301],[113.332394,33.087924],[113.331833,33.087674],[113.329578,33.087225],[113.327239,33.08709],[113.326528,33.086894],[113.325313,33.086324],[113.324345,33.085771],[113.320745,33.08333],[113.31997,33.083009],[113.319318,33.082788],[113.31809,33.082784],[113.317784,33.082867],[113.317148,33.083242],[113.315145,33.084791],[113.314852,33.084732],[113.314498,33.084171],[113.314198,33.083892],[113.311846,33.083818],[113.310529,33.082847],[113.310156,33.082647],[113.309689,33.082449],[113.309257,33.082379],[113.308799,33.08244],[113.308372,33.082681],[113.307954,33.083076],[113.30757,33.083651],[113.30661,33.085764],[113.306189,33.085717],[113.30595,33.085218],[113.305762,33.084939],[113.305776,33.084602],[113.305728,33.084013],[113.305559,33.083541],[113.305132,33.083362],[113.301361,33.082501],[113.30065,33.08266],[113.300709,33.083469],[113.300883,33.084229],[113.3001,33.084838],[113.301879,33.087081],[113.301766,33.087407],[113.301313,33.087751],[113.300342,33.089373],[113.300071,33.08956],[113.29955,33.089699],[113.299151,33.089733],[113.298722,33.089688],[113.298475,33.089546],[113.298174,33.089274],[113.297638,33.089187],[113.297035,33.089002],[113.29678,33.088667],[113.295683,33.088088],[113.295127,33.088591],[113.29476,33.088739],[113.29436,33.088681],[113.293175,33.088004],[113.292461,33.087809],[113.29203,33.087742],[113.291662,33.087748],[113.291203,33.087834],[113.290747,33.088076],[113.290326,33.08842],[113.289565,33.089908],[113.289052,33.090254],[113.28792,33.092267],[113.287537,33.092249],[113.286574,33.09189],[113.286603,33.090636],[113.286493,33.089991],[113.285936,33.088553],[113.284948,33.087831],[113.284581,33.087359],[113.284171,33.086928],[113.283691,33.08673],[113.282939,33.086847],[113.282599,33.086802],[113.282256,33.08655],[113.281939,33.086218],[113.281234,33.085043],[113.280853,33.084598],[113.280517,33.084771],[113.279428,33.086602],[113.275735,33.085813],[113.275617,33.085377],[113.275759,33.08491],[113.276105,33.084049],[113.276084,33.083611],[113.274799,33.083582],[113.274491,33.083458],[113.273273,33.08273],[113.272342,33.082308],[113.271677,33.082292],[113.270695,33.08217],[113.270344,33.082155],[113.269984,33.082173],[113.268968,33.08233],[113.268654,33.082296],[113.268442,33.082094],[113.267812,33.081872],[113.266422,33.081018],[113.265548,33.081112],[113.264971,33.081382],[113.263617,33.082543],[113.263255,33.08273],[113.262273,33.082802],[113.26138,33.082766],[113.260007,33.082584],[113.259663,33.082926],[113.2588,33.084611],[113.25848,33.084732],[113.257373,33.084728],[113.256394,33.084926],[113.255002,33.085157],[113.254578,33.084802],[113.254167,33.084371],[113.253663,33.083914],[113.252853,33.08349],[113.252263,33.08324],[113.251737,33.083121],[113.250785,33.083168],[113.249769,33.083049],[113.249224,33.083031],[113.247521,33.082685],[113.247258,33.082447],[113.246507,33.076763],[113.24622,33.076808],[113.245399,33.077201],[113.24372,33.077849],[113.242417,33.078141],[113.240692,33.078253],[113.239034,33.078523],[113.236969,33.07899],[113.235633,33.079366],[113.234676,33.079435],[113.233201,33.0793],[113.232782,33.079121],[113.231865,33.0783],[113.230105,33.077066],[113.228855,33.074396],[113.228711,33.073673],[113.228335,33.072816],[113.228037,33.072338],[113.227713,33.072236],[113.226629,33.072308],[113.224687,33.072722],[113.223633,33.072794],[113.223279,33.07272],[113.222268,33.071848],[113.221941,33.071612],[113.219824,33.070735],[113.219079,33.068458],[113.218727,33.067226],[113.218194,33.06632],[113.217716,33.065077],[113.215477,33.065021],[113.214825,33.064549],[113.21431,33.064477],[113.214025,33.064533],[113.21173,33.066365],[113.210557,33.067175],[113.209927,33.067509],[113.208701,33.067817],[113.208063,33.067865],[113.206896,33.06889],[113.206475,33.069076]]]}},{"type":"Feature","properties":{"regionCode":"411322105","sourceCode":"411322105000","name":"赵河镇","sourceName":"赵河镇","parentCode":"411322","parentName":"方城县","regionLevel":"township","regionType":"town","isManagementZone":false,"source":"ruiduobao","sourceVersion":"mixed-legacy~2018-2020","geometryRepaired":false,"match2020":true,"match2023":true},"geometry":{"type":"Polygon","coordinates":[[[112.855017,33.109443],[112.855098,33.110631],[112.853558,33.111285],[112.853596,33.111752],[112.85131,33.112604],[112.848497,33.113392],[112.848145,33.11244],[112.845466,33.113062],[112.845286,33.112795],[112.845039,33.112532],[112.844098,33.11257],[112.83798,33.114621],[112.838345,33.115437],[112.836368,33.115767],[112.83596,33.11561],[112.835636,33.115297],[112.835357,33.115244],[112.834952,33.115466],[112.834815,33.115895],[112.833932,33.116082],[112.833471,33.116007],[112.83294,33.115068],[112.832626,33.11463],[112.832315,33.114448],[112.831368,33.114228],[112.830338,33.11408],[112.827562,33.113959],[112.823123,33.114046],[112.820851,33.114149],[112.820106,33.1143],[112.819473,33.114567],[112.818512,33.11514],[112.817936,33.115405],[112.817437,33.115459],[112.816493,33.115473],[112.815964,33.115387],[112.815519,33.115255],[112.81454,33.114895],[112.813928,33.11481],[112.813373,33.114819],[112.812684,33.114992],[112.812121,33.115363],[112.812177,33.11598],[112.811949,33.116248],[112.811434,33.116317],[112.808331,33.116526],[112.807191,33.116472],[112.806802,33.116362],[112.806536,33.115666],[112.806112,33.115275],[112.805496,33.11483],[112.798865,33.115271],[112.797495,33.117996],[112.797022,33.118038],[112.796575,33.117953],[112.795883,33.117663],[112.796041,33.118061],[112.795896,33.118319],[112.79585,33.118607],[112.796907,33.11902],[112.798474,33.119689],[112.797132,33.120085],[112.797358,33.120536],[112.797639,33.121226],[112.79772,33.121722],[112.799729,33.121192],[112.799911,33.121684],[112.798524,33.12208],[112.799308,33.125063],[112.799259,33.125272],[112.799571,33.126121],[112.798527,33.126006],[112.798192,33.126015],[112.798221,33.126244],[112.798299,33.126505],[112.798337,33.126956],[112.798318,33.127365],[112.798358,33.127763],[112.798541,33.128702],[112.797875,33.128845],[112.797551,33.129108],[112.797468,33.129238],[112.797414,33.129461],[112.797414,33.129719],[112.797658,33.130481],[112.797572,33.130586],[112.796953,33.130813],[112.796344,33.130898],[112.796277,33.130575],[112.796245,33.130193],[112.796108,33.129573],[112.795909,33.128812],[112.795765,33.128369],[112.795697,33.128248],[112.794783,33.128464],[112.792752,33.128807],[112.792339,33.129656],[112.790577,33.129793],[112.790239,33.128861],[112.790092,33.128351],[112.790473,33.128261],[112.790022,33.126637],[112.789343,33.126808],[112.789652,33.127518],[112.7893,33.127605],[112.789614,33.128657],[112.789791,33.128616],[112.790145,33.129861],[112.789606,33.13004],[112.78878,33.128091],[112.788109,33.128223],[112.787624,33.127172],[112.787329,33.127237],[112.787715,33.128237],[112.787946,33.128192],[112.788834,33.130319],[112.787935,33.130591],[112.787769,33.130184],[112.78521,33.130916],[112.78502,33.130375],[112.784534,33.130508],[112.785213,33.131943],[112.784706,33.132181],[112.784593,33.132365],[112.785245,33.133293],[112.784588,33.133477],[112.785215,33.135004],[112.784859,33.135103],[112.784885,33.135274],[112.785116,33.135743],[112.78517,33.135925],[112.78573,33.135842],[112.785937,33.136439],[112.786235,33.136401],[112.786516,33.137035],[112.786862,33.136909],[112.786967,33.137167],[112.787278,33.137661],[112.788836,33.139707],[112.787104,33.140343],[112.787624,33.140992],[112.787919,33.140904],[112.788262,33.141468],[112.789287,33.141127],[112.789494,33.141706],[112.789553,33.142128],[112.789544,33.142265],[112.788525,33.142508],[112.788595,33.142663],[112.788592,33.142852],[112.787369,33.143141],[112.787404,33.143256],[112.785478,33.143842],[112.784226,33.141962],[112.783831,33.141459],[112.783491,33.141884],[112.785119,33.144415],[112.784193,33.144814],[112.783864,33.144269],[112.782541,33.144803],[112.782659,33.145753],[112.782796,33.146508],[112.781533,33.147053],[112.781873,33.14755],[112.782284,33.148246],[112.782635,33.148587],[112.783829,33.150736],[112.785054,33.150377],[112.78525,33.150552],[112.785146,33.150658],[112.785457,33.151911],[112.787098,33.1517],[112.787192,33.152966],[112.787358,33.153348],[112.78771,33.153844],[112.788222,33.154408],[112.788574,33.154931],[112.787004,33.15521],[112.785752,33.155367],[112.786487,33.157042],[112.788346,33.156768],[112.789316,33.159552],[112.789831,33.159444],[112.790116,33.159456],[112.790236,33.160419],[112.790285,33.160583],[112.790462,33.160679],[112.791025,33.162357],[112.79065,33.1622],[112.790159,33.162067],[112.789308,33.161937],[112.788402,33.161656],[112.78808,33.161688],[112.787704,33.161793],[112.787737,33.161977],[112.786444,33.162045],[112.785677,33.162545],[112.785175,33.161737],[112.78418,33.160527],[112.78223,33.160066],[112.779623,33.160679],[112.778572,33.161429],[112.776933,33.162027],[112.776697,33.161941],[112.77616,33.162202],[112.776187,33.163509],[112.775844,33.165639],[112.776056,33.166535],[112.778252,33.169607],[112.779247,33.170736],[112.780621,33.17145],[112.782775,33.172397],[112.784826,33.1731],[112.786481,33.17332],[112.789131,33.174831],[112.790878,33.174804],[112.792243,33.17519],[112.793943,33.174936],[112.794635,33.176607],[112.793055,33.177202],[112.793442,33.177779],[112.793916,33.178324],[112.79422,33.178773],[112.794595,33.179135],[112.794979,33.179377],[112.795459,33.179869],[112.795695,33.180232],[112.795791,33.180486],[112.796046,33.180273],[112.797087,33.180075],[112.797132,33.180414],[112.796486,33.180607],[112.795821,33.18087],[112.795915,33.181171],[112.79632,33.181997],[112.796357,33.182334],[112.79633,33.182675],[112.796234,33.182958],[112.796038,33.183294],[112.796041,33.184226],[112.794885,33.184105],[112.794922,33.184751],[112.79724,33.185068],[112.797218,33.18522],[112.797049,33.185582],[112.796773,33.186053],[112.796408,33.186486],[112.796459,33.187519],[112.796443,33.187759],[112.796381,33.187817],[112.796247,33.187865],[112.796052,33.187849],[112.796043,33.188807],[112.7971,33.188758],[112.797237,33.189806],[112.796886,33.189851],[112.797377,33.190666],[112.798128,33.191672],[112.798482,33.191963],[112.798879,33.192473],[112.800048,33.193481],[112.799356,33.193833],[112.800555,33.195155],[112.799809,33.195631],[112.799992,33.195763],[112.800732,33.1961],[112.80162,33.196363],[112.80166,33.196479],[112.801585,33.196845],[112.801775,33.196935],[112.801936,33.196935],[112.802191,33.196847],[112.80228,33.196854],[112.802398,33.19691],[112.802626,33.197238],[112.802347,33.197276],[112.801783,33.197456],[112.801604,33.197458],[112.800609,33.197774],[112.801276,33.19935],[112.799933,33.199536],[112.799702,33.199543],[112.799756,33.199931],[112.798042,33.200304],[112.79849,33.201435],[112.797047,33.201814],[112.798702,33.204474],[112.798895,33.204395],[112.799584,33.20527],[112.799155,33.205555],[112.799461,33.205901],[112.799163,33.206076],[112.798997,33.206267],[112.798822,33.206691],[112.795384,33.207618],[112.79522,33.207373],[112.794552,33.206792],[112.792396,33.207667],[112.792119,33.207418],[112.792028,33.207239],[112.791342,33.206664],[112.791384,33.206801],[112.788718,33.207557],[112.788305,33.207268],[112.786742,33.207737],[112.786382,33.206698],[112.785891,33.206839],[112.786283,33.208125],[112.786025,33.208208],[112.785135,33.208181],[112.785202,33.208397],[112.785207,33.20865],[112.78392,33.208875],[112.783949,33.209393],[112.782659,33.209487],[112.782587,33.208805],[112.782461,33.20813],[112.781063,33.208289],[112.780749,33.208397],[112.780602,33.208484],[112.780253,33.208576],[112.779819,33.208637],[112.779626,33.208724],[112.779403,33.208913],[112.779317,33.208946],[112.779223,33.208695],[112.779218,33.208397],[112.779044,33.207084],[112.77712,33.207165],[112.77715,33.207654],[112.776635,33.207658],[112.776479,33.207353],[112.775195,33.20751],[112.775415,33.208125],[112.775476,33.208722],[112.775396,33.208798],[112.773333,33.20881],[112.773164,33.20924],[112.773178,33.209606],[112.773229,33.209873],[112.773561,33.210805],[112.773744,33.211514],[112.773792,33.211882],[112.773789,33.212115],[112.77387,33.212436],[112.774186,33.212804],[112.774787,33.213111],[112.7748,33.213542],[112.775154,33.213531],[112.775171,33.213791],[112.775098,33.214103],[112.773859,33.214305],[112.77325,33.214314],[112.771536,33.214458],[112.770839,33.214702],[112.770485,33.214936],[112.770367,33.21534],[112.770332,33.215661],[112.769637,33.215652],[112.769382,33.215472],[112.76942,33.214981],[112.769358,33.21481],[112.76924,33.214747],[112.769251,33.214597],[112.77034,33.214474],[112.770246,33.21323],[112.767462,33.213473],[112.767435,33.213704],[112.767572,33.214514],[112.766019,33.214628],[112.765673,33.214747],[112.764978,33.21483],[112.765257,33.216118],[112.764023,33.216314],[112.763331,33.216516],[112.763661,33.217656],[112.762315,33.217923],[112.76247,33.218317],[112.762543,33.218623],[112.763675,33.218342],[112.764409,33.219742],[112.76538,33.219639],[112.765386,33.219758],[112.765574,33.220433],[112.765748,33.221629],[112.766255,33.223187],[112.766376,33.223144],[112.766842,33.22462],[112.766947,33.225118],[112.766523,33.225347],[112.766628,33.225709],[112.766845,33.226301],[112.767239,33.22721],[112.768253,33.229372],[112.768672,33.230005],[112.76884,33.230371],[112.769353,33.231019],[112.769465,33.231035],[112.769629,33.231131],[112.769763,33.231394],[112.769879,33.231997],[112.770219,33.232368],[112.770361,33.232857],[112.770648,33.233465],[112.770951,33.233806],[112.771367,33.234461],[112.772491,33.234138],[112.773489,33.235939],[112.773277,33.236009],[112.773639,33.236518],[112.773955,33.237234],[112.774621,33.238324],[112.77487,33.238593],[112.775103,33.238394],[112.775345,33.238333],[112.77561,33.238129],[112.775723,33.23871],[112.775978,33.239338],[112.776227,33.239832],[112.776576,33.24035],[112.776605,33.240561],[112.777,33.241137],[112.777378,33.241476],[112.77766,33.241907],[112.77777,33.242192],[112.778035,33.242607],[112.778167,33.242925],[112.778204,33.243331],[112.778604,33.243802],[112.779092,33.244534],[112.779465,33.245494],[112.77969,33.246185],[112.779819,33.246727],[112.778695,33.247138],[112.77855,33.246846],[112.777193,33.247356],[112.777418,33.247723],[112.777515,33.247999],[112.777512,33.248186],[112.777434,33.248618],[112.777456,33.24876],[112.777566,33.249119],[112.778003,33.250065],[112.778116,33.250411],[112.778408,33.250792],[112.779325,33.251743],[112.779494,33.252014],[112.778207,33.252299],[112.777078,33.252454],[112.77715,33.252723],[112.775879,33.252986],[112.776061,33.252237],[112.775844,33.252205],[112.775267,33.252257],[112.774956,33.252324],[112.774749,33.252405],[112.774481,33.252611],[112.774599,33.253324],[112.774857,33.254013],[112.772907,33.254228],[112.774816,33.259683],[112.775103,33.259605],[112.775299,33.259501],[112.77649,33.259311],[112.776541,33.259452],[112.777461,33.259163],[112.777485,33.258869],[112.777847,33.258873],[112.778644,33.259645],[112.781141,33.259127],[112.781358,33.259113],[112.781576,33.259042],[112.783746,33.258681],[112.783829,33.260002],[112.785017,33.259777],[112.784931,33.258981],[112.786449,33.258705],[112.787055,33.258539],[112.787991,33.25834],[112.788834,33.2581],[112.789743,33.25897],[112.790443,33.257985],[112.791288,33.257144],[112.79173,33.256814],[112.792168,33.257303],[112.79249,33.25746],[112.792608,33.257395],[112.793045,33.25729],[112.793329,33.257783],[112.793796,33.257761],[112.795196,33.257292],[112.795504,33.25773],[112.79596,33.258142],[112.796199,33.258492],[112.795284,33.259223],[112.79482,33.259775],[112.794241,33.26056],[112.794375,33.260773],[112.794584,33.260614],[112.795789,33.259237],[112.796368,33.258748],[112.796427,33.258844],[112.796336,33.25932],[112.796357,33.25951],[112.796459,33.259959],[112.796631,33.260179],[112.797771,33.26126],[112.799573,33.261951],[112.799385,33.262408],[112.79927,33.263552],[112.799222,33.263664],[112.798793,33.264025],[112.798567,33.264299],[112.79817,33.265485],[112.798018,33.266102],[112.798018,33.266833],[112.798146,33.267154],[112.79828,33.267364],[112.7985,33.267526],[112.799066,33.267739],[112.799233,33.267918],[112.799836,33.269497],[112.799941,33.269984],[112.800166,33.270632],[112.800319,33.270953],[112.800322,33.271056],[112.800622,33.271592],[112.800598,33.27178],[112.800523,33.27191],[112.80011,33.272365],[112.798723,33.273287],[112.798372,33.273597],[112.798404,33.273682],[112.798637,33.273787],[112.799259,33.273962],[112.799549,33.273955],[112.801166,33.273352],[112.801244,33.273278],[112.80115,33.272836],[112.800912,33.27233],[112.800829,33.271982],[112.800839,33.271897],[112.800885,33.271879],[112.800952,33.271908],[112.801349,33.272164],[112.801802,33.272543],[112.80239,33.273139],[112.803087,33.274384],[112.803473,33.274888],[112.803728,33.275059],[112.803779,33.275276],[112.803736,33.276063],[112.803803,33.276128],[112.803935,33.27614],[112.804535,33.276095],[112.805431,33.277909],[112.805603,33.278384],[112.806354,33.278494],[112.807126,33.278716],[112.807373,33.278732],[112.807604,33.27881],[112.807757,33.278972],[112.808036,33.279622],[112.808245,33.279698],[112.809642,33.279705],[112.810053,33.279774],[112.81034,33.279481],[112.810501,33.279012],[112.810557,33.278508],[112.810546,33.278032],[112.810611,33.27757],[112.8106,33.277171],[112.810664,33.276765],[112.81075,33.276456],[112.810919,33.276153],[112.81127,33.275687],[112.811606,33.275409],[112.812783,33.274682],[112.813735,33.274195],[112.813995,33.273803],[112.814363,33.2735],[112.814808,33.273029],[112.81557,33.272704],[112.816136,33.272684],[112.817075,33.272729],[112.817136,33.272327],[112.817147,33.271556],[112.817506,33.271],[112.818789,33.269849],[112.819684,33.268934],[112.820124,33.268434],[112.820258,33.268351],[112.820878,33.268217],[112.82146,33.268208],[112.82216,33.268313],[112.822849,33.267815],[112.82403,33.26557],[112.824233,33.265476],[112.824837,33.265048],[112.825057,33.264826],[112.825245,33.264545],[112.825634,33.264171],[112.825537,33.263976],[112.825422,33.263861],[112.825709,33.263583],[112.825811,33.263292],[112.826178,33.263034],[112.826106,33.262718],[112.826135,33.262466],[112.826264,33.262184],[112.826226,33.262099],[112.826183,33.260798],[112.825666,33.260852],[112.825432,33.260928],[112.824333,33.261098],[112.82411,33.260979],[112.823812,33.260748],[112.823665,33.26058],[112.823525,33.260517],[112.823587,33.260266],[112.823372,33.260035],[112.823566,33.259746],[112.82359,33.259344],[112.824402,33.25947],[112.824655,33.259403],[112.825314,33.258741],[112.826031,33.257716],[112.826165,33.257409],[112.826197,33.257263],[112.826181,33.256839],[112.825526,33.256518],[112.825135,33.256294],[112.825006,33.256182],[112.824858,33.255655],[112.824818,33.255361],[112.824936,33.254679],[112.825027,33.254598],[112.825317,33.254186],[112.82544,33.253883],[112.825588,33.253672],[112.825744,33.253351],[112.825803,33.25314],[112.825518,33.253127],[112.824979,33.253188],[112.824486,33.253174],[112.824333,33.253089],[112.824236,33.252977],[112.824161,33.252829],[112.824113,33.252257],[112.824073,33.252147],[112.824086,33.250303],[112.82227,33.250756],[112.822254,33.250341],[112.822139,33.249735],[112.822168,33.249529],[112.821514,33.249563],[112.821508,33.249273],[112.821449,33.249011],[112.821401,33.248446],[112.821055,33.248457],[112.820824,33.248421],[112.819821,33.248136],[112.819891,33.247564],[112.821406,33.247555],[112.82183,33.247248],[112.821677,33.24723],[112.821602,33.247158],[112.821543,33.247035],[112.821549,33.246624],[112.821506,33.246301],[112.821272,33.24631],[112.819912,33.246537],[112.819891,33.246416],[112.819792,33.246353],[112.819746,33.244807],[112.819617,33.243668],[112.820186,33.243623],[112.82024,33.24365],[112.820317,33.243962],[112.820352,33.243973],[112.820532,33.243932],[112.821195,33.243908],[112.821372,33.244015],[112.821975,33.24395],[112.821388,33.243311],[112.821192,33.242916],[112.823228,33.242416],[112.823005,33.241409],[112.823362,33.24131],[112.823359,33.241133],[112.823796,33.241079],[112.82359,33.240137],[112.824105,33.240069],[112.824083,33.239928],[112.824169,33.239915],[112.824196,33.239836],[112.823748,33.239583],[112.823654,33.239392],[112.823477,33.238867],[112.824478,33.238672],[112.825014,33.238517],[112.825151,33.238775],[112.825505,33.238672],[112.825904,33.238329],[112.826065,33.238237],[112.826567,33.238954],[112.826495,33.238984],[112.826127,33.23954],[112.826028,33.239939],[112.828321,33.239836],[112.83029,33.239697],[112.830274,33.239239],[112.830188,33.238981],[112.83018,33.238259],[112.830448,33.236944],[112.830695,33.236446],[112.831462,33.23563],[112.832948,33.234293],[112.834767,33.232944],[112.835963,33.231661],[112.837025,33.230685],[112.840362,33.228697],[112.840877,33.22848],[112.842674,33.227914],[112.845506,33.22679],[112.845764,33.226608],[112.845967,33.226395],[112.84641,33.225401],[112.84681,33.224239],[112.846893,33.223382],[112.846882,33.222798],[112.846815,33.222329],[112.846574,33.221513],[112.846625,33.221457],[112.846732,33.221436],[112.847258,33.221517],[112.847022,33.221145],[112.84696,33.220965],[112.846944,33.220777],[112.84714,33.220144],[112.849181,33.220144],[112.849175,33.220469],[112.85009,33.220577],[112.85098,33.220788],[112.851077,33.221816],[112.851605,33.221872],[112.851622,33.222289],[112.852448,33.222314],[112.852263,33.220994],[112.852729,33.221077],[112.853724,33.221331],[112.853944,33.221423],[112.853963,33.221735],[112.853998,33.221827],[112.854542,33.22204],[112.854636,33.222123],[112.85451,33.222837],[112.855481,33.222955],[112.855597,33.221854],[112.855835,33.221991],[112.856313,33.219697],[112.856452,33.21972],[112.856895,33.219951],[112.856736,33.22112],[112.857522,33.221232],[112.857565,33.220855],[112.858941,33.221221],[112.859628,33.221468],[112.859325,33.220999],[112.860728,33.221156],[112.860765,33.221062],[112.860779,33.220837],[112.862315,33.220887],[112.862321,33.220476],[112.862391,33.220478],[112.862423,33.220207],[112.86242,33.219626],[112.861575,33.219473],[112.860695,33.219415],[112.860677,33.218279],[112.861202,33.218154],[112.861304,33.217857],[112.860653,33.217768],[112.860738,33.216827],[112.861275,33.216836],[112.861728,33.21545],[112.861771,33.215122],[112.862731,33.215315],[112.863319,33.21532],[112.863539,33.214554],[112.864003,33.213527],[112.864043,33.213374],[112.864113,33.212407],[112.864129,33.210784],[112.86739,33.210917],[112.868259,33.210989],[112.86835,33.21076],[112.868479,33.210255],[112.86956,33.210856],[112.869619,33.210834],[112.869753,33.210695],[112.870295,33.211018],[112.870504,33.211107],[112.870381,33.21023],[112.870848,33.21023],[112.871529,33.210302],[112.872216,33.210293],[112.872194,33.209808],[112.871977,33.209238],[112.871666,33.208852],[112.871212,33.208394],[112.870756,33.207667],[112.870705,33.207342],[112.870713,33.206931],[112.87084,33.206011],[112.872004,33.206011],[112.872631,33.20591],[112.872822,33.205957],[112.872787,33.205612],[112.870923,33.20571],[112.871038,33.205129],[112.872999,33.2051],[112.873205,33.203975],[112.872207,33.203996],[112.872162,33.203578],[112.870182,33.203677],[112.87008,33.203383],[112.87192,33.203282],[112.873291,33.203244],[112.873396,33.202528],[112.873522,33.20211],[112.875381,33.202714],[112.876115,33.201244],[112.877593,33.202063],[112.878599,33.202826],[112.879377,33.201951],[112.879567,33.202077],[112.880257,33.201363],[112.884521,33.203901],[112.886646,33.204976],[112.889162,33.205993],[112.88987,33.206215],[112.889988,33.205879],[112.890194,33.205071],[112.890342,33.204216],[112.890503,33.20358],[112.88777,33.202842],[112.888006,33.202063],[112.888797,33.198937],[112.88822,33.198955],[112.887622,33.199058],[112.887037,33.199031],[112.886707,33.19906],[112.886699,33.197518],[112.886796,33.196196],[112.887021,33.19476],[112.887139,33.193254],[112.887555,33.193249],[112.887794,33.19333],[112.888274,33.193413],[112.889741,33.193582],[112.889816,33.193315],[112.890076,33.193317],[112.890978,33.193427],[112.890929,33.192778],[112.890978,33.192154],[112.892657,33.192307],[112.893754,33.192468],[112.894869,33.192491],[112.894977,33.19074],[112.895342,33.190962],[112.896836,33.191052],[112.896849,33.18958],[112.898914,33.189831],[112.898743,33.191532],[112.89962,33.191654],[112.899762,33.189918],[112.900355,33.189856],[112.901253,33.189901],[112.902358,33.190111],[112.902527,33.188293],[112.903697,33.188338],[112.903809,33.186828],[112.905113,33.186837],[112.906046,33.187676],[112.906105,33.18557],[112.906709,33.185696],[112.907358,33.185781],[112.907736,33.185795],[112.907586,33.187476],[112.909021,33.187472],[112.909015,33.186257],[112.908771,33.186248],[112.908795,33.185759],[112.910292,33.185636],[112.91012,33.185059],[112.91133,33.185189],[112.91148,33.185232],[112.911561,33.185452],[112.911732,33.18562],[112.9118,33.185737],[112.912301,33.185813],[112.912408,33.185611],[112.912618,33.185568],[112.912652,33.18551],[112.912687,33.183921],[112.914951,33.184064],[112.915007,33.183894],[112.91505,33.183537],[112.915032,33.183335],[112.914678,33.181952],[112.913707,33.181891],[112.912725,33.181182],[112.912524,33.181108],[112.912068,33.181045],[112.911912,33.180984],[112.911561,33.180733],[112.91162,33.180623],[112.912508,33.180529],[112.912784,33.180356],[112.912937,33.180214],[112.913033,33.180039],[112.912838,33.178585],[112.913358,33.178564],[112.912312,33.17772],[112.912132,33.176966],[112.911958,33.176921],[112.911867,33.176842],[112.91107,33.175787],[112.910273,33.174943],[112.909651,33.175154],[112.909498,33.175271],[112.909461,33.174537],[112.909125,33.173949],[112.908224,33.172867],[112.90474,33.173607],[112.904716,33.17347],[112.908128,33.172752],[112.906494,33.170918],[112.906406,33.170359],[112.906156,33.169229],[112.906301,33.168942],[112.906647,33.168592],[112.905512,33.167882],[112.905158,33.166726],[112.904968,33.166326],[112.903772,33.166641],[112.901556,33.165211],[112.901162,33.163859],[112.901688,33.16363],[112.900963,33.162164],[112.900475,33.161369],[112.899751,33.161634],[112.899236,33.16028],[112.898163,33.160621],[112.898351,33.161546],[112.897723,33.161097],[112.89672,33.1601],[112.896355,33.159563],[112.89753,33.158865],[112.897477,33.158549],[112.896152,33.158782],[112.895975,33.158124],[112.897136,33.157859],[112.897139,33.157626],[112.897533,33.157558],[112.89782,33.158695],[112.898329,33.158196],[112.898579,33.157866],[112.898906,33.157221],[112.899158,33.15682],[112.899244,33.15613],[112.899386,33.156043],[112.899687,33.155991],[112.899767,33.155951],[112.900945,33.157531],[112.901197,33.157455],[112.900057,33.155454],[112.900953,33.154805],[112.901886,33.156296],[112.903914,33.155587],[112.902484,33.153236],[112.902752,33.152845],[112.903479,33.154163],[112.904432,33.153891],[112.905006,33.153678],[112.905732,33.154933],[112.906014,33.15512],[112.906489,33.155019],[112.906272,33.154781],[112.905577,33.153348],[112.904963,33.15357],[112.903866,33.151727],[112.903957,33.151646],[112.904364,33.15148],[112.905091,33.151004],[112.905309,33.151525],[112.906196,33.153121],[112.908227,33.152409],[112.907245,33.149968],[112.907766,33.150222],[112.90783,33.150366],[112.908476,33.150256],[112.909141,33.152142],[112.910579,33.151933],[112.910158,33.149944],[112.910829,33.149825],[112.911,33.150941],[112.91206,33.150808],[112.911888,33.149614],[112.91158,33.149679],[112.911295,33.148399],[112.912234,33.148289],[112.912221,33.148082],[112.91317,33.148053],[112.912945,33.147143],[112.913634,33.14717],[112.91317,33.145239],[112.914254,33.145064],[112.914149,33.143617],[112.915313,33.143438],[112.914873,33.142301],[112.91376,33.142537],[112.913648,33.142149],[112.914817,33.141843],[112.914511,33.141219],[112.916062,33.141165],[112.915946,33.140439],[112.915946,33.140251],[112.916893,33.140875],[112.917695,33.1415],[112.919087,33.14225],[112.919042,33.14125],[112.91861,33.139537],[112.918406,33.138409],[112.918006,33.137219],[112.918017,33.136776],[112.917754,33.135972],[112.917531,33.136013],[112.916598,33.133693],[112.916378,33.133722],[112.915002,33.129571],[112.917354,33.129018],[112.917094,33.128189],[112.917824,33.12805],[112.91773,33.127855],[112.917456,33.127853],[112.917242,33.127001],[112.916644,33.125442],[112.915461,33.125591],[112.913516,33.125766],[112.913709,33.123513],[112.912827,33.121761],[112.912569,33.121415],[112.91229,33.121349],[112.910662,33.121747],[112.910316,33.121707],[112.91015,33.121172],[112.90835,33.121269],[112.906717,33.12148],[112.905775,33.121565],[112.904517,33.121805],[112.904115,33.122414],[112.900639,33.122706],[112.900338,33.122933],[112.899582,33.125114],[112.899252,33.125308],[112.897702,33.125472],[112.896425,33.125467],[112.89506,33.125184],[112.894333,33.124984],[112.891603,33.12449],[112.889712,33.124308],[112.889041,33.124061],[112.888778,33.123481],[112.888572,33.122832],[112.888341,33.122461],[112.888,33.122115],[112.887772,33.121817],[112.887566,33.121212],[112.887244,33.11915],[112.887072,33.117578],[112.886844,33.117306],[112.885846,33.117385],[112.88366,33.117721],[112.883245,33.117647],[112.883137,33.116632],[112.881056,33.115286],[112.880884,33.114985],[112.880758,33.114287],[112.879659,33.11452],[112.878229,33.114484],[112.877773,33.114397],[112.877376,33.114253],[112.877003,33.114069],[112.876722,33.113893],[112.876496,33.113678],[112.875308,33.112984],[112.874965,33.112485],[112.874882,33.111901],[112.875107,33.110775],[112.875043,33.110357],[112.874616,33.109966],[112.873972,33.109602],[112.872492,33.10918],[112.870681,33.108834],[112.868957,33.108627],[112.868565,33.108492],[112.868283,33.108241],[112.868047,33.107589],[112.867691,33.10714],[112.863949,33.10736],[112.863708,33.107025],[112.862898,33.105448],[112.862613,33.105138],[112.85959,33.105219],[112.858362,33.105471],[112.858155,33.10692],[112.858188,33.108439],[112.856283,33.10891],[112.855017,33.109443]]]}},{"type":"Feature","properties":{"regionCode":"411322106","sourceCode":"411322106000","name":"广阳镇","sourceName":"广阳镇","parentCode":"411322","parentName":"方城县","regionLevel":"township","regionType":"town","isManagementZone":false,"source":"ruiduobao","sourceVersion":"mixed-legacy~2018-2020","geometryRepaired":false,"match2020":true,"match2023":true},"geometry":{"type":"Polygon","coordinates":[[[112.696829,33.220952],[112.696614,33.220647],[112.696059,33.220151],[112.695756,33.219953],[112.695415,33.219491],[112.694895,33.218506],[112.694077,33.218795],[112.693634,33.217489],[112.692792,33.217664],[112.691311,33.218109],[112.690995,33.217294],[112.690869,33.216834],[112.688734,33.217009],[112.688232,33.217115],[112.687916,33.215939],[112.688093,33.215885],[112.688162,33.2158],[112.688154,33.215609],[112.687988,33.215293],[112.685738,33.215701],[112.685105,33.215883],[112.684761,33.21595],[112.684549,33.215943],[112.683474,33.216183],[112.682672,33.216412],[112.682717,33.216473],[112.682707,33.21656],[112.682498,33.216655],[112.682688,33.216657],[112.682854,33.216727],[112.682916,33.217225],[112.68287,33.217296],[112.682664,33.217346],[112.682221,33.217328],[112.682219,33.217588],[112.683133,33.217485],[112.68316,33.217611],[112.682157,33.217698],[112.6822,33.217985],[112.682543,33.217882],[112.68346,33.217817],[112.68357,33.218174],[112.681674,33.218497],[112.68172,33.219343],[112.68187,33.220162],[112.68128,33.220207],[112.681202,33.220429],[112.681285,33.220714],[112.681459,33.221001],[112.681484,33.221248],[112.681403,33.221656],[112.681419,33.221966],[112.68169,33.222273],[112.681752,33.223404],[112.681669,33.223777],[112.681433,33.22425],[112.681154,33.224555],[112.680698,33.225231],[112.681288,33.226386],[112.681422,33.226442],[112.680888,33.226916],[112.679303,33.227163],[112.675288,33.227979],[112.674537,33.227688],[112.675427,33.22953],[112.673914,33.229994],[112.673585,33.229067],[112.671506,33.229444],[112.671584,33.229776],[112.669601,33.230277],[112.668475,33.230387],[112.667421,33.230286],[112.667195,33.230212],[112.66719,33.230046],[112.66711,33.2299],[112.666954,33.229738],[112.666675,33.229525],[112.666479,33.229458],[112.665758,33.229426],[112.665259,33.229541],[112.665213,33.229444],[112.665187,33.229009],[112.665071,33.228868],[112.664881,33.228796],[112.664717,33.228661],[112.66443,33.228374],[112.664334,33.228356],[112.664208,33.228421],[112.664202,33.228583],[112.661654,33.22885],[112.659511,33.229204],[112.659245,33.229202],[112.65935,33.229873],[112.659264,33.230461],[112.659393,33.232072],[112.659355,33.232671],[112.659224,33.233196],[112.659028,33.233615],[112.658728,33.234656],[112.658634,33.235228],[112.658264,33.235435],[112.657829,33.236143],[112.657405,33.237104],[112.657118,33.238023],[112.657011,33.238508],[112.656982,33.238903],[112.657089,33.240478],[112.657481,33.240875],[112.657368,33.241393],[112.657352,33.242005],[112.657298,33.24256],[112.657113,33.243302],[112.657167,33.244318],[112.657405,33.24507],[112.657872,33.245144],[112.658438,33.24542],[112.658744,33.246034],[112.658843,33.246321],[112.658913,33.246638],[112.658991,33.247396],[112.659144,33.248172],[112.658883,33.249583],[112.65927,33.249863],[112.659283,33.250184],[112.659235,33.250835],[112.659342,33.25127],[112.659602,33.251651],[112.659608,33.251945],[112.659747,33.25245],[112.659758,33.252804],[112.659621,33.2531],[112.659272,33.253311],[112.658556,33.253446],[112.657792,33.253894],[112.657507,33.25417],[112.657183,33.25456],[112.656582,33.254728],[112.656075,33.254742],[112.655718,33.255105],[112.65552,33.255457],[112.655281,33.255769],[112.655018,33.256482],[112.655799,33.257075],[112.65578,33.257451],[112.655504,33.258104],[112.655297,33.2591],[112.655008,33.259416],[112.654613,33.259739],[112.654235,33.259903],[112.653822,33.260185],[112.653578,33.260621],[112.653009,33.261397],[112.652395,33.262054],[112.65195,33.262357],[112.651853,33.262854],[112.651958,33.26346],[112.651451,33.264133],[112.650923,33.26453],[112.649769,33.265247],[112.649361,33.265763],[112.648919,33.266432],[112.648613,33.266795],[112.648452,33.267178],[112.648302,33.267878],[112.648399,33.268338],[112.648157,33.2688],[112.64779,33.269802],[112.647578,33.270197],[112.647205,33.270587],[112.646795,33.270924],[112.646585,33.271289],[112.646272,33.271596],[112.646162,33.271919],[112.645936,33.272296],[112.645515,33.27291],[112.645309,33.273117],[112.645129,33.273502],[112.646652,33.274458],[112.648106,33.275435],[112.650177,33.277207],[112.650472,33.277552],[112.650644,33.277911],[112.650842,33.278205],[112.652046,33.279786],[112.652419,33.279927],[112.653068,33.279983],[112.653396,33.280082],[112.653398,33.280254],[112.654329,33.280651],[112.65887,33.280003],[112.658916,33.282389],[112.663617,33.282573],[112.660922,33.283082],[112.661885,33.288678],[112.66428,33.28734],[112.667182,33.290169],[112.671806,33.293577],[112.67334,33.292008],[112.677141,33.296974],[112.675191,33.299265],[112.674985,33.303322],[112.670428,33.303257],[112.66881,33.30065],[112.665369,33.299498],[112.663279,33.301908],[112.662558,33.301437],[112.657274,33.300664],[112.655641,33.30462],[112.659921,33.312446],[112.661303,33.317561],[112.661555,33.323285],[112.66067,33.321745],[112.657937,33.320223],[112.655689,33.32192],[112.657845,33.322969],[112.660249,33.321987],[112.660895,33.326037],[112.66112,33.330329],[112.65585,33.330271],[112.655606,33.332422],[112.65375,33.332205],[112.652564,33.329713],[112.651376,33.32941],[112.651454,33.329574],[112.651242,33.329966],[112.650893,33.330389],[112.648651,33.331203],[112.647618,33.331487],[112.647229,33.331837],[112.647387,33.332633],[112.647599,33.33348],[112.648173,33.334495],[112.649115,33.335665],[112.649611,33.336166],[112.649941,33.336884],[112.650888,33.338392],[112.651038,33.33875],[112.652116,33.340449],[112.652116,33.340868],[112.65203,33.34212],[112.651926,33.342385],[112.651746,33.342658],[112.651649,33.343052],[112.651786,33.34344],[112.652384,33.344565],[112.655453,33.344381],[112.657148,33.344406],[112.657494,33.344522],[112.658586,33.345979],[112.658848,33.346239],[112.659012,33.347323],[112.659232,33.348331],[112.659825,33.349263],[112.660152,33.349837],[112.660471,33.350003],[112.660788,33.349998],[112.661571,33.348927],[112.662432,33.347422],[112.662805,33.347379],[112.663652,33.348152],[112.665326,33.350081],[112.665693,33.350269],[112.666557,33.350883],[112.667171,33.351493],[112.667582,33.352044],[112.667869,33.35236],[112.668006,33.352732],[112.667407,33.353148],[112.667375,33.353525],[112.667614,33.354136],[112.667402,33.354464],[112.667131,33.35473],[112.667056,33.355066],[112.667778,33.355089],[112.668191,33.355039],[112.668993,33.355055],[112.669355,33.355024],[112.669736,33.355201],[112.669803,33.355552],[112.670028,33.355785],[112.670307,33.355965],[112.670594,33.35609],[112.671248,33.356298],[112.671511,33.356435],[112.671753,33.356738],[112.671707,33.357116],[112.671385,33.357304],[112.67101,33.357416],[112.670808,33.357629],[112.67079,33.357943],[112.67087,33.358265],[112.670884,33.358588],[112.671283,33.35961],[112.671946,33.35978],[112.672579,33.359796],[112.673665,33.359469],[112.67532,33.358843],[112.677227,33.357974],[112.678168,33.3576],[112.679536,33.357148],[112.680934,33.356623],[112.68327,33.355505],[112.684552,33.354981],[112.684869,33.355001],[112.6864,33.355584],[112.68805,33.35609],[112.688425,33.356328],[112.687693,33.357882],[112.687347,33.358512],[112.686644,33.359244],[112.68526,33.360468],[112.686309,33.362672],[112.688229,33.365468],[112.68957,33.367932],[112.690606,33.367965],[112.6931,33.367762],[112.694975,33.368196],[112.695723,33.36821],[112.696466,33.367959],[112.696866,33.367903],[112.697271,33.367972],[112.698046,33.367912],[112.699213,33.36739],[112.70164,33.366633],[112.703843,33.365781],[112.70425,33.365806],[112.70469,33.365775],[112.705216,33.365598],[112.705685,33.36549],[112.708432,33.365721],[112.708974,33.365499],[112.709019,33.365109],[112.709446,33.364039],[112.709502,33.36364],[112.709698,33.363355],[112.709692,33.362871],[112.710175,33.362589],[112.710186,33.362175],[112.710277,33.361899],[112.710529,33.361718],[112.710728,33.361314],[112.710921,33.359395],[112.71105,33.358669],[112.711919,33.357502],[112.712128,33.35693],[112.711841,33.356117],[112.711672,33.35583],[112.711221,33.355201],[112.708955,33.35393],[112.708453,33.353619],[112.708333,33.353308],[112.708139,33.352322],[112.707034,33.348672],[112.708011,33.348562],[112.709751,33.348607],[112.710277,33.348401],[112.710728,33.346537],[112.712908,33.346519],[112.713517,33.346678],[112.713751,33.34694],[112.714646,33.348811],[112.715017,33.349104],[112.715333,33.349431],[112.715781,33.349703],[112.715765,33.35007],[112.715293,33.350776],[112.714604,33.351629],[112.715132,33.352924],[112.71558,33.35376],[112.715765,33.354385],[112.715773,33.354867],[112.715202,33.357914],[112.715296,33.358321],[112.71624,33.359563],[112.716776,33.360616],[112.717828,33.362349],[112.718039,33.363089],[112.718023,33.363503],[112.717879,33.364229],[112.717672,33.364986],[112.718007,33.365333],[112.71809,33.365714],[112.718066,33.366032],[112.718131,33.366317],[112.71886,33.36691],[112.719375,33.367605],[112.719445,33.367981],[112.719794,33.368747],[112.719839,33.369032],[112.720016,33.369271],[112.720317,33.369536],[112.72062,33.36999],[112.720947,33.370232],[112.721231,33.370494],[112.721929,33.371319],[112.722902,33.372607],[112.723232,33.373279],[112.723887,33.374831],[112.724198,33.374388],[112.724608,33.373982],[112.725126,33.373639],[112.72541,33.37342],[112.725501,33.373303],[112.725552,33.372188],[112.725544,33.371688],[112.725434,33.371142],[112.725445,33.371034],[112.72559,33.370936],[112.725775,33.370871],[112.726695,33.370098],[112.727293,33.369668],[112.72784,33.369209],[112.728079,33.368709],[112.728226,33.368024],[112.728371,33.3676],[112.72861,33.367237],[112.729318,33.366357],[112.729519,33.366052],[112.729576,33.365905],[112.729519,33.365743],[112.729433,33.365656],[112.728634,33.365443],[112.728216,33.365217],[112.727937,33.364944],[112.727803,33.364621],[112.727736,33.364229],[112.727561,33.363712],[112.727387,33.363483],[112.727121,33.363239],[112.726655,33.362905],[112.726354,33.362739],[112.726239,33.362627],[112.72622,33.362538],[112.72673,33.361711],[112.727097,33.361357],[112.728031,33.360732],[112.728594,33.360405],[112.728733,33.360268],[112.728787,33.360096],[112.728725,33.35989],[112.728468,33.359516],[112.728151,33.359249],[112.72795,33.359027],[112.727851,33.35885],[112.727835,33.358615],[112.727972,33.358019],[112.728658,33.357484],[112.728972,33.3568],[112.729919,33.35588],[112.730372,33.35555],[112.73082,33.355288],[112.731359,33.355095],[112.731797,33.355062],[112.73214,33.355163],[112.732443,33.355299],[112.732885,33.355411],[112.733323,33.355458],[112.733548,33.355384],[112.734015,33.355111],[112.734114,33.354977],[112.734025,33.35486],[112.734023,33.35462],[112.733773,33.353966],[112.733816,33.353883],[112.734092,33.353704],[112.734109,33.353632],[112.73446,33.353442],[112.73501,33.353213],[112.735077,33.352906],[112.73508,33.352588],[112.735004,33.352279],[112.734819,33.351853],[112.734739,33.351585],[112.734725,33.351374],[112.734768,33.351143],[112.734567,33.350491],[112.734492,33.349931],[112.73454,33.349416],[112.734527,33.349091],[112.736185,33.348291],[112.736646,33.348004],[112.736946,33.347708],[112.737274,33.347238],[112.737459,33.34705],[112.737939,33.346817],[112.738062,33.346637],[112.738113,33.346407],[112.738255,33.346194],[112.738454,33.34605],[112.738628,33.345979],[112.738776,33.345587],[112.739073,33.345217],[112.739081,33.345127],[112.739033,33.345029],[112.738751,33.34459],[112.739181,33.344686],[112.739266,33.34474],[112.739344,33.344955],[112.739427,33.345009],[112.739596,33.345029],[112.740471,33.344867],[112.740798,33.344899],[112.74083,33.34456],[112.741321,33.343754],[112.74157,33.343234],[112.741705,33.342788],[112.742195,33.341946],[112.742549,33.341195],[112.742938,33.340482],[112.743585,33.339487],[112.743606,33.339315],[112.743306,33.338746],[112.742933,33.338163],[112.741613,33.336763],[112.740184,33.335642],[112.739881,33.335315],[112.739714,33.335055],[112.739647,33.334833],[112.739637,33.334486],[112.739728,33.33417],[112.739714,33.333668],[112.739497,33.333365],[112.739749,33.333206],[112.739698,33.332848],[112.739755,33.332108],[112.739604,33.331974],[112.739119,33.331815],[112.739186,33.331714],[112.739159,33.33168],[112.739047,33.331662],[112.739017,33.331378],[112.739012,33.330728],[112.738912,33.330163],[112.738998,33.32939],[112.738955,33.329054],[112.738869,33.328769],[112.738861,33.328085],[112.738824,33.327893],[112.738746,33.32772],[112.738784,33.327579],[112.739012,33.327189],[112.739556,33.326535],[112.739811,33.326324],[112.74017,33.326167],[112.740495,33.32619],[112.74097,33.326299],[112.741238,33.326241],[112.741528,33.325694],[112.741898,33.324834],[112.742187,33.324453],[112.742576,33.324054],[112.742987,33.323762],[112.743735,33.323072],[112.744958,33.322487],[112.7452,33.322319],[112.745551,33.321781],[112.745736,33.321602],[112.746004,33.321485],[112.746122,33.321503],[112.746476,33.321669],[112.746962,33.321835],[112.74742,33.321963],[112.747742,33.322001],[112.748091,33.321969],[112.748847,33.321772],[112.749767,33.321402],[112.749781,33.321333],[112.749652,33.321053],[112.749622,33.320708],[112.749673,33.319228],[112.74977,33.318296],[112.749998,33.317207],[112.750585,33.31735],[112.750985,33.317395],[112.751234,33.317561],[112.752358,33.317978],[112.753109,33.318074],[112.754043,33.318099],[112.753922,33.317783],[112.753563,33.317238],[112.752694,33.316122],[112.753753,33.316052],[112.754273,33.316066],[112.754839,33.316176],[112.755142,33.316397],[112.755733,33.316929],[112.755904,33.317139],[112.756425,33.316967],[112.757406,33.316785],[112.757803,33.316554],[112.758133,33.316424],[112.757768,33.316185],[112.756462,33.314817],[112.756422,33.314649],[112.756221,33.314344],[112.75577,33.313972],[112.755188,33.313553],[112.754759,33.31315],[112.754204,33.312762],[112.753935,33.312735],[112.754099,33.312522],[112.754416,33.312266],[112.75548,33.311782],[112.758774,33.310563],[112.759402,33.310014],[112.760177,33.309577],[112.760421,33.309505],[112.763227,33.310065],[112.763278,33.309556],[112.763498,33.309213],[112.764058,33.308725],[112.764876,33.307804],[112.765434,33.307539],[112.765815,33.307122],[112.766,33.306674],[112.765973,33.305923],[112.766169,33.30538],[112.766622,33.30495],[112.767183,33.30458],[112.767829,33.304316],[112.768473,33.304248],[112.769468,33.304286],[112.770259,33.304475],[112.770249,33.304253],[112.770302,33.304022],[112.770284,33.303829],[112.770241,33.303632],[112.770058,33.303378],[112.7702,33.303114],[112.770522,33.302784],[112.770812,33.30241],[112.771193,33.301722],[112.771778,33.301206],[112.772478,33.30083],[112.773105,33.300388],[112.773298,33.300191],[112.773395,33.299621],[112.773416,33.298146],[112.773365,33.297604],[112.773387,33.29727],[112.773746,33.296913],[112.773749,33.296716],[112.773569,33.295808],[112.77365,33.295424],[112.773845,33.295104],[112.774122,33.294763],[112.774165,33.294274],[112.774023,33.293909],[112.7734,33.293483],[112.773245,33.293335],[112.773148,33.293088],[112.773137,33.292678],[112.773288,33.29242],[112.773701,33.292068],[112.773835,33.291732],[112.773875,33.29136],[112.774052,33.290692],[112.774055,33.290384],[112.773896,33.289804],[112.773784,33.289553],[112.773596,33.289333],[112.7731,33.288598],[112.773086,33.288317],[112.773153,33.288068],[112.77314,33.28792],[112.77277,33.287198],[112.772491,33.286781],[112.772802,33.286059],[112.772915,33.285862],[112.773052,33.285712],[112.773269,33.285326],[112.773508,33.28453],[112.773502,33.283185],[112.773368,33.282254],[112.773414,33.281719],[112.773387,33.28147],[112.773328,33.281185],[112.773097,33.280748],[112.773781,33.28073],[112.774119,33.280674],[112.774116,33.280429],[112.774039,33.280348],[112.773607,33.280198],[112.773491,33.280113],[112.773344,33.27986],[112.773113,33.278851],[112.77295,33.278481],[112.77262,33.277842],[112.772352,33.277664],[112.772258,33.277523],[112.772129,33.277037],[112.77204,33.276862],[112.771493,33.275904],[112.771131,33.275368],[112.770871,33.273967],[112.771456,33.273971],[112.771099,33.272655],[112.770597,33.272904],[112.770018,33.271785],[112.769742,33.271897],[112.769409,33.271966],[112.769165,33.271352],[112.768578,33.271565],[112.768441,33.271179],[112.768336,33.271042],[112.768122,33.270928],[112.767867,33.27067],[112.766984,33.269327],[112.766249,33.268376],[112.766622,33.268279],[112.767129,33.268051],[112.767025,33.267921],[112.766789,33.267421],[112.767172,33.267302],[112.7674,33.267869],[112.767714,33.267705],[112.768207,33.267524],[112.76788,33.266546],[112.767727,33.265934],[112.767593,33.265611],[112.767456,33.265391],[112.768167,33.265234],[112.768682,33.2661],[112.769691,33.265786],[112.76939,33.264723],[112.769626,33.264467],[112.769296,33.263117],[112.768921,33.263164],[112.76887,33.262848],[112.769938,33.262657],[112.770369,33.262549],[112.770305,33.261874],[112.770839,33.261782],[112.770664,33.261383],[112.770571,33.261083],[112.770361,33.260769],[112.771737,33.260405],[112.772046,33.260298],[112.772233,33.260147],[112.772252,33.260037],[112.772054,33.259252],[112.773819,33.258878],[112.77395,33.258799],[112.774143,33.258811],[112.774484,33.258748],[112.77314,33.254834],[112.772907,33.254228],[112.774857,33.254013],[112.774599,33.253324],[112.774481,33.252611],[112.774749,33.252405],[112.774956,33.252324],[112.775267,33.252257],[112.775844,33.252205],[112.776061,33.252237],[112.775879,33.252986],[112.77715,33.252723],[112.777078,33.252454],[112.778207,33.252299],[112.779494,33.252014],[112.779325,33.251743],[112.778408,33.250792],[112.778116,33.250411],[112.778003,33.250065],[112.777566,33.249119],[112.777456,33.24876],[112.777434,33.248618],[112.777512,33.248186],[112.777515,33.247999],[112.777418,33.247723],[112.777193,33.247356],[112.77855,33.246846],[112.778695,33.247138],[112.779819,33.246727],[112.77969,33.246185],[112.779465,33.245494],[112.779092,33.244534],[112.778604,33.243802],[112.778204,33.243331],[112.778167,33.242925],[112.778035,33.242607],[112.77777,33.242192],[112.77766,33.241907],[112.777378,33.241476],[112.777,33.241137],[112.776605,33.240561],[112.776576,33.24035],[112.776227,33.239832],[112.775978,33.239338],[112.775723,33.23871],[112.77561,33.238129],[112.775345,33.238333],[112.775103,33.238394],[112.77487,33.238593],[112.774658,33.238367],[112.773955,33.237234],[112.773639,33.236518],[112.773277,33.236009],[112.773489,33.235939],[112.772491,33.234138],[112.771367,33.234461],[112.770951,33.233806],[112.770648,33.233465],[112.770361,33.232857],[112.770219,33.232368],[112.769879,33.231997],[112.769763,33.231394],[112.769629,33.231131],[112.769465,33.231035],[112.769353,33.231019],[112.76884,33.230371],[112.768757,33.230189],[112.767129,33.230698],[112.766263,33.231062],[112.765976,33.231001],[112.765576,33.230974],[112.765228,33.231037],[112.764452,33.231248],[112.762596,33.231831],[112.76217,33.232137],[112.761379,33.232469],[112.759836,33.232973],[112.758962,33.232507],[112.756596,33.231587],[112.755875,33.231246],[112.755888,33.23101],[112.756057,33.230858],[112.753498,33.230905],[112.753608,33.229689],[112.752656,33.229841],[112.752061,33.230021],[112.751964,33.229449],[112.751841,33.229065],[112.75154,33.227831],[112.751379,33.227288],[112.751234,33.227001],[112.751162,33.226635],[112.749598,33.227091],[112.748566,33.227322],[112.748069,33.227403],[112.748024,33.227376],[112.74775,33.226586],[112.745556,33.227017],[112.745347,33.226436],[112.745229,33.226003],[112.744953,33.225343],[112.743456,33.225756],[112.743405,33.225679],[112.743081,33.225758],[112.742657,33.224995],[112.742139,33.225136],[112.742171,33.225188],[112.742107,33.225235],[112.741487,33.225453],[112.741876,33.226169],[112.742024,33.226095],[112.742311,33.226559],[112.742753,33.226447],[112.743601,33.228233],[112.744175,33.229319],[112.745433,33.231416],[112.744794,33.231674],[112.744634,33.231363],[112.744223,33.231517],[112.744524,33.232101],[112.744896,33.2327],[112.745752,33.232464],[112.745822,33.2327],[112.746337,33.233397],[112.746533,33.233756],[112.746814,33.234149],[112.747233,33.235199],[112.747788,33.236076],[112.747402,33.236215],[112.746943,33.236316],[112.747927,33.237824],[112.748069,33.238198],[112.748324,33.238618],[112.746235,33.239392],[112.745664,33.239571],[112.745741,33.239794],[112.745752,33.239935],[112.746031,33.240321],[112.746085,33.24061],[112.746074,33.24072],[112.746018,33.240801],[112.745795,33.240729],[112.745771,33.240754],[112.745599,33.240747],[112.745175,33.240828],[112.74344,33.241326],[112.743445,33.241698],[112.74333,33.242167],[112.743443,33.242335],[112.743837,33.242773],[112.744108,33.243482],[112.743738,33.243836],[112.743461,33.243964],[112.743384,33.243589],[112.743276,33.243517],[112.743188,33.243401],[112.742729,33.243152],[112.742684,33.243017],[112.742788,33.242501],[112.742791,33.242198],[112.742839,33.241994],[112.742437,33.242048],[112.740798,33.242402],[112.740522,33.242479],[112.740304,33.242625],[112.740085,33.242362],[112.740063,33.242676],[112.739017,33.242889],[112.738904,33.242889],[112.738762,33.242802],[112.738553,33.242797],[112.737349,33.242934],[112.737375,33.243336],[112.736367,33.243423],[112.735396,33.243596],[112.73417,33.243971],[112.72972,33.245207],[112.729023,33.24411],[112.728143,33.242968],[112.727703,33.242106],[112.727457,33.241709],[112.728473,33.241433],[112.72831,33.241007],[112.727183,33.241299],[112.727022,33.240949],[112.728948,33.24041],[112.728766,33.240027],[112.726765,33.240554],[112.726695,33.240395],[112.728626,33.239838],[112.728463,33.23974],[112.728401,33.239619],[112.726553,33.240139],[112.725987,33.23915],[112.725861,33.238688],[112.725289,33.237689],[112.727191,33.237267],[112.726952,33.237014],[112.725142,33.237436],[112.724651,33.236603],[112.724386,33.236043],[112.724174,33.235511],[112.72405,33.235015],[112.723605,33.234192],[112.723331,33.23357],[112.722701,33.233741],[112.722411,33.232875],[112.723004,33.23274],[112.722406,33.231176],[112.721398,33.231473],[112.720639,33.229541],[112.720896,33.22944],[112.721709,33.229263],[112.721601,33.228747],[112.72118,33.227429],[112.721119,33.227131],[112.719158,33.227598],[112.718557,33.227696],[112.716393,33.228179],[112.715921,33.228239],[112.715271,33.228399],[112.714909,33.228432],[112.713166,33.228776],[112.712992,33.228563],[112.712951,33.228473],[112.712933,33.228244],[112.712849,33.228013],[112.712597,33.227542],[112.711962,33.227649],[112.712471,33.229186],[112.711267,33.229482],[112.711106,33.229011],[112.710143,33.229164],[112.709057,33.229388],[112.70921,33.229648],[112.70933,33.229976],[112.709338,33.230156],[112.709274,33.230344],[112.709303,33.230627],[112.709416,33.23099],[112.709303,33.231093],[112.70878,33.230393],[112.708126,33.229615],[112.707718,33.229238],[112.707455,33.22904],[112.707324,33.228675],[112.707319,33.228289],[112.707367,33.227977],[112.707359,33.227838],[112.707311,33.227813],[112.704926,33.228325],[112.704239,33.228536],[112.701799,33.229135],[112.699827,33.229738],[112.699771,33.229655],[112.699674,33.22959],[112.699572,33.229422],[112.699202,33.228547],[112.697258,33.229227],[112.696445,33.228397],[112.69641,33.228271],[112.696858,33.228107],[112.697944,33.227788],[112.698044,33.228087],[112.698937,33.227878],[112.698864,33.227627],[112.698784,33.227515],[112.699492,33.227221],[112.699521,33.227017],[112.699299,33.226353],[112.698926,33.225408],[112.698787,33.224908],[112.697673,33.225132],[112.697641,33.224804],[112.696735,33.225018],[112.696834,33.224616],[112.696863,33.224288],[112.698473,33.223882],[112.698247,33.223139],[112.696729,33.22355],[112.696665,33.223348],[112.69817,33.22289],[112.698127,33.22274],[112.696633,33.223202],[112.69655,33.222464],[112.697754,33.222132],[112.697631,33.221912],[112.69725,33.221412],[112.696563,33.221571],[112.696579,33.221252],[112.697054,33.22116],[112.696829,33.220952]],[[112.719941,33.33536],[112.720035,33.335358],[112.720574,33.335768],[112.720483,33.33596],[112.720657,33.336052],[112.72051,33.336261],[112.720569,33.336417],[112.721717,33.337117],[112.722293,33.337179],[112.72188,33.337448],[112.718984,33.338497],[112.717908,33.339588],[112.717803,33.340097],[112.717146,33.34039],[112.716865,33.341457],[112.717828,33.343203],[112.7169,33.343476],[112.715513,33.343635],[112.714432,33.343651],[112.714413,33.342772],[112.714582,33.342642],[112.714614,33.34245],[112.7144,33.34206],[112.714386,33.341302],[112.713549,33.340173],[112.714164,33.339669],[112.713689,33.339378],[112.71378,33.338961],[112.711903,33.337605],[112.71175,33.336285],[112.712509,33.3351],[112.713751,33.335364],[112.71411,33.335344],[112.716543,33.334544],[112.717093,33.334578],[112.717058,33.3348],[112.71809,33.334923],[112.718721,33.335351],[112.718697,33.335461],[112.719077,33.33555],[112.719177,33.335369],[112.719941,33.33536]]]}},{"type":"Feature","properties":{"regionCode":"411322107","sourceCode":"411322107000","name":"二郎庙镇","sourceName":"二郎庙镇","parentCode":"411322","parentName":"方城县","regionLevel":"township","regionType":"town","isManagementZone":false,"source":"ruiduobao","sourceVersion":"mixed-legacy~2018-2020","geometryRepaired":false,"match2020":false,"match2023":false},"geometry":{"type":"Polygon","coordinates":[[[113.080221,33.1084],[113.078528,33.108713],[113.076865,33.109261],[113.075562,33.109584],[113.07285,33.110973],[113.07142,33.111894],[113.069749,33.113181],[113.067944,33.114489],[113.067837,33.114797],[113.067749,33.115848],[113.067411,33.117894],[113.067641,33.118979],[113.068049,33.119927],[113.068014,33.120386],[113.0678,33.120961],[113.067448,33.121444],[113.067116,33.121812],[113.064702,33.124238],[113.064323,33.124586],[113.063951,33.125051],[113.063709,33.125438],[113.063344,33.126321],[113.062923,33.12776],[113.062642,33.128279],[113.060861,33.130168],[113.06093,33.13119],[113.060002,33.131291],[113.059442,33.130631],[113.058672,33.130721],[113.058777,33.131779],[113.057414,33.132125],[113.056821,33.131601],[113.055601,33.131725],[113.055469,33.132453],[113.052975,33.132904],[113.052503,33.132149],[113.051958,33.132176],[113.050762,33.132388],[113.048016,33.13329],[113.047962,33.134339],[113.04849,33.134939],[113.049011,33.135413],[113.04941,33.136006],[113.049662,33.136298],[113.049933,33.136487],[113.050167,33.136731],[113.050454,33.137398],[113.050411,33.137794],[113.050169,33.13816],[113.047018,33.141628],[113.04702,33.142182],[113.047096,33.142467],[113.047307,33.142827],[113.048034,33.143844],[113.048131,33.144129],[113.048163,33.144511],[113.048099,33.145131],[113.046924,33.145856],[113.047374,33.146923],[113.046806,33.147568],[113.045875,33.148556],[113.043279,33.15106],[113.040792,33.152928],[113.039583,33.152151],[113.038558,33.151004],[113.037064,33.14914],[113.0356,33.149115],[113.034891,33.148412],[113.034554,33.148473],[113.033998,33.148646],[113.033454,33.147934],[113.032081,33.146014],[113.030817,33.145892],[113.030573,33.145104],[113.029677,33.145052],[113.029396,33.144206],[113.029052,33.144098],[113.02758,33.144161],[113.02699,33.142167],[113.026394,33.140936],[113.025997,33.140484],[113.02493,33.139413],[113.02295,33.138187],[113.019496,33.136372],[113.019533,33.135474],[113.018138,33.135516],[113.017884,33.136273],[113.010947,33.139029],[113.010937,33.141452],[113.005765,33.141556],[113.005669,33.139229],[113.004829,33.139251],[113.004765,33.141448],[113.004336,33.141466],[113.004346,33.142355],[113.004668,33.142369],[113.005122,33.142452],[113.005669,33.14262],[113.00605,33.142883],[113.006248,33.143177],[113.006377,33.143545],[113.006385,33.143835],[113.006543,33.144076],[113.006959,33.144482],[113.005706,33.144565],[113.005403,33.144637],[113.005283,33.144444],[113.003888,33.144525],[113.003663,33.144722],[113.003907,33.145162],[113.001847,33.145286],[113.001597,33.145275],[113.001232,33.145207],[113.00097,33.145374],[113.000074,33.145776],[112.999722,33.145207],[112.99928,33.144102],[112.999138,33.14393],[112.998896,33.143934],[112.999114,33.144646],[112.99946,33.145441],[112.999127,33.14558],[112.999341,33.146133],[112.998279,33.146676],[112.99762,33.146905],[112.997263,33.147087],[112.996909,33.147211],[112.997504,33.148509],[112.996952,33.148697],[112.99685,33.14865],[112.996321,33.148551],[112.995959,33.148563],[112.996278,33.149674],[112.996343,33.15011],[112.996211,33.150545],[112.996152,33.150923],[112.996168,33.151015],[112.994664,33.151091],[112.994664,33.151298],[112.996211,33.15126],[112.996337,33.151996],[112.99641,33.152894],[112.996252,33.153047],[112.99534,33.153123],[112.995608,33.154105],[112.993856,33.154289],[112.993754,33.154334],[112.993543,33.154332],[112.993387,33.154376],[112.993384,33.154531],[112.993551,33.155212],[112.993658,33.155468],[112.994015,33.155656],[112.994535,33.155998],[112.994991,33.156411],[112.99546,33.157015],[112.996045,33.158124],[112.996024,33.158313],[112.996632,33.159263],[112.996136,33.159548],[112.995125,33.159687],[112.995605,33.161418],[112.996716,33.161209],[112.997172,33.162703],[112.995959,33.162925],[112.99648,33.164476],[112.997437,33.164261],[112.997861,33.165754],[112.996917,33.165951],[112.997402,33.167519],[112.997912,33.16883],[112.997992,33.1692],[112.998314,33.170168],[112.998671,33.17145],[112.996801,33.171809],[112.997137,33.173035],[112.995085,33.173408],[112.995388,33.174557],[112.999446,33.173848],[112.999776,33.17513],[113.001324,33.1748],[113.002818,33.174546],[113.003207,33.174452],[113.003426,33.174851],[113.003435,33.175011],[113.003488,33.175165],[113.003984,33.176059],[113.004668,33.177691],[113.005071,33.178223],[113.005033,33.178445],[113.004872,33.178883],[113.004733,33.179076],[113.004668,33.179029],[113.004357,33.177839],[113.003308,33.177999],[113.003748,33.179031],[113.003818,33.179303],[113.002732,33.179402],[113.002818,33.180524],[113.002815,33.180924],[113.001235,33.180964],[113.000675,33.181056],[113.000543,33.181052],[112.999808,33.18122],[112.999832,33.181301],[112.999816,33.181427],[112.99943,33.181498],[112.998708,33.181555],[112.997298,33.18186],[112.997083,33.181871],[112.997477,33.184017],[112.997805,33.186046],[113.000878,33.185707],[113.000927,33.186884],[113.001053,33.188123],[113.001112,33.189954],[113.002659,33.189892],[113.003174,33.193189],[113.001962,33.193231],[113.002281,33.195633],[113.001769,33.19592],[113.001675,33.196012],[113.00168,33.196614],[113.001796,33.1968],[113.001729,33.19748],[113.001801,33.198048],[113.001868,33.198324],[113.000444,33.198578],[112.9967,33.199121],[112.996855,33.201141],[112.999661,33.200955],[113.001235,33.200919],[113.002608,33.20069],[113.003091,33.202456],[113.003703,33.205212],[113.003834,33.205663],[113.004167,33.206388],[113.004234,33.206695],[113.004397,33.207131],[113.004542,33.207416],[113.004757,33.207524],[113.004827,33.20771],[113.004872,33.208015],[113.004843,33.208392],[113.004998,33.209029],[113.005221,33.209353],[113.005366,33.209752],[113.00539,33.210019],[113.00554,33.210497],[113.005693,33.21071],[113.006184,33.211141],[113.006361,33.211603],[113.007361,33.211639],[113.008391,33.211617],[113.009437,33.211523],[113.010261,33.211442],[113.010988,33.211318],[113.01168,33.211092],[113.011723,33.211987],[113.01272,33.211915],[113.012699,33.212138],[113.013369,33.212142],[113.013246,33.213221],[113.014169,33.213199],[113.014153,33.213637],[113.014421,33.213551],[113.015177,33.213392],[113.015274,33.213426],[113.016392,33.213102],[113.017567,33.212896],[113.018146,33.21407],[113.019088,33.213744],[113.019614,33.213646],[113.019944,33.213643],[113.020137,33.213724],[113.019791,33.213931],[113.019198,33.214144],[113.018785,33.214348],[113.018543,33.214633],[113.018509,33.214925],[113.018594,33.215239],[113.020416,33.214848],[113.02048,33.215427],[113.022028,33.215023],[113.022497,33.215973],[113.022628,33.21648],[113.022878,33.216937],[113.023567,33.216756],[113.023937,33.217629],[113.023127,33.217837],[113.023953,33.219233],[113.022736,33.219646],[113.022599,33.219482],[113.022438,33.21946],[113.022146,33.219547],[113.02191,33.21959],[113.02184,33.219576],[113.021738,33.219507],[113.021649,33.219356],[113.020756,33.219673],[113.021062,33.220308],[113.021472,33.220775],[113.021926,33.220974],[113.022189,33.221405],[113.022363,33.221854],[113.0224,33.222161],[113.022486,33.222121],[113.023141,33.221995],[113.024321,33.222098],[113.023881,33.22287],[113.021644,33.226287],[113.021446,33.226844],[113.021531,33.226994],[113.022001,33.227115],[113.022392,33.227293],[113.021853,33.228655],[113.023197,33.229372],[113.023165,33.229545],[113.02302,33.229765],[113.022529,33.229604],[113.022132,33.229411],[113.020931,33.228684],[113.020633,33.229166],[113.020459,33.229687],[113.021185,33.230225],[113.021089,33.2304],[113.019981,33.229761],[113.019627,33.229505],[113.018954,33.231172],[113.018707,33.231674],[113.017859,33.23082],[113.01672,33.2325],[113.016234,33.233104],[113.016006,33.233646],[113.015727,33.233714],[113.015649,33.235466],[113.01547,33.236772],[113.01702,33.236774],[113.017369,33.236738],[113.017479,33.237225],[113.017543,33.237882],[113.017535,33.238106],[113.017146,33.238131],[113.017106,33.238418],[113.016781,33.238468],[113.016875,33.239206],[113.017122,33.239168],[113.017307,33.239616],[113.017532,33.240002],[113.017921,33.240206],[113.018157,33.240413],[113.018399,33.240684],[113.018895,33.24055],[113.018774,33.239946],[113.019152,33.239706],[113.019528,33.239547],[113.021231,33.240592],[113.021703,33.240554],[113.022433,33.240253],[113.022623,33.240606],[113.022862,33.240657],[113.02346,33.240626],[113.023798,33.240576],[113.025303,33.240292],[113.025477,33.240336],[113.025453,33.238932],[113.025394,33.238479],[113.025388,33.237815],[113.025348,33.237635],[113.025295,33.236256],[113.025246,33.236177],[113.025166,33.234169],[113.026713,33.234053],[113.027891,33.23388],[113.030088,33.233667],[113.030251,33.235316],[113.031941,33.235107],[113.031764,33.233568],[113.032655,33.233456],[113.033068,33.23687],[113.032231,33.237048],[113.031474,33.237135],[113.031659,33.238032],[113.032008,33.238147],[113.032327,33.240072],[113.03237,33.240738],[113.032502,33.240976],[113.032904,33.240698],[113.03336,33.240505],[113.034248,33.240249],[113.034258,33.241164],[113.034374,33.242739],[113.03446,33.24284],[113.034562,33.243087],[113.037885,33.242925],[113.037952,33.243722],[113.038043,33.24376],[113.039738,33.243742],[113.039848,33.246097],[113.040645,33.246104],[113.040862,33.247771],[113.040953,33.247746],[113.041044,33.24856],[113.041594,33.248567],[113.041667,33.249554],[113.041246,33.249899],[113.041388,33.250061],[113.041289,33.250198],[113.041323,33.250465],[113.041584,33.250482],[113.041618,33.251487],[113.041578,33.251806],[113.041637,33.251999],[113.041745,33.252091],[113.041879,33.252333],[113.04208,33.252539],[113.042158,33.251492],[113.042112,33.250846],[113.042139,33.250393],[113.042627,33.250251],[113.042715,33.25085],[113.042732,33.251501],[113.042678,33.251869],[113.042533,33.252183],[113.042471,33.252526],[113.045226,33.252708],[113.045497,33.25304],[113.045768,33.253255],[113.046264,33.253977],[113.046299,33.254589],[113.046489,33.255457],[113.045838,33.255664],[113.045615,33.255291],[113.045427,33.255316],[113.045167,33.255258],[113.044051,33.255366],[113.044306,33.255675],[113.044684,33.255951],[113.044899,33.256056],[113.045366,33.256085],[113.045883,33.256007],[113.046894,33.255677],[113.047643,33.255229],[113.047865,33.254942],[113.047965,33.254567],[113.048016,33.254127],[113.047849,33.253035],[113.047546,33.251907],[113.047493,33.251593],[113.047509,33.251425],[113.047627,33.251122],[113.047863,33.250779],[113.048206,33.250489],[113.048699,33.250247],[113.048936,33.250061],[113.049668,33.249834],[113.0497,33.249617],[113.049649,33.249204],[113.049346,33.248659],[113.048791,33.248002],[113.048211,33.247477],[113.04919,33.247273],[113.054018,33.246754],[113.054083,33.249193],[113.054415,33.249238],[113.054496,33.246766],[113.05518,33.24679],[113.055177,33.249338],[113.056151,33.249453],[113.056703,33.249473],[113.057178,33.249435],[113.056934,33.250059],[113.05688,33.250458],[113.05699,33.251472],[113.056982,33.251759],[113.057033,33.252335],[113.056993,33.252674],[113.057661,33.252687],[113.057757,33.25284],[113.058015,33.252867],[113.058017,33.253183],[113.058642,33.253437],[113.058991,33.25347],[113.05901,33.253721],[113.059367,33.253701],[113.059584,33.253567],[113.059533,33.253271],[113.059573,33.253089],[113.05979,33.252835],[113.059965,33.252548],[113.062293,33.252524],[113.062261,33.252171],[113.062918,33.25179],[113.065919,33.251763],[113.065892,33.25116],[113.065917,33.249881],[113.066474,33.249527],[113.068859,33.249538],[113.06888,33.249094],[113.068829,33.248123],[113.068706,33.247654],[113.069398,33.247649],[113.069428,33.248316],[113.069261,33.248325],[113.069291,33.248529],[113.069395,33.248524],[113.069492,33.249599],[113.06969,33.249623],[113.069605,33.248513],[113.069607,33.247652],[113.070079,33.247649],[113.070168,33.2488],[113.070275,33.249637],[113.070372,33.249789],[113.070694,33.249675],[113.070946,33.249552],[113.071045,33.249464],[113.071107,33.249323],[113.071117,33.24863],[113.07196,33.248614],[113.071935,33.248008],[113.077394,33.247851],[113.077737,33.247214],[113.080561,33.247095],[113.080433,33.246413],[113.078764,33.246526],[113.078542,33.244424],[113.078443,33.243971],[113.078158,33.241902],[113.079518,33.241528],[113.079824,33.241312],[113.079749,33.241023],[113.079566,33.239248],[113.080288,33.239448],[113.080379,33.240626],[113.08046,33.24107],[113.081685,33.240819],[113.081618,33.239004],[113.081929,33.238647],[113.082275,33.237884],[113.082482,33.23751],[113.082544,33.237285],[113.082554,33.237124],[113.082471,33.236998],[113.082206,33.236834],[113.082326,33.236527],[113.082372,33.235652],[113.082482,33.235394],[113.082377,33.235233],[113.082353,33.235085],[113.082031,33.234714],[113.081591,33.233905],[113.08073,33.233871],[113.080175,33.233765],[113.079883,33.23368],[113.07962,33.233561],[113.079481,33.233402],[113.078539,33.231908],[113.078394,33.231793],[113.078512,33.231643],[113.078456,33.231001],[113.078408,33.229624],[113.079947,33.229509],[113.079918,33.228931],[113.080451,33.228722],[113.080634,33.228688],[113.080781,33.228502],[113.082047,33.228495],[113.081962,33.228094],[113.081672,33.227156],[113.081594,33.227093],[113.081948,33.22694],[113.082688,33.226781],[113.082986,33.226745],[113.08323,33.226772],[113.084196,33.226653],[113.084649,33.226642],[113.084601,33.226319],[113.085204,33.226283],[113.085288,33.226009],[113.085288,33.225543],[113.085491,33.225475],[113.085446,33.225141],[113.084942,33.225098],[113.083236,33.224721],[113.083415,33.223873],[113.083737,33.223104],[113.082595,33.222307],[113.083877,33.222644],[113.084051,33.221605],[113.084185,33.22112],[113.084464,33.221268],[113.085202,33.221558],[113.0858,33.221681],[113.086285,33.221674],[113.087372,33.22141],[113.088098,33.221293],[113.088326,33.220507],[113.08863,33.219653],[113.08841,33.219374],[113.088168,33.219884],[113.087943,33.22075],[113.087763,33.221129],[113.087543,33.221044],[113.087294,33.220864],[113.087157,33.220674],[113.087071,33.220308],[113.087103,33.219846],[113.087321,33.219125],[113.087318,33.218957],[113.087122,33.218535],[113.087122,33.218432],[113.087246,33.218172],[113.087294,33.217216],[113.087487,33.21689],[113.087626,33.216744],[113.088385,33.216163],[113.088662,33.215921],[113.088825,33.215714],[113.088968,33.21549],[113.089075,33.21523],[113.089126,33.214828],[113.08889,33.214864],[113.088707,33.214978],[113.088509,33.214967],[113.088251,33.214673],[113.087734,33.214352],[113.087592,33.214224],[113.087463,33.21404],[113.087339,33.213767],[113.087272,33.213504],[113.087294,33.21343],[113.087415,33.213363],[113.087471,33.21308],[113.087825,33.212611],[113.088157,33.212012],[113.08831,33.211805],[113.088753,33.211262],[113.089069,33.211067],[113.089254,33.21089],[113.089319,33.210818],[113.089383,33.210668],[113.089383,33.210535],[113.08934,33.210459],[113.088938,33.209947],[113.088866,33.209213],[113.088825,33.209126],[113.088434,33.208744],[113.088131,33.208361],[113.088174,33.208224],[113.088163,33.20795],[113.087774,33.207634],[113.087913,33.20712],[113.088093,33.206915],[113.088131,33.206819],[113.088171,33.206554],[113.088646,33.206027],[113.088984,33.20547],[113.089214,33.204985],[113.08945,33.204157],[113.089488,33.20361],[113.089474,33.203031],[113.090191,33.203125],[113.090606,33.203134],[113.090985,33.203093],[113.091486,33.202966],[113.091929,33.202802],[113.092693,33.20225],[113.093103,33.202018],[113.093283,33.20187],[113.093672,33.201401],[113.09386,33.201287],[113.094555,33.201013],[113.094882,33.20084],[113.095158,33.200804],[113.095381,33.200869],[113.095917,33.201125],[113.096046,33.201098],[113.096126,33.201006],[113.096212,33.200723],[113.096314,33.200602],[113.096671,33.200456],[113.097226,33.200337],[113.097607,33.200185],[113.097948,33.200005],[113.098803,33.199267],[113.099112,33.199067],[113.099543,33.198847],[113.100246,33.198322],[113.101587,33.197907],[113.102108,33.197795],[113.102808,33.198149],[113.103269,33.198495],[113.103567,33.198652],[113.103779,33.198726],[113.104143,33.198773],[113.104388,33.19878],[113.106018,33.198468],[113.106724,33.198468],[113.107134,33.198421],[113.107408,33.198329],[113.107603,33.198223],[113.108572,33.197543],[113.109001,33.197462],[113.109411,33.197435],[113.109714,33.197352],[113.109835,33.197224],[113.110404,33.196239],[113.110586,33.196028],[113.11105,33.195629],[113.111624,33.195193],[113.111855,33.195097],[113.112252,33.195005],[113.112702,33.194785],[113.113134,33.194394],[113.113335,33.194264],[113.114019,33.193941],[113.115234,33.19351],[113.115816,33.193171],[113.115985,33.19311],[113.117029,33.193009],[113.117723,33.192827],[113.118434,33.192502],[113.118823,33.192192],[113.11904,33.192085],[113.119936,33.192033],[113.120105,33.191979],[113.120642,33.19168],[113.121406,33.191342],[113.122417,33.191086],[113.122264,33.190767],[113.122168,33.190475],[113.121873,33.190035],[113.121846,33.189898],[113.121862,33.18942],[113.121835,33.189225],[113.121664,33.188789],[113.121304,33.188327],[113.121251,33.188154],[113.121256,33.188087],[113.121382,33.187892],[113.12201,33.1874],[113.12238,33.187016],[113.122047,33.18661],[113.121551,33.186343],[113.121202,33.186217],[113.120977,33.186078],[113.120414,33.185638],[113.119201,33.184774],[113.118297,33.184318],[113.118166,33.18419],[113.117962,33.183775],[113.117914,33.183586],[113.117919,33.18346],[113.118016,33.183256],[113.117326,33.181101],[113.11709,33.180639],[113.116954,33.180441],[113.116586,33.179536],[113.116503,33.17926],[113.11638,33.179013],[113.115765,33.178212],[113.115932,33.177945],[113.116321,33.177462],[113.11661,33.17678],[113.116581,33.176609],[113.116286,33.17583],[113.116146,33.175343],[113.116071,33.174528],[113.116066,33.173989],[113.116157,33.17387],[113.116213,33.173731],[113.116229,33.173545],[113.116423,33.173659],[113.116683,33.173756],[113.116852,33.17374],[113.116876,33.173657],[113.116828,33.173448],[113.116913,33.173318],[113.116913,33.17323],[113.116683,33.172532],[113.11745,33.171275],[113.117817,33.170848],[113.119494,33.170202],[113.119231,33.170101],[113.119124,33.17002],[113.118831,33.169654],[113.118244,33.169144],[113.11845,33.169068],[113.118665,33.16905],[113.119102,33.169106],[113.119743,33.169113],[113.121006,33.168832],[113.12128,33.16872],[113.121682,33.168457],[113.122935,33.167317],[113.123029,33.167274],[113.125547,33.166724],[113.125824,33.166416],[113.126006,33.166111],[113.126234,33.16557],[113.126894,33.164941],[113.127039,33.164696],[113.127245,33.164182],[113.127385,33.163958],[113.127414,33.16367],[113.127481,33.163509],[113.127717,33.163165],[113.127894,33.163048],[113.128104,33.162976],[113.128337,33.162947],[113.129034,33.162763],[113.129472,33.162465],[113.129737,33.162368],[113.130209,33.162099],[113.130459,33.161937],[113.130571,33.161773],[113.130783,33.161322],[113.130909,33.161142],[113.131054,33.16101],[113.131226,33.160926],[113.132398,33.160825],[113.133583,33.16026],[113.133618,33.160206],[113.133613,33.16012],[113.133304,33.159505],[113.132975,33.159036],[113.133025,33.158849],[113.13309,33.158775],[113.13365,33.158353],[113.134128,33.158108],[113.134251,33.158021],[113.1343,33.157931],[113.134318,33.157733],[113.134283,33.156505],[113.13438,33.155672],[113.134254,33.154724],[113.134318,33.154477],[113.13446,33.154287],[113.135327,33.153449],[113.135713,33.153166],[113.136027,33.152989],[113.137097,33.152003],[113.137749,33.151147],[113.137199,33.150718],[113.136327,33.15013],[113.131698,33.149993],[113.130558,33.149829],[113.128369,33.14894],[113.127814,33.148794],[113.126309,33.148789],[113.125647,33.148708],[113.120856,33.146443],[113.120703,33.146166],[113.120111,33.144417],[113.119344,33.143921],[113.114652,33.139658],[113.112539,33.137154],[113.112059,33.13666],[113.111528,33.137212],[113.111353,33.137558],[113.110377,33.13747],[113.110347,33.136192],[113.109588,33.136242],[113.109481,33.137055],[113.108548,33.136904],[113.108515,33.135498],[113.107598,33.135561],[113.107453,33.136163],[113.103478,33.132538],[113.101705,33.13049],[113.101367,33.13018],[113.100922,33.130025],[113.097046,33.13009],[113.096413,33.130233],[113.095627,33.130496],[113.095314,33.13073],[113.095051,33.131049],[113.094713,33.131159],[113.094093,33.131202],[113.09372,33.130966],[113.092538,33.131312],[113.091969,33.132608],[113.091599,33.132796],[113.091231,33.132659],[113.090821,33.132017],[113.088584,33.132884],[113.089802,33.134488],[113.089871,33.134825],[113.088587,33.135328],[113.087524,33.135635],[113.087213,33.135653],[113.087181,33.134016],[113.087262,33.132563],[113.087251,33.132163],[113.087103,33.131727],[113.086782,33.131541],[113.084327,33.131316],[113.084477,33.130492],[113.085604,33.130568],[113.086417,33.130499],[113.087476,33.130193],[113.090043,33.1292],[113.091073,33.129906],[113.092462,33.130775],[113.093635,33.130225],[113.09375,33.129764],[113.093782,33.124515],[113.093053,33.123373],[113.093109,33.122886],[113.093417,33.122479],[113.093884,33.122109],[113.094667,33.121657],[113.094935,33.121444],[113.095196,33.120981],[113.09519,33.120273],[113.093769,33.118162],[113.093506,33.117641],[113.09342,33.116908],[113.092519,33.116616],[113.092653,33.115107],[113.090502,33.114331],[113.090279,33.113516],[113.08945,33.113462],[113.089241,33.11421],[113.088571,33.114136],[113.088166,33.112377],[113.084797,33.11228],[113.084392,33.112869],[113.080578,33.111999],[113.080701,33.111582],[113.080964,33.110892],[113.081203,33.110411],[113.081653,33.109712],[113.081833,33.109342],[113.081895,33.109036],[113.081728,33.108672],[113.081371,33.108421],[113.080905,33.10836],[113.080221,33.1084]]]}},{"type":"Feature","properties":{"regionCode":"411322108","sourceCode":"411322108000","name":"杨楼镇","sourceName":"杨楼镇","parentCode":"411322","parentName":"方城县","regionLevel":"township","regionType":"town","isManagementZone":false,"source":"ruiduobao","sourceVersion":"mixed-legacy~2018-2020","geometryRepaired":false,"match2020":true,"match2023":true},"geometry":{"type":"Polygon","coordinates":[[[113.304309,33.211116],[113.304057,33.211942],[113.304156,33.212364],[113.304228,33.21297],[113.304091,33.213726],[113.303764,33.21453],[113.303729,33.214909],[113.303756,33.215699],[113.303866,33.217036],[113.303804,33.220247],[113.303737,33.220772],[113.303477,33.220997],[113.302659,33.220523],[113.302045,33.219852],[113.301707,33.219648],[113.301001,33.219534],[113.300677,33.219671],[113.29976,33.219641],[113.300036,33.219199],[113.300237,33.219148],[113.300232,33.219107],[113.300047,33.219105],[113.29999,33.218899],[113.299851,33.218811],[113.299599,33.218719],[113.298799,33.21856],[113.298456,33.218441],[113.298247,33.218151],[113.298381,33.217927],[113.298671,33.217564],[113.298893,33.217198],[113.298781,33.216702],[113.298582,33.216466],[113.298333,33.21628],[113.298199,33.216031],[113.297936,33.215854],[113.297525,33.215488],[113.297456,33.21551],[113.298051,33.216112],[113.298164,33.216121],[113.298199,33.216363],[113.297812,33.216332],[113.295892,33.21663],[113.295712,33.216569],[113.295363,33.216367],[113.294991,33.216004],[113.294736,33.215921],[113.294529,33.215925],[113.293698,33.216215],[113.293285,33.215692],[113.293234,33.215697],[113.293384,33.216083],[113.293751,33.216338],[113.294202,33.216262],[113.29439,33.216109],[113.29465,33.216069],[113.294956,33.216116],[113.295457,33.216596],[113.295916,33.21676],[113.297445,33.216534],[113.297981,33.216486],[113.298472,33.216639],[113.29859,33.216785],[113.298633,33.217005],[113.298588,33.217222],[113.298504,33.217357],[113.298115,33.217586],[113.297987,33.218015],[113.298217,33.218497],[113.29852,33.218739],[113.298657,33.218912],[113.299408,33.21889],[113.299639,33.218995],[113.299607,33.219237],[113.299521,33.219475],[113.299373,33.219621],[113.298872,33.219686],[113.298545,33.219843],[113.298528,33.220012],[113.298279,33.220196],[113.298008,33.220694],[113.29781,33.222278],[113.297794,33.222969],[113.29782,33.223458],[113.297547,33.224165],[113.297423,33.224268],[113.297037,33.224746],[113.296654,33.225641],[113.296021,33.22613],[113.295575,33.226388],[113.294894,33.226961],[113.294433,33.227571],[113.294191,33.227189],[113.294307,33.226658],[113.294511,33.226427],[113.29457,33.226133],[113.294494,33.225783],[113.294433,33.22607],[113.294454,33.226274],[113.294205,33.226611],[113.293996,33.226987],[113.293969,33.227221],[113.293894,33.227346],[113.294004,33.227447],[113.294041,33.227793],[113.293435,33.228087],[113.292802,33.228531],[113.292713,33.228711],[113.292298,33.229222],[113.291957,33.229817],[113.291729,33.230523],[113.291638,33.231188],[113.291667,33.231764],[113.291571,33.231991],[113.291123,33.232345],[113.289951,33.232949],[113.288924,33.233238],[113.28733,33.233386],[113.285211,33.233025],[113.284632,33.232987],[113.284922,33.232763],[113.28578,33.232235],[113.285839,33.232031],[113.285431,33.231894],[113.285185,33.231766],[113.285101,33.231564],[113.28482,33.231551],[113.284557,33.231405],[113.284125,33.230948],[113.284184,33.230755],[113.284385,33.230716],[113.284332,33.230483],[113.284305,33.230508],[113.284326,33.230672],[113.284168,33.230645],[113.284085,33.230698],[113.284053,33.230918],[113.283819,33.230927],[113.283752,33.230683],[113.28379,33.230562],[113.283723,33.230485],[113.283221,33.230402],[113.283248,33.230436],[113.283731,33.230573],[113.283688,33.230667],[113.283768,33.230974],[113.283897,33.23106],[113.284042,33.230986],[113.284278,33.231219],[113.284423,33.231484],[113.284788,33.231627],[113.284986,33.231636],[113.285123,33.231894],[113.28571,33.232065],[113.285375,33.23233],[113.284597,33.232702],[113.284195,33.233018],[113.283229,33.232973],[113.28284,33.233007],[113.282191,33.232904],[113.281553,33.232908],[113.281062,33.233532],[113.28081,33.233288],[113.280791,33.233312],[113.280909,33.233478],[113.28088,33.233514],[113.280668,33.233281],[113.280595,33.233003],[113.280424,33.232839],[113.280265,33.232758],[113.279699,33.232754],[113.279466,33.232724],[113.279369,33.232677],[113.279144,33.232392],[113.278978,33.232309],[113.278814,33.232285],[113.278677,33.232087],[113.278581,33.23204],[113.278436,33.232022],[113.277994,33.232101],[113.277409,33.232049],[113.277189,33.231773],[113.276505,33.2318],[113.276086,33.231744],[113.27607,33.231416],[113.275909,33.231087],[113.27548,33.230835],[113.274871,33.230586],[113.274268,33.23044],[113.274094,33.230465],[113.273793,33.230615],[113.273286,33.230582],[113.272881,33.230375],[113.273198,33.229613],[113.273136,33.2292],[113.272932,33.228401],[113.272841,33.22767],[113.272849,33.227394],[113.272895,33.227163],[113.273096,33.226525],[113.27272,33.226379],[113.271913,33.226231],[113.271505,33.226072],[113.270768,33.225664],[113.270875,33.225511],[113.27099,33.225237],[113.271283,33.22526],[113.271323,33.22521],[113.27143,33.224715],[113.271427,33.224506],[113.271508,33.224454],[113.271615,33.224454],[113.271859,33.224356],[113.271814,33.224147],[113.271355,33.224194],[113.271363,33.224122],[113.271272,33.224116],[113.271312,33.223918],[113.271291,33.223884],[113.271344,33.222938],[113.271326,33.221997],[113.271189,33.221935],[113.271124,33.221856],[113.271106,33.221773],[113.271012,33.221717],[113.270894,33.221706],[113.270628,33.221775],[113.27007,33.222112],[113.270049,33.222953],[113.270242,33.223422],[113.270293,33.223745],[113.270202,33.224196],[113.270046,33.224681],[113.269762,33.225282],[113.269587,33.225415],[113.269496,33.22563],[113.2694,33.225709],[113.269303,33.225998],[113.269247,33.226409],[113.269166,33.226541],[113.268933,33.226682],[113.268724,33.226909],[113.268338,33.227167],[113.268152,33.227079],[113.267954,33.22677],[113.268024,33.226617],[113.267994,33.226186],[113.267836,33.22589],[113.267785,33.225552],[113.267927,33.225233],[113.267957,33.225044],[113.268,33.224982],[113.268185,33.224865],[113.268206,33.224811],[113.268169,33.22462],[113.268024,33.224544],[113.266621,33.224376],[113.266291,33.224252],[113.266047,33.224118],[113.265586,33.22362],[113.265258,33.223039],[113.264365,33.223131],[113.264448,33.223754],[113.264373,33.224304],[113.264301,33.224405],[113.26418,33.224392],[113.264105,33.22392],[113.264008,33.223694],[113.263582,33.223016],[113.263491,33.222706],[113.263257,33.222352],[113.263373,33.224156],[113.263461,33.224492],[113.263641,33.224663],[113.264419,33.225134],[113.264727,33.225356],[113.265465,33.225684],[113.265704,33.225899],[113.265832,33.226063],[113.265969,33.226498],[113.265433,33.226339],[113.264655,33.226052],[113.262893,33.225677],[113.262788,33.225002],[113.262686,33.224593],[113.262464,33.224596],[113.262415,33.224647],[113.262421,33.22478],[113.2623,33.225107],[113.262209,33.22517],[113.26164,33.225273],[113.26149,33.225332],[113.261206,33.225502],[113.260581,33.226056],[113.260637,33.226595],[113.260444,33.226593],[113.260304,33.226523],[113.260194,33.226319],[113.260117,33.225906],[113.260025,33.224986],[113.259639,33.225006],[113.259242,33.225132],[113.259006,33.22513],[113.258848,33.225067],[113.258438,33.225417],[113.25818,33.225558],[113.257968,33.225585],[113.257536,33.225504],[113.257303,33.225352],[113.257032,33.224813],[113.256976,33.224777],[113.256901,33.224784],[113.256866,33.224834],[113.256879,33.225354],[113.256522,33.225412],[113.256383,33.224302],[113.254631,33.224396],[113.254358,33.224044],[113.25358,33.224208],[113.252456,33.224533],[113.252199,33.224335],[113.251236,33.223772],[113.25071,33.223182],[113.250587,33.223086],[113.250251,33.222924],[113.24865,33.222655],[113.247271,33.222215],[113.244785,33.221607],[113.244589,33.221517],[113.244329,33.221306],[113.244023,33.220959],[113.243482,33.220162],[113.243259,33.219973],[113.242535,33.219444],[113.241703,33.219042],[113.241489,33.218845],[113.24096,33.218266],[113.240421,33.21742],[113.240099,33.217173],[113.239818,33.21707],[113.239606,33.217056],[113.238672,33.217146],[113.238337,33.217213],[113.236422,33.214974],[113.236044,33.214646],[113.235529,33.214348],[113.234858,33.213695],[113.234636,33.213062],[113.234469,33.212856],[113.233635,33.212434],[113.233024,33.21227],[113.232259,33.211965],[113.230889,33.211267],[113.232664,33.210706],[113.23364,33.21034],[113.234067,33.210149],[113.234105,33.210093],[113.234086,33.210035],[113.232696,33.210187],[113.231951,33.210192],[113.23039,33.209844],[113.229301,33.209377],[113.229057,33.209321],[113.228764,33.209319],[113.226152,33.210531],[113.224821,33.211195],[113.225312,33.212063],[113.225736,33.212642],[113.226318,33.213246],[113.224569,33.213888],[113.22403,33.213462],[113.222885,33.213767],[113.222904,33.21488],[113.221828,33.215073],[113.220897,33.215279],[113.221029,33.215497],[113.221125,33.215804],[113.220313,33.215896],[113.219889,33.214177],[113.219291,33.214198],[113.219379,33.21538],[113.219607,33.216599],[113.219052,33.216697],[113.219183,33.217281],[113.219588,33.217229],[113.219773,33.21784],[113.220806,33.217667],[113.2205,33.216489],[113.221329,33.216433],[113.22149,33.216453],[113.221737,33.216682],[113.222158,33.216994],[113.222147,33.21821],[113.223293,33.218315],[113.223494,33.21838],[113.223612,33.21847],[113.223711,33.218724],[113.223711,33.218863],[113.223373,33.219471],[113.223394,33.219711],[113.223523,33.219884],[113.223775,33.220133],[113.224352,33.220519],[113.224921,33.220804],[113.225221,33.220887],[113.225216,33.221149],[113.225323,33.22143],[113.225213,33.221694],[113.225127,33.221836],[113.224851,33.221807],[113.224285,33.222583],[113.224288,33.222931],[113.224215,33.223131],[113.224121,33.223297],[113.223934,33.22349],[113.223716,33.223871],[113.223668,33.224073],[113.225481,33.223503],[113.22587,33.22364],[113.226385,33.223914],[113.225959,33.224818],[113.224698,33.224356],[113.224508,33.224567],[113.224159,33.225188],[113.2241,33.225354],[113.224057,33.225682],[113.224304,33.225841],[113.22462,33.226169],[113.224883,33.226346],[113.225012,33.226379],[113.225296,33.226359],[113.22542,33.225825],[113.225535,33.225805],[113.225787,33.225828],[113.225779,33.226135],[113.225465,33.227219],[113.225167,33.227205],[113.224797,33.227234],[113.224454,33.227163],[113.224341,33.227082],[113.224116,33.226754],[113.22381,33.226611],[113.222485,33.228901],[113.222619,33.228987],[113.222069,33.229947],[113.22127,33.22981],[113.222032,33.228522],[113.221681,33.228213],[113.221168,33.227872],[113.220755,33.228641],[113.220664,33.228681],[113.219701,33.228769],[113.219436,33.228836],[113.219226,33.229204],[113.21921,33.229433],[113.219334,33.229819],[113.219436,33.230014],[113.219784,33.230389],[113.219916,33.230624],[113.220066,33.231486],[113.22141,33.233586],[113.222279,33.234842],[113.222684,33.234972],[113.224086,33.236092],[113.224441,33.236235],[113.225079,33.236379],[113.225607,33.236615],[113.226018,33.236911],[113.225774,33.237963],[113.225715,33.238356],[113.225527,33.238854],[113.226876,33.239933],[113.227439,33.240662],[113.228137,33.240413],[113.228802,33.240345],[113.229824,33.241252],[113.230765,33.242317],[113.229848,33.243338],[113.22929,33.243908],[113.228322,33.244484],[113.228654,33.245018],[113.228898,33.24518],[113.229502,33.245438],[113.2298,33.245505],[113.230387,33.245574],[113.230264,33.245772],[113.230186,33.246173],[113.230197,33.246382],[113.230419,33.246775],[113.230465,33.246929],[113.230446,33.247219],[113.230974,33.247443],[113.23132,33.247764],[113.231817,33.248304],[113.232031,33.248623],[113.231449,33.248307],[113.230545,33.247755],[113.230366,33.247771],[113.230293,33.247876],[113.230237,33.248257],[113.230127,33.249401],[113.230124,33.24987],[113.229979,33.249984],[113.229944,33.250251],[113.229896,33.250359],[113.229177,33.25059],[113.22914,33.250648],[113.229132,33.250805],[113.229247,33.251048],[113.229472,33.251122],[113.23003,33.251155],[113.230575,33.251272],[113.230636,33.251216],[113.230569,33.251063],[113.23043,33.250879],[113.230357,33.250666],[113.23054,33.250516],[113.230607,33.250399],[113.230615,33.250323],[113.230451,33.249973],[113.230462,33.249922],[113.230781,33.249879],[113.230999,33.249944],[113.231251,33.249958],[113.231433,33.250034],[113.231551,33.250029],[113.231599,33.249987],[113.231559,33.249899],[113.231025,33.249749],[113.23099,33.249697],[113.231108,33.249619],[113.231323,33.249653],[113.231969,33.250005],[113.232678,33.249996],[113.232908,33.250059],[113.23268,33.250316],[113.232332,33.250568],[113.231886,33.250803],[113.231538,33.250873],[113.231374,33.251034],[113.231342,33.251135],[113.231404,33.251591],[113.232568,33.251588],[113.232954,33.251965],[113.23312,33.252225],[113.233313,33.252685],[113.233386,33.25304],[113.234778,33.25312],[113.234705,33.253428],[113.234153,33.253468],[113.234255,33.254475],[113.234298,33.255406],[113.23444,33.256005],[113.234397,33.256355],[113.234338,33.256637],[113.234295,33.256714],[113.234322,33.25836],[113.235255,33.258398],[113.234974,33.259344],[113.234831,33.259403],[113.23459,33.260008],[113.234375,33.261269],[113.236486,33.261816],[113.236628,33.264763],[113.235285,33.264642],[113.235344,33.26668],[113.234638,33.266714],[113.234856,33.268084],[113.235081,33.268031],[113.23529,33.269609],[113.235789,33.269499],[113.235826,33.270453],[113.235861,33.270571],[113.235293,33.27067],[113.23543,33.271955],[113.235397,33.272325],[113.235424,33.272697],[113.235617,33.272753],[113.235577,33.272825],[113.235438,33.272928],[113.234917,33.273251],[113.234874,33.273327],[113.234861,33.273523],[113.234957,33.274256],[113.235403,33.274229],[113.23547,33.274859],[113.235459,33.275411],[113.235644,33.277153],[113.233453,33.277243],[113.23279,33.277306],[113.232637,33.279129],[113.231693,33.279306],[113.231707,33.280048],[113.23179,33.280972],[113.231916,33.280976],[113.23234,33.281301],[113.232369,33.28144],[113.232181,33.281562],[113.232144,33.281631],[113.232168,33.281871],[113.232069,33.281994],[113.231656,33.2821],[113.231028,33.282393],[113.230821,33.282575],[113.230752,33.28277],[113.230784,33.282891],[113.230996,33.28284],[113.231277,33.282835],[113.231522,33.282766],[113.231707,33.282768],[113.231677,33.283223],[113.231699,33.283485],[113.231803,33.28355],[113.231878,33.283667],[113.231951,33.284109],[113.231935,33.284216],[113.231881,33.284261],[113.231355,33.284322],[113.231216,33.284385],[113.231167,33.284898],[113.231286,33.285165],[113.23238,33.28516],[113.232192,33.285548],[113.232168,33.28577],[113.232012,33.28605],[113.231854,33.28645],[113.231728,33.286885],[113.232109,33.286981],[113.232278,33.287091],[113.232543,33.287165],[113.233093,33.287503],[113.233351,33.287535],[113.233694,33.287492],[113.234,33.28751],[113.234813,33.287781],[113.234944,33.287864],[113.234955,33.288873],[113.234896,33.288988],[113.234421,33.289037],[113.234378,33.289093],[113.234367,33.289483],[113.234252,33.290272],[113.234198,33.289997],[113.234094,33.290228],[113.233665,33.290129],[113.232865,33.28979],[113.232281,33.289618],[113.231457,33.289546],[113.231369,33.289136],[113.231377,33.289044],[113.23098,33.288887],[113.231033,33.288535],[113.230669,33.288237],[113.229869,33.288026],[113.229754,33.287882],[113.229639,33.287521],[113.229499,33.287302],[113.229223,33.287116],[113.229142,33.286714],[113.228971,33.286286],[113.22911,33.286082],[113.228917,33.286136],[113.228823,33.286333],[113.229105,33.287122],[113.229266,33.287391],[113.22944,33.287483],[113.229218,33.287894],[113.229451,33.287925],[113.230502,33.288526],[113.230486,33.288689],[113.23062,33.289288],[113.230046,33.289317],[113.228748,33.289266],[113.227871,33.289133],[113.226627,33.289189],[113.225833,33.289501],[113.224467,33.290438],[113.223158,33.291707],[113.223252,33.291844],[113.222603,33.292037],[113.222595,33.291727],[113.222429,33.290826],[113.222273,33.29053],[113.221959,33.290353],[113.220219,33.290133],[113.218746,33.290118],[113.218773,33.290044],[113.218738,33.28988],[113.218226,33.289876],[113.217019,33.289938],[113.216608,33.290003],[113.216372,33.28999],[113.21619,33.290017],[113.215981,33.290214],[113.216423,33.29021],[113.216517,33.290636],[113.216732,33.291158],[113.216901,33.291727],[113.216877,33.292586],[113.216214,33.292611],[113.216155,33.291842],[113.215801,33.291846],[113.215876,33.29221],[113.215925,33.292774],[113.215887,33.292958],[113.215541,33.292539],[113.215372,33.292398],[113.215184,33.292301],[113.214956,33.292299],[113.214755,33.292241],[113.214259,33.291954],[113.214152,33.291925],[113.214071,33.291943],[113.214082,33.29218],[113.212239,33.292169],[113.212116,33.292561],[113.21185,33.292718],[113.211641,33.292792],[113.211542,33.292806],[113.211282,33.292768],[113.211177,33.292678],[113.210606,33.292786],[113.208626,33.292837],[113.208615,33.293281],[113.209136,33.293283],[113.209117,33.29351],[113.209198,33.294857],[113.208833,33.294768],[113.208562,33.294548],[113.208605,33.295115],[113.20809,33.295129],[113.208259,33.295658],[113.207451,33.295868],[113.208109,33.297308],[113.207425,33.29759],[113.207803,33.297991],[113.20783,33.298278],[113.206974,33.298182],[113.207143,33.298534],[113.206537,33.298599],[113.206572,33.299009],[113.20655,33.299428],[113.206352,33.299747],[113.205633,33.300321],[113.202071,33.304141],[113.201103,33.304253],[113.200577,33.304437],[113.200169,33.304789],[113.200022,33.305481],[113.199858,33.305909],[113.199365,33.306965],[113.199424,33.307508],[113.199735,33.308173],[113.200046,33.309579],[113.20004,33.310072],[113.199893,33.310594],[113.199507,33.311186],[113.199161,33.311504],[113.198512,33.311856],[113.197675,33.312849],[113.197087,33.31332],[113.19617,33.314127],[113.195253,33.315306],[113.194805,33.315761],[113.196047,33.315754],[113.196873,33.315691],[113.1962,33.316297],[113.198734,33.315927],[113.198592,33.315582],[113.200062,33.315348],[113.199871,33.316429],[113.199869,33.316893],[113.199751,33.317635],[113.19989,33.318596],[113.199904,33.319152],[113.199855,33.320421],[113.201146,33.32043],[113.203061,33.32058],[113.203085,33.319715],[113.204431,33.319831],[113.204474,33.319231],[113.207449,33.319569],[113.208642,33.319665],[113.209302,33.319215],[113.210598,33.319417],[113.211528,33.319508],[113.211496,33.318948],[113.211606,33.318551],[113.211536,33.318343],[113.211566,33.318238],[113.211748,33.31802],[113.211748,33.317892],[113.211791,33.317765],[113.211861,33.317673],[113.212,33.317673],[113.212304,33.317803],[113.212454,33.317733],[113.212759,33.317666],[113.213146,33.317704],[113.213398,33.317617],[113.213468,33.317987],[113.213414,33.320244],[113.216048,33.320365],[113.216059,33.320808],[113.218923,33.32121],[113.218947,33.320779],[113.218918,33.32064],[113.220449,33.320788],[113.220455,33.32066],[113.223335,33.320495],[113.223373,33.321644],[113.223352,33.32229],[113.224116,33.322344],[113.225127,33.322283],[113.225492,33.322328],[113.226254,33.322292],[113.226447,33.322308],[113.22661,33.322368],[113.226771,33.322505],[113.226605,33.323168],[113.226616,33.323399],[113.226586,33.323516],[113.226476,33.323644],[113.226447,33.323758],[113.22646,33.323921],[113.226568,33.324155],[113.227141,33.324982],[113.227675,33.325495],[113.227614,33.326167],[113.227324,33.327787],[113.227265,33.328298],[113.22712,33.32883],[113.226825,33.329466],[113.226763,33.330102],[113.226828,33.330941],[113.226916,33.331348],[113.22454,33.333262],[113.224357,33.333267],[113.224204,33.333744],[113.222716,33.3335],[113.222088,33.333464],[113.221833,33.335118],[113.222225,33.33516],[113.223027,33.335373],[113.222839,33.336296],[113.223368,33.336386],[113.224387,33.336467],[113.223571,33.338551],[113.223378,33.339691],[113.223172,33.340104],[113.222067,33.343619],[113.221123,33.345493],[113.220664,33.347449],[113.220109,33.348986],[113.220109,33.349172],[113.219741,33.349734],[113.218497,33.352019],[113.219149,33.352042],[113.220415,33.351988],[113.220951,33.351883],[113.221922,33.351558],[113.222348,33.351502],[113.222558,33.35156],[113.223116,33.35195],[113.223091,33.351981],[113.223325,33.352073],[113.22377,33.352393],[113.223778,33.352606],[113.2237,33.35281],[113.223166,33.353845],[113.223043,33.35419],[113.223022,33.354336],[113.223048,33.354466],[113.223145,33.354661],[113.223191,33.354912],[113.223024,33.357036],[113.223099,33.357425],[113.223266,33.357813],[113.223724,33.358546],[113.223837,33.358669],[113.223488,33.358855],[113.223341,33.358899],[113.227056,33.364699],[113.228252,33.366686],[113.22866,33.366709],[113.228971,33.36648],[113.230127,33.366102],[113.231444,33.367901],[113.233276,33.366978],[113.233294,33.367733],[113.234526,33.367444],[113.234247,33.368409],[113.234775,33.368653],[113.235564,33.36801],[113.236473,33.367361],[113.237272,33.37107],[113.23838,33.37027],[113.23879,33.370073],[113.239142,33.370116],[113.239453,33.369901],[113.239761,33.369545],[113.239834,33.369182],[113.239973,33.368844],[113.240582,33.368254],[113.240435,33.367291],[113.244058,33.366957],[113.244844,33.366543],[113.245407,33.366308],[113.245609,33.366664],[113.246783,33.366953],[113.248095,33.367417],[113.248873,33.367643],[113.24939,33.36771],[113.250646,33.367215],[113.251236,33.36702],[113.251998,33.366698],[113.252486,33.366621],[113.252652,33.365533],[113.254669,33.365569],[113.25435,33.365096],[113.255576,33.363344],[113.256716,33.363288],[113.257029,33.36316],[113.257078,33.362806],[113.257045,33.36213],[113.257107,33.361715],[113.257359,33.361377],[113.257646,33.361263],[113.258539,33.361057],[113.258875,33.36114],[113.259146,33.361292],[113.259486,33.361341],[113.259779,33.361194],[113.259993,33.360835],[113.259991,33.360347],[113.259792,33.359513],[113.259754,33.359119],[113.259921,33.358673],[113.260326,33.358528],[113.261498,33.359061],[113.262249,33.359569],[113.262632,33.359637],[113.262903,33.359166],[113.263164,33.358835],[113.263739,33.358237],[113.264145,33.357916],[113.264515,33.357743],[113.264773,33.35756],[113.265089,33.357396],[113.265376,33.357307],[113.265738,33.357264],[113.266514,33.357313],[113.266806,33.357277],[113.267179,33.357092],[113.267662,33.356525],[113.267892,33.35631],[113.26863,33.355857],[113.269287,33.355694],[113.269362,33.35244],[113.269646,33.352149],[113.269783,33.35178],[113.269823,33.351412],[113.269805,33.350758],[113.270333,33.350505],[113.270073,33.349855],[113.271382,33.349629],[113.27239,33.350998],[113.272734,33.351114],[113.273949,33.351132],[113.27448,33.351918],[113.274877,33.351237],[113.279538,33.351029],[113.280614,33.351213],[113.280555,33.352725],[113.286059,33.353072],[113.286888,33.353097],[113.288253,33.353276],[113.289514,33.353171],[113.29123,33.352537],[113.293172,33.351717],[113.295095,33.350825],[113.296098,33.350193],[113.296707,33.349284],[113.297158,33.34793],[113.297721,33.345347],[113.298258,33.344478],[113.299475,33.344153],[113.300626,33.343718],[113.300985,33.343628],[113.301321,33.343613],[113.30172,33.343752],[113.302002,33.343801],[113.302825,33.34381],[113.303241,33.343879],[113.304451,33.344348],[113.305231,33.344596],[113.305811,33.344751],[113.306782,33.34489],[113.307522,33.345174],[113.307999,33.345293],[113.308482,33.345484],[113.308906,33.345741],[113.310016,33.34651],[113.310741,33.346658],[113.312688,33.346743],[113.31327,33.346732],[113.314136,33.346348],[113.315059,33.346331],[113.317937,33.346727],[113.321936,33.347182],[113.322164,33.347444],[113.321443,33.348661],[113.321402,33.349028],[113.321652,33.34927],[113.32358,33.350458],[113.324189,33.350567],[113.325233,33.350386],[113.326826,33.349989],[113.327073,33.350169],[113.326625,33.351542],[113.326689,33.352154],[113.327083,33.352351],[113.330315,33.353189],[113.332021,33.353319],[113.333234,33.353173],[113.333853,33.352754],[113.335235,33.351708],[113.336769,33.350863],[113.338349,33.349895],[113.33921,33.348885],[113.340146,33.347984],[113.340607,33.347117],[113.340937,33.346662],[113.341275,33.346655],[113.341964,33.346929],[113.342908,33.347646],[113.343694,33.347957],[113.344566,33.347899],[113.34592,33.347547],[113.347036,33.347527],[113.348155,33.347464],[113.349847,33.347189],[113.350813,33.346884],[113.351143,33.34651],[113.351175,33.345858],[113.351355,33.345322],[113.351786,33.345152],[113.353685,33.345237],[113.355627,33.345078],[113.35828,33.344294],[113.359584,33.343942],[113.360083,33.342667],[113.360321,33.342459],[113.360758,33.342492],[113.361499,33.342887],[113.362295,33.343523],[113.362781,33.343514],[113.366222,33.343162],[113.367021,33.342127],[113.367359,33.34204],[113.367898,33.342192],[113.368644,33.34275],[113.369183,33.342983],[113.369594,33.342873],[113.36984,33.341155],[113.370294,33.340841],[113.370731,33.340872],[113.371125,33.341069],[113.372136,33.342519],[113.374743,33.343572],[113.375229,33.343521],[113.375604,33.343066],[113.377225,33.341811],[113.377654,33.341558],[113.380314,33.339261],[113.380741,33.338844],[113.381307,33.338221],[113.386336,33.335431],[113.387682,33.334835],[113.388358,33.334699],[113.389182,33.335026],[113.390078,33.335319],[113.391024,33.33624],[113.3925,33.336783],[113.394157,33.336996],[113.394836,33.336901],[113.395233,33.336707],[113.395592,33.33607],[113.396118,33.335734],[113.396349,33.335362],[113.396421,33.334463],[113.396362,33.33339],[113.396389,33.331546],[113.396266,33.331086],[113.395584,33.330401],[113.394766,33.329863],[113.394012,33.329551],[113.393428,33.329354],[113.392956,33.329316],[113.392682,33.329462],[113.392467,33.329672],[113.392371,33.330138],[113.392586,33.330947],[113.392945,33.331938],[113.392875,33.332404],[113.39269,33.332754],[113.392309,33.332993],[113.391242,33.33339],[113.390375,33.333316],[113.389927,33.332763],[113.389876,33.331974],[113.390054,33.331297],[113.389954,33.329677],[113.389616,33.328475],[113.389353,33.327949],[113.389396,33.32753],[113.389643,33.326387],[113.389952,33.325593],[113.39033,33.325237],[113.391014,33.325017],[113.391403,33.3251],[113.392486,33.3258],[113.393082,33.32588],[113.393961,33.325701],[113.394375,33.325578],[113.394616,33.325363],[113.395759,33.323753],[113.397226,33.324872],[113.399618,33.326438],[113.399817,33.325587],[113.400106,33.325073],[113.400664,33.324677],[113.401187,33.324193],[113.400852,33.323016],[113.399629,33.320815],[113.398937,33.319715],[113.398567,33.319327],[113.398288,33.319217],[113.395399,33.318668],[113.394396,33.318363],[113.393865,33.318096],[113.393524,33.317778],[113.393347,33.317386],[113.393098,33.316323],[113.392674,33.315008],[113.392438,33.313437],[113.392454,33.312995],[113.392666,33.312643],[113.393101,33.312403],[113.393677,33.312275],[113.395608,33.312101],[113.396043,33.311906],[113.396641,33.311475],[113.397875,33.3102],[113.398623,33.309256],[113.398747,33.3087],[113.398763,33.308281],[113.398696,33.307911],[113.398465,33.307474],[113.397784,33.306815],[113.397577,33.306425],[113.397515,33.306125],[113.397674,33.304845],[113.397518,33.304268],[113.397207,33.303925],[113.396842,33.303771],[113.396013,33.303742],[113.39449,33.303538],[113.393554,33.303672],[113.391741,33.304055],[113.390719,33.304098],[113.390188,33.303899],[113.38827,33.302717],[113.387315,33.301836],[113.386424,33.300865],[113.386146,33.300756],[113.385488,33.300769],[113.382594,33.301056],[113.38121,33.300995],[113.380341,33.300809],[113.379684,33.300735],[113.379405,33.300623],[113.379086,33.300339],[113.378676,33.299216],[113.37826,33.297861],[113.378043,33.297516],[113.377509,33.296891],[113.377396,33.296543],[113.37752,33.295989],[113.378002,33.294705],[113.378142,33.293804],[113.378201,33.293178],[113.378507,33.292956],[113.380041,33.29223],[113.380167,33.291792],[113.379858,33.290667],[113.379848,33.290203],[113.379974,33.289737],[113.380274,33.289353],[113.380714,33.289026],[113.381293,33.288723],[113.381527,33.288429],[113.381723,33.28808],[113.381484,33.286894],[113.381141,33.285622],[113.381197,33.285246],[113.381945,33.284824],[113.383166,33.283961],[113.383667,33.2834],[113.384563,33.282019],[113.384649,33.28138],[113.384609,33.279815],[113.384694,33.279205],[113.384684,33.278783],[113.384037,33.27794],[113.383713,33.277393],[113.383565,33.277021],[113.383619,33.276963],[113.383434,33.276857],[113.383101,33.276561],[113.382694,33.275938],[113.38239,33.274321],[113.382262,33.27396],[113.382098,33.273617],[113.381894,33.273446],[113.381076,33.272935],[113.380993,33.272928],[113.380572,33.272749],[113.379722,33.272265],[113.379617,33.272271],[113.379494,33.272397],[113.379405,33.272439],[113.378013,33.272397],[113.377179,33.272513],[113.3769,33.271648],[113.376932,33.27161],[113.376884,33.2715],[113.376235,33.270636],[113.37606,33.270076],[113.375929,33.26812],[113.374988,33.267883],[113.374827,33.267757],[113.374695,33.267497],[113.374446,33.267284],[113.374357,33.267122],[113.374317,33.266851],[113.373874,33.266434],[113.373612,33.266136],[113.373349,33.265949],[113.373292,33.265528],[113.373295,33.265232],[113.37319,33.26518],[113.372928,33.265155],[113.372708,33.264994],[113.372619,33.264673],[113.371973,33.263642],[113.3719,33.263218],[113.371576,33.263431],[113.371455,33.263388],[113.370479,33.262128],[113.37038,33.261944],[113.370449,33.261785],[113.370221,33.261926],[113.369932,33.261975],[113.369822,33.261973],[113.369693,33.261856],[113.369583,33.261646],[113.369637,33.261394],[113.36972,33.261262],[113.36969,33.261036],[113.369524,33.260778],[113.369328,33.260569],[113.36913,33.260517],[113.368845,33.260533],[113.368301,33.260688],[113.368011,33.261011],[113.36796,33.26135],[113.368118,33.261491],[113.369132,33.261471],[113.369073,33.262078],[113.368982,33.262561],[113.368277,33.262554],[113.368185,33.263512],[113.368051,33.263781],[113.367813,33.264045],[113.367158,33.264559],[113.366978,33.264622],[113.365428,33.264523],[113.364479,33.264429],[113.364111,33.264427],[113.363843,33.26427],[113.363226,33.264252],[113.362716,33.264175],[113.362328,33.264202],[113.361807,33.263529],[113.361303,33.263155],[113.360289,33.262314],[113.358889,33.261388],[113.356837,33.260239],[113.356381,33.260248],[113.355928,33.260156],[113.356502,33.259488],[113.356679,33.259398],[113.356263,33.259212],[113.355,33.257712],[113.354756,33.257516],[113.35453,33.257144],[113.353259,33.255973],[113.353374,33.254493],[113.353616,33.254349],[113.353618,33.254249],[113.353388,33.253766],[113.353085,33.252658],[113.353723,33.252651],[113.35405,33.252721],[113.353879,33.25186],[113.353098,33.251635],[113.352567,33.251416],[113.352218,33.251389],[113.352047,33.251449],[113.351765,33.250059],[113.351768,33.249805],[113.351448,33.247827],[113.350974,33.247468],[113.350765,33.247248],[113.350174,33.246871],[113.350732,33.246844],[113.351891,33.247008],[113.352883,33.247243],[113.354029,33.247443],[113.35489,33.247836],[113.354823,33.245799],[113.354554,33.245639],[113.354184,33.245303],[113.352143,33.243643],[113.351521,33.243825],[113.35106,33.242986],[113.349458,33.243383],[113.349893,33.244199],[113.348329,33.24474],[113.347954,33.244908],[113.346886,33.243735],[113.345741,33.242649],[113.34389,33.240018],[113.342012,33.238717],[113.340773,33.238732],[113.340108,33.238667],[113.339159,33.238836],[113.339311,33.23926],[113.338703,33.239475],[113.338354,33.239567],[113.337276,33.239628],[113.336543,33.239789],[113.336208,33.23974],[113.335709,33.239901],[113.335374,33.238124],[113.333778,33.238281],[113.333786,33.238017],[113.334239,33.237932],[113.334183,33.237045],[113.334006,33.236467],[113.333606,33.236541],[113.333695,33.236929],[113.333148,33.236987],[113.332719,33.236947],[113.331469,33.236962],[113.331471,33.236388],[113.331965,33.236296],[113.331879,33.235724],[113.33097,33.236004],[113.330219,33.236083],[113.329661,33.236186],[113.329623,33.235966],[113.329444,33.235491],[113.329237,33.23541],[113.328937,33.235356],[113.327451,33.235313],[113.327,33.235257],[113.326579,33.235129],[113.325887,33.234813],[113.325769,33.234806],[113.325796,33.236186],[113.32586,33.236953],[113.325758,33.237016],[113.325227,33.236882],[113.324887,33.236879],[113.324372,33.236971],[113.324353,33.235881],[113.32372,33.236045],[113.322942,33.236143],[113.322821,33.236114],[113.322682,33.236011],[113.322628,33.235197],[113.321917,33.235235],[113.321928,33.23622],[113.321891,33.236305],[113.321724,33.236404],[113.321526,33.236473],[113.321231,33.236296],[113.319565,33.235751],[113.318927,33.235681],[113.318404,33.235699],[113.317618,33.235894],[113.317242,33.236045],[113.316977,33.236424],[113.316784,33.236637],[113.316556,33.236709],[113.315821,33.236619],[113.315426,33.236691],[113.314734,33.236974],[113.31456,33.236971],[113.31423,33.23694],[113.313737,33.236843],[113.313329,33.236677],[113.313168,33.236559],[113.313053,33.236415],[113.312948,33.236209],[113.312945,33.235966],[113.313012,33.235643],[113.313002,33.235271],[113.312672,33.234984],[113.312481,33.234939],[113.312208,33.234937],[113.312208,33.234676],[113.312269,33.234636],[113.31228,33.234589],[113.312248,33.234528],[113.31213,33.234443],[113.312125,33.234329],[113.311819,33.234405],[113.31158,33.234353],[113.311213,33.234349],[113.311178,33.233685],[113.311245,33.233101],[113.311843,33.232861],[113.312701,33.232682],[113.313203,33.232525],[113.31412,33.23213],[113.31401,33.230593],[113.314109,33.230393],[113.314048,33.230362],[113.313986,33.230227],[113.313903,33.229639],[113.312082,33.230001],[113.31172,33.228536],[113.311543,33.228217],[113.311218,33.227133],[113.310829,33.225572],[113.311577,33.225469],[113.311272,33.224492],[113.310893,33.223101],[113.311438,33.22274],[113.311698,33.222935],[113.311661,33.222881],[113.31158,33.22241],[113.312245,33.221591],[113.312527,33.221311],[113.312758,33.22121],[113.312841,33.221042],[113.313074,33.220938],[113.313216,33.221062],[113.313203,33.221282],[113.313321,33.221338],[113.313898,33.221405],[113.313986,33.221392],[113.313841,33.221282],[113.313584,33.221246],[113.313342,33.221293],[113.313321,33.221098],[113.313216,33.220824],[113.312889,33.22088],[113.313318,33.220023],[113.313434,33.219282],[113.31335,33.217752],[113.312717,33.216994],[113.312007,33.216522],[113.310644,33.215483],[113.310271,33.215252],[113.309579,33.214891],[113.309351,33.214705],[113.309134,33.214029],[113.309123,33.213785],[113.307766,33.213646],[113.307726,33.21437],[113.307962,33.214644],[113.308179,33.214992],[113.308699,33.215571],[113.309617,33.215937],[113.310185,33.216116],[113.310781,33.216706],[113.311191,33.217301],[113.311618,33.218158],[113.311929,33.219206],[113.311752,33.220409],[113.31125,33.221243],[113.310655,33.222053],[113.309869,33.222688],[113.308949,33.223122],[113.308359,33.223328],[113.307219,33.222969],[113.305178,33.221975],[113.304604,33.221793],[113.304381,33.221652],[113.304024,33.221389],[113.304086,33.221158],[113.30411,33.220413],[113.304105,33.218715],[113.304156,33.21711],[113.304118,33.21635],[113.304091,33.216307],[113.303989,33.215371],[113.304075,33.214413],[113.304483,33.213587],[113.304582,33.212681],[113.304306,33.21185],[113.30448,33.211253],[113.304791,33.210638],[113.30466,33.2106],[113.304392,33.210858],[113.304309,33.211116]]]}},{"type":"Feature","properties":{"regionCode":"411322109","sourceCode":"411322109000","name":"券桥镇","sourceName":"券桥镇","parentCode":"411322","parentName":"方城县","regionLevel":"township","regionType":"town","isManagementZone":false,"source":"ruiduobao","sourceVersion":"mixed-legacy~2018-2020","geometryRepaired":false,"match2020":true,"match2023":true},"geometry":{"type":"Polygon","coordinates":[[[112.923389,33.103433],[112.923381,33.10439],[112.923996,33.104567],[112.924859,33.104671],[112.926053,33.104722],[112.927861,33.104904],[112.927858,33.106095],[112.924749,33.106073],[112.924709,33.106751],[112.927209,33.106852],[112.927303,33.107365],[112.928247,33.107326],[112.928874,33.107335],[112.929339,33.107547],[112.929416,33.109142],[112.929314,33.109605],[112.927938,33.109542],[112.925937,33.109254],[112.925675,33.109674],[112.925055,33.110517],[112.924744,33.111254],[112.92414,33.112483],[112.92406,33.112889],[112.924089,33.113204],[112.923998,33.113496],[112.92255,33.113516],[112.922105,33.113467],[112.920691,33.113527],[112.919342,33.113788],[112.920061,33.118461],[112.920227,33.118896],[112.920404,33.119249],[112.916373,33.119862],[112.916365,33.120267],[112.916499,33.120667],[112.91667,33.120983],[112.91689,33.121664],[112.914433,33.122082],[112.914045,33.12227],[112.914747,33.123879],[112.914517,33.124162],[112.914101,33.12411],[112.913709,33.123513],[112.913516,33.125766],[112.915461,33.125591],[112.916644,33.125442],[112.917242,33.127001],[112.917456,33.127853],[112.91773,33.127855],[112.917824,33.12805],[112.917094,33.128189],[112.917354,33.129018],[112.915002,33.129571],[112.916378,33.133722],[112.916598,33.133693],[112.917531,33.136013],[112.917754,33.135972],[112.918017,33.136776],[112.918006,33.137219],[112.918406,33.138409],[112.91861,33.139537],[112.919042,33.14125],[112.919087,33.14225],[112.917671,33.141484],[112.916893,33.140875],[112.915946,33.140251],[112.915946,33.140439],[112.916062,33.141165],[112.914511,33.141219],[112.914817,33.141843],[112.913648,33.142149],[112.91376,33.142537],[112.914873,33.142301],[112.915313,33.143438],[112.914149,33.143617],[112.914254,33.145064],[112.91317,33.145239],[112.913634,33.14717],[112.912945,33.147143],[112.91317,33.148053],[112.912221,33.148082],[112.912234,33.148289],[112.911295,33.148399],[112.91158,33.149679],[112.911888,33.149614],[112.91206,33.150808],[112.911,33.150941],[112.910829,33.149825],[112.910158,33.149944],[112.910579,33.151933],[112.909141,33.152142],[112.908476,33.150256],[112.90783,33.150366],[112.907766,33.150222],[112.907245,33.149968],[112.908227,33.152409],[112.906196,33.153121],[112.905309,33.151525],[112.905091,33.151004],[112.904364,33.15148],[112.903957,33.151646],[112.903866,33.151727],[112.904963,33.15357],[112.905577,33.153348],[112.906272,33.154781],[112.906489,33.155019],[112.906014,33.15512],[112.905732,33.154933],[112.905006,33.153678],[112.904432,33.153891],[112.903479,33.154163],[112.902752,33.152845],[112.902484,33.153236],[112.903914,33.155587],[112.901886,33.156296],[112.900953,33.154805],[112.900057,33.155454],[112.901197,33.157455],[112.900945,33.157531],[112.899767,33.155951],[112.899687,33.155991],[112.899386,33.156043],[112.899244,33.15613],[112.899158,33.15682],[112.898906,33.157221],[112.898579,33.157866],[112.898329,33.158196],[112.89782,33.158695],[112.897533,33.157558],[112.897139,33.157626],[112.897136,33.157859],[112.895975,33.158124],[112.896152,33.158782],[112.897477,33.158549],[112.89753,33.158865],[112.896355,33.159563],[112.89672,33.1601],[112.897723,33.161097],[112.898351,33.161546],[112.898163,33.160621],[112.899236,33.16028],[112.899751,33.161634],[112.900475,33.161369],[112.900963,33.162164],[112.901688,33.16363],[112.901162,33.163859],[112.901556,33.165211],[112.903772,33.166641],[112.904968,33.166326],[112.905158,33.166726],[112.905512,33.167882],[112.906647,33.168592],[112.906301,33.168942],[112.906156,33.169229],[112.906406,33.170359],[112.906494,33.170918],[112.908128,33.172752],[112.904716,33.17347],[112.90474,33.173607],[112.908224,33.172867],[112.909125,33.173949],[112.909461,33.174537],[112.909498,33.175271],[112.909651,33.175154],[112.910273,33.174943],[112.91107,33.175787],[112.911867,33.176842],[112.911958,33.176921],[112.912132,33.176966],[112.912312,33.17772],[112.913358,33.178564],[112.912838,33.178585],[112.913033,33.180039],[112.912937,33.180214],[112.912784,33.180356],[112.912508,33.180529],[112.91162,33.180623],[112.911561,33.180733],[112.911912,33.180984],[112.912068,33.181045],[112.912524,33.181108],[112.912725,33.181182],[112.913707,33.181891],[112.914584,33.181965],[112.914723,33.181952],[112.914785,33.181887],[112.91486,33.181559],[112.915989,33.181573],[112.915885,33.180908],[112.917432,33.180764],[112.917604,33.181961],[112.919256,33.181844],[112.919213,33.181173],[112.920377,33.181191],[112.92045,33.1819],[112.922756,33.181927],[112.922571,33.182547],[112.922089,33.18386],[112.921968,33.185187],[112.922013,33.185667],[112.922928,33.185579],[112.922826,33.188967],[112.923314,33.188989],[112.923419,33.188956],[112.923494,33.188668],[112.923521,33.188239],[112.923564,33.18817],[112.923687,33.188118],[112.924248,33.18815],[112.924454,33.188204],[112.924516,33.188257],[112.924527,33.188397],[112.926691,33.188401],[112.926962,33.194322],[112.929996,33.194096],[112.930873,33.194069],[112.931157,33.199323],[112.933029,33.199146],[112.933104,33.200443],[112.933163,33.200499],[112.93517,33.200333],[112.937401,33.2001],[112.938734,33.199871],[112.938823,33.201354],[112.942961,33.200957],[112.943136,33.200905],[112.943817,33.200899],[112.944126,33.201134],[112.944649,33.202283],[112.944678,33.202972],[112.944547,33.203358],[112.944152,33.204137],[112.943412,33.204577],[112.942851,33.20503],[112.942275,33.205573],[112.941886,33.205847],[112.941805,33.205939],[112.941749,33.206078],[112.941746,33.206278],[112.941846,33.206491],[112.941974,33.20749],[112.942251,33.208116],[112.942484,33.208767],[112.942377,33.209072],[112.942114,33.209236],[112.941803,33.209337],[112.941186,33.209463],[112.939914,33.209819],[112.938734,33.210035],[112.936594,33.21054],[112.934875,33.210663],[112.93422,33.21084],[112.933917,33.211033],[112.933952,33.211191],[112.934923,33.212164],[112.935832,33.212847],[112.936666,33.21332],[112.937267,33.213865],[112.937584,33.214209],[112.93668,33.215068],[112.935996,33.215605],[112.935754,33.21619],[112.935572,33.216302],[112.936111,33.216462],[112.936259,33.216543],[112.936637,33.216641],[112.93772,33.216749],[112.937889,33.217882],[112.938163,33.219282],[112.938225,33.219778],[112.938217,33.220308],[112.938056,33.220891],[112.937533,33.222024],[112.937476,33.222758],[112.937479,33.22438],[112.937514,33.22491],[112.937468,33.224937],[112.936261,33.224831],[112.935905,33.224845],[112.936004,33.225531],[112.935998,33.225801],[112.936036,33.226027],[112.93602,33.226328],[112.936055,33.226519],[112.936071,33.227021],[112.936133,33.227259],[112.936162,33.227887],[112.935266,33.227972],[112.935258,33.228055],[112.935703,33.230043],[112.935714,33.230308],[112.932131,33.230667],[112.930967,33.230746],[112.931152,33.231073],[112.931321,33.231271],[112.931441,33.232065],[112.933196,33.232056],[112.933161,33.232161],[112.93319,33.232285],[112.93326,33.232401],[112.933574,33.232655],[112.933711,33.232814],[112.933627,33.233047],[112.932442,33.234977],[112.93198,33.23475],[112.931565,33.234654],[112.931345,33.234638],[112.930921,33.234699],[112.929762,33.235006],[112.929596,33.235551],[112.930733,33.23646],[112.931216,33.236734],[112.931173,33.236787],[112.932292,33.237582],[112.932694,33.237813],[112.93356,33.238387],[112.935357,33.239722],[112.936141,33.240173],[112.936307,33.239951],[112.936446,33.239641],[112.936551,33.239298],[112.936586,33.23895],[112.93852,33.239037],[112.938734,33.239125],[112.939716,33.239217],[112.939976,33.239208],[112.939963,33.238149],[112.942889,33.238302],[112.942908,33.237754],[112.942876,33.236906],[112.942999,33.236043],[112.94291,33.235832],[112.942838,33.235755],[112.943967,33.235715],[112.9439,33.234609],[112.944665,33.234564],[112.944772,33.235796],[112.945442,33.235823],[112.94544,33.235614],[112.945526,33.235318],[112.945845,33.234609],[112.946022,33.234735],[112.947355,33.23477],[112.947422,33.234995],[112.947317,33.236278],[112.947516,33.236298],[112.948323,33.236249],[112.94898,33.236108],[112.948835,33.236215],[112.94876,33.236666],[112.948548,33.23661],[112.948406,33.236626],[112.947964,33.237757],[112.948605,33.237837],[112.948315,33.239542],[112.948972,33.239551],[112.949117,33.239527],[112.949163,33.239504],[112.949168,33.239138],[112.950075,33.239136],[112.949938,33.240902],[112.949163,33.241274],[112.949098,33.24227],[112.949165,33.24271],[112.95141,33.243049],[112.951298,33.243452],[112.949136,33.243129],[112.949031,33.243742],[112.950871,33.244092],[112.950555,33.244926],[112.950139,33.245866],[112.950815,33.24629],[112.951172,33.245343],[112.95185,33.245525],[112.952542,33.245619],[112.952609,33.245491],[112.953993,33.245689],[112.954077,33.246552],[112.95409,33.247196],[112.954034,33.247434],[112.953591,33.248114],[112.954468,33.24858],[112.954994,33.247234],[112.955689,33.247405],[112.955085,33.24893],[112.955179,33.248986],[112.955369,33.249083],[112.955675,33.248576],[112.956217,33.247488],[112.95648,33.247584],[112.955654,33.249224],[112.955914,33.249356],[112.958129,33.250274],[112.959709,33.251032],[112.960739,33.251465],[112.962061,33.251833],[112.962719,33.252086],[112.963907,33.252326],[112.96462,33.252524],[112.965433,33.252703],[112.966501,33.253102],[112.966962,33.253309],[112.967303,33.253365],[112.967437,33.253313],[112.967579,33.253304],[112.967587,33.253264],[112.969092,33.253638],[112.969097,33.253096],[112.97006,33.253277],[112.969985,33.253625],[112.970022,33.253719],[112.970218,33.25384],[112.970537,33.253876],[112.970671,33.253923],[112.970964,33.254067],[112.971269,33.254302],[112.971465,33.254612],[112.971621,33.254946],[112.971618,33.255018],[112.972412,33.255431],[112.974193,33.256249],[112.974531,33.256301],[112.973571,33.254441],[112.973458,33.25369],[112.973445,33.253075],[112.973533,33.252243],[112.973997,33.251831],[112.975207,33.251395],[112.975757,33.251389],[112.976967,33.251182],[112.977758,33.250976],[112.978222,33.25061],[112.978713,33.250052],[112.978809,33.249852],[112.978849,33.249206],[112.978707,33.248535],[112.978629,33.247876],[112.978656,33.247519],[112.978592,33.246467],[112.978589,33.245626],[112.978702,33.244953],[112.977911,33.244946],[112.977422,33.244978],[112.977393,33.244204],[112.977342,33.243975],[112.977294,33.243304],[112.977283,33.24256],[112.97724,33.242111],[112.978286,33.24203],[112.978235,33.241261],[112.979268,33.241216],[112.979292,33.241131],[112.979142,33.240733],[112.978815,33.240278],[112.978557,33.239536],[112.978428,33.238127],[112.978353,33.237853],[112.979169,33.237644],[112.978439,33.234683],[112.979547,33.234519],[112.979649,33.235024],[112.981505,33.234753],[112.981674,33.235569],[112.981803,33.23692],[112.982857,33.235773],[112.983557,33.235064],[112.9839,33.234744],[112.984466,33.234351],[112.984965,33.234104],[112.985466,33.23379],[112.985673,33.233718],[112.987229,33.233422],[112.987577,33.233328],[112.987931,33.233157],[112.988186,33.232897],[112.988395,33.23333],[112.988594,33.2339],[112.988959,33.234286],[112.98927,33.234519],[112.990536,33.235313],[112.991024,33.235594],[112.992062,33.236108],[112.992569,33.2367],[112.992869,33.23716],[112.992926,33.237407],[112.992765,33.237813],[112.992539,33.238194],[112.992319,33.238416],[112.992075,33.238818],[112.991914,33.239677],[112.991982,33.240139],[112.992153,33.240458],[112.992413,33.240727],[112.99303,33.241193],[112.993594,33.24173],[112.993779,33.242073],[112.994218,33.244096],[112.994168,33.246344],[112.994218,33.246905],[112.99524,33.246891],[112.995332,33.245725],[112.995232,33.245503],[112.994725,33.244718],[112.995715,33.244794],[112.996624,33.244933],[112.997453,33.245014],[112.997434,33.244919],[112.997282,33.244778],[112.997193,33.24474],[112.996941,33.244352],[112.996756,33.243437],[112.996686,33.243208],[112.996565,33.243049],[112.996496,33.242602],[112.996469,33.242245],[112.99649,33.241833],[112.996584,33.241124],[112.996616,33.24035],[112.99649,33.240345],[112.996423,33.239603],[112.996418,33.23888],[112.996329,33.237905],[112.996354,33.237743],[112.996592,33.237665],[112.997743,33.239374],[112.998786,33.239383],[112.998794,33.238739],[112.998639,33.237],[112.998126,33.236944],[112.998094,33.236505],[112.997536,33.236152],[112.997992,33.235724],[112.998446,33.235998],[112.998346,33.235127],[112.998253,33.235136],[112.998191,33.2341],[112.9995,33.234102],[112.999907,33.234129],[112.999865,33.233189],[112.999993,33.233144],[113.000573,33.23309],[113.00075,33.233113],[113.002413,33.233003],[113.002254,33.232074],[113.004296,33.231834],[113.00465,33.231834],[113.004765,33.233104],[113.005199,33.233056],[113.005175,33.232794],[113.005202,33.232738],[113.005293,33.232686],[113.005666,33.232641],[113.005645,33.231746],[113.00547,33.229788],[113.007777,33.229801],[113.010317,33.229749],[113.010875,33.229767],[113.010738,33.227297],[113.011626,33.22723],[113.011733,33.228659],[113.011774,33.229779],[113.013262,33.229669],[113.01308,33.228738],[113.013069,33.228432],[113.015301,33.228165],[113.015352,33.228432],[113.016977,33.228154],[113.017044,33.228738],[113.017146,33.22889],[113.017685,33.228881],[113.017763,33.228753],[113.017543,33.228138],[113.017822,33.228038],[113.018793,33.228731],[113.018967,33.228773],[113.019265,33.228477],[113.01801,33.227667],[113.017513,33.227037],[113.016682,33.226164],[113.017468,33.22583],[113.016647,33.224694],[113.017296,33.224261],[113.017551,33.22386],[113.0178,33.223624],[113.019184,33.222973],[113.019697,33.223682],[113.020113,33.223458],[113.02078,33.224398],[113.021153,33.224001],[113.021421,33.223539],[113.022535,33.223923],[113.022666,33.223999],[113.021928,33.225419],[113.021644,33.226287],[113.023881,33.22287],[113.024321,33.222098],[113.023141,33.221995],[113.022486,33.222121],[113.0224,33.222161],[113.022363,33.221854],[113.022189,33.221405],[113.021926,33.220974],[113.021472,33.220775],[113.021062,33.220308],[113.020756,33.219673],[113.021649,33.219356],[113.021738,33.219507],[113.02184,33.219576],[113.02191,33.21959],[113.022146,33.219547],[113.022438,33.21946],[113.022599,33.219482],[113.022736,33.219646],[113.023953,33.219233],[113.023127,33.217837],[113.023937,33.217629],[113.023567,33.216756],[113.022878,33.216937],[113.022628,33.21648],[113.022497,33.215973],[113.022028,33.215023],[113.02048,33.215427],[113.020416,33.214848],[113.018594,33.215239],[113.018509,33.214925],[113.018543,33.214633],[113.018785,33.214348],[113.019198,33.214144],[113.019791,33.213931],[113.020137,33.213724],[113.019944,33.213643],[113.019614,33.213646],[113.019088,33.213744],[113.018146,33.21407],[113.017567,33.212896],[113.016392,33.213102],[113.015274,33.213426],[113.015177,33.213392],[113.014421,33.213551],[113.014153,33.213637],[113.014169,33.213199],[113.013246,33.213221],[113.013369,33.212142],[113.012699,33.212138],[113.01272,33.211915],[113.011723,33.211987],[113.01168,33.211092],[113.010988,33.211318],[113.010261,33.211442],[113.009437,33.211523],[113.008391,33.211617],[113.007361,33.211639],[113.006361,33.211603],[113.006184,33.211141],[113.005693,33.21071],[113.00554,33.210497],[113.00539,33.210019],[113.005366,33.209752],[113.005221,33.209353],[113.004998,33.209029],[113.004843,33.208392],[113.004872,33.208015],[113.004827,33.20771],[113.004757,33.207524],[113.004542,33.207416],[113.004397,33.207131],[113.004234,33.206695],[113.004167,33.206388],[113.003834,33.205663],[113.003703,33.205212],[113.003091,33.202456],[113.002608,33.20069],[113.001235,33.200919],[112.999661,33.200955],[112.996855,33.201141],[112.9967,33.199121],[113.000444,33.198578],[113.001868,33.198324],[113.001801,33.198048],[113.001729,33.19748],[113.001796,33.1968],[113.00168,33.196614],[113.001675,33.196012],[113.001769,33.19592],[113.002281,33.195633],[113.001962,33.193231],[113.003174,33.193189],[113.002659,33.189892],[113.001112,33.189954],[113.001053,33.188123],[113.000927,33.186884],[113.000878,33.185707],[112.997805,33.186046],[112.997477,33.184017],[112.997083,33.181871],[112.997298,33.18186],[112.998708,33.181555],[112.99943,33.181498],[112.999816,33.181427],[112.999832,33.181301],[112.999808,33.18122],[113.000543,33.181052],[113.000675,33.181056],[113.001235,33.180964],[113.002815,33.180924],[113.002818,33.180524],[113.002732,33.179402],[113.003818,33.179303],[113.003748,33.179031],[113.003308,33.177999],[113.004357,33.177839],[113.004668,33.179029],[113.004733,33.179076],[113.004872,33.178883],[113.005033,33.178445],[113.005071,33.178223],[113.004668,33.177691],[113.003984,33.176059],[113.003488,33.175165],[113.003435,33.175011],[113.003426,33.174851],[113.003207,33.174452],[113.002818,33.174546],[113.001324,33.1748],[112.999776,33.17513],[112.999446,33.173848],[112.995388,33.174557],[112.995085,33.173408],[112.997137,33.173035],[112.996801,33.171809],[112.998671,33.17145],[112.998314,33.170168],[112.997992,33.1692],[112.997912,33.16883],[112.997402,33.167519],[112.996917,33.165951],[112.997861,33.165754],[112.997437,33.164261],[112.99648,33.164476],[112.995959,33.162925],[112.997172,33.162703],[112.996716,33.161209],[112.995605,33.161418],[112.995125,33.159687],[112.996136,33.159548],[112.996632,33.159263],[112.996024,33.158313],[112.996045,33.158124],[112.99546,33.157015],[112.994991,33.156411],[112.994535,33.155998],[112.994015,33.155656],[112.993658,33.155468],[112.993551,33.155212],[112.993384,33.154531],[112.993387,33.154376],[112.993543,33.154332],[112.993754,33.154334],[112.993856,33.154289],[112.995608,33.154105],[112.99534,33.153123],[112.996252,33.153047],[112.99641,33.152894],[112.996337,33.151996],[112.996211,33.15126],[112.994664,33.151298],[112.994664,33.151091],[112.996168,33.151015],[112.996152,33.150923],[112.996211,33.150545],[112.996343,33.15011],[112.996278,33.149674],[112.995959,33.148563],[112.996321,33.148551],[112.99685,33.14865],[112.996952,33.148697],[112.997504,33.148509],[112.996909,33.147211],[112.997263,33.147087],[112.99762,33.146905],[112.998279,33.146676],[112.999341,33.146133],[112.999127,33.14558],[112.99946,33.145441],[112.999114,33.144646],[112.998896,33.143934],[112.999138,33.14393],[112.99928,33.144102],[112.999722,33.145207],[113.000074,33.145776],[113.00097,33.145374],[113.001232,33.145207],[113.001597,33.145275],[113.001847,33.145286],[113.003907,33.145162],[113.003663,33.144722],[113.003888,33.144525],[113.005283,33.144444],[113.005403,33.144637],[113.005706,33.144565],[113.006959,33.144482],[113.006543,33.144076],[113.006385,33.143835],[113.006377,33.143545],[113.006248,33.143177],[113.00605,33.142883],[113.005669,33.14262],[113.005122,33.142452],[113.004668,33.142369],[113.004346,33.142355],[113.004336,33.141466],[113.003995,33.141479],[113.003775,33.13882],[113.002654,33.138847],[113.002751,33.141661],[113.001694,33.14169],[113.001377,33.139934],[113.001004,33.139921],[113.000565,33.140015],[112.999945,33.140262],[112.999918,33.140916],[113.000071,33.14207],[112.999867,33.142272],[112.999092,33.1424],[112.99859,33.142339],[112.998113,33.142018],[112.997743,33.141652],[112.997373,33.14119],[112.996978,33.139867],[112.996936,33.139222],[112.996793,33.138957],[112.996018,33.138393],[112.995817,33.137969],[112.995932,33.137055],[112.996053,33.136639],[112.995991,33.136222],[112.99601,33.135669],[112.996305,33.134719],[112.996329,33.134297],[112.996241,33.133931],[112.996029,33.133661],[112.996147,33.133169],[112.996622,33.13265],[112.996694,33.132215],[112.996632,33.131689],[112.996493,33.130966],[112.996024,33.129382],[112.995484,33.126871],[112.995259,33.126136],[112.995007,33.124872],[112.994733,33.124],[112.994707,33.123668],[112.994575,33.123068],[112.994468,33.122688],[112.994216,33.122133],[112.99369,33.12194],[112.992054,33.12199],[112.988508,33.122304],[112.987738,33.122527],[112.987725,33.124393],[112.987626,33.125002],[112.987765,33.126215],[112.987902,33.12801],[112.986078,33.128949],[112.984646,33.129463],[112.983624,33.12969],[112.982291,33.129618],[112.980679,33.129292],[112.97956,33.129146],[112.978589,33.129162],[112.976851,33.129539],[112.975741,33.129955],[112.977313,33.13458],[112.976913,33.135983],[112.976599,33.136945],[112.976283,33.13758],[112.976323,33.138164],[112.9758,33.13836],[112.973675,33.138908],[112.972069,33.139119],[112.971023,33.13944],[112.970162,33.139476],[112.969464,33.139323],[112.968931,33.138982],[112.967721,33.138301],[112.966208,33.137551],[112.96127,33.135274],[112.958221,33.134061],[112.957354,33.133794],[112.956571,33.133621],[112.955627,33.133564],[112.954291,33.133376],[112.952642,33.132772],[112.952161,33.132475],[112.95199,33.132244],[112.951553,33.131247],[112.951105,33.129807],[112.950828,33.12869],[112.950155,33.128533],[112.949495,33.126116],[112.949557,33.12564],[112.949187,33.123477],[112.949077,33.122115],[112.949192,33.121197],[112.949029,33.120056],[112.948294,33.118106],[112.947714,33.117063],[112.947114,33.116279],[112.94669,33.115866],[112.946183,33.1155],[112.944694,33.114707],[112.943817,33.113997],[112.942562,33.112429],[112.941626,33.111128],[112.941403,33.110616],[112.940896,33.110049],[112.940757,33.109757],[112.940588,33.109521],[112.940269,33.109171],[112.939847,33.108778],[112.939748,33.108421],[112.940041,33.107922],[112.940692,33.107506],[112.941446,33.107171],[112.94184,33.106958],[112.942055,33.106771],[112.942227,33.106518],[112.942396,33.106169],[112.942463,33.105666],[112.942353,33.105246],[112.942176,33.104999],[112.941961,33.104808],[112.940741,33.103922],[112.940483,33.103657],[112.940317,33.10317],[112.940287,33.102788],[112.940362,33.102422],[112.940561,33.102033],[112.940998,33.101455],[112.941223,33.101228],[112.941679,33.10086],[112.941902,33.100572],[112.941695,33.100159],[112.941124,33.100029],[112.94007,33.099952],[112.93896,33.099921],[112.938437,33.100141],[112.937779,33.100595],[112.93698,33.10084],[112.936511,33.100847],[112.935014,33.100532],[112.930951,33.100788],[112.930655,33.100035],[112.929124,33.099975],[112.925114,33.099903],[112.923566,33.100078],[112.923389,33.103433]]]}},{"type":"Feature","properties":{"regionCode":"411322110","sourceCode":"411322110000","name":"清河镇","sourceName":"清河镇","parentCode":"411322","parentName":"方城县","regionLevel":"township","regionType":"town","isManagementZone":false,"source":"ruiduobao","sourceVersion":"mixed-legacy~2018-2020","geometryRepaired":false,"match2020":true,"match2023":true},"geometry":{"type":"Polygon","coordinates":[[[112.917604,33.181961],[112.917432,33.180764],[112.915885,33.180908],[112.915989,33.181573],[112.91486,33.181559],[112.914785,33.181887],[112.914723,33.181952],[112.914678,33.181952],[112.915032,33.183335],[112.91505,33.183537],[112.915007,33.183894],[112.914951,33.184064],[112.912687,33.183921],[112.912652,33.18551],[112.912618,33.185568],[112.912408,33.185611],[112.912301,33.185813],[112.9118,33.185737],[112.911732,33.18562],[112.911561,33.185452],[112.91148,33.185232],[112.91133,33.185189],[112.91012,33.185059],[112.910292,33.185636],[112.908795,33.185759],[112.908771,33.186248],[112.909015,33.186257],[112.909021,33.187472],[112.907586,33.187476],[112.907736,33.185795],[112.907358,33.185781],[112.906615,33.185683],[112.906105,33.18557],[112.906046,33.187676],[112.905113,33.186837],[112.903809,33.186828],[112.903697,33.188338],[112.902527,33.188293],[112.902358,33.190111],[112.901253,33.189901],[112.900355,33.189856],[112.899762,33.189918],[112.89962,33.191654],[112.898743,33.191532],[112.898914,33.189831],[112.896849,33.18958],[112.896836,33.191052],[112.895342,33.190962],[112.894977,33.19074],[112.894869,33.192491],[112.893754,33.192468],[112.892657,33.192307],[112.890978,33.192154],[112.890929,33.192778],[112.890978,33.193427],[112.890076,33.193317],[112.889816,33.193315],[112.889741,33.193582],[112.888274,33.193413],[112.887794,33.19333],[112.887555,33.193249],[112.887139,33.193254],[112.887021,33.19476],[112.886796,33.196196],[112.886699,33.197518],[112.886707,33.19906],[112.887037,33.199031],[112.887622,33.199058],[112.88822,33.198955],[112.888797,33.198937],[112.888006,33.202063],[112.88777,33.202842],[112.890503,33.20358],[112.890342,33.204216],[112.890194,33.205071],[112.889988,33.205879],[112.88987,33.206215],[112.889162,33.205993],[112.886646,33.204976],[112.884521,33.203901],[112.880257,33.201363],[112.879567,33.202077],[112.879377,33.201951],[112.878599,33.202826],[112.877593,33.202063],[112.876115,33.201244],[112.875381,33.202714],[112.873522,33.20211],[112.873396,33.202528],[112.873291,33.203244],[112.87192,33.203282],[112.87008,33.203383],[112.870182,33.203677],[112.872162,33.203578],[112.872207,33.203996],[112.873205,33.203975],[112.872999,33.2051],[112.871038,33.205129],[112.870923,33.20571],[112.872787,33.205612],[112.872822,33.205957],[112.872631,33.20591],[112.872004,33.206011],[112.87084,33.206011],[112.870713,33.206931],[112.870705,33.207342],[112.870756,33.207667],[112.871212,33.208394],[112.871666,33.208852],[112.871977,33.209238],[112.872194,33.209808],[112.872216,33.210293],[112.871529,33.210302],[112.870848,33.21023],[112.870381,33.21023],[112.870504,33.211107],[112.870295,33.211018],[112.869753,33.210695],[112.869619,33.210834],[112.86956,33.210856],[112.868479,33.210255],[112.86835,33.21076],[112.868259,33.210989],[112.86739,33.210917],[112.864129,33.210784],[112.864113,33.212407],[112.864043,33.213374],[112.864003,33.213527],[112.863539,33.214554],[112.863319,33.21532],[112.862731,33.215315],[112.861771,33.215122],[112.861728,33.21545],[112.861275,33.216836],[112.860738,33.216827],[112.860653,33.217768],[112.861304,33.217857],[112.861202,33.218154],[112.860677,33.218279],[112.860695,33.219415],[112.861575,33.219473],[112.86242,33.219626],[112.862423,33.220207],[112.862391,33.220478],[112.862318,33.220487],[112.862315,33.220887],[112.860779,33.220837],[112.860765,33.221062],[112.860728,33.221156],[112.859325,33.220999],[112.859628,33.221468],[112.858941,33.221221],[112.857565,33.220855],[112.857522,33.221232],[112.856736,33.22112],[112.856895,33.219951],[112.856452,33.21972],[112.856313,33.219697],[112.855835,33.221991],[112.855597,33.221854],[112.855481,33.222955],[112.85451,33.222837],[112.854636,33.222123],[112.854542,33.22204],[112.853998,33.221827],[112.853963,33.221735],[112.853944,33.221423],[112.853724,33.221331],[112.852729,33.221077],[112.852263,33.220994],[112.852448,33.222314],[112.851622,33.222289],[112.851605,33.221872],[112.851077,33.221816],[112.85098,33.220788],[112.85009,33.220577],[112.849175,33.220469],[112.849181,33.220144],[112.84714,33.220144],[112.846944,33.220777],[112.84696,33.220965],[112.847022,33.221145],[112.847258,33.221517],[112.846732,33.221436],[112.846625,33.221457],[112.846574,33.221513],[112.846815,33.222329],[112.846882,33.222798],[112.846893,33.223382],[112.84681,33.224239],[112.84641,33.225401],[112.845967,33.226395],[112.845836,33.226799],[112.845412,33.227349],[112.845004,33.227598],[112.844312,33.227863],[112.844463,33.228127],[112.844492,33.228715],[112.844342,33.229045],[112.844165,33.229269],[112.844017,33.230811],[112.843197,33.230914],[112.842996,33.230824],[112.842886,33.230458],[112.842328,33.230427],[112.84236,33.231102],[112.84233,33.231306],[112.842156,33.231533],[112.842749,33.23158],[112.842746,33.231757],[112.843671,33.231724],[112.843792,33.231946],[112.843838,33.232381],[112.844063,33.23257],[112.844262,33.23265],[112.84501,33.232807],[112.845289,33.232778],[112.845525,33.232632],[112.845603,33.232626],[112.845804,33.232778],[112.846185,33.232612],[112.846434,33.232832],[112.846654,33.23313],[112.846643,33.233418],[112.846839,33.23357],[112.847022,33.233783],[112.84733,33.233797],[112.847561,33.234005],[112.847826,33.234468],[112.848454,33.233806],[112.849044,33.233323],[112.849181,33.233126],[112.849559,33.233869],[112.849666,33.234167],[112.849841,33.234517],[112.849677,33.234582],[112.849706,33.234692],[112.850162,33.235354],[112.850302,33.235426],[112.850648,33.2355],[112.85072,33.235551],[112.850562,33.235607],[112.850256,33.235796],[112.849736,33.235955],[112.849604,33.235908],[112.849001,33.235874],[112.848229,33.236016],[112.848588,33.23622],[112.849224,33.236828],[112.84943,33.236971],[112.849508,33.236994],[112.849792,33.236855],[112.850195,33.237373],[112.850366,33.237525],[112.850629,33.23762],[112.850844,33.238077],[112.851115,33.238797],[112.851485,33.238546],[112.851839,33.238403],[112.852236,33.239273],[112.85259,33.238811],[112.852678,33.238207],[112.852823,33.238169],[112.853097,33.238163],[112.853263,33.238095],[112.853529,33.237736],[112.854086,33.237575],[112.85473,33.237467],[112.854829,33.237757],[112.854931,33.237893],[112.85502,33.237882],[112.855685,33.237519],[112.855623,33.237344],[112.855669,33.237232],[112.855656,33.237106],[112.855605,33.237097],[112.855524,33.237162],[112.855519,33.237106],[112.85576,33.236895],[112.855495,33.236413],[112.855454,33.236209],[112.855296,33.235944],[112.85543,33.235838],[112.856015,33.235663],[112.856219,33.236233],[112.856568,33.236298],[112.85668,33.236435],[112.857061,33.23639],[112.857606,33.236859],[112.857807,33.23722],[112.858102,33.237218],[112.858271,33.237413],[112.858298,33.23766],[112.858437,33.237947],[112.858391,33.238091],[112.857766,33.238454],[112.857549,33.238513],[112.857608,33.238658],[112.857646,33.239004],[112.857624,33.239592],[112.857536,33.239823],[112.857378,33.240063],[112.857166,33.240249],[112.857316,33.240327],[112.858681,33.240532],[112.858684,33.240904],[112.858762,33.241023],[112.859325,33.24131],[112.859416,33.241431],[112.859459,33.241759],[112.859529,33.241884],[112.859829,33.242203],[112.859899,33.242236],[112.85988,33.24236],[112.861594,33.242761],[112.861682,33.24323],[112.86202,33.243356],[112.862069,33.243816],[112.862436,33.244056],[112.862613,33.244733],[112.862471,33.244989],[112.86275,33.245157],[112.862927,33.245209],[112.863069,33.245397],[112.863104,33.245691],[112.86319,33.245837],[112.862525,33.245853],[112.862431,33.245821],[112.862401,33.245485],[112.861978,33.245579],[112.860489,33.245814],[112.860602,33.246151],[112.860671,33.24627],[112.860787,33.246337],[112.860891,33.246454],[112.861041,33.246833],[112.861162,33.247809],[112.861664,33.247562],[112.862396,33.247504],[112.862688,33.248912],[112.862686,33.248975],[112.862525,33.249],[112.862498,33.249128],[112.862442,33.249762],[112.862503,33.250471],[112.862498,33.2505],[112.862393,33.250512],[112.862366,33.250579],[112.862385,33.250642],[112.862573,33.250738],[112.862911,33.250763],[112.863281,33.250853],[112.863469,33.250915],[112.863544,33.250976],[112.863555,33.251303],[112.863708,33.25175],[112.863952,33.252039],[112.864096,33.25238],[112.864695,33.253322],[112.865446,33.253212],[112.866202,33.254908],[112.866572,33.255258],[112.866655,33.255639],[112.866274,33.25607],[112.86599,33.256339],[112.86551,33.256673],[112.865075,33.25703],[112.864805,33.257335],[112.864665,33.257566],[112.867031,33.257241],[112.866985,33.256927],[112.868619,33.256743],[112.86853,33.256388],[112.870091,33.256092],[112.870067,33.255314],[112.870019,33.254827],[112.869981,33.254769],[112.870105,33.254659],[112.870716,33.255173],[112.871159,33.255435],[112.871336,33.255646],[112.871387,33.255798],[112.871247,33.256557],[112.871245,33.256702],[112.871336,33.256754],[112.871505,33.256747],[112.87268,33.256592],[112.872545,33.255736],[112.873806,33.255567],[112.873535,33.254439],[112.874729,33.254307],[112.874632,33.253632],[112.876132,33.253919],[112.876767,33.254094],[112.876598,33.253466],[112.876421,33.252219],[112.876351,33.251927],[112.876303,33.25138],[112.876794,33.251351],[112.878897,33.251007],[112.879704,33.250945],[112.88034,33.253481],[112.881104,33.253356],[112.882142,33.253342],[112.882464,33.253867],[112.882829,33.254657],[112.882955,33.25474],[112.883103,33.254982],[112.883196,33.255208],[112.883269,33.255688],[112.883355,33.25587],[112.883368,33.256225],[112.883331,33.256781],[112.883199,33.257247],[112.8835,33.259676],[112.883655,33.260102],[112.883443,33.260116],[112.883473,33.262175],[112.882791,33.262706],[112.882311,33.264664],[112.882239,33.264606],[112.881748,33.264624],[112.881289,33.264411],[112.880847,33.264135],[112.880082,33.264088],[112.879951,33.265519],[112.880386,33.265393],[112.880458,33.266062],[112.880447,33.26686],[112.880656,33.26688],[112.881174,33.266846],[112.881407,33.266905],[112.881531,33.26758],[112.881289,33.267701],[112.880954,33.267719],[112.880707,33.269506],[112.880646,33.270583],[112.880227,33.27076],[112.878811,33.27122],[112.878245,33.271433],[112.877762,33.271657],[112.877285,33.272013],[112.876963,33.272345],[112.876236,33.272863],[112.876003,33.273092],[112.875676,33.273536],[112.874796,33.274516],[112.874562,33.274727],[112.874115,33.274899],[112.873943,33.275012],[112.874045,33.275301],[112.874066,33.275534],[112.873943,33.275727],[112.873731,33.275893],[112.873597,33.276086],[112.873543,33.276355],[112.872934,33.276783],[112.872414,33.277362],[112.872401,33.277489],[112.872516,33.277918],[112.872489,33.278232],[112.872438,33.278328],[112.871778,33.278869],[112.871612,33.279104],[112.871027,33.27955],[112.870485,33.279887],[112.870292,33.280055],[112.869777,33.28068],[112.869013,33.280826],[112.868533,33.281129],[112.86787,33.281472],[112.866583,33.28221],[112.865671,33.282853],[112.864968,33.283272],[112.863616,33.283819],[112.862087,33.284497],[112.861452,33.284703],[112.861229,33.284701],[112.860422,33.284788],[112.859864,33.284968],[112.858464,33.285528],[112.857447,33.285851],[112.855106,33.286945],[112.854741,33.287021],[112.853633,33.286972],[112.852606,33.286855],[112.850664,33.28632],[112.850302,33.286277],[112.850095,33.286207],[112.84943,33.286241],[112.849291,33.286279],[112.848904,33.286503],[112.848735,33.286248],[112.848593,33.2861],[112.848288,33.28534],[112.848086,33.285006],[112.847883,33.284763],[112.847727,33.284591],[112.847177,33.284266],[112.846831,33.284129],[112.846498,33.284073],[112.845898,33.284109],[112.845565,33.284091],[112.845088,33.284221],[112.844216,33.284344],[112.843755,33.284526],[112.843339,33.284882],[112.843634,33.285151],[112.843934,33.285207],[112.844752,33.285627],[112.84494,33.285761],[112.845463,33.28586],[112.845729,33.285994],[112.846198,33.286385],[112.84634,33.286559],[112.847048,33.286817],[112.847783,33.286983],[112.848108,33.286988],[112.848279,33.287176],[112.849398,33.287723],[112.849889,33.288402],[112.850903,33.290293],[112.851648,33.292012],[112.852134,33.292833],[112.85259,33.293983],[112.853268,33.295162],[112.853577,33.296084],[112.85385,33.296698],[112.85399,33.297117],[112.854432,33.298722],[112.854843,33.299272],[112.855135,33.29974],[112.855336,33.300316],[112.855205,33.302278],[112.855135,33.302932],[112.855044,33.303298],[112.854977,33.304147],[112.855135,33.304784],[112.855307,33.30519],[112.855752,33.30664],[112.855908,33.306961],[112.855607,33.306999],[112.855827,33.307218],[112.856471,33.307723],[112.856924,33.308173],[112.857498,33.308667],[112.859019,33.310215],[112.860242,33.31156],[112.859985,33.311686],[112.859845,33.311861],[112.859741,33.312388],[112.859722,33.312605],[112.859767,33.312876],[112.859867,33.313188],[112.859888,33.313533],[112.859842,33.313927],[112.859741,33.31427],[112.859679,33.314703],[112.859719,33.314878],[112.859636,33.315017],[112.859368,33.315171],[112.858684,33.315382],[112.858488,33.315505],[112.858241,33.315765],[112.857997,33.316485],[112.857946,33.316913],[112.857807,33.317265],[112.857656,33.3175],[112.857643,33.317875],[112.857753,33.318379],[112.858324,33.318247],[112.859159,33.319847],[112.85988,33.320779],[112.860709,33.321745],[112.862369,33.323036],[112.863587,33.324367],[112.864094,33.325042],[112.864839,33.326362],[112.865041,33.326999],[112.865041,33.327534],[112.865277,33.329379],[112.865521,33.329914],[112.865961,33.330486],[112.866435,33.330925],[112.867758,33.331548],[112.868643,33.331833],[112.869386,33.331942],[112.871237,33.332142],[112.872465,33.331958],[112.873862,33.331564],[112.874659,33.331239],[112.875107,33.331019],[112.875981,33.330506],[112.876279,33.330398],[112.8764,33.330389],[112.877001,33.330593],[112.877212,33.330728],[112.877325,33.330873],[112.877572,33.332774],[112.877583,33.333392],[112.87755,33.333446],[112.877513,33.333807],[112.877438,33.334056],[112.877237,33.334307],[112.877078,33.334445],[112.876834,33.334566],[112.876529,33.334829],[112.876453,33.335091],[112.876236,33.336279],[112.875008,33.338318],[112.873186,33.341143],[112.87232,33.342636],[112.871464,33.34374],[112.87085,33.344655],[112.870601,33.345268],[112.870448,33.346102],[112.870536,33.346508],[112.870901,33.347229],[112.871961,33.347872],[112.872586,33.347554],[112.872964,33.347319],[112.873948,33.347236],[112.874235,33.348112],[112.873828,33.348226],[112.874085,33.348945],[112.874222,33.349185],[112.874343,33.349324],[112.874739,33.349573],[112.875088,33.349738],[112.875311,33.349765],[112.876236,33.349678],[112.876888,33.350408],[112.877172,33.350276],[112.877996,33.351076],[112.877996,33.35111],[112.877752,33.351231],[112.877749,33.351338],[112.87787,33.351482],[112.878232,33.351547],[112.878242,33.351659],[112.877086,33.351661],[112.876236,33.351553],[112.875407,33.351515],[112.87522,33.352293],[112.874552,33.354172],[112.873884,33.355093],[112.872674,33.355913],[112.871738,33.356402],[112.869254,33.35715],[112.868117,33.357609],[112.865561,33.358747],[112.864673,33.358779],[112.864381,33.35885],[112.864174,33.358846],[112.864649,33.358525],[112.865271,33.358209],[112.865778,33.357849],[112.866288,33.357645],[112.867677,33.357309],[112.868144,33.357168],[112.868377,33.357058],[112.869088,33.35661],[112.870601,33.355929],[112.872009,33.355351],[112.871287,33.353787],[112.868949,33.354544],[112.869236,33.355268],[112.868696,33.355409],[112.868879,33.356083],[112.868262,33.356941],[112.867795,33.357096],[112.867063,33.357174],[112.866867,33.356941],[112.866602,33.356505],[112.866119,33.356753],[112.865885,33.356912],[112.864906,33.357761],[112.864609,33.357918],[112.864324,33.357947],[112.863627,33.357925],[112.863182,33.357833],[112.862525,33.357573],[112.862066,33.357269],[112.861932,33.35704],[112.861747,33.35616],[112.86146,33.355532],[112.861264,33.355239],[112.860762,33.354773],[112.860014,33.354186],[112.859786,33.354159],[112.859432,33.354215],[112.858756,33.354148],[112.858595,33.354392],[112.858255,33.354732],[112.858129,33.354775],[112.857745,33.354517],[112.857117,33.354231],[112.856522,33.354092],[112.855894,33.354051],[112.855964,33.354289],[112.856254,33.35493],[112.856651,33.355505],[112.857504,33.35652],[112.857984,33.356843],[112.858786,33.357286],[112.859006,33.357522],[112.859134,33.357896],[112.859242,33.358057],[112.85995,33.358525],[112.860347,33.358929],[112.860435,33.359361],[112.860781,33.359495],[112.861082,33.359666],[112.86132,33.360123],[112.861524,33.360336],[112.862157,33.360255],[112.862798,33.360215],[112.862176,33.361001],[112.861892,33.361648],[112.861731,33.362336],[112.862176,33.362466],[112.863136,33.362912],[112.863139,33.363564],[112.864542,33.363712],[112.864941,33.364818],[112.864526,33.365085],[112.86433,33.364677],[112.862989,33.364552],[112.862895,33.364982],[112.864161,33.365121],[112.863592,33.365947],[112.86202,33.365983],[112.86245,33.36709],[112.863024,33.369144],[112.863193,33.37006],[112.865891,33.370154],[112.866669,33.370533],[112.867111,33.370801],[112.867546,33.37114],[112.868034,33.37092],[112.868015,33.371841],[112.868066,33.372027],[112.868573,33.372389],[112.868887,33.372714],[112.869115,33.373106],[112.869485,33.373194],[112.869654,33.373281],[112.869147,33.374036],[112.869206,33.374134],[112.869627,33.374502],[112.869024,33.375062],[112.868283,33.375286],[112.869174,33.375353],[112.870475,33.375342],[112.871253,33.375297],[112.87144,33.375236],[112.871588,33.375236],[112.872001,33.375364],[112.872334,33.37542],[112.872867,33.375279],[112.873176,33.375261],[112.874013,33.375386],[112.87457,33.37551],[112.874919,33.375626],[112.875075,33.375696],[112.875077,33.376092],[112.87497,33.376847],[112.874992,33.377465],[112.875236,33.377649],[112.876893,33.378509],[112.877143,33.378471],[112.877357,33.378343],[112.877537,33.378206],[112.877682,33.377998],[112.877886,33.377841],[112.87828,33.377734],[112.878814,33.3777],[112.879431,33.377745],[112.879975,33.377962],[112.880388,33.378285],[112.882413,33.380372],[112.882885,33.380063],[112.883186,33.379788],[112.883483,33.379573],[112.884141,33.379369],[112.884728,33.378809],[112.88491,33.378531],[112.884983,33.377577],[112.885095,33.377396],[112.885951,33.377391],[112.887209,33.377304],[112.887901,33.377192],[112.888247,33.377026],[112.888641,33.376751],[112.888869,33.376473],[112.889757,33.375814],[112.890216,33.37566],[112.891645,33.376132],[112.892091,33.376325],[112.892745,33.376388],[112.894175,33.376612],[112.894459,33.376798],[112.894647,33.37744],[112.894746,33.377678],[112.894894,33.377806],[112.895859,33.377958],[112.896063,33.378065],[112.896176,33.378269],[112.896913,33.379154],[112.897047,33.379443],[112.896862,33.380455],[112.896589,33.381145],[112.896527,33.381438],[112.896608,33.381837],[112.896924,33.382095],[112.897549,33.382404],[112.898262,33.382408],[112.899813,33.382202],[112.900719,33.382193],[112.901001,33.382077],[112.90147,33.381971],[112.901688,33.382088],[112.902074,33.382538],[112.902613,33.383094],[112.903005,33.383593],[112.902849,33.384066],[112.902699,33.384879],[112.902685,33.385387],[112.902704,33.385909],[112.902978,33.38635],[112.903908,33.387239],[112.90463,33.387579],[112.905099,33.387584],[112.905724,33.38736],[112.906754,33.388126],[112.906864,33.388399],[112.9068,33.388975],[112.906373,33.389933],[112.906365,33.3905],[112.906795,33.391225],[112.906888,33.391593],[112.906545,33.392005],[112.905982,33.392981],[112.905754,33.394237],[112.905781,33.394499],[112.905966,33.394802],[112.906974,33.395872],[112.907411,33.396428],[112.907594,33.396846],[112.907594,33.397476],[112.907269,33.398266],[112.906478,33.399213],[112.90599,33.399365],[112.905284,33.399468],[112.905306,33.40012],[112.905255,33.400465],[112.905067,33.400846],[112.904767,33.401137],[112.905722,33.401309],[112.906103,33.401585],[112.906717,33.402521],[112.907138,33.402659],[112.907926,33.402684],[112.908836,33.402538],[112.910633,33.401858],[112.911049,33.400785],[112.911247,33.400375],[112.912304,33.399961],[112.912151,33.400525],[112.912256,33.400716],[112.912559,33.400248],[112.912803,33.400089],[112.91317,33.400006],[112.913733,33.399457],[112.914087,33.399251],[112.914399,33.398998],[112.914482,33.398662],[112.914699,33.39817],[112.915139,33.397491],[112.915995,33.396591],[112.916864,33.395789],[112.91699,33.395633],[112.9171,33.395317],[112.917218,33.395115],[112.917397,33.394967],[112.917494,33.394835],[112.917475,33.394652],[112.917231,33.394076],[112.917113,33.3937],[112.917049,33.393232],[112.917067,33.392892],[112.917183,33.3926],[112.917086,33.392459],[112.916794,33.392294],[112.916072,33.392029],[112.915426,33.39192],[112.915442,33.391346],[112.915522,33.391064],[112.915514,33.390896],[112.915053,33.389877],[112.915069,33.389736],[112.915396,33.389284],[112.915799,33.388213],[112.91586,33.387618],[112.915842,33.386905],[112.915812,33.386585],[112.915678,33.386092],[112.915997,33.386045],[112.9164,33.386034],[112.917084,33.385801],[112.917311,33.385685],[112.91759,33.385503],[112.918162,33.385008],[112.918543,33.384744],[112.919098,33.3842],[112.919353,33.383559],[112.919417,33.383268],[112.919632,33.382984],[112.919935,33.382453],[112.920211,33.381781],[112.920214,33.381208],[112.920034,33.380775],[112.919894,33.380242],[112.919744,33.379463],[112.919696,33.379042],[112.919782,33.37871],[112.919999,33.378269],[112.92023,33.377494],[112.920482,33.377055],[112.920823,33.37656],[112.9213,33.376007],[112.921922,33.375682],[112.92285,33.375062],[112.923135,33.374768],[112.923287,33.374448],[112.92332,33.374181],[112.92329,33.373599],[112.923127,33.37226],[112.923129,33.372058],[112.923215,33.371742],[112.923451,33.371382],[112.923794,33.371059],[112.924167,33.370846],[112.924521,33.370533],[112.9252,33.370091],[112.92531,33.369957],[112.925313,33.369793],[112.925229,33.369464],[112.924722,33.369233],[112.924194,33.369045],[112.924022,33.3689],[112.923717,33.368732],[112.923301,33.368261],[112.92336,33.367688],[112.923438,33.367531],[112.923389,33.367343],[112.923073,33.366702],[112.923038,33.366366],[112.924068,33.366254],[112.92446,33.366113],[112.924765,33.365949],[112.925004,33.365902],[112.925602,33.365875],[112.926042,33.365793],[112.926243,33.365705],[112.926546,33.365488],[112.927123,33.365154],[112.927869,33.365011],[112.928201,33.364574],[112.928478,33.364285],[112.928783,33.364112],[112.929022,33.364036],[112.92969,33.363367],[112.929947,33.363207],[112.930352,33.363134],[112.930672,33.363167],[112.930991,33.363255],[112.931913,33.362827],[112.931844,33.362789],[112.931538,33.362771],[112.930714,33.362786],[112.930224,33.362836],[112.929607,33.362831],[112.929212,33.362748],[112.929086,33.362692],[112.928885,33.362267],[112.928413,33.362143],[112.927976,33.36178],[112.927743,33.361368],[112.927488,33.361171],[112.926688,33.360223],[112.92657,33.359733],[112.926753,33.3595],[112.927203,33.359251],[112.927474,33.359159],[112.927858,33.358926],[112.928322,33.358425],[112.928834,33.35795],[112.929424,33.357528],[112.9294,33.35739],[112.929465,33.357316],[112.929685,33.357181],[112.929974,33.356534],[112.929998,33.355841],[112.929961,33.355546],[112.929612,33.35527],[112.929371,33.355006],[112.929199,33.354744],[112.929328,33.354172],[112.92977,33.353691],[112.930291,33.353234],[112.930731,33.352989],[112.933134,33.351921],[112.934217,33.351618],[112.935851,33.351401],[112.935929,33.351098],[112.935803,33.350471],[112.935475,33.349295],[112.935435,33.348965],[112.935478,33.348457],[112.935462,33.348036],[112.935736,33.347874],[112.935918,33.347823],[112.936293,33.347628],[112.93745,33.346985],[112.938021,33.346624],[112.938737,33.346035],[112.939281,33.34588],[112.9397,33.345842],[112.940491,33.346026],[112.941441,33.346416],[112.941561,33.346366],[112.942149,33.345468],[112.942605,33.345],[112.943157,33.344619],[112.943847,33.344025],[112.944525,33.343619],[112.945217,33.343333],[112.945724,33.342916],[112.946089,33.342342],[112.946043,33.342156],[112.946169,33.341946],[112.94662,33.341529],[112.946899,33.340785],[112.947087,33.340693],[112.94692,33.340164],[112.947285,33.340014],[112.948259,33.339508],[112.948948,33.339071],[112.948932,33.339008],[112.948264,33.338351],[112.94824,33.338121],[112.948849,33.338613],[112.949128,33.338685],[112.949219,33.338791],[112.949356,33.338799],[112.949584,33.338759],[112.949908,33.338596],[112.950056,33.338466],[112.950161,33.338284],[112.950464,33.338105],[112.95078,33.338029],[112.950987,33.338082],[112.951131,33.338161],[112.951459,33.338504],[112.951668,33.338557],[112.951823,33.338526],[112.95218,33.338302],[112.952395,33.33806],[112.950185,33.33657],[112.948388,33.334701],[112.948154,33.334219],[112.947975,33.33404],[112.947572,33.333822],[112.94747,33.333596],[112.94769,33.33339],[112.947744,33.333271],[112.947755,33.332966],[112.94773,33.332803],[112.947637,33.332646],[112.947232,33.332496],[112.946676,33.332467],[112.946489,33.332424],[112.945692,33.332429],[112.945292,33.332382],[112.94394,33.33157],[112.943423,33.331546],[112.942688,33.331357],[112.942567,33.331366],[112.942422,33.331452],[112.942283,33.331602],[112.942138,33.331667],[112.941894,33.331725],[112.941457,33.331707],[112.941205,33.331768],[112.941167,33.332249],[112.941269,33.333101],[112.941221,33.333135],[112.940556,33.333137],[112.940384,33.333161],[112.940035,33.333323],[112.939912,33.333294],[112.939815,33.333224],[112.939729,33.33304],[112.939646,33.332462],[112.938753,33.332426],[112.938686,33.333372],[112.935795,33.3332],[112.935923,33.332077],[112.935457,33.33205],[112.935237,33.33339],[112.935156,33.333634],[112.935009,33.333675],[112.934885,33.333672],[112.934153,33.333598],[112.933694,33.333484],[112.933547,33.333412],[112.933601,33.332987],[112.93367,33.332738],[112.933764,33.332583],[112.933807,33.331774],[112.932579,33.331862],[112.932844,33.331443],[112.933442,33.331113],[112.933574,33.330963],[112.933614,33.330817],[112.933579,33.330499],[112.933528,33.330338],[112.933432,33.330324],[112.933206,33.330217],[112.93297,33.330026],[112.932761,33.32999],[112.932351,33.329858],[112.932125,33.329751],[112.932166,33.329643],[112.931871,33.328706],[112.931736,33.328168],[112.931755,33.327592],[112.932069,33.326777],[112.932085,33.325284],[112.93197,33.325035],[112.931889,33.324713],[112.931683,33.324179],[112.931484,33.323796],[112.931771,33.323715],[112.931723,33.323047],[112.932841,33.322279],[112.933145,33.322128],[112.933405,33.321815],[112.934641,33.320981],[112.934604,33.320463],[112.934314,33.319141],[112.935199,33.319015],[112.935854,33.31902],[112.936154,33.319053],[112.936272,33.31915],[112.936256,33.319394],[112.936843,33.319432],[112.937197,33.319504],[112.938852,33.320201],[112.937997,33.318336],[112.937946,33.318112],[112.938734,33.317857],[112.940116,33.317314],[112.940698,33.316987],[112.940993,33.316653],[112.941025,33.31629],[112.940987,33.316028],[112.940899,33.3159],[112.940336,33.315387],[112.940247,33.31516],[112.940073,33.314884],[112.939711,33.314421],[112.940341,33.314602],[112.940513,33.314618],[112.939713,33.313282],[112.939062,33.313593],[112.939453,33.314221],[112.938863,33.314607],[112.938163,33.313679],[112.93808,33.313623],[112.937959,33.313389],[112.937879,33.313298],[112.937755,33.313268],[112.93723,33.313284],[112.936983,33.313257],[112.936878,33.31319],[112.936704,33.312905],[112.936559,33.312495],[112.936382,33.312219],[112.935929,33.311755],[112.935333,33.311287],[112.935862,33.31117],[112.936575,33.310863],[112.936758,33.310756],[112.936819,33.310518],[112.936994,33.310505],[112.937618,33.310045],[112.937694,33.309931],[112.937702,33.309747],[112.937594,33.309556],[112.937264,33.309213],[112.937042,33.308891],[112.936886,33.308498],[112.936833,33.308272],[112.936827,33.307985],[112.936876,33.307741],[112.936935,33.30766],[112.937036,33.307624],[112.937559,33.307763],[112.937675,33.307709],[112.93775,33.307564],[112.93771,33.307355],[112.937602,33.307196],[112.9376,33.306858],[112.937358,33.305441],[112.938777,33.305181],[112.938552,33.305351],[112.939078,33.306833],[112.939351,33.306974],[112.939389,33.307048],[112.939587,33.307183],[112.940266,33.307384],[112.940786,33.306842],[112.94044,33.30569],[112.941186,33.305499],[112.941776,33.305466],[112.942248,33.305533],[112.942468,33.305674],[112.942648,33.305959],[112.942302,33.306497],[112.942264,33.306586],[112.942272,33.306651],[112.942387,33.30666],[112.943112,33.306299],[112.943184,33.306338],[112.943283,33.306615],[112.944139,33.306463],[112.944305,33.306463],[112.944284,33.305544],[112.945888,33.304634],[112.946153,33.304912],[112.946529,33.30501],[112.946625,33.304569],[112.947175,33.304502],[112.94702,33.303242],[112.947044,33.302814],[112.947146,33.302278],[112.949114,33.302493],[112.949195,33.302863],[112.949935,33.302793],[112.950697,33.302883],[112.950595,33.302986],[112.950405,33.303354],[112.950439,33.303363],[112.950764,33.303435],[112.952521,33.30356],[112.952352,33.303204],[112.952269,33.302784],[112.950726,33.302672],[112.9507,33.302058],[112.95037,33.300157],[112.95026,33.300018],[112.949662,33.29957],[112.949313,33.299406],[112.949184,33.299285],[112.947899,33.297496],[112.948578,33.297061],[112.948213,33.296476],[112.948709,33.296391],[112.94861,33.29598],[112.949318,33.295032],[112.949699,33.295158],[112.949935,33.295057],[112.950812,33.294546],[112.950625,33.294026],[112.95111,33.293633],[112.950788,33.293355],[112.950297,33.292835],[112.949959,33.292281],[112.949565,33.291727],[112.949589,33.291541],[112.949318,33.289638],[112.949616,33.289369],[112.949992,33.291514],[112.950289,33.291476],[112.949887,33.289122],[112.949986,33.289033],[112.950303,33.289048],[112.950861,33.291427],[112.951274,33.291407],[112.951794,33.291124],[112.952017,33.291082],[112.952566,33.291003],[112.953607,33.290923],[112.953476,33.289246],[112.953803,33.289216],[112.953757,33.289064],[112.953572,33.287468],[112.953578,33.286759],[112.953819,33.286768],[112.953975,33.287855],[112.95428,33.287844],[112.954286,33.287548],[112.954229,33.287042],[112.954101,33.286777],[112.953948,33.285555],[112.954034,33.284808],[112.954031,33.284575],[112.95395,33.284389],[112.953908,33.284015],[112.953983,33.2836],[112.95398,33.283434],[112.954109,33.2829],[112.954098,33.281992],[112.954157,33.281245],[112.951992,33.281272],[112.951971,33.281104],[112.951931,33.281064],[112.951944,33.280467],[112.95313,33.280427],[112.953798,33.280346],[112.953811,33.279752],[112.95376,33.278662],[112.953838,33.278337],[112.953666,33.278407],[112.952805,33.278404],[112.952907,33.277451],[112.953977,33.27746],[112.95398,33.277252],[112.95457,33.27718],[112.954519,33.275895],[112.955037,33.275817],[112.954879,33.274372],[112.955216,33.274341],[112.955195,33.27387],[112.955815,33.273475],[112.955453,33.273258],[112.955007,33.272854],[112.954688,33.272493],[112.954203,33.272675],[112.954055,33.271581],[112.954441,33.271583],[112.955262,33.271511],[112.95579,33.271538],[112.956206,33.271509],[112.956077,33.269856],[112.955638,33.269939],[112.955509,33.268724],[112.955369,33.267903],[112.954168,33.267954],[112.954417,33.267463],[112.953076,33.267616],[112.952733,33.266591],[112.952454,33.265335],[112.951445,33.265451],[112.95059,33.26549],[112.950909,33.266559],[112.950724,33.266559],[112.949444,33.266739],[112.949211,33.266263],[112.949066,33.266178],[112.948846,33.26618],[112.948685,33.266073],[112.948516,33.266023],[112.948259,33.265155],[112.948098,33.264893],[112.948095,33.264557],[112.947964,33.264418],[112.947795,33.264317],[112.947497,33.263971],[112.947215,33.263505],[112.949117,33.263227],[112.949391,33.263245],[112.950938,33.263209],[112.950606,33.260946],[112.95023,33.260948],[112.950069,33.259901],[112.948111,33.26032],[112.947414,33.260585],[112.947132,33.258817],[112.946143,33.258838],[112.945711,33.257983],[112.94563,33.256846],[112.947401,33.256426],[112.947315,33.255749],[112.948736,33.255657],[112.948414,33.254652],[112.946475,33.254807],[112.946282,33.254148],[112.948404,33.253946],[112.948036,33.252032],[112.948353,33.251844],[112.948211,33.251102],[112.949557,33.250929],[112.949415,33.250476],[112.949171,33.249863],[112.949112,33.249603],[112.949206,33.249134],[112.949181,33.248908],[112.949042,33.2486],[112.948809,33.248327],[112.948535,33.248143],[112.949911,33.248105],[112.949887,33.24773],[112.950694,33.247679],[112.95067,33.246301],[112.951829,33.247071],[112.952156,33.246342],[112.952542,33.245619],[112.95185,33.245525],[112.951172,33.245343],[112.950815,33.24629],[112.950139,33.245866],[112.950555,33.244926],[112.950871,33.244092],[112.949031,33.243742],[112.949136,33.243129],[112.951298,33.243452],[112.95141,33.243049],[112.949165,33.24271],[112.949098,33.24227],[112.949163,33.241274],[112.949938,33.240902],[112.950075,33.239136],[112.949168,33.239138],[112.949163,33.239504],[112.949117,33.239527],[112.948972,33.239551],[112.948315,33.239542],[112.948605,33.237837],[112.947964,33.237757],[112.948406,33.236626],[112.948548,33.23661],[112.94876,33.236666],[112.948835,33.236215],[112.94898,33.236108],[112.948323,33.236249],[112.947516,33.236298],[112.947317,33.236278],[112.947422,33.234995],[112.947355,33.23477],[112.946022,33.234735],[112.945845,33.234609],[112.945526,33.235318],[112.94544,33.235614],[112.945442,33.235823],[112.944772,33.235796],[112.944665,33.234564],[112.9439,33.234609],[112.943967,33.235715],[112.942838,33.235755],[112.94291,33.235832],[112.942999,33.236043],[112.942876,33.236906],[112.942908,33.237754],[112.942889,33.238302],[112.939963,33.238149],[112.939976,33.239208],[112.939716,33.239217],[112.938734,33.239125],[112.93852,33.239037],[112.936586,33.23895],[112.936551,33.239298],[112.936446,33.239641],[112.936307,33.239951],[112.936141,33.240173],[112.935357,33.239722],[112.93356,33.238387],[112.932694,33.237813],[112.932292,33.237582],[112.931173,33.236787],[112.931216,33.236734],[112.930733,33.23646],[112.929596,33.235551],[112.929762,33.235006],[112.930921,33.234699],[112.931345,33.234638],[112.931565,33.234654],[112.93198,33.23475],[112.932442,33.234977],[112.933627,33.233047],[112.933711,33.232814],[112.933574,33.232655],[112.93326,33.232401],[112.93319,33.232285],[112.933161,33.232161],[112.933196,33.232056],[112.931441,33.232065],[112.931321,33.231271],[112.931152,33.231073],[112.930967,33.230746],[112.932131,33.230667],[112.935714,33.230308],[112.935703,33.230043],[112.935258,33.228055],[112.935266,33.227972],[112.936162,33.227887],[112.936133,33.227259],[112.936071,33.227021],[112.936055,33.226519],[112.93602,33.226328],[112.936036,33.226027],[112.935998,33.225801],[112.936004,33.225531],[112.935905,33.224845],[112.936261,33.224831],[112.937468,33.224937],[112.937514,33.22491],[112.937479,33.22438],[112.937476,33.222758],[112.937533,33.222024],[112.938056,33.220891],[112.938217,33.220308],[112.938225,33.219778],[112.938163,33.219282],[112.937889,33.217882],[112.93772,33.216749],[112.936637,33.216641],[112.936259,33.216543],[112.936111,33.216462],[112.935572,33.216302],[112.935754,33.21619],[112.935996,33.215605],[112.93668,33.215068],[112.937584,33.214209],[112.937267,33.213865],[112.936666,33.21332],[112.935832,33.212847],[112.934923,33.212164],[112.933952,33.211191],[112.933917,33.211033],[112.93422,33.21084],[112.934875,33.210663],[112.936594,33.21054],[112.938734,33.210035],[112.939914,33.209819],[112.941186,33.209463],[112.941803,33.209337],[112.942114,33.209236],[112.942377,33.209072],[112.942484,33.208767],[112.942251,33.208116],[112.941974,33.20749],[112.941846,33.206491],[112.941746,33.206278],[112.941749,33.206078],[112.941805,33.205939],[112.941886,33.205847],[112.942275,33.205573],[112.942851,33.20503],[112.943412,33.204577],[112.944152,33.204137],[112.944547,33.203358],[112.944678,33.202972],[112.944649,33.202283],[112.944126,33.201134],[112.943817,33.200899],[112.943136,33.200905],[112.942961,33.200957],[112.938823,33.201354],[112.938734,33.199871],[112.937401,33.2001],[112.93517,33.200333],[112.933163,33.200499],[112.933104,33.200443],[112.933029,33.199146],[112.931157,33.199323],[112.930873,33.194069],[112.929996,33.194096],[112.926962,33.194322],[112.926691,33.188401],[112.924527,33.188397],[112.924516,33.188257],[112.924454,33.188204],[112.924248,33.18815],[112.923687,33.188118],[112.923564,33.18817],[112.923521,33.188239],[112.923494,33.188668],[112.923419,33.188956],[112.923314,33.188989],[112.922826,33.188967],[112.922928,33.185579],[112.922013,33.185667],[112.921968,33.185187],[112.922089,33.18386],[112.922571,33.182547],[112.922756,33.181927],[112.92045,33.1819],[112.920377,33.181191],[112.919213,33.181173],[112.919256,33.181844],[112.917604,33.181961]]]}},{"type":"Feature","properties":{"regionCode":"411322111","sourceCode":"411322111000","name":"四里店镇","sourceName":"四里店镇","parentCode":"411322","parentName":"方城县","regionLevel":"township","regionType":"town","isManagementZone":false,"source":"ruiduobao","sourceVersion":"mixed-legacy~2018-2020","geometryRepaired":false,"match2020":true,"match2023":true},"geometry":{"type":"Polygon","coordinates":[[[112.833592,33.368104],[112.834069,33.368956],[112.834447,33.369708],[112.834568,33.37015],[112.834541,33.370786],[112.83448,33.371256],[112.834697,33.371462],[112.834935,33.371778],[112.835322,33.372766],[112.836057,33.373501],[112.836277,33.373633],[112.83677,33.37387],[112.837677,33.374206],[112.839232,33.375064],[112.839173,33.375617],[112.839093,33.375911],[112.838996,33.376128],[112.838905,33.376209],[112.837881,33.376495],[112.837231,33.376762],[112.83695,33.376939],[112.836754,33.377192],[112.83655,33.377319],[112.835542,33.377745],[112.834801,33.378256],[112.834302,33.378648],[112.833841,33.379067],[112.833028,33.379528],[112.832817,33.379613],[112.832471,33.379618],[112.831784,33.379456],[112.831663,33.379497],[112.831569,33.379579],[112.831435,33.379595],[112.830617,33.37942],[112.830454,33.379721],[112.830311,33.380213],[112.830268,33.380498],[112.829976,33.381275],[112.829917,33.381651],[112.829898,33.382285],[112.829831,33.382475],[112.829351,33.382885],[112.829161,33.383309],[112.828938,33.383566],[112.828605,33.383732],[112.828155,33.383873],[112.827863,33.383924],[112.827525,33.383907],[112.826559,33.383765],[112.826347,33.383795],[112.82621,33.383947],[112.826079,33.384169],[112.825998,33.384576],[112.825923,33.385488],[112.825848,33.385656],[112.825682,33.385745],[112.825451,33.385806],[112.824904,33.385862],[112.824612,33.385804],[112.823002,33.386209],[112.822839,33.386178],[112.822139,33.385864],[112.821978,33.385779],[112.822026,33.384778],[112.821763,33.384424],[112.821272,33.383647],[112.82084,33.383159],[112.820098,33.382601],[112.818587,33.382202],[112.818113,33.382115],[112.818043,33.382415],[112.817777,33.383087],[112.817619,33.383329],[112.817249,33.383687],[112.8169,33.383904],[112.816613,33.383967],[112.814974,33.385459],[112.814414,33.385783],[112.814698,33.38648],[112.814827,33.387049],[112.814824,33.387286],[112.814291,33.388254],[112.813945,33.389246],[112.813735,33.389705],[112.813435,33.390052],[112.812684,33.390679],[112.811903,33.391091],[112.811163,33.391382],[112.810737,33.391465],[112.810063,33.391828],[112.809256,33.39215],[112.808913,33.392347],[112.808494,33.392692],[112.808242,33.393084],[112.808113,33.393178],[112.807617,33.393254],[112.806973,33.393449],[112.806343,33.393772],[112.805324,33.394441],[112.804423,33.394967],[112.80358,33.395868],[112.802966,33.395995],[112.801979,33.396394],[112.801247,33.396963],[112.800794,33.397677],[112.800627,33.397802],[112.799455,33.398109],[112.798471,33.398302],[112.797293,33.3984],[112.796607,33.398347],[112.79607,33.398176],[112.795343,33.397798],[112.795335,33.398291],[112.795421,33.398508],[112.795748,33.398846],[112.796296,33.399148],[112.796693,33.39928],[112.797157,33.399348],[112.797688,33.399383],[112.79853,33.399374],[112.800474,33.399522],[112.8007,33.399571],[112.800947,33.400149],[112.800257,33.400499],[112.800399,33.401495],[112.800504,33.401956],[112.80085,33.4027],[112.800871,33.40386],[112.80103,33.404498],[112.80122,33.404954],[112.801097,33.405078],[112.800973,33.405422],[112.800684,33.405955],[112.800421,33.406195],[112.800018,33.406343],[112.799284,33.406403],[112.798879,33.406636],[112.798055,33.407337],[112.79743,33.407715],[112.79684,33.408143],[112.7971,33.409097],[112.797291,33.409504],[112.797937,33.410198],[112.798693,33.410836],[112.798948,33.411092],[112.799149,33.411475],[112.799659,33.41194],[112.79985,33.412195],[112.80011,33.412115],[112.801014,33.413297],[112.801419,33.414168],[112.800745,33.414584],[112.800343,33.414952],[112.799399,33.415666],[112.799101,33.416084],[112.798849,33.416205],[112.798133,33.416364],[112.797824,33.41666],[112.797658,33.41627],[112.797452,33.416163],[112.797178,33.416152],[112.796199,33.416317],[112.79592,33.416313],[112.795794,33.416355],[112.795574,33.416731],[112.794925,33.417506],[112.794574,33.41779],[112.794163,33.418057],[112.793579,33.418162],[112.792948,33.418157],[112.792739,33.4182],[112.791916,33.418834],[112.791256,33.418883],[112.790867,33.418972],[112.789995,33.418916],[112.78981,33.41901],[112.789738,33.419319],[112.789724,33.419861],[112.789491,33.420159],[112.789625,33.42028],[112.790027,33.420428],[112.790078,33.420531],[112.789477,33.421437],[112.78933,33.421504],[112.788565,33.421551],[112.788131,33.421744],[112.786441,33.423121],[112.786157,33.423559],[112.78635,33.423739],[112.786363,33.424466],[112.786444,33.425138],[112.78481,33.426897],[112.784295,33.427802],[112.784577,33.428581],[112.784982,33.428941],[112.785301,33.42912],[112.785559,33.429516],[112.785875,33.429736],[112.784494,33.430991],[112.784054,33.432341],[112.783729,33.432849],[112.782423,33.434268],[112.782429,33.434604],[112.78421,33.436706],[112.785706,33.438029],[112.787415,33.439965],[112.788839,33.441008],[112.788933,33.442239],[112.789402,33.442344],[112.792138,33.442192],[112.792806,33.442295],[112.793753,33.442841],[112.794112,33.444011],[112.79522,33.4459],[112.795545,33.448752],[112.796081,33.448855],[112.797551,33.448778],[112.797953,33.44894],[112.799587,33.450372],[112.799954,33.451936],[112.802516,33.453017],[112.803712,33.452778],[112.805887,33.454537],[112.802714,33.45615],[112.802202,33.457278],[112.802494,33.458395],[112.80288,33.459122],[112.803326,33.45995],[112.804219,33.461057],[112.803503,33.46202],[112.802982,33.462644],[112.802939,33.463821],[112.8039,33.464982],[112.804063,33.466437],[112.804635,33.468332],[112.804726,33.469394],[112.805544,33.470166],[112.806622,33.470598],[112.807832,33.470862],[112.8088,33.471014],[112.808577,33.471522],[112.80799,33.472202],[112.807008,33.473169],[112.806826,33.474012],[112.806847,33.475131],[112.807816,33.47663],[112.809111,33.477899],[112.810393,33.478496],[112.811005,33.47899],[112.811227,33.480051],[112.811131,33.481845],[112.811474,33.482288],[112.812896,33.483163],[112.813773,33.483648],[112.814666,33.484393],[112.816959,33.484615],[112.81737,33.484805],[112.817724,33.485109],[112.818059,33.48525],[112.818389,33.485291],[112.819057,33.48548],[112.819982,33.486145],[112.820269,33.486435],[112.820564,33.486628],[112.82268,33.486456],[112.823126,33.48742],[112.823828,33.489943],[112.82436,33.491097],[112.826881,33.492647],[112.827943,33.493412],[112.829558,33.494929],[112.831467,33.496962],[112.832387,33.49766],[112.834222,33.49896],[112.835582,33.500208],[112.836652,33.500624],[112.837366,33.501022],[112.837462,33.501295],[112.837693,33.501552],[112.838176,33.501702],[112.838484,33.502017],[112.838801,33.502563],[112.839039,33.502751],[112.839383,33.502959],[112.839672,33.503198],[112.839788,33.503605],[112.839997,33.503896],[112.840134,33.5042],[112.840002,33.504844],[112.84012,33.505115],[112.840337,33.505488],[112.839549,33.505864],[112.839342,33.506649],[112.839147,33.506855],[112.839117,33.50721],[112.838661,33.507432],[112.837974,33.50757],[112.837355,33.507758],[112.836961,33.50793],[112.836647,33.508112],[112.836142,33.50804],[112.835767,33.508074],[112.835013,33.508205],[112.834622,33.508232],[112.834254,33.508197],[112.8328,33.509854],[112.83195,33.510478],[112.831368,33.511209],[112.830907,33.511328],[112.828858,33.511634],[112.828627,33.513251],[112.828576,33.514029],[112.82819,33.514646],[112.826961,33.516109],[112.827447,33.517158],[112.830574,33.5175],[112.831247,33.517992],[112.829351,33.519407],[112.830223,33.519839],[112.830454,33.521281],[112.831331,33.52199],[112.832269,33.522477],[112.83239,33.524975],[112.832669,33.525639],[112.832953,33.526578],[112.833444,33.527739],[112.833071,33.528995],[112.834968,33.530885],[112.835724,33.532096],[112.836352,33.53353],[112.837095,33.534187],[112.837701,33.534567],[112.840104,33.535309],[112.84137,33.535513],[112.842706,33.535882],[112.843789,33.536921],[112.84516,33.538956],[112.84626,33.54072],[112.847338,33.541536],[112.848288,33.542524],[112.847384,33.543648],[112.849347,33.545508],[112.848966,33.54629],[112.849047,33.546901],[112.848904,33.54957],[112.84781,33.551144],[112.84773,33.553701],[112.848811,33.554575],[112.847971,33.555643],[112.847861,33.556756],[112.84762,33.557925],[112.847644,33.559038],[112.85087,33.560822],[112.850578,33.565773],[112.852147,33.56775],[112.849698,33.571344],[112.848373,33.571364],[112.847394,33.572155],[112.847418,33.573378],[112.847896,33.573927],[112.849578,33.573954],[112.849554,33.57454],[112.849647,33.575018],[112.849878,33.575744],[112.849838,33.576106],[112.84972,33.576504],[112.849677,33.576902],[112.849725,33.577358],[112.849841,33.577818],[112.850286,33.578625],[112.850323,33.578913],[112.850479,33.579572],[112.85061,33.579845],[112.850597,33.580153],[112.850398,33.580518],[112.850144,33.580719],[112.850028,33.581038],[112.85013,33.58142],[112.850095,33.581762],[112.849937,33.582278],[112.849741,33.582678],[112.849615,33.583145],[112.849613,33.583494],[112.849704,33.583983],[112.849841,33.584455],[112.849975,33.584776],[112.850377,33.586318],[112.850337,33.586607],[112.850543,33.586989],[112.850849,33.587281],[112.850951,33.587587],[112.851176,33.587929],[112.851385,33.588381],[112.851638,33.588781],[112.851951,33.589522],[112.852228,33.590036],[112.852477,33.59026],[112.852702,33.590689],[112.851265,33.591766],[112.851141,33.592266],[112.851428,33.593207],[112.851841,33.59398],[112.852196,33.59503],[112.852139,33.595363],[112.849014,33.598064],[112.848727,33.598343],[112.848253,33.598839],[112.847786,33.599907],[112.8477,33.600398],[112.847818,33.601335],[112.84803,33.602148],[112.848186,33.602554],[112.848784,33.603238],[112.849395,33.604453],[112.849658,33.605266],[112.850256,33.60595],[112.851391,33.606587],[112.853309,33.607292],[112.854929,33.607759],[112.857029,33.607972],[112.859628,33.608586],[112.860561,33.608939],[112.862586,33.610132],[112.863134,33.610614],[112.863391,33.611182],[112.86341,33.61212],[112.863517,33.612607],[112.864062,33.612966],[112.864598,33.612957],[112.865274,33.612663],[112.865995,33.61212],[112.866663,33.611499],[112.867146,33.611166],[112.867425,33.610672],[112.867787,33.6104],[112.868348,33.610413],[112.869034,33.610648],[112.870402,33.610668],[112.871609,33.610199],[112.872621,33.609491],[112.873731,33.609026],[112.874509,33.608892],[112.875051,33.609129],[112.879251,33.609756],[112.880327,33.609781],[112.881737,33.609678],[112.882612,33.609502],[112.883245,33.609453],[112.88388,33.609607],[112.884712,33.609714],[112.885154,33.60983],[112.885608,33.610478],[112.88696,33.612129],[112.887504,33.612448],[112.887909,33.613176],[112.888757,33.613978],[112.889714,33.615392],[112.890176,33.616467],[112.890661,33.616357],[112.891527,33.615855],[112.89308,33.615504],[112.894102,33.615325],[112.89638,33.614677],[112.897195,33.614094],[112.898498,33.613382],[112.900183,33.612377],[112.901186,33.611463],[112.901763,33.611045],[112.902581,33.610625],[112.902916,33.610375],[112.903147,33.609718],[112.903525,33.6091],[112.904147,33.608602],[112.904823,33.608264],[112.905357,33.608175],[112.905748,33.608291],[112.906296,33.608731],[112.906644,33.609135],[112.907084,33.609169],[112.9082,33.608865],[112.909166,33.60836],[112.910367,33.607607],[112.911097,33.607473],[112.913436,33.607397],[112.915136,33.607208],[112.916501,33.607145],[112.919666,33.606893],[112.92035,33.606924],[112.921278,33.607112],[112.922949,33.607616],[112.92491,33.608077],[112.926624,33.608376],[112.929322,33.609149],[112.930205,33.609341],[112.930841,33.60933],[112.931755,33.608867],[112.933169,33.608805],[112.934877,33.608858],[112.936639,33.609158],[112.937077,33.609111],[112.937321,33.608769],[112.93745,33.608369],[112.937433,33.607594],[112.937281,33.607313],[112.93628,33.606227],[112.936071,33.605575],[112.936108,33.605085],[112.936436,33.604509],[112.936959,33.604094],[112.937364,33.6037],[112.938037,33.603256],[112.938831,33.602807],[112.939212,33.602646],[112.939555,33.602431],[112.940134,33.601922],[112.940298,33.60053],[112.940955,33.599337],[112.940993,33.598888],[112.940684,33.5982],[112.940628,33.597874],[112.940861,33.59738],[112.941754,33.595939],[112.942412,33.594744],[112.94268,33.593721],[112.942758,33.592822],[112.942937,33.592043],[112.943214,33.591346],[112.943879,33.590642],[112.944895,33.590217],[112.946939,33.590168],[112.948197,33.590291],[112.949061,33.590291],[112.94938,33.590063],[112.949514,33.589721],[112.949557,33.589388],[112.950101,33.588745],[112.952333,33.587203],[112.955074,33.585527],[112.956225,33.584571],[112.957665,33.58361],[112.958966,33.582935],[112.960136,33.582917],[112.962381,33.583005],[112.963314,33.583398],[112.964113,33.58416],[112.965363,33.58561],[112.966651,33.586446],[112.96719,33.5866],[112.968064,33.586423],[112.96888,33.585838],[112.97002,33.584475],[112.970856,33.582748],[112.971221,33.581563],[112.971634,33.580495],[112.972117,33.580325],[112.973139,33.580144],[112.973962,33.579887],[112.975263,33.579213],[112.975886,33.578754],[112.976899,33.57829],[112.977921,33.578232],[112.978997,33.578339],[112.979729,33.578366],[112.980212,33.578196],[112.9804,33.577907],[112.98066,33.576475],[112.981245,33.574303],[112.981277,33.573608],[112.981011,33.572634],[112.980649,33.571641],[112.980896,33.571076],[112.98125,33.570928],[112.981575,33.570957],[112.981998,33.570873],[112.982771,33.570971],[112.983272,33.570966],[112.983702,33.570812],[112.98412,33.570616],[112.984504,33.569929],[112.984823,33.569929],[112.985137,33.569793],[112.985485,33.569536],[112.986083,33.569436],[112.986875,33.568989],[112.987897,33.568973],[112.989026,33.569322],[112.988889,33.569831],[112.989117,33.570446],[112.989479,33.570808],[112.989656,33.571116],[112.989924,33.571355],[112.990254,33.571007],[112.990576,33.570723],[112.991102,33.570566],[112.991517,33.570253],[112.991971,33.570157],[112.992169,33.570153],[112.992518,33.569565],[112.992891,33.569306],[112.993146,33.568955],[112.99354,33.568021],[112.993575,33.567489],[112.9935,33.566839],[112.993167,33.566123],[112.992746,33.565422],[112.99218,33.564588],[112.991965,33.564376],[112.991729,33.564074],[112.991676,33.563915],[112.991716,33.563721],[112.991815,33.563488],[112.992038,33.563187],[112.992244,33.562217],[112.992255,33.561875],[112.992054,33.561227],[112.992057,33.561119],[112.992204,33.560802],[112.992228,33.560473],[112.992024,33.560111],[112.991711,33.559146],[112.991652,33.559043],[112.991579,33.558354],[112.991633,33.557679],[112.991775,33.557087],[112.991724,33.55672],[112.991295,33.554903],[112.991163,33.553777],[112.991056,33.553716],[112.99086,33.553714],[112.989763,33.553848],[112.98912,33.553842],[112.988111,33.553567],[112.986714,33.553066],[112.985973,33.552876],[112.984504,33.552429],[112.984517,33.552203],[112.984463,33.55147],[112.984512,33.550983],[112.984482,33.550189],[112.984273,33.549981],[112.984225,33.549854],[112.983983,33.548555],[112.983903,33.547629],[112.983761,33.54731],[112.983664,33.546863],[112.983624,33.546212],[112.983624,33.54545],[112.983736,33.544437],[112.983651,33.542593],[112.983079,33.542508],[112.982545,33.542483],[112.982532,33.542233],[112.982438,33.541772],[112.981529,33.541287],[112.981119,33.541113],[112.98095,33.541299],[112.980518,33.542121],[112.980421,33.542231],[112.980512,33.542195],[112.980711,33.542184],[112.980756,33.54226],[112.980756,33.542338],[112.980692,33.542504],[112.980692,33.542593],[112.980858,33.542644],[112.980872,33.542761],[112.980842,33.542812],[112.980612,33.542913],[112.980327,33.543639],[112.980233,33.543753],[112.980142,33.543791],[112.98004,33.543778],[112.979855,33.544272],[112.979571,33.54418],[112.978584,33.543554],[112.97827,33.543959],[112.977897,33.544679],[112.977562,33.545197],[112.977251,33.545537],[112.976878,33.545812],[112.976604,33.5461],[112.976291,33.546941],[112.976025,33.547547],[112.975727,33.548059],[112.975593,33.548215],[112.975336,33.548177],[112.974797,33.547929],[112.974469,33.547853],[112.973783,33.547889],[112.973421,33.547949],[112.973096,33.548638],[112.972726,33.548504],[112.972782,33.54794],[112.972112,33.548271],[112.971567,33.548387],[112.971422,33.549201],[112.970733,33.549342],[112.969746,33.549836],[112.969215,33.549883],[112.968391,33.549883],[112.968416,33.550549],[112.967919,33.550312],[112.967708,33.550073],[112.966396,33.550109],[112.966018,33.550185],[112.965892,33.550638],[112.965752,33.550826],[112.965074,33.551282],[112.964534,33.551548],[112.963668,33.551045],[112.962863,33.550679],[112.962421,33.550542],[112.962303,33.550473],[112.961922,33.550033],[112.961925,33.549936],[112.962477,33.549436],[112.962595,33.549214],[112.962601,33.549125],[112.962324,33.548535],[112.962292,33.548222],[112.962308,33.547891],[112.962394,33.547654],[112.963816,33.547766],[112.964049,33.547741],[112.964124,33.547444],[112.964368,33.546972],[112.964441,33.546751],[112.964374,33.546181],[112.964151,33.54568],[112.964009,33.545573],[112.963612,33.545486],[112.962901,33.54539],[112.96222,33.545443],[112.961927,33.545334],[112.961021,33.545193],[112.960559,33.545262],[112.959366,33.545365],[112.958183,33.545544],[112.957936,33.545162],[112.957343,33.544663],[112.956592,33.543849],[112.955112,33.541889],[112.954042,33.541728],[112.9535,33.541426],[112.9521,33.540266],[112.951563,33.53989],[112.951142,33.540194],[112.950984,33.540241],[112.950815,33.540223],[112.95041,33.540105],[112.950193,33.540098],[112.949281,33.540293],[112.949112,33.541728],[112.949249,33.542521],[112.949297,33.542613],[112.949442,33.542687],[112.949688,33.542669],[112.949879,33.542559],[112.950161,33.542562],[112.949954,33.542796],[112.94975,33.542951],[112.949546,33.543004],[112.949173,33.542991],[112.948787,33.54266],[112.948608,33.542615],[112.948361,33.542754],[112.948152,33.542977],[112.947913,33.543143],[112.947218,33.543281],[112.946542,33.54386],[112.946389,33.544046],[112.946086,33.544189],[112.945802,33.544234],[112.945563,33.54433],[112.945333,33.544549],[112.944987,33.544676],[112.944426,33.544815],[112.943723,33.5449],[112.943117,33.545021],[112.941902,33.545036],[112.941687,33.545005],[112.942001,33.545736],[112.942632,33.547059],[112.942758,33.547225],[112.942967,33.547272],[112.943686,33.547281],[112.943605,33.548001],[112.943597,33.548336],[112.943525,33.548597],[112.943458,33.548716],[112.943208,33.548846],[112.943034,33.548837],[112.942951,33.548799],[112.94283,33.548615],[112.942717,33.548331],[112.942009,33.548291],[112.942076,33.548012],[112.942149,33.547167],[112.940684,33.547493],[112.939359,33.547701],[112.939394,33.547851],[112.939829,33.54885],[112.940008,33.549203],[112.940223,33.549478],[112.940124,33.550167],[112.939917,33.550489],[112.939705,33.550732],[112.93874,33.55039],[112.9386,33.550692],[112.938514,33.550728],[112.938222,33.550701],[112.937415,33.550748],[112.937069,33.55073],[112.93631,33.550323],[112.935982,33.550238],[112.93577,33.550252],[112.935242,33.550457],[112.934799,33.550513],[112.934311,33.550531],[112.934164,33.550705],[112.933724,33.551935],[112.933413,33.552527],[112.93231,33.553855],[112.931919,33.554217],[112.931648,33.554275],[112.931605,33.554108],[112.931393,33.553864],[112.931195,33.553694],[112.93068,33.553377],[112.930535,33.553327],[112.930157,33.553732],[112.930039,33.553817],[112.929985,33.553839],[112.929687,33.55377],[112.929593,33.553824],[112.928295,33.552914],[112.92929,33.552322],[112.929666,33.551946],[112.93021,33.551126],[112.931044,33.549514],[112.931353,33.549058],[112.931677,33.548834],[112.931812,33.548676],[112.931852,33.548542],[112.931715,33.548195],[112.931699,33.5479],[112.931865,33.547623],[112.93175,33.547585],[112.931525,33.547589],[112.931205,33.547404],[112.932037,33.545738],[112.931457,33.545466],[112.930908,33.546451],[112.9305,33.54727],[112.930436,33.547339],[112.930194,33.547337],[112.930114,33.547308],[112.930047,33.547229],[112.930036,33.547124],[112.929567,33.546869],[112.929408,33.546811],[112.929017,33.546798],[112.928984,33.546653],[112.928767,33.54642],[112.928585,33.546284],[112.928126,33.546056],[112.927659,33.545989],[112.927289,33.545884],[112.927024,33.545703],[112.926906,33.545555],[112.926941,33.545298],[112.927252,33.544574],[112.926941,33.542074],[112.926962,33.541728],[112.92693,33.541489],[112.926844,33.541354],[112.92667,33.541223],[112.926401,33.5408],[112.926316,33.540505],[112.926313,33.540239],[112.926463,33.540069],[112.926613,33.539962],[112.926283,33.539816],[112.926458,33.539561],[112.926503,33.539392],[112.926216,33.539222],[112.926257,33.538873],[112.926522,33.537587],[112.926898,33.536154],[112.926815,33.535553],[112.92675,33.535421],[112.926503,33.535213],[112.925956,33.5349],[112.925532,33.534717],[112.92505,33.5346],[112.924173,33.534095],[112.923116,33.533326],[112.922775,33.533161],[112.922137,33.532892],[112.921501,33.532689],[112.920616,33.532425],[112.919554,33.532195],[112.919524,33.531859],[112.920082,33.530954],[112.920324,33.530793],[112.920702,33.530645],[112.921498,33.530261],[112.921721,33.530057],[112.922193,33.529299],[112.922384,33.529096],[112.923561,33.528329],[112.92376,33.528045],[112.92381,33.527727],[112.92395,33.527392],[112.924114,33.52718],[112.924285,33.527054],[112.924602,33.526956],[112.925001,33.526498],[112.925353,33.526194],[112.925629,33.526004],[112.9262,33.525713],[112.926522,33.525212],[112.926734,33.52468],[112.927032,33.524322],[112.928343,33.523535],[112.928681,33.523159],[112.929001,33.522674],[112.929392,33.521446],[112.929575,33.521019],[112.929746,33.520702],[112.930267,33.520118],[112.929937,33.519962],[112.929473,33.519803],[112.929164,33.519631],[112.928958,33.519371],[112.928765,33.519206],[112.92836,33.519027],[112.928129,33.518799],[112.927901,33.518305],[112.927308,33.517723],[112.927174,33.517506],[112.927134,33.516838],[112.926986,33.516335],[112.926938,33.516283],[112.926565,33.516547],[112.926267,33.516822],[112.926031,33.517128],[112.925844,33.517209],[112.924755,33.517014],[112.92402,33.516762],[112.923322,33.516417],[112.922164,33.515717],[112.92126,33.515237],[112.92097,33.514834],[112.9209,33.514514],[112.920906,33.514237],[112.92097,33.513868],[112.92215,33.513846],[112.924183,33.514358],[112.924857,33.514722],[112.925455,33.514995],[112.925983,33.515031],[112.92619,33.515279],[112.926589,33.515592],[112.926855,33.515143],[112.927153,33.514733],[112.927579,33.51326],[112.927297,33.513226],[112.926916,33.513284],[112.926533,33.513425],[112.926302,33.512124],[112.926375,33.51209],[112.926495,33.512229],[112.926678,33.51235],[112.92686,33.512385],[112.927606,33.512204],[112.92749,33.510813],[112.927568,33.510355],[112.927549,33.5102],[112.927381,33.509758],[112.927362,33.509485],[112.927453,33.508718],[112.927405,33.508539],[112.926938,33.50834],[112.925811,33.507971],[112.925173,33.507812],[112.924824,33.507868],[112.924114,33.507707],[112.923636,33.507678],[112.923153,33.507597],[112.92241,33.5073],[112.922137,33.507143],[112.921729,33.506843],[112.921678,33.506251],[112.92163,33.506097],[112.921531,33.505951],[112.920852,33.506041],[112.920825,33.50588],[112.920439,33.505638],[112.920342,33.505473],[112.920275,33.505441],[112.920101,33.505434],[112.920063,33.505403],[112.920058,33.505218],[112.920104,33.505007],[112.92056,33.504672],[112.92056,33.504549],[112.920428,33.504444],[112.920251,33.504455],[112.920031,33.504379],[112.919618,33.503943],[112.919216,33.503587],[112.919058,33.503388],[112.918972,33.503129],[112.9188,33.503176],[112.918529,33.503048],[112.918172,33.502947],[112.917861,33.502809],[112.916719,33.501652],[112.916096,33.500787],[112.916247,33.500612],[112.917196,33.500268],[112.917776,33.500595],[112.918435,33.501111],[112.918639,33.501228],[112.91883,33.501626],[112.919114,33.501995],[112.9195,33.502344],[112.920267,33.502833],[112.920554,33.502348],[112.920798,33.501758],[112.920916,33.501109],[112.920785,33.500677],[112.920817,33.50006],[112.920951,33.499787],[112.921206,33.499078],[112.921337,33.497582],[112.921539,33.497105],[112.921689,33.496844],[112.921512,33.496526],[112.921346,33.496137],[112.921378,33.495557],[112.921351,33.494965],[112.921571,33.494544],[112.922099,33.493911],[112.922164,33.493627],[112.922091,33.493318],[112.921732,33.492553],[112.922038,33.491909],[112.922459,33.491489],[112.923325,33.490952],[112.923467,33.490768],[112.923875,33.490677],[112.924079,33.490581],[112.924433,33.490073],[112.924478,33.489482],[112.924433,33.488992],[112.925068,33.488802],[112.925267,33.488623],[112.925463,33.488283],[112.925591,33.487907],[112.926337,33.487198],[112.926613,33.486992],[112.926616,33.486874],[112.926493,33.486717],[112.92598,33.486373],[112.925535,33.485963],[112.924865,33.485436],[112.924682,33.485196],[112.924645,33.485035],[112.924696,33.484959],[112.925433,33.48459],[112.925586,33.484346],[112.925744,33.483574],[112.925758,33.483245],[112.925919,33.482523],[112.926029,33.482393],[112.926388,33.482234],[112.926442,33.482096],[112.926399,33.481467],[112.926444,33.481134],[112.926611,33.481078],[112.927155,33.481064],[112.927383,33.480934],[112.927692,33.480811],[112.928228,33.480516],[112.928483,33.480308],[112.928676,33.48008],[112.92873,33.479843],[112.928604,33.478726],[112.928467,33.478505],[112.928274,33.478299],[112.928322,33.477706],[112.928255,33.477245],[112.928263,33.477084],[112.928357,33.476968],[112.928609,33.476858],[112.928751,33.476684],[112.928746,33.476523],[112.928993,33.475055],[112.929076,33.474919],[112.929577,33.474713],[112.929631,33.474657],[112.929706,33.474442],[112.929725,33.474319],[112.929556,33.473713],[112.929462,33.473489],[112.92944,33.47322],[112.929575,33.472341],[112.929816,33.472321],[112.930221,33.472205],[112.930529,33.47207],[112.930782,33.47184],[112.93105,33.471301],[112.931417,33.470677],[112.931672,33.470392],[112.931881,33.470258],[112.93216,33.470202],[112.933407,33.470234],[112.933552,33.470207],[112.933689,33.469943],[112.933775,33.469515],[112.934191,33.468951],[112.934789,33.468453],[112.935958,33.467629],[112.93642,33.467316],[112.936918,33.467047],[112.937417,33.467479],[112.938219,33.468021],[112.938737,33.468674],[112.938901,33.46877],[112.939619,33.468338],[112.940749,33.468012],[112.942363,33.46781],[112.942822,33.466797],[112.943232,33.466513],[112.942618,33.465835],[112.941749,33.46474],[112.941462,33.46406],[112.942192,33.464467],[112.942433,33.464259],[112.942109,33.463778],[112.942159,33.462422],[112.942103,33.461914],[112.941931,33.461359],[112.942551,33.461351],[112.944839,33.461485],[112.944917,33.461232],[112.944552,33.461187],[112.944598,33.460746],[112.944675,33.46044],[112.944791,33.460314],[112.944616,33.460048],[112.944606,33.459699],[112.944404,33.459316],[112.944112,33.459088],[112.944372,33.458889],[112.94559,33.458395],[112.945593,33.458204],[112.944764,33.45769],[112.944147,33.457238],[112.943989,33.457159],[112.943957,33.457036],[112.94405,33.456743],[112.943975,33.456671],[112.943493,33.456519],[112.943045,33.456242],[112.943063,33.455931],[112.943015,33.455432],[112.942953,33.455228],[112.943018,33.455076],[112.9432,33.454933],[112.9432,33.454897],[112.943192,33.454845],[112.942835,33.454492],[112.942809,33.454422],[112.942827,33.454342],[112.943291,33.454306],[112.944356,33.45449],[112.944582,33.454445],[112.944724,33.454118],[112.944319,33.453906],[112.944295,33.453854],[112.944311,33.453796],[112.944753,33.453308],[112.945,33.453133],[112.945188,33.452941],[112.945153,33.452883],[112.944431,33.452587],[112.943997,33.452451],[112.94345,33.452086],[112.943348,33.451954],[112.943409,33.451699],[112.943388,33.4516],[112.94313,33.451489],[112.943063,33.451285],[112.94309,33.451198],[112.943316,33.450891],[112.94357,33.450162],[112.943629,33.449474],[112.942245,33.449799],[112.941564,33.449808],[112.940743,33.449727],[112.939059,33.448906],[112.937726,33.448423],[112.936682,33.44778],[112.936243,33.447431],[112.935886,33.447201],[112.935497,33.446901],[112.935419,33.44674],[112.935486,33.446399],[112.935894,33.446053],[112.936138,33.445894],[112.936645,33.445412],[112.936988,33.445209],[112.937334,33.444779],[112.937476,33.444336],[112.937581,33.444211],[112.937774,33.444092],[112.938115,33.443821],[112.938254,33.443673],[112.93849,33.443519],[112.938737,33.443515],[112.939153,33.443389],[112.939378,33.443376],[112.939429,33.443405],[112.939638,33.443915],[112.939802,33.444553],[112.940333,33.444654],[112.940424,33.444622],[112.94047,33.444182],[112.940553,33.443806],[112.940593,33.443767],[112.940724,33.443738],[112.940649,33.443199],[112.942189,33.443405],[112.94254,33.443349],[112.942916,33.44334],[112.943155,33.443248],[112.943002,33.442863],[112.942774,33.442872],[112.942543,33.442924],[112.942371,33.442597],[112.942516,33.442541],[112.94272,33.442512],[112.942991,33.44253],[112.943096,33.442481],[112.943106,33.442398],[112.94298,33.442037],[112.942873,33.44157],[112.942929,33.441205],[112.94302,33.441068],[112.943058,33.440918],[112.943112,33.44052],[112.943101,33.440399],[112.942978,33.440216],[112.942876,33.440133],[112.942414,33.439878],[112.9422,33.439719],[112.941706,33.439264],[112.941628,33.43922],[112.941167,33.439141],[112.940762,33.438904],[112.940451,33.438805],[112.940081,33.438523],[112.94007,33.438472],[112.94036,33.438414],[112.940539,33.438313],[112.940821,33.438],[112.941376,33.437151],[112.941612,33.437066],[112.942551,33.437039],[112.943128,33.436695],[112.943246,33.436484],[112.943278,33.436332],[112.943184,33.435999],[112.943171,33.43584],[112.943259,33.435435],[112.943307,33.435361],[112.943951,33.43498],[112.944332,33.434586],[112.945062,33.433986],[112.945145,33.43383],[112.945196,33.433539],[112.945265,33.433438],[112.945775,33.432816],[112.946255,33.432368],[112.946489,33.431963],[112.946456,33.431889],[112.946067,33.431459],[112.945928,33.431144],[112.945654,33.43073],[112.94529,33.429698],[112.945263,33.429328],[112.94533,33.429165],[112.945418,33.429064],[112.94596,33.428753],[112.945957,33.428348],[112.946312,33.427965],[112.947012,33.427448],[112.947747,33.42719],[112.948299,33.426857],[112.948599,33.426376],[112.949088,33.425812],[112.94908,33.425131],[112.948755,33.425066],[112.948653,33.424862],[112.948455,33.424762],[112.947679,33.424209],[112.947256,33.424206],[112.946843,33.424267],[112.946191,33.424433],[112.945807,33.424674],[112.945611,33.424847],[112.945496,33.424874],[112.945252,33.424813],[112.945062,33.424531],[112.944976,33.424527],[112.944539,33.424665],[112.944069,33.42497],[112.943608,33.424979],[112.943085,33.424851],[112.942822,33.424719],[112.942744,33.424663],[112.942723,33.424583],[112.942752,33.423649],[112.942736,33.423168],[112.942487,33.422738],[112.942401,33.422669],[112.942039,33.422579],[112.941315,33.422494],[112.940497,33.422442],[112.940459,33.422413],[112.940454,33.42233],[112.940491,33.422292],[112.940939,33.422075],[112.941618,33.42154],[112.941872,33.421014],[112.941937,33.420609],[112.942066,33.420251],[112.942189,33.419541],[112.942138,33.419449],[112.940952,33.419013],[112.939834,33.418554],[112.939544,33.41833],[112.938737,33.418269],[112.938367,33.418379],[112.938013,33.418529],[112.937364,33.418283],[112.936642,33.417884],[112.936277,33.417723],[112.936047,33.417683],[112.935548,33.417795],[112.935306,33.417725],[112.935116,33.417484],[112.93496,33.417387],[112.934663,33.417365],[112.934421,33.417472],[112.934271,33.417667],[112.934035,33.417813],[112.933732,33.417873],[112.933021,33.418119],[112.932428,33.418243],[112.931836,33.418422],[112.931492,33.41867],[112.931299,33.418751],[112.930607,33.4188],[112.930229,33.418858],[112.929947,33.418977],[112.929741,33.419122],[112.92947,33.419129],[112.929105,33.418847],[112.928936,33.418845],[112.928354,33.418939],[112.927775,33.419102],[112.927493,33.41931],[112.927233,33.419649],[112.927069,33.419767],[112.926707,33.419776],[112.926345,33.419886],[112.926023,33.420222],[112.925669,33.420004],[112.92527,33.419837],[112.924899,33.419807],[112.924384,33.420018],[112.924017,33.420087],[112.92369,33.420047],[112.923397,33.420065],[112.923051,33.42017],[112.922799,33.420535],[112.922732,33.420707],[112.922713,33.420889],[112.922657,33.420595],[112.922657,33.420392],[112.92281,33.420049],[112.922995,33.419875],[112.923049,33.419774],[112.922987,33.419129],[112.923124,33.418634],[112.922671,33.417936],[112.922646,33.417772],[112.922625,33.417031],[112.922713,33.416729],[112.922874,33.414911],[112.922807,33.41432],[112.922099,33.413626],[112.921836,33.413563],[112.920737,33.413483],[112.919959,33.413313],[112.919058,33.412804],[112.918902,33.412578],[112.91861,33.411853],[112.918435,33.410801],[112.917974,33.410836],[112.917191,33.410653],[112.916558,33.410306],[112.915844,33.409775],[112.914879,33.408622],[112.914262,33.407646],[112.913795,33.407274],[112.913476,33.407135],[112.912339,33.405819],[112.911014,33.403618],[112.910753,33.402292],[112.910633,33.401858],[112.908836,33.402538],[112.907926,33.402684],[112.907138,33.402659],[112.906717,33.402521],[112.906103,33.401585],[112.905722,33.401309],[112.904767,33.401137],[112.905067,33.400846],[112.905255,33.400465],[112.905306,33.40012],[112.905284,33.399468],[112.90599,33.399365],[112.906478,33.399213],[112.907269,33.398266],[112.907594,33.397476],[112.907594,33.396846],[112.907411,33.396428],[112.906974,33.395872],[112.905966,33.394802],[112.905781,33.394499],[112.905754,33.394237],[112.905982,33.392981],[112.906545,33.392005],[112.906888,33.391593],[112.906795,33.391225],[112.906365,33.3905],[112.906373,33.389933],[112.9068,33.388975],[112.906864,33.388399],[112.906754,33.388126],[112.905724,33.38736],[112.905099,33.387584],[112.90463,33.387579],[112.903908,33.387239],[112.902978,33.38635],[112.902704,33.385909],[112.902685,33.385387],[112.902699,33.384879],[112.902849,33.384066],[112.903005,33.383593],[112.902613,33.383094],[112.902074,33.382538],[112.901688,33.382088],[112.90147,33.381971],[112.901001,33.382077],[112.900719,33.382193],[112.899813,33.382202],[112.898262,33.382408],[112.897549,33.382404],[112.896924,33.382095],[112.896608,33.381837],[112.896527,33.381438],[112.896589,33.381145],[112.896862,33.380455],[112.897047,33.379443],[112.896913,33.379154],[112.896176,33.378269],[112.896063,33.378065],[112.895859,33.377958],[112.894894,33.377806],[112.894746,33.377678],[112.894647,33.37744],[112.894459,33.376798],[112.894175,33.376612],[112.892745,33.376388],[112.892091,33.376325],[112.891645,33.376132],[112.890216,33.37566],[112.889757,33.375814],[112.888869,33.376473],[112.888641,33.376751],[112.888247,33.377026],[112.887901,33.377192],[112.887209,33.377304],[112.885951,33.377391],[112.885095,33.377396],[112.884983,33.377577],[112.88491,33.378531],[112.884728,33.378809],[112.884141,33.379369],[112.883483,33.379573],[112.883186,33.379788],[112.882885,33.380063],[112.882413,33.380372],[112.880388,33.378285],[112.879975,33.377962],[112.879431,33.377745],[112.878814,33.3777],[112.87828,33.377734],[112.877886,33.377841],[112.877682,33.377998],[112.877537,33.378206],[112.877357,33.378343],[112.877143,33.378471],[112.876893,33.378509],[112.875236,33.377649],[112.874992,33.377465],[112.87497,33.376847],[112.875077,33.376092],[112.875075,33.375696],[112.874919,33.375626],[112.87457,33.37551],[112.874013,33.375386],[112.873176,33.375261],[112.872867,33.375279],[112.872334,33.37542],[112.872001,33.375364],[112.871588,33.375236],[112.87144,33.375236],[112.871253,33.375297],[112.870475,33.375342],[112.869174,33.375353],[112.868283,33.375286],[112.869024,33.375062],[112.869627,33.374502],[112.869206,33.374134],[112.869147,33.374036],[112.869654,33.373281],[112.869485,33.373194],[112.869115,33.373106],[112.868887,33.372714],[112.868573,33.372389],[112.868066,33.372027],[112.868015,33.371841],[112.868034,33.37092],[112.867546,33.37114],[112.867111,33.370801],[112.866669,33.370533],[112.865891,33.370154],[112.863193,33.37006],[112.863024,33.369144],[112.86245,33.36709],[112.86202,33.365983],[112.863592,33.365947],[112.864161,33.365121],[112.862895,33.364982],[112.862989,33.364552],[112.86433,33.364677],[112.864526,33.365085],[112.864941,33.364818],[112.864542,33.363712],[112.863139,33.363564],[112.863136,33.362912],[112.862176,33.362466],[112.861731,33.362336],[112.861892,33.361648],[112.862176,33.361001],[112.862798,33.360215],[112.862157,33.360255],[112.861524,33.360336],[112.86132,33.360123],[112.861082,33.359666],[112.860781,33.359495],[112.860435,33.359361],[112.860347,33.358929],[112.85995,33.358525],[112.859242,33.358057],[112.859134,33.357896],[112.859006,33.357522],[112.858786,33.357286],[112.857984,33.356843],[112.857504,33.35652],[112.85712,33.356063],[112.856702,33.356395],[112.856447,33.356825],[112.856106,33.357735],[112.854921,33.357387],[112.854382,33.356303],[112.852582,33.35732],[112.852145,33.356558],[112.851321,33.35717],[112.850876,33.357679],[112.851455,33.35795],[112.853083,33.358819],[112.853411,33.359182],[112.851981,33.359847],[112.851088,33.360127],[112.850398,33.360461],[112.85005,33.360781],[112.849559,33.361388],[112.848961,33.362031],[112.848636,33.362298],[112.847676,33.36273],[112.846743,33.362764],[112.845852,33.362712],[112.845096,33.363216],[112.842827,33.364608],[112.842483,33.364614],[112.842084,33.364561],[112.841743,33.364435],[112.841327,33.364054],[112.840678,33.364384],[112.83979,33.364991],[112.839345,33.365378],[112.838911,33.366084],[112.838546,33.366572],[112.838253,33.366897],[112.83791,33.367072],[112.837054,33.367399],[112.835788,33.368001],[112.83467,33.367179],[112.83441,33.367302],[112.834099,33.3675],[112.834037,33.36778],[112.833592,33.368104]]]}},{"type":"Feature","properties":{"regionCode":"411322301","sourceCode":"411322301000","name":"杨集乡","sourceName":"杨集乡","parentCode":"411322","parentName":"方城县","regionLevel":"township","regionType":"township","isManagementZone":false,"source":"ruiduobao","sourceVersion":"mixed-legacy~2018-2020","geometryRepaired":false,"match2020":false,"match2023":false},"geometry":{"type":"Polygon","coordinates":[[[113.037566,33.254612],[113.037576,33.25482],[113.037289,33.255417],[113.036839,33.255807],[113.036667,33.256036],[113.03645,33.256236],[113.036265,33.256314],[113.03575,33.256373],[113.03469,33.256395],[113.034495,33.25631],[113.033864,33.255922],[113.033389,33.255787],[113.032998,33.25572],[113.032553,33.255572],[113.032078,33.255363],[113.031665,33.255235],[113.031335,33.25524],[113.030804,33.255018],[113.031448,33.255709],[113.031367,33.255971],[113.031313,33.256328],[113.031265,33.257063],[113.031284,33.257364],[113.029524,33.257299],[113.029449,33.256823],[113.028355,33.25683],[113.028269,33.255478],[113.027623,33.255451],[113.027494,33.257721],[113.025464,33.257747],[113.025466,33.255796],[113.02505,33.255792],[113.025096,33.25807],[113.024662,33.258082],[113.021456,33.257965],[113.021574,33.260098],[113.020402,33.259356],[113.019815,33.260159],[113.021762,33.26119],[113.021894,33.262312],[113.022167,33.2639],[113.021134,33.263866],[113.021145,33.264148],[113.021792,33.264106],[113.02181,33.264317],[113.019898,33.264429],[113.018095,33.264615],[113.017192,33.264765],[113.01603,33.264662],[113.015043,33.264485],[113.013517,33.264144],[113.01249,33.264806],[113.01205,33.26516],[113.011918,33.265521],[113.011688,33.267468],[113.01172,33.267921],[113.011725,33.270067],[113.012098,33.271836],[113.01216,33.272011],[113.012251,33.272114],[113.012425,33.272164],[113.012439,33.272464],[113.010714,33.272525],[113.008866,33.272727],[113.008973,33.273496],[113.008222,33.273549],[113.007871,33.273184],[113.007511,33.272735],[113.007082,33.272325],[113.008177,33.271998],[113.008013,33.271527],[113.006629,33.271906],[113.005607,33.272074],[113.005551,33.271634],[113.004489,33.271681],[113.004515,33.271258],[113.003609,33.271341],[113.003579,33.271083],[113.004518,33.270959],[113.004502,33.270462],[113.004454,33.270092],[113.004019,33.270118],[113.003936,33.269966],[113.003708,33.268277],[113.002785,33.268558],[113.00274,33.268264],[113.002665,33.268064],[113.002571,33.268315],[113.002187,33.268632],[113.001557,33.268921],[113.001364,33.268854],[113.001055,33.26886],[113.000736,33.269004],[113.000447,33.269011],[112.999596,33.269345],[112.998837,33.269448],[112.998094,33.269719],[112.997421,33.270071],[112.996922,33.270524],[112.996847,33.270966],[112.996885,33.271228],[112.997861,33.272688],[112.997936,33.273144],[112.998505,33.273832],[112.998537,33.273964],[112.998467,33.274516],[112.997096,33.274337],[112.996107,33.274337],[112.995986,33.275119],[112.994548,33.274971],[112.993046,33.274875],[112.992615,33.276003],[112.99288,33.276261],[112.99302,33.276631],[112.993765,33.277359],[112.993604,33.278106],[112.993202,33.27829],[112.992735,33.278326],[112.992322,33.278561],[112.991289,33.2789],[112.989688,33.279142],[112.989511,33.279088],[112.990203,33.278061],[112.989758,33.277974],[112.989173,33.277954],[112.989264,33.276453],[112.989348,33.275873],[112.987274,33.276283],[112.987387,33.275983],[112.986075,33.275604],[112.985139,33.276173],[112.985128,33.274617],[112.985507,33.274662],[112.985515,33.274462],[112.985453,33.273982],[112.985568,33.27381],[112.984214,33.273814],[112.984155,33.273097],[112.983331,33.273052],[112.98269,33.273128],[112.982226,33.273242],[112.982253,33.272758],[112.982226,33.271403],[112.981507,33.271525],[112.980826,33.271798],[112.980582,33.271852],[112.980614,33.271408],[112.980756,33.270657],[112.980936,33.270038],[112.981009,33.269656],[112.980359,33.269533],[112.979794,33.269484],[112.979378,33.269515],[112.979383,33.268966],[112.979225,33.267721],[112.97867,33.267876],[112.978659,33.266938],[112.978815,33.265218],[112.978938,33.264877],[112.977527,33.264754],[112.975668,33.266162],[112.975282,33.264588],[112.973901,33.264581],[112.972656,33.264803],[112.972782,33.265642],[112.971516,33.26568],[112.969408,33.266001],[112.969464,33.266326],[112.968322,33.266418],[112.968059,33.26461],[112.967332,33.264983],[112.965452,33.265727],[112.964553,33.266456],[112.964003,33.26679],[112.963778,33.266894],[112.963566,33.26712],[112.963126,33.267264],[112.962724,33.267223],[112.962711,33.267335],[112.962512,33.26743],[112.962035,33.26738],[112.961793,33.267405],[112.961479,33.267779],[112.961321,33.26808],[112.960801,33.268611],[112.960592,33.269219],[112.960455,33.269511],[112.960329,33.269686],[112.960138,33.269594],[112.960189,33.269235],[112.960106,33.269031],[112.959875,33.268894],[112.959672,33.268863],[112.959197,33.268932],[112.958972,33.269035],[112.958741,33.269251],[112.958548,33.269515],[112.95862,33.269639],[112.957925,33.269719],[112.956882,33.26976],[112.956541,33.269845],[112.956426,33.269827],[112.956077,33.269856],[112.956206,33.271509],[112.95579,33.271538],[112.955262,33.271511],[112.954441,33.271583],[112.954055,33.271581],[112.954203,33.272675],[112.954688,33.272493],[112.955007,33.272854],[112.955453,33.273258],[112.955815,33.273475],[112.955195,33.27387],[112.955216,33.274341],[112.954879,33.274372],[112.955037,33.275817],[112.954519,33.275895],[112.95457,33.27718],[112.95398,33.277252],[112.953977,33.27746],[112.952907,33.277451],[112.952805,33.278404],[112.953666,33.278407],[112.953838,33.278337],[112.95376,33.278662],[112.953811,33.279752],[112.953798,33.280346],[112.95313,33.280427],[112.951944,33.280467],[112.951931,33.281064],[112.951971,33.281104],[112.951992,33.281272],[112.954157,33.281245],[112.954098,33.281992],[112.954109,33.2829],[112.95398,33.283434],[112.953983,33.2836],[112.953908,33.284015],[112.95395,33.284389],[112.954031,33.284575],[112.954034,33.284808],[112.953948,33.285555],[112.954101,33.286777],[112.954229,33.287042],[112.954286,33.287548],[112.95428,33.287844],[112.953975,33.287855],[112.953819,33.286768],[112.953578,33.286759],[112.953572,33.287468],[112.953757,33.289064],[112.953803,33.289216],[112.953476,33.289246],[112.953607,33.290923],[112.952566,33.291003],[112.952017,33.291082],[112.951794,33.291124],[112.951274,33.291407],[112.950861,33.291427],[112.950303,33.289048],[112.949986,33.289033],[112.949887,33.289122],[112.950289,33.291476],[112.949992,33.291514],[112.949616,33.289369],[112.949318,33.289638],[112.949589,33.291541],[112.949565,33.291727],[112.949959,33.292281],[112.950297,33.292835],[112.950788,33.293355],[112.95111,33.293633],[112.950625,33.294026],[112.950812,33.294546],[112.949935,33.295057],[112.949699,33.295158],[112.949318,33.295032],[112.94861,33.29598],[112.948709,33.296391],[112.948213,33.296476],[112.948578,33.297061],[112.947899,33.297496],[112.949184,33.299285],[112.949313,33.299406],[112.949662,33.29957],[112.95026,33.300018],[112.95037,33.300157],[112.9507,33.302058],[112.950726,33.302672],[112.952269,33.302784],[112.952352,33.303204],[112.952521,33.30356],[112.950764,33.303435],[112.950439,33.303363],[112.950405,33.303354],[112.950606,33.302968],[112.950697,33.302883],[112.949935,33.302793],[112.949195,33.302863],[112.949114,33.302493],[112.947146,33.302278],[112.947044,33.302807],[112.94702,33.303242],[112.947175,33.304502],[112.946625,33.304569],[112.946529,33.30501],[112.946153,33.304912],[112.945888,33.304634],[112.944284,33.305544],[112.944305,33.306463],[112.944139,33.306463],[112.943283,33.306615],[112.943184,33.306338],[112.943112,33.306299],[112.942387,33.30666],[112.942272,33.306651],[112.942264,33.306586],[112.942302,33.306497],[112.942648,33.305959],[112.942468,33.305674],[112.942248,33.305533],[112.941776,33.305466],[112.941186,33.305499],[112.94044,33.30569],[112.940786,33.306842],[112.940266,33.307384],[112.939587,33.307183],[112.939389,33.307048],[112.939351,33.306974],[112.939078,33.306833],[112.938552,33.305351],[112.938777,33.305181],[112.937358,33.305441],[112.9376,33.306858],[112.937602,33.307196],[112.93771,33.307355],[112.93775,33.307564],[112.937675,33.307709],[112.937559,33.307763],[112.937036,33.307624],[112.936935,33.30766],[112.936876,33.307741],[112.936827,33.307985],[112.936833,33.308272],[112.936886,33.308498],[112.937042,33.308891],[112.937264,33.309213],[112.937594,33.309556],[112.937702,33.309747],[112.937694,33.309931],[112.937618,33.310045],[112.936994,33.310505],[112.936819,33.310518],[112.936758,33.310756],[112.936575,33.310863],[112.935862,33.31117],[112.935333,33.311287],[112.935929,33.311755],[112.936382,33.312219],[112.936559,33.312495],[112.936704,33.312905],[112.936878,33.31319],[112.936983,33.313257],[112.93723,33.313284],[112.937755,33.313268],[112.937879,33.313298],[112.937959,33.313389],[112.93808,33.313623],[112.938163,33.313679],[112.938863,33.314607],[112.939453,33.314221],[112.939062,33.313593],[112.939713,33.313282],[112.940513,33.314618],[112.940341,33.314602],[112.939711,33.314421],[112.940073,33.314884],[112.940247,33.31516],[112.940336,33.315387],[112.940899,33.3159],[112.940987,33.316028],[112.941025,33.31629],[112.940993,33.316653],[112.940698,33.316987],[112.940116,33.317314],[112.938734,33.317857],[112.937946,33.318112],[112.937997,33.318336],[112.938852,33.320201],[112.937197,33.319504],[112.936843,33.319432],[112.936256,33.319394],[112.936272,33.31915],[112.936154,33.319053],[112.935854,33.31902],[112.935199,33.319015],[112.934314,33.319141],[112.934604,33.320463],[112.934641,33.320981],[112.933405,33.321815],[112.933145,33.322128],[112.932841,33.322279],[112.931723,33.323047],[112.931771,33.323715],[112.931484,33.323796],[112.931683,33.324179],[112.931889,33.324713],[112.93197,33.325035],[112.932085,33.325284],[112.932069,33.326777],[112.931755,33.327592],[112.931736,33.328168],[112.931871,33.328706],[112.932166,33.329643],[112.932125,33.329751],[112.932351,33.329858],[112.932761,33.32999],[112.93297,33.330026],[112.933206,33.330217],[112.933532,33.330349],[112.933579,33.330499],[112.933614,33.330817],[112.933574,33.330963],[112.933442,33.331113],[112.932844,33.331443],[112.932579,33.331862],[112.933807,33.331774],[112.933764,33.332583],[112.93367,33.332738],[112.933601,33.332987],[112.933547,33.333412],[112.933694,33.333484],[112.934153,33.333598],[112.934885,33.333672],[112.935009,33.333675],[112.935156,33.333634],[112.935237,33.33339],[112.935457,33.33205],[112.935923,33.332077],[112.935795,33.3332],[112.938686,33.333372],[112.938753,33.332426],[112.939646,33.332462],[112.939729,33.33304],[112.939815,33.333224],[112.939912,33.333294],[112.940035,33.333323],[112.940384,33.333161],[112.940556,33.333137],[112.941221,33.333135],[112.941269,33.333101],[112.941167,33.332249],[112.941205,33.331768],[112.941457,33.331707],[112.941894,33.331725],[112.942138,33.331667],[112.942283,33.331602],[112.942422,33.331452],[112.942567,33.331366],[112.942688,33.331357],[112.943423,33.331546],[112.94394,33.33157],[112.945292,33.332382],[112.945692,33.332429],[112.946489,33.332424],[112.946676,33.332467],[112.947232,33.332496],[112.947637,33.332646],[112.94773,33.332803],[112.947755,33.332966],[112.947744,33.333271],[112.94769,33.33339],[112.94747,33.333596],[112.947572,33.333822],[112.947975,33.33404],[112.948154,33.334219],[112.948388,33.334701],[112.950185,33.33657],[112.952395,33.33806],[112.95218,33.338302],[112.951823,33.338526],[112.951668,33.338557],[112.951459,33.338504],[112.951131,33.338161],[112.950987,33.338082],[112.95078,33.338029],[112.950464,33.338105],[112.950161,33.338284],[112.950056,33.338466],[112.949908,33.338596],[112.949584,33.338759],[112.949356,33.338799],[112.949219,33.338791],[112.949128,33.338685],[112.948849,33.338613],[112.94824,33.338121],[112.948264,33.338351],[112.948932,33.339008],[112.948948,33.339071],[112.948259,33.339508],[112.947285,33.340014],[112.94692,33.340164],[112.947087,33.340693],[112.946899,33.340785],[112.94662,33.341529],[112.946169,33.341946],[112.946043,33.342156],[112.946089,33.342342],[112.945724,33.342916],[112.945217,33.343333],[112.944525,33.343619],[112.943847,33.344025],[112.943157,33.344619],[112.942605,33.345],[112.942149,33.345468],[112.941561,33.346366],[112.941441,33.346416],[112.940491,33.346026],[112.9397,33.345842],[112.939281,33.34588],[112.938737,33.346035],[112.938021,33.346624],[112.93745,33.346985],[112.936293,33.347628],[112.935918,33.347823],[112.935736,33.347874],[112.935462,33.348036],[112.935478,33.348457],[112.935446,33.349064],[112.935475,33.349295],[112.935803,33.350471],[112.935929,33.351098],[112.935851,33.351401],[112.934217,33.351618],[112.933134,33.351921],[112.930731,33.352989],[112.930291,33.353234],[112.92977,33.353691],[112.929328,33.354172],[112.929199,33.354744],[112.929371,33.355006],[112.929612,33.35527],[112.929961,33.355546],[112.929998,33.355841],[112.929974,33.356534],[112.929685,33.357181],[112.929465,33.357316],[112.9294,33.35739],[112.929424,33.357528],[112.928834,33.35795],[112.928322,33.358425],[112.927858,33.358926],[112.927474,33.359159],[112.927203,33.359251],[112.926753,33.3595],[112.92657,33.359733],[112.926688,33.360223],[112.927488,33.361171],[112.927743,33.361368],[112.927976,33.36178],[112.928413,33.362143],[112.928885,33.362267],[112.929086,33.362692],[112.929212,33.362748],[112.929607,33.362831],[112.930224,33.362836],[112.930714,33.362786],[112.931538,33.362771],[112.931844,33.362789],[112.931913,33.362827],[112.930991,33.363255],[112.930672,33.363167],[112.930352,33.363134],[112.929947,33.363207],[112.92969,33.363367],[112.929022,33.364036],[112.928783,33.364112],[112.928478,33.364285],[112.928201,33.364574],[112.927869,33.365011],[112.927123,33.365154],[112.926546,33.365488],[112.926243,33.365705],[112.926042,33.365793],[112.925602,33.365875],[112.925004,33.365902],[112.924765,33.365949],[112.92446,33.366113],[112.924068,33.366254],[112.923038,33.366366],[112.923073,33.366702],[112.923389,33.367343],[112.923438,33.367531],[112.92336,33.367688],[112.923301,33.368261],[112.923717,33.368732],[112.924022,33.3689],[112.924194,33.369045],[112.924722,33.369233],[112.925229,33.369464],[112.925313,33.369793],[112.92531,33.369957],[112.9252,33.370091],[112.924521,33.370533],[112.924167,33.370846],[112.923794,33.371059],[112.923451,33.371382],[112.923215,33.371742],[112.923129,33.372058],[112.923127,33.37226],[112.92329,33.373599],[112.92332,33.374181],[112.923287,33.374448],[112.923135,33.374768],[112.92285,33.375062],[112.921922,33.375682],[112.9213,33.376007],[112.920798,33.376592],[112.920482,33.377055],[112.92023,33.377494],[112.919999,33.378269],[112.919782,33.37871],[112.919696,33.379042],[112.919744,33.379463],[112.919894,33.380242],[112.920034,33.380775],[112.920214,33.381208],[112.920211,33.381781],[112.919935,33.382453],[112.919632,33.382984],[112.919417,33.383268],[112.919353,33.383559],[112.919098,33.3842],[112.918543,33.384744],[112.918162,33.385008],[112.91759,33.385503],[112.917311,33.385685],[112.917084,33.385801],[112.9164,33.386034],[112.915997,33.386045],[112.915678,33.386092],[112.915812,33.386585],[112.915842,33.386905],[112.91586,33.387618],[112.915799,33.388213],[112.915396,33.389284],[112.915069,33.389736],[112.915053,33.389877],[112.915514,33.390896],[112.915522,33.391064],[112.915442,33.391346],[112.915426,33.39192],[112.916072,33.392029],[112.916794,33.392294],[112.917086,33.392459],[112.917183,33.3926],[112.917067,33.392892],[112.917049,33.393232],[112.917113,33.3937],[112.917231,33.394076],[112.917475,33.394652],[112.917494,33.394835],[112.917397,33.394967],[112.917218,33.395115],[112.9171,33.395317],[112.91699,33.395633],[112.916864,33.395789],[112.915995,33.396591],[112.915139,33.397491],[112.914699,33.39817],[112.914482,33.398662],[112.914399,33.398998],[112.914087,33.399251],[112.913733,33.399457],[112.91317,33.400006],[112.912803,33.400089],[112.912559,33.400248],[112.912256,33.400716],[112.912151,33.400525],[112.912304,33.399961],[112.911247,33.400375],[112.911049,33.400785],[112.910633,33.401858],[112.910753,33.402292],[112.911014,33.403618],[112.912339,33.405819],[112.913476,33.407135],[112.913795,33.407274],[112.914262,33.407646],[112.914879,33.408622],[112.915844,33.409775],[112.916558,33.410306],[112.917191,33.410653],[112.917974,33.410836],[112.918435,33.410801],[112.91861,33.411853],[112.918902,33.412578],[112.919058,33.412804],[112.919959,33.413313],[112.920737,33.413483],[112.921836,33.413563],[112.922099,33.413626],[112.922807,33.41432],[112.922874,33.414911],[112.922713,33.416729],[112.922625,33.417031],[112.922646,33.417772],[112.922671,33.417936],[112.923124,33.418634],[112.922987,33.419129],[112.923049,33.419774],[112.922995,33.419875],[112.92281,33.420049],[112.922657,33.420392],[112.922657,33.420595],[112.922713,33.420889],[112.922732,33.420707],[112.922799,33.420535],[112.923051,33.42017],[112.923397,33.420065],[112.92369,33.420047],[112.924017,33.420087],[112.924384,33.420018],[112.924899,33.419807],[112.92527,33.419837],[112.925669,33.420004],[112.926023,33.420222],[112.926345,33.419886],[112.926707,33.419776],[112.927069,33.419767],[112.927233,33.419649],[112.927493,33.41931],[112.927775,33.419102],[112.928354,33.418939],[112.928936,33.418845],[112.929105,33.418847],[112.92947,33.419129],[112.929741,33.419122],[112.929947,33.418977],[112.930229,33.418858],[112.930607,33.4188],[112.931299,33.418751],[112.931492,33.41867],[112.931836,33.418422],[112.932428,33.418243],[112.933021,33.418119],[112.933732,33.417873],[112.934035,33.417813],[112.934271,33.417667],[112.934421,33.417472],[112.934663,33.417365],[112.93496,33.417387],[112.935116,33.417484],[112.935306,33.417725],[112.935548,33.417795],[112.936047,33.417683],[112.936277,33.417723],[112.936642,33.417884],[112.937364,33.418283],[112.938013,33.418529],[112.938367,33.418379],[112.938737,33.418269],[112.939544,33.41833],[112.939834,33.418554],[112.940952,33.419013],[112.942138,33.419449],[112.942189,33.419541],[112.942066,33.420251],[112.941937,33.420609],[112.941872,33.421014],[112.941618,33.42154],[112.940939,33.422075],[112.940491,33.422292],[112.940454,33.42233],[112.940459,33.422413],[112.940497,33.422442],[112.941315,33.422494],[112.942039,33.422579],[112.942401,33.422669],[112.942487,33.422738],[112.942736,33.423168],[112.942752,33.423649],[112.942723,33.424583],[112.942744,33.424663],[112.943085,33.424851],[112.943608,33.424979],[112.944069,33.42497],[112.944539,33.424665],[112.944976,33.424527],[112.945062,33.424531],[112.945102,33.424567],[112.945252,33.424813],[112.945496,33.424874],[112.945611,33.424847],[112.945807,33.424674],[112.946191,33.424433],[112.946843,33.424267],[112.947256,33.424206],[112.947679,33.424209],[112.947744,33.424233],[112.947918,33.42439],[112.948455,33.424762],[112.948653,33.424862],[112.948755,33.425066],[112.94908,33.425131],[112.949485,33.424853],[112.949927,33.424941],[112.950171,33.424909],[112.950842,33.424679],[112.951351,33.424403],[112.951681,33.424045],[112.952003,33.422964],[112.952073,33.422454],[112.952427,33.422035],[112.95298,33.421473],[112.953237,33.421278],[112.953516,33.420526],[112.953803,33.420161],[112.954254,33.419866],[112.954817,33.419237],[112.955187,33.418733],[112.955745,33.41833],[112.956625,33.41756],[112.956753,33.417289],[112.956753,33.416729],[112.957196,33.415173],[112.957494,33.413893],[112.957912,33.413102],[112.958593,33.412455],[112.958969,33.412231],[112.959095,33.412482],[112.959114,33.412849],[112.959049,33.412977],[112.958762,33.413212],[112.958698,33.413362],[112.958682,33.413534],[112.958929,33.41439],[112.958937,33.414763],[112.959065,33.415379],[112.9592,33.415632],[112.959374,33.415726],[112.959505,33.416127],[112.959634,33.416203],[112.959918,33.416243],[112.960018,33.416344],[112.960197,33.416729],[112.960211,33.416996],[112.960085,33.417394],[112.960192,33.417636],[112.960546,33.417665],[112.961021,33.417622],[112.961466,33.417479],[112.962311,33.416729],[112.962756,33.416427],[112.963175,33.416216],[112.963711,33.416073],[112.964438,33.415563],[112.964583,33.415516],[112.9652,33.415449],[112.965758,33.415157],[112.965886,33.415126],[112.966391,33.41524],[112.967549,33.415014],[112.967713,33.414898],[112.96808,33.414403],[112.968214,33.414081],[112.968367,33.413866],[112.968767,33.413664],[112.968815,33.413606],[112.96881,33.413048],[112.969231,33.412993],[112.969802,33.412979],[112.970143,33.412883],[112.970835,33.412605],[112.97083,33.412473],[112.970695,33.41209],[112.971025,33.411672],[112.971312,33.411175],[112.972412,33.410769],[112.972804,33.41057],[112.973807,33.409822],[112.973855,33.409764],[112.973608,33.408871],[112.973611,33.408644],[112.973705,33.40849],[112.973895,33.408304],[112.974424,33.408026],[112.974789,33.407632],[112.975121,33.407411],[112.975639,33.407462],[112.976693,33.407444],[112.976983,33.407559],[112.977248,33.407594],[112.978112,33.407594],[112.977806,33.406486],[112.977516,33.405637],[112.977492,33.405362],[112.977589,33.405057],[112.977774,33.404791],[112.978345,33.404361],[112.978383,33.404238],[112.978377,33.403963],[112.978621,33.403309],[112.978654,33.402995],[112.978482,33.402704],[112.978283,33.402503],[112.978302,33.402442],[112.97868,33.402162],[112.979195,33.401862],[112.979391,33.401526],[112.979458,33.401152],[112.979418,33.401058],[112.979238,33.40113],[112.979238,33.401058],[112.979965,33.400263],[112.979941,33.400223],[112.979195,33.39995],[112.979091,33.39984],[112.979077,33.399567],[112.979037,33.39952],[112.978965,33.399504],[112.978729,33.399531],[112.977763,33.399829],[112.977747,33.399809],[112.97787,33.398206],[112.978037,33.397214],[112.978782,33.396905],[112.979904,33.39632],[112.980019,33.396186],[112.981105,33.395942],[112.981304,33.395787],[112.981867,33.395516],[112.982379,33.395312],[112.9835,33.394952],[112.984155,33.395579],[112.984662,33.395341],[112.984847,33.395391],[112.984984,33.395368],[112.985225,33.395212],[112.985676,33.394679],[112.98585,33.394329],[112.986027,33.393689],[112.986405,33.393673],[112.987296,33.393716],[112.987352,33.393821],[112.987811,33.394036],[112.988229,33.394215],[112.988543,33.394253],[112.988892,33.39422],[112.989533,33.394076],[112.990437,33.394092],[112.990656,33.394049],[112.991448,33.393678],[112.991807,33.393628],[112.99207,33.393648],[112.992349,33.393843],[112.992829,33.39383],[112.993524,33.393678],[112.994398,33.393579],[112.99457,33.393176],[112.994868,33.39286],[112.994975,33.392694],[112.995235,33.391861],[112.995348,33.391629],[112.99575,33.391261],[112.996182,33.391044],[112.996616,33.390889],[112.997424,33.390966],[112.997864,33.391066],[112.998073,33.391069],[112.998303,33.391008],[112.999637,33.390253],[113.000355,33.389882],[113.000243,33.390522],[113.000385,33.391026],[113.000318,33.391315],[112.999891,33.391902],[112.999744,33.391971],[112.999175,33.392063],[112.999395,33.392188],[112.999559,33.392446],[112.99962,33.392665],[112.999529,33.393286],[112.999492,33.393973],[112.999556,33.394703],[112.999476,33.395373],[112.999642,33.395346],[113.001238,33.394779],[113.001772,33.395021],[113.002265,33.395303],[113.003477,33.395677],[113.00492,33.395879],[113.005503,33.396136],[113.006803,33.396864],[113.00782,33.397252],[113.008254,33.397545],[113.008756,33.398022],[113.008995,33.398049],[113.010245,33.397919],[113.011119,33.397637],[113.011393,33.397587],[113.011572,33.397641],[113.011749,33.397767],[113.012106,33.398313],[113.012221,33.398629],[113.012248,33.399021],[113.012205,33.400192],[113.012232,33.400331],[113.01235,33.400496],[113.013069,33.400942],[113.013305,33.401246],[113.013608,33.401549],[113.013887,33.402068],[113.014255,33.402953],[113.014402,33.40308],[113.014912,33.403338],[113.015314,33.403465],[113.015706,33.403508],[113.015918,33.403497],[113.016854,33.4031],[113.017232,33.402838],[113.017623,33.402729],[113.017685,33.402628],[113.017672,33.402438],[113.017393,33.401956],[113.017178,33.400884],[113.017141,33.400548],[113.017202,33.400322],[113.017296,33.400134],[113.017825,33.39976],[113.017977,33.399545],[113.01798,33.399305],[113.017878,33.399041],[113.017551,33.398685],[113.017508,33.398597],[113.01754,33.398396],[113.017771,33.397968],[113.017908,33.39778],[113.018074,33.397717],[113.018554,33.397697],[113.018919,33.397536],[113.019697,33.396571],[113.019831,33.395948],[113.019968,33.395736],[113.0203,33.395637],[113.020767,33.395601],[113.021067,33.395668],[113.021588,33.396101],[113.021826,33.396215],[113.021977,33.396356],[113.022215,33.396508],[113.022189,33.396331],[113.021805,33.395635],[113.021719,33.39527],[113.021663,33.394759],[113.021682,33.394437],[113.021743,33.394262],[113.021958,33.394099],[113.022336,33.393687],[113.022867,33.3934],[113.023613,33.393185],[113.023701,33.393122],[113.023674,33.393035],[113.023691,33.392782],[113.023798,33.392656],[113.02457,33.392247],[113.02475,33.392235],[113.025018,33.392338],[113.025292,33.392303],[113.025863,33.392081],[113.026137,33.391868],[113.026351,33.391579],[113.026654,33.391268],[113.027081,33.390919],[113.027459,33.390542],[113.027703,33.390444],[113.028095,33.390372],[113.028395,33.390374],[113.028516,33.390323],[113.028607,33.390124],[113.028604,33.389595],[113.028637,33.389394],[113.028835,33.389194],[113.029337,33.388796],[113.029806,33.388345],[113.030082,33.38783],[113.030222,33.387479],[113.030348,33.387038],[113.030916,33.385958],[113.031643,33.386034],[113.033145,33.386083],[113.033808,33.386139],[113.034663,33.386133],[113.03495,33.386086],[113.035192,33.385911],[113.0355,33.385396],[113.035879,33.385058],[113.037016,33.38411],[113.037485,33.383848],[113.037818,33.383864],[113.038,33.383797],[113.039121,33.383819],[113.039695,33.383723],[113.040677,33.383302],[113.040991,33.383277],[113.041216,33.383304],[113.04168,33.383548],[113.042396,33.384133],[113.042547,33.38411],[113.043914,33.384195],[113.044258,33.384274],[113.044486,33.384225],[113.044802,33.384014],[113.04506,33.38394],[113.045344,33.383929],[113.045631,33.384007],[113.046087,33.384352],[113.046312,33.384393],[113.04675,33.384395],[113.047063,33.384525],[113.047315,33.384702],[113.047691,33.384818],[113.048472,33.384964],[113.048667,33.384928],[113.049137,33.384527],[113.049292,33.384238],[113.049341,33.383824],[113.049866,33.383826],[113.050271,33.383918],[113.050467,33.384021],[113.050644,33.384263],[113.050808,33.384325],[113.051049,33.38429],[113.051881,33.383842],[113.052803,33.383282],[113.05301,33.383141],[113.053104,33.383015],[113.053061,33.382838],[113.052927,33.382572],[113.052811,33.382245],[113.052768,33.382005],[113.052798,33.381929],[113.054083,33.38127],[113.05449,33.381185],[113.054582,33.381111],[113.0546,33.380845],[113.054662,33.380646],[113.055145,33.380435],[113.056955,33.379906],[113.057379,33.379682],[113.058313,33.378948],[113.05839,33.378722],[113.058873,33.378486],[113.060737,33.377241],[113.061284,33.376665],[113.061872,33.376504],[113.062022,33.376493],[113.062368,33.37656],[113.062757,33.376726],[113.063028,33.376715],[113.063465,33.376618],[113.063736,33.376515],[113.063996,33.376291],[113.064254,33.375996],[113.06471,33.37574],[113.064962,33.37564],[113.066008,33.375357],[113.06688,33.375059],[113.06843,33.374197],[113.06928,33.373608],[113.071984,33.372058],[113.072491,33.371677],[113.07358,33.370503],[113.075071,33.369177],[113.075854,33.368203],[113.076527,33.367477],[113.076721,33.367435],[113.076914,33.367291],[113.077166,33.366872],[113.077378,33.366093],[113.077587,33.36564],[113.077721,33.36521],[113.077104,33.364749],[113.076372,33.364258],[113.075892,33.364025],[113.074411,33.36319],[113.074599,33.363013],[113.074317,33.362943],[113.073738,33.362484],[113.073421,33.361671],[113.07326,33.361431],[113.072861,33.361111],[113.072681,33.360898],[113.072375,33.360624],[113.071944,33.360351],[113.071536,33.360217],[113.070645,33.359814],[113.070474,33.359769],[113.070079,33.359816],[113.069921,33.359753],[113.069811,33.359592],[113.068776,33.359448],[113.068121,33.359641],[113.067553,33.359672],[113.066944,33.359641],[113.065925,33.359415],[113.065447,33.359124],[113.065013,33.358734],[113.064683,33.358507],[113.063736,33.358281],[113.063006,33.357947],[113.062827,33.357118],[113.062735,33.35685],[113.062719,33.35667],[113.063698,33.356177],[113.063661,33.354665],[113.062805,33.354959],[113.062258,33.354912],[113.061545,33.354941],[113.061461,33.354912],[113.061451,33.355391],[113.060024,33.355523],[113.059959,33.355414],[113.059096,33.355503],[113.059064,33.355308],[113.057814,33.355387],[113.058251,33.356175],[113.05794,33.35644],[113.057698,33.35687],[113.056411,33.357943],[113.05585,33.358669],[113.055695,33.358747],[113.055909,33.357607],[113.056046,33.357116],[113.056172,33.355909],[113.056113,33.355532],[113.055976,33.355145],[113.055907,33.354766],[113.055689,33.354054],[113.055437,33.353491],[113.054823,33.352311],[113.054485,33.351795],[113.053825,33.35111],[113.053613,33.350839],[113.05294,33.349761],[113.052731,33.349246],[113.052063,33.348327],[113.0518,33.347803],[113.051347,33.347016],[113.051178,33.346673],[113.05103,33.34627],[113.05091,33.345683],[113.050845,33.344612],[113.050735,33.343678],[113.050695,33.342434],[113.050776,33.342105],[113.050607,33.342019],[113.050384,33.340305],[113.050175,33.338992],[113.050188,33.338667],[113.050159,33.338264],[113.049901,33.33678],[113.049788,33.335028],[113.049129,33.334887],[113.049083,33.334573],[113.049078,33.333923],[113.049898,33.333865],[113.049762,33.333049],[113.049547,33.332447],[113.049209,33.331909],[113.048791,33.331954],[113.048388,33.331906],[113.048244,33.331548],[113.048225,33.330844],[113.048434,33.33075],[113.050531,33.330553],[113.050438,33.329804],[113.050478,33.329488],[113.050309,33.328245],[113.049214,33.328352],[113.048445,33.323718],[113.049244,33.323567],[113.048812,33.322765],[113.04878,33.322503],[113.046994,33.322583],[113.045583,33.322489],[113.045677,33.321949],[113.04562,33.321626],[113.044824,33.321725],[113.044682,33.321165],[113.047927,33.320806],[113.048131,33.32064],[113.047954,33.320407],[113.047924,33.320223],[113.047184,33.32032],[113.046741,33.318563],[113.046481,33.317792],[113.046162,33.317274],[113.046044,33.317162],[113.046991,33.317135],[113.046725,33.316229],[113.047932,33.315996],[113.047501,33.31412],[113.050569,33.314022],[113.050475,33.312811],[113.049072,33.312854],[113.049037,33.312603],[113.050462,33.312603],[113.050435,33.31208],[113.050349,33.311625],[113.050298,33.310076],[113.05246,33.31005],[113.05253,33.30996],[113.052642,33.309915],[113.052645,33.309785],[113.052583,33.309657],[113.052597,33.309126],[113.052535,33.308927],[113.050175,33.309081],[113.047922,33.309005],[113.0479,33.30879],[113.05014,33.30877],[113.05007,33.307947],[113.052438,33.307801],[113.052463,33.307501],[113.052449,33.307387],[113.052366,33.30729],[113.052369,33.307214],[113.05246,33.307127],[113.05265,33.307026],[113.052602,33.306716],[113.05139,33.306835],[113.051293,33.305932],[113.052597,33.305777],[113.052543,33.305398],[113.052996,33.305409],[113.053318,33.305353],[113.05356,33.30508],[113.053552,33.304907],[113.053364,33.304398],[113.05254,33.303905],[113.053444,33.30406],[113.054037,33.304071],[113.054726,33.304049],[113.054879,33.304004],[113.054952,33.303892],[113.054922,33.303585],[113.054973,33.302567],[113.054946,33.30222],[113.054343,33.301942],[113.05411,33.301892],[113.053804,33.301675],[113.053876,33.301475],[113.053935,33.301105],[113.053924,33.300653],[113.053978,33.30031],[113.054783,33.300298],[113.055437,33.300236],[113.055518,33.299312],[113.05592,33.299224],[113.056059,33.29911],[113.056132,33.298906],[113.056081,33.298738],[113.055976,33.298565],[113.05526,33.29855],[113.055121,33.298137],[113.055225,33.297915],[113.056322,33.297911],[113.056344,33.297622],[113.056274,33.296902],[113.056164,33.296736],[113.055432,33.296705],[113.05522,33.29664],[113.055207,33.296543],[113.055722,33.295898],[113.055703,33.295772],[113.05559,33.295682],[113.055333,33.295568],[113.055239,33.2954],[113.055094,33.295297],[113.054686,33.295229],[113.054211,33.295232],[113.053951,33.295158],[113.053806,33.29499],[113.05367,33.294763],[113.053436,33.294732],[113.053393,33.29468],[113.054249,33.294026],[113.054311,33.293889],[113.054244,33.293828],[113.054018,33.293842],[113.053522,33.294012],[113.053227,33.294032],[113.053157,33.29401],[113.053879,33.293732],[113.054045,33.293631],[113.054021,33.293505],[113.053863,33.293434],[113.052964,33.293297],[113.052857,33.29299],[113.052666,33.292801],[113.052632,33.292703],[113.052661,33.292521],[113.05279,33.292292],[113.052932,33.29212],[113.053101,33.291727],[113.053694,33.291568],[113.053804,33.291454],[113.054085,33.29142],[113.054327,33.29134],[113.054501,33.29123],[113.055231,33.291162],[113.054788,33.290651],[113.054477,33.290427],[113.054308,33.290187],[113.054488,33.290189],[113.055649,33.289958],[113.055998,33.289813],[113.056051,33.289714],[113.056046,33.289557],[113.056,33.289456],[113.055866,33.289299],[113.055834,33.28918],[113.05584,33.2891],[113.055917,33.288992],[113.05603,33.288941],[113.056456,33.288909],[113.056676,33.288831],[113.057038,33.288649],[113.057237,33.288497],[113.057449,33.288275],[113.057548,33.288082],[113.057553,33.287985],[113.057473,33.287669],[113.057194,33.28703],[113.057393,33.28701],[113.057548,33.286941],[113.05765,33.28682],[113.057827,33.285786],[113.058693,33.286463],[113.059364,33.285976],[113.058959,33.285427],[113.058586,33.28462],[113.058307,33.28436],[113.058136,33.284138],[113.058103,33.283916],[113.058138,33.28349],[113.059506,33.283447],[113.059463,33.283122],[113.059627,33.280698],[113.058524,33.280707],[113.056971,33.280496],[113.056368,33.280496],[113.056489,33.279389],[113.055687,33.279304],[113.055687,33.278088],[113.055131,33.278095],[113.054627,33.278185],[113.054429,33.278122],[113.054249,33.278133],[113.05426,33.277633],[113.054372,33.276624],[113.054348,33.276045],[113.054319,33.276021],[113.053847,33.275983],[113.053678,33.275933],[113.053549,33.275837],[113.053434,33.275693],[113.053364,33.27566],[113.052983,33.275583],[113.052023,33.27557],[113.052007,33.274233],[113.051323,33.274195],[113.051288,33.273381],[113.050993,33.27339],[113.051022,33.272776],[113.051057,33.272599],[113.048981,33.271148],[113.048984,33.271036],[113.048174,33.270495],[113.04716,33.269881],[113.046819,33.26958],[113.046256,33.269199],[113.046135,33.269659],[113.045985,33.270026],[113.043898,33.269881],[113.043933,33.271332],[113.042774,33.271345],[113.042718,33.269863],[113.041769,33.269874],[113.041753,33.269506],[113.041841,33.268676],[113.042249,33.268741],[113.042431,33.268728],[113.042356,33.2676],[113.042198,33.267593],[113.042233,33.268042],[113.041817,33.268057],[113.041812,33.267909],[113.041441,33.267883],[113.041447,33.267584],[113.040908,33.26762],[113.040945,33.267883],[113.040387,33.26793],[113.040304,33.267708],[113.040151,33.267809],[113.039988,33.267865],[113.039725,33.267862],[113.039545,33.267739],[113.039473,33.26762],[113.039494,33.2674],[113.039331,33.26721],[113.039325,33.267134],[113.039363,33.267042],[113.039505,33.266916],[113.039553,33.266813],[113.039532,33.266752],[113.03917,33.266651],[113.039655,33.266364],[113.039778,33.2664],[113.039666,33.266124],[113.039494,33.265808],[113.03914,33.265001],[113.038995,33.264761],[113.0387,33.264411],[113.03825,33.263958],[113.037525,33.263379],[113.037423,33.263016],[113.037429,33.262601],[113.03782,33.261816],[113.038107,33.260289],[113.038185,33.259804],[113.038183,33.259418],[113.038124,33.258903],[113.03815,33.258631],[113.038314,33.258171],[113.038491,33.257288],[113.038502,33.256619],[113.037772,33.254161],[113.037627,33.254428],[113.037566,33.254612]]]}},{"type":"Feature","properties":{"regionCode":"411322303","sourceCode":"411322303000","name":"古庄店乡","sourceName":"古庄店乡","parentCode":"411322","parentName":"方城县","regionLevel":"township","regionType":"township","isManagementZone":false,"source":"ruiduobao","sourceVersion":"mixed-legacy~2018-2020","geometryRepaired":false,"match2020":false,"match2023":false},"geometry":{"type":"Polygon","coordinates":[[[113.190376,33.155656],[113.189902,33.155704],[113.189773,33.155739],[113.18969,33.155847],[113.189537,33.155933],[113.188735,33.156072],[113.188507,33.156222],[113.188386,33.156364],[113.188351,33.156566],[113.188394,33.15693],[113.188507,33.157116],[113.188936,33.157509],[113.189116,33.157839],[113.189137,33.15798],[113.189059,33.158185],[113.18907,33.158295],[113.189301,33.158537],[113.18932,33.158625],[113.189121,33.159025],[113.189121,33.159092],[113.189159,33.159141],[113.189639,33.159359],[113.189762,33.159492],[113.189861,33.159983],[113.189813,33.160352],[113.189714,33.160576],[113.189601,33.160653],[113.189226,33.160787],[113.188735,33.161066],[113.188483,33.161234],[113.18829,33.16142],[113.187952,33.161611],[113.187584,33.161955],[113.18716,33.162233],[113.186871,33.162467],[113.186603,33.162736],[113.186192,33.163001],[113.185425,33.163632],[113.184867,33.164137],[113.184272,33.165098],[113.184132,33.165287],[113.183977,33.165388],[113.182595,33.165707],[113.1817,33.16596],[113.180616,33.166389],[113.17994,33.166724],[113.17917,33.166825],[113.1785,33.167056],[113.177475,33.167653],[113.176772,33.168123],[113.175643,33.168816],[113.174798,33.169402],[113.174415,33.169757],[113.174184,33.169883],[113.173835,33.169979],[113.173548,33.170013],[113.171912,33.170103],[113.170448,33.170229],[113.168879,33.170172],[113.168125,33.170193],[113.166998,33.170159],[113.165727,33.17063],[113.164963,33.171014],[113.163442,33.171677],[113.163176,33.171834],[113.162935,33.17207],[113.162299,33.172914],[113.162079,33.173089],[113.161647,33.173199],[113.161191,33.173262],[113.16103,33.173257],[113.16073,33.173172],[113.160623,33.17317],[113.160108,33.173257],[113.159523,33.173502],[113.158751,33.173711],[113.158359,33.173717],[113.158061,33.173585],[113.157876,33.173464],[113.157769,33.173453],[113.157171,33.173693],[113.156691,33.173937],[113.15624,33.174012],[113.156146,33.174054],[113.155636,33.174521],[113.155033,33.17493],[113.154556,33.175381],[113.153091,33.176416],[113.151275,33.177372],[113.150986,33.177806],[113.150865,33.178044],[113.150551,33.178807],[113.150141,33.17968],[113.149776,33.180354],[113.149475,33.181067],[113.149416,33.181139],[113.148834,33.18135],[113.148488,33.18142],[113.148338,33.181581],[113.148274,33.181815],[113.148126,33.182006],[113.147614,33.182309],[113.147306,33.182446],[113.14722,33.182459],[113.14686,33.182392],[113.145997,33.182533],[113.144806,33.183097],[113.144599,33.183146],[113.14431,33.183086],[113.143934,33.182886],[113.143701,33.182697],[113.14354,33.182527],[113.143371,33.182248],[113.143086,33.181914],[113.142966,33.182556],[113.142762,33.182955],[113.14262,33.183074],[113.141195,33.18386],[113.140584,33.184318],[113.140115,33.184798],[113.139608,33.185467],[113.139401,33.185842],[113.139305,33.185936],[113.139213,33.185966],[113.139114,33.185939],[113.138975,33.185833],[113.138731,33.18555],[113.13868,33.18553],[113.138468,33.185723],[113.138165,33.185921],[113.137089,33.186605],[113.136408,33.186994],[113.136268,33.187225],[113.136217,33.187391],[113.136118,33.188053],[113.136043,33.188233],[113.135944,33.188356],[113.13571,33.188513],[113.135603,33.188468],[113.135335,33.188141],[113.135139,33.187966],[113.134986,33.187883],[113.134796,33.187813],[113.134329,33.187813],[113.133975,33.187672],[113.133774,33.187629],[113.133492,33.187476],[113.133369,33.187272],[113.133181,33.187171],[113.132057,33.187104],[113.131617,33.18758],[113.13151,33.187649],[113.130842,33.187714],[113.130421,33.187638],[113.13026,33.187719],[113.12986,33.187835],[113.129702,33.187961],[113.129777,33.188394],[113.129807,33.188457],[113.129852,33.188475],[113.130145,33.188475],[113.130424,33.188419],[113.130992,33.188502],[113.131161,33.188498],[113.131518,33.188367],[113.131918,33.18806],[113.132119,33.187966],[113.132564,33.18793],[113.132889,33.187981],[113.133398,33.188199],[113.134122,33.188601],[113.134458,33.188603],[113.134755,33.18867],[113.135075,33.188839],[113.135284,33.189],[113.135531,33.189301],[113.135694,33.189597],[113.135901,33.190152],[113.136021,33.190325],[113.136105,33.19037],[113.136547,33.190372],[113.136687,33.19045],[113.137207,33.191072],[113.137502,33.191337],[113.137636,33.191532],[113.137424,33.191532],[113.13696,33.191638],[113.136072,33.191874],[113.135705,33.191932],[113.134785,33.19219],[113.133535,33.192242],[113.133141,33.192293],[113.132803,33.192367],[113.132376,33.192551],[113.132191,33.192587],[113.131722,33.192515],[113.131395,33.192405],[113.130869,33.192161],[113.130475,33.192035],[113.130225,33.192024],[113.129965,33.192064],[113.128114,33.192592],[113.127066,33.19278],[113.12662,33.192949],[113.126234,33.192518],[113.124579,33.192096],[113.12437,33.192015],[113.124196,33.191878],[113.124027,33.191593],[113.123946,33.191346],[113.123828,33.191229],[113.123614,33.191149],[113.123276,33.191077],[113.122914,33.191054],[113.122417,33.191086],[113.122042,33.191173],[113.121406,33.191342],[113.121154,33.191443],[113.120642,33.19168],[113.120296,33.191887],[113.119936,33.192033],[113.11904,33.192085],[113.118917,33.192132],[113.118434,33.192502],[113.117723,33.192827],[113.117029,33.193009],[113.115985,33.19311],[113.115816,33.193171],[113.115234,33.19351],[113.114019,33.193941],[113.113335,33.194264],[113.113134,33.194394],[113.112702,33.194785],[113.112252,33.195005],[113.111855,33.195097],[113.111624,33.195193],[113.11105,33.195629],[113.110586,33.196028],[113.110404,33.196239],[113.109835,33.197224],[113.109714,33.197352],[113.109411,33.197435],[113.109001,33.197462],[113.108572,33.197543],[113.107603,33.198223],[113.107408,33.198329],[113.107134,33.198421],[113.106724,33.198468],[113.106018,33.198468],[113.104388,33.19878],[113.104143,33.198773],[113.103779,33.198726],[113.103567,33.198652],[113.103269,33.198495],[113.102808,33.198149],[113.102108,33.197795],[113.101587,33.197907],[113.100246,33.198322],[113.099543,33.198847],[113.099112,33.199067],[113.098803,33.199267],[113.097948,33.200005],[113.097607,33.200185],[113.097226,33.200337],[113.096671,33.200456],[113.096314,33.200602],[113.096212,33.200723],[113.096126,33.201006],[113.096046,33.201098],[113.095917,33.201125],[113.095381,33.200869],[113.095158,33.200804],[113.094882,33.20084],[113.094555,33.201013],[113.09386,33.201287],[113.093672,33.201401],[113.093283,33.20187],[113.093103,33.202018],[113.092693,33.20225],[113.091929,33.202802],[113.091486,33.202966],[113.090985,33.203093],[113.090606,33.203134],[113.090191,33.203125],[113.089474,33.203031],[113.089488,33.20361],[113.08945,33.204157],[113.089214,33.204985],[113.088984,33.20547],[113.088646,33.206027],[113.088171,33.206554],[113.088131,33.206819],[113.088093,33.206915],[113.087913,33.20712],[113.087774,33.207634],[113.088163,33.20795],[113.088174,33.208224],[113.088131,33.208361],[113.088434,33.208744],[113.088825,33.209126],[113.088866,33.209213],[113.088938,33.209947],[113.08934,33.210459],[113.089383,33.210535],[113.089383,33.210668],[113.089319,33.210818],[113.089254,33.21089],[113.089069,33.211067],[113.088753,33.211262],[113.08831,33.211805],[113.088157,33.212012],[113.087825,33.212611],[113.087471,33.21308],[113.087415,33.213363],[113.087294,33.21343],[113.087272,33.213504],[113.087339,33.213767],[113.087463,33.21404],[113.087592,33.214224],[113.087734,33.214352],[113.088251,33.214673],[113.088509,33.214967],[113.088707,33.214978],[113.08889,33.214864],[113.089126,33.214828],[113.089075,33.21523],[113.088968,33.21549],[113.088825,33.215714],[113.088662,33.215921],[113.088385,33.216163],[113.087626,33.216744],[113.087487,33.21689],[113.087294,33.217216],[113.087246,33.218172],[113.087122,33.218432],[113.087122,33.218535],[113.087318,33.218957],[113.087321,33.219125],[113.087103,33.219846],[113.087071,33.220128],[113.087071,33.220308],[113.087157,33.220674],[113.087294,33.220864],[113.087543,33.221044],[113.087763,33.221129],[113.087943,33.22075],[113.088168,33.219884],[113.08841,33.219374],[113.08863,33.219653],[113.088332,33.220487],[113.088098,33.221293],[113.087372,33.22141],[113.086285,33.221674],[113.0858,33.221681],[113.085202,33.221558],[113.084464,33.221268],[113.084185,33.22112],[113.084051,33.221605],[113.083877,33.222644],[113.082595,33.222307],[113.083737,33.223104],[113.083415,33.223873],[113.083236,33.224721],[113.084942,33.225098],[113.085446,33.225141],[113.085491,33.225475],[113.085288,33.225543],[113.085288,33.226009],[113.085204,33.226283],[113.084601,33.226319],[113.084649,33.226642],[113.084196,33.226653],[113.08323,33.226772],[113.082986,33.226745],[113.082688,33.226781],[113.081948,33.22694],[113.081594,33.227093],[113.081672,33.227156],[113.081962,33.228094],[113.082047,33.228495],[113.080781,33.228502],[113.080634,33.228688],[113.080451,33.228722],[113.079918,33.228931],[113.079947,33.229509],[113.078408,33.229624],[113.078456,33.231001],[113.078512,33.231643],[113.078394,33.231793],[113.078539,33.231908],[113.079481,33.233402],[113.07962,33.233561],[113.079883,33.23368],[113.080175,33.233765],[113.08073,33.233871],[113.081591,33.233905],[113.082031,33.234714],[113.082353,33.235085],[113.082377,33.235233],[113.082482,33.235394],[113.082372,33.235652],[113.082326,33.236527],[113.082206,33.236834],[113.082471,33.236998],[113.082554,33.237124],[113.082544,33.237285],[113.082482,33.23751],[113.08227,33.237893],[113.081929,33.238647],[113.081618,33.239004],[113.081685,33.240819],[113.08046,33.24107],[113.080379,33.240626],[113.080288,33.239448],[113.079566,33.239248],[113.079749,33.241023],[113.079824,33.241312],[113.079518,33.241528],[113.078158,33.241902],[113.078443,33.243971],[113.078542,33.244424],[113.078764,33.246526],[113.080433,33.246413],[113.080561,33.247095],[113.077737,33.247214],[113.077394,33.247851],[113.071935,33.248008],[113.07196,33.248614],[113.071117,33.24863],[113.071107,33.249323],[113.071045,33.249464],[113.070946,33.249552],[113.070694,33.249675],[113.070372,33.249789],[113.070275,33.249637],[113.070168,33.2488],[113.070079,33.247649],[113.069607,33.247652],[113.069605,33.248513],[113.06969,33.249623],[113.069492,33.249599],[113.069395,33.248524],[113.069291,33.248529],[113.069261,33.248325],[113.069428,33.248316],[113.069398,33.247649],[113.068706,33.247654],[113.068829,33.248123],[113.06888,33.249094],[113.068859,33.249538],[113.066474,33.249527],[113.065917,33.249881],[113.065892,33.25116],[113.065919,33.251763],[113.062918,33.25179],[113.062261,33.252171],[113.062293,33.252524],[113.059965,33.252548],[113.05979,33.252835],[113.059573,33.253089],[113.059533,33.253271],[113.059584,33.253567],[113.059367,33.253701],[113.05901,33.253721],[113.058991,33.25347],[113.058642,33.253437],[113.058017,33.253183],[113.058015,33.252867],[113.057757,33.25284],[113.057661,33.252687],[113.056993,33.252674],[113.057033,33.252335],[113.056982,33.251759],[113.05699,33.251472],[113.05688,33.250458],[113.056934,33.250059],[113.057178,33.249435],[113.056703,33.249473],[113.056151,33.249453],[113.055177,33.249338],[113.05518,33.24679],[113.054496,33.246766],[113.054415,33.249238],[113.054083,33.249193],[113.054018,33.246754],[113.04919,33.247273],[113.048211,33.247477],[113.048791,33.248002],[113.049346,33.248659],[113.049649,33.249204],[113.0497,33.249617],[113.049668,33.249834],[113.048936,33.250061],[113.048699,33.250247],[113.048206,33.250489],[113.047863,33.250779],[113.047627,33.251122],[113.047509,33.251425],[113.047493,33.251593],[113.047546,33.251907],[113.047849,33.253035],[113.048016,33.254127],[113.047965,33.254567],[113.047865,33.254942],[113.047643,33.255229],[113.047273,33.255471],[113.046894,33.255677],[113.045883,33.256007],[113.045366,33.256085],[113.044899,33.256056],[113.044684,33.255951],[113.044306,33.255675],[113.044051,33.255366],[113.045167,33.255258],[113.045427,33.255316],[113.045615,33.255291],[113.045838,33.255664],[113.046489,33.255457],[113.046299,33.254589],[113.046264,33.253977],[113.045768,33.253255],[113.045344,33.253037],[113.043885,33.253033],[113.043804,33.253371],[113.04543,33.253463],[113.045454,33.253652],[113.042184,33.253663],[113.042128,33.254199],[113.042069,33.254417],[113.041997,33.254538],[113.04123,33.253672],[113.040951,33.253468],[113.040202,33.253214],[113.039263,33.253174],[113.038829,33.253221],[113.03833,33.253544],[113.038089,33.253755],[113.037772,33.254161],[113.038502,33.256619],[113.038491,33.257288],[113.038314,33.258171],[113.03815,33.258631],[113.038124,33.258903],[113.038183,33.259418],[113.038185,33.259804],[113.038107,33.260289],[113.03782,33.261816],[113.037429,33.262601],[113.037423,33.263016],[113.037525,33.263379],[113.03825,33.263958],[113.0387,33.264411],[113.038995,33.264761],[113.03914,33.265001],[113.039494,33.265808],[113.039666,33.266124],[113.039778,33.2664],[113.039655,33.266364],[113.03917,33.266651],[113.039532,33.266752],[113.039553,33.266813],[113.039505,33.266916],[113.039363,33.267042],[113.039325,33.267134],[113.039331,33.26721],[113.039494,33.2674],[113.039473,33.26762],[113.039545,33.267739],[113.039725,33.267862],[113.039988,33.267865],[113.040151,33.267809],[113.040304,33.267708],[113.040387,33.26793],[113.040945,33.267883],[113.040908,33.26762],[113.041447,33.267584],[113.041441,33.267883],[113.041812,33.267909],[113.041817,33.268057],[113.042233,33.268042],[113.042198,33.267593],[113.042356,33.2676],[113.042431,33.268728],[113.042249,33.268741],[113.041841,33.268676],[113.041753,33.269506],[113.041769,33.269874],[113.042718,33.269863],[113.042774,33.271345],[113.043933,33.271332],[113.043898,33.269881],[113.045985,33.270026],[113.046135,33.269659],[113.046256,33.269199],[113.046819,33.26958],[113.04716,33.269881],[113.048174,33.270495],[113.048984,33.271036],[113.048981,33.271148],[113.051057,33.272599],[113.051022,33.272776],[113.050993,33.27339],[113.051288,33.273381],[113.051323,33.274195],[113.052007,33.274233],[113.052023,33.27557],[113.052983,33.275583],[113.053364,33.27566],[113.053434,33.275693],[113.053549,33.275837],[113.053678,33.275933],[113.053847,33.275983],[113.054319,33.276021],[113.054348,33.276045],[113.054372,33.276624],[113.05426,33.277633],[113.054249,33.278133],[113.054429,33.278122],[113.054627,33.278185],[113.055131,33.278095],[113.055687,33.278088],[113.055687,33.279304],[113.056489,33.279389],[113.056368,33.280496],[113.056971,33.280496],[113.058524,33.280707],[113.059627,33.280698],[113.059463,33.283122],[113.059506,33.283447],[113.058138,33.28349],[113.058103,33.283916],[113.058136,33.284138],[113.058307,33.28436],[113.058527,33.284566],[113.058793,33.284492],[113.059823,33.284479],[113.060222,33.285147],[113.060614,33.285889],[113.060788,33.286037],[113.061217,33.286956],[113.061309,33.286981],[113.061593,33.286941],[113.062009,33.287024],[113.062934,33.287089],[113.063462,33.286927],[113.06354,33.28677],[113.063605,33.286443],[113.063653,33.285932],[113.063736,33.2856],[113.06417,33.285613],[113.064256,33.285781],[113.064058,33.286154],[113.063969,33.286425],[113.063881,33.287042],[113.063784,33.28721],[113.064495,33.287331],[113.064651,33.286918],[113.064803,33.286844],[113.06516,33.286835],[113.065485,33.286113],[113.065737,33.28582],[113.065938,33.28592],[113.066308,33.285158],[113.066456,33.28508],[113.06666,33.285398],[113.066633,33.286039],[113.068371,33.286914],[113.068521,33.287033],[113.068521,33.287212],[113.06825,33.287488],[113.068618,33.287714],[113.068923,33.287346],[113.069591,33.287416],[113.069414,33.288228],[113.070484,33.288985],[113.070653,33.287479],[113.071399,33.28753],[113.071093,33.289411],[113.072008,33.290003],[113.072265,33.289925],[113.07245,33.28738],[113.073266,33.287089],[113.073478,33.286956],[113.074266,33.28662],[113.07384,33.289465],[113.074355,33.288907],[113.074395,33.288813],[113.074234,33.290133],[113.075216,33.290219],[113.075205,33.289902],[113.075323,33.289346],[113.075369,33.288757],[113.075455,33.288402],[113.075465,33.288156],[113.075353,33.288091],[113.074921,33.288084],[113.075288,33.287685],[113.07542,33.287459],[113.075532,33.28684],[113.075961,33.286835],[113.076375,33.286882],[113.07767,33.286918],[113.077469,33.288539],[113.078939,33.288694],[113.078687,33.290458],[113.079025,33.290575],[113.079542,33.286907],[113.080376,33.287299],[113.08072,33.287418],[113.081677,33.287555],[113.081522,33.287867],[113.080921,33.290743],[113.080969,33.291142],[113.080797,33.292418],[113.078311,33.29173],[113.078056,33.293884],[113.081036,33.29501],[113.08297,33.295839],[113.083456,33.29598],[113.083895,33.296075],[113.084164,33.295229],[113.084673,33.295283],[113.087854,33.296028],[113.087562,33.296958],[113.087431,33.29711],[113.087267,33.297727],[113.087181,33.297848],[113.087903,33.298012],[113.087836,33.298234],[113.087731,33.29842],[113.087736,33.298597],[113.090225,33.299177],[113.090252,33.299415],[113.091961,33.299834],[113.092849,33.299998],[113.09276,33.300354],[113.092564,33.300711],[113.092492,33.301119],[113.093329,33.301343],[113.093082,33.30195],[113.096623,33.303],[113.09633,33.303636],[113.096019,33.304513],[113.096346,33.304421],[113.096781,33.304398],[113.097838,33.304439],[113.098505,33.304638],[113.09857,33.304437],[113.099232,33.304607],[113.099122,33.304945],[113.100072,33.30517],[113.099664,33.306815],[113.100174,33.306992],[113.099973,33.307593],[113.100319,33.307586],[113.100517,33.307649],[113.100557,33.307696],[113.100938,33.30775],[113.100957,33.307617],[113.101799,33.307658],[113.103808,33.307972],[113.103881,33.307678],[113.103923,33.307147],[113.104892,33.30729],[113.105098,33.305661],[113.105278,33.30504],[113.105318,33.304372],[113.106048,33.304567],[113.106506,33.304656],[113.106675,33.304658],[113.106678,33.30601],[113.110106,33.307064],[113.110447,33.305176],[113.1106,33.304129],[113.111836,33.304244],[113.111906,33.303661],[113.113931,33.303872],[113.114003,33.303291],[113.113306,33.303219],[113.113432,33.301995],[113.112453,33.301897],[113.111965,33.301885],[113.11219,33.30033],[113.11222,33.299601],[113.112134,33.299592],[113.112386,33.297781],[113.112016,33.297736],[113.112555,33.295357],[113.112863,33.294602],[113.113094,33.29449],[113.113325,33.294456],[113.113402,33.294135],[113.114282,33.294272],[113.114301,33.294425],[113.114277,33.294922],[113.114003,33.296465],[113.116154,33.2967],[113.116082,33.29683],[113.115787,33.297137],[113.115055,33.297738],[113.115028,33.298],[113.116479,33.298045],[113.118048,33.298267],[113.119142,33.298272],[113.119303,33.297976],[113.11936,33.297453],[113.119486,33.29735],[113.119826,33.297285],[113.119877,33.297214],[113.119971,33.296873],[113.120019,33.296814],[113.120226,33.296821],[113.120414,33.2969],[113.120478,33.296893],[113.120534,33.296848],[113.120709,33.296451],[113.120762,33.296422],[113.120878,33.296415],[113.1211,33.296469],[113.121497,33.29666],[113.121766,33.29664],[113.121811,33.296593],[113.121945,33.296016],[113.12194,33.295756],[113.121889,33.295377],[113.121892,33.295122],[113.121731,33.294734],[113.121723,33.294626],[113.121768,33.294472],[113.121937,33.29431],[113.122219,33.293848],[113.122256,33.293615],[113.122195,33.293391],[113.121967,33.293088],[113.121967,33.293019],[113.122053,33.292871],[113.1226,33.292494],[113.1226,33.292434],[113.122718,33.292416],[113.123107,33.292447],[113.12352,33.292526],[113.123557,33.292674],[113.123697,33.292678],[113.123598,33.292171],[113.123359,33.291553],[113.123235,33.29097],[113.123276,33.289743],[113.12342,33.288837],[113.123576,33.288434],[113.123981,33.28779],[113.126111,33.287916],[113.126175,33.287676],[113.129238,33.288176],[113.129273,33.287001],[113.129879,33.287012],[113.129812,33.288243],[113.131481,33.288367],[113.131526,33.288138],[113.132924,33.288234],[113.132827,33.28936],[113.132744,33.289775],[113.13269,33.290701],[113.132435,33.292786],[113.132521,33.294682],[113.132521,33.296736],[113.132618,33.297624],[113.132642,33.298337],[113.132486,33.302899],[113.134903,33.30297],[113.134933,33.302746],[113.137003,33.303027],[113.137027,33.302554],[113.137153,33.302347],[113.137245,33.302022],[113.135858,33.301664],[113.135871,33.301489],[113.137325,33.301782],[113.137462,33.301372],[113.139404,33.301713],[113.139637,33.301081],[113.142309,33.301395],[113.142445,33.300953],[113.143387,33.301361],[113.145691,33.301681],[113.145683,33.301798],[113.148094,33.302134],[113.14799,33.303018],[113.150224,33.303432],[113.150441,33.302986],[113.150613,33.302722],[113.150725,33.302648],[113.151034,33.302659],[113.151031,33.302551],[113.151946,33.30267],[113.1526,33.302713],[113.153695,33.302675],[113.154432,33.299875],[113.155358,33.300052],[113.154923,33.301267],[113.157106,33.301484],[113.15727,33.301706],[113.157385,33.302177],[113.157476,33.303603],[113.157535,33.304038],[113.157527,33.304741],[113.158244,33.304876],[113.158262,33.303739],[113.158241,33.303542],[113.159097,33.303688],[113.159105,33.303387],[113.160639,33.303724],[113.161417,33.299958],[113.16143,33.299594],[113.161382,33.299204],[113.161199,33.298359],[113.163013,33.298668],[113.163088,33.298166],[113.163769,33.298269],[113.16393,33.295839],[113.164944,33.296021],[113.165051,33.294969],[113.166086,33.295294],[113.166261,33.293158],[113.16802,33.29329],[113.168031,33.292822],[113.169144,33.292878],[113.1692,33.292227],[113.170348,33.292259],[113.170166,33.292768],[113.171191,33.292768],[113.171204,33.292965],[113.172907,33.292902],[113.172902,33.29364],[113.173653,33.293203],[113.174509,33.293248],[113.17464,33.293169],[113.174616,33.293779],[113.1763,33.294391],[113.17637,33.293591],[113.176638,33.293602],[113.17666,33.293194],[113.179602,33.293458],[113.179715,33.29266],[113.180321,33.292541],[113.180291,33.293257],[113.18094,33.293274],[113.180938,33.292873],[113.183132,33.293052],[113.184371,33.293077],[113.184521,33.293106],[113.18586,33.293115],[113.185911,33.292032],[113.185892,33.291826],[113.187633,33.291844],[113.187646,33.293039],[113.18808,33.293014],[113.188115,33.292528],[113.189317,33.292624],[113.189387,33.29236],[113.189816,33.292436],[113.189762,33.293109],[113.1898,33.293983],[113.189829,33.294277],[113.189915,33.294606],[113.192412,33.294631],[113.192428,33.294371],[113.192847,33.294371],[113.192874,33.296077],[113.192123,33.296308],[113.192112,33.2974],[113.191667,33.297276],[113.19164,33.298402],[113.192069,33.298619],[113.192273,33.298841],[113.192053,33.299247],[113.191624,33.29898],[113.191441,33.299213],[113.191752,33.29939],[113.191959,33.299554],[113.192077,33.299747],[113.19212,33.300157],[113.192066,33.300256],[113.192444,33.300587],[113.192565,33.300653],[113.193214,33.300821],[113.193319,33.300924],[113.193332,33.301038],[113.193284,33.301343],[113.193343,33.30143],[113.193571,33.301495],[113.193992,33.301525],[113.194563,33.301984],[113.194864,33.302114],[113.194864,33.302228],[113.194681,33.302316],[113.194633,33.302417],[113.19474,33.302545],[113.195086,33.302585],[113.19566,33.302562],[113.196371,33.30258],[113.196613,33.302594],[113.196717,33.302634],[113.196763,33.30271],[113.196532,33.303089],[113.196503,33.303204],[113.196575,33.303484],[113.197144,33.303982],[113.198176,33.305118],[113.198386,33.305412],[113.198549,33.305551],[113.198807,33.305705],[113.199858,33.305909],[113.200022,33.305481],[113.200169,33.304789],[113.200577,33.304437],[113.201103,33.304253],[113.202071,33.304141],[113.205633,33.300321],[113.206352,33.299747],[113.20655,33.299428],[113.206572,33.299009],[113.206537,33.298599],[113.207143,33.298534],[113.206974,33.298182],[113.20783,33.298278],[113.207803,33.297991],[113.207425,33.29759],[113.208109,33.297308],[113.207451,33.295868],[113.208259,33.295658],[113.20809,33.295129],[113.208605,33.295115],[113.208562,33.294548],[113.208833,33.294768],[113.209198,33.294857],[113.209117,33.29351],[113.209136,33.293283],[113.208615,33.293281],[113.208626,33.292837],[113.210606,33.292786],[113.211177,33.292678],[113.211282,33.292768],[113.211542,33.292806],[113.211641,33.292792],[113.21185,33.292718],[113.212116,33.292561],[113.212239,33.292169],[113.214082,33.29218],[113.214071,33.291943],[113.214152,33.291925],[113.214259,33.291954],[113.214755,33.292241],[113.214956,33.292299],[113.215184,33.292301],[113.215372,33.292398],[113.215541,33.292539],[113.215887,33.292958],[113.215925,33.292774],[113.215876,33.29221],[113.215801,33.291846],[113.216155,33.291842],[113.216214,33.292611],[113.216877,33.292586],[113.216901,33.291727],[113.216732,33.291158],[113.216517,33.290636],[113.216423,33.29021],[113.215981,33.290214],[113.21619,33.290017],[113.216372,33.28999],[113.216608,33.290003],[113.217019,33.289938],[113.218226,33.289876],[113.218738,33.28988],[113.218773,33.290044],[113.218746,33.290118],[113.220219,33.290133],[113.221959,33.290353],[113.222273,33.29053],[113.222429,33.290826],[113.222595,33.291727],[113.222603,33.292037],[113.223252,33.291844],[113.223158,33.291707],[113.224467,33.290438],[113.225833,33.289501],[113.226627,33.289189],[113.227871,33.289133],[113.228748,33.289266],[113.230046,33.289317],[113.23062,33.289288],[113.230486,33.288689],[113.230502,33.288526],[113.229451,33.287925],[113.229218,33.287894],[113.22944,33.287483],[113.229266,33.287391],[113.229105,33.287122],[113.228823,33.286333],[113.228917,33.286136],[113.22911,33.286082],[113.228971,33.286286],[113.229142,33.286714],[113.229223,33.287116],[113.229499,33.287302],[113.229639,33.287521],[113.229754,33.287882],[113.229869,33.288026],[113.230669,33.288237],[113.231033,33.288535],[113.23098,33.288887],[113.231377,33.289044],[113.231369,33.289136],[113.231457,33.289546],[113.232281,33.289618],[113.232865,33.28979],[113.233665,33.290129],[113.234094,33.290228],[113.234198,33.289997],[113.234252,33.290272],[113.234367,33.289483],[113.234378,33.289093],[113.234421,33.289037],[113.234896,33.288988],[113.234955,33.288873],[113.234944,33.287864],[113.234813,33.287781],[113.234,33.28751],[113.233694,33.287492],[113.233351,33.287535],[113.233093,33.287503],[113.232543,33.287165],[113.232278,33.287091],[113.232109,33.286981],[113.231728,33.286885],[113.231854,33.28645],[113.232012,33.28605],[113.232168,33.28577],[113.232192,33.285548],[113.23238,33.28516],[113.231286,33.285165],[113.231167,33.284898],[113.231216,33.284385],[113.231355,33.284322],[113.231881,33.284261],[113.231935,33.284216],[113.231951,33.284109],[113.231878,33.283667],[113.231803,33.28355],[113.231699,33.283485],[113.231677,33.283223],[113.231707,33.282768],[113.231522,33.282766],[113.231277,33.282835],[113.230996,33.28284],[113.230784,33.282891],[113.230752,33.28277],[113.230821,33.282575],[113.231028,33.282393],[113.231656,33.2821],[113.232069,33.281994],[113.232168,33.281871],[113.232144,33.281631],[113.232181,33.281562],[113.232369,33.28144],[113.23234,33.281301],[113.231916,33.280976],[113.23179,33.280972],[113.231707,33.280048],[113.231693,33.279306],[113.232637,33.279129],[113.23279,33.277306],[113.233453,33.277243],[113.235644,33.277153],[113.235459,33.275411],[113.23547,33.274859],[113.235403,33.274229],[113.234957,33.274256],[113.234861,33.273523],[113.234874,33.273327],[113.234917,33.273251],[113.235438,33.272928],[113.235577,33.272825],[113.235617,33.272753],[113.235424,33.272697],[113.235397,33.272325],[113.23543,33.271955],[113.235293,33.27067],[113.235861,33.270571],[113.235826,33.270453],[113.235789,33.269499],[113.23529,33.269609],[113.235081,33.268031],[113.234856,33.268084],[113.234638,33.266714],[113.235344,33.26668],[113.235285,33.264642],[113.236628,33.264763],[113.236486,33.261816],[113.234375,33.261269],[113.23459,33.260008],[113.234831,33.259403],[113.234974,33.259344],[113.235255,33.258398],[113.234322,33.25836],[113.234295,33.256714],[113.234338,33.256637],[113.234397,33.256355],[113.23444,33.256005],[113.234298,33.255406],[113.234255,33.254475],[113.234153,33.253468],[113.234705,33.253428],[113.234778,33.25312],[113.233386,33.25304],[113.233313,33.252685],[113.23312,33.252225],[113.232954,33.251965],[113.232568,33.251588],[113.231404,33.251591],[113.231342,33.251135],[113.231374,33.251034],[113.231538,33.250873],[113.231886,33.250803],[113.232332,33.250568],[113.23268,33.250316],[113.232908,33.250059],[113.232678,33.249996],[113.231969,33.250005],[113.231323,33.249653],[113.231108,33.249619],[113.23099,33.249697],[113.231025,33.249749],[113.231559,33.249899],[113.231599,33.249987],[113.231551,33.250029],[113.231433,33.250034],[113.231251,33.249958],[113.230999,33.249944],[113.230781,33.249879],[113.230462,33.249922],[113.230451,33.249973],[113.230615,33.250323],[113.230607,33.250399],[113.23054,33.250516],[113.230357,33.250666],[113.23043,33.250879],[113.230569,33.251063],[113.230636,33.251216],[113.230575,33.251272],[113.23003,33.251155],[113.229472,33.251122],[113.229247,33.251048],[113.229132,33.250805],[113.22914,33.250648],[113.229177,33.25059],[113.229896,33.250359],[113.229944,33.250251],[113.229979,33.249984],[113.230124,33.24987],[113.230127,33.249401],[113.230237,33.248257],[113.230293,33.247876],[113.230366,33.247771],[113.230545,33.247755],[113.231449,33.248307],[113.232031,33.248623],[113.231817,33.248304],[113.23132,33.247764],[113.230974,33.247443],[113.230446,33.247219],[113.230465,33.246929],[113.230419,33.246775],[113.230197,33.246382],[113.230186,33.246173],[113.230264,33.245772],[113.230387,33.245574],[113.2298,33.245505],[113.229502,33.245438],[113.228898,33.24518],[113.228654,33.245018],[113.228322,33.244484],[113.22929,33.243908],[113.229848,33.243338],[113.230765,33.242317],[113.229824,33.241252],[113.228802,33.240345],[113.228137,33.240413],[113.227439,33.240662],[113.226876,33.239933],[113.225527,33.238854],[113.225715,33.238356],[113.225774,33.237963],[113.226018,33.236911],[113.225607,33.236615],[113.225079,33.236379],[113.224441,33.236235],[113.224086,33.236092],[113.222684,33.234972],[113.222279,33.234842],[113.22141,33.233586],[113.220066,33.231486],[113.219916,33.230624],[113.219784,33.230389],[113.219436,33.230014],[113.219334,33.229819],[113.21921,33.229433],[113.219226,33.229204],[113.219436,33.228836],[113.219701,33.228769],[113.220664,33.228681],[113.220755,33.228641],[113.221168,33.227872],[113.221681,33.228213],[113.222032,33.228522],[113.22127,33.22981],[113.222069,33.229947],[113.222619,33.228987],[113.222485,33.228901],[113.22381,33.226611],[113.224116,33.226754],[113.224341,33.227082],[113.224454,33.227163],[113.224797,33.227234],[113.225167,33.227205],[113.225465,33.227219],[113.225779,33.226135],[113.225787,33.225828],[113.225535,33.225805],[113.22542,33.225825],[113.225296,33.226359],[113.225012,33.226379],[113.224872,33.226341],[113.22462,33.226169],[113.224304,33.225841],[113.224057,33.225682],[113.2241,33.225354],[113.224159,33.225188],[113.224508,33.224567],[113.224698,33.224356],[113.225959,33.224818],[113.226385,33.223914],[113.22587,33.22364],[113.225481,33.223503],[113.223668,33.224073],[113.223716,33.223871],[113.223934,33.22349],[113.224121,33.223297],[113.224215,33.223131],[113.224288,33.222931],[113.224285,33.222583],[113.224851,33.221807],[113.225127,33.221836],[113.225213,33.221694],[113.225323,33.22143],[113.225216,33.221149],[113.225221,33.220887],[113.224921,33.220804],[113.224352,33.220519],[113.223773,33.22013],[113.223523,33.219884],[113.223394,33.219711],[113.223373,33.219471],[113.223711,33.218863],[113.223711,33.218724],[113.223612,33.21847],[113.223494,33.21838],[113.223293,33.218315],[113.222147,33.21821],[113.222158,33.216994],[113.221737,33.216682],[113.22149,33.216453],[113.221329,33.216433],[113.2205,33.216489],[113.220806,33.217667],[113.219773,33.21784],[113.219588,33.217229],[113.219183,33.217281],[113.219052,33.216697],[113.219607,33.216599],[113.219379,33.21538],[113.219291,33.214198],[113.219889,33.214177],[113.220313,33.215896],[113.221125,33.215804],[113.221029,33.215497],[113.220897,33.215279],[113.221828,33.215073],[113.222904,33.21488],[113.222885,33.213767],[113.22403,33.213462],[113.224569,33.213888],[113.226318,33.213246],[113.225736,33.212642],[113.225308,33.212055],[113.224821,33.211195],[113.226152,33.210531],[113.228764,33.209319],[113.229083,33.208585],[113.22955,33.207811],[113.229572,33.207551],[113.229274,33.207436],[113.228831,33.207156],[113.22845,33.206846],[113.228917,33.20593],[113.229285,33.205479],[113.229113,33.205351],[113.228402,33.204597],[113.228206,33.204337],[113.228075,33.204081],[113.228032,33.203848],[113.228072,33.203652],[113.228193,33.203383],[113.228394,33.203116],[113.229191,33.202546],[113.229346,33.202369],[113.229488,33.202131],[113.229507,33.201942],[113.229437,33.20143],[113.229462,33.201282],[113.229539,33.201161],[113.230433,33.200697],[113.230797,33.200362],[113.230964,33.200131],[113.231084,33.200023],[113.231288,33.199927],[113.231594,33.199698],[113.232004,33.19946],[113.232122,33.199327],[113.232181,33.199195],[113.232187,33.199087],[113.232101,33.198872],[113.23187,33.198656],[113.231355,33.197985],[113.230551,33.197126],[113.230532,33.19704],[113.230556,33.196906],[113.230717,33.196612],[113.230738,33.196372],[113.230494,33.195566],[113.230298,33.195061],[113.230384,33.194228],[113.230341,33.193303],[113.230167,33.192282],[113.228745,33.19157],[113.228456,33.191375],[113.228037,33.191281],[113.227466,33.191061],[113.22716,33.190985],[113.226779,33.190823],[113.225669,33.190154],[113.225122,33.189723],[113.224821,33.189371],[113.224636,33.189086],[113.22432,33.188257],[113.224325,33.188105],[113.224387,33.187977],[113.224489,33.187903],[113.225723,33.187427],[113.226455,33.186749],[113.227088,33.186437],[113.227976,33.186287],[113.229078,33.186046],[113.230221,33.185404],[113.230655,33.185299],[113.232211,33.185122],[113.232667,33.185032],[113.232906,33.184951],[113.23316,33.18476],[113.233257,33.184439],[113.233308,33.184008],[113.233292,33.183568],[113.233195,33.183068],[113.232922,33.182607],[113.232702,33.181629],[113.23253,33.181112],[113.231731,33.179781],[113.231487,33.179536],[113.231111,33.179334],[113.230915,33.179321],[113.230304,33.179485],[113.230188,33.179467],[113.229397,33.178351],[113.229126,33.177819],[113.229046,33.177621],[113.22907,33.177181],[113.228963,33.176865],[113.228772,33.176647],[113.228169,33.176349],[113.228024,33.176241],[113.227439,33.175572],[113.227048,33.17519],[113.22693,33.174984],[113.2269,33.174871],[113.226975,33.174559],[113.226991,33.174225],[113.227069,33.173922],[113.227201,33.173688],[113.227412,33.173459],[113.227603,33.173316],[113.227128,33.172734],[113.226881,33.172404],[113.226635,33.171998],[113.226525,33.171888],[113.226146,33.171095],[113.225892,33.170832],[113.225508,33.17022],[113.225173,33.169833],[113.224888,33.169638],[113.224306,33.169402],[113.224097,33.169364],[113.223668,33.169598],[113.223448,33.169663],[113.222804,33.169602],[113.222432,33.169699],[113.221219,33.16984],[113.219945,33.169782],[113.219677,33.169665],[113.219468,33.169528],[113.21899,33.169016],[113.218765,33.168711],[113.218352,33.168082],[113.218277,33.167855],[113.218199,33.167317],[113.218161,33.167265],[113.21795,33.167193],[113.217684,33.167204],[113.216627,33.167384],[113.216171,33.167386],[113.215943,33.16733],[113.215849,33.167258],[113.215739,33.166724],[113.215581,33.166329],[113.215442,33.166082],[113.21523,33.165871],[113.214916,33.165646],[113.214758,33.165585],[113.214444,33.165379],[113.214286,33.165312],[113.214042,33.165264],[113.213519,33.16526],[113.212529,33.164867],[113.212076,33.164613],[113.211322,33.16442],[113.210992,33.164438],[113.210633,33.1644],[113.210348,33.164229],[113.209734,33.163964],[113.208868,33.163695],[113.208028,33.16361],[113.207854,33.163531],[113.207564,33.163089],[113.207218,33.162855],[113.206698,33.162653],[113.205507,33.162002],[113.205137,33.161831],[113.204954,33.161809],[113.204083,33.162233],[113.203973,33.162229],[113.203804,33.16209],[113.203557,33.161795],[113.203345,33.161465],[113.203079,33.161234],[113.202851,33.160944],[113.202428,33.160569],[113.200982,33.160327],[113.199263,33.159494],[113.198949,33.159281],[113.198608,33.159126],[113.198048,33.15862],[113.197769,33.158517],[113.197103,33.158465],[113.196513,33.158349],[113.196393,33.158266],[113.195958,33.157406],[113.195803,33.157251],[113.195548,33.157107],[113.194901,33.156963],[113.193617,33.15629],[113.193284,33.156182],[113.193024,33.156047],[113.192678,33.155948],[113.192423,33.15593],[113.19175,33.156038],[113.191457,33.156022],[113.191149,33.155928],[113.190967,33.155818],[113.190865,33.15569],[113.190639,33.155652],[113.190376,33.155656]],[[113.180938,33.293247],[113.180911,33.292974],[113.180914,33.292871],[113.180938,33.292873],[113.180938,33.293247]]]}},{"type":"Feature","properties":{"regionCode":"411322309","sourceCode":"411322309000","name":"柳河乡","sourceName":"柳河乡","parentCode":"411322","parentName":"方城县","regionLevel":"township","regionType":"township","isManagementZone":false,"source":"ruiduobao","sourceVersion":"mixed-legacy~2018-2020","geometryRepaired":false,"match2020":false,"match2023":false},"geometry":{"type":"Polygon","coordinates":[[[112.80239,33.273139],[112.801802,33.272543],[112.801349,33.272164],[112.800885,33.271879],[112.800839,33.271897],[112.800829,33.271982],[112.800912,33.27233],[112.80115,33.272836],[112.801244,33.273278],[112.801166,33.273352],[112.799549,33.273955],[112.799259,33.273962],[112.798637,33.273787],[112.798404,33.273682],[112.798372,33.273597],[112.798723,33.273287],[112.80011,33.272365],[112.800523,33.27191],[112.800598,33.27178],[112.800622,33.271592],[112.800322,33.271056],[112.800319,33.270953],[112.800166,33.270632],[112.799941,33.269984],[112.799836,33.269497],[112.799233,33.267918],[112.799066,33.267739],[112.7985,33.267526],[112.79828,33.267364],[112.798146,33.267154],[112.798018,33.266833],[112.798018,33.266102],[112.79817,33.265485],[112.798567,33.264299],[112.798793,33.264025],[112.799222,33.263664],[112.79927,33.263552],[112.799385,33.262408],[112.799573,33.261951],[112.797771,33.26126],[112.796631,33.260179],[112.796459,33.259959],[112.796357,33.25951],[112.796336,33.25932],[112.796427,33.258844],[112.796368,33.258748],[112.795789,33.259237],[112.794584,33.260614],[112.794375,33.260773],[112.794241,33.26056],[112.79482,33.259775],[112.795284,33.259223],[112.796199,33.258492],[112.79596,33.258142],[112.795504,33.25773],[112.795196,33.257292],[112.793796,33.257761],[112.793329,33.257783],[112.793045,33.25729],[112.792608,33.257395],[112.79249,33.25746],[112.792168,33.257303],[112.79173,33.256814],[112.791288,33.257144],[112.790443,33.257985],[112.789743,33.25897],[112.788834,33.2581],[112.787991,33.25834],[112.787055,33.258539],[112.786449,33.258705],[112.784931,33.258981],[112.785017,33.259777],[112.783829,33.260002],[112.783746,33.258681],[112.781576,33.259042],[112.781358,33.259113],[112.781141,33.259127],[112.778644,33.259645],[112.777847,33.258873],[112.777485,33.258869],[112.777461,33.259163],[112.776541,33.259452],[112.77649,33.259311],[112.775299,33.259501],[112.775103,33.259605],[112.774816,33.259683],[112.774484,33.258748],[112.774143,33.258811],[112.77395,33.258799],[112.773819,33.258878],[112.772054,33.259252],[112.772252,33.260037],[112.772233,33.260147],[112.772046,33.260298],[112.771737,33.260405],[112.770361,33.260769],[112.770571,33.261083],[112.770664,33.261383],[112.770839,33.261782],[112.770305,33.261874],[112.770369,33.262549],[112.769938,33.262657],[112.76887,33.262848],[112.768921,33.263164],[112.769296,33.263117],[112.769626,33.264467],[112.76939,33.264723],[112.769691,33.265786],[112.768682,33.2661],[112.768167,33.265234],[112.767456,33.265391],[112.767593,33.265611],[112.767727,33.265934],[112.76788,33.266546],[112.768207,33.267524],[112.767714,33.267705],[112.7674,33.267869],[112.767172,33.267302],[112.766789,33.267421],[112.767025,33.267921],[112.767129,33.268051],[112.766622,33.268279],[112.766249,33.268376],[112.766984,33.269327],[112.767867,33.27067],[112.768122,33.270928],[112.768336,33.271042],[112.768441,33.271179],[112.768578,33.271565],[112.769165,33.271352],[112.769409,33.271966],[112.769742,33.271897],[112.770018,33.271785],[112.770597,33.272904],[112.771099,33.272655],[112.771456,33.273971],[112.770871,33.273967],[112.771131,33.275368],[112.771493,33.275904],[112.77204,33.276862],[112.772129,33.277037],[112.772258,33.277523],[112.772352,33.277664],[112.77262,33.277842],[112.77295,33.278481],[112.773113,33.278851],[112.773344,33.27986],[112.773491,33.280113],[112.773607,33.280198],[112.774039,33.280348],[112.774116,33.280429],[112.774119,33.280674],[112.773781,33.28073],[112.773097,33.280748],[112.773328,33.281185],[112.773387,33.28147],[112.773414,33.281719],[112.773368,33.282254],[112.773502,33.283185],[112.773508,33.28453],[112.773269,33.285326],[112.773052,33.285712],[112.772915,33.285862],[112.772802,33.286059],[112.772491,33.286781],[112.77277,33.287198],[112.77314,33.28792],[112.773153,33.288068],[112.773086,33.288317],[112.7731,33.288598],[112.773596,33.289333],[112.773784,33.289553],[112.773896,33.289804],[112.774055,33.290384],[112.774052,33.290692],[112.773875,33.29136],[112.773835,33.291732],[112.773701,33.292068],[112.773288,33.29242],[112.773137,33.292678],[112.773148,33.293088],[112.773245,33.293335],[112.7734,33.293483],[112.774023,33.293909],[112.774165,33.294274],[112.774122,33.294763],[112.773845,33.295104],[112.77365,33.295424],[112.773569,33.295808],[112.773749,33.296716],[112.773746,33.296913],[112.773387,33.29727],[112.773365,33.297604],[112.773416,33.298146],[112.773395,33.299621],[112.773298,33.300191],[112.773105,33.300388],[112.772478,33.30083],[112.771778,33.301206],[112.771193,33.301722],[112.770812,33.30241],[112.770522,33.302784],[112.7702,33.303114],[112.770058,33.303378],[112.770241,33.303632],[112.770284,33.303829],[112.770302,33.304022],[112.770249,33.304253],[112.770259,33.304475],[112.769468,33.304286],[112.768473,33.304248],[112.767829,33.304316],[112.767183,33.30458],[112.766622,33.30495],[112.766169,33.30538],[112.765973,33.305923],[112.766,33.306674],[112.765815,33.307122],[112.765434,33.307539],[112.764876,33.307804],[112.764058,33.308725],[112.763498,33.309213],[112.763278,33.309556],[112.763227,33.310065],[112.760421,33.309505],[112.760177,33.309577],[112.759402,33.310014],[112.758774,33.310563],[112.75548,33.311782],[112.754416,33.312266],[112.754099,33.312522],[112.753935,33.312735],[112.754204,33.312762],[112.754759,33.31315],[112.755188,33.313553],[112.75577,33.313972],[112.756221,33.314344],[112.756422,33.314649],[112.756462,33.314817],[112.757768,33.316185],[112.758133,33.316424],[112.757803,33.316554],[112.757406,33.316785],[112.756425,33.316967],[112.755904,33.317139],[112.755733,33.316929],[112.755142,33.316397],[112.754839,33.316176],[112.754273,33.316066],[112.753753,33.316052],[112.752694,33.316122],[112.753563,33.317238],[112.753922,33.317783],[112.754043,33.318099],[112.753109,33.318074],[112.752358,33.317978],[112.751234,33.317561],[112.750985,33.317395],[112.750585,33.31735],[112.749998,33.317207],[112.74977,33.318296],[112.749673,33.319228],[112.749622,33.320708],[112.749652,33.321053],[112.749781,33.321333],[112.749767,33.321402],[112.748847,33.321772],[112.748091,33.321969],[112.747742,33.322001],[112.74742,33.321963],[112.746962,33.321835],[112.746476,33.321669],[112.746122,33.321503],[112.746004,33.321485],[112.745736,33.321602],[112.745551,33.321781],[112.7452,33.322319],[112.744958,33.322487],[112.743735,33.323072],[112.742987,33.323762],[112.742576,33.324054],[112.742187,33.324453],[112.741898,33.324834],[112.741528,33.325694],[112.741238,33.326241],[112.74097,33.326299],[112.740495,33.32619],[112.74017,33.326167],[112.739811,33.326324],[112.739556,33.326535],[112.739012,33.327189],[112.738784,33.327579],[112.738746,33.32772],[112.738824,33.327893],[112.738861,33.328085],[112.738869,33.328769],[112.738955,33.329054],[112.738998,33.32939],[112.738912,33.330163],[112.739012,33.330728],[112.739017,33.331378],[112.739047,33.331662],[112.739159,33.33168],[112.739186,33.331714],[112.739119,33.331815],[112.739604,33.331974],[112.739755,33.332108],[112.739698,33.332848],[112.739749,33.333206],[112.739497,33.333365],[112.739714,33.333668],[112.739728,33.33417],[112.739637,33.334486],[112.739647,33.334833],[112.739714,33.335055],[112.739881,33.335315],[112.740184,33.335642],[112.741613,33.336763],[112.742933,33.338163],[112.743306,33.338746],[112.743606,33.339315],[112.743585,33.339487],[112.742938,33.340482],[112.742549,33.341195],[112.742195,33.341946],[112.741705,33.342788],[112.74157,33.343234],[112.741321,33.343754],[112.74083,33.34456],[112.740798,33.344899],[112.740471,33.344867],[112.739596,33.345029],[112.739427,33.345009],[112.739344,33.344955],[112.739266,33.34474],[112.739181,33.344686],[112.738751,33.34459],[112.739033,33.345029],[112.739081,33.345127],[112.739073,33.345217],[112.738776,33.345587],[112.738628,33.345979],[112.738454,33.34605],[112.738255,33.346194],[112.738113,33.346407],[112.738062,33.346637],[112.737939,33.346817],[112.737459,33.34705],[112.737274,33.347238],[112.736946,33.347708],[112.736646,33.348004],[112.736185,33.348291],[112.734527,33.349091],[112.73454,33.349416],[112.734492,33.349931],[112.734567,33.350491],[112.734768,33.351143],[112.734725,33.351374],[112.734739,33.351585],[112.734819,33.351853],[112.735004,33.352279],[112.73508,33.352588],[112.735077,33.352906],[112.73501,33.353213],[112.73446,33.353442],[112.734109,33.353632],[112.734092,33.353704],[112.733816,33.353883],[112.733773,33.353966],[112.734023,33.35462],[112.734025,33.35486],[112.734114,33.354977],[112.734015,33.355111],[112.733548,33.355384],[112.733323,33.355458],[112.732885,33.355411],[112.732443,33.355299],[112.73214,33.355163],[112.731797,33.355062],[112.731359,33.355095],[112.73082,33.355288],[112.730372,33.35555],[112.729919,33.35588],[112.728972,33.3568],[112.728658,33.357484],[112.727972,33.358019],[112.727835,33.358615],[112.727851,33.35885],[112.72795,33.359027],[112.728151,33.359249],[112.728468,33.359516],[112.728725,33.35989],[112.728787,33.360096],[112.728733,33.360268],[112.728594,33.360405],[112.728031,33.360732],[112.727097,33.361357],[112.72673,33.361711],[112.72622,33.362538],[112.726239,33.362627],[112.726354,33.362739],[112.726655,33.362905],[112.727121,33.363239],[112.727387,33.363483],[112.727561,33.363712],[112.727736,33.364229],[112.727803,33.364621],[112.727937,33.364944],[112.728216,33.365217],[112.728634,33.365443],[112.729433,33.365656],[112.729519,33.365743],[112.729576,33.365905],[112.729519,33.366052],[112.729318,33.366357],[112.72861,33.367237],[112.728371,33.3676],[112.728226,33.368024],[112.728079,33.368709],[112.72784,33.369209],[112.727293,33.369668],[112.726695,33.370098],[112.725775,33.370871],[112.72559,33.370936],[112.725445,33.371034],[112.725434,33.371142],[112.725544,33.371688],[112.725552,33.372188],[112.725501,33.373303],[112.72541,33.37342],[112.725126,33.373639],[112.724608,33.373982],[112.724198,33.374388],[112.723887,33.374831],[112.724254,33.375626],[112.72452,33.375888],[112.725129,33.376146],[112.72603,33.376592],[112.726757,33.377183],[112.72739,33.377982],[112.728157,33.378249],[112.729082,33.378621],[112.729495,33.379024],[112.729788,33.379407],[112.732046,33.381689],[112.732513,33.382068],[112.732652,33.383248],[112.732577,33.385297],[112.733108,33.385965],[112.733543,33.386032],[112.734288,33.386081],[112.734865,33.387651],[112.734991,33.388157],[112.736887,33.388177],[112.737421,33.388292],[112.73755,33.388928],[112.737963,33.388766],[112.738521,33.388686],[112.739148,33.389062],[112.740173,33.390121],[112.740055,33.39134],[112.740093,33.391846],[112.740422,33.392468],[112.740495,33.393214],[112.740262,33.39447],[112.740221,33.395718],[112.740339,33.396049],[112.740447,33.396564],[112.74109,33.398013],[112.741632,33.40023],[112.741638,33.401491],[112.741482,33.402362],[112.740881,33.403913],[112.740857,33.404249],[112.74178,33.40598],[112.742005,33.405801],[112.742327,33.405678],[112.742633,33.404827],[112.742895,33.404641],[112.743641,33.404453],[112.744204,33.404435],[112.744719,33.404545],[112.745532,33.404574],[112.745833,33.404549],[112.746243,33.404401],[112.746557,33.404372],[112.746956,33.404453],[112.747267,33.404605],[112.747689,33.404901],[112.747976,33.405187],[112.748163,33.405637],[112.748354,33.405866],[112.748719,33.406114],[112.748995,33.406381],[112.749258,33.406712],[112.74974,33.406988],[112.750556,33.407238],[112.751234,33.407688],[112.753445,33.408253],[112.754112,33.4083],[112.754711,33.408067],[112.755633,33.40755],[112.756301,33.407485],[112.757237,33.407527],[112.757978,33.407769],[112.7589,33.407279],[112.759359,33.406712],[112.759753,33.406484],[112.760153,33.406421],[112.761354,33.406349],[112.762819,33.406103],[112.76409,33.406253],[112.765088,33.406128],[112.76549,33.406233],[112.766244,33.407176],[112.768704,33.409941],[112.770707,33.413216],[112.77152,33.413821],[112.773524,33.413736],[112.776198,33.413978],[112.777214,33.41469],[112.779433,33.415386],[112.780648,33.415986],[112.781672,33.417092],[112.783641,33.418737],[112.784067,33.419935],[112.783727,33.419689],[112.782659,33.418668],[112.782359,33.418516],[112.782254,33.419485],[112.782134,33.420159],[112.781667,33.420112],[112.781643,33.418934],[112.781436,33.418657],[112.780095,33.418453],[112.779631,33.418628],[112.77906,33.420092],[112.779543,33.420813],[112.781565,33.421735],[112.782297,33.421558],[112.783807,33.42036],[112.78421,33.42041],[112.784354,33.420911],[112.785532,33.422966],[112.786157,33.423559],[112.786441,33.423121],[112.788131,33.421744],[112.788565,33.421551],[112.78933,33.421504],[112.789477,33.421437],[112.790078,33.420531],[112.790027,33.420428],[112.789625,33.42028],[112.789491,33.420159],[112.789724,33.419861],[112.789738,33.419319],[112.78981,33.41901],[112.789995,33.418916],[112.790867,33.418972],[112.791256,33.418883],[112.791916,33.418834],[112.792739,33.4182],[112.792948,33.418157],[112.793579,33.418162],[112.794163,33.418057],[112.794574,33.41779],[112.794925,33.417506],[112.795574,33.416731],[112.795794,33.416355],[112.79592,33.416313],[112.796199,33.416317],[112.797178,33.416152],[112.797452,33.416163],[112.797658,33.41627],[112.797824,33.41666],[112.798133,33.416364],[112.798849,33.416205],[112.799101,33.416084],[112.799399,33.415666],[112.800343,33.414952],[112.800745,33.414584],[112.801419,33.414168],[112.801014,33.413297],[112.80011,33.412115],[112.79985,33.412195],[112.799659,33.41194],[112.799149,33.411475],[112.798948,33.411092],[112.798693,33.410836],[112.797937,33.410198],[112.797291,33.409504],[112.7971,33.409097],[112.79684,33.408143],[112.79743,33.407715],[112.798055,33.407337],[112.798879,33.406636],[112.799284,33.406403],[112.800018,33.406343],[112.800421,33.406195],[112.800684,33.405955],[112.800973,33.405422],[112.801097,33.405078],[112.80122,33.404954],[112.80103,33.404498],[112.800871,33.40386],[112.80085,33.4027],[112.800504,33.401956],[112.800399,33.401495],[112.800257,33.400499],[112.800947,33.400149],[112.8007,33.399571],[112.800474,33.399522],[112.79853,33.399374],[112.797688,33.399383],[112.797157,33.399348],[112.796693,33.39928],[112.796296,33.399148],[112.795748,33.398846],[112.795421,33.398508],[112.795335,33.398291],[112.795343,33.397798],[112.79607,33.398176],[112.796607,33.398347],[112.797293,33.3984],[112.798471,33.398302],[112.799455,33.398109],[112.800627,33.397802],[112.800794,33.397677],[112.801247,33.396963],[112.801979,33.396394],[112.802966,33.395995],[112.80358,33.395868],[112.804423,33.394967],[112.805324,33.394441],[112.806343,33.393772],[112.806973,33.393449],[112.807617,33.393254],[112.808113,33.393178],[112.808242,33.393084],[112.808494,33.392692],[112.808913,33.392347],[112.809256,33.39215],[112.810063,33.391828],[112.810737,33.391465],[112.811163,33.391382],[112.811903,33.391091],[112.812684,33.390679],[112.813435,33.390052],[112.813735,33.389705],[112.813945,33.389246],[112.814291,33.388254],[112.814824,33.387286],[112.814827,33.387049],[112.814698,33.38648],[112.814414,33.385783],[112.814974,33.385459],[112.816613,33.383967],[112.8169,33.383904],[112.817249,33.383687],[112.817619,33.383329],[112.817777,33.383087],[112.818043,33.382415],[112.818113,33.382115],[112.818604,33.382209],[112.820098,33.382601],[112.82084,33.383159],[112.821272,33.383647],[112.821763,33.384424],[112.822026,33.384778],[112.821978,33.385779],[112.822139,33.385864],[112.822839,33.386178],[112.823002,33.386209],[112.824612,33.385804],[112.824904,33.385862],[112.825451,33.385806],[112.825682,33.385745],[112.825848,33.385656],[112.825923,33.385488],[112.825998,33.384576],[112.826079,33.384169],[112.82621,33.383947],[112.826347,33.383795],[112.826559,33.383765],[112.827525,33.383907],[112.827863,33.383924],[112.828155,33.383873],[112.828605,33.383732],[112.828938,33.383566],[112.829161,33.383309],[112.829351,33.382885],[112.829831,33.382475],[112.829898,33.382285],[112.829917,33.381651],[112.829976,33.381275],[112.830268,33.380498],[112.830311,33.380213],[112.830454,33.379721],[112.830617,33.37942],[112.831435,33.379595],[112.831569,33.379579],[112.831663,33.379497],[112.831784,33.379456],[112.832471,33.379618],[112.832817,33.379613],[112.833028,33.379528],[112.833841,33.379067],[112.834302,33.378648],[112.834801,33.378256],[112.835542,33.377745],[112.83655,33.377319],[112.836754,33.377192],[112.83695,33.376939],[112.837231,33.376762],[112.837881,33.376495],[112.838905,33.376209],[112.838996,33.376128],[112.839093,33.375911],[112.839173,33.375617],[112.839232,33.375064],[112.837677,33.374206],[112.83677,33.37387],[112.836057,33.373501],[112.835322,33.372766],[112.834935,33.371778],[112.834697,33.371462],[112.83448,33.371256],[112.834541,33.370786],[112.834568,33.37015],[112.834447,33.369708],[112.834069,33.368956],[112.833592,33.368104],[112.834037,33.36778],[112.834099,33.3675],[112.83441,33.367302],[112.83467,33.367179],[112.835788,33.368001],[112.837054,33.367399],[112.83791,33.367072],[112.838253,33.366897],[112.838546,33.366572],[112.838911,33.366084],[112.839345,33.365378],[112.83979,33.364991],[112.840678,33.364384],[112.841327,33.364054],[112.841743,33.364435],[112.842084,33.364561],[112.842483,33.364614],[112.842827,33.364608],[112.845096,33.363216],[112.845852,33.362712],[112.846743,33.362764],[112.847676,33.36273],[112.848636,33.362298],[112.848961,33.362031],[112.849559,33.361388],[112.85005,33.360781],[112.850398,33.360461],[112.851088,33.360127],[112.851981,33.359847],[112.853411,33.359182],[112.853083,33.358819],[112.851455,33.35795],[112.850876,33.357679],[112.851321,33.35717],[112.852145,33.356558],[112.852582,33.35732],[112.854382,33.356303],[112.854921,33.357387],[112.856106,33.357735],[112.856447,33.356825],[112.856702,33.356395],[112.85712,33.356063],[112.856651,33.355505],[112.856254,33.35493],[112.855964,33.354289],[112.855894,33.354051],[112.856522,33.354092],[112.857117,33.354231],[112.857745,33.354517],[112.858129,33.354775],[112.858255,33.354732],[112.858595,33.354392],[112.858756,33.354148],[112.859432,33.354215],[112.859786,33.354159],[112.860014,33.354186],[112.860762,33.354773],[112.861264,33.355239],[112.86146,33.355532],[112.861747,33.35616],[112.861932,33.35704],[112.862066,33.357269],[112.862525,33.357573],[112.863182,33.357833],[112.863627,33.357925],[112.864324,33.357947],[112.864609,33.357918],[112.864906,33.357761],[112.865885,33.356912],[112.866119,33.356753],[112.866602,33.356505],[112.866867,33.356941],[112.867063,33.357174],[112.867795,33.357096],[112.868262,33.356941],[112.868879,33.356083],[112.868696,33.355409],[112.869236,33.355268],[112.868949,33.354544],[112.871287,33.353787],[112.872009,33.355351],[112.870601,33.355929],[112.869088,33.35661],[112.868377,33.357058],[112.868144,33.357168],[112.867677,33.357309],[112.866288,33.357645],[112.865778,33.357849],[112.865271,33.358209],[112.864649,33.358525],[112.864174,33.358846],[112.864381,33.35885],[112.864673,33.358779],[112.865561,33.358747],[112.868117,33.357609],[112.869254,33.35715],[112.871738,33.356402],[112.872674,33.355913],[112.873884,33.355093],[112.874552,33.354172],[112.87522,33.352293],[112.875407,33.351515],[112.876236,33.351553],[112.877086,33.351661],[112.878242,33.351659],[112.878232,33.351547],[112.87787,33.351482],[112.877749,33.351338],[112.877752,33.351231],[112.877996,33.35111],[112.877996,33.351076],[112.877172,33.350276],[112.876888,33.350408],[112.876236,33.349678],[112.875311,33.349765],[112.875088,33.349738],[112.874739,33.349573],[112.874343,33.349324],[112.874222,33.349185],[112.874085,33.348945],[112.873828,33.348226],[112.874235,33.348112],[112.873948,33.347236],[112.872964,33.347319],[112.872586,33.347554],[112.871961,33.347872],[112.870901,33.347229],[112.870536,33.346508],[112.870448,33.346102],[112.870601,33.345268],[112.87085,33.344655],[112.871464,33.34374],[112.87232,33.342636],[112.873186,33.341143],[112.875008,33.338318],[112.876236,33.336279],[112.876453,33.335091],[112.876529,33.334829],[112.876834,33.334566],[112.877078,33.334445],[112.877237,33.334307],[112.877438,33.334056],[112.877513,33.333807],[112.87755,33.333446],[112.877583,33.333392],[112.877572,33.332774],[112.877325,33.330873],[112.877212,33.330728],[112.877001,33.330593],[112.8764,33.330389],[112.876279,33.330398],[112.875981,33.330506],[112.875107,33.331019],[112.874659,33.331239],[112.873862,33.331564],[112.872465,33.331958],[112.871237,33.332142],[112.869386,33.331942],[112.868643,33.331833],[112.867758,33.331548],[112.866435,33.330925],[112.865961,33.330486],[112.865521,33.329914],[112.865277,33.329379],[112.865041,33.327534],[112.865041,33.326999],[112.864839,33.326362],[112.864094,33.325042],[112.863587,33.324367],[112.862369,33.323036],[112.860709,33.321745],[112.85988,33.320779],[112.859159,33.319847],[112.858324,33.318247],[112.857753,33.318379],[112.857643,33.317875],[112.857656,33.3175],[112.857807,33.317265],[112.857946,33.316913],[112.857997,33.316485],[112.85823,33.315795],[112.858174,33.315523],[112.858035,33.315142],[112.857597,33.315142],[112.857643,33.315501],[112.855615,33.315873],[112.855098,33.315985],[112.854234,33.316252],[112.853268,33.316418],[112.853488,33.317119],[112.854207,33.318314],[112.854888,33.319228],[112.8551,33.319914],[112.855057,33.319934],[112.854942,33.320158],[112.854693,33.320963],[112.854569,33.322635],[112.854502,33.32294],[112.854183,33.323314],[112.854084,33.323549],[112.85377,33.32402],[112.853419,33.32463],[112.852845,33.325488],[112.852582,33.325806],[112.852303,33.32601],[112.851981,33.325614],[112.851707,33.325497],[112.851412,33.325183],[112.851155,33.325006],[112.850396,33.325085],[112.849795,33.325259],[112.849495,33.325235],[112.849087,33.325322],[112.848931,33.325208],[112.848773,33.325015],[112.848513,33.32512],[112.848296,33.324742],[112.848068,33.324966],[112.847172,33.325654],[112.846928,33.325454],[112.845943,33.324919],[112.845992,33.324681],[112.845994,33.324477],[112.845664,33.322985],[112.845581,33.322182],[112.84501,33.322202],[112.844366,33.321438],[112.844935,33.321326],[112.845034,33.32125],[112.844846,33.321136],[112.844409,33.321133],[112.844114,33.321048],[112.843583,33.321349],[112.843197,33.320622],[112.842993,33.319963],[112.842663,33.320098],[112.842542,33.320004],[112.842628,33.319804],[112.842623,33.319708],[112.842435,33.319457],[112.842255,33.319381],[112.84188,33.319291],[112.841719,33.319208],[112.841115,33.318758],[112.841536,33.318475],[112.841558,33.318426],[112.841531,33.318224],[112.84177,33.318278],[112.841622,33.317292],[112.842848,33.31707],[112.843755,33.316861],[112.843623,33.316063],[112.843162,33.314297],[112.843017,33.314075],[112.842851,33.313903],[112.842481,33.313277],[112.84229,33.312847],[112.842207,33.312504],[112.842202,33.312349],[112.84222,33.312253],[112.842293,33.312143],[112.842636,33.311829],[112.842451,33.311899],[112.842507,33.311798],[112.842695,33.311643],[112.842832,33.311401],[112.843124,33.310523],[112.843218,33.309938],[112.843296,33.309803],[112.843524,33.309635],[112.843663,33.309469],[112.843765,33.309218],[112.843795,33.309007],[112.843773,33.308671],[112.84369,33.308312],[112.843623,33.307795],[112.843213,33.306113],[112.843148,33.306033],[112.842759,33.30599],[112.84265,33.305741],[112.842419,33.305421],[112.84233,33.304871],[112.842438,33.304602],[112.84244,33.304475],[112.842365,33.304298],[112.842363,33.303829],[112.842411,33.303798],[112.842553,33.303791],[112.842591,33.303192],[112.842309,33.303159],[112.841968,33.303181],[112.840635,33.303358],[112.840442,33.302652],[112.840396,33.302625],[112.839903,33.302672],[112.839796,33.302363],[112.839452,33.302361],[112.838868,33.300966],[112.838573,33.300924],[112.838701,33.297743],[112.839375,33.2977],[112.83957,33.297628],[112.839769,33.297422],[112.840458,33.297012],[112.840608,33.296841],[112.840643,33.296667],[112.839391,33.295698],[112.838878,33.29512],[112.838546,33.294635],[112.838586,33.294496],[112.83876,33.29418],[112.838661,33.294005],[112.838377,33.293667],[112.838041,33.293337],[112.837607,33.29173],[112.837599,33.291088],[112.837714,33.29038],[112.83772,33.290111],[112.837138,33.290203],[112.836668,33.290198],[112.836397,33.290086],[112.83545,33.289893],[112.835383,33.290142],[112.834343,33.29008],[112.834174,33.290983],[112.833983,33.291615],[112.833543,33.291588],[112.833307,33.29173],[112.833045,33.29201],[112.832508,33.292972],[112.831854,33.294268],[112.831548,33.295129],[112.831288,33.295745],[112.830413,33.296021],[112.829263,33.296579],[112.827919,33.297296],[112.827669,33.297518],[112.827527,33.297826],[112.827549,33.298213],[112.827337,33.29813],[112.826961,33.297801],[112.827114,33.297648],[112.827431,33.297435],[112.827981,33.296884],[112.828801,33.296516],[112.829255,33.296274],[112.829676,33.295951],[112.830011,33.29562],[112.830403,33.295398],[112.829863,33.294918],[112.830513,33.294223],[112.831816,33.292701],[112.83147,33.292483],[112.83125,33.29244],[112.831073,33.292456],[112.830676,33.292595],[112.83055,33.292425],[112.830185,33.292734],[112.83044,33.292934],[112.829845,33.293299],[112.829131,33.29364],[112.828809,33.293853],[112.828686,33.293795],[112.828801,33.293429],[112.828742,33.293299],[112.829051,33.293283],[112.828992,33.293189],[112.828844,33.293093],[112.828487,33.293039],[112.828436,33.294026],[112.8283,33.294124],[112.827803,33.294279],[112.828587,33.295994],[112.828058,33.296214],[112.827562,33.296489],[112.824515,33.298319],[112.822868,33.299155],[112.820594,33.300462],[112.819395,33.301029],[112.818861,33.300206],[112.818244,33.299366],[112.818078,33.299307],[112.817523,33.298985],[112.81741,33.298574],[112.81737,33.298523],[112.817032,33.298352],[112.817099,33.297821],[112.816595,33.297348],[112.816407,33.297272],[112.815865,33.29692],[112.816144,33.296673],[112.816726,33.29627],[112.817096,33.295747],[112.817201,33.2954],[112.81635,33.295357],[112.816511,33.295032],[112.816967,33.294272],[112.817,33.294187],[112.8169,33.294043],[112.816646,33.293837],[112.816302,33.293709],[112.815712,33.293552],[112.815479,33.293438],[112.815347,33.293337],[112.815315,33.293265],[112.815312,33.292911],[112.815283,33.292792],[112.814594,33.292813],[112.814478,33.292745],[112.814379,33.292633],[112.814317,33.292488],[112.814315,33.29216],[112.814379,33.291983],[112.814162,33.291824],[112.814105,33.291727],[112.813961,33.291624],[112.813022,33.291171],[112.812762,33.290997],[112.812662,33.290873],[112.811461,33.290066],[112.810798,33.289772],[112.810235,33.289907],[112.810074,33.289891],[112.809943,33.289815],[112.8095,33.28899],[112.809028,33.288219],[112.808591,33.288364],[112.808357,33.288062],[112.80821,33.287746],[112.808486,33.287629],[112.808156,33.287089],[112.808057,33.286844],[112.807971,33.286214],[112.808057,33.285867],[112.808062,33.285669],[112.80803,33.285485],[112.807923,33.285376],[112.807883,33.285255],[112.807931,33.284815],[112.807834,33.284689],[112.807754,33.284633],[112.807357,33.284976],[112.807279,33.285111],[112.807274,33.285535],[112.807459,33.286403],[112.806931,33.287326],[112.806585,33.287685],[112.806115,33.288066],[112.805683,33.287559],[112.805592,33.28749],[112.805909,33.286925],[112.806051,33.286454],[112.806078,33.286167],[112.805919,33.285187],[112.805903,33.284696],[112.805938,33.283842],[112.806467,33.28384],[112.806405,33.282122],[112.806477,33.281754],[112.806713,33.281438],[112.806775,33.281301],[112.806799,33.280961],[112.807126,33.278716],[112.806354,33.278494],[112.805603,33.278384],[112.805431,33.277909],[112.804535,33.276095],[112.803935,33.27614],[112.803803,33.276128],[112.803736,33.276063],[112.803779,33.275276],[112.803728,33.275059],[112.803473,33.274888],[112.803087,33.274384],[112.80239,33.273139]]]}},{"type":"Feature","properties":{"regionCode":"411322311","sourceCode":"411322311000","name":"袁店回族乡","sourceName":"袁店回族乡","parentCode":"411322","parentName":"方城县","regionLevel":"township","regionType":"township","isManagementZone":false,"source":"ruiduobao","sourceVersion":"mixed-legacy~2018-2020","geometryRepaired":false,"match2020":true,"match2023":true},"geometry":{"type":"Polygon","coordinates":[[[112.858437,33.237947],[112.858298,33.23766],[112.858271,33.237413],[112.858102,33.237218],[112.857807,33.23722],[112.857606,33.236859],[112.857061,33.23639],[112.85668,33.236435],[112.856568,33.236298],[112.856219,33.236233],[112.856015,33.235663],[112.85543,33.235838],[112.855296,33.235944],[112.855454,33.236209],[112.855495,33.236413],[112.85576,33.236895],[112.855519,33.237106],[112.855524,33.237162],[112.855605,33.237097],[112.855656,33.237106],[112.855669,33.237232],[112.855623,33.237344],[112.855685,33.237519],[112.85502,33.237882],[112.854931,33.237893],[112.854829,33.237757],[112.85473,33.237467],[112.854086,33.237575],[112.853529,33.237736],[112.853263,33.238095],[112.853097,33.238163],[112.852823,33.238169],[112.852678,33.238207],[112.85259,33.238811],[112.852236,33.239273],[112.851839,33.238403],[112.851485,33.238546],[112.851115,33.238797],[112.850844,33.238077],[112.850629,33.23762],[112.850366,33.237525],[112.850195,33.237373],[112.849792,33.236855],[112.849508,33.236994],[112.84943,33.236971],[112.849224,33.236828],[112.848588,33.23622],[112.848229,33.236016],[112.849001,33.235874],[112.849604,33.235908],[112.849736,33.235955],[112.850256,33.235796],[112.850562,33.235607],[112.85072,33.235551],[112.850648,33.2355],[112.850302,33.235426],[112.850162,33.235354],[112.849706,33.234692],[112.849677,33.234582],[112.849841,33.234517],[112.849666,33.234167],[112.849559,33.233869],[112.849181,33.233126],[112.849044,33.233323],[112.848454,33.233806],[112.847826,33.234468],[112.847561,33.234005],[112.84733,33.233797],[112.847022,33.233783],[112.846839,33.23357],[112.846643,33.233418],[112.846654,33.23313],[112.846434,33.232832],[112.846185,33.232612],[112.845804,33.232778],[112.845603,33.232626],[112.845525,33.232632],[112.845289,33.232778],[112.84501,33.232807],[112.844262,33.23265],[112.844063,33.23257],[112.843838,33.232381],[112.843792,33.231946],[112.843671,33.231724],[112.842746,33.231757],[112.842749,33.23158],[112.842156,33.231533],[112.84233,33.231306],[112.84236,33.231102],[112.842328,33.230427],[112.842886,33.230458],[112.842996,33.230824],[112.843197,33.230914],[112.844017,33.230811],[112.844165,33.229269],[112.844342,33.229045],[112.844492,33.228715],[112.844463,33.228127],[112.844312,33.227863],[112.845004,33.227598],[112.845412,33.227349],[112.845836,33.226799],[112.845967,33.226395],[112.845764,33.226608],[112.845506,33.22679],[112.842674,33.227914],[112.840877,33.22848],[112.840362,33.228697],[112.837025,33.230685],[112.835963,33.231661],[112.834767,33.232944],[112.832948,33.234293],[112.831462,33.23563],[112.830695,33.236446],[112.830448,33.236944],[112.83018,33.238259],[112.830188,33.238981],[112.830274,33.239239],[112.83029,33.239697],[112.828321,33.239836],[112.826028,33.239939],[112.826127,33.23954],[112.826495,33.238984],[112.826567,33.238954],[112.826065,33.238237],[112.825904,33.238329],[112.825505,33.238672],[112.825151,33.238775],[112.825014,33.238517],[112.824478,33.238672],[112.823477,33.238867],[112.823654,33.239392],[112.823748,33.239583],[112.824196,33.239836],[112.824169,33.239915],[112.824083,33.239928],[112.824105,33.240069],[112.82359,33.240137],[112.823796,33.241079],[112.823359,33.241133],[112.823362,33.24131],[112.823005,33.241409],[112.823228,33.242416],[112.821192,33.242916],[112.821388,33.243311],[112.821975,33.24395],[112.821372,33.244015],[112.821195,33.243908],[112.820532,33.243932],[112.820352,33.243973],[112.820317,33.243962],[112.82024,33.24365],[112.820186,33.243623],[112.819617,33.243668],[112.819746,33.244807],[112.819792,33.246353],[112.819891,33.246416],[112.819912,33.246537],[112.821272,33.24631],[112.821506,33.246301],[112.821549,33.246624],[112.821543,33.247035],[112.821602,33.247158],[112.821677,33.24723],[112.82183,33.247248],[112.821406,33.247555],[112.819891,33.247564],[112.819821,33.248136],[112.820824,33.248421],[112.821055,33.248457],[112.821401,33.248446],[112.821449,33.249011],[112.821508,33.249273],[112.821514,33.249563],[112.822168,33.249529],[112.822139,33.249735],[112.822254,33.250341],[112.82227,33.250756],[112.824086,33.250303],[112.824073,33.252147],[112.824113,33.252257],[112.824161,33.252829],[112.824236,33.252977],[112.824333,33.253089],[112.824486,33.253174],[112.824979,33.253188],[112.825518,33.253127],[112.825803,33.25314],[112.825744,33.253351],[112.825588,33.253672],[112.82544,33.253883],[112.825317,33.254186],[112.825027,33.254598],[112.824936,33.254679],[112.824818,33.255361],[112.824858,33.255655],[112.825006,33.256182],[112.825135,33.256294],[112.825526,33.256518],[112.826181,33.256839],[112.826197,33.257263],[112.826165,33.257409],[112.826031,33.257716],[112.825314,33.258741],[112.824655,33.259403],[112.824402,33.25947],[112.82359,33.259344],[112.823566,33.259746],[112.823372,33.260035],[112.823587,33.260266],[112.823525,33.260517],[112.823665,33.26058],[112.823812,33.260748],[112.82411,33.260979],[112.824333,33.261098],[112.825432,33.260928],[112.825666,33.260852],[112.826183,33.260798],[112.826226,33.262099],[112.826264,33.262184],[112.826135,33.262466],[112.826106,33.262718],[112.826178,33.263034],[112.825811,33.263292],[112.825709,33.263583],[112.825422,33.263861],[112.825537,33.263976],[112.825634,33.264171],[112.825245,33.264545],[112.825057,33.264826],[112.824837,33.265048],[112.824233,33.265476],[112.82403,33.26557],[112.822849,33.267815],[112.82216,33.268313],[112.82146,33.268208],[112.820878,33.268217],[112.820258,33.268351],[112.820124,33.268434],[112.819684,33.268934],[112.818808,33.269829],[112.817506,33.271],[112.817147,33.271556],[112.817136,33.272327],[112.817075,33.272729],[112.816136,33.272684],[112.81557,33.272704],[112.814808,33.273029],[112.814363,33.2735],[112.813995,33.273803],[112.813735,33.274195],[112.812783,33.274682],[112.811606,33.275409],[112.81127,33.275687],[112.810919,33.276153],[112.81075,33.276456],[112.810664,33.276765],[112.8106,33.277171],[112.810611,33.27757],[112.810546,33.278032],[112.810557,33.278508],[112.810501,33.279012],[112.81034,33.279481],[112.810053,33.279774],[112.809642,33.279705],[112.808245,33.279698],[112.808036,33.279622],[112.807757,33.278972],[112.807604,33.27881],[112.807373,33.278732],[112.807126,33.278716],[112.806799,33.280961],[112.806775,33.281301],[112.806713,33.281438],[112.806477,33.281754],[112.806405,33.282122],[112.806467,33.28384],[112.805938,33.283842],[112.805903,33.284696],[112.805919,33.285187],[112.806078,33.286167],[112.806051,33.286454],[112.805909,33.286925],[112.805592,33.28749],[112.805683,33.287559],[112.806115,33.288066],[112.806585,33.287685],[112.806931,33.287326],[112.807459,33.286403],[112.807274,33.285535],[112.807279,33.285111],[112.807357,33.284976],[112.807754,33.284633],[112.807834,33.284689],[112.807931,33.284815],[112.807883,33.285255],[112.807923,33.285376],[112.80803,33.285485],[112.808062,33.285669],[112.808057,33.285867],[112.807971,33.286214],[112.808057,33.286844],[112.808156,33.287089],[112.808486,33.287629],[112.80821,33.287746],[112.808357,33.288062],[112.808591,33.288364],[112.809028,33.288219],[112.8095,33.28899],[112.809943,33.289815],[112.810074,33.289891],[112.810235,33.289907],[112.810798,33.289772],[112.811461,33.290066],[112.812662,33.290873],[112.812762,33.290997],[112.813022,33.291171],[112.813961,33.291624],[112.814105,33.291727],[112.814162,33.291824],[112.814379,33.291983],[112.814315,33.29216],[112.814317,33.292488],[112.814379,33.292633],[112.814478,33.292745],[112.814594,33.292813],[112.815283,33.292792],[112.815312,33.292911],[112.815315,33.293265],[112.815347,33.293337],[112.815479,33.293438],[112.815712,33.293552],[112.816302,33.293709],[112.816646,33.293837],[112.8169,33.294043],[112.817,33.294187],[112.816967,33.294272],[112.816511,33.295032],[112.81635,33.295357],[112.817201,33.2954],[112.817096,33.295747],[112.816726,33.29627],[112.816144,33.296673],[112.815865,33.29692],[112.816407,33.297272],[112.816595,33.297348],[112.817099,33.297821],[112.817032,33.298352],[112.81737,33.298523],[112.81741,33.298574],[112.817523,33.298985],[112.818078,33.299307],[112.818244,33.299366],[112.818861,33.300206],[112.819395,33.301029],[112.820594,33.300462],[112.822868,33.299155],[112.824515,33.298319],[112.827562,33.296489],[112.828058,33.296214],[112.828587,33.295994],[112.827803,33.294279],[112.8283,33.294124],[112.828436,33.294026],[112.828487,33.293039],[112.828844,33.293093],[112.828992,33.293189],[112.829051,33.293283],[112.828742,33.293299],[112.828801,33.293429],[112.828686,33.293795],[112.828809,33.293853],[112.829131,33.29364],[112.829845,33.293299],[112.83044,33.292934],[112.830185,33.292734],[112.83055,33.292425],[112.830676,33.292595],[112.831073,33.292456],[112.83125,33.29244],[112.83147,33.292483],[112.831816,33.292701],[112.830513,33.294223],[112.829863,33.294918],[112.830403,33.295398],[112.830011,33.29562],[112.829676,33.295951],[112.829255,33.296274],[112.828801,33.296516],[112.827981,33.296884],[112.827431,33.297435],[112.827114,33.297648],[112.826961,33.297801],[112.827337,33.29813],[112.827549,33.298213],[112.827527,33.297826],[112.827669,33.297518],[112.827919,33.297296],[112.829263,33.296579],[112.830413,33.296021],[112.831288,33.295745],[112.831548,33.295129],[112.831854,33.294268],[112.832508,33.292972],[112.833045,33.29201],[112.833307,33.29173],[112.833543,33.291588],[112.833983,33.291615],[112.834174,33.290983],[112.834343,33.29008],[112.835383,33.290142],[112.83545,33.289893],[112.836397,33.290086],[112.836668,33.290198],[112.837138,33.290203],[112.83772,33.290111],[112.837714,33.29038],[112.837599,33.291088],[112.837607,33.29173],[112.838041,33.293337],[112.838377,33.293667],[112.838661,33.294005],[112.83876,33.29418],[112.838586,33.294496],[112.838546,33.294635],[112.838878,33.29512],[112.839391,33.295698],[112.840643,33.296667],[112.840608,33.296841],[112.840458,33.297012],[112.839769,33.297422],[112.83957,33.297628],[112.839375,33.2977],[112.838701,33.297743],[112.838573,33.300924],[112.838868,33.300966],[112.839452,33.302361],[112.839796,33.302363],[112.839903,33.302672],[112.840396,33.302625],[112.840442,33.302652],[112.840635,33.303358],[112.841968,33.303181],[112.842309,33.303159],[112.842591,33.303192],[112.842553,33.303791],[112.842411,33.303798],[112.842363,33.303829],[112.842365,33.304298],[112.84244,33.304475],[112.842438,33.304602],[112.84233,33.304871],[112.842419,33.305421],[112.84265,33.305741],[112.842759,33.30599],[112.843148,33.306033],[112.843213,33.306113],[112.843623,33.307795],[112.84369,33.308312],[112.843773,33.308671],[112.843795,33.309007],[112.843765,33.309218],[112.843663,33.309469],[112.843524,33.309635],[112.843296,33.309803],[112.843218,33.309938],[112.843124,33.310523],[112.842832,33.311401],[112.842695,33.311643],[112.842507,33.311798],[112.842451,33.311899],[112.842636,33.311829],[112.842293,33.312143],[112.84222,33.312253],[112.842202,33.312347],[112.842207,33.312504],[112.84229,33.312847],[112.842481,33.313277],[112.842851,33.313903],[112.843017,33.314075],[112.843162,33.314297],[112.843623,33.316063],[112.843755,33.316861],[112.842848,33.31707],[112.841622,33.317292],[112.84177,33.318278],[112.841531,33.318224],[112.841558,33.318426],[112.841536,33.318475],[112.841115,33.318758],[112.841719,33.319208],[112.84188,33.319291],[112.842255,33.319381],[112.842435,33.319457],[112.842623,33.319708],[112.842628,33.319804],[112.842542,33.320004],[112.842663,33.320098],[112.842993,33.319963],[112.843197,33.320622],[112.843583,33.321349],[112.844114,33.321048],[112.844409,33.321133],[112.844846,33.321136],[112.845034,33.32125],[112.844935,33.321326],[112.844366,33.321438],[112.84501,33.322202],[112.845581,33.322182],[112.845664,33.322985],[112.845994,33.324477],[112.845992,33.324681],[112.845943,33.324919],[112.846928,33.325454],[112.847172,33.325654],[112.848068,33.324966],[112.848296,33.324742],[112.848513,33.32512],[112.848773,33.325015],[112.848931,33.325208],[112.849087,33.325322],[112.849495,33.325235],[112.849795,33.325259],[112.850396,33.325085],[112.851155,33.325006],[112.851412,33.325183],[112.851707,33.325497],[112.851981,33.325614],[112.852303,33.32601],[112.85266,33.325726],[112.853419,33.32463],[112.85377,33.32402],[112.854084,33.323549],[112.854183,33.323314],[112.854502,33.32294],[112.854569,33.322635],[112.854693,33.320963],[112.854942,33.320158],[112.855057,33.319934],[112.8551,33.319914],[112.854888,33.319228],[112.854207,33.318314],[112.853488,33.317119],[112.853268,33.316418],[112.854234,33.316252],[112.855098,33.315985],[112.855615,33.315873],[112.857643,33.315501],[112.857597,33.315142],[112.858035,33.315142],[112.858174,33.315523],[112.85823,33.315795],[112.858488,33.315505],[112.858684,33.315382],[112.859368,33.315171],[112.859636,33.315017],[112.859719,33.314878],[112.859679,33.314703],[112.859741,33.31427],[112.859842,33.313927],[112.859888,33.313533],[112.859867,33.313188],[112.859767,33.312876],[112.859722,33.312605],[112.859748,33.312347],[112.859845,33.311861],[112.859985,33.311686],[112.860242,33.31156],[112.859019,33.310215],[112.857498,33.308667],[112.856924,33.308173],[112.856471,33.307723],[112.855827,33.307218],[112.855607,33.306999],[112.855908,33.306961],[112.855752,33.30664],[112.855307,33.30519],[112.855135,33.304784],[112.854977,33.304147],[112.855044,33.303298],[112.855135,33.302932],[112.855205,33.302278],[112.85531,33.300789],[112.855336,33.300316],[112.855248,33.300027],[112.855135,33.29974],[112.854843,33.299272],[112.854432,33.298722],[112.85399,33.297117],[112.85385,33.296698],[112.853577,33.296084],[112.853268,33.295162],[112.852583,33.293969],[112.852134,33.292833],[112.851648,33.292012],[112.850903,33.290293],[112.849889,33.288402],[112.849398,33.287723],[112.848279,33.287176],[112.848108,33.286988],[112.847783,33.286983],[112.847048,33.286817],[112.84634,33.286559],[112.846198,33.286385],[112.845729,33.285994],[112.845463,33.28586],[112.84494,33.285761],[112.844752,33.285627],[112.843934,33.285207],[112.843634,33.285151],[112.843339,33.284882],[112.843755,33.284526],[112.844216,33.284344],[112.845088,33.284221],[112.845565,33.284091],[112.845898,33.284109],[112.846498,33.284073],[112.846831,33.284129],[112.847177,33.284266],[112.847727,33.284591],[112.847913,33.284799],[112.848086,33.285006],[112.848288,33.28534],[112.848593,33.2861],[112.848735,33.286248],[112.848904,33.286503],[112.849291,33.286279],[112.84943,33.286241],[112.850095,33.286207],[112.850302,33.286277],[112.850664,33.28632],[112.852606,33.286855],[112.853633,33.286972],[112.854741,33.287021],[112.855106,33.286945],[112.857447,33.285851],[112.858464,33.285528],[112.859864,33.284968],[112.860422,33.284788],[112.861229,33.284701],[112.861452,33.284703],[112.862087,33.284497],[112.863616,33.283819],[112.864968,33.283272],[112.865671,33.282853],[112.866583,33.28221],[112.86787,33.281472],[112.868533,33.281129],[112.869013,33.280826],[112.869777,33.28068],[112.870292,33.280055],[112.870485,33.279887],[112.871027,33.27955],[112.871612,33.279104],[112.871778,33.278869],[112.872438,33.278328],[112.872489,33.278232],[112.872516,33.277918],[112.872401,33.277489],[112.872414,33.277362],[112.872934,33.276783],[112.873543,33.276355],[112.873597,33.276086],[112.873731,33.275893],[112.873943,33.275727],[112.874066,33.275534],[112.874045,33.275301],[112.873943,33.275012],[112.874115,33.274899],[112.874562,33.274727],[112.874796,33.274516],[112.875676,33.273536],[112.876003,33.273092],[112.876236,33.272863],[112.876963,33.272345],[112.877285,33.272013],[112.877762,33.271657],[112.878245,33.271433],[112.878811,33.27122],[112.880227,33.27076],[112.880646,33.270583],[112.880707,33.269506],[112.880954,33.267719],[112.881289,33.267701],[112.881531,33.26758],[112.881407,33.266905],[112.881174,33.266846],[112.880656,33.26688],[112.880447,33.26686],[112.880458,33.266062],[112.880386,33.265393],[112.879951,33.265519],[112.880082,33.264088],[112.880847,33.264135],[112.881289,33.264411],[112.881748,33.264624],[112.882239,33.264606],[112.882311,33.264664],[112.882791,33.262706],[112.883473,33.262175],[112.883443,33.260116],[112.883655,33.260102],[112.8835,33.259676],[112.883199,33.257247],[112.883331,33.256781],[112.883368,33.256225],[112.883355,33.25587],[112.883269,33.255688],[112.883196,33.255208],[112.883054,33.254881],[112.882955,33.25474],[112.882829,33.254657],[112.882464,33.253867],[112.882142,33.253342],[112.881104,33.253356],[112.88034,33.253481],[112.879704,33.250945],[112.878897,33.251007],[112.876794,33.251351],[112.876303,33.25138],[112.876351,33.251927],[112.876421,33.252219],[112.876598,33.253466],[112.876767,33.254094],[112.876132,33.253919],[112.874632,33.253632],[112.874729,33.254307],[112.873535,33.254439],[112.873806,33.255567],[112.872545,33.255736],[112.87268,33.256592],[112.871505,33.256747],[112.871336,33.256754],[112.871245,33.256702],[112.871247,33.256557],[112.871387,33.255798],[112.871336,33.255646],[112.871159,33.255435],[112.870716,33.255173],[112.870105,33.254659],[112.869981,33.254769],[112.870019,33.254827],[112.870067,33.255314],[112.870091,33.256092],[112.86853,33.256388],[112.868619,33.256743],[112.866985,33.256927],[112.867031,33.257241],[112.864665,33.257566],[112.864805,33.257335],[112.865075,33.25703],[112.86551,33.256673],[112.86599,33.256339],[112.866274,33.25607],[112.866655,33.255639],[112.866572,33.255258],[112.866202,33.254908],[112.865446,33.253212],[112.864695,33.253322],[112.864096,33.25238],[112.863952,33.252039],[112.863708,33.25175],[112.863555,33.251303],[112.863544,33.250976],[112.863469,33.250915],[112.863281,33.250853],[112.862911,33.250763],[112.862573,33.250738],[112.862385,33.250642],[112.862366,33.250579],[112.862393,33.250512],[112.862498,33.2505],[112.862503,33.250471],[112.862442,33.249762],[112.862498,33.249128],[112.862525,33.249],[112.862686,33.248975],[112.862688,33.248912],[112.862396,33.247504],[112.861664,33.247562],[112.861162,33.247809],[112.861041,33.246833],[112.860891,33.246454],[112.860787,33.246337],[112.860671,33.24627],[112.860602,33.246151],[112.860489,33.245814],[112.861978,33.245579],[112.862401,33.245485],[112.862431,33.245821],[112.862525,33.245853],[112.86319,33.245837],[112.863104,33.245691],[112.863069,33.245397],[112.862927,33.245209],[112.86275,33.245157],[112.862471,33.244989],[112.862613,33.244733],[112.862436,33.244056],[112.862069,33.243816],[112.86202,33.243356],[112.861682,33.24323],[112.861594,33.242761],[112.85988,33.24236],[112.859899,33.242236],[112.859829,33.242203],[112.859529,33.241884],[112.859459,33.241759],[112.859416,33.241431],[112.859325,33.24131],[112.858762,33.241023],[112.858684,33.240904],[112.858681,33.240532],[112.857316,33.240327],[112.857166,33.240249],[112.857378,33.240063],[112.857536,33.239823],[112.857624,33.239592],[112.857646,33.239004],[112.857608,33.238658],[112.857549,33.238513],[112.857766,33.238454],[112.858391,33.238091],[112.858437,33.237947]]]}},{"type":"Feature","properties":{"regionCode":"411322400","sourceCode":"411322400000","name":"河南中南机械厂","sourceName":"河南中南机械厂","parentCode":"411322","parentName":"方城县","regionLevel":"township","regionType":"factory","isManagementZone":false,"source":"ruiduobao","sourceVersion":"mixed-legacy~2018-2020","geometryRepaired":false,"match2020":false,"match2023":false},"geometry":{"type":"Polygon","coordinates":[[[112.72188,33.337448],[112.722293,33.337179],[112.721717,33.337117],[112.720569,33.336417],[112.72051,33.336261],[112.720657,33.336052],[112.720483,33.33596],[112.720574,33.335768],[112.720035,33.335358],[112.719177,33.335369],[112.719077,33.33555],[112.718697,33.335461],[112.718721,33.335351],[112.71809,33.334923],[112.717058,33.3348],[112.717093,33.334578],[112.716543,33.334544],[112.71411,33.335344],[112.713751,33.335364],[112.712509,33.3351],[112.71175,33.336285],[112.711903,33.337605],[112.71378,33.338961],[112.713689,33.339378],[112.714164,33.339669],[112.713549,33.340173],[112.714386,33.341302],[112.7144,33.34206],[112.714614,33.34245],[112.714582,33.342642],[112.714413,33.342772],[112.714432,33.343651],[112.715513,33.343635],[112.7169,33.343476],[112.717828,33.343203],[112.716865,33.341457],[112.717146,33.34039],[112.717803,33.340097],[112.717908,33.339588],[112.718984,33.338497],[112.72188,33.337448]]]}},{"type":"Feature","properties":{"regionCode":"411322401","sourceCode":"411322401000","name":"方城大寺林场","sourceName":"方城大寺林场","parentCode":"411322","parentName":"方城县","regionLevel":"township","regionType":"forestFarm","isManagementZone":false,"source":"ruiduobao","sourceVersion":"mixed-legacy~2018-2020","geometryRepaired":false,"match2020":true,"match2023":true},"geometry":{"type":"Polygon","coordinates":[[[113.200121,33.088407],[113.199281,33.087267],[113.198884,33.087265],[113.198447,33.087002],[113.197702,33.086888],[113.196894,33.086858],[113.196334,33.087063],[113.19613,33.087494],[113.195805,33.087957],[113.195398,33.088225],[113.195041,33.088407],[113.191962,33.089418],[113.191144,33.089737],[113.190017,33.090258],[113.189322,33.090445],[113.189006,33.090636],[113.189076,33.091951],[113.189231,33.092973],[113.189223,33.093712],[113.189392,33.094211],[113.189958,33.096227],[113.190342,33.09709],[113.191924,33.09979],[113.192568,33.100296],[113.192903,33.100725],[113.193056,33.101157],[113.192756,33.101599],[113.189894,33.102999],[113.187933,33.104318],[113.187708,33.104583],[113.187541,33.105174],[113.187474,33.107657],[113.187319,33.108706],[113.187332,33.109315],[113.187826,33.113552],[113.188072,33.11516],[113.18829,33.117573],[113.18822,33.117944],[113.187726,33.118867],[113.186675,33.121412],[113.185613,33.124501],[113.184213,33.126462],[113.183805,33.126689],[113.182011,33.127437],[113.181297,33.127799],[113.180967,33.128088],[113.18016,33.128928],[113.179511,33.129899],[113.179066,33.130692],[113.179025,33.131193],[113.179961,33.132439],[113.180857,33.134144],[113.182333,33.136219],[113.182756,33.13608],[113.181962,33.13482],[113.181691,33.134324],[113.18105,33.132484],[113.180865,33.131291],[113.182327,33.130786],[113.183094,33.130379],[113.183877,33.129627],[113.184524,33.128807],[113.184591,33.129178],[113.184862,33.129674],[113.185669,33.130901],[113.186418,33.131889],[113.186774,33.132646],[113.186978,33.1336],[113.187069,33.135146],[113.186981,33.136801],[113.186648,33.138048],[113.185991,33.139714],[113.185495,33.140594],[113.184696,33.14174],[113.184095,33.14249],[113.18318,33.143377],[113.18182,33.144976],[113.181128,33.145347],[113.180782,33.145362],[113.180262,33.145585],[113.179623,33.146011],[113.179296,33.146364],[113.179001,33.147022],[113.178478,33.147817],[113.177998,33.148183],[113.177765,33.148616],[113.177303,33.149295],[113.177145,33.149614],[113.176933,33.149917],[113.176676,33.150191],[113.176059,33.150707],[113.175686,33.150988],[113.175351,33.151089],[113.174796,33.151013],[113.174385,33.151053],[113.173162,33.151799],[113.172379,33.152001],[113.170949,33.152205],[113.170507,33.152335],[113.169965,33.152378],[113.169085,33.152183],[113.168358,33.152353],[113.16644,33.152638],[113.165802,33.152596],[113.165475,33.152259],[113.165073,33.152376],[113.164552,33.152959],[113.164201,33.153231],[113.163882,33.153334],[113.162739,33.153379],[113.162119,33.153144],[113.161835,33.153087],[113.161511,33.153076],[113.161057,33.153189],[113.160674,33.153348],[113.16032,33.153265],[113.160591,33.152975],[113.160086,33.152865],[113.159654,33.153038],[113.159636,33.152746],[113.159899,33.152506],[113.160153,33.15234],[113.160403,33.152066],[113.160067,33.152048],[113.158112,33.152939],[113.157828,33.15304],[113.157493,33.153247],[113.157431,33.152924],[113.158233,33.152281],[113.158453,33.152061],[113.158721,33.1517],[113.159107,33.15137],[113.158796,33.151322],[113.158198,33.151709],[113.157879,33.151693],[113.157514,33.151444],[113.156953,33.151511],[113.156519,33.151507],[113.156224,33.151538],[113.155465,33.151751],[113.155795,33.151309],[113.156106,33.151102],[113.156334,33.150833],[113.155958,33.150853],[113.15528,33.151091],[113.154961,33.151237],[113.154628,33.151278],[113.154285,33.151199],[113.154008,33.150999],[113.153732,33.150723],[113.152378,33.150236],[113.152093,33.149863],[113.151718,33.149218],[113.151358,33.148897],[113.151071,33.149052],[113.150672,33.150143],[113.150594,33.150516],[113.150589,33.150916],[113.150302,33.151471],[113.150023,33.151693],[113.149808,33.151965],[113.149639,33.152302],[113.149336,33.152656],[113.148545,33.153121],[113.147448,33.153698],[113.146007,33.154583],[113.145664,33.15454],[113.13972,33.152481],[113.139315,33.152369],[113.137749,33.151147],[113.137097,33.152003],[113.136027,33.152989],[113.135713,33.153166],[113.135327,33.153449],[113.13446,33.154287],[113.134318,33.154477],[113.134254,33.154724],[113.13438,33.155672],[113.134283,33.156505],[113.134318,33.157733],[113.1343,33.157931],[113.134251,33.158021],[113.134128,33.158108],[113.13365,33.158353],[113.13309,33.158775],[113.133025,33.158849],[113.132975,33.159036],[113.133304,33.159505],[113.133613,33.16012],[113.133618,33.160206],[113.133583,33.16026],[113.132398,33.160825],[113.131226,33.160926],[113.131054,33.16101],[113.130909,33.161142],[113.130783,33.161322],[113.130571,33.161773],[113.130459,33.161937],[113.130209,33.162099],[113.129737,33.162368],[113.129472,33.162465],[113.129034,33.162763],[113.128337,33.162947],[113.128104,33.162976],[113.127894,33.163048],[113.127717,33.163165],[113.127481,33.163509],[113.127414,33.16367],[113.127385,33.163958],[113.127245,33.164182],[113.127039,33.164696],[113.126894,33.164941],[113.126234,33.16557],[113.126022,33.166082],[113.125824,33.166416],[113.125547,33.166724],[113.123029,33.167274],[113.122935,33.167317],[113.121682,33.168457],[113.12128,33.16872],[113.121006,33.168832],[113.119743,33.169113],[113.119102,33.169106],[113.118665,33.16905],[113.11845,33.169068],[113.118244,33.169144],[113.118831,33.169654],[113.119124,33.17002],[113.119231,33.170101],[113.119494,33.170202],[113.117817,33.170848],[113.11745,33.171275],[113.116683,33.172532],[113.116913,33.17323],[113.116913,33.173318],[113.116828,33.173448],[113.116876,33.173657],[113.116852,33.17374],[113.116683,33.173756],[113.116423,33.173659],[113.116229,33.173545],[113.116213,33.173731],[113.116157,33.17387],[113.116066,33.173989],[113.116069,33.174521],[113.116146,33.175343],[113.116286,33.17583],[113.116581,33.176609],[113.11661,33.17678],[113.116321,33.177462],[113.115932,33.177945],[113.115765,33.178212],[113.11638,33.179013],[113.116503,33.17926],[113.116586,33.179536],[113.116954,33.180441],[113.11709,33.180639],[113.117326,33.181101],[113.118016,33.183256],[113.117919,33.18346],[113.117914,33.183586],[113.117962,33.183775],[113.118166,33.18419],[113.118297,33.184318],[113.119201,33.184774],[113.120414,33.185638],[113.120977,33.186078],[113.121202,33.186217],[113.121551,33.186343],[113.122047,33.18661],[113.12238,33.187016],[113.12201,33.1874],[113.121382,33.187892],[113.121256,33.188087],[113.121251,33.188154],[113.121304,33.188327],[113.121664,33.188789],[113.121835,33.189225],[113.121862,33.18942],[113.121846,33.189898],[113.121873,33.190035],[113.122168,33.190475],[113.122264,33.190767],[113.122417,33.191086],[113.122914,33.191054],[113.123276,33.191077],[113.123614,33.191149],[113.123828,33.191229],[113.123946,33.191346],[113.124027,33.191593],[113.124196,33.191878],[113.12437,33.192015],[113.124579,33.192096],[113.126234,33.192518],[113.12662,33.192949],[113.127066,33.19278],[113.128114,33.192592],[113.129965,33.192064],[113.130225,33.192024],[113.130475,33.192035],[113.130869,33.192161],[113.131395,33.192405],[113.131722,33.192515],[113.132191,33.192587],[113.132376,33.192551],[113.132803,33.192367],[113.133141,33.192293],[113.133535,33.192242],[113.134785,33.19219],[113.135705,33.191932],[113.136072,33.191874],[113.13696,33.191638],[113.137424,33.191532],[113.137636,33.191532],[113.137502,33.191337],[113.137207,33.191072],[113.136687,33.19045],[113.136547,33.190372],[113.136105,33.19037],[113.136021,33.190325],[113.135901,33.190152],[113.135694,33.189597],[113.135531,33.189301],[113.135284,33.189],[113.135075,33.188839],[113.134755,33.18867],[113.134458,33.188603],[113.134122,33.188601],[113.133398,33.188199],[113.132889,33.187981],[113.132564,33.18793],[113.132119,33.187966],[113.131918,33.18806],[113.131518,33.188367],[113.131161,33.188498],[113.130992,33.188502],[113.130424,33.188419],[113.130145,33.188475],[113.129852,33.188475],[113.129807,33.188457],[113.129777,33.188394],[113.129702,33.187961],[113.12986,33.187835],[113.13026,33.187719],[113.130421,33.187638],[113.130842,33.187714],[113.13151,33.187649],[113.131617,33.18758],[113.132057,33.187104],[113.133181,33.187171],[113.133369,33.187272],[113.133492,33.187476],[113.133774,33.187629],[113.133975,33.187672],[113.134329,33.187813],[113.134796,33.187813],[113.134986,33.187883],[113.135139,33.187966],[113.135335,33.188141],[113.135603,33.188468],[113.13571,33.188513],[113.135944,33.188356],[113.136043,33.188233],[113.136118,33.188053],[113.136217,33.187391],[113.136268,33.187225],[113.136408,33.186994],[113.137089,33.186605],[113.138165,33.185921],[113.138468,33.185723],[113.13868,33.18553],[113.138731,33.18555],[113.138975,33.185833],[113.139114,33.185939],[113.139213,33.185966],[113.139305,33.185936],[113.139401,33.185842],[113.139608,33.185467],[113.140115,33.184798],[113.140584,33.184318],[113.141195,33.18386],[113.14262,33.183074],[113.142762,33.182955],[113.142966,33.182556],[113.143086,33.181914],[113.143371,33.182248],[113.14354,33.182527],[113.143701,33.182697],[113.143934,33.182886],[113.144124,33.182993],[113.14431,33.183086],[113.144599,33.183146],[113.144806,33.183097],[113.145997,33.182533],[113.14686,33.182392],[113.14722,33.182459],[113.147306,33.182446],[113.147614,33.182309],[113.148126,33.182006],[113.148274,33.181815],[113.148338,33.181581],[113.148488,33.18142],[113.148834,33.18135],[113.149416,33.181139],[113.149475,33.181067],[113.149776,33.180354],[113.150141,33.17968],[113.150551,33.178807],[113.150865,33.178044],[113.150986,33.177806],[113.151275,33.177372],[113.153091,33.176416],[113.154556,33.175381],[113.155033,33.17493],[113.155636,33.174521],[113.156146,33.174054],[113.15624,33.174012],[113.156691,33.173937],[113.157171,33.173693],[113.157769,33.173453],[113.157876,33.173464],[113.158061,33.173585],[113.158359,33.173717],[113.158751,33.173711],[113.159523,33.173502],[113.160108,33.173257],[113.160623,33.17317],[113.16073,33.173172],[113.16103,33.173257],[113.161191,33.173262],[113.161647,33.173199],[113.162079,33.173089],[113.162299,33.172914],[113.162935,33.17207],[113.163176,33.171834],[113.163442,33.171677],[113.164963,33.171014],[113.165727,33.17063],[113.166998,33.170159],[113.168125,33.170193],[113.168879,33.170172],[113.170448,33.170229],[113.171912,33.170103],[113.173548,33.170013],[113.173835,33.169979],[113.174184,33.169883],[113.174415,33.169757],[113.174798,33.169402],[113.175643,33.168816],[113.176772,33.168123],[113.177475,33.167653],[113.1785,33.167056],[113.17917,33.166825],[113.17994,33.166724],[113.180616,33.166389],[113.1817,33.16596],[113.182595,33.165707],[113.183977,33.165388],[113.184132,33.165287],[113.184272,33.165098],[113.184867,33.164137],[113.185425,33.163632],[113.186192,33.163001],[113.186603,33.162736],[113.186871,33.162467],[113.18716,33.162233],[113.187584,33.161955],[113.187952,33.161611],[113.18829,33.16142],[113.188483,33.161234],[113.188735,33.161066],[113.189226,33.160787],[113.189601,33.160653],[113.189714,33.160576],[113.189813,33.160352],[113.189861,33.159983],[113.189762,33.159492],[113.189639,33.159359],[113.189159,33.159141],[113.189121,33.159092],[113.189121,33.159025],[113.18932,33.158625],[113.189301,33.158537],[113.18907,33.158295],[113.189059,33.158185],[113.189137,33.15798],[113.189116,33.157839],[113.188936,33.157509],[113.188507,33.157116],[113.188394,33.15693],[113.188351,33.156566],[113.188386,33.156364],[113.188507,33.156222],[113.188735,33.156072],[113.189537,33.155933],[113.18969,33.155847],[113.189773,33.155739],[113.189902,33.155704],[113.190639,33.155652],[113.190865,33.15569],[113.190975,33.155474],[113.19102,33.155286],[113.191023,33.15507],[113.190752,33.154644],[113.190693,33.154408],[113.190701,33.154087],[113.190621,33.153927],[113.190588,33.153768],[113.190398,33.152288],[113.190682,33.151352],[113.190798,33.150759],[113.190993,33.150343],[113.191406,33.149914],[113.191916,33.149229],[113.192305,33.148778],[113.192415,33.148695],[113.19253,33.148679],[113.193185,33.148801],[113.193598,33.148839],[113.193965,33.14881],[113.194743,33.148641],[113.194958,33.148392],[113.195939,33.146867],[113.196763,33.145919],[113.197283,33.14523],[113.197793,33.14448],[113.198705,33.143346],[113.198839,33.143258],[113.199458,33.143099],[113.19963,33.143],[113.201132,33.141895],[113.20162,33.14145],[113.203313,33.139492],[113.203149,33.139231],[113.202833,33.138858],[113.202213,33.138263],[113.202106,33.138063],[113.20162,33.137455],[113.200912,33.136424],[113.200665,33.136129],[113.199904,33.135402],[113.199142,33.134753],[113.198107,33.134005],[113.19768,33.133789],[113.196387,33.133014],[113.195977,33.13365],[113.195929,33.132918],[113.195832,33.132614],[113.195449,33.131974],[113.19521,33.131761],[113.194944,33.131444],[113.194145,33.130867],[113.193222,33.129771],[113.193072,33.130027],[113.192656,33.131101],[113.192388,33.131586],[113.192259,33.131887],[113.192139,33.131983],[113.191224,33.132284],[113.190985,33.132253],[113.189789,33.132219],[113.188888,33.132042],[113.188802,33.132053],[113.188553,33.131844],[113.18807,33.131574],[113.187734,33.131267],[113.187638,33.131132],[113.18715,33.130739],[113.187093,33.130649],[113.187128,33.129926],[113.187174,33.1298],[113.18726,33.129081],[113.1873,33.128978],[113.187284,33.128446],[113.187241,33.128326],[113.187203,33.128008],[113.187622,33.127372],[113.188102,33.126828],[113.188295,33.126682],[113.188735,33.126565],[113.188984,33.126433],[113.189381,33.126062],[113.189931,33.125777],[113.19013,33.125656],[113.190229,33.125548],[113.19061,33.125355],[113.190808,33.1252],[113.191066,33.125056],[113.191503,33.124681],[113.191044,33.12436],[113.191535,33.123944],[113.191964,33.123528],[113.192726,33.122935],[113.192978,33.122677],[113.193069,33.122475],[113.193061,33.122313],[113.193005,33.122122],[113.192874,33.122014],[113.192149,33.121136],[113.192576,33.121107],[113.192745,33.121053],[113.192782,33.120979],[113.192774,33.120911],[113.19238,33.120637],[113.192337,33.120525],[113.192375,33.120419],[113.192849,33.119898],[113.193249,33.11971],[113.193292,33.119642],[113.193139,33.119561],[113.192699,33.119539],[113.192399,33.119451],[113.192138,33.119278],[113.191935,33.118831],[113.191846,33.118447],[113.191836,33.117991],[113.191795,33.117787],[113.191423,33.116697],[113.191329,33.116479],[113.191039,33.116014],[113.19084,33.115576],[113.191656,33.115643],[113.191755,33.115181],[113.192015,33.114844],[113.192353,33.114522],[113.192748,33.11423],[113.192946,33.114158],[113.193075,33.114491],[113.193322,33.114857],[113.193718,33.115194],[113.193909,33.115419],[113.194499,33.115749],[113.195022,33.11563],[113.195457,33.11559],[113.19565,33.115324],[113.195982,33.114976],[113.196328,33.114947],[113.1969,33.114457],[113.197272,33.114035],[113.198251,33.112155],[113.198463,33.111525],[113.198758,33.11044],[113.198871,33.110231],[113.199228,33.109912],[113.199601,33.109148],[113.199799,33.108551],[113.198549,33.107888],[113.199021,33.10765],[113.200059,33.108221],[113.200639,33.107751],[113.200904,33.107407],[113.201054,33.107064],[113.201542,33.106513],[113.201711,33.105835],[113.202184,33.105271],[113.202508,33.105163],[113.203407,33.104774],[113.203881,33.104264],[113.204093,33.103747],[113.204777,33.10088],[113.204874,33.099835],[113.204404,33.100004],[113.203777,33.099568],[113.203415,33.09911],[113.203372,33.098901],[113.203286,33.098827],[113.203055,33.098492],[113.202806,33.098341],[113.202184,33.097427],[113.20165,33.096319],[113.201639,33.095998],[113.201703,33.095184],[113.201593,33.09458],[113.201449,33.094319],[113.201065,33.093121],[113.200716,33.092564],[113.20066,33.092292],[113.200738,33.091762],[113.200966,33.090802],[113.200936,33.0906],[113.200808,33.090063],[113.200609,33.08942],[113.200121,33.088407]]]}}]}